Puzzle,Size_KiB,K_Hashes,Mode,Set_Ratio,Set_Limit,Set_Size,Loop_Count,Final_Inserted,Termination,Inserted
2,1,1,with_set,0.01,1,1,201,47,loop_limit,[638,353,279,210,192,203,199,158,197,154,142,129,128,109,127,87,121,95,100,90,91,72,74,64,76,83,92,66,61,54,68,76,76,77,98,77,81,62,66,69,54,43,59,49,64,52,51,60,59,66,64,66,64,66,46,35,42,40,47,51,46,42,55,39,52,55,71,60,53,58,56,43,62,53,46,52,51,44,40,39,49,54,59,48,42,46,59,41,55,49,55,43,71,56,52,44,56,37,38,34,47,39,50,48,68,62,54,44,51,54,57,54,46,37,39,44,45,48,50,50,59,55,61,64,81,62,61,49,52,49,56,61,65,52,72,60,75,59,56,56,61,55,55,51,49,41,43,36,42,49,41,49,47,34,33,38,38,38,36,35,30,28,28,19,30,19,37,27,28,29,37,28,51,54,67,60,55,52,47,36,47,43,39,39,39,46,51,45,45,45,37,49,45,44,42,43,44,43,37,42,47,]
2,1,1,with_set,0.05,5,5,201,64,loop_limit,[638,349,284,207,174,149,144,118,147,118,118,101,104,101,97,88,100,95,85,66,74,60,71,73,76,61,60,57,60,58,60,66,69,71,87,94,97,88,110,92,95,108,89,81,71,72,70,58,55,57,68,57,63,72,70,65,68,42,69,63,64,50,49,42,71,54,64,52,52,47,54,59,66,78,71,48,48,42,45,50,59,48,55,46,68,64,68,68,72,76,86,83,81,62,72,63,80,67,50,39,32,30,39,39,49,50,67,50,71,65,89,61,61,55,70,46,67,62,56,57,57,63,66,50,55,48,57,53,54,65,81,64,77,70,66,59,53,50,59,83,70,65,82,76,82,67,78,57,63,59,53,56,59,43,48,52,65,65,57,59,59,62,60,50,76,47,66,61,77,65,63,72,79,76,63,53,68,62,77,69,85,58,75,58,61,47,46,33,61,55,58,61,68,60,58,60,66,79,84,59,64,]
2,1,1,with_set,0.1,11,11,201,51,loop_limit,[638,343,283,216,184,144,144,115,114,88,84,64,79,72,73,68,78,84,81,62,88,78,95,86,92,71,70,55,63,64,63,61,65,73,73,61,67,60,64,57,73,83,67,52,89,89,83,70,68,69,78,62,61,54,69,57,77,79,86,71,69,86,77,65,80,80,74,80,72,69,62,64,53,65,78,76,78,88,100,98,99,74,64,64,68,66,68,76,65,48,70,69,76,62,61,61,57,63,68,63,60,62,63,57,58,56,77,62,58,48,57,61,66,77,87,80,93,86,84,71,77,73,65,58,57,50,55,54,68,72,68,55,79,61,62,49,55,47,53,33,43,54,58,65,72,67,70,77,80,62,65,56,50,48,46,34,39,42,47,48,52,63,65,59,63,57,67,60,60,60,44,48,59,50,54,52,48,50,48,40,58,50,62,60,66,57,61,64,73,64,62,52,48,37,63,37,63,58,74,52,51,]
2,1,2,with_set,0.01,1,1,201,48,loop_limit,[638,358,312,212,195,149,152,126,129,108,103,68,91,81,101,82,88,87,102,86,83,70,81,101,100,95,85,84,92,95,103,86,86,83,95,70,65,55,45,48,56,50,53,42,49,43,60,56,59,53,61,48,61,50,51,52,63,48,60,44,50,39,53,49,49,51,56,59,69,52,78,77,63,51,61,63,73,56,73,45,51,43,53,50,50,53,71,64,57,57,53,46,53,37,32,27,31,28,25,30,44,34,45,46,42,32,45,44,60,49,48,55,52,67,58,53,68,73,64,52,44,43,28,47,61,56,53,62,57,42,44,52,50,49,40,32,37,41,52,50,56,58,54,48,60,51,56,46,65,58,65,70,61,54,63,70,77,64,68,48,51,43,56,55,53,46,51,37,49,49,46,42,38,21,28,27,47,31,43,42,53,42,63,41,47,49,62,66,67,61,72,64,61,38,45,44,62,54,62,49,48,]
2,1,2,with_set,0.05,5,5,201,33,loop_limit,[638,361,303,231,238,169,152,150,132,128,125,106,122,85,112,92,115,92,111,78,79,52,56,59,70,65,67,73,71,88,85,86,100,85,105,98,131,107,81,88,81,78,74,67,85,77,82,84,83,62,57,50,70,66,69,53,55,51,62,51,42,36,29,30,24,32,31,32,46,46,33,61,57,63,75,74,68,75,68,65,55,48,50,48,59,51,61,65,66,80,75,93,75,70,78,73,69,69,73,57,63,45,42,45,57,49,63,74,56,46,51,57,68,66,81,78,81,66,79,79,75,68,65,62,76,74,81,93,81,69,77,51,43,44,55,34,49,54,44,27,37,35,39,35,39,31,44,31,37,29,43,47,52,31,44,45,50,48,48,49,65,63,55,57,54,55,54,57,67,53,71,67,77,68,83,89,73,51,69,66,84,63,68,60,65,49,67,66,74,58,59,63,78,55,56,41,42,42,47,38,33,]
2,1,2,with_set,0.1,11,11,201,66,loop_limit,[638,345,286,215,189,144,134,99,113,93,107,95,110,93,90,63,68,79,87,76,80,77,74,46,40,40,55,53,58,61,81,74,88,78,85,58,70,58,64,61,78,69,83,74,73,61,71,75,103,102,99,108,117,102,97,75,87,83,85,66,68,65,66,65,62,56,53,75,71,64,71,61,62,58,54,52,63,54,63,54,60,62,67,62,53,51,56,42,61,46,57,33,41,37,48,51,54,37,60,59,65,52,70,51,57,41,42,42,49,46,63,51,55,57,73,45,57,58,48,58,60,50,51,54,55,39,50,52,57,60,59,50,48,52,42,38,46,44,45,46,61,52,62,52,62,49,49,45,44,31,44,36,44,50,53,44,49,52,51,60,92,73,76,91,76,71,75,62,39,34,40,40,34,39,46,56,52,47,45,46,49,46,58,59,55,57,65,73,74,53,73,68,74,43,50,32,43,34,46,44,66,]
2,1,2,with_set,0.25,28,28,201,55,loop_limit,[638,321,258,189,191,145,145,162,161,132,126,109,99,114,103,121,124,122,97,86,95,88,85,85,80,66,65,48,55,47,58,63,65,84,64,66,56,47,57,48,56,44,44,47,56,58,67,67,58,51,45,54,62,54,54,51,67,68,66,62,67,49,69,60,69,66,61,66,80,79,92,93,89,79,85,92,91,75,72,78,80,69,69,66,69,66,71,87,72,79,95,79,84,56,70,47,39,35,50,56,61,59,60,64,75,76,80,71,82,97,74,75,71,87,74,67,60,58,56,49,49,43,49,50,58,74,69,92,80,74,89,62,66,66,74,81,82,69,81,79,83,82,55,46,49,41,46,56,58,59,66,69,68,58,70,75,79,70,68,76,68,68,76,56,55,50,56,47,49,44,51,48,43,50,70,58,64,72,78,59,77,72,93,77,83,87,81,72,64,64,85,69,81,53,53,72,61,49,58,59,55,]
2,1,4,with_set,0.01,1,1,201,84,loop_limit,[638,345,291,213,199,143,154,161,154,111,104,112,104,93,90,82,78,87,113,89,95,92,99,92,109,80,110,94,112,114,119,116,105,104,126,95,143,102,99,120,119,104,106,124,160,127,134,146,132,103,121,119,103,104,81,71,84,79,75,73,75,77,76,63,94,91,82,87,93,94,73,67,64,55,75,54,67,71,77,74,88,100,107,115,117,110,141,95,107,97,119,95,133,138,133,100,99,87,77,74,80,70,68,60,60,59,77,67,83,55,76,54,98,80,73,77,84,100,113,103,84,69,119,93,73,69,96,67,84,88,85,63,96,77,79,62,69,64,67,78,96,75,91,72,73,65,65,84,88,68,83,65,79,74,80,81,80,87,89,75,63,51,61,48,53,49,66,45,52,49,63,63,66,51,70,57,57,50,60,38,62,38,46,36,52,48,57,57,63,55,55,42,65,51,48,43,108,74,82,74,84,]
2,1,4,with_set,0.05,5,5,201,35,loop_limit,[638,321,255,194,175,145,198,136,188,136,162,126,165,152,166,126,179,126,122,113,116,102,108,97,108,99,116,80,75,84,84,71,60,50,76,70,56,57,59,53,57,54,79,67,89,64,66,74,61,62,56,58,73,72,79,85,77,85,81,75,63,63,62,79,97,90,91,81,101,86,87,74,96,81,93,90,94,97,78,77,93,76,80,73,71,77,65,62,69,86,89,79,70,66,87,73,91,67,65,52,54,49,51,34,54,51,49,38,44,43,46,37,41,49,50,42,46,58,59,52,69,51,57,55,54,59,53,58,53,58,56,48,50,61,63,58,82,70,70,62,48,44,51,39,43,40,49,47,59,48,39,32,37,44,54,74,58,74,96,85,81,64,57,75,70,76,79,95,85,78,97,76,81,73,87,64,70,65,60,61,67,61,67,55,49,35,45,35,41,35,33,38,49,48,50,49,49,42,51,48,35,]
2,1,4,with_set,0.1,11,11,201,125,loop_limit,[638,332,279,180,166,128,129,124,114,98,103,102,102,88,89,103,129,139,160,125,160,125,108,112,124,121,121,100,138,113,96,81,101,98,104,120,118,116,127,114,113,115,123,96,80,91,108,78,116,84,97,78,89,105,115,94,144,103,82,64,56,65,61,51,58,47,45,38,54,43,47,42,56,53,59,68,59,58,73,77,63,66,70,67,62,48,59,47,59,60,73,58,72,65,74,46,60,65,77,62,61,58,52,60,50,52,49,34,33,24,21,21,25,34,37,34,35,29,39,42,46,35,43,46,38,33,48,36,39,36,39,38,26,33,37,36,58,56,54,64,62,58,59,65,62,63,71,83,121,75,102,75,75,84,86,60,64,66,64,53,45,44,44,35,53,50,49,43,53,50,68,66,82,85,77,59,72,76,82,102,112,96,87,92,98,94,100,106,111,97,125,87,91,87,92,106,92,106,108,115,125,]
2,1,4,with_set,0.25,28,28,201,52,loop_limit,[638,361,382,235,296,211,178,199,239,270,221,177,171,131,174,148,128,117,113,104,96,94,109,91,93,73,100,82,74,70,66,69,72,81,79,80,101,93,93,109,117,89,100,78,98,87,95,125,115,95,111,103,124,87,105,74,79,68,65,71,82,105,108,95,90,72,61,54,64,45,56,50,56,63,68,63,57,51,49,55,61,48,55,48,55,45,52,49,71,65,92,53,70,50,51,55,62,73,62,61,66,58,47,37,45,42,53,56,50,49,41,36,42,38,42,60,68,71,52,67,69,60,61,64,70,83,65,79,93,75,61,55,62,46,55,53,50,48,56,46,60,46,53,60,61,42,55,55,59,61,69,68,88,68,84,74,80,64,64,49,68,66,77,54,66,60,77,72,93,80,72,77,69,58,62,51,67,54,54,61,54,51,56,50,56,54,66,64,64,88,75,80,93,78,65,72,60,57,64,54,52,]
2,1,8,with_set,0.01,1,1,201,47,loop_limit,[638,321,366,261,236,171,179,150,193,134,125,138,125,135,138,130,121,99,103,83,78,85,85,80,92,94,157,108,139,116,113,102,85,78,83,69,96,94,96,98,92,160,123,131,122,197,173,161,145,215,184,165,135,116,127,96,94,80,76,73,79,76,50,36,48,36,47,39,43,49,51,36,50,36,49,48,49,51,62,55,62,38,35,67,64,66,66,50,54,44,47,30,38,47,51,92,76,60,74,76,64,59,64,74,74,61,59,54,66,56,80,70,97,92,157,110,106,93,72,72,140,97,70,58,73,58,73,57,68,68,52,86,79,55,62,45,57,51,41,38,33,44,50,46,47,49,49,49,55,59,58,59,66,68,65,51,61,43,51,40,42,38,39,34,43,54,60,52,47,50,63,73,70,54,63,59,55,68,63,57,63,66,81,69,71,55,69,64,60,47,42,33,30,50,51,41,50,42,48,52,47,]
2,1,8,with_set,0.05,5,5,201,47,loop_limit,[638,321,255,179,163,129,124,108,119,96,98,88,94,121,162,147,149,125,241,139,190,176,171,133,148,140,139,109,97,92,101,84,82,59,69,62,53,51,59,45,67,68,82,71,82,85,92,74,82,98,102,111,101,67,94,107,84,135,182,133,119,102,88,129,115,88,96,89,71,88,89,77,77,86,101,83,108,103,107,90,83,89,90,101,90,94,100,86,105,86,78,67,95,80,78,60,97,87,69,82,69,83,92,73,110,102,112,79,75,70,62,60,73,60,64,100,108,106,98,92,91,87,104,77,83,105,127,128,113,193,158,117,122,87,115,103,108,115,111,125,104,106,107,102,80,86,80,80,87,94,106,86,115,97,89,72,65,73,74,63,69,62,59,63,77,67,62,86,84,89,94,87,94,84,86,69,85,90,96,103,105,105,110,90,80,80,91,69,120,107,91,70,66,51,52,54,53,41,34,39,47,]
2,1,8,with_set,0.1,11,11,201,89,loop_limit,[638,358,285,213,202,150,166,132,126,111,123,115,121,94,110,87,91,67,86,65,62,54,80,102,97,78,66,52,48,88,96,85,98,91,104,84,132,108,91,73,93,99,100,87,84,79,70,76,106,78,93,62,66,59,61,59,60,58,51,45,57,55,59,49,39,44,50,54,58,65,66,63,64,68,72,79,100,99,107,95,96,82,94,92,87,81,81,71,75,78,72,121,110,156,141,94,99,79,83,94,97,97,101,84,92,137,139,111,97,69,84,77,93,68,71,60,126,84,99,93,102,81,102,94,99,80,80,80,77,74,71,82,174,116,116,117,105,102,84,74,71,53,70,63,75,83,83,82,76,159,134,106,105,100,96,93,103,98,114,83,87,81,77,74,88,94,85,59,63,63,69,64,68,57,69,69,93,89,107,90,86,91,85,85,78,73,84,70,76,75,85,87,123,84,83,82,86,77,82,69,89,]
2,1,16,with_set,0.01,1,1,201,64,loop_limit,[638,351,271,207,200,152,205,461,334,227,187,259,217,176,160,144,139,102,115,103,115,115,106,82,94,95,108,120,118,97,113,81,74,83,97,80,81,54,78,63,75,66,68,65,73,66,54,55,71,89,86,86,84,75,80,77,77,65,99,82,97,91,111,91,94,82,94,121,128,107,108,100,97,91,106,93,122,112,99,94,76,68,73,164,125,118,106,113,90,134,125,120,99,93,104,83,89,93,90,87,84,67,81,56,53,54,53,38,48,123,114,85,100,102,102,210,165,134,142,298,461,299,245,461,368,534,378,313,619,326,279,202,256,183,165,142,366,249,221,171,138,130,148,108,112,99,102,100,103,96,94,83,81,72,194,113,108,91,112,96,87,82,84,71,70,55,59,52,70,59,56,65,70,61,83,69,75,59,65,152,129,87,94,86,102,77,72,63,173,116,100,77,61,52,51,60,63,60,57,51,64,]
2,1,16,with_set,0.1,11,11,201,147,loop_limit,[638,353,285,198,187,147,129,98,121,99,101,99,124,81,77,85,89,67,71,80,110,89,110,286,242,168,155,138,129,91,92,97,92,93,119,119,97,98,372,190,184,143,137,131,127,129,127,129,127,100,116,106,106,86,79,196,148,115,124,104,100,82,83,88,94,74,108,86,93,93,120,112,146,111,80,78,91,91,101,96,103,91,116,110,99,104,91,90,91,74,76,68,68,80,78,88,74,67,62,59,64,63,68,74,86,70,77,68,245,151,132,99,105,205,176,452,328,512,346,246,226,178,186,147,173,124,106,95,117,86,234,184,177,132,166,332,263,340,299,300,254,363,300,217,205,154,154,113,133,118,159,130,125,112,129,136,112,96,94,82,95,86,102,101,97,85,91,91,92,185,179,130,120,92,91,81,87,77,91,73,75,70,64,70,76,88,81,84,100,79,89,90,205,135,114,93,86,73,93,192,147,]
3,1,1,with_set,0.01,1,1,201,5,loop_limit,[231,52,28,8,11,5,5,3,4,2,5,2,2,3,5,4,5,3,3,3,3,3,4,4,6,3,3,2,2,2,3,4,5,3,2,2,2,2,2,3,4,2,4,2,2,3,4,4,4,3,6,4,5,2,2,2,2,2,3,3,5,3,3,4,5,2,4,3,4,2,2,3,2,2,5,3,6,3,6,4,8,4,4,5,5,3,7,6,7,5,3,4,2,2,2,2,3,3,5,4,2,4,5,2,4,4,4,4,2,3,5,4,5,3,5,3,7,3,6,5,7,3,4,4,2,2,2,3,5,5,5,2,5,3,4,3,3,2,5,4,6,4,5,4,2,2,2,2,4,4,5,3,2,2,3,2,2,2,2,2,4,3,3,5,8,4,4,2,4,3,4,4,2,3,5,3,5,3,7,3,3,3,4,2,4,4,2,2,2,3,6,3,5,3,4,4,3,3,3,3,5,]
3,1,2,with_set,0.01,1,1,201,7,loop_limit,[231,52,28,30,13,6,10,8,10,5,7,5,6,4,4,4,5,3,2,2,3,2,4,2,5,2,4,2,2,2,2,2,4,3,3,2,3,2,3,3,2,3,3,3,2,4,6,3,6,3,2,2,2,2,2,3,5,2,4,3,5,2,5,3,3,5,5,4,2,2,5,3,5,2,2,2,5,3,4,4,5,5,7,5,7,3,7,5,4,4,2,4,5,4,5,4,4,4,5,3,5,3,3,4,3,2,2,3,7,7,6,3,3,3,5,5,5,6,7,2,2,3,4,2,4,3,3,4,2,4,6,3,3,2,2,2,2,4,7,4,2,3,3,3,6,2,4,2,2,4,5,2,2,3,4,3,2,2,4,4,2,2,2,3,5,2,2,3,2,2,3,2,5,3,3,4,8,5,10,7,5,4,4,4,2,2,2,4,5,3,3,2,2,2,2,2,4,4,4,5,7,]
6,1,16,with_set,0.05,5,5,201,12,loop_limit,[103,18,17,10,7,6,7,6,12,8,9,7,7,7,12,8,12,6,9,8,9,7,10,8,8,6,8,6,7,8,12,8,8,7,12,7,9,6,7,7,7,6,9,7,9,8,12,6,9,6,9,8,11,7,9,9,9,7,7,6,9,6,7,6,9,7,7,8,12,7,7,6,7,6,7,8,9,7,9,6,12,6,9,6,7,7,9,6,12,8,7,8,9,8,7,6,9,6,7,6,12,8,9,7,12,7,12,8,9,7,12,8,12,8,8,8,12,6,7,8,9,7,7,6,12,7,7,6,9,7,7,7,9,7,12,8,9,7,9,8,9,6,7,7,12,6,12,7,7,8,12,7,7,7,9,7,12,8,9,8,12,6,9,6,9,8,9,7,12,8,9,7,12,8,9,8,9,8,11,8,12,8,9,6,7,6,7,7,9,8,9,8,12,8,11,7,7,6,9,7,12,]
11,1,2,with_set,0.01,1,1,201,6,loop_limit,[295,104,55,50,52,31,23,15,11,10,6,8,7,5,5,4,7,4,5,6,4,5,5,8,6,5,4,5,5,5,5,6,8,7,4,5,6,5,5,5,5,5,4,5,5,7,6,9,8,8,7,5,4,4,6,7,5,6,4,5,5,5,5,7,9,7,5,7,6,5,6,8,6,7,4,4,5,6,6,4,5,8,4,5,7,9,10,9,9,9,9,7,7,9,7,8,6,5,4,5,4,5,5,5,6,4,7,7,6,4,5,6,4,4,4,5,5,6,8,5,7,4,5,6,5,5,6,8,5,5,4,5,5,6,5,6,5,7,5,6,5,5,4,5,5,6,5,5,4,4,4,7,5,8,4,4,5,5,5,6,7,5,4,5,5,4,4,6,6,5,7,5,4,4,4,4,6,4,6,8,6,6,7,7,4,4,4,5,5,5,4,4,7,6,6,5,5,8,5,7,6,]
11,1,4,with_set,0.01,1,1,201,6,loop_limit,[295,129,59,40,33,16,12,10,11,14,12,10,8,8,6,6,6,7,4,5,4,4,4,6,5,6,6,7,8,10,8,5,6,7,6,10,6,7,8,7,6,8,9,7,8,10,10,8,5,6,4,4,4,5,5,5,7,6,6,4,6,6,6,6,7,8,5,8,6,8,6,7,6,6,4,4,5,5,5,7,9,5,6,5,6,7,5,8,5,5,4,7,6,8,5,5,7,9,6,5,6,6,7,8,4,5,4,6,5,5,7,7,4,5,6,7,6,5,4,7,4,4,4,6,6,8,6,11,13,11,13,14,14,11,8,5,5,5,5,6,6,5,6,7,6,7,5,6,6,6,6,5,5,6,6,6,6,7,6,5,6,5,4,8,4,5,4,6,4,7,5,5,6,6,6,6,6,8,6,5,6,9,5,8,6,5,5,5,5,6,7,6,5,5,5,8,6,13,11,9,6,]
21,1,1,with_set,0.01,1,1,201,4,loop_limit,[685,97,118,28,35,16,23,9,16,6,5,5,15,7,4,5,5,3,2,2,2,2,3,4,7,5,4,3,5,5,10,5,4,4,5,4,10,4,4,3,9,7,5,3,2,4,10,6,12,6,4,4,9,4,5,5,9,5,10,5,13,7,12,5,9,2,5,3,4,2,3,3,5,5,6,2,4,4,10,4,5,5,2,2,4,5,13,9,10,6,9,9,13,9,12,8,4,3,4,2,3,5,6,3,7,7,9,4,7,4,3,3,2,4,5,3,13,8,22,8,14,6,15,8,11,4,7,6,6,4,6,4,10,5,8,4,3,5,8,5,6,2,7,4,10,8,8,4,5,3,5,4,4,4,7,2,5,4,6,5,7,9,14,6,10,6,2,2,3,3,2,2,3,2,7,4,7,4,5,4,7,6,11,5,6,5,7,2,7,4,10,4,2,2,3,2,2,3,9,4,4,]
21,1,2,with_set,0.01,1,1,201,7,loop_limit,[685,97,104,26,56,10,15,5,10,5,11,5,8,5,6,3,7,5,6,5,11,8,11,2,2,3,9,3,7,5,11,6,7,3,2,3,7,5,4,4,9,5,8,5,11,5,11,4,10,5,9,5,4,6,9,6,14,7,8,6,9,8,11,7,11,5,7,4,5,3,3,4,3,3,2,4,4,3,2,4,3,4,5,2,2,3,9,6,8,3,9,5,9,8,9,4,3,2,7,3,6,5,5,4,5,6,6,3,3,5,3,4,7,7,14,6,7,4,7,6,8,3,2,2,3,4,7,6,13,2,2,2,3,3,5,5,8,3,5,4,5,5,5,3,4,2,3,4,7,5,6,7,10,7,11,3,2,2,7,4,3,5,11,6,12,6,5,4,7,5,6,3,7,2,2,2,2,3,5,5,6,2,7,5,2,4,9,4,4,3,2,2,2,2,2,4,8,7,16,5,7,]
21,1,8,with_set,0.01,1,1,201,6,loop_limit,[685,92,112,75,89,57,74,21,32,14,23,12,16,5,9,4,4,3,2,4,5,5,12,7,17,9,13,8,13,8,20,8,7,4,10,4,5,4,3,4,3,4,4,2,7,2,2,2,7,6,6,4,10,6,7,4,10,5,8,4,6,3,4,4,10,4,2,2,7,2,3,2,7,5,4,4,7,5,12,11,20,4,3,3,11,7,4,4,5,4,7,6,5,6,7,6,6,3,10,4,6,5,5,7,15,7,10,6,7,5,18,14,25,10,20,10,7,5,5,3,2,3,3,4,5,4,7,5,4,3,9,6,8,4,14,6,11,6,8,6,13,5,7,2,7,2,7,4,3,4,5,3,4,5,13,6,16,6,7,7,4,5,4,3,10,7,12,2,5,4,4,2,2,2,2,4,6,5,4,2,5,3,6,5,9,3,2,2,7,3,9,7,11,8,16,9,9,6,6,5,6,]
24,1,1,with_set,0.01,1,1,201,47,loop_limit,[623,256,222,138,141,104,126,90,90,78,73,54,63,53,67,53,52,46,73,54,63,55,62,47,60,54,59,49,60,38,53,41,50,44,53,47,59,43,52,51,55,56,69,64,84,75,80,67,64,58,54,34,43,32,30,37,50,39,46,29,34,34,29,25,28,25,28,21,27,28,29,31,44,30,35,30,52,55,60,51,63,50,65,47,48,44,63,55,69,64,80,64,53,62,53,48,48,37,53,47,54,49,71,50,61,52,52,59,52,60,63,52,55,61,55,47,53,51,67,57,64,68,72,56,62,51,56,60,67,59,71,69,52,60,70,51,48,59,52,43,68,53,65,48,62,60,69,52,65,48,54,48,51,44,45,39,52,44,50,48,49,44,62,56,74,60,72,63,81,59,59,41,50,38,53,46,63,57,69,50,55,43,62,49,65,47,50,56,73,65,93,87,98,80,97,61,76,57,55,47,47,]
24,1,1,with_set,0.05,5,5,201,80,loop_limit,[623,279,243,157,139,104,100,72,94,71,94,58,63,77,77,55,59,49,71,61,85,71,89,67,84,67,72,65,57,46,54,42,58,47,51,49,54,47,70,50,50,44,56,42,60,50,54,49,58,56,52,52,68,63,62,55,68,72,72,62,71,46,65,50,55,60,55,51,62,45,59,44,59,55,69,51,55,46,50,55,61,51,65,55,70,62,81,65,69,55,60,63,93,64,71,44,61,62,62,49,56,57,73,57,67,50,58,56,64,57,57,44,54,49,49,47,71,64,70,60,65,43,42,49,52,48,49,48,67,56,62,50,54,40,55,41,51,47,48,39,42,40,56,47,49,49,51,49,59,63,81,65,72,66,69,61,54,49,71,51,62,56,56,45,56,42,47,62,65,52,58,45,74,52,86,61,72,58,74,56,75,53,58,52,61,47,44,36,48,44,54,57,67,76,80,73,87,73,72,69,80,]
24,1,1,with_set,0.1,11,11,201,50,loop_limit,[623,243,304,149,159,100,113,93,113,108,114,72,89,69,84,61,70,54,71,61,67,56,60,41,51,61,76,59,58,42,46,41,56,59,58,46,48,36,50,36,44,39,49,32,45,35,45,34,43,39,49,45,55,54,60,67,83,65,83,65,65,65,75,66,89,83,98,93,95,75,80,68,88,81,94,81,109,71,88,65,70,68,69,70,74,52,70,66,60,66,71,65,70,58,74,57,80,54,77,62,84,74,96,91,84,96,107,75,78,79,85,62,68,51,57,51,74,52,73,52,64,54,78,66,70,67,70,58,64,46,68,64,83,82,81,72,79,52,74,58,86,52,61,60,75,58,57,39,49,37,45,51,68,49,67,55,73,60,74,56,74,61,67,58,71,60,80,65,85,59,86,53,71,59,69,81,87,80,83,87,95,68,83,70,78,56,64,51,50,38,53,57,53,48,63,52,75,57,63,55,50,]
24,1,2,with_set,0.01,1,1,201,50,loop_limit,[623,241,222,153,133,137,156,91,98,63,67,60,76,66,77,68,61,59,84,65,60,49,57,41,50,41,39,36,50,30,44,30,40,33,47,42,45,42,50,41,50,37,52,40,44,29,27,32,42,52,61,42,49,45,68,46,65,56,68,55,66,52,48,38,47,42,60,43,57,42,47,41,49,35,42,35,39,45,46,40,43,52,53,53,65,39,46,34,43,31,50,27,34,30,36,27,33,37,44,42,45,23,35,38,47,32,47,39,45,36,50,36,53,51,68,50,48,32,40,45,47,48,60,56,64,53,58,55,57,46,75,60,68,71,70,79,80,68,74,45,69,54,73,67,77,74,72,90,87,64,83,69,78,63,73,68,68,56,68,72,77,84,79,55,64,54,63,70,81,65,78,80,87,69,78,53,65,65,65,44,42,36,52,45,59,37,52,47,61,61,75,58,65,59,61,45,56,43,46,48,50,]
24,1,2,with_set,0.05,5,5,201,64,loop_limit,[623,264,222,128,121,92,103,87,93,77,75,73,87,69,92,69,80,53,66,61,67,67,83,86,82,61,80,63,68,50,53,43,57,38,39,44,47,45,47,61,69,55,70,64,79,61,67,51,71,69,65,64,76,51,59,43,57,47,54,55,60,50,57,57,60,66,70,51,64,51,69,64,77,72,93,77,86,54,82,70,83,72,93,66,82,58,81,62,79,51,55,37,42,42,43,54,61,51,66,44,60,56,77,55,56,63,68,53,65,61,62,63,61,59,58,59,64,54,70,58,65,61,62,47,55,49,68,60,54,56,58,46,58,42,63,49,61,54,62,45,59,44,54,38,41,35,57,51,66,53,63,57,62,61,65,41,63,59,58,49,57,50,61,64,58,56,70,49,60,52,56,69,64,54,69,50,52,59,73,55,63,42,55,36,52,40,53,40,45,47,51,38,47,38,38,27,48,37,57,46,64,]
24,1,2,with_set,0.1,11,11,201,64,loop_limit,[623,249,285,168,153,103,103,80,109,63,80,54,57,40,63,69,76,53,50,55,75,49,62,60,55,67,71,42,64,69,90,64,73,56,65,63,68,48,56,43,40,40,39,38,45,40,43,30,29,28,23,20,29,33,38,37,37,27,37,27,34,37,39,40,55,42,54,48,48,47,65,52,59,56,64,48,46,32,45,47,42,41,47,44,57,53,61,53,58,53,48,35,48,43,44,47,70,71,79,69,86,61,66,45,58,46,65,44,63,43,60,48,53,48,42,35,35,39,44,44,59,42,53,38,49,42,54,48,58,49,48,64,81,54,60,52,63,58,80,70,81,52,64,55,75,63,88,62,66,65,103,67,110,60,69,55,66,51,58,58,72,60,73,54,60,50,62,60,62,49,62,53,65,59,93,64,71,66,81,63,81,64,79,61,60,69,78,72,70,65,68,66,84,71,73,52,76,55,70,51,64,]
24,1,4,with_set,0.01,1,1,201,74,loop_limit,[623,244,209,196,209,123,128,106,109,71,106,75,89,59,56,53,56,57,62,49,54,51,60,44,60,51,69,48,64,69,64,50,58,50,63,50,69,70,75,61,62,40,59,50,76,59,70,57,73,71,87,68,62,61,70,55,65,59,73,55,59,46,57,44,43,45,54,45,48,51,60,53,59,50,56,50,70,60,100,69,84,84,97,69,86,84,100,66,81,67,81,62,103,83,82,59,56,40,49,56,54,42,55,43,51,57,74,59,81,61,81,77,91,90,86,63,74,68,73,68,82,80,75,70,76,64,92,78,93,63,65,63,65,71,84,59,68,51,64,52,79,59,93,66,98,65,67,95,108,74,91,73,78,50,86,85,120,106,109,70,80,96,103,117,113,123,125,94,116,99,119,90,107,76,97,79,91,69,76,61,103,77,71,51,57,50,55,42,48,34,46,48,50,51,60,49,54,50,68,57,74,]
24,1,4,with_set,0.05,5,5,201,66,loop_limit,[623,254,215,140,128,104,116,106,112,74,108,116,116,92,89,69,79,82,83,62,67,70,79,52,60,47,46,40,47,59,74,70,71,70,70,65,67,52,59,47,44,42,48,43,67,59,75,56,65,60,71,51,70,60,80,58,73,60,68,63,66,49,49,51,52,53,71,62,71,60,65,66,65,63,61,66,66,46,74,52,61,45,52,51,57,35,37,39,42,51,52,61,66,42,64,54,61,75,85,71,81,65,71,45,64,50,54,46,53,44,62,54,71,62,76,69,80,65,85,55,60,35,53,39,61,51,67,55,55,47,63,47,66,57,66,51,55,42,57,39,56,44,56,45,67,58,79,60,71,56,55,66,72,64,84,69,82,86,103,71,85,68,83,69,80,61,76,62,76,68,89,73,85,55,71,65,79,71,75,59,77,56,53,31,51,38,46,40,44,47,59,42,41,37,56,51,48,38,34,54,66,]
24,1,4,with_set,0.1,11,11,201,93,loop_limit,[623,244,209,112,156,114,112,77,96,64,101,83,104,112,134,92,96,92,95,83,78,72,70,74,87,72,79,50,66,58,57,63,82,76,105,87,91,105,113,69,69,49,55,49,55,35,55,52,63,53,55,60,62,49,56,56,63,47,52,48,53,32,50,32,38,28,48,35,42,40,73,70,75,55,64,39,42,43,53,48,51,46,55,60,67,60,73,73,77,49,47,46,50,47,56,41,49,44,56,57,60,57,62,56,65,56,72,49,57,54,63,50,63,59,64,50,63,42,44,50,62,57,64,61,67,68,67,63,89,79,117,76,86,74,70,55,65,44,65,65,82,68,84,74,82,73,91,68,87,71,92,81,97,68,82,70,86,74,86,74,92,65,73,53,56,64,75,75,75,64,67,61,63,42,43,42,45,52,56,56,68,77,88,64,73,49,67,69,75,72,76,74,81,60,79,72,102,74,79,80,93,]
24,1,8,with_set,0.01,1,1,201,55,loop_limit,[623,254,218,206,215,206,190,125,133,87,106,92,103,78,99,76,99,73,83,58,76,58,63,70,72,75,74,57,74,48,65,46,52,50,60,46,45,35,38,46,54,53,83,58,68,47,61,69,79,72,73,59,70,48,58,42,66,46,36,34,33,31,41,40,46,48,57,48,60,51,59,63,71,56,62,61,80,54,64,47,68,63,80,72,79,57,62,53,62,46,65,52,69,57,71,39,54,35,51,45,61,45,53,49,54,48,63,51,56,48,52,56,52,48,63,63,79,79,69,68,75,75,84,81,86,78,86,69,82,79,81,62,74,53,66,63,66,64,71,53,66,52,56,46,50,36,47,34,50,44,51,61,72,64,72,54,72,51,57,50,64,48,73,61,65,62,79,62,64,66,68,63,81,65,74,63,80,66,109,81,131,80,95,67,80,56,78,66,68,51,74,53,63,63,61,59,53,35,53,43,55,]
24,1,8,with_set,0.05,5,5,201,76,loop_limit,[623,264,236,125,213,102,119,130,132,94,82,80,76,80,80,63,71,40,50,49,56,46,55,58,69,56,80,66,84,57,67,62,66,69,80,78,93,70,95,72,103,74,86,57,70,63,57,53,50,41,54,45,41,41,45,51,65,55,63,52,115,85,96,64,97,76,74,70,87,76,84,61,90,51,79,59,79,60,83,51,62,56,67,51,58,52,61,51,59,55,56,45,50,47,46,46,55,48,49,43,60,48,58,48,62,50,63,68,80,53,55,61,78,64,81,86,101,67,83,83,99,71,96,58,63,61,73,65,72,65,64,57,53,44,55,45,64,49,41,52,67,50,60,54,59,62,65,54,64,46,62,59,56,67,56,45,58,40,63,46,55,53,61,50,68,51,67,66,77,63,65,40,47,32,38,33,45,48,49,51,61,44,55,37,44,30,37,27,41,37,51,72,76,69,86,61,79,61,73,53,76,]
24,1,8,with_set,0.1,11,11,201,57,loop_limit,[623,254,218,189,220,141,125,94,107,68,76,55,77,53,67,53,59,78,59,38,60,54,53,59,64,53,66,61,67,64,75,62,72,64,73,52,60,54,57,56,46,26,27,31,46,49,56,42,45,58,64,49,56,49,63,61,67,64,64,58,70,66,71,63,58,51,54,43,47,34,41,44,55,43,58,41,43,41,47,36,41,39,48,38,55,43,43,48,58,69,81,70,86,56,61,59,61,44,47,49,70,58,80,70,86,70,80,66,88,60,86,67,79,60,62,74,87,80,93,87,88,70,109,65,75,61,73,102,101,76,82,72,82,64,74,64,82,53,58,32,43,38,54,33,37,39,79,45,54,38,39,46,63,47,66,69,64,57,76,35,35,35,54,39,42,37,42,35,50,45,53,67,84,57,69,65,75,56,53,46,58,48,41,54,61,58,71,49,62,50,56,42,47,53,60,50,48,65,69,50,57,]
24,1,16,with_set,0.01,1,1,201,57,loop_limit,[623,381,306,177,230,140,141,93,114,75,70,52,47,48,52,42,56,54,66,67,57,56,62,52,62,53,69,58,75,53,66,59,77,72,80,75,83,60,83,55,71,54,74,54,80,62,73,192,166,211,194,138,150,98,115,80,89,68,97,64,70,59,70,54,61,47,81,63,79,72,72,74,82,68,91,76,88,79,78,62,93,77,91,76,72,74,92,82,92,166,130,121,156,103,115,91,95,73,94,72,104,220,194,132,114,86,101,69,78,74,71,59,68,47,53,65,73,53,56,46,57,48,71,136,121,74,80,71,71,51,64,61,70,66,82,66,94,95,85,57,56,59,91,65,93,113,112,76,75,73,74,59,84,62,83,63,83,67,83,69,83,69,65,74,96,66,80,73,80,158,147,116,144,175,170,94,109,87,104,71,94,66,71,66,184,128,131,160,179,103,146,97,100,83,104,80,87,71,80,52,57,]
24,1,16,with_set,0.05,5,5,201,74,loop_limit,[623,395,285,169,199,126,123,95,86,58,88,56,74,66,58,45,43,42,54,45,66,62,51,32,36,29,39,45,51,41,57,34,44,33,29,63,67,51,93,75,69,57,45,35,50,42,56,44,61,47,54,53,74,64,58,45,65,54,67,45,60,59,64,50,58,53,51,58,55,44,62,138,103,89,98,96,87,83,110,74,245,129,132,95,104,96,116,85,74,55,68,46,63,45,71,58,78,60,73,58,72,53,61,45,59,45,59,45,61,41,51,40,51,40,57,53,70,55,66,50,65,56,55,54,67,48,59,55,65,57,58,62,77,65,72,67,74,54,156,86,107,81,97,72,104,74,90,49,59,47,53,53,42,35,47,33,42,42,43,42,42,49,71,57,67,61,72,54,58,58,60,49,64,55,62,48,67,47,66,52,52,54,74,50,73,72,74,57,66,64,76,43,60,48,64,68,74,60,80,77,74,]
24,1,16,with_set,0.1,11,11,201,47,loop_limit,[623,395,609,241,236,122,130,97,97,84,86,71,92,83,94,62,69,67,69,43,69,60,77,60,74,51,59,52,58,50,66,45,59,50,59,65,74,63,73,61,66,53,59,56,79,127,206,113,121,104,112,80,133,104,95,72,98,56,63,47,63,58,65,47,55,47,55,46,58,46,72,56,69,67,90,76,90,66,75,57,61,36,52,38,52,48,53,35,56,49,60,49,51,35,62,53,74,53,74,63,69,63,56,43,45,43,48,45,58,58,65,81,67,50,169,103,107,86,87,64,79,63,82,61,76,68,66,65,76,65,58,53,55,64,70,48,66,56,75,72,73,68,69,54,68,48,47,36,45,37,43,41,55,53,66,56,76,56,76,55,62,58,62,42,46,44,46,44,44,34,33,33,36,33,30,34,49,40,44,27,32,26,36,36,41,48,55,60,73,59,71,64,64,58,65,53,56,47,47,48,47,]
24,1,16,with_set,0.25,28,28,201,80,loop_limit,[623,318,319,161,148,95,105,82,77,154,153,103,116,86,84,73,86,64,70,64,89,62,84,67,81,61,80,68,92,52,66,40,46,51,48,43,43,42,63,62,67,63,64,65,67,50,60,50,53,48,71,53,60,57,53,38,45,43,61,53,71,45,63,41,59,40,96,59,59,70,89,80,82,52,59,50,71,64,77,82,84,65,73,58,51,54,56,52,68,36,46,47,43,43,50,53,140,105,126,82,105,87,119,102,128,107,108,95,118,110,120,90,101,57,78,60,77,72,84,64,76,62,68,59,76,53,64,49,62,60,69,50,65,64,66,51,53,51,60,50,65,46,60,58,75,60,72,83,88,67,78,85,94,66,77,68,88,65,64,54,68,55,69,55,65,37,50,43,56,48,65,48,56,49,64,51,73,41,50,42,61,48,62,59,70,74,91,72,97,60,81,60,81,81,89,76,81,71,92,55,80,]
24,2,1,with_set,0.01,2,2,201,10,loop_limit,[623,154,70,27,21,16,13,10,9,11,9,5,5,5,5,6,4,7,6,5,5,4,7,6,5,4,7,5,13,8,5,5,6,9,8,5,6,10,9,6,8,8,9,9,7,6,10,6,8,9,12,9,8,8,10,6,7,4,5,6,9,7,8,10,7,5,5,8,10,8,8,9,6,5,4,4,7,9,8,8,9,8,6,6,7,14,9,13,9,7,9,6,4,7,7,8,9,8,7,6,6,7,7,7,7,6,6,6,6,7,6,7,7,7,7,8,6,7,7,7,8,4,5,7,7,8,8,12,13,15,9,9,7,9,10,8,9,5,4,7,10,10,13,12,9,9,11,6,8,8,12,10,9,10,9,8,9,8,8,9,7,6,6,7,7,8,7,10,10,6,5,9,9,10,8,9,11,12,7,5,5,9,7,6,5,5,5,6,5,9,8,10,7,10,12,10,6,7,7,10,10,]
24,2,2,with_set,0.01,2,2,201,6,loop_limit,[623,164,79,32,13,10,14,7,10,12,13,7,14,9,11,10,9,12,10,4,5,6,9,7,8,7,7,6,5,6,5,6,7,7,8,4,4,4,5,7,7,8,11,13,16,10,11,7,9,6,5,7,7,8,8,9,10,9,7,9,8,9,8,4,4,8,9,12,7,13,9,8,10,8,10,13,12,16,19,12,19,10,10,14,7,5,5,8,7,7,10,9,5,9,5,5,9,4,8,5,6,9,8,8,11,12,13,7,8,4,4,7,9,8,7,9,11,9,11,14,11,12,6,5,8,7,7,7,8,9,8,6,5,6,4,7,7,7,7,10,10,5,6,5,6,7,7,5,6,10,8,11,10,6,5,7,8,8,10,11,11,11,8,7,5,9,8,6,8,6,6,7,9,8,8,6,5,9,7,7,9,6,6,6,8,10,7,7,9,7,8,9,8,10,7,8,7,7,10,6,6,]
24,2,4,with_set,0.01,2,2,201,7,loop_limit,[623,152,90,34,23,12,10,6,9,7,7,8,10,6,8,7,7,7,10,9,5,7,8,6,9,8,8,6,4,5,5,6,4,4,8,5,8,10,10,7,10,4,9,6,14,11,9,8,6,7,9,5,9,9,10,9,9,12,13,6,6,4,7,9,6,7,8,10,8,10,9,6,11,7,6,9,7,6,7,8,8,11,11,8,8,8,10,12,10,8,10,10,12,7,7,8,8,5,5,6,5,8,8,6,6,8,10,8,10,13,13,10,11,9,6,5,9,8,7,10,7,6,8,10,12,8,8,7,9,8,8,7,9,6,9,11,9,12,12,6,5,4,4,7,9,7,5,5,6,8,8,9,10,9,10,8,8,10,7,8,8,6,7,7,9,11,9,12,9,9,9,8,7,9,7,8,10,6,5,6,5,7,8,8,11,8,7,6,7,8,8,8,5,7,7,8,8,6,7,5,7,]
24,2,8,with_set,0.01,2,2,201,5,loop_limit,[623,155,100,42,25,16,11,8,8,10,11,6,7,7,8,9,11,9,6,7,10,9,7,11,10,9,7,9,10,6,9,9,9,10,9,13,8,8,6,7,9,6,12,7,9,6,11,6,7,8,8,9,8,11,11,6,6,7,9,7,8,4,5,4,5,7,10,10,8,9,10,11,8,6,7,8,8,12,7,8,6,7,9,8,11,10,10,9,7,9,5,4,7,5,4,6,8,7,7,12,12,11,9,6,14,6,9,7,6,7,8,9,9,7,8,6,5,12,11,8,7,7,9,8,12,8,8,10,7,6,7,5,5,5,5,9,8,7,13,9,12,8,15,6,6,8,6,8,9,10,8,8,4,7,10,6,4,7,7,8,9,11,9,10,15,7,8,11,14,10,10,4,8,6,7,8,9,7,15,8,11,8,10,8,7,5,5,5,5,6,5,6,5,9,8,7,9,9,8,9,5,]
24,2,16,with_set,0.01,2,2,201,7,loop_limit,[623,166,77,33,45,17,14,12,10,6,10,8,11,7,9,7,9,6,5,9,10,9,8,6,11,4,5,6,5,8,8,8,7,8,7,12,12,11,10,7,12,7,5,7,6,7,8,5,6,6,6,9,9,12,10,11,11,7,12,11,8,9,10,9,8,10,7,9,10,6,6,9,14,13,16,9,9,9,10,10,10,5,8,8,9,11,13,10,11,8,4,7,7,8,9,5,10,6,5,4,7,6,8,6,10,6,8,7,8,6,5,4,4,6,5,10,8,10,8,5,5,4,5,4,5,6,6,10,8,8,10,6,10,13,13,7,6,7,10,10,10,9,6,6,9,7,10,11,14,6,9,8,9,5,5,4,7,8,9,13,13,12,10,7,10,9,9,6,7,9,9,5,8,8,7,10,12,8,11,9,7,6,12,9,11,10,10,6,10,10,12,13,7,6,10,7,6,7,9,8,7,]
31,1,4,with_set,0.01,1,1,201,3,loop_limit,[226,96,40,24,27,20,8,7,2,4,1,6,2,8,2,6,2,5,2,1,1,6,2,3,1,4,3,1,1,3,2,1,2,2,2,7,7,7,4,9,3,6,2,4,3,4,2,8,2,4,3,2,1,3,4,9,4,8,4,6,3,5,3,9,5,6,2,7,4,4,2,3,2,4,3,1,1,3,1,7,2,4,1,3,4,3,3,3,1,1,1,6,2,8,3,8,3,7,4,9,4,3,3,9,5,7,2,3,4,9,3,6,4,3,3,4,2,7,8,3,1,3,2,3,4,7,1,1,1,3,1,3,2,6,1,2,2,3,2,1,1,4,3,9,3,7,4,7,2,2,2,4,2,2,2,3,1,2,3,4,1,6,3,8,2,7,2,8,3,6,3,1,1,2,1,4,3,2,2,7,2,4,3,7,3,4,3,4,1,3,2,3,2,6,5,7,5,8,3,3,3,]
47,1,2,with_set,0.01,1,1,201,5,loop_limit,[410,90,54,22,22,9,2,3,4,3,4,4,5,2,1,2,2,4,3,3,2,3,6,3,1,1,1,3,5,3,8,6,5,3,1,2,3,2,3,1,2,2,2,4,7,5,11,5,6,3,3,1,1,2,1,3,1,2,3,2,2,2,1,1,1,2,1,1,2,3,2,4,2,3,3,6,7,3,4,4,6,6,9,7,9,6,10,10,8,3,1,2,1,3,1,2,3,7,8,2,3,2,1,2,4,3,3,4,3,4,7,3,3,3,2,1,2,2,1,2,6,4,6,3,3,3,2,2,1,2,1,3,5,1,2,2,1,3,6,6,8,3,3,2,1,2,1,1,2,2,3,2,3,2,2,3,5,5,2,2,3,3,1,2,3,4,2,2,2,2,2,1,1,2,1,2,1,1,1,2,4,2,1,2,6,5,5,2,2,3,3,2,3,4,3,2,1,2,2,3,5,]
47,1,16,with_set,0.01,1,1,201,2,loop_limit,[410,213,112,39,21,9,14,10,8,9,15,4,9,8,5,3,6,1,1,1,1,1,2,2,3,3,3,2,4,3,6,2,3,3,4,3,1,2,1,2,1,1,2,2,2,3,3,2,1,2,4,3,4,3,11,3,1,2,3,3,2,3,1,2,2,2,1,3,1,1,1,3,2,1,1,1,2,4,7,5,10,2,3,7,11,5,4,3,4,2,2,1,1,2,6,3,4,4,2,1,1,2,6,2,1,2,1,3,5,3,2,4,2,3,2,1,1,1,1,2,1,1,1,2,2,1,2,3,2,3,1,2,3,4,6,3,1,1,1,2,1,2,1,1,1,2,6,6,4,2,1,3,4,3,10,5,3,2,1,3,2,2,1,2,1,1,2,2,1,3,4,3,3,4,2,3,2,1,2,3,2,2,2,2,3,2,2,1,1,2,3,3,2,4,1,1,1,2,1,1,2,]
49,1,1,with_set,0.01,1,1,201,11,loop_limit,[248,90,42,14,14,8,7,7,7,7,5,6,7,8,7,6,7,7,7,4,5,6,5,6,7,8,12,10,9,7,5,7,12,9,7,6,8,8,8,8,11,8,6,8,11,5,3,7,5,7,5,4,6,7,4,6,4,5,6,5,4,6,6,4,6,5,5,6,9,9,6,10,9,8,5,5,3,5,7,4,5,4,6,3,5,5,7,11,13,6,7,8,10,8,6,8,7,4,6,7,6,6,4,5,5,6,5,5,5,4,8,4,6,6,6,5,5,6,7,7,10,8,12,7,6,8,7,6,3,6,6,5,5,6,5,3,3,5,6,7,6,6,3,6,10,5,7,8,9,5,4,5,5,9,4,4,5,7,6,7,5,8,8,9,9,9,11,8,6,8,7,6,4,6,10,4,6,7,7,8,4,7,5,9,10,8,11,5,8,8,8,7,10,12,10,8,6,9,9,7,11,]
49,1,2,with_set,0.01,1,1,201,4,loop_limit,[248,90,44,23,10,7,3,6,7,10,11,10,11,8,7,6,6,7,4,8,5,6,7,9,10,8,5,6,4,6,5,6,5,4,8,4,4,6,7,7,9,7,8,7,7,9,12,9,7,7,7,6,5,6,7,7,8,9,11,10,6,7,5,6,7,7,11,10,6,8,6,5,5,5,7,5,6,9,6,5,5,5,5,5,6,7,7,5,7,3,5,7,5,6,10,9,5,4,7,4,6,8,6,4,5,4,7,4,8,7,10,3,4,6,5,4,6,5,6,6,4,6,5,9,5,9,5,6,7,8,4,4,6,6,7,6,7,7,11,7,7,4,5,7,4,6,6,6,7,7,7,8,5,5,5,6,3,6,10,8,5,8,10,8,5,6,8,5,6,7,11,9,12,13,11,10,6,4,7,3,6,4,5,6,5,7,5,5,4,5,7,7,7,8,10,9,8,7,9,7,4,]
49,1,4,with_set,0.01,1,1,201,6,loop_limit,[248,102,85,58,37,35,14,12,7,11,9,11,6,6,11,5,9,7,10,9,7,5,3,6,3,5,6,3,5,6,3,6,10,7,4,4,4,5,5,7,7,6,6,6,8,7,9,6,7,4,8,6,7,4,8,7,7,7,11,5,7,7,5,7,12,5,6,6,6,3,5,6,8,5,5,6,5,5,5,8,5,6,8,7,10,8,12,8,6,7,5,5,5,6,5,7,11,11,7,8,5,5,6,4,7,8,7,10,5,6,7,6,3,7,5,7,6,9,5,6,5,9,5,6,4,5,6,6,7,6,6,3,6,4,3,6,7,5,8,7,5,7,9,8,8,8,6,6,3,5,6,10,8,6,6,5,7,4,8,8,15,15,15,5,6,7,6,5,8,8,4,8,4,6,4,6,4,5,3,6,9,12,8,7,9,5,6,7,5,4,7,4,7,7,12,8,9,9,9,8,6,]
49,1,8,with_set,0.01,1,1,201,6,loop_limit,[248,179,66,30,21,16,8,8,6,5,5,6,5,8,10,6,6,6,6,9,10,7,3,5,6,9,7,9,8,6,5,8,5,8,7,7,11,8,7,3,4,6,7,6,6,8,12,6,7,7,7,7,11,10,8,6,6,7,9,12,5,5,9,8,7,11,9,10,5,6,10,9,6,7,6,9,10,6,3,4,5,6,7,8,9,5,9,6,11,5,8,8,12,6,5,7,7,10,5,6,7,8,7,6,7,9,12,14,12,7,5,4,8,9,8,5,6,7,6,7,7,7,7,8,4,6,5,6,6,10,9,10,6,5,11,4,3,3,5,6,4,6,10,4,6,5,9,6,6,7,5,10,9,12,5,8,7,7,6,4,6,3,4,3,3,6,5,6,4,3,5,6,6,7,10,7,10,8,7,7,4,6,5,4,4,6,5,6,6,6,4,3,6,8,10,9,6,7,6,7,6,]
52,1,1,with_set,0.05,5,5,201,21,loop_limit,[317,139,153,95,43,33,28,30,26,21,24,18,24,23,19,13,15,15,21,20,22,13,13,14,15,16,27,19,15,16,16,21,27,25,32,25,20,23,12,21,21,15,16,18,22,22,28,26,27,21,19,20,22,16,18,17,21,22,18,13,16,15,22,23,22,17,15,13,18,17,16,17,16,17,15,17,18,23,17,16,20,18,15,17,15,17,15,12,17,15,17,13,24,19,25,18,16,18,19,22,27,25,23,17,20,20,18,16,14,10,17,18,21,13,20,17,15,18,19,17,16,15,17,20,22,18,20,16,17,15,20,15,15,16,18,19,18,16,17,17,18,19,19,22,18,20,18,13,18,20,17,17,18,15,15,17,20,18,23,17,19,18,14,15,17,12,16,17,19,20,17,18,27,13,20,16,20,15,16,21,15,12,21,19,17,15,17,19,18,19,17,13,17,13,19,23,22,28,30,34,21,]
52,1,2,with_set,0.01,1,1,201,16,loop_limit,[317,156,92,91,92,56,45,40,34,24,21,16,17,14,17,15,16,16,17,16,21,19,20,19,17,16,18,17,15,12,16,14,17,14,19,16,21,22,22,22,20,21,25,14,17,15,22,22,20,18,20,25,24,23,22,18,17,21,31,24,31,21,17,13,18,17,22,22,29,25,20,21,26,19,18,18,19,18,22,16,22,17,19,16,17,17,18,18,22,18,24,18,21,19,17,14,19,18,19,14,16,18,21,17,20,17,19,17,15,12,21,19,24,15,19,16,19,15,16,18,13,17,16,13,18,16,22,23,23,21,18,20,22,18,17,22,20,19,17,23,28,25,29,20,20,23,19,18,15,14,15,12,17,19,15,13,18,12,20,18,22,15,14,17,18,14,14,15,16,17,21,14,18,15,16,18,16,17,16,16,17,19,14,14,20,17,16,14,16,24,17,22,29,21,20,13,20,16,20,19,16,]
52,1,2,with_set,0.05,5,5,201,21,loop_limit,[317,153,64,36,24,17,18,22,24,19,19,15,20,23,17,20,18,13,17,14,17,18,16,18,24,21,17,22,25,18,21,22,15,12,15,12,14,14,16,21,18,15,17,19,28,22,26,25,19,19,18,19,26,27,27,23,15,16,20,14,17,12,17,17,16,19,19,23,17,13,22,17,20,18,20,16,18,22,17,15,16,13,16,15,24,21,18,13,15,14,18,17,20,19,23,24,23,20,24,21,26,21,18,20,20,13,17,14,18,20,18,18,23,23,21,20,16,20,17,14,17,12,16,13,15,16,17,20,18,16,20,13,15,12,15,15,17,19,22,17,24,17,21,16,16,11,15,17,19,20,23,20,19,21,28,14,14,17,18,21,18,22,18,16,11,16,19,22,19,20,21,24,22,21,31,20,22,22,14,20,18,16,20,16,21,17,22,20,20,20,27,25,25,26,26,32,36,15,21,20,21,]
52,1,4,with_set,0.01,1,1,201,17,loop_limit,[317,156,79,57,47,38,37,38,23,21,26,19,30,18,21,21,17,16,15,20,17,11,20,11,13,14,18,21,29,21,23,18,29,26,20,13,16,14,15,12,10,14,16,13,14,12,19,14,18,19,15,14,19,19,24,23,19,13,13,14,16,17,16,16,17,21,15,18,30,18,23,23,19,20,17,16,18,17,14,13,12,14,18,16,16,17,20,19,19,21,16,14,14,15,18,17,18,17,13,14,20,18,19,17,15,19,20,14,15,12,15,18,21,12,15,15,17,16,17,16,26,22,25,17,19,17,19,11,23,15,15,16,27,16,17,19,18,16,14,14,20,17,20,17,20,20,22,22,22,18,15,12,17,14,15,11,16,16,17,16,21,20,17,15,19,12,15,11,16,16,15,18,19,20,15,14,11,20,28,20,28,16,22,14,21,17,17,19,25,19,19,12,15,12,12,16,21,17,17,15,17,]
52,1,4,with_set,0.05,5,5,201,14,loop_limit,[317,242,164,92,45,38,34,30,31,27,24,20,22,17,15,19,21,15,21,17,17,21,18,15,15,18,19,17,15,14,14,15,17,17,16,18,22,21,16,14,14,15,19,16,20,15,20,15,18,18,19,19,19,23,27,20,21,21,18,14,15,15,13,14,14,11,15,15,18,19,18,13,20,17,18,18,16,15,16,16,17,12,18,16,17,16,19,18,28,23,25,18,13,15,14,14,26,21,21,23,19,20,19,14,22,20,22,24,27,20,19,13,15,18,18,16,17,15,18,16,14,11,17,15,21,22,22,22,22,20,22,20,23,15,17,18,21,18,17,13,15,15,15,18,15,15,11,11,22,14,14,15,14,16,14,16,20,16,18,20,20,23,12,21,22,18,17,18,17,15,20,15,15,16,21,20,19,15,20,20,18,22,20,18,19,19,15,14,14,15,15,15,14,17,15,18,14,13,13,16,14,]
52,1,8,with_set,0.01,1,1,201,16,loop_limit,[317,317,139,80,53,41,42,29,24,16,17,18,18,17,15,13,17,18,19,25,29,25,19,12,19,14,16,19,18,19,19,18,21,17,12,11,14,19,22,19,23,24,26,21,24,21,20,23,24,15,20,17,20,24,17,22,13,15,17,15,19,18,23,21,18,14,15,17,19,17,24,21,20,14,15,12,21,16,21,18,28,16,16,16,15,14,16,19,14,16,15,16,16,20,18,20,21,15,19,15,19,21,23,18,16,14,12,16,15,18,22,16,16,18,17,18,22,20,17,19,16,19,16,13,15,18,22,19,24,22,18,24,19,15,21,19,23,23,18,16,18,19,24,21,18,16,15,18,19,20,20,19,23,20,18,16,12,11,14,14,19,14,18,19,20,19,22,19,20,13,14,16,15,18,18,17,22,16,17,15,14,12,12,13,16,14,15,11,15,12,20,19,21,17,17,19,17,13,15,20,16,]
52,1,8,with_set,0.05,5,5,201,11,loop_limit,[317,153,81,81,41,43,27,28,19,18,20,18,24,17,19,15,17,14,16,14,12,9,12,12,14,14,17,17,17,14,23,21,18,23,18,17,18,17,14,15,17,20,17,19,15,18,18,21,16,14,16,14,15,17,22,19,13,9,15,13,14,11,14,19,17,21,15,16,18,11,14,19,22,21,23,22,18,17,16,16,17,19,19,22,28,29,17,18,18,18,17,16,19,19,19,18,20,17,22,22,18,19,19,19,27,18,19,23,18,24,18,17,19,17,20,21,20,22,18,20,18,16,14,19,22,19,27,16,22,18,18,22,18,18,15,17,22,20,18,22,18,21,21,20,19,14,16,18,24,18,17,15,19,21,20,21,20,16,19,16,16,12,15,12,10,16,17,18,15,14,14,17,13,12,13,14,20,14,15,12,15,16,16,16,13,16,16,16,16,13,20,13,14,12,22,18,13,17,12,11,11,]
52,1,16,with_set,0.01,1,1,201,20,loop_limit,[317,139,74,170,87,46,30,27,30,24,28,15,22,20,24,25,25,23,23,20,25,18,21,24,21,19,21,17,16,16,18,22,18,33,27,20,23,19,28,23,23,24,18,17,16,19,19,17,17,15,14,12,19,14,15,12,14,13,19,20,27,25,32,22,23,16,17,14,17,11,15,17,27,18,23,20,18,15,17,19,17,14,16,13,15,13,15,17,16,15,14,19,17,24,24,19,23,19,15,15,20,13,21,18,15,15,15,14,13,12,15,14,19,18,18,18,18,14,23,18,16,18,18,16,21,17,20,15,27,21,31,15,22,19,19,23,28,17,16,14,16,15,21,13,19,15,13,14,13,14,18,17,17,20,30,15,19,20,17,22,18,16,17,13,18,20,20,18,17,19,14,19,22,16,28,30,23,23,24,22,21,19,19,17,15,17,22,13,21,21,15,18,20,22,20,17,23,22,23,15,20,]
52,1,16,with_set,0.05,5,5,201,12,loop_limit,[317,153,71,54,57,45,36,39,29,29,30,25,27,23,31,20,21,24,37,22,20,20,16,19,18,16,15,20,27,18,13,14,15,12,15,17,18,16,21,14,29,24,21,21,19,23,20,19,24,23,25,18,19,18,20,17,18,22,24,19,17,16,17,16,17,18,16,16,15,17,19,16,20,19,16,16,15,16,15,14,16,11,11,11,14,16,22,21,26,21,28,23,27,20,21,22,24,19,23,20,17,17,13,16,17,19,22,14,13,16,14,14,13,9,15,18,19,21,22,16,25,26,18,12,15,15,18,20,17,16,22,17,17,15,18,19,18,9,16,15,20,17,16,17,16,10,19,19,28,18,18,21,20,16,14,10,17,11,15,11,16,15,19,13,17,11,15,13,19,19,16,19,17,14,18,17,15,12,21,20,20,17,20,17,19,16,16,12,16,17,17,18,20,15,14,16,18,15,17,22,12,]
63,1,2,with_set,0.01,1,1,201,8,loop_limit,[411,183,109,105,109,79,47,28,28,18,19,14,12,11,5,7,6,9,12,10,6,7,8,6,5,7,6,7,2,4,6,7,7,6,7,7,4,9,8,7,7,8,2,4,4,9,3,4,5,7,9,11,8,8,8,8,8,4,3,5,2,4,4,4,2,5,8,5,9,13,15,10,9,13,9,7,8,14,12,9,3,5,2,4,6,6,8,9,9,9,6,3,3,4,5,6,2,5,2,3,7,5,7,9,4,4,7,9,3,4,4,4,5,2,7,9,3,5,6,7,10,13,10,7,5,7,7,5,3,5,4,6,4,4,6,6,6,8,6,9,6,7,10,10,5,9,7,11,13,11,13,16,5,3,6,8,8,8,13,11,13,10,9,9,6,8,8,11,2,2,3,4,6,6,8,8,4,7,8,9,6,8,9,7,9,7,6,7,7,5,7,8,7,6,4,6,9,8,9,11,8,]
63,1,4,with_set,0.01,1,1,201,4,loop_limit,[411,183,106,50,46,29,33,21,19,13,10,14,6,11,6,11,10,17,14,11,12,10,3,4,9,7,3,4,7,10,7,6,4,8,3,6,7,10,12,10,4,4,7,9,7,6,3,5,8,5,6,7,8,13,7,7,9,15,16,24,16,15,15,15,2,5,5,5,5,6,2,5,6,9,2,4,5,5,8,10,8,9,10,9,3,4,5,7,13,7,13,6,2,3,4,8,10,9,7,10,9,10,9,8,6,4,6,5,8,9,12,9,8,6,2,4,5,6,7,12,10,8,11,11,14,12,15,12,12,9,7,9,9,13,10,5,7,6,9,9,11,11,17,11,9,9,9,7,8,10,5,7,9,10,7,10,14,9,8,11,9,8,15,14,11,7,6,10,6,7,9,10,13,15,11,11,11,17,11,9,7,5,3,6,7,12,6,4,6,5,7,3,5,5,5,6,5,7,6,7,4,]
63,1,8,with_set,0.01,1,1,201,11,loop_limit,[411,175,118,76,50,41,33,15,17,13,11,12,13,12,16,12,11,9,7,7,7,8,7,8,5,4,5,6,6,7,9,12,11,9,6,8,9,9,7,7,8,11,3,6,5,7,6,6,2,3,7,7,8,7,7,9,8,11,7,9,16,8,10,11,6,5,5,8,7,9,5,5,10,4,4,7,3,5,6,6,9,7,7,7,10,14,20,7,2,2,3,5,2,2,3,4,7,5,5,8,7,6,10,11,10,14,15,9,5,7,6,5,3,4,5,2,3,4,7,3,2,4,5,5,6,5,7,9,13,13,11,13,15,11,7,5,3,5,4,5,5,8,5,4,4,5,4,6,9,6,5,6,3,5,3,5,4,8,3,6,5,6,10,7,11,12,19,9,7,6,8,9,12,10,12,10,9,10,10,11,18,24,13,14,12,9,8,6,5,3,6,5,5,6,9,9,4,6,6,7,11,]
63,1,16,with_set,0.01,1,1,201,8,loop_limit,[411,184,107,58,42,24,15,19,10,11,10,9,6,9,11,7,2,4,6,11,11,5,3,3,5,7,2,4,2,2,2,4,4,8,3,6,5,4,4,8,7,7,6,6,7,7,12,12,15,10,9,12,10,7,2,4,4,5,3,7,3,7,13,16,12,8,3,6,6,9,8,8,10,8,10,10,7,12,7,9,5,7,8,14,8,12,6,6,6,5,6,9,2,4,4,5,5,6,8,5,7,5,7,9,10,7,4,8,2,2,5,5,2,5,2,3,6,6,4,2,5,7,10,11,9,8,13,11,5,7,6,11,9,7,9,8,8,10,9,12,6,7,7,9,11,10,8,7,9,11,12,13,12,18,11,23,9,15,11,10,7,6,6,6,6,6,10,20,23,12,9,9,9,10,15,14,11,14,14,14,14,14,10,16,9,7,8,7,6,8,6,5,3,9,7,7,6,5,5,10,8,]
77,1,1,with_set,0.01,1,1,201,4,loop_limit,[114,34,12,12,5,6,5,10,5,7,5,6,5,7,5,6,4,6,4,10,6,10,4,4,4,6,4,7,4,4,4,6,4,10,5,5,4,6,4,6,4,7,4,4,4,5,4,7,4,10,7,10,4,10,5,6,4,7,4,7,4,4,5,6,4,7,4,5,4,7,4,7,5,8,4,6,4,10,6,8,4,7,5,7,5,6,5,4,5,5,4,7,4,6,4,10,4,6,5,10,5,7,4,4,4,7,5,7,4,4,4,7,4,10,5,10,4,7,4,5,4,7,4,6,5,10,4,4,4,7,5,7,5,7,4,4,5,7,5,6,4,7,4,6,4,5,4,7,4,7,4,5,5,10,4,6,4,6,4,4,4,10,5,6,6,7,5,10,4,6,4,7,5,6,5,7,4,5,4,6,4,4,4,7,4,10,5,7,6,10,6,10,7,6,5,6,4,5,6,7,4,]
77,1,16,with_set,0.01,1,1,201,5,loop_limit,[114,37,11,7,6,7,4,4,4,7,5,4,4,6,4,10,4,4,4,8,5,7,4,6,5,10,4,10,4,7,4,6,4,6,5,7,5,6,4,4,5,10,4,5,4,6,4,6,4,7,6,10,4,7,5,9,5,10,5,6,5,6,5,7,5,8,5,8,5,10,7,6,4,10,4,7,4,5,4,4,5,6,6,7,4,10,6,8,6,7,5,8,5,11,5,11,6,8,4,10,5,7,4,5,6,5,4,10,6,4,4,10,7,8,5,6,4,6,5,4,4,10,4,6,5,7,4,7,4,5,4,7,4,4,4,7,4,6,5,6,4,7,6,7,4,6,4,4,4,5,4,4,4,6,4,10,6,6,4,5,4,7,4,7,4,4,5,7,4,6,4,7,4,6,4,7,5,8,4,10,5,5,4,4,4,10,4,10,7,6,4,10,4,5,4,7,4,4,4,6,5,]
84,1,1,with_set,0.01,1,1,201,594,loop_limit,[885,825,645,676,602,638,569,618,576,642,574,621,603,615,588,623,600,626,607,632,589,635,629,683,580,623,566,651,624,650,594,609,573,606,555,658,635,651,608,674,617,658,585,617,573,624,585,624,569,592,567,578,559,594,537,610,584,667,592,637,594,605,560,593,611,627,605,636,617,642,596,642,607,640,586,644,594,602,546,576,529,578,521,597,580,627,609,643,638,664,629,660,649,660,611,632,562,650,616,657,628,637,566,597,563,577,619,649,588,655,613,670,599,648,601,619,608,634,601,625,633,660,616,679,642,610,563,624,564,628,567,629,580,639,573,644,613,624,595,611,607,613,618,626,581,589,581,650,591,607,586,630,567,589,559,624,561,610,573,627,556,612,593,624,566,608,571,594,525,611,574,593,590,624,604,668,616,640,597,682,619,685,610,668,587,618,609,654,608,706,614,628,557,651,614,639,592,604,574,644,594,]
84,1,1,with_set,0.05,5,5,201,607,loop_limit,[885,740,607,629,629,651,627,646,603,681,612,651,658,678,634,738,620,717,629,731,672,701,675,695,659,663,612,659,619,608,553,587,584,636,612,646,653,707,605,634,572,648,627,631,545,656,615,607,556,675,575,603,550,580,619,652,586,647,557,626,602,605,596,668,602,648,616,642,595,614,577,591,592,613,534,567,550,634,551,615,585,590,544,579,531,589,629,659,661,692,610,675,611,717,626,605,555,611,599,646,600,623,629,686,626,668,612,652,585,635,561,592,599,644,555,591,590,640,634,706,627,647,623,643,604,672,569,633,604,574,545,589,570,602,576,609,584,617,541,620,599,659,599,686,588,620,594,605,559,612,562,549,534,569,600,628,578,635,598,587,619,667,618,618,582,607,561,623,605,614,564,678,597,632,580,670,580,670,614,675,604,643,598,609,607,674,618,635,606,611,572,594,565,669,573,658,624,698,605,636,607,]
84,1,1,with_set,0.1,11,11,201,655,loop_limit,[885,825,685,691,621,635,616,643,581,614,579,586,547,611,618,641,614,648,633,650,614,664,615,617,606,648,609,658,607,644,594,647,605,635,555,619,576,627,591,632,645,643,675,643,618,685,614,634,574,592,576,609,567,607,560,655,617,649,606,651,592,666,623,615,568,616,595,642,589,603,585,638,587,599,600,629,589,634,585,637,577,643,573,577,634,680,638,650,607,625,582,636,587,607,592,651,599,689,624,663,630,635,577,627,556,617,548,612,577,667,579,616,583,627,600,630,599,613,547,598,588,686,596,656,651,631,577,610,588,606,542,551,545,592,603,675,647,648,667,655,653,634,665,664,630,647,580,625,623,644,610,645,588,646,618,622,564,606,612,676,612,632,577,589,558,610,553,571,577,636,582,636,602,623,601,655,557,634,546,600,576,660,584,583,552,610,616,683,625,604,593,632,607,639,652,674,612,691,631,728,655,]
84,1,1,with_set,0.25,28,28,201,585,loop_limit,[885,768,612,619,586,654,626,672,604,672,614,593,625,675,591,668,582,626,601,662,590,623,594,622,589,658,614,622,623,649,583,669,583,598,591,697,624,645,586,648,557,622,576,633,561,608,576,687,620,639,568,619,571,621,598,650,605,627,572,611,551,572,576,594,638,688,626,647,651,670,636,648,617,669,591,635,582,583,636,661,615,640,574,628,577,597,613,639,567,647,593,659,587,633,562,612,541,660,588,638,596,651,633,636,612,652,604,642,608,655,575,621,640,621,577,616,577,649,578,655,626,672,636,669,628,714,625,686,619,683,640,640,586,637,596,630,592,673,576,627,536,621,565,646,585,636,585,587,568,630,563,635,595,602,600,644,615,651,600,661,611,644,604,635,580,622,573,621,586,582,559,569,550,587,637,677,589,627,599,611,574,618,583,591,598,643,548,617,582,678,582,595,555,588,569,579,581,607,593,681,585,]
84,1,2,with_set,0.01,1,1,201,551,loop_limit,[885,769,647,655,575,649,592,629,632,622,650,661,620,646,607,631,586,618,569,617,565,591,528,590,556,610,562,625,581,641,616,614,600,664,595,615,599,664,638,654,638,656,569,632,583,626,553,604,593,672,619,683,619,599,547,602,608,602,592,677,606,656,609,689,624,642,592,612,577,676,613,626,604,655,630,627,580,636,625,650,598,630,629,665,641,667,618,626,597,664,592,630,551,661,640,662,585,661,597,643,567,620,573,653,610,639,604,631,570,589,587,627,593,673,567,623,572,642,565,629,592,659,621,602,540,597,555,576,499,631,602,615,583,640,606,618,586,650,620,650,605,619,560,611,552,623,566,604,549,662,636,649,590,601,574,651,612,677,596,635,567,646,562,611,611,612,582,591,571,598,560,670,624,672,614,638,559,578,638,680,606,668,582,654,611,659,615,633,615,641,613,641,600,619,561,621,625,642,574,612,551,]
84,1,2,with_set,0.05,5,5,201,609,loop_limit,[885,769,731,647,586,662,623,609,587,598,574,621,604,664,573,607,609,624,578,658,579,643,579,617,574,672,608,691,584,615,565,623,590,634,621,642,593,614,601,600,566,573,553,604,568,588,596,634,574,619,590,656,613,693,576,646,576,687,610,662,557,643,613,633,607,644,577,613,560,603,578,614,598,633,564,620,581,585,602,632,580,710,630,675,600,667,631,661,619,642,566,647,585,635,570,664,577,593,586,653,587,627,604,663,604,689,654,624,570,602,564,615,569,599,608,645,573,604,572,593,596,621,623,599,615,619,556,596,537,637,558,577,556,616,552,568,574,638,579,609,574,593,587,627,612,672,578,647,581,632,571,601,559,669,569,634,572,573,594,590,559,563,558,641,593,628,589,598,591,633,558,601,595,601,593,676,573,628,578,617,584,617,576,610,565,616,588,657,588,616,637,654,554,601,586,567,549,614,607,633,609,]
84,1,2,with_set,0.1,11,11,201,563,loop_limit,[885,775,683,683,613,594,605,648,616,635,549,614,582,588,580,622,621,664,613,678,574,633,597,647,615,624,604,603,540,584,571,621,565,639,576,607,566,590,597,624,583,606,564,674,573,631,578,629,593,583,634,695,596,628,591,614,545,619,621,620,588,656,627,649,656,643,576,635,611,627,560,638,610,674,610,631,598,678,626,649,616,685,651,666,600,588,570,618,608,651,594,587,592,633,574,651,566,656,629,632,589,656,629,675,578,642,594,677,621,701,628,648,555,596,555,644,612,643,596,653,581,630,568,604,564,574,550,651,600,632,607,639,572,634,606,655,607,677,609,674,604,686,619,637,658,675,598,643,579,697,606,610,567,633,606,645,594,603,576,600,567,609,556,594,533,596,546,603,627,636,575,638,609,644,587,613,589,697,607,647,599,604,587,612,539,605,605,605,562,609,570,622,561,593,563,597,561,602,599,618,563,]
84,1,2,with_set,0.25,28,28,201,524,loop_limit,[885,746,632,683,592,617,598,679,645,679,645,616,591,627,604,634,593,639,620,647,609,635,560,606,572,653,625,640,543,671,618,628,560,617,564,608,590,628,589,641,637,621,581,612,553,662,580,624,645,658,628,624,579,625,627,632,555,592,571,673,588,645,589,621,623,683,628,683,586,609,559,596,532,590,600,661,569,685,639,647,623,636,595,601,593,630,585,658,610,619,587,619,550,594,559,614,582,631,612,620,577,609,539,571,534,577,523,565,560,622,636,662,622,651,586,624,581,598,575,593,561,613,586,634,597,660,619,617,521,543,560,603,563,611,533,578,555,590,537,558,584,608,568,623,629,691,650,707,673,683,592,649,592,672,574,643,547,631,571,608,587,660,628,685,610,649,583,613,613,686,584,660,596,693,607,644,611,598,629,656,611,735,599,622,628,622,565,650,570,632,588,623,589,667,622,615,550,595,581,593,524,]
84,1,4,with_set,0.01,1,1,201,618,loop_limit,[885,825,791,708,602,628,575,702,590,601,588,682,607,616,640,616,606,660,622,921,676,657,655,671,599,636,581,646,564,659,561,701,613,662,635,610,546,610,590,636,622,750,638,639,621,667,608,672,630,657,617,871,688,943,730,738,636,684,721,704,645,635,614,624,620,641,583,655,605,628,579,660,639,647,697,922,702,925,721,714,639,670,602,684,595,616,607,629,592,748,638,684,626,633,592,631,596,614,732,712,635,683,625,633,712,698,625,924,685,842,655,669,605,667,586,878,866,807,678,942,702,720,668,668,602,675,696,689,684,690,630,620,577,601,554,608,566,629,595,647,818,702,645,691,637,665,604,665,583,706,642,656,834,740,641,665,557,648,836,743,655,824,667,655,617,607,612,642,598,629,554,597,839,800,665,630,805,739,720,683,602,622,560,647,560,631,607,739,635,699,626,659,595,592,575,613,565,632,622,637,618,]
84,1,4,with_set,0.05,5,5,201,617,loop_limit,[885,769,631,690,630,668,578,592,567,611,571,641,603,919,713,695,678,672,624,735,634,655,584,652,558,681,623,790,681,652,587,623,572,698,608,680,717,715,634,727,619,638,627,649,644,626,619,679,613,628,586,693,623,607,605,624,567,673,858,752,721,722,649,653,620,679,619,807,648,783,650,679,654,666,585,611,562,601,564,592,631,652,592,694,567,660,583,627,622,634,553,644,608,607,561,615,563,547,573,603,571,654,631,654,566,595,546,655,607,624,577,697,589,697,635,657,616,642,615,784,617,723,651,657,717,699,676,899,704,751,655,710,617,645,603,914,712,722,657,656,830,741,612,677,800,738,640,791,836,878,687,745,824,729,634,923,723,967,684,949,824,766,770,769,643,678,596,627,645,649,618,703,603,604,572,913,679,812,684,674,573,660,616,637,603,622,738,715,616,672,631,627,570,617,529,589,564,609,558,604,617,]
84,1,4,with_set,0.1,11,11,201,759,loop_limit,[885,740,607,954,725,660,656,650,670,665,595,624,810,741,637,630,564,872,680,725,750,676,764,725,630,681,595,627,829,894,777,738,649,645,662,711,599,818,653,709,601,618,710,677,634,636,638,770,646,643,615,622,817,748,632,927,701,761,643,651,622,658,585,580,574,648,578,920,712,669,596,627,566,761,628,625,669,674,597,614,565,651,565,607,814,876,701,734,651,627,607,641,611,663,618,637,715,735,628,917,720,678,636,883,715,803,776,710,590,603,585,790,650,626,566,622,818,739,649,672,626,648,618,635,594,597,642,597,568,628,581,674,566,623,699,682,618,645,553,626,585,629,603,684,848,732,704,732,635,629,575,619,612,663,635,662,610,630,551,603,575,605,713,917,704,718,643,647,590,655,593,638,575,612,605,925,724,673,630,689,633,671,632,619,560,600,603,650,604,623,620,652,725,666,632,653,663,612,610,624,759,]
84,1,4,with_set,0.25,28,28,201,823,loop_limit,[885,768,646,660,617,612,588,668,625,772,658,649,559,695,603,621,584,601,601,640,619,775,850,812,664,673,623,682,637,672,668,744,596,715,647,699,653,656,566,621,589,598,804,749,601,713,601,713,658,632,562,619,594,637,815,746,652,658,621,666,643,658,643,658,608,653,807,761,663,670,597,618,558,752,642,785,649,671,595,638,623,666,608,617,606,798,648,679,615,613,585,580,630,630,593,611,596,688,637,659,581,694,630,636,738,678,688,724,622,632,576,630,596,666,611,666,624,696,610,713,629,624,542,572,542,715,632,708,627,696,819,875,782,702,641,645,600,617,563,577,552,621,539,636,561,677,830,970,731,693,630,771,664,651,668,651,668,780,646,661,590,774,637,710,848,991,680,674,613,629,606,638,610,631,621,633,555,590,586,620,559,677,578,623,589,612,573,653,606,633,582,910,703,823,656,676,617,756,648,677,823,]
84,1,8,with_set,0.01,1,1,201,698,loop_limit,[885,839,684,684,817,809,696,1015,727,688,640,949,721,702,616,646,568,649,581,881,730,678,700,738,885,841,702,695,679,681,591,683,635,638,639,656,582,909,701,741,654,717,617,663,781,764,649,710,819,714,718,724,633,646,604,656,661,669,637,657,805,736,657,646,596,594,545,639,615,656,588,642,638,686,872,768,653,727,622,656,583,984,729,731,655,734,627,692,623,687,839,803,691,668,617,644,602,669,598,708,630,891,700,672,762,703,629,643,628,889,699,692,635,756,850,814,687,747,651,977,753,739,647,713,629,700,633,716,604,694,637,699,680,687,844,997,737,677,602,634,573,627,542,663,569,629,581,657,590,650,580,603,574,615,570,608,601,652,810,745,651,693,627,645,569,974,731,724,691,703,621,619,647,667,654,963,708,722,656,917,704,691,635,655,601,697,615,680,598,685,640,692,608,605,575,631,585,666,646,928,698,]
84,1,8,with_set,0.05,5,5,201,568,loop_limit,[885,746,669,675,564,881,681,630,570,612,579,650,611,641,581,676,616,638,644,646,671,912,690,636,768,728,853,764,728,712,657,667,609,626,595,638,576,969,723,707,692,1001,885,829,701,665,581,687,601,629,566,634,604,678,604,696,603,645,588,669,582,600,601,622,633,622,595,862,885,829,699,998,693,703,581,705,628,620,658,910,862,729,651,690,636,665,633,678,596,641,605,616,582,623,879,821,669,710,633,979,771,684,705,701,693,699,700,709,644,1003,743,726,639,635,663,666,817,751,654,680,672,650,625,638,610,640,586,659,576,660,570,848,844,827,710,737,695,698,623,706,622,642,573,605,550,663,550,647,601,846,746,1007,710,716,830,755,635,638,563,663,618,662,627,884,646,744,885,1015,816,735,621,659,641,693,621,626,613,618,828,799,660,667,578,999,727,769,668,675,618,652,885,775,660,667,590,627,571,647,582,608,568,]
84,1,8,with_set,0.1,11,11,201,628,loop_limit,[885,817,675,682,616,635,583,602,588,592,557,937,719,952,682,720,631,702,885,768,661,677,632,667,632,635,598,619,585,983,731,753,656,722,648,1013,738,748,686,708,677,708,655,690,636,669,633,744,633,657,588,649,641,695,617,632,593,893,695,740,641,650,593,603,573,601,581,623,561,634,602,666,885,769,647,655,819,769,737,1021,763,775,653,681,620,650,572,619,587,713,617,699,638,709,696,691,588,646,584,667,626,608,555,647,604,676,587,935,852,943,726,684,683,682,614,692,885,773,657,713,608,694,660,688,637,678,637,910,696,713,618,672,809,792,878,739,607,611,875,768,631,690,626,651,599,597,569,876,690,704,640,670,612,961,712,689,602,644,574,627,578,658,857,759,880,740,636,697,606,627,596,586,627,680,824,723,875,766,815,959,692,734,637,694,625,651,585,982,719,714,833,752,647,629,584,632,606,615,564,677,628,]
84,1,8,with_set,0.25,28,28,201,699,loop_limit,[885,768,709,680,665,705,633,601,667,932,709,710,631,634,575,629,578,669,589,621,885,740,610,665,645,656,878,1021,729,1009,885,1009,763,947,706,704,633,652,624,699,611,695,587,685,609,878,692,889,694,703,686,710,647,676,587,979,726,726,661,679,631,685,662,646,623,725,623,602,827,993,739,715,628,661,644,688,606,656,657,679,677,664,576,611,838,818,679,745,885,768,744,722,651,672,631,704,611,621,601,614,575,841,666,685,626,742,663,706,652,677,597,689,632,709,596,628,643,933,715,978,728,976,875,819,685,652,578,607,580,1021,758,744,676,661,644,679,631,698,645,654,806,722,600,708,885,769,641,641,622,651,594,650,619,622,665,692,619,974,711,706,617,643,744,765,643,668,619,636,778,786,700,709,810,747,885,773,690,690,654,636,578,617,708,710,644,680,616,658,620,653,639,674,610,676,618,614,577,646,621,903,699,]
84,1,16,with_set,0.01,1,1,201,554,loop_limit,[885,1021,738,696,605,626,614,654,867,858,821,751,720,742,642,684,626,777,650,1021,713,751,628,877,658,726,830,926,726,705,636,614,592,1021,738,768,845,756,615,679,822,879,705,740,650,898,710,953,723,715,623,1021,885,792,885,1021,738,713,673,691,810,796,683,638,623,636,556,668,617,852,685,693,631,1012,766,738,636,795,885,768,885,1021,885,769,707,706,620,685,625,608,595,702,818,804,682,921,720,694,633,659,785,710,758,689,602,640,590,608,709,684,885,1021,766,825,829,754,640,714,640,694,816,790,712,698,581,680,621,655,885,785,643,855,746,719,885,769,885,825,645,1021,738,768,885,773,843,802,878,825,743,718,646,680,630,617,601,608,556,636,591,634,592,1021,741,766,631,722,645,910,694,707,843,761,687,677,637,658,785,773,719,701,633,667,650,633,765,715,766,704,628,668,613,623,575,682,769,691,633,643,625,635,554,]
84,1,16,with_set,0.05,5,5,201,759,loop_limit,[885,848,885,825,675,671,622,646,641,636,548,655,598,663,597,605,540,779,673,667,604,626,625,719,595,666,622,656,755,699,622,656,613,666,606,1021,765,725,640,651,676,661,650,720,643,672,791,720,724,718,629,656,653,1021,741,689,885,740,800,1021,743,721,614,604,560,662,885,769,833,931,759,752,838,756,671,688,598,897,701,1021,767,727,675,708,635,1021,885,796,885,781,885,982,864,1021,738,768,808,749,885,769,670,729,844,1021,786,966,692,770,659,672,619,655,581,963,714,661,601,686,592,649,615,702,780,706,618,698,613,663,597,638,592,1021,729,1021,885,825,652,704,830,762,681,699,649,650,595,622,594,591,531,726,651,654,591,623,562,654,617,641,618,623,716,885,820,950,718,721,624,884,726,707,816,967,746,776,638,665,646,671,779,729,638,662,643,1003,745,672,866,767,797,731,670,762,659,663,626,671,614,651,754,1021,759,]
84,1,16,with_set,0.1,11,11,201,670,loop_limit,[885,769,653,870,701,722,674,1021,695,881,885,775,667,663,597,601,715,769,845,737,633,877,877,788,813,762,674,666,746,674,573,618,577,601,566,604,566,778,743,709,586,1021,786,761,673,876,708,656,590,688,621,638,885,1021,782,699,885,769,885,795,885,792,636,719,651,719,633,865,699,656,885,1021,741,1021,743,722,636,655,632,651,574,605,885,1021,780,825,863,783,793,744,818,745,855,737,636,667,885,998,885,1021,713,720,647,753,647,753,647,696,626,832,699,710,774,719,646,669,590,655,581,644,760,711,603,630,658,705,662,654,596,1006,731,710,637,804,677,665,580,681,885,768,675,841,652,731,824,715,652,660,700,709,642,683,609,683,800,750,636,684,573,619,573,668,599,645,574,662,595,631,623,888,728,884,857,756,727,756,826,761,773,689,719,697,643,655,726,663,694,725,844,808,885,786,708,687,629,843,694,682,885,769,670,]
84,1,16,with_set,0.25,28,28,201,599,loop_limit,[885,980,704,671,727,700,610,626,690,682,589,642,773,710,885,746,878,740,743,721,807,796,885,790,695,719,850,774,725,923,739,763,854,961,744,709,622,698,589,666,778,892,707,921,703,665,573,639,575,1021,731,681,601,1021,729,688,639,696,581,648,596,647,585,650,627,1021,749,730,749,756,686,647,597,686,638,666,648,652,716,752,684,1021,741,756,614,628,552,609,755,695,613,790,651,838,661,856,694,873,885,978,774,770,837,733,885,769,676,732,670,687,625,661,885,1021,882,773,804,1021,885,769,672,692,669,627,885,746,659,645,774,753,646,711,619,890,710,708,885,998,747,784,825,763,697,672,623,755,661,668,594,633,611,1008,768,782,655,639,603,705,595,652,622,706,598,633,603,1021,752,957,738,722,640,696,663,654,623,644,609,672,594,616,651,698,613,687,885,790,668,665,609,615,558,620,580,632,737,696,624,672,626,646,599,]
84,2,1,with_set,0.01,2,2,201,15,loop_limit,[885,521,342,241,197,145,88,74,52,32,27,36,39,46,43,42,42,42,33,33,24,26,23,38,27,35,36,37,16,14,11,12,17,22,14,15,17,19,16,26,16,18,15,15,14,13,9,8,11,13,7,13,8,11,11,10,10,17,14,13,14,14,17,15,23,14,12,17,12,16,19,15,18,19,18,18,12,15,12,21,17,23,16,15,15,20,25,18,22,27,15,14,18,14,10,12,11,23,11,15,10,8,8,7,6,6,6,7,10,8,10,16,9,6,8,15,15,17,14,15,25,22,24,22,12,10,12,21,19,20,7,9,11,15,15,22,17,16,14,23,14,22,19,22,13,13,17,22,14,15,18,8,10,20,8,10,12,5,7,11,12,11,7,13,13,29,24,30,9,9,9,18,11,23,15,12,16,18,10,9,11,18,14,19,20,19,12,8,8,12,13,12,10,13,15,21,15,9,12,18,15,]
84,2,2,with_set,0.01,2,2,201,8,loop_limit,[885,574,331,239,197,178,197,150,166,147,104,76,64,68,45,41,35,35,25,40,25,39,38,35,26,28,28,20,18,18,19,30,34,42,24,18,14,24,20,28,22,15,13,13,13,22,19,22,18,23,18,13,18,20,20,14,10,21,18,20,18,27,21,35,28,30,20,13,11,21,13,10,9,13,12,19,20,16,16,17,18,18,17,25,16,25,12,21,16,15,16,10,8,15,13,12,12,11,10,7,4,9,8,6,3,4,7,8,9,5,6,12,10,20,15,23,20,26,14,12,7,21,20,16,13,10,14,13,15,14,16,20,22,19,17,22,18,23,18,19,14,15,13,7,8,10,12,20,17,19,22,30,23,20,23,28,32,37,36,47,40,33,23,27,18,15,13,17,16,18,15,7,8,14,5,10,14,14,11,20,20,18,14,10,8,16,15,9,10,9,13,15,12,15,17,19,14,17,12,12,8,]
84,2,4,with_set,0.01,2,2,201,11,loop_limit,[885,528,302,382,229,212,164,157,153,119,99,74,62,67,59,34,17,27,20,37,23,21,19,18,18,19,23,26,24,28,19,20,13,20,15,22,21,20,21,23,19,25,12,19,11,12,19,18,15,13,12,14,9,15,9,10,6,8,8,12,8,26,19,19,23,22,14,17,15,17,15,17,11,16,11,18,10,11,9,11,9,6,6,6,5,8,8,10,12,12,13,12,9,12,8,10,12,8,13,10,5,8,10,15,24,31,14,28,31,32,26,17,22,25,24,22,23,17,22,31,21,18,25,24,23,21,15,20,19,11,12,15,14,15,7,15,17,18,17,12,12,9,12,14,17,22,25,41,49,44,32,24,16,31,22,28,21,30,19,14,14,7,4,9,8,16,14,9,8,14,9,13,12,14,8,13,9,21,14,28,17,15,18,12,9,11,6,10,6,5,7,6,10,8,11,20,15,15,16,14,11,]
84,2,8,with_set,0.01,2,2,201,34,loop_limit,[885,753,399,307,196,129,97,76,64,59,63,59,41,50,48,59,48,59,46,44,54,36,41,39,26,31,30,31,36,33,26,18,36,25,25,18,25,33,21,23,20,22,18,19,13,30,31,31,35,31,35,37,25,47,30,48,34,28,20,22,15,10,11,14,12,10,6,8,7,8,10,15,11,12,10,18,23,27,28,24,22,14,6,6,6,6,7,4,6,11,9,11,12,15,14,25,18,23,16,16,14,22,16,8,7,7,8,10,9,9,7,7,11,9,9,11,8,9,8,6,8,11,13,15,16,21,13,21,23,23,25,33,31,42,31,25,24,40,41,32,29,28,25,30,10,23,12,7,10,22,11,9,7,18,8,9,12,22,20,27,19,22,20,20,21,23,21,36,29,32,24,30,25,19,21,18,12,14,12,15,22,25,15,19,6,7,8,7,11,20,10,16,9,13,16,29,31,35,17,29,34,]
84,2,16,with_set,0.01,2,2,201,7,loop_limit,[885,574,334,285,209,521,292,252,211,146,170,132,112,122,82,77,59,68,47,29,44,41,46,64,54,64,50,62,44,43,35,48,45,31,22,38,27,31,16,22,27,24,21,17,14,14,12,17,16,15,18,25,32,19,34,27,17,17,9,15,12,14,13,13,13,16,18,29,37,27,18,19,22,23,20,28,17,17,12,12,10,11,11,10,13,12,13,10,9,10,7,7,6,11,7,15,11,20,22,22,15,16,19,13,10,29,25,20,13,17,18,24,29,28,28,33,28,18,27,25,30,29,37,29,37,51,50,50,45,53,31,25,9,10,12,17,11,11,8,9,8,11,15,22,14,16,23,31,27,18,15,20,22,27,23,30,26,24,21,17,11,12,16,10,8,18,12,13,13,11,10,14,5,5,6,9,11,10,5,9,9,10,13,13,11,24,16,15,10,15,7,9,7,7,7,7,3,3,5,6,7,]
86,1,1,with_set,0.01,1,1,201,29,loop_limit,[351,305,138,144,108,103,57,87,48,82,35,65,40,65,40,43,38,55,33,59,42,57,34,52,29,70,37,60,36,56,34,41,36,65,46,74,35,58,30,53,32,53,26,58,33,67,30,50,39,73,38,64,41,47,28,40,22,40,20,42,24,37,25,45,29,62,31,53,28,67,33,66,33,43,29,51,28,48,31,54,25,29,28,48,22,53,33,42,30,42,30,51,31,41,34,50,32,48,31,44,35,48,23,46,33,67,42,82,43,80,45,78,37,79,47,64,38,71,32,50,37,56,27,50,24,55,30,55,34,64,41,65,34,49,31,46,29,54,38,56,40,73,39,62,45,69,39,39,18,39,18,44,26,38,21,32,21,36,23,39,24,37,31,45,23,41,31,58,30,55,27,40,21,38,20,41,27,45,24,52,31,43,25,46,29,56,25,42,23,43,23,57,27,61,33,44,40,44,31,63,29,]
86,1,1,with_set,0.05,5,5,201,34,loop_limit,[351,266,105,143,69,121,83,130,63,75,46,74,37,54,36,57,30,38,32,43,22,41,20,34,23,27,16,39,16,55,35,42,17,54,26,50,22,32,25,39,30,48,32,44,32,41,24,54,22,45,19,49,28,40,39,42,26,40,23,47,30,53,26,47,24,48,35,58,46,64,45,59,35,67,30,67,41,63,42,68,43,71,47,61,36,49,35,51,34,53,25,45,32,42,32,45,27,53,26,55,30,57,37,82,62,90,48,77,45,80,39,75,39,48,37,51,19,43,28,54,27,57,27,47,25,45,37,62,33,44,37,39,19,39,25,36,33,46,20,38,27,36,24,35,28,57,31,52,37,73,42,61,31,57,27,59,33,61,46,64,39,45,29,56,32,50,34,54,28,50,28,36,24,53,41,68,33,63,47,66,42,71,40,69,48,49,41,44,20,51,31,42,24,62,30,44,20,37,19,63,34,]
86,1,1,with_set,0.1,11,11,201,29,loop_limit,[351,318,226,192,93,166,81,75,40,76,44,60,37,38,26,52,31,46,19,39,22,53,25,43,22,47,21,50,24,44,34,57,35,43,20,49,33,44,32,56,30,52,27,46,25,44,21,54,29,61,36,57,41,55,31,47,28,38,33,63,35,69,34,43,35,43,26,62,30,52,43,59,34,58,28,45,32,47,30,62,47,60,32,65,40,60,31,64,34,53,43,77,31,58,21,49,29,52,39,46,27,63,37,52,19,48,29,40,18,28,24,29,19,35,22,34,27,45,29,47,34,55,43,58,40,51,33,45,33,37,35,55,36,47,43,55,38,50,33,57,39,55,46,40,32,51,39,49,34,59,34,63,37,55,23,29,19,33,30,53,37,53,31,57,28,47,36,49,28,57,29,54,31,79,46,53,50,54,31,60,36,56,40,61,41,48,24,38,24,55,40,50,29,38,15,45,21,37,24,42,29,]
86,1,2,with_set,0.01,1,1,201,27,loop_limit,[351,318,134,140,90,107,53,74,47,69,43,74,36,69,35,63,36,49,27,56,31,48,32,48,31,42,37,46,37,45,36,62,42,52,52,69,44,69,39,60,43,48,39,51,29,47,41,48,21,44,17,33,21,34,27,41,23,26,18,48,22,41,33,46,38,51,29,55,30,34,18,56,29,44,43,58,26,47,26,49,33,51,30,60,40,64,38,52,44,60,28,56,25,48,25,45,33,59,22,52,32,42,24,37,23,35,31,55,37,50,33,53,36,52,36,56,31,58,34,58,43,67,46,68,34,47,33,50,26,41,21,52,22,38,32,50,38,72,33,70,47,70,47,60,35,46,42,77,40,53,41,61,44,55,36,71,46,60,48,86,39,59,28,48,45,59,30,68,41,65,49,70,46,73,52,92,43,72,36,60,41,62,38,73,27,43,21,47,33,40,25,41,29,58,26,58,30,56,35,47,27,]
86,1,2,with_set,0.05,5,5,201,54,loop_limit,[351,305,138,139,75,96,52,65,35,63,33,56,36,69,47,66,35,57,36,52,37,60,27,57,31,44,27,36,39,41,25,47,30,58,33,66,37,47,46,51,29,48,40,60,28,60,37,69,31,64,31,61,43,66,41,51,35,46,43,68,37,60,27,54,20,39,22,35,26,48,36,44,26,39,27,42,22,38,31,61,31,79,40,49,33,37,31,33,18,47,26,44,35,45,20,33,20,44,28,40,28,54,37,52,23,59,30,56,36,62,29,44,42,63,32,63,36,57,37,49,34,37,22,31,24,49,32,45,27,46,35,62,31,59,29,67,42,65,47,65,30,59,38,50,37,63,44,60,42,68,33,43,30,59,37,59,30,63,37,58,30,49,34,48,31,73,31,45,19,31,27,45,38,56,47,56,47,59,40,55,32,66,31,55,31,51,28,59,34,54,37,64,39,59,28,73,35,77,57,82,54,]
86,1,2,with_set,0.1,11,11,201,26,loop_limit,[351,318,148,234,103,139,104,123,99,145,58,86,42,75,42,82,45,54,54,66,39,66,34,65,38,65,36,86,26,54,23,47,28,71,36,71,38,78,48,67,30,42,36,47,30,58,29,59,33,41,23,35,28,36,16,39,18,56,26,51,37,44,36,51,23,54,32,59,35,41,25,46,27,45,27,30,12,25,16,35,23,47,36,48,29,41,37,52,39,56,42,83,46,78,49,68,35,52,32,53,34,37,23,35,27,42,38,54,37,61,42,76,34,49,31,43,33,51,33,50,26,39,29,54,32,52,32,43,40,66,37,62,30,62,40,66,36,61,27,60,38,82,48,79,55,69,62,90,48,66,46,49,29,66,39,75,45,62,38,70,27,45,26,50,38,67,39,48,30,44,29,54,30,68,32,65,31,43,34,57,34,45,31,50,30,53,46,66,46,62,37,65,36,53,29,57,27,42,26,51,26,]
86,1,4,with_set,0.01,1,1,201,28,loop_limit,[351,297,133,148,93,114,86,95,50,76,36,48,43,66,42,51,43,58,34,60,45,82,47,75,30,39,44,41,25,56,26,53,27,59,27,41,28,35,30,39,33,47,15,33,17,36,18,48,27,52,29,58,32,48,30,48,28,48,29,40,33,57,32,63,32,72,40,72,29,53,32,60,33,68,38,68,48,87,45,59,39,76,40,73,43,61,35,46,18,34,36,31,20,45,20,43,18,28,17,43,23,38,27,44,25,43,19,49,33,34,16,51,28,40,26,38,18,47,30,40,25,35,26,48,29,54,22,58,22,31,19,50,34,53,31,59,34,69,43,83,42,50,37,45,26,51,28,47,36,45,28,51,36,51,22,34,35,63,28,57,33,72,41,63,35,53,27,62,34,58,34,48,37,50,32,54,37,72,42,53,28,41,34,55,30,49,32,63,37,91,44,76,59,76,45,63,41,52,40,52,28,]
86,1,4,with_set,0.05,5,5,201,39,loop_limit,[351,297,127,131,75,103,49,80,46,65,49,79,41,60,31,55,37,53,27,53,23,37,22,49,36,61,26,41,33,59,40,56,35,53,32,49,33,39,21,43,26,49,28,41,23,44,27,31,27,57,30,60,35,57,39,65,23,46,35,60,36,50,34,48,29,51,27,42,32,55,36,62,39,59,41,50,47,47,45,54,42,69,46,57,40,52,34,46,39,68,37,56,32,69,45,76,35,56,30,58,37,60,43,58,38,72,56,77,46,64,38,51,30,42,31,64,26,49,33,57,39,57,37,50,31,62,36,53,31,51,28,59,31,53,37,64,28,65,38,56,30,45,39,75,51,58,37,49,35,46,31,43,39,80,47,72,38,60,39,68,32,52,41,62,34,71,44,58,43,60,28,56,38,60,29,46,31,50,32,34,17,35,27,57,27,47,22,50,32,42,28,41,21,38,26,59,27,46,27,59,39,]
86,1,4,with_set,0.1,11,11,201,37,loop_limit,[351,285,135,152,82,97,55,84,51,79,46,97,63,103,60,82,50,56,28,42,33,54,39,62,47,56,30,53,32,53,32,65,34,54,32,61,46,64,49,80,59,92,55,100,55,94,47,69,36,55,39,62,46,51,31,38,33,42,32,37,21,47,22,46,25,44,29,38,32,38,25,48,22,35,33,55,29,40,24,34,18,39,25,46,38,58,28,48,32,73,40,58,48,61,31,52,30,51,29,51,26,46,34,57,40,58,47,75,46,71,44,78,51,76,56,71,38,70,49,63,47,95,44,76,42,63,31,50,33,48,36,47,33,52,35,60,33,58,33,63,31,50,17,47,26,46,20,41,27,30,29,45,21,38,25,59,26,42,21,50,24,56,24,41,25,52,23,43,27,55,24,58,26,55,26,41,22,55,25,56,26,45,36,53,35,54,29,66,33,66,49,89,46,62,41,55,28,33,29,54,37,]
86,1,8,with_set,0.01,1,1,201,53,loop_limit,[351,285,117,115,105,142,140,172,74,95,53,84,45,74,42,63,27,55,25,56,27,48,21,35,27,46,27,63,29,59,43,66,42,64,31,60,26,51,38,66,56,83,54,74,41,69,36,59,34,46,27,48,21,35,25,57,27,51,26,40,29,39,18,35,23,43,19,41,27,32,24,38,18,43,23,42,27,44,39,58,43,90,58,77,61,71,54,67,44,77,44,80,52,69,36,57,24,54,29,45,34,68,31,55,34,64,35,59,41,85,65,93,42,64,47,63,39,80,46,78,50,57,32,48,33,43,22,44,34,54,48,68,35,52,25,63,36,65,27,54,36,43,47,56,39,55,28,45,36,57,35,65,27,55,33,58,38,67,47,83,41,80,53,85,56,83,41,82,43,67,49,91,55,96,61,93,61,77,42,77,46,83,44,80,40,71,49,71,47,64,57,73,51,73,43,82,39,48,54,85,53,]
86,1,8,with_set,0.05,5,5,201,26,loop_limit,[351,297,265,242,200,406,170,181,85,103,53,76,37,65,50,106,54,88,38,44,28,64,36,85,43,66,49,57,60,90,55,73,35,47,32,68,34,54,27,43,29,45,34,55,41,63,34,51,36,51,25,57,27,52,37,72,43,72,42,81,42,67,31,56,34,39,34,73,59,92,67,107,43,80,36,53,27,48,24,29,23,37,29,59,53,80,39,55,35,71,40,69,35,57,48,86,60,77,58,87,70,98,53,105,57,105,71,110,64,93,52,71,46,68,39,59,35,58,29,37,32,42,31,44,28,40,31,66,35,61,35,60,32,46,41,49,42,62,43,65,45,61,48,64,41,59,40,82,60,90,45,76,50,73,62,96,70,95,52,73,37,77,41,57,33,57,44,79,52,77,46,62,37,69,37,71,49,82,45,62,46,73,72,117,51,96,55,69,63,94,48,81,44,56,31,56,32,50,31,55,26,]
86,1,8,with_set,0.1,11,11,201,38,loop_limit,[351,297,154,171,81,137,76,91,54,75,41,67,51,77,50,89,50,69,32,65,35,59,30,49,45,61,45,52,42,77,34,68,31,46,21,53,24,41,32,41,27,56,31,51,30,64,36,47,19,33,24,31,18,42,25,33,30,35,18,41,30,39,19,37,28,43,25,28,17,34,22,37,19,40,21,32,24,32,26,44,30,64,43,71,44,75,42,72,42,83,46,68,32,65,24,52,29,44,30,41,35,49,35,57,40,65,45,70,36,66,36,69,41,65,39,65,40,67,51,80,45,76,57,88,48,84,49,71,39,66,54,71,41,64,44,53,30,49,27,45,26,51,23,33,37,54,30,50,33,59,37,72,37,68,45,71,41,71,39,63,44,66,32,56,30,42,31,72,40,57,39,49,24,49,26,35,24,37,25,57,41,56,28,62,42,67,41,51,31,63,28,50,37,70,32,65,36,70,34,48,38,]
86,1,16,with_set,0.01,1,1,201,28,loop_limit,[351,355,207,285,100,129,62,93,48,100,77,115,88,116,64,79,50,85,38,60,36,51,31,61,29,56,40,64,38,79,46,68,100,121,73,102,44,85,41,81,43,55,46,38,32,46,26,40,22,34,28,61,27,51,31,45,27,71,38,64,33,51,39,74,44,63,44,62,38,56,32,53,26,42,21,43,32,48,29,39,23,31,28,44,24,53,28,41,25,48,32,55,27,49,34,46,28,48,35,58,24,46,32,36,30,36,23,46,31,36,37,35,22,39,20,25,14,29,20,45,20,37,29,49,32,37,26,35,26,40,27,41,30,38,39,51,32,53,35,56,38,49,33,61,37,62,37,69,40,55,42,72,37,48,29,59,31,54,31,56,39,51,39,75,48,69,48,84,55,73,39,76,44,46,30,51,29,57,32,57,36,57,30,46,22,51,24,52,33,67,28,73,31,55,34,52,31,59,30,53,28,]
86,1,16,with_set,0.05,5,5,201,24,loop_limit,[351,289,109,135,77,130,70,93,41,63,100,126,67,80,39,78,40,63,35,55,28,53,42,73,118,142,68,97,55,80,47,68,32,46,26,55,43,57,46,60,51,79,51,61,40,58,32,65,51,71,40,68,38,77,38,64,32,41,25,29,22,44,61,70,32,51,22,32,23,56,29,50,22,48,33,55,30,36,30,44,24,35,16,35,26,47,40,61,33,53,33,65,28,64,32,62,37,49,29,57,39,73,28,49,31,41,24,25,18,40,28,38,23,44,24,44,28,67,38,57,37,59,36,50,27,37,17,34,17,42,32,51,40,61,40,85,49,67,52,78,43,56,25,44,30,59,32,59,28,62,33,50,31,45,25,48,37,67,35,66,29,64,33,58,51,83,24,35,18,51,47,69,36,64,36,68,39,64,47,86,44,81,46,74,43,63,47,47,43,62,36,58,31,60,49,73,36,70,37,42,24,]
86,1,16,with_set,0.1,11,11,201,51,loop_limit,[351,257,119,142,82,146,67,91,56,74,43,72,42,69,42,54,49,54,35,49,34,38,24,55,38,41,34,55,32,42,24,46,23,47,26,41,29,43,32,44,28,51,29,51,18,35,21,31,27,51,30,51,35,67,41,61,46,68,51,67,41,61,37,63,46,57,32,58,30,43,23,38,30,51,30,47,32,54,31,57,31,43,23,37,29,45,25,34,22,32,18,39,25,57,33,63,43,49,19,51,26,41,26,43,22,39,24,53,23,49,27,46,31,53,26,42,20,35,27,43,31,50,24,38,22,45,34,59,29,67,89,126,87,108,66,91,43,48,31,60,34,49,35,47,38,45,38,55,36,59,44,77,47,65,30,69,27,49,40,59,34,59,31,59,40,49,34,65,34,52,33,70,39,57,39,63,36,54,24,48,27,44,27,50,40,64,41,66,33,62,39,62,40,57,42,68,36,60,47,80,51,]
86,2,1,with_set,0.01,2,2,201,14,loop_limit,[351,176,54,50,14,31,10,26,17,25,16,25,16,23,7,19,9,25,15,25,11,21,7,18,9,16,9,20,8,16,14,23,12,22,7,19,14,18,7,18,7,17,9,16,11,18,8,19,12,17,10,20,11,21,8,19,9,19,15,22,18,22,17,21,9,19,9,17,9,25,16,22,17,21,10,19,10,21,7,24,14,20,9,19,10,21,9,25,10,18,9,17,14,21,7,20,9,23,11,22,10,22,10,19,15,21,8,18,9,17,7,19,9,17,7,19,9,18,10,18,14,20,16,19,7,20,9,18,14,18,15,22,16,23,15,21,16,27,17,21,9,18,7,19,7,18,7,19,7,17,7,20,15,22,10,21,7,17,7,16,11,22,12,23,8,26,11,19,9,18,10,19,7,20,9,19,7,17,9,24,10,19,11,21,9,19,10,19,12,19,7,19,12,17,9,21,14,18,15,17,14,]
86,2,2,with_set,0.01,2,2,201,11,loop_limit,[351,187,58,40,15,24,10,18,7,19,9,24,11,26,18,22,14,30,16,22,7,18,9,17,7,19,7,19,14,19,9,25,10,24,14,23,12,20,7,19,9,23,14,24,9,18,12,26,7,17,9,21,9,26,17,26,10,27,10,21,9,23,14,24,21,24,11,19,9,18,14,20,10,25,10,19,14,27,16,21,8,23,7,19,9,17,8,20,8,16,12,26,10,23,16,18,7,19,9,22,11,25,11,29,18,24,8,19,7,18,7,17,11,18,9,17,7,19,10,20,11,17,8,24,7,20,9,24,11,24,9,17,7,23,7,17,9,26,11,24,11,21,8,18,7,17,14,27,12,26,12,17,7,17,9,19,10,17,9,19,11,25,18,23,12,20,8,18,8,20,9,31,16,17,7,18,7,19,14,27,10,19,16,24,13,20,7,17,11,25,10,21,9,22,10,21,7,17,7,17,11,]
86,2,4,with_set,0.01,2,2,201,9,loop_limit,[351,187,55,38,23,32,20,26,17,21,10,23,7,19,7,20,7,18,9,18,9,17,9,24,11,22,12,23,9,21,9,17,9,24,10,21,9,18,12,25,9,21,9,18,11,24,11,27,16,21,20,22,9,18,9,20,7,23,11,22,10,21,11,24,10,21,9,19,8,21,7,19,10,21,8,17,8,17,11,21,9,19,7,18,15,24,14,25,13,18,7,23,9,18,7,23,8,17,9,18,9,20,15,18,7,19,10,19,9,19,15,22,16,23,7,17,7,19,9,18,9,21,13,17,7,19,14,19,7,20,9,23,7,19,10,20,7,20,7,18,7,17,7,16,14,20,11,26,13,18,11,25,16,24,17,21,17,28,12,18,9,24,11,18,15,20,9,26,14,20,12,23,7,17,7,18,9,21,7,17,14,21,9,21,14,19,9,19,14,21,9,21,11,18,11,18,8,23,11,21,9,]
86,2,8,with_set,0.01,2,2,201,15,loop_limit,[351,141,108,57,17,34,9,19,7,19,10,18,8,26,14,24,8,20,10,21,9,17,14,21,7,19,9,19,9,18,10,21,7,20,7,17,14,19,11,19,7,17,14,27,12,26,10,24,12,20,8,20,9,26,10,24,11,24,12,18,10,19,15,21,17,21,10,21,7,19,9,25,12,21,7,20,7,18,7,17,9,22,7,18,7,16,11,20,9,18,10,19,8,20,11,23,7,17,9,18,8,17,9,20,8,23,10,23,9,23,10,19,9,19,15,28,11,22,10,19,10,18,7,20,7,18,10,25,7,20,15,27,17,22,15,27,15,27,10,19,14,17,9,25,11,26,10,18,14,21,17,19,12,24,13,27,15,19,9,20,9,21,7,17,9,24,12,19,13,26,11,23,9,19,7,25,10,17,10,20,9,20,10,19,9,16,11,21,8,18,8,17,14,19,9,21,9,18,11,21,15,]
86,2,16,with_set,0.01,2,2,201,7,loop_limit,[351,187,101,56,19,25,11,21,7,19,7,17,9,18,9,17,9,18,7,20,7,20,7,18,7,17,10,17,9,22,8,17,8,17,9,19,10,17,10,23,8,20,8,18,8,17,9,25,8,25,10,23,8,17,9,25,13,25,10,18,10,21,10,24,8,16,7,17,7,18,8,20,16,27,15,27,7,23,8,20,7,20,11,22,7,18,9,17,8,20,7,20,7,19,12,23,15,21,10,23,17,22,11,16,9,19,11,17,9,19,7,18,8,31,17,24,9,23,14,19,9,21,7,17,7,18,9,25,12,27,12,19,7,18,7,18,9,21,9,19,9,23,11,17,8,19,7,17,10,18,8,18,9,18,7,17,11,24,11,21,13,25,16,22,15,27,12,21,15,21,11,17,8,19,9,18,9,19,11,23,8,18,8,21,12,17,8,20,15,23,17,24,10,24,9,23,11,21,7,20,7,]
91,1,1,with_set,0.01,1,1,201,38,loop_limit,[569,312,257,172,159,134,173,94,94,101,107,122,118,104,97,76,77,62,62,66,68,61,53,49,61,57,41,47,41,50,55,51,53,78,97,96,100,76,84,77,68,66,68,74,67,64,90,70,88,86,101,76,83,75,78,73,70,74,62,69,55,38,33,40,49,57,69,66,59,55,47,39,43,42,57,49,50,43,51,53,47,42,33,30,44,30,45,36,24,40,28,26,33,35,32,37,31,41,50,53,58,52,55,62,78,88,85,73,77,72,58,53,49,35,50,35,49,41,49,45,55,53,46,43,38,48,44,56,61,53,70,45,44,46,48,46,67,60,65,65,60,58,53,59,58,55,70,69,62,45,51,49,55,52,58,53,46,41,50,72,82,73,85,78,85,84,79,68,73,79,86,86,109,81,76,90,74,66,63,64,65,50,58,48,74,48,60,57,56,67,52,44,36,23,33,29,35,41,39,41,38,]
91,1,1,with_set,0.05,5,5,201,48,loop_limit,[569,302,264,179,168,131,112,95,93,62,67,74,77,67,83,64,74,72,89,74,83,60,75,69,60,63,71,70,82,70,60,64,66,47,53,37,48,46,45,30,31,33,34,41,41,38,49,48,51,45,47,45,51,48,43,38,40,47,57,72,57,59,55,53,61,60,64,66,66,57,61,51,64,51,59,59,66,44,55,47,51,46,50,57,60,48,50,34,41,37,39,35,32,39,44,54,76,58,56,53,54,46,46,45,56,46,57,69,79,74,84,74,81,69,76,72,64,55,51,33,33,42,37,29,38,40,46,36,29,23,34,38,42,40,41,26,36,42,47,48,52,51,48,47,47,50,44,50,64,58,72,68,69,60,59,64,60,47,57,33,42,42,57,48,41,28,25,19,29,23,25,17,36,32,38,33,47,39,37,42,43,56,50,66,69,82,85,67,67,59,72,71,75,57,66,59,63,47,47,42,48,]
91,1,1,with_set,0.1,11,11,201,52,loop_limit,[569,280,235,174,161,109,96,82,80,58,66,71,56,64,80,50,67,60,47,46,45,38,49,34,48,54,56,65,55,50,51,58,58,55,46,51,56,51,66,73,68,56,54,57,49,46,64,67,74,71,58,55,67,68,68,72,68,55,63,52,50,55,69,59,60,53,54,60,58,42,33,43,50,59,71,63,63,58,67,62,75,61,64,55,60,50,47,40,52,40,41,36,51,41,39,25,65,47,53,64,56,62,71,39,46,37,39,30,30,28,25,33,25,24,45,54,55,58,45,48,43,38,33,35,37,29,36,42,47,43,49,38,29,31,26,30,30,35,40,45,56,53,53,52,53,40,71,54,67,64,74,69,92,62,77,62,75,75,66,61,71,67,73,73,78,81,82,75,85,77,75,59,61,47,49,61,61,52,59,61,63,69,66,56,66,48,58,49,65,44,50,56,55,42,40,48,47,41,45,41,52,]
91,1,2,with_set,0.01,1,1,201,49,loop_limit,[569,280,239,224,170,125,116,89,93,79,82,76,80,61,55,44,49,45,45,40,42,45,54,65,64,51,52,54,59,56,57,77,57,73,72,87,80,90,93,68,84,69,61,51,40,42,44,23,25,24,24,22,36,44,63,56,51,64,83,78,85,61,52,57,57,61,72,60,63,60,46,37,31,26,29,34,33,39,48,47,59,46,59,57,47,44,46,46,54,66,57,55,56,58,50,44,58,76,76,70,82,98,98,76,63,71,68,65,63,77,73,57,55,41,59,41,45,36,35,26,33,38,32,24,41,29,32,28,28,25,31,24,23,19,20,24,41,37,51,44,50,33,34,34,34,31,39,42,45,38,42,24,31,37,39,47,54,48,51,52,45,44,54,60,65,75,103,75,85,72,86,67,81,69,69,58,66,60,57,62,60,48,58,60,62,41,47,37,53,40,73,36,37,35,32,26,28,28,42,40,49,]
91,1,2,with_set,0.05,5,5,201,49,loop_limit,[569,303,228,146,129,84,88,77,76,83,91,94,91,73,99,78,70,80,93,85,93,75,86,70,81,66,78,63,74,80,90,75,63,59,54,42,43,48,45,50,47,47,55,46,43,30,41,46,46,42,55,53,45,42,46,45,45,42,50,37,31,25,46,46,44,27,35,43,43,41,41,55,70,74,66,64,66,45,58,72,92,71,81,74,92,81,66,55,76,78,76,89,96,86,76,61,66,65,73,65,89,83,81,78,77,80,77,61,84,72,80,54,49,42,44,43,40,48,63,58,54,60,62,62,71,66,65,44,56,52,53,63,67,50,51,49,57,54,39,47,56,35,51,39,46,42,47,44,52,43,38,41,36,33,45,45,56,52,49,53,65,48,53,59,55,58,50,43,69,66,49,44,56,51,48,63,48,58,56,45,46,47,59,52,49,50,54,49,63,65,54,62,70,53,60,49,66,49,58,55,49,]
91,1,2,with_set,0.1,11,11,201,44,loop_limit,[569,312,265,181,203,181,138,126,99,70,81,72,83,60,72,72,55,48,47,40,44,49,43,47,53,48,43,35,35,39,55,48,40,33,45,40,36,36,40,42,35,40,48,33,39,32,38,34,35,37,54,41,38,34,36,36,28,25,28,20,26,24,33,36,46,35,50,36,38,43,43,44,51,46,54,61,70,74,91,78,82,87,84,68,65,77,84,64,73,74,83,62,61,56,74,85,83,103,109,100,107,93,88,76,81,50,56,57,65,59,66,72,81,79,80,60,51,53,46,44,46,33,57,37,57,53,63,71,64,58,71,59,64,51,61,54,38,53,50,53,65,60,53,57,67,67,56,62,76,55,56,57,82,71,68,68,77,63,60,59,61,55,62,52,69,62,49,57,64,68,52,62,63,65,60,78,76,76,69,89,84,74,83,104,98,87,97,56,52,58,55,68,71,64,71,59,42,34,39,45,44,]
91,1,4,with_set,0.01,1,1,201,56,loop_limit,[569,286,276,181,141,112,156,133,166,122,138,104,110,109,91,89,92,81,89,74,75,73,77,80,90,83,83,66,48,41,42,43,43,47,46,51,62,59,61,57,57,64,65,52,59,50,53,51,53,45,64,46,44,41,42,35,40,36,42,44,44,47,56,40,30,30,33,37,35,40,38,33,30,36,46,36,50,39,47,45,52,49,54,43,52,57,55,49,50,36,30,39,30,27,38,40,47,57,67,57,69,55,48,70,65,60,54,48,68,72,71,74,77,65,44,52,60,56,64,64,73,64,66,49,39,44,43,51,73,69,57,57,74,56,74,59,73,66,71,53,58,50,93,78,74,85,98,96,86,72,94,84,83,81,71,69,47,36,54,41,45,51,48,46,33,31,28,28,31,35,48,28,26,40,34,26,29,27,48,24,28,45,39,35,31,30,45,29,38,30,33,43,38,42,49,38,41,43,48,49,56,]
91,1,4,with_set,0.05,5,5,201,52,loop_limit,[569,280,253,168,155,117,111,97,88,74,63,71,72,59,75,82,80,72,73,58,63,59,59,58,41,60,70,48,50,48,59,63,67,50,67,55,42,28,48,34,31,31,50,36,44,52,45,55,76,55,63,60,50,47,43,50,42,28,31,36,40,48,53,37,47,47,62,58,59,48,68,54,58,67,69,70,74,90,93,77,90,108,134,124,112,138,127,102,109,102,95,85,94,78,86,78,68,73,80,72,62,64,103,85,93,71,82,76,114,90,88,78,61,52,48,41,63,61,67,46,65,57,101,75,97,124,109,117,93,69,71,90,70,68,72,97,105,87,73,75,59,65,69,70,70,75,91,69,68,59,68,76,61,59,68,64,70,71,83,89,77,83,82,101,105,81,80,83,98,91,79,97,92,71,68,50,45,55,55,51,54,61,47,37,36,41,41,48,55,62,69,54,65,75,70,67,68,62,74,61,52,]
91,1,4,with_set,0.1,11,11,201,69,loop_limit,[569,283,235,235,235,235,235,152,173,191,167,123,121,116,121,112,141,120,109,103,102,106,89,79,83,85,75,68,66,61,66,63,69,61,62,41,58,58,53,46,52,53,70,63,67,62,63,62,69,75,80,67,72,89,86,55,52,37,51,47,65,82,104,101,108,80,114,100,100,109,100,85,94,85,90,81,68,63,76,77,72,77,77,71,68,93,96,107,103,102,89,93,79,85,93,72,116,99,105,82,90,79,61,56,50,41,49,47,46,38,44,32,39,32,35,39,33,48,51,41,55,49,41,34,51,58,41,40,42,34,35,42,45,52,54,52,52,53,53,43,33,34,36,49,41,47,49,60,81,61,70,61,62,67,65,62,59,57,68,57,60,56,60,62,69,70,65,70,58,47,53,43,32,42,48,41,41,35,33,33,35,29,27,17,19,26,25,20,32,30,32,36,38,33,51,55,61,66,64,58,69,]
91,1,8,with_set,0.01,1,1,201,52,loop_limit,[569,296,241,150,137,106,119,106,134,104,90,65,65,49,48,55,65,74,75,71,80,86,84,87,71,46,39,38,41,36,45,43,42,48,51,43,52,50,55,46,49,43,47,46,40,38,40,40,52,41,53,53,40,38,38,34,32,30,41,32,38,44,48,40,42,48,53,58,53,50,65,47,48,52,64,62,69,51,50,44,48,39,55,49,51,45,60,66,74,48,63,51,53,34,44,41,62,51,65,65,64,58,62,45,37,37,45,47,50,44,45,46,42,50,49,45,38,57,65,52,59,57,51,41,56,48,35,23,38,27,30,39,29,48,43,42,52,50,40,48,53,62,61,61,55,54,65,53,60,64,71,54,77,62,72,75,81,75,77,83,80,78,97,63,64,54,55,40,70,40,50,54,64,51,82,60,63,57,60,69,82,68,77,80,80,78,75,72,79,75,57,48,58,58,56,45,57,45,53,56,52,]
91,1,8,with_set,0.05,5,5,201,46,loop_limit,[569,283,320,171,182,249,197,215,199,133,126,88,102,73,66,54,155,108,124,117,113,106,97,95,74,64,60,49,49,53,51,58,46,53,44,40,47,61,51,49,58,38,35,45,40,48,45,54,56,48,43,50,51,48,76,60,56,50,59,70,71,65,126,85,81,60,47,38,42,53,54,46,59,48,41,40,48,52,60,61,72,58,76,72,69,79,60,109,88,65,67,66,56,55,52,54,68,52,43,51,42,47,73,63,61,71,80,66,71,46,42,45,49,44,41,48,71,57,78,69,73,67,87,71,92,82,87,83,78,79,105,88,96,82,72,48,47,47,48,44,44,35,34,35,45,35,44,45,54,71,69,84,92,72,54,55,66,60,55,46,61,70,74,60,60,66,66,50,59,52,59,52,62,50,60,80,60,52,61,57,58,58,61,48,42,50,63,57,64,57,54,43,57,43,51,50,51,58,48,53,46,]
91,1,8,with_set,0.1,11,11,201,33,loop_limit,[569,303,306,374,284,178,329,205,306,250,218,163,161,144,134,104,100,89,89,85,98,86,81,72,83,70,77,118,120,81,151,128,114,181,119,102,80,70,79,74,84,82,83,88,91,152,123,97,109,94,84,79,67,71,84,72,76,67,70,58,58,56,53,45,56,61,55,53,68,66,67,89,67,60,63,52,57,53,72,57,54,57,69,76,129,95,79,94,101,84,83,69,67,61,71,82,80,60,58,68,65,64,74,64,55,39,43,36,45,36,42,37,40,33,52,40,38,31,33,31,31,37,40,49,36,27,25,21,30,27,21,18,19,25,19,22,20,18,20,21,27,23,34,28,23,23,21,18,24,25,30,38,39,43,52,41,38,37,39,38,81,64,65,49,56,44,55,49,70,63,60,84,67,78,74,91,102,104,102,78,97,73,73,53,49,86,74,61,63,61,63,57,49,44,45,42,46,52,45,42,33,]
91,1,16,with_set,0.01,1,1,201,25,loop_limit,[569,280,569,305,222,185,208,154,131,94,99,85,94,73,85,69,61,57,60,53,149,93,82,74,75,82,82,111,95,75,91,83,89,82,60,60,73,60,74,76,74,75,79,79,80,78,79,76,70,69,65,56,64,71,65,43,48,51,48,37,33,32,36,70,58,57,46,49,45,31,35,39,34,99,85,70,79,71,68,67,73,52,45,35,40,33,40,43,54,51,44,37,33,39,41,25,30,34,30,31,38,36,38,33,24,33,48,48,60,42,54,47,53,40,44,30,35,39,49,51,48,44,64,129,101,86,68,72,59,67,76,88,78,99,103,88,94,84,94,83,209,239,166,135,97,73,95,73,81,73,66,55,69,67,67,56,54,57,60,34,37,26,31,39,37,24,45,41,36,32,33,31,35,34,37,28,35,34,44,39,38,46,53,47,71,57,51,63,53,46,46,30,73,51,53,50,39,30,36,29,25,]
91,1,16,with_set,0.05,5,5,201,43,loop_limit,[569,283,223,339,227,165,151,107,108,87,95,175,153,118,155,106,96,160,155,123,87,171,198,143,145,154,147,109,96,84,75,75,202,135,125,96,100,164,132,104,105,219,156,113,119,94,92,83,99,65,76,62,63,67,63,58,64,63,45,44,48,39,47,37,31,38,49,50,79,63,60,63,69,61,80,72,143,86,65,63,58,39,35,53,58,50,45,58,41,34,33,39,45,50,52,48,47,42,50,47,59,52,57,75,64,53,57,55,70,64,70,70,67,44,61,59,83,64,56,38,58,42,121,104,101,104,113,96,84,71,94,77,86,81,91,82,89,76,67,68,69,56,51,51,50,37,34,28,26,27,32,30,25,33,35,38,41,32,39,28,28,40,50,40,40,44,63,42,37,35,44,32,29,34,60,45,62,55,72,67,53,140,102,71,75,62,57,52,59,54,45,37,44,44,34,27,26,27,36,32,43,]
91,1,16,with_set,0.1,11,11,201,82,loop_limit,[569,286,239,147,143,115,147,115,137,93,99,74,91,78,95,68,71,69,70,43,46,44,47,44,50,52,53,58,67,58,63,50,47,128,133,97,93,82,68,82,84,79,64,74,85,61,69,53,49,40,60,44,51,53,44,38,38,33,36,32,33,32,41,27,29,25,32,33,32,49,39,43,46,35,55,55,51,36,43,36,41,33,44,37,49,43,51,45,50,44,39,29,31,25,49,28,34,28,32,29,41,46,41,40,44,54,56,61,42,53,53,50,60,52,60,75,91,76,79,79,95,79,98,76,107,91,100,79,69,160,129,92,100,92,101,86,84,75,80,66,160,132,121,111,119,92,87,91,99,67,75,79,90,105,90,77,84,67,69,87,89,172,115,101,102,76,104,95,97,77,74,68,63,64,165,126,203,223,178,145,137,90,134,108,102,108,100,92,89,70,85,78,86,95,96,111,112,101,127,89,82,]
91,2,1,with_set,0.01,2,2,201,3,loop_limit,[569,195,120,68,28,20,12,4,3,4,2,4,6,3,4,4,8,10,7,9,7,6,5,8,10,10,12,8,7,3,7,4,4,4,8,5,5,4,5,6,3,4,5,4,3,4,6,5,5,6,10,14,5,7,4,5,5,2,5,2,3,3,5,4,3,4,7,4,5,4,5,6,11,8,7,8,14,7,7,5,3,7,5,3,3,6,6,5,4,5,9,8,9,4,4,4,5,5,9,10,5,6,4,4,3,4,4,3,9,5,5,4,9,8,11,10,4,4,5,5,6,6,8,5,11,6,3,2,5,5,3,7,2,4,3,4,5,3,5,5,12,12,5,6,4,5,9,6,6,8,5,2,5,4,3,4,5,4,9,7,7,7,2,5,4,6,4,3,3,4,3,7,6,4,5,4,3,6,5,2,7,4,4,6,2,4,4,5,3,3,7,6,3,5,3,5,3,3,3,3,3,]
91,2,4,with_set,0.01,2,2,201,8,loop_limit,[569,185,83,34,29,16,7,4,4,5,6,8,6,8,3,5,5,2,7,4,7,4,7,6,9,7,7,8,14,16,8,9,6,5,8,3,5,5,8,5,3,3,2,2,5,6,4,4,7,4,5,5,5,4,4,4,7,5,2,3,3,4,2,4,5,2,4,4,5,5,5,4,5,5,5,5,5,4,2,4,7,5,5,5,4,4,9,5,3,5,5,3,7,4,5,4,4,5,3,5,4,4,6,8,8,10,7,4,4,6,8,9,13,7,5,6,10,11,7,4,2,2,4,4,9,6,7,9,8,9,6,8,7,5,8,8,3,4,5,3,7,5,5,5,5,6,5,7,10,6,5,7,8,5,6,4,5,5,7,5,5,2,3,3,3,5,9,4,4,6,5,5,5,6,5,9,16,8,8,8,6,2,3,5,3,4,2,4,5,6,11,4,5,4,3,2,3,3,5,6,8,]
91,2,8,with_set,0.01,2,2,201,7,loop_limit,[569,190,92,42,23,19,20,10,11,8,7,6,5,3,3,5,5,4,6,6,11,7,5,6,5,6,8,3,6,5,3,5,6,5,6,5,3,2,2,3,3,2,7,4,7,7,5,8,13,7,9,7,3,5,9,13,8,10,8,8,4,5,5,5,9,13,8,6,6,6,5,7,8,7,8,5,5,4,4,6,4,3,7,5,5,4,9,4,2,4,4,5,5,6,3,5,4,4,5,2,3,4,5,2,3,4,2,4,8,8,3,5,9,5,3,5,9,4,4,5,5,2,3,5,3,2,3,5,7,4,5,6,10,4,6,4,3,4,7,9,3,6,10,5,5,4,2,2,8,5,3,2,3,5,5,4,5,5,5,3,3,5,4,4,7,5,6,4,5,5,3,5,5,4,4,2,4,4,5,5,9,7,3,4,4,4,8,5,5,5,7,9,3,3,3,4,3,4,5,7,7,]
91,2,16,with_set,0.01,2,2,201,10,loop_limit,[569,195,110,61,28,16,15,6,7,4,5,2,4,6,5,4,9,5,4,10,8,9,10,7,5,8,8,3,10,11,6,5,5,4,5,4,5,5,5,5,7,6,3,3,3,5,5,4,3,5,7,6,6,5,10,6,5,7,12,8,7,8,12,7,5,7,8,4,5,4,5,2,2,4,9,5,7,6,5,4,5,4,5,5,3,5,10,6,5,4,7,6,3,3,2,4,2,3,5,4,2,4,6,4,7,5,4,5,3,4,3,5,3,4,7,5,3,4,5,6,4,6,5,6,8,5,7,7,4,4,3,4,5,5,5,4,3,4,2,2,5,6,6,6,11,3,7,4,3,5,5,5,7,4,7,4,2,3,2,4,6,4,3,4,3,5,9,4,5,2,5,5,2,4,5,4,6,4,7,6,6,6,11,8,9,7,10,5,6,5,3,5,7,5,8,8,6,8,8,7,10,]
92,1,1,with_set,0.01,1,1,201,12,loop_limit,[379,142,91,59,60,38,31,22,28,24,17,17,14,15,17,14,17,16,20,18,15,12,11,17,17,12,16,9,12,8,10,8,7,10,15,14,15,14,14,16,21,15,16,11,11,12,16,11,8,10,10,9,9,11,11,8,11,10,10,11,14,9,8,10,12,10,16,11,6,8,13,12,10,11,7,9,10,13,14,11,7,9,10,8,10,9,6,8,10,9,15,7,11,9,13,12,10,8,8,11,10,10,13,8,10,9,9,7,8,9,12,11,11,10,11,10,9,8,8,10,14,14,14,9,15,13,11,10,11,9,11,11,9,8,10,10,11,15,9,10,11,12,10,16,12,13,17,13,12,12,11,10,12,10,13,11,14,13,12,9,8,11,9,9,12,7,7,10,11,10,18,16,14,14,17,12,18,12,9,14,15,9,16,12,19,11,15,15,11,12,11,11,8,9,11,10,8,8,10,10,12,]
92,1,1,with_set,0.05,5,5,201,9,loop_limit,[379,136,96,52,38,30,22,19,21,16,14,8,13,8,12,10,15,14,12,10,11,10,8,9,11,10,11,10,11,8,13,12,14,10,17,12,16,12,11,11,8,8,8,8,10,9,10,10,10,9,13,11,9,8,15,8,11,10,15,14,19,13,12,14,17,16,17,13,13,13,13,12,18,16,21,24,24,18,17,16,18,12,10,10,10,9,13,10,8,12,11,10,16,12,15,12,13,11,9,9,10,12,16,13,15,9,10,11,10,11,16,14,15,10,11,11,15,11,14,14,12,8,11,11,12,10,12,12,19,15,16,13,13,14,12,12,15,12,13,13,9,10,12,11,10,11,14,10,14,11,11,9,15,12,15,12,15,14,13,11,11,10,10,12,13,10,8,10,13,9,13,12,8,10,8,12,14,14,14,14,21,18,18,18,22,18,12,11,12,10,19,17,18,14,17,9,10,8,12,10,9,]
92,1,2,with_set,0.05,5,5,201,13,loop_limit,[379,143,97,59,70,41,39,29,17,17,20,19,22,16,15,12,13,13,19,17,12,15,20,12,15,14,16,15,14,11,15,11,11,11,13,14,12,9,10,9,9,13,11,10,13,13,14,11,14,10,11,11,9,11,13,11,11,11,11,12,14,10,10,12,12,12,15,11,14,12,11,11,16,11,9,10,14,14,22,19,22,23,19,16,18,15,11,13,13,11,17,14,17,16,14,12,11,10,7,8,12,12,15,13,14,12,8,9,15,11,16,12,8,11,16,14,16,14,16,11,14,8,13,8,10,10,13,10,11,13,8,9,11,11,11,12,16,11,17,16,16,12,15,11,13,10,11,9,9,9,8,9,14,10,11,10,13,12,8,12,17,18,14,11,12,13,15,12,10,8,12,10,14,11,15,15,15,15,17,18,17,14,8,8,14,11,11,11,10,9,12,13,10,10,17,14,16,7,6,9,13,]
92,1,4,with_set,0.01,1,1,201,9,loop_limit,[379,141,93,45,58,32,37,25,17,14,12,10,8,9,15,9,12,11,11,9,12,8,9,11,12,8,10,8,11,11,10,8,11,8,10,10,14,10,12,15,15,19,15,11,14,8,13,8,10,9,12,10,14,13,17,13,21,12,19,14,20,14,17,13,13,10,13,11,8,9,10,8,11,8,11,11,13,13,11,11,14,9,12,10,12,10,15,11,15,12,13,13,14,20,24,15,15,10,12,9,10,9,11,14,16,10,15,11,16,12,14,14,19,12,14,12,17,13,17,14,15,14,16,13,10,14,17,13,14,16,16,11,16,13,15,13,12,14,18,18,14,14,14,10,17,11,15,8,11,9,11,9,11,12,8,12,15,11,13,13,15,12,18,12,11,9,11,12,16,15,15,12,10,9,14,7,9,10,13,10,11,13,15,12,13,12,17,11,15,13,16,17,19,11,14,16,21,16,21,11,9,]
92,1,4,with_set,0.05,5,5,201,13,loop_limit,[379,141,75,43,42,29,31,20,19,17,23,16,9,10,10,11,7,7,11,8,11,10,14,15,16,13,21,12,19,17,17,11,14,10,11,11,16,8,10,11,15,15,15,7,11,11,11,11,17,11,17,17,17,10,9,9,7,9,13,11,13,12,18,14,9,12,16,16,14,14,16,10,9,8,11,11,16,13,18,11,14,17,21,21,26,18,20,11,11,11,12,10,12,15,16,19,17,11,9,9,11,9,10,11,12,12,15,12,12,9,7,10,15,11,16,17,20,10,11,11,14,10,12,11,13,11,16,10,10,10,13,10,15,13,10,9,8,9,10,9,12,12,12,10,15,10,18,10,9,11,16,11,12,10,8,10,14,11,11,9,12,8,10,8,15,13,12,11,14,11,13,12,15,14,17,18,16,10,13,12,15,11,13,10,10,14,10,14,16,12,14,10,13,10,14,9,12,11,10,10,13,]
92,1,8,with_set,0.01,1,1,201,10,loop_limit,[379,136,104,65,45,26,27,23,23,18,24,16,13,17,11,17,14,11,13,11,15,10,12,11,11,15,14,13,15,8,9,8,15,10,15,9,11,8,12,11,10,10,12,15,15,15,15,12,14,13,14,12,14,13,12,10,11,8,8,10,15,13,10,9,10,13,16,11,15,12,9,10,10,13,14,7,9,9,14,12,9,11,15,11,15,13,15,16,15,12,14,9,13,10,14,13,16,17,10,10,14,13,13,11,10,11,12,10,10,8,13,13,11,12,14,16,12,13,13,10,14,9,11,11,12,10,15,10,12,11,12,11,11,9,6,8,12,8,10,8,10,10,15,10,9,12,19,12,13,9,14,11,15,15,13,15,14,9,12,13,16,9,11,10,10,10,15,13,11,15,16,9,10,9,14,10,10,8,14,11,15,13,13,18,25,16,15,14,11,10,15,14,17,14,12,16,14,9,9,9,10,]
92,1,8,with_set,0.05,5,5,201,13,loop_limit,[379,146,152,85,65,35,36,25,17,20,22,23,20,11,15,8,9,12,16,14,16,16,15,13,11,9,13,12,12,10,14,9,12,9,13,8,11,9,6,7,11,13,17,14,21,13,15,12,16,12,14,15,20,15,7,9,14,12,16,11,15,9,11,10,8,9,15,11,8,9,12,11,12,10,13,11,13,11,19,15,17,13,17,12,13,11,11,9,13,13,16,14,17,10,13,16,14,14,16,12,15,10,9,9,6,8,10,9,8,9,9,9,12,10,11,12,16,15,20,17,20,19,15,10,11,11,15,11,11,11,11,11,12,12,16,15,9,10,12,10,13,11,13,14,17,12,13,14,15,12,16,12,21,14,18,13,12,11,15,11,15,14,15,14,14,10,13,12,12,11,14,9,9,10,12,12,15,12,11,9,10,9,12,10,13,11,12,12,12,13,12,10,15,12,16,11,12,14,12,10,13,]
92,1,16,with_set,0.01,1,1,201,10,loop_limit,[379,170,159,85,62,37,40,24,28,18,13,13,13,10,10,12,12,13,10,13,13,9,11,11,12,10,8,9,15,12,11,18,14,13,13,14,19,13,14,14,15,11,15,14,15,9,10,10,12,15,14,11,11,13,16,14,20,17,13,12,16,11,14,13,16,14,14,11,12,9,11,7,9,10,12,8,8,10,16,14,17,16,12,16,16,15,16,10,12,11,13,12,8,8,10,8,12,10,15,13,15,17,14,14,10,10,12,10,13,11,12,14,13,10,10,8,15,14,17,16,20,22,19,17,13,11,11,11,14,11,14,14,14,11,8,9,13,12,14,9,11,10,7,9,9,11,9,9,11,11,13,10,13,9,14,13,11,12,11,10,13,14,10,10,14,14,9,11,9,10,14,10,12,12,13,14,10,10,12,12,11,12,12,13,16,15,35,15,22,13,9,10,12,8,10,9,13,7,10,9,10,]
92,1,16,with_set,0.05,5,5,201,9,loop_limit,[379,144,87,143,103,57,34,24,26,15,12,12,16,12,10,12,15,8,10,10,16,13,15,10,11,14,10,11,12,12,15,11,14,12,13,12,14,11,12,11,15,11,16,12,20,12,13,10,13,11,17,14,18,10,13,13,18,12,16,13,11,10,11,14,15,13,15,13,13,9,10,9,9,10,12,14,17,11,18,11,9,8,11,9,16,11,16,12,14,11,14,8,14,13,12,11,13,13,15,12,14,14,17,13,15,17,16,7,8,8,11,9,10,9,9,7,11,7,11,8,11,11,13,11,13,10,14,12,16,10,12,15,13,11,15,12,14,11,17,11,16,11,13,13,18,14,16,10,8,10,26,13,12,12,15,13,13,13,12,11,16,11,10,8,11,10,14,10,15,11,11,9,11,7,11,12,8,10,10,10,13,13,17,16,17,11,13,11,14,10,11,8,12,11,13,10,14,11,12,10,9,]
92,2,16,with_set,0.01,2,2,201,2,loop_limit,[379,79,27,9,12,4,5,3,3,3,6,3,3,3,5,3,5,2,3,4,5,3,5,2,4,3,3,4,4,4,5,3,7,3,6,4,4,2,6,3,3,3,5,3,2,4,3,3,7,3,7,3,3,3,3,2,3,4,4,4,5,4,3,2,3,2,3,3,5,3,5,3,6,3,3,3,3,3,4,3,3,3,3,3,5,3,3,3,4,3,2,3,5,2,3,3,5,3,7,3,6,3,3,4,4,3,5,3,3,4,6,3,3,4,4,3,4,4,6,4,6,2,3,3,6,3,3,3,3,2,3,3,2,3,3,3,6,3,3,4,4,4,5,5,3,2,3,4,6,3,5,3,4,6,4,3,5,2,2,3,4,4,4,4,3,4,4,3,6,3,3,4,5,3,3,3,4,4,4,3,2,4,6,3,3,3,3,3,6,4,6,3,3,3,7,2,3,3,2,3,2,]
96,1,1,with_set,0.01,1,1,201,18,loop_limit,[381,265,151,156,79,70,48,60,51,48,45,61,41,46,28,27,25,26,14,16,12,16,13,12,13,23,21,27,17,25,10,13,13,17,13,23,13,16,11,19,23,29,30,39,31,26,28,25,11,9,9,7,14,14,26,26,31,29,34,28,26,25,24,26,28,20,18,20,16,9,12,8,11,11,17,18,14,17,14,18,15,18,17,11,14,10,19,20,18,16,18,18,21,18,17,22,21,26,17,23,27,27,29,25,12,14,14,12,10,18,16,13,16,18,17,24,13,10,13,11,6,13,10,18,16,15,11,22,22,23,21,35,30,33,24,27,27,34,32,35,29,26,14,12,11,6,8,4,10,7,9,13,15,20,21,19,10,10,14,14,11,17,18,16,23,21,19,19,9,7,7,7,12,7,13,16,9,5,8,7,8,8,11,6,11,15,11,9,11,10,13,12,12,10,13,20,15,25,23,26,18,]
96,1,2,with_set,0.01,1,1,201,8,loop_limit,[381,271,146,119,78,98,62,64,48,62,66,61,48,61,37,38,45,42,30,24,22,26,19,23,30,34,27,36,29,35,44,48,42,44,37,37,26,29,20,30,26,30,26,26,19,22,16,13,23,25,22,22,25,30,23,29,30,24,21,15,13,14,19,12,8,4,9,4,11,8,9,11,9,14,12,10,12,10,7,6,11,11,12,7,11,10,9,13,8,7,4,6,5,7,7,11,12,12,10,12,14,12,17,20,21,15,17,12,15,12,21,27,22,19,20,16,19,18,13,16,19,15,17,24,26,31,40,38,33,38,14,15,17,31,12,7,10,8,8,6,13,13,15,11,18,25,13,19,13,19,29,27,22,27,19,24,20,20,13,20,14,22,13,14,9,11,11,15,17,16,20,20,22,15,13,17,18,17,18,17,21,23,20,21,20,21,13,11,14,14,11,10,3,4,8,10,6,7,10,7,8,]
96,1,4,with_set,0.01,1,1,201,24,loop_limit,[381,271,166,124,96,115,94,95,51,48,37,45,30,36,26,32,39,38,28,33,32,32,24,30,31,40,36,41,24,15,18,19,9,11,21,23,19,13,11,9,8,8,12,15,10,16,12,7,10,4,5,3,4,3,5,4,10,12,16,10,8,8,12,15,15,17,17,23,15,11,15,11,14,10,10,12,11,12,10,9,13,9,18,19,25,30,21,20,22,27,20,22,21,24,23,28,23,16,12,10,11,9,4,5,5,4,5,3,3,3,5,7,14,12,9,10,14,8,15,24,22,26,20,23,21,23,15,15,10,8,12,13,11,11,18,18,15,14,17,23,23,31,18,20,13,19,19,19,16,14,22,20,22,31,25,29,21,12,12,11,13,10,7,9,13,13,15,18,13,19,15,19,16,10,10,12,14,11,11,8,10,8,11,10,7,5,8,7,10,12,10,8,17,15,12,15,12,16,12,13,24,]
96,1,8,with_set,0.01,1,1,201,11,loop_limit,[381,292,184,177,126,121,68,52,38,56,53,71,60,57,40,39,34,40,32,38,33,29,29,31,32,30,23,24,10,10,13,13,12,15,8,15,11,12,11,10,5,3,4,6,7,7,5,4,10,7,9,7,15,13,17,17,10,15,16,19,12,9,17,19,18,28,14,19,17,18,20,20,22,25,17,17,15,17,10,10,13,9,6,7,11,11,6,4,7,7,9,15,9,12,16,17,16,15,8,17,24,27,27,26,29,38,33,31,27,28,18,31,26,22,15,15,7,12,10,10,14,13,15,10,12,11,10,13,16,8,12,9,13,12,6,8,10,6,11,7,9,8,9,7,8,12,13,19,16,19,19,17,11,13,10,10,6,10,6,7,9,10,11,13,17,12,14,12,15,11,9,11,8,8,13,12,7,8,10,5,8,7,9,7,14,15,11,8,9,9,15,11,8,9,8,10,13,10,13,13,11,]
96,1,16,with_set,0.01,1,1,201,30,loop_limit,[381,286,166,129,101,84,73,79,68,60,40,49,39,49,36,41,27,22,14,22,17,11,12,6,8,9,13,15,12,17,6,4,4,6,7,15,7,10,5,6,6,7,9,13,19,13,12,17,19,24,28,25,11,13,14,16,9,18,13,17,14,22,13,13,13,13,16,18,12,14,14,11,5,6,9,7,8,10,8,4,7,5,10,8,9,7,12,12,14,21,16,20,15,23,16,18,15,15,5,5,10,10,14,10,6,6,9,11,11,6,7,5,8,6,8,5,8,6,3,4,5,10,12,11,14,16,14,21,24,16,14,39,24,19,15,17,9,17,21,22,19,25,21,22,23,26,25,38,28,38,32,28,22,20,18,27,28,27,15,11,11,12,16,20,22,25,24,30,22,29,19,19,23,26,22,17,17,15,23,28,18,18,18,13,10,16,21,23,18,26,27,68,40,48,36,35,38,34,25,31,30,]
104,1,1,with_set,0.01,1,1,201,18,loop_limit,[438,279,250,175,105,89,70,59,45,46,39,38,28,29,18,13,15,8,14,13,17,18,18,24,21,24,25,27,22,27,13,15,14,21,15,23,18,24,12,19,19,28,18,25,18,23,21,18,16,17,13,23,18,18,21,20,17,18,22,21,16,14,18,26,27,24,21,16,19,16,13,19,22,26,28,43,32,25,18,19,15,20,15,24,15,26,12,11,12,12,14,10,10,6,13,13,14,11,12,12,14,14,18,21,20,25,24,38,20,23,29,33,23,19,24,28,29,24,22,21,24,13,9,15,22,21,20,30,21,30,26,19,24,29,23,14,16,17,24,23,22,29,25,16,14,21,21,29,22,23,13,21,12,11,9,14,9,17,18,28,14,17,17,24,25,31,24,25,23,17,28,29,14,11,15,15,20,16,19,26,20,21,19,14,17,22,16,28,21,30,27,35,35,38,33,29,18,26,22,17,18,]
104,1,1,with_set,0.05,5,5,201,20,loop_limit,[438,267,169,127,109,100,71,63,40,56,45,43,35,54,33,40,29,41,35,31,17,23,21,24,14,17,16,22,16,22,27,38,30,28,26,26,18,18,19,27,26,33,22,20,22,22,25,25,22,23,25,19,17,21,23,24,14,10,7,10,5,8,14,17,11,7,12,10,10,8,10,11,14,30,19,16,16,20,16,11,14,15,17,23,21,30,21,18,18,8,10,14,13,12,9,15,16,9,8,12,15,16,22,17,25,22,19,17,20,21,18,20,26,25,26,20,12,15,15,24,16,15,17,15,12,17,13,21,16,19,20,23,22,25,20,23,25,32,25,35,47,43,37,40,37,40,37,45,37,36,26,25,16,21,19,21,22,21,24,26,23,29,24,19,17,25,26,19,17,21,23,25,24,20,20,18,13,18,19,10,13,23,23,19,23,31,20,20,22,31,23,28,30,44,42,43,41,44,28,25,20,]
104,1,2,with_set,0.01,1,1,201,24,loop_limit,[438,279,183,119,103,86,59,89,59,61,51,60,55,43,41,37,29,35,30,37,43,49,44,45,43,52,28,35,27,28,29,50,40,49,40,40,38,40,35,38,40,50,32,40,31,29,34,27,29,41,32,41,43,45,31,33,33,44,38,49,40,36,33,24,17,21,28,27,15,21,10,12,18,24,17,28,19,21,18,24,20,23,17,19,19,21,18,14,15,20,15,24,21,16,17,21,21,26,22,26,24,23,20,16,17,19,23,25,17,22,20,17,15,15,15,16,11,10,18,24,14,10,13,16,15,14,15,31,32,31,40,41,32,43,52,53,33,53,34,20,14,16,22,16,19,27,25,22,28,34,22,34,22,20,33,36,40,41,18,34,42,42,37,38,38,35,20,20,25,38,23,22,15,26,24,26,15,18,21,19,10,9,13,12,11,11,6,13,12,16,14,19,23,23,20,21,20,29,28,26,24,]
104,1,4,with_set,0.01,1,1,201,27,loop_limit,[438,278,296,226,152,130,103,81,81,93,70,66,58,59,45,30,18,20,24,26,21,19,20,20,19,24,24,22,24,27,28,27,35,37,38,23,18,24,20,27,20,27,22,17,20,14,16,15,21,15,14,19,16,21,15,22,34,42,42,35,25,40,31,34,25,47,38,50,38,39,33,41,27,28,28,30,22,28,26,35,35,39,40,37,53,81,58,60,40,25,28,28,23,30,22,34,34,42,30,40,40,44,45,55,42,37,30,22,14,11,13,21,26,35,29,41,36,53,23,27,26,35,36,40,17,19,18,22,24,31,24,30,38,41,26,34,23,27,15,15,18,24,30,41,32,24,18,22,20,18,24,30,22,19,14,23,19,22,17,27,16,24,18,24,29,28,25,34,29,31,24,35,29,26,30,37,30,52,25,43,26,33,29,25,22,25,28,29,27,27,24,24,23,16,18,32,30,36,24,27,27,]
104,1,4,with_set,0.05,5,5,201,27,loop_limit,[438,252,157,151,132,116,116,116,94,90,60,66,81,74,66,60,66,71,72,65,69,77,74,76,61,56,44,64,32,27,18,16,18,25,28,32,32,30,24,24,24,34,34,44,36,50,43,48,42,35,23,23,23,25,23,31,17,16,12,25,21,17,14,11,11,12,9,15,8,21,13,15,22,24,20,24,22,16,16,24,16,22,17,23,19,18,14,13,10,10,14,14,13,18,17,22,25,34,25,27,19,23,21,23,14,24,24,24,25,31,17,21,20,18,18,21,26,21,19,17,19,22,14,15,6,14,15,17,21,29,21,18,20,22,23,17,22,28,22,24,16,14,14,14,17,16,15,21,23,18,19,20,15,12,15,18,17,15,13,11,13,16,20,27,20,27,22,30,30,21,21,34,35,31,30,34,34,34,27,28,20,27,25,32,27,35,24,36,24,27,23,23,23,30,27,33,31,33,32,40,27,]
104,1,8,with_set,0.01,1,1,201,27,loop_limit,[438,397,208,167,96,143,96,69,53,53,35,30,32,42,40,36,28,28,23,24,21,14,9,9,10,7,13,22,23,33,21,27,39,51,51,49,38,43,33,28,35,33,38,41,38,29,32,41,29,40,29,27,25,33,63,60,44,57,42,43,43,54,34,51,37,45,26,31,11,20,18,23,24,27,28,31,39,34,36,45,33,41,38,46,38,38,38,30,21,19,11,10,12,16,18,13,28,19,26,23,16,11,9,20,16,23,29,32,29,29,25,40,32,42,34,45,26,34,26,23,28,20,32,20,31,31,24,26,26,24,14,10,11,17,10,7,16,14,17,16,16,16,17,13,20,18,13,20,17,25,12,12,11,7,12,10,22,28,25,22,23,29,24,28,19,22,27,39,32,43,26,20,18,25,18,21,18,20,23,25,19,17,14,21,17,29,18,30,20,25,15,22,22,35,29,41,36,46,39,35,27,]
104,1,8,with_set,0.05,5,5,201,26,loop_limit,[438,267,179,135,85,88,56,54,45,61,43,52,41,49,39,37,36,30,23,27,24,21,25,25,30,36,27,18,21,19,17,12,12,9,7,15,18,7,11,9,9,18,16,11,8,12,16,12,11,9,10,17,7,11,18,26,22,25,26,36,26,32,27,32,27,28,24,27,12,14,14,21,11,17,11,6,9,17,18,24,36,33,24,33,20,13,21,15,17,16,13,12,12,10,11,16,17,21,17,23,29,32,25,37,23,11,16,19,24,30,23,27,17,23,22,20,16,16,18,22,24,23,19,21,14,23,27,22,27,31,30,38,33,27,28,39,32,40,32,26,14,16,11,14,13,14,15,16,11,18,16,15,7,9,10,14,20,18,13,24,24,23,31,27,30,26,29,23,22,27,16,24,17,13,20,24,21,30,28,29,34,32,30,33,30,28,25,33,18,28,28,33,23,21,21,33,23,24,25,22,26,]
104,1,16,with_set,0.01,1,1,201,19,loop_limit,[438,506,254,196,123,111,84,107,70,71,47,39,34,35,25,18,19,12,20,14,13,15,24,36,35,30,27,30,28,25,17,18,14,16,18,23,20,24,17,19,21,25,16,15,15,21,21,19,16,12,25,19,13,21,20,17,23,25,28,26,16,21,24,18,13,14,10,18,20,15,13,19,15,9,11,10,9,9,11,15,17,10,9,8,12,7,8,11,18,31,31,26,26,25,23,31,23,18,13,11,21,18,10,17,10,19,16,21,24,15,18,11,18,16,15,13,12,10,14,14,18,80,53,44,28,33,25,36,25,22,23,23,23,27,31,37,24,33,28,33,25,36,25,15,29,29,25,33,29,36,24,41,35,30,24,30,40,38,43,58,37,26,24,19,20,18,15,23,25,21,15,14,26,25,27,36,27,24,28,16,20,27,21,27,24,13,17,20,23,15,15,16,21,18,17,14,15,15,12,13,19,]
104,1,16,with_set,0.05,5,5,201,23,loop_limit,[438,298,174,216,142,125,257,155,103,84,53,43,37,51,37,58,26,36,31,39,32,33,21,31,18,14,10,13,9,18,17,16,15,16,15,20,12,10,11,9,20,20,24,23,20,27,27,32,71,61,43,66,30,32,21,29,23,34,36,49,33,31,30,39,37,43,33,49,35,42,28,22,19,19,7,9,14,11,15,7,8,11,13,18,14,15,16,20,28,38,35,34,26,25,22,23,33,63,53,47,49,49,32,30,26,20,19,18,23,26,16,15,20,22,17,23,18,23,21,25,18,25,22,18,15,18,16,24,29,32,34,41,34,39,32,36,21,27,22,22,18,20,14,19,17,21,8,14,13,21,26,20,26,29,19,20,13,13,11,14,19,31,38,41,30,43,38,32,34,26,22,20,16,12,9,14,14,15,12,18,17,15,11,6,8,7,12,12,7,10,11,9,9,18,20,23,20,18,22,22,23,]
104,2,2,with_set,0.01,2,2,201,4,loop_limit,[438,156,62,31,31,19,12,12,5,4,8,5,4,6,3,2,2,6,4,3,4,4,8,10,2,3,2,2,4,2,4,3,3,3,2,3,5,2,3,3,5,4,5,4,4,4,4,3,4,2,2,4,4,3,4,4,3,3,2,3,4,8,7,8,4,3,6,2,3,3,2,2,4,6,2,2,4,2,2,3,3,2,2,3,5,3,2,2,4,2,2,2,2,3,4,3,3,4,2,2,2,3,2,6,2,3,3,2,2,2,4,6,5,3,2,6,3,2,4,6,5,2,2,2,3,2,2,3,6,7,9,8,8,4,2,3,5,2,4,8,3,3,4,2,4,6,4,4,3,6,4,6,2,3,2,3,2,2,3,3,2,3,5,3,3,2,2,2,4,6,2,6,2,3,2,2,2,3,4,4,6,7,6,5,2,3,5,3,4,3,4,6,2,2,2,2,4,2,2,2,4,]
113,1,1,with_set,0.01,1,1,201,3,loop_limit,[289,147,155,79,98,44,20,14,13,15,10,8,8,3,4,3,2,3,2,3,3,3,2,3,8,4,4,4,4,3,4,3,3,8,6,8,4,9,8,9,6,13,6,3,4,2,4,4,3,4,4,3,5,3,8,5,4,2,8,4,2,3,2,3,3,4,13,8,8,4,3,4,2,1,1,3,4,4,1,2,3,2,4,2,4,7,5,5,6,10,8,4,6,4,6,3,1,2,1,2,8,4,3,3,5,3,2,3,4,3,4,3,8,4,7,5,4,1,1,2,3,1,2,3,2,3,2,2,5,7,2,2,3,7,4,1,1,2,2,2,4,2,2,5,5,4,3,9,3,3,4,3,3,8,8,4,4,2,2,2,2,5,3,1,2,3,3,3,2,2,3,3,5,4,7,5,4,5,3,3,2,2,2,4,6,2,2,1,2,3,8,7,2,3,5,4,5,2,2,2,3,]
113,1,8,with_set,0.01,1,1,201,10,loop_limit,[289,159,79,40,60,51,27,18,13,9,5,5,3,9,3,4,3,3,4,7,1,1,1,3,4,5,2,4,3,2,1,2,6,4,5,3,2,3,5,4,2,2,3,1,2,1,3,2,2,3,1,2,5,5,7,3,2,2,1,2,3,2,3,3,6,3,5,6,4,4,4,2,3,3,10,7,7,3,2,1,1,1,1,2,8,2,4,3,3,5,3,8,3,2,2,3,2,1,3,2,3,2,4,2,1,2,2,3,8,10,16,6,10,7,5,9,7,10,5,3,2,3,5,7,7,14,16,4,7,1,3,2,1,2,3,7,5,5,2,1,1,2,3,3,2,3,3,2,5,2,8,3,1,2,3,4,1,1,1,3,4,3,4,7,7,7,7,6,7,7,2,3,1,3,4,3,2,1,1,2,1,3,2,1,1,3,3,2,6,2,8,2,5,3,4,3,1,1,2,7,10,]
113,1,16,with_set,0.01,1,1,201,4,loop_limit,[289,141,59,46,36,29,19,15,8,7,5,7,5,3,4,3,3,3,1,1,1,1,3,3,3,3,4,3,2,1,1,1,2,2,3,2,3,3,2,9,5,4,3,2,5,3,4,5,3,5,3,3,5,3,8,4,4,2,1,1,2,2,1,2,3,3,6,4,4,3,5,3,3,2,3,1,3,3,1,3,6,4,3,3,3,4,3,3,3,1,1,1,3,3,6,4,3,3,5,6,9,6,4,2,3,6,3,3,3,4,4,7,4,3,4,5,3,5,7,6,8,8,9,6,3,2,4,4,6,1,2,1,1,1,1,2,3,2,1,3,4,3,3,1,1,3,3,2,1,2,3,2,2,2,8,4,7,9,9,5,5,5,2,5,5,5,3,2,3,2,1,3,4,5,8,8,3,2,3,3,1,3,4,3,3,3,2,3,1,2,5,2,4,7,5,4,6,4,3,3,4,]
116,1,8,with_set,0.01,1,1,201,3,loop_limit,[293,149,71,75,29,33,22,26,24,23,7,11,7,10,5,10,7,13,3,7,4,5,5,9,5,5,2,6,6,9,7,10,8,12,9,9,6,4,2,6,2,5,2,4,2,6,4,7,3,8,7,12,5,9,2,5,3,6,4,10,6,7,4,5,2,5,2,5,5,6,4,5,4,9,8,6,3,7,4,10,14,13,4,9,6,9,3,5,5,9,5,9,4,7,5,7,5,10,6,10,5,7,7,11,9,12,10,13,11,16,9,10,7,10,4,7,3,6,3,7,5,14,6,9,5,12,5,8,8,9,6,9,3,14,8,15,10,10,7,6,6,6,4,7,6,5,2,2,2,3,1,4,4,4,2,7,3,7,3,6,3,8,1,4,2,3,2,6,3,7,5,6,6,6,9,9,12,10,6,11,3,7,8,15,4,9,10,15,9,11,8,15,12,13,5,9,1,4,4,5,3,]
116,1,16,with_set,0.01,1,1,201,5,loop_limit,[293,183,64,85,36,36,8,12,4,3,3,6,5,5,3,3,3,7,4,11,3,3,1,3,6,10,7,5,3,8,5,5,5,9,3,5,1,3,3,2,2,4,3,5,3,4,2,3,1,3,3,7,6,9,4,6,6,17,7,9,7,16,3,6,8,6,4,5,5,9,10,15,7,13,12,10,14,15,6,12,7,12,13,18,12,16,11,8,4,3,4,5,3,5,3,6,10,11,4,6,2,6,3,6,1,4,2,2,2,5,3,4,3,6,2,4,4,7,2,5,2,7,4,7,3,5,3,6,5,6,4,10,3,7,6,4,2,6,2,6,2,4,5,6,6,6,6,7,7,5,5,6,3,5,5,8,5,8,2,6,6,15,5,7,4,7,2,2,1,3,1,7,2,6,2,8,4,6,4,4,3,4,3,2,1,3,2,3,1,3,1,3,6,9,6,11,6,5,6,11,5,]
119,1,1,with_set,0.01,1,1,201,5,loop_limit,[229,182,56,65,36,50,27,27,15,17,6,9,4,8,8,6,3,7,5,4,4,4,3,7,5,5,6,9,4,3,4,4,3,6,4,5,4,6,3,7,8,11,7,5,4,6,3,7,9,19,9,14,7,7,8,7,6,9,4,6,7,6,7,7,6,3,3,7,4,9,8,13,8,12,5,6,6,10,5,8,8,15,10,12,4,4,3,7,3,7,8,10,3,5,4,5,4,3,6,3,5,11,4,4,4,7,4,4,3,3,4,3,3,7,4,5,5,8,4,7,6,9,9,9,6,10,4,3,6,6,3,3,6,12,6,4,5,9,5,9,6,10,8,11,3,7,9,8,5,9,7,11,5,7,4,7,7,4,7,6,4,5,5,8,4,5,6,10,3,4,5,3,4,5,6,7,6,3,3,4,7,11,8,9,6,12,3,6,4,9,5,7,5,6,6,6,5,4,5,7,5,]
119,1,2,with_set,0.01,1,1,201,4,loop_limit,[229,182,65,61,30,44,28,27,12,10,9,10,5,7,4,7,4,5,4,5,4,8,4,4,4,10,8,8,9,20,10,20,7,7,8,21,14,21,11,11,9,11,5,7,6,7,6,6,6,3,3,7,5,3,4,7,7,7,4,7,6,11,8,9,3,5,5,6,7,11,6,11,7,11,5,8,4,8,3,3,4,5,5,7,7,5,7,5,6,4,3,7,4,3,3,7,4,6,4,4,4,4,6,3,3,4,4,5,9,14,10,11,13,11,9,9,4,3,4,3,4,9,5,5,5,5,6,3,4,4,6,7,4,5,5,11,9,12,9,9,7,14,7,13,9,6,6,7,6,13,6,10,10,7,6,6,8,5,4,11,8,11,10,25,4,11,4,11,8,15,6,13,8,12,4,7,6,3,5,7,5,7,5,5,3,4,7,11,11,8,6,7,3,5,5,8,7,13,9,11,4,]
119,1,4,with_set,0.01,1,1,201,4,loop_limit,[229,178,63,73,24,25,23,29,13,19,5,9,3,6,3,7,8,5,3,4,5,8,5,6,4,8,8,10,5,8,8,9,7,16,6,9,7,9,7,6,5,7,6,4,7,12,10,12,4,7,3,7,4,3,3,7,5,10,8,13,6,7,5,3,3,5,4,3,5,5,8,7,3,7,3,3,6,10,11,9,6,9,9,12,8,11,6,6,9,11,10,11,6,5,4,8,6,8,5,11,9,13,5,8,8,7,11,10,6,8,7,5,7,5,3,8,7,3,3,7,6,7,6,9,8,15,10,13,3,6,5,9,7,11,7,8,4,8,5,10,8,8,6,7,10,8,7,8,8,5,5,8,8,9,6,10,4,9,8,6,11,15,9,9,5,3,3,3,3,7,5,6,3,3,5,5,8,11,3,7,4,8,4,5,6,10,7,11,7,11,3,3,3,7,3,7,4,7,4,9,4,]
119,1,8,with_set,0.01,1,1,201,7,loop_limit,[229,197,70,70,28,40,30,35,20,21,17,30,18,11,10,11,10,15,8,14,5,8,6,11,5,5,5,10,8,9,4,4,6,10,8,8,8,7,8,17,7,8,7,11,6,9,3,3,3,7,4,6,3,5,5,11,5,8,5,14,11,10,8,12,6,9,10,14,12,14,7,11,8,13,5,7,7,7,7,15,11,10,7,10,6,9,10,15,12,14,3,7,3,4,3,7,8,11,5,5,5,10,5,8,4,8,7,6,5,10,6,6,4,6,6,3,4,5,3,6,4,5,7,11,8,8,3,3,5,5,5,16,8,19,10,21,13,16,11,10,12,11,5,11,9,16,10,14,7,8,8,4,6,6,3,7,4,5,5,7,4,7,8,7,5,6,6,9,5,9,8,3,4,7,8,10,6,12,7,16,7,22,9,13,10,10,4,7,7,8,8,8,5,7,8,9,8,10,11,10,7,]
119,1,16,with_set,0.01,1,1,201,4,loop_limit,[229,190,200,168,59,65,56,46,24,22,16,22,7,6,4,4,3,3,3,7,3,5,4,5,7,10,3,3,4,5,5,8,8,12,8,9,7,10,9,8,9,6,5,4,3,7,5,4,6,3,4,9,4,6,7,13,5,8,14,14,12,8,10,5,3,7,4,9,8,13,4,9,8,10,6,11,8,8,5,4,4,3,3,7,6,7,3,7,4,5,5,4,5,7,4,8,11,5,5,13,3,5,7,10,8,11,3,7,8,9,5,4,5,6,5,6,4,6,3,3,4,3,4,4,5,6,6,10,8,6,6,6,4,4,6,10,6,6,7,8,6,4,7,13,7,10,7,11,5,5,5,6,4,10,3,7,8,12,6,8,4,7,8,13,6,9,3,6,7,10,6,10,6,7,7,7,4,5,4,8,8,11,5,5,6,9,4,9,3,7,3,5,3,3,5,6,5,10,6,7,4,]
122,1,1,with_set,0.01,1,1,201,30,loop_limit,[477,200,142,96,72,46,59,49,51,47,45,30,35,27,36,31,41,34,34,26,26,23,26,28,26,26,27,23,21,21,24,25,29,19,20,17,15,20,17,20,25,24,22,20,25,28,25,26,29,31,26,26,24,20,23,21,28,25,25,30,27,26,26,27,36,32,48,42,50,31,36,37,41,31,31,27,35,28,30,34,30,40,27,36,32,25,25,20,30,27,33,29,25,24,25,27,26,19,22,21,22,30,37,23,37,32,27,33,31,37,37,30,27,23,20,22,28,21,21,21,28,29,40,37,30,35,34,37,40,34,36,44,40,26,28,35,33,37,31,36,38,37,32,40,32,38,30,31,29,31,31,33,36,31,27,28,34,32,31,23,25,31,27,38,34,25,21,22,33,32,34,36,35,23,28,27,24,20,22,32,24,24,31,32,31,27,28,27,34,24,25,20,28,27,29,30,30,38,36,32,30,]
122,1,1,with_set,0.05,5,5,201,19,loop_limit,[477,195,210,138,121,81,96,70,66,47,54,46,43,30,21,18,19,25,24,25,28,37,41,38,43,33,35,33,36,33,29,27,31,32,29,22,24,21,24,26,28,39,30,27,29,28,32,27,37,24,21,23,33,33,37,32,31,34,38,37,36,41,41,36,32,38,30,20,21,21,27,33,26,31,21,26,24,28,34,31,30,24,30,28,33,32,30,22,24,29,27,26,30,41,41,32,28,35,40,33,43,39,51,44,55,35,41,37,50,34,29,31,30,26,34,39,44,32,39,37,51,34,34,34,35,31,28,26,35,30,27,27,35,31,41,31,39,34,33,31,40,38,56,36,39,33,26,21,25,32,34,29,25,29,26,33,30,31,28,28,27,28,27,29,33,29,25,26,24,24,17,23,19,21,23,23,24,34,30,32,35,36,30,20,26,20,25,29,33,24,29,25,37,30,34,28,29,20,20,20,19,]
122,1,2,with_set,0.01,1,1,201,27,loop_limit,[477,200,138,79,90,52,46,59,45,40,38,39,33,37,35,28,27,34,30,26,26,43,43,31,30,37,30,36,39,33,35,30,32,28,25,25,22,21,20,23,22,28,31,32,29,24,34,33,29,25,22,18,17,25,19,22,28,25,27,36,30,30,24,28,23,24,30,29,30,32,24,22,27,28,33,43,45,41,53,41,36,23,27,28,31,37,29,29,28,27,25,20,25,19,31,25,31,39,40,39,24,24,27,21,20,24,28,25,26,25,40,39,34,34,31,39,39,42,39,43,45,42,32,25,26,20,23,25,23,16,16,26,23,27,28,34,34,38,38,36,34,32,40,44,36,38,34,34,37,22,17,13,12,20,17,21,27,40,37,32,29,31,22,23,22,31,30,24,33,28,32,22,20,28,33,30,25,25,25,25,29,34,29,40,33,47,44,53,43,35,31,36,38,23,21,15,18,29,37,34,27,]
122,1,2,with_set,0.05,5,5,201,26,loop_limit,[477,206,173,87,84,63,61,62,60,51,48,42,35,30,28,34,27,24,20,23,33,40,33,27,30,26,34,23,25,31,24,28,26,30,31,31,27,23,23,18,18,20,20,21,20,22,18,18,20,17,14,27,27,24,29,25,20,24,27,27,29,30,24,31,37,30,27,30,40,29,31,33,46,35,45,33,35,23,24,22,21,29,29,26,27,27,31,25,24,17,26,29,21,24,25,22,26,18,22,26,23,23,25,28,20,29,28,28,31,44,43,33,35,26,32,29,27,30,26,27,29,41,33,34,34,32,28,30,29,28,35,30,26,28,27,27,26,26,28,29,18,26,24,19,19,27,16,18,17,19,23,20,23,24,18,19,17,19,17,16,17,29,21,20,21,25,27,29,25,28,29,21,18,28,29,29,32,32,37,28,20,19,28,31,25,31,34,43,31,36,30,18,25,20,28,25,23,23,23,30,26,]
122,1,2,with_set,0.1,11,11,201,23,loop_limit,[477,200,142,140,141,81,77,55,42,36,40,30,36,31,39,24,32,28,27,32,27,24,21,21,22,21,19,20,18,20,19,21,24,31,31,38,31,29,26,32,35,36,36,40,30,40,45,46,41,33,32,36,48,36,33,38,39,32,33,31,30,40,36,28,38,33,24,27,19,24,31,28,26,22,25,33,33,37,33,25,36,30,32,29,25,32,20,29,27,31,31,33,27,29,22,21,18,29,30,26,25,23,21,29,29,30,32,28,34,25,37,25,29,31,24,22,21,28,21,19,19,29,28,31,25,22,22,22,25,22,33,24,23,27,28,37,26,24,27,24,20,32,26,24,30,23,24,29,32,23,26,26,30,30,24,36,38,41,37,35,34,36,25,28,20,19,27,26,30,27,28,23,25,30,34,51,39,30,26,30,24,24,26,24,27,29,23,33,30,29,27,29,37,25,24,27,34,35,35,23,23,]
122,1,4,with_set,0.01,1,1,201,24,loop_limit,[477,187,136,87,73,54,39,49,53,57,43,31,23,33,32,33,25,26,29,25,31,30,34,37,36,31,28,25,30,24,28,31,25,34,36,30,27,28,25,25,23,22,22,20,29,28,24,31,29,18,25,24,24,20,29,22,22,19,19,20,23,18,19,19,16,22,27,27,29,23,23,29,20,24,21,18,25,21,24,35,35,33,23,30,39,48,42,41,30,27,34,37,41,38,38,38,38,39,51,39,37,31,33,29,32,37,44,26,38,30,27,23,18,20,17,24,24,22,23,22,20,17,19,18,26,31,36,34,24,30,27,20,23,24,17,23,23,35,28,27,28,29,24,27,31,27,23,36,32,40,39,35,32,29,22,22,28,27,34,23,23,26,26,23,24,21,15,20,20,23,20,21,21,19,18,15,16,17,21,19,24,22,17,28,18,22,31,29,33,26,28,32,26,25,16,27,24,32,29,17,24,]
122,1,4,with_set,0.05,5,5,201,24,loop_limit,[477,195,155,106,95,64,50,46,54,41,46,44,43,40,30,43,39,26,20,24,26,33,27,23,26,27,29,30,32,27,30,25,36,28,25,21,31,26,28,24,34,31,35,19,22,34,32,27,37,35,27,43,26,34,34,31,33,33,33,45,39,43,43,48,45,48,53,48,44,35,32,25,21,22,20,19,25,20,19,23,21,23,25,31,29,29,30,24,28,28,22,24,25,26,25,25,21,27,27,29,38,29,34,34,38,36,33,34,38,22,30,23,28,30,22,23,26,28,23,21,24,27,26,21,16,18,22,21,19,21,28,29,29,18,20,28,25,28,22,19,23,31,30,26,28,26,25,24,33,40,35,29,26,31,29,31,34,31,29,25,21,29,22,24,23,21,17,24,26,34,33,41,38,29,38,27,27,31,35,31,27,28,31,33,28,31,30,26,20,29,23,23,25,28,20,28,23,24,16,20,24,]
122,1,4,with_set,0.1,11,11,201,36,loop_limit,[477,187,144,75,77,58,51,41,40,27,25,31,23,21,23,23,24,22,33,35,42,30,38,44,47,38,46,40,27,34,32,39,45,31,20,17,23,23,23,25,25,25,26,24,23,21,24,23,25,24,25,24,29,22,22,25,30,26,39,36,27,26,30,35,31,27,25,29,25,28,28,30,31,33,24,36,40,37,43,23,27,30,30,29,28,37,30,26,24,27,28,29,28,30,36,41,30,29,25,26,18,22,29,25,26,25,32,30,32,29,28,27,33,26,29,35,27,28,28,23,27,33,33,35,34,38,35,31,34,28,29,39,39,33,39,31,46,31,26,30,27,24,25,28,24,28,23,23,28,29,28,34,30,33,18,29,34,29,39,40,46,43,47,31,25,32,29,29,29,32,29,22,21,32,29,25,25,27,26,32,24,26,24,29,33,34,26,18,22,21,29,20,19,25,37,28,26,24,27,25,36,]
122,1,8,with_set,0.01,1,1,201,32,loop_limit,[477,187,141,98,76,58,82,52,46,46,38,35,28,25,22,19,20,25,23,31,23,30,30,31,27,32,32,30,35,28,33,28,33,35,42,41,46,39,40,28,30,26,23,23,25,19,14,27,27,24,38,30,32,33,38,35,36,34,37,37,34,33,44,31,26,37,28,32,33,33,32,33,24,27,33,35,29,27,25,21,22,24,25,26,33,28,22,20,21,31,29,25,25,27,34,38,35,36,47,38,31,24,25,24,23,32,24,24,17,28,22,29,32,35,38,30,32,29,22,20,25,26,34,28,27,36,24,36,36,26,31,25,36,26,26,35,30,23,22,30,25,27,31,21,23,21,23,25,21,29,32,29,29,32,29,32,35,31,32,35,27,26,32,36,38,30,25,26,21,31,28,30,33,35,32,29,21,20,29,24,33,25,20,20,29,25,25,31,33,35,37,32,42,42,34,22,24,28,22,26,32,]
122,1,8,with_set,0.05,5,5,201,23,loop_limit,[477,200,152,80,73,50,47,33,40,30,40,38,34,35,30,32,33,32,30,28,20,22,28,19,19,21,21,19,21,31,23,27,37,33,36,25,28,36,47,43,50,35,36,28,23,27,33,28,32,34,35,39,36,24,24,24,28,26,29,38,40,39,36,32,26,35,35,37,34,39,37,29,31,24,29,33,44,46,48,29,32,32,23,19,27,26,33,26,24,19,22,26,28,24,21,17,15,19,15,22,30,21,22,21,28,22,24,24,32,30,27,24,33,31,34,29,27,35,49,43,46,44,48,48,45,34,40,40,40,25,34,25,26,29,31,21,25,33,27,30,32,40,43,35,39,28,30,31,30,23,32,29,24,31,29,21,23,29,26,25,30,31,25,25,32,33,32,32,33,31,22,19,18,27,25,32,34,28,22,24,17,17,13,17,19,17,16,30,30,27,28,33,27,36,29,34,37,33,27,22,23,]
122,1,8,with_set,0.1,11,11,201,27,loop_limit,[477,187,225,140,164,87,121,86,78,61,54,39,45,37,28,26,20,23,22,20,22,21,25,21,27,28,26,36,30,32,32,30,26,29,34,30,29,39,37,37,30,33,22,30,26,28,31,37,34,29,35,31,30,25,25,27,30,29,32,31,25,34,37,32,33,37,40,26,27,32,35,33,26,20,17,16,18,24,25,27,33,25,26,33,33,32,34,37,27,35,33,22,16,24,27,25,23,29,35,35,34,25,28,27,33,40,33,37,23,26,18,20,22,26,28,22,23,25,23,26,36,27,39,46,29,31,30,37,32,25,35,22,29,22,28,18,18,25,23,19,21,22,20,28,23,28,18,19,16,19,24,24,25,27,26,30,38,35,35,24,38,28,36,37,41,39,45,45,44,53,42,40,31,25,31,40,38,32,23,19,20,20,23,26,21,22,29,26,32,32,24,24,21,29,24,25,29,30,34,30,27,]
122,1,16,with_set,0.01,1,1,201,33,loop_limit,[477,206,153,88,79,75,66,55,64,55,71,56,49,44,49,44,51,50,48,41,41,30,35,30,34,30,39,34,36,39,28,32,32,37,30,27,31,26,31,23,35,23,25,22,17,22,26,26,30,32,27,19,18,24,20,24,36,39,42,38,63,39,40,38,37,40,51,36,45,30,39,43,31,26,32,25,36,27,24,23,30,33,34,26,31,30,29,30,33,20,20,23,22,21,24,26,29,29,21,31,36,36,30,30,24,35,35,40,39,40,39,35,31,35,32,34,30,30,25,20,16,27,25,26,32,25,25,29,27,31,39,39,34,36,36,37,35,29,31,31,28,29,29,26,29,29,33,33,33,37,31,28,33,38,44,41,44,37,30,23,20,24,28,28,34,26,33,33,40,36,32,35,40,34,28,27,28,29,23,22,19,27,21,21,25,24,24,28,32,37,29,32,31,32,42,35,30,35,34,36,33,]
122,1,16,with_set,0.05,5,5,201,42,loop_limit,[477,187,147,82,111,112,79,106,85,62,67,41,34,33,34,31,30,27,24,31,37,38,42,55,55,41,86,56,49,39,40,35,28,30,29,27,26,27,23,26,28,27,31,27,23,18,22,18,23,18,18,28,28,31,29,33,31,30,39,31,34,28,37,32,32,30,36,35,32,34,53,31,32,25,23,23,23,26,34,36,41,44,45,41,41,39,41,39,40,26,27,27,29,35,29,33,24,33,29,29,26,25,26,28,48,37,50,33,34,30,24,33,24,36,31,38,35,35,33,21,19,28,22,24,29,31,39,26,25,41,37,26,33,28,25,31,29,36,48,49,34,27,27,24,23,17,19,21,25,22,23,39,36,43,43,44,30,34,25,26,27,27,23,23,33,29,26,23,24,20,18,29,34,32,28,23,21,17,14,17,16,16,17,23,24,27,25,29,27,27,22,34,19,23,35,27,39,31,37,39,42,]
130,1,1,with_set,0.01,1,1,201,12,loop_limit,[374,112,77,49,29,18,15,10,7,7,7,10,8,9,7,11,15,13,20,14,8,11,9,13,11,12,8,14,11,13,9,10,15,16,13,12,10,7,9,9,10,14,10,11,17,12,17,13,10,13,13,13,10,11,10,15,11,10,17,9,17,13,13,13,13,12,12,15,15,14,20,18,20,13,18,17,18,12,11,11,13,16,29,19,11,12,15,7,9,9,8,10,8,15,13,17,13,13,10,15,14,12,10,11,15,11,11,10,18,22,14,12,8,11,13,14,19,21,15,17,12,12,10,9,9,12,9,11,17,21,13,10,17,12,11,13,12,14,10,13,15,13,22,17,13,11,16,19,18,15,12,15,18,18,25,20,15,18,13,14,12,13,6,10,13,13,9,16,12,12,8,10,10,12,13,15,14,15,18,13,12,13,16,15,7,7,7,8,17,15,9,10,8,11,24,20,17,17,18,17,12,]
130,1,1,with_set,0.05,5,5,201,14,loop_limit,[374,123,86,44,36,25,17,12,15,14,11,15,20,17,13,18,18,13,15,14,10,13,11,13,17,18,12,15,13,12,17,13,10,12,12,12,14,13,15,13,15,18,14,13,11,15,11,14,8,10,11,14,13,12,12,9,10,12,16,17,14,13,15,15,17,16,16,13,12,14,11,14,12,15,10,10,11,19,13,15,10,12,8,11,7,9,6,9,15,20,16,14,14,13,13,9,14,13,14,10,11,13,11,13,20,17,15,13,8,9,11,12,12,16,21,16,15,15,12,9,13,12,9,11,14,13,14,17,18,17,12,9,11,17,15,13,9,13,10,9,10,14,9,11,15,15,18,14,14,11,11,13,28,23,17,12,8,7,7,9,7,11,8,14,13,11,12,13,16,14,11,13,12,15,20,14,14,15,9,15,15,14,28,17,14,16,10,10,9,13,13,13,16,22,15,11,8,10,18,13,14,]
130,1,2,with_set,0.01,1,1,201,12,loop_limit,[374,101,55,27,40,24,16,14,9,9,8,10,8,15,18,12,18,13,14,14,15,11,11,10,11,12,10,16,8,15,9,10,9,11,14,11,11,11,14,14,12,8,17,13,9,11,7,17,16,14,17,11,12,12,12,18,14,15,16,19,16,13,8,9,12,13,15,14,16,11,11,16,9,18,19,11,11,11,18,19,12,21,15,18,15,16,11,13,24,17,24,22,19,17,20,19,22,15,13,11,25,17,17,15,11,17,16,16,17,16,14,10,6,8,11,10,12,14,15,10,12,17,17,18,10,10,20,15,16,16,11,17,11,10,12,9,11,12,10,9,11,13,13,12,8,9,7,11,12,12,11,12,10,9,11,16,13,13,14,10,11,12,12,22,12,12,12,14,12,12,15,17,18,15,15,14,19,13,15,15,18,17,11,11,15,13,9,15,10,12,9,13,13,17,9,16,17,14,25,14,12,]
130,1,4,with_set,0.01,1,1,201,15,loop_limit,[374,117,77,64,37,18,21,17,13,13,10,10,12,17,13,14,11,10,12,11,19,16,19,20,12,12,19,16,9,11,12,12,6,15,11,11,12,12,18,9,9,9,11,14,18,11,17,12,17,13,11,12,11,12,13,17,11,10,11,12,12,19,16,15,14,14,12,18,15,18,15,16,12,12,11,12,8,9,6,10,12,12,12,16,14,13,11,14,24,17,20,20,17,12,13,11,7,11,11,11,13,12,11,12,15,17,15,20,13,26,14,28,14,14,24,15,16,16,15,11,13,14,17,11,12,12,12,13,7,10,17,15,14,13,14,16,11,7,15,14,16,18,14,9,7,9,10,11,7,10,15,7,15,12,11,10,11,11,8,9,7,14,13,12,18,18,15,13,13,13,11,13,12,9,7,9,10,10,8,8,17,13,15,20,14,15,17,14,17,11,15,13,14,12,12,19,15,20,19,13,15,]
130,1,4,with_set,0.05,5,5,201,13,loop_limit,[374,112,68,68,56,27,26,22,14,11,21,18,7,16,13,13,8,10,7,16,14,9,7,11,6,10,11,11,13,16,12,14,8,12,13,11,9,11,12,14,8,13,12,12,10,12,19,24,18,17,21,16,19,22,21,20,18,22,18,13,14,14,9,12,10,10,15,20,18,13,10,13,9,11,9,13,16,15,31,20,14,16,13,19,18,16,19,18,14,17,20,18,10,12,12,13,12,12,11,13,13,9,10,14,11,12,16,11,12,8,11,10,7,9,8,9,9,11,12,11,20,17,17,17,14,12,11,17,28,17,25,16,9,8,10,16,13,13,16,11,17,13,22,15,14,15,8,11,10,12,15,14,10,15,13,15,16,17,13,13,15,15,13,15,8,10,12,14,16,14,12,18,9,10,12,13,10,11,11,10,7,9,10,10,14,12,14,17,11,12,14,16,26,13,10,12,9,9,8,14,13,]
130,1,8,with_set,0.01,1,1,201,15,loop_limit,[374,119,72,35,25,17,23,16,20,12,21,18,26,16,20,11,10,12,14,16,14,12,15,13,16,17,13,14,12,12,9,9,7,9,15,7,10,15,11,13,28,18,13,12,25,14,15,12,8,13,10,13,14,12,16,16,12,11,9,10,11,12,13,15,17,16,15,13,14,13,11,10,15,16,8,15,12,16,13,16,11,13,12,14,19,11,19,11,9,11,17,12,9,10,8,9,12,15,13,13,13,12,13,14,13,14,13,11,8,11,7,12,14,19,14,19,15,10,8,9,8,9,12,9,10,11,12,14,8,12,19,11,12,9,7,11,10,10,10,14,8,11,13,17,13,11,13,13,9,11,12,14,10,8,7,10,8,12,13,12,12,11,16,13,16,16,10,12,9,10,23,20,17,13,27,15,11,11,12,15,8,10,6,15,9,13,13,11,13,17,18,16,14,14,16,10,12,13,19,16,15,]
130,1,8,with_set,0.05,5,5,201,13,loop_limit,[374,118,62,33,39,33,25,17,22,17,14,16,16,10,7,12,7,13,9,18,9,18,17,20,15,14,17,16,16,13,12,10,7,9,10,11,8,14,14,16,11,12,11,14,10,14,10,11,9,9,15,13,11,10,12,11,11,12,8,11,12,13,8,14,12,12,7,11,7,10,15,14,22,18,24,24,12,18,20,22,16,17,15,12,8,10,11,11,17,13,11,10,8,11,15,13,13,13,12,14,14,16,11,12,14,13,18,15,14,13,10,10,10,12,11,12,13,11,20,12,13,13,12,13,15,13,16,15,10,16,11,13,9,11,12,18,14,18,21,16,12,13,17,18,12,18,16,22,15,11,13,15,13,11,12,11,11,13,8,10,9,12,12,14,12,10,14,14,14,15,12,10,15,11,15,13,13,12,8,10,13,12,19,13,15,10,11,13,28,17,20,11,11,13,11,10,15,16,11,16,13,]
130,1,16,with_set,0.01,1,1,201,20,loop_limit,[374,99,56,32,27,33,35,20,17,12,21,15,13,13,22,17,16,13,12,15,13,10,8,13,16,13,15,12,14,12,26,15,12,14,13,14,25,18,25,19,23,25,29,20,13,10,18,14,15,17,9,9,10,9,9,9,10,9,11,12,11,12,13,11,15,11,9,13,10,12,10,12,8,12,10,10,10,12,20,13,21,16,14,15,13,19,14,15,17,19,14,13,12,12,13,12,12,11,7,10,17,14,13,19,17,18,18,21,17,13,14,12,12,14,12,10,9,7,9,9,9,11,8,9,15,13,9,18,9,14,14,20,12,10,8,11,13,13,13,17,10,14,19,12,22,17,9,13,8,11,13,12,14,16,16,12,14,12,14,17,16,13,16,13,11,10,11,11,11,14,10,13,7,8,17,11,9,10,13,13,21,20,20,14,14,12,10,11,10,12,12,14,11,19,10,16,15,9,12,13,20,]
130,1,16,with_set,0.05,5,5,201,20,loop_limit,[374,101,65,31,23,20,19,12,7,13,11,11,11,12,9,11,11,13,8,14,13,11,12,12,7,10,9,11,15,10,7,9,10,14,8,10,8,9,7,7,12,9,13,12,18,14,33,17,16,12,10,12,17,11,9,13,8,9,10,14,8,11,11,14,13,13,12,15,24,14,12,13,18,16,12,11,23,20,21,16,18,16,13,11,8,11,10,10,7,9,6,10,8,14,13,13,10,9,9,11,12,12,14,14,10,11,17,13,14,16,12,13,11,16,14,13,16,9,6,15,8,15,14,10,12,12,8,9,8,9,15,15,18,12,14,15,11,11,16,13,17,15,18,15,17,15,11,11,9,9,7,7,12,9,10,16,10,9,16,14,16,13,12,11,11,12,20,21,17,16,8,10,12,15,17,11,17,13,22,17,11,12,17,15,13,13,10,10,23,14,19,17,14,12,9,14,14,14,11,16,20,]
130,2,1,with_set,0.01,2,2,201,5,loop_limit,[374,73,19,10,6,8,7,8,5,8,5,10,8,11,7,8,7,12,7,11,9,10,8,7,5,7,5,8,9,8,9,8,8,8,9,13,7,9,7,8,5,8,7,8,9,7,5,9,7,10,5,10,5,7,7,9,9,10,8,8,10,8,7,8,9,8,7,8,10,9,10,9,8,8,5,8,7,9,7,10,9,10,10,11,7,7,6,7,6,7,7,9,9,7,6,7,6,8,6,8,8,10,7,9,5,8,8,10,7,7,7,9,7,8,6,8,7,8,7,9,6,9,8,9,5,7,5,10,8,9,8,10,7,7,9,7,6,8,10,9,8,7,7,11,10,8,10,8,9,10,9,9,8,8,7,7,6,8,8,13,5,8,8,8,9,9,8,9,10,8,10,10,9,8,7,8,7,9,8,9,11,9,10,11,10,7,7,10,8,9,9,10,8,8,9,9,6,9,8,12,5,]
130,2,4,with_set,0.01,2,2,201,7,loop_limit,[374,55,15,11,8,8,6,8,8,9,7,11,6,8,9,8,8,8,8,9,6,8,7,8,6,9,7,10,5,7,6,8,9,10,8,8,7,11,8,9,12,10,10,9,5,7,7,7,6,8,10,8,6,8,6,8,5,7,7,10,5,7,6,12,6,10,10,8,5,8,8,9,6,8,8,11,5,7,7,8,9,9,7,8,5,8,6,8,10,9,7,8,8,8,10,7,9,9,8,7,7,8,8,10,5,8,8,9,9,12,9,11,11,14,8,10,11,10,10,9,8,7,5,8,10,9,10,9,8,8,9,8,8,8,5,8,8,11,5,7,8,8,10,7,7,10,8,10,12,10,9,12,8,10,8,9,6,10,10,10,6,9,6,10,9,10,10,8,10,9,10,11,8,7,9,9,8,10,7,9,5,9,8,9,10,7,7,7,6,7,8,10,10,8,9,8,10,9,7,8,7,]
130,2,8,with_set,0.01,2,2,201,6,loop_limit,[374,76,78,21,11,9,12,11,8,10,9,8,7,8,7,10,11,8,5,7,6,9,5,7,6,8,5,10,10,10,8,8,8,9,10,9,10,8,7,7,9,9,10,11,8,9,8,7,8,9,8,9,9,9,7,12,13,8,6,7,7,9,10,7,7,7,9,9,8,10,9,8,10,10,10,10,7,9,7,9,9,8,8,9,7,9,7,9,9,8,7,9,7,8,8,7,6,7,9,8,8,7,5,9,5,7,8,8,10,8,8,7,5,9,5,8,9,10,10,10,8,8,9,8,6,8,5,7,7,8,7,7,6,9,8,9,8,8,7,11,7,9,6,8,7,11,9,12,10,12,9,12,9,11,5,9,8,11,5,8,10,9,8,10,8,8,8,9,9,9,10,9,7,7,7,10,9,7,7,8,6,7,8,11,8,9,8,9,7,8,10,10,6,11,10,10,11,9,9,9,6,]
130,2,16,with_set,0.01,2,2,201,10,loop_limit,[374,73,22,30,11,10,10,8,7,9,7,9,5,7,6,8,6,8,9,7,5,8,5,8,6,7,7,10,7,10,7,9,5,9,7,9,8,8,8,8,5,10,5,8,7,12,9,12,6,7,8,9,9,8,9,10,7,12,8,9,8,11,6,7,9,8,6,10,5,7,5,8,8,8,9,12,11,12,10,9,7,9,8,8,8,11,9,10,8,9,7,9,8,11,10,8,6,8,6,8,9,9,9,12,10,10,8,10,5,9,7,8,7,8,9,10,9,8,8,9,9,10,8,11,5,9,8,8,8,10,7,8,10,8,10,9,8,9,9,11,8,7,6,9,5,8,8,7,5,9,6,10,8,8,5,7,7,10,6,8,8,7,7,9,9,8,9,8,8,9,7,9,6,11,8,12,8,8,7,8,9,7,9,8,8,9,6,8,8,9,5,8,8,9,7,8,8,8,7,9,10,]
145,1,1,with_set,0.01,1,1,201,10,loop_limit,[318,149,84,58,42,37,33,32,18,26,24,23,18,19,9,8,9,12,14,15,15,10,13,13,8,14,16,12,19,17,6,8,13,14,11,14,11,11,14,7,6,11,15,15,10,13,5,9,7,13,7,11,12,10,14,12,7,11,11,11,9,13,11,14,11,10,16,17,11,20,10,8,12,12,11,6,6,9,14,12,9,14,9,11,7,11,17,15,11,11,7,12,10,16,20,12,6,12,14,12,8,9,6,12,7,15,11,17,18,13,10,14,16,11,5,12,14,10,10,9,8,10,11,13,10,9,6,10,6,9,9,13,10,10,12,11,9,12,13,12,9,12,11,8,8,13,12,10,16,12,15,12,14,12,20,18,20,19,14,15,10,11,9,16,15,16,10,14,15,17,16,14,14,12,10,10,12,13,13,15,20,27,22,18,21,13,5,8,9,13,10,12,12,9,8,13,13,12,7,11,10,]
145,1,1,with_set,0.05,5,5,201,14,loop_limit,[318,140,156,101,59,37,25,28,32,24,12,12,16,11,12,9,10,11,7,9,9,13,10,8,8,13,11,11,15,12,13,12,5,8,10,12,15,16,14,11,15,15,14,16,10,12,5,12,7,9,8,9,7,9,9,10,16,12,9,10,6,8,7,9,9,9,9,11,13,13,11,20,11,11,9,11,10,11,8,11,8,10,12,12,10,12,14,12,11,10,16,12,13,13,8,15,10,9,10,11,7,14,10,9,6,9,10,16,15,16,19,18,14,11,9,7,7,8,5,8,5,9,7,9,9,10,9,9,14,10,13,15,10,17,12,13,10,14,17,14,17,14,14,12,7,8,9,12,7,10,10,12,7,9,13,12,7,12,15,11,8,15,10,13,13,14,11,10,13,11,10,11,11,13,12,15,16,12,9,14,5,8,6,8,13,12,11,8,7,8,9,12,15,13,18,17,12,16,14,15,14,]
145,1,2,with_set,0.01,1,1,201,16,loop_limit,[318,171,87,51,64,51,37,28,22,16,21,16,9,12,11,14,11,12,8,17,11,16,11,11,15,11,10,11,16,10,11,10,15,11,16,12,10,12,11,12,10,14,14,14,19,16,17,12,10,11,6,12,10,10,14,9,16,14,10,11,12,14,11,16,12,10,13,13,13,15,9,13,15,12,10,10,15,10,13,11,8,11,9,9,7,11,7,9,6,8,10,15,10,17,10,12,10,9,12,9,11,12,11,12,13,11,7,11,10,13,6,9,14,13,6,10,9,9,7,11,12,12,10,12,6,12,12,19,10,9,10,11,12,16,14,16,11,14,9,11,10,10,7,12,13,11,13,13,10,11,14,10,17,12,9,10,8,9,11,16,15,17,17,11,17,15,17,9,9,9,13,13,11,14,14,16,6,7,14,15,16,9,10,10,14,16,10,13,7,13,15,12,7,10,16,13,14,10,16,11,16,]
145,1,2,with_set,0.05,5,5,201,8,loop_limit,[318,158,90,59,35,27,19,18,20,13,5,9,6,8,7,11,9,10,6,9,6,8,9,12,8,13,10,10,12,10,13,14,10,11,13,9,13,15,8,10,13,9,13,10,7,9,7,11,11,10,12,14,17,11,7,6,6,8,8,14,7,10,7,10,9,11,13,14,9,12,12,14,7,16,17,14,10,12,13,15,8,15,19,13,13,10,10,12,15,11,12,11,10,14,14,15,15,15,12,14,7,8,6,12,10,13,7,8,9,12,10,12,13,14,16,15,19,14,11,16,17,11,6,9,12,13,9,12,8,12,10,12,12,11,13,10,7,9,7,8,7,8,7,11,14,10,16,9,10,14,14,12,15,10,7,9,13,14,12,17,8,11,10,10,5,9,6,8,12,10,9,12,8,10,10,15,6,10,10,12,13,11,10,7,13,6,10,10,14,15,9,13,8,13,10,15,14,14,19,18,8,]
145,1,4,with_set,0.01,1,1,201,8,loop_limit,[318,141,92,59,31,41,31,25,20,18,12,10,12,10,8,12,5,13,9,11,16,18,8,14,10,11,11,10,10,12,16,13,14,17,11,10,11,12,5,8,8,13,12,14,19,16,9,12,6,12,10,9,10,9,12,12,13,12,10,10,12,13,9,9,6,13,13,12,8,10,10,12,7,7,7,10,15,10,10,13,11,12,10,13,10,12,14,13,14,8,10,11,14,14,12,12,14,14,9,16,12,17,9,12,10,13,8,13,13,13,13,20,19,20,21,16,14,11,11,12,10,10,7,10,6,9,10,13,15,12,12,12,13,12,11,10,5,13,13,15,12,11,8,16,9,11,13,10,12,11,9,9,10,15,11,11,17,9,13,8,13,11,7,14,15,7,10,10,17,14,11,10,12,10,10,12,9,16,10,11,16,11,8,11,14,14,11,12,13,6,6,11,15,10,12,13,10,14,12,14,8,]
145,1,4,with_set,0.05,5,5,201,11,loop_limit,[318,171,170,107,62,43,29,35,29,30,20,17,11,10,9,11,11,13,14,19,13,13,13,11,5,8,6,11,7,9,10,9,12,14,12,13,7,10,6,8,9,13,12,17,14,13,12,18,9,12,10,16,16,11,9,14,10,11,10,9,13,16,18,19,9,10,13,12,10,14,7,11,13,15,11,8,7,11,15,18,12,12,10,9,6,8,11,13,15,11,12,16,16,10,9,12,10,15,10,12,8,9,15,9,8,11,9,8,9,14,10,10,9,10,13,10,9,11,9,11,13,13,9,16,13,13,12,15,15,16,9,15,9,9,13,14,10,10,12,14,15,12,14,14,10,12,14,10,11,12,10,10,13,13,15,13,10,12,15,13,11,14,10,12,11,11,10,10,10,9,10,9,12,10,6,15,10,15,12,12,15,10,10,12,14,16,10,9,7,9,6,10,6,12,11,12,9,13,10,12,11,]
145,1,8,with_set,0.01,1,1,201,7,loop_limit,[318,219,120,72,43,32,30,16,10,14,10,10,6,12,6,8,10,12,12,14,12,12,16,11,9,9,11,11,11,9,7,11,12,13,11,10,16,21,8,10,10,10,7,10,7,13,11,15,17,21,15,20,13,17,11,11,13,16,20,13,6,7,9,11,7,9,13,11,9,9,8,12,10,13,6,12,11,12,11,13,8,7,11,10,9,10,16,13,14,13,12,11,11,10,9,13,13,18,19,24,18,24,14,17,10,12,14,13,17,14,7,10,14,16,17,18,7,11,15,11,16,14,14,12,13,10,12,9,7,13,10,12,13,9,10,11,13,16,14,15,17,15,13,12,11,17,11,14,8,12,11,11,8,12,17,16,8,13,7,8,9,10,17,11,11,13,10,12,11,12,8,9,10,12,10,15,7,9,7,11,8,11,10,10,10,10,8,11,8,13,17,14,12,14,12,9,12,14,10,8,7,]
145,1,8,with_set,0.05,5,5,201,7,loop_limit,[318,171,97,57,34,25,18,24,18,15,13,12,13,10,13,15,7,8,6,9,14,19,9,10,7,6,12,13,12,12,9,18,15,12,13,13,12,15,13,15,13,11,9,14,15,14,9,12,9,11,15,6,12,10,7,9,10,14,17,19,12,16,12,10,8,9,13,6,6,11,11,12,11,12,9,12,8,14,11,13,10,12,15,15,14,12,18,15,9,12,11,11,11,15,12,12,10,13,15,16,18,11,7,11,8,10,10,12,11,17,16,13,9,11,10,12,8,12,5,12,10,12,12,14,9,12,9,13,5,8,7,11,7,10,15,12,12,8,6,9,10,10,7,12,9,10,9,15,18,15,15,15,13,14,12,15,20,21,20,15,9,13,7,9,7,8,6,11,8,8,10,12,16,9,7,8,9,9,6,10,12,17,11,17,12,17,14,15,13,11,15,12,12,10,8,9,7,8,7,9,7,]
145,1,16,with_set,0.01,1,1,201,16,loop_limit,[318,171,97,70,39,28,20,31,17,19,14,13,10,12,11,20,11,12,14,10,13,12,8,11,14,14,8,12,10,12,7,9,13,15,17,11,9,12,11,13,10,8,6,13,7,10,16,13,10,11,11,17,12,18,17,15,9,11,9,10,6,8,10,11,8,9,11,13,9,10,12,12,16,12,6,6,12,13,11,15,17,15,12,12,14,19,15,18,17,13,18,15,18,19,20,19,13,17,14,14,17,17,16,11,16,14,8,10,11,18,11,13,9,12,14,15,14,13,21,11,12,20,15,13,12,14,9,10,12,9,10,10,14,10,11,10,13,13,10,12,7,10,12,13,10,11,14,10,7,10,6,10,5,8,13,10,17,12,14,13,9,12,15,16,15,14,11,22,20,13,9,13,7,13,13,11,17,15,15,13,14,13,15,13,6,8,9,11,11,15,10,13,9,11,14,16,11,15,24,21,16,]
145,1,16,with_set,0.05,5,5,201,11,loop_limit,[318,151,113,67,50,54,41,83,50,41,26,24,14,13,17,18,10,16,13,13,6,10,16,10,14,13,8,12,15,11,6,8,6,10,6,10,10,12,15,16,10,12,11,10,7,13,13,10,16,11,9,9,10,9,9,12,11,9,11,11,9,18,14,14,10,14,11,13,10,7,11,11,9,8,9,13,6,11,15,14,13,11,15,12,11,15,14,18,19,12,12,15,22,13,10,12,19,17,19,18,10,18,9,14,9,10,10,10,10,13,7,8,7,15,10,11,11,14,13,15,10,12,15,7,6,12,10,11,10,10,14,13,9,14,13,10,12,10,14,12,18,8,14,12,12,13,13,15,15,16,14,15,14,12,10,11,7,10,8,9,13,10,10,10,14,10,10,13,6,12,10,13,9,13,6,10,10,12,15,10,9,13,16,12,20,16,15,13,14,13,16,11,10,15,8,13,8,12,11,18,11,]
145,2,2,with_set,0.01,2,2,201,6,loop_limit,[318,95,22,7,4,3,3,4,5,5,5,5,5,3,5,5,3,4,5,5,3,3,3,5,5,6,4,3,3,3,3,6,4,3,3,3,5,4,4,4,5,4,6,3,3,3,5,5,6,4,3,5,3,6,6,5,3,5,5,5,3,3,4,3,6,5,6,4,5,5,5,4,4,9,6,3,3,4,3,4,5,3,3,3,3,3,4,3,5,6,5,4,4,3,3,4,6,5,7,7,6,4,5,5,3,3,6,3,5,6,4,6,4,6,6,5,5,8,7,7,3,6,3,5,3,3,5,3,4,4,7,3,4,4,3,3,3,4,5,3,4,4,4,6,5,6,6,4,6,7,5,6,5,6,6,4,4,4,7,7,3,5,5,5,3,4,7,5,5,3,3,4,5,4,5,5,5,4,5,3,3,5,3,6,6,3,5,4,5,6,6,4,3,4,5,3,5,3,4,3,6,]
145,2,4,with_set,0.01,2,2,201,5,loop_limit,[318,95,96,95,30,32,13,6,8,5,8,5,4,6,6,5,4,4,4,6,4,3,6,3,3,3,6,4,5,3,5,5,5,3,4,4,7,4,4,6,5,4,5,5,3,3,5,6,5,4,5,6,4,6,6,7,6,5,3,3,3,4,3,3,3,3,5,3,4,4,5,4,3,3,4,9,5,6,5,9,3,3,3,3,6,3,4,9,3,3,4,7,4,3,4,3,5,3,6,4,3,3,5,6,5,3,4,4,4,6,4,4,3,5,5,6,3,4,3,4,4,9,3,3,4,3,4,4,4,6,6,4,6,5,5,3,3,5,3,3,4,4,3,4,3,4,5,4,3,3,5,5,6,6,4,6,3,5,5,6,4,4,5,6,4,7,7,4,3,4,3,3,6,3,5,6,3,3,6,3,4,4,4,4,4,3,4,9,7,6,4,3,4,9,3,6,3,5,3,5,5,]
145,2,8,with_set,0.01,2,2,201,3,loop_limit,[318,90,29,34,29,14,17,9,7,5,5,3,6,5,3,4,5,4,3,4,4,6,4,6,6,5,5,4,3,3,6,4,6,5,4,4,5,4,3,4,6,7,3,3,4,6,6,5,3,6,6,3,3,3,4,4,5,6,6,7,4,6,6,7,7,5,5,5,6,6,5,4,3,6,6,4,4,9,6,4,4,3,6,4,4,6,5,8,6,5,3,4,6,4,4,3,6,3,3,3,5,4,3,5,5,5,4,6,5,4,3,6,6,4,6,3,5,6,6,5,3,3,6,3,6,3,4,4,5,4,3,6,3,5,5,3,5,3,4,3,3,4,6,5,3,3,5,4,4,4,5,6,4,6,7,5,3,3,3,3,5,6,6,3,3,4,3,3,4,6,6,8,5,3,5,3,5,6,5,4,4,6,4,4,4,4,5,6,4,4,4,9,7,6,4,4,5,7,3,3,3,]
145,2,16,with_set,0.01,2,2,201,6,loop_limit,[318,90,30,9,8,6,6,5,4,4,3,3,3,4,7,4,3,7,5,4,5,5,6,6,5,5,6,3,6,5,3,4,3,6,6,5,5,5,6,3,5,6,5,5,3,3,3,4,5,5,5,6,6,4,4,6,4,3,4,6,3,4,3,6,5,6,3,3,3,4,4,3,3,5,3,4,6,4,6,5,7,4,4,4,4,3,6,7,4,6,5,6,6,6,5,4,5,5,3,5,5,3,3,3,4,3,5,6,6,3,4,4,5,3,3,4,14,5,5,5,5,4,3,4,3,6,3,5,5,3,5,3,3,4,3,4,4,6,4,3,3,6,4,9,6,4,4,3,5,5,3,6,3,5,3,3,4,3,5,5,3,4,3,3,3,4,6,3,3,5,5,3,6,7,3,3,4,3,3,3,6,5,3,3,4,3,3,3,5,3,3,4,5,6,4,4,4,6,3,3,6,]
150,1,16,with_set,0.01,1,1,201,9,loop_limit,[143,94,13,7,7,6,7,6,10,10,9,8,7,6,10,6,7,8,9,6,7,7,9,7,10,7,7,8,9,8,8,6,7,6,7,7,7,8,9,6,7,8,7,6,9,8,7,6,7,8,7,6,10,8,7,7,8,7,8,9,8,7,7,7,10,7,8,6,9,6,9,7,7,6,8,7,8,7,7,7,8,6,7,6,7,8,7,6,7,8,9,8,7,6,7,7,8,7,8,6,7,8,9,7,10,6,7,7,9,7,7,7,7,7,8,6,10,8,7,7,8,8,8,6,7,7,9,7,7,8,7,6,7,6,7,8,8,7,10,10,8,10,9,8,8,7,8,7,9,7,7,7,8,6,10,10,8,8,9,7,7,7,7,6,7,6,7,8,7,7,9,7,11,6,9,6,10,6,7,7,7,6,7,7,10,7,7,6,7,6,9,6,7,7,8,7,7,7,8,6,9,]
155,1,1,with_set,0.01,1,1,201,15,loop_limit,[753,288,306,173,199,112,140,83,87,64,79,62,78,50,89,60,72,46,63,31,51,36,57,33,47,24,36,30,46,23,35,22,33,22,40,24,43,46,91,61,79,44,41,36,62,43,57,43,62,36,53,36,49,24,35,28,55,30,55,30,35,25,37,33,40,28,46,22,32,21,26,18,24,12,21,9,14,11,18,12,21,13,33,22,31,22,32,25,35,34,43,34,58,37,59,38,56,42,51,47,57,52,49,32,62,43,55,42,60,39,68,48,52,33,39,30,32,16,28,18,27,20,29,19,25,13,20,20,35,23,27,22,37,34,59,42,51,37,55,43,59,38,53,23,45,34,47,33,43,40,55,30,55,30,43,42,53,42,56,30,57,32,58,40,70,39,64,52,62,40,63,38,52,38,62,33,51,30,40,23,31,12,37,18,27,15,20,16,31,33,49,30,35,25,35,24,33,22,28,10,15,]
155,1,1,with_set,0.05,5,5,201,29,loop_limit,[753,300,305,180,248,148,152,99,110,80,111,69,74,47,58,44,60,36,52,41,63,41,74,36,63,45,72,59,61,46,83,42,81,46,62,42,52,24,42,23,39,23,40,29,51,29,51,37,48,41,59,36,74,33,48,26,34,25,37,21,29,24,47,29,43,24,41,29,48,27,43,35,44,43,60,44,74,42,64,41,67,41,72,42,64,36,49,45,69,41,77,34,63,52,74,51,69,34,35,22,37,29,41,28,34,33,34,24,32,26,24,19,40,15,26,27,31,30,40,31,31,19,33,21,36,24,41,24,34,37,65,43,70,39,73,39,44,34,51,33,43,38,41,30,36,29,45,23,22,21,30,16,34,27,49,43,53,33,44,28,45,29,38,32,41,32,39,25,32,29,54,32,43,44,70,46,69,37,39,31,36,36,58,32,46,37,59,35,69,35,48,37,55,40,55,32,41,22,34,17,29,]
155,1,1,with_set,0.1,11,11,201,50,loop_limit,[753,276,276,161,182,93,113,92,108,102,108,70,84,65,73,46,66,64,66,50,63,34,45,30,47,43,48,32,41,22,37,27,40,30,64,39,55,36,47,38,56,41,44,21,29,18,29,17,42,25,26,18,34,25,39,25,29,32,32,42,60,27,47,35,47,25,36,21,33,23,43,35,33,24,27,27,34,27,31,15,22,19,32,22,39,22,30,21,35,14,32,18,19,18,34,26,39,31,40,21,34,27,48,31,36,28,33,23,28,20,23,28,34,34,53,27,41,32,63,44,59,46,52,34,58,35,53,32,56,27,45,34,55,29,44,30,38,25,40,27,31,21,32,16,22,19,29,22,43,36,53,38,52,44,54,33,34,31,29,21,34,27,35,26,30,29,41,36,43,31,59,48,56,41,62,40,49,35,50,31,41,24,39,26,39,26,50,34,39,41,59,47,62,37,43,24,24,19,30,28,50,]
155,1,2,with_set,0.01,1,1,201,35,loop_limit,[753,300,286,229,263,122,158,101,119,77,113,72,87,44,59,47,72,49,59,45,76,48,63,38,52,39,43,39,47,54,75,61,79,61,79,49,61,41,69,42,59,37,48,24,30,24,41,22,37,44,30,22,38,20,38,19,33,30,48,28,32,16,26,14,22,11,18,18,21,30,51,32,34,35,26,19,30,27,35,30,50,36,63,28,55,30,35,22,32,24,35,28,42,22,31,30,35,18,32,22,45,31,38,34,41,30,33,39,58,33,59,47,48,30,61,33,42,28,58,40,52,28,57,31,46,25,41,37,55,35,43,25,36,24,48,27,44,31,45,29,52,29,41,39,54,48,40,35,44,43,65,48,61,35,54,39,46,30,30,21,25,28,33,9,14,13,20,13,18,7,10,6,16,10,13,7,17,12,23,16,32,22,37,20,36,24,52,32,34,27,33,30,33,34,40,23,36,37,43,29,35,]
155,1,2,with_set,0.05,5,5,201,23,loop_limit,[753,302,290,149,189,103,126,83,99,66,76,56,76,53,61,51,85,62,84,39,45,39,49,48,79,55,94,53,94,65,74,54,68,41,64,39,47,28,46,19,43,32,55,34,41,38,48,41,60,41,49,46,54,39,39,25,50,35,37,22,45,32,47,32,46,35,43,34,34,30,42,21,38,32,46,26,48,39,45,25,33,22,44,22,25,18,36,14,21,18,35,16,32,17,23,21,23,11,30,17,30,19,30,17,36,23,29,33,37,44,41,27,34,27,50,36,59,30,44,37,35,20,29,12,17,12,25,16,24,16,18,16,25,16,27,22,45,22,39,26,45,26,31,21,37,24,30,28,37,29,28,31,40,20,37,34,42,34,37,38,43,35,43,39,55,33,72,43,45,35,48,26,32,24,42,29,39,37,42,28,44,49,64,70,65,36,47,37,50,28,53,34,46,37,66,42,62,15,23,25,23,]
155,1,2,with_set,0.1,11,11,201,46,loop_limit,[753,276,289,146,202,142,158,94,138,81,90,70,99,87,127,62,83,49,71,32,31,26,41,29,42,38,56,43,44,46,72,37,73,49,83,52,69,50,77,58,89,44,59,52,57,32,39,29,51,32,32,28,44,32,49,30,48,23,44,36,50,36,58,45,73,54,71,51,69,42,61,39,55,41,46,59,86,65,93,65,93,47,66,40,58,51,73,52,73,54,58,43,76,44,70,37,64,43,44,35,59,46,61,44,57,54,63,40,52,38,68,37,46,22,43,30,53,46,53,33,51,26,30,24,43,24,44,36,49,31,34,28,48,24,31,16,29,25,37,27,38,35,53,30,32,33,39,17,37,24,49,31,42,25,42,24,42,26,37,43,52,37,54,42,39,27,38,30,50,29,43,25,35,36,37,23,31,22,32,28,40,26,33,30,38,38,60,45,55,51,73,40,53,28,52,39,74,55,63,37,46,]
155,1,4,with_set,0.01,1,1,201,50,loop_limit,[753,302,313,158,190,119,178,128,137,122,118,73,134,64,73,42,71,47,72,55,112,70,102,62,89,60,53,35,32,29,30,30,34,42,46,43,44,28,43,37,49,34,34,27,41,27,41,28,33,28,35,25,26,23,34,30,42,33,49,39,52,39,63,36,40,22,31,24,40,29,42,30,43,31,46,31,53,31,56,29,53,36,50,23,38,27,39,18,21,17,32,26,45,28,50,37,43,25,37,24,32,16,16,14,16,14,28,14,22,12,21,18,21,14,40,20,28,28,33,26,30,17,30,33,41,33,44,37,49,40,68,37,55,27,33,25,34,36,44,43,83,46,71,42,65,51,84,73,82,94,132,65,90,91,90,44,75,71,108,65,82,84,100,57,76,55,64,47,68,36,41,25,34,25,31,22,31,22,36,29,36,35,47,23,31,24,39,28,53,40,57,41,63,41,62,44,62,46,47,31,50,]
155,1,4,with_set,0.05,5,5,201,68,loop_limit,[753,302,420,180,207,123,132,74,86,62,83,47,63,58,64,43,59,37,49,37,47,37,57,28,52,39,67,58,76,42,73,42,46,43,65,31,56,33,66,39,49,64,75,38,54,47,65,58,69,39,43,31,56,45,51,31,49,35,46,20,33,23,26,16,19,14,31,17,27,28,35,23,32,30,39,18,30,19,30,30,48,25,41,22,36,20,29,26,34,29,33,18,30,22,30,17,22,10,20,16,26,22,30,36,58,50,60,29,49,40,45,30,41,36,54,44,43,32,39,28,44,35,55,52,73,50,57,45,48,39,53,33,47,34,54,24,43,35,29,26,29,31,40,28,38,36,54,31,69,39,55,56,82,47,52,41,62,34,48,26,44,36,47,30,39,36,47,22,24,19,34,24,39,27,28,17,33,20,26,27,36,34,33,28,39,42,39,25,52,35,52,49,79,52,86,71,101,63,89,60,68,]
155,1,8,with_set,0.01,1,1,201,28,loop_limit,[753,298,308,163,218,149,184,96,116,74,119,70,133,78,83,40,58,43,47,27,26,46,67,64,112,73,80,77,91,59,73,53,54,34,50,38,55,41,53,24,36,28,29,22,39,22,36,18,34,21,37,29,54,30,38,29,46,38,57,34,77,60,79,64,90,56,88,68,86,53,63,43,65,55,64,53,50,33,51,46,51,25,31,20,21,19,36,21,41,28,62,27,40,34,40,23,39,30,44,42,57,29,43,27,36,30,53,35,42,33,47,32,53,56,67,36,48,33,72,41,59,55,68,34,58,38,57,32,35,33,32,38,45,41,72,50,66,28,70,38,53,40,48,29,47,28,38,31,39,30,54,25,52,38,52,34,41,28,40,35,75,42,50,32,46,38,53,53,77,40,70,39,64,34,48,34,40,27,47,35,41,33,46,30,52,32,40,43,113,55,79,45,67,37,45,26,43,27,32,24,28,]
155,1,8,with_set,0.05,5,5,201,26,loop_limit,[753,320,303,221,221,142,173,94,180,96,127,71,100,62,105,58,78,80,84,78,186,146,170,97,151,82,137,81,83,81,91,63,71,39,58,27,34,25,32,32,35,18,43,24,37,25,30,36,42,28,41,17,40,17,22,17,21,16,24,14,22,14,22,23,26,22,34,26,35,32,47,37,60,33,52,29,52,17,24,25,24,20,36,29,41,40,41,20,28,17,33,18,28,18,19,12,22,17,28,14,18,16,21,9,17,13,29,29,41,22,27,13,37,20,31,29,35,26,40,32,42,26,52,25,38,27,46,37,54,31,59,34,39,26,48,41,67,42,75,42,55,35,60,35,79,33,62,29,58,37,51,33,39,36,57,30,42,28,33,36,49,42,43,35,44,36,59,49,67,44,110,58,82,51,75,56,77,38,52,36,39,26,41,21,50,30,42,36,52,31,23,23,34,23,42,31,59,23,32,23,26,]
155,1,8,with_set,0.1,11,11,201,37,loop_limit,[753,302,274,128,160,134,261,141,171,87,186,121,118,87,128,59,84,61,93,54,68,49,80,49,66,38,42,38,70,46,48,37,55,35,39,35,54,27,28,20,20,13,24,17,23,17,28,27,30,27,41,28,36,21,26,21,29,20,33,30,59,38,63,39,52,46,68,25,25,17,25,29,33,25,43,32,33,16,27,16,41,27,37,27,49,20,27,26,36,31,42,46,50,39,39,20,34,17,28,16,32,26,28,19,35,28,47,30,52,31,40,35,40,37,61,37,34,23,25,23,38,29,34,41,54,24,45,28,34,26,26,31,41,22,36,23,30,23,31,27,31,18,23,16,25,14,26,28,37,26,41,27,38,32,47,33,49,32,57,31,45,26,39,26,25,24,48,32,43,33,30,27,30,15,20,19,24,29,30,25,46,31,42,36,54,35,54,35,51,43,53,42,49,37,47,33,40,23,34,28,37,]
155,1,16,with_set,0.01,1,1,201,74,loop_limit,[753,390,376,205,223,123,139,74,162,88,288,227,222,147,167,89,383,263,277,153,228,136,149,91,103,71,100,75,112,62,66,50,60,48,72,45,58,50,59,41,225,104,127,76,105,62,103,48,71,41,71,44,73,53,65,46,75,46,49,48,52,42,55,24,42,24,43,31,52,44,68,41,52,33,53,36,40,29,36,19,41,19,31,24,33,33,60,33,151,73,80,47,51,43,51,28,39,35,42,51,67,42,59,116,113,65,70,56,62,51,72,53,66,42,72,43,70,31,44,40,59,40,57,42,68,52,70,49,73,49,71,50,63,38,47,43,77,42,73,49,65,48,103,66,71,119,118,71,94,155,172,96,113,91,109,46,74,38,48,37,53,41,48,32,64,36,64,38,51,35,53,34,53,48,48,27,33,31,46,30,35,26,30,20,36,33,47,35,41,30,54,42,47,34,44,36,65,46,77,45,74,]
155,1,16,with_set,0.05,5,5,201,29,loop_limit,[753,385,382,285,267,225,236,134,138,88,101,61,87,44,56,39,48,25,39,26,43,38,42,60,79,42,52,27,42,29,43,33,66,37,46,36,60,51,74,47,65,52,86,70,76,57,77,111,100,67,68,39,50,37,43,19,23,17,21,16,29,20,37,28,41,40,48,49,57,36,63,42,64,59,67,54,73,53,81,53,60,57,82,50,70,45,70,41,62,32,60,30,47,26,45,28,40,25,39,20,52,32,51,28,37,28,47,23,35,16,28,22,54,38,42,26,34,22,42,17,24,23,37,17,38,24,40,24,35,18,37,22,33,26,42,29,47,37,46,27,41,39,37,37,54,32,48,30,36,22,33,24,39,26,36,22,25,15,31,18,29,27,48,99,112,63,100,64,235,109,130,79,103,57,79,42,63,47,47,22,23,16,34,28,32,31,44,17,29,24,38,24,37,33,51,31,38,25,33,26,29,]
155,1,16,with_set,0.1,11,11,201,34,loop_limit,[753,276,323,232,237,136,327,177,283,166,178,110,136,84,90,176,194,102,125,76,99,145,151,66,85,47,78,62,182,123,136,73,79,53,66,62,87,59,65,68,65,42,61,35,46,48,48,31,40,38,46,32,37,27,34,20,40,25,46,28,54,30,38,28,39,32,49,34,49,34,34,25,24,26,24,23,22,17,31,27,50,26,42,20,39,34,27,23,31,14,28,24,28,29,32,33,36,34,38,25,46,36,48,35,41,22,92,74,120,148,157,92,121,56,78,42,61,51,70,50,73,62,77,41,188,146,149,75,94,60,83,43,78,45,56,45,58,35,57,28,47,30,31,28,47,34,34,20,32,24,44,24,31,19,34,24,53,32,50,32,37,38,61,42,55,55,60,63,72,50,85,48,80,37,43,27,33,24,41,30,56,30,32,19,32,14,15,16,16,13,25,16,30,12,27,22,47,30,51,30,34,]
174,1,1,with_set,0.01,1,1,201,13,loop_limit,[488,257,193,141,107,85,64,53,45,53,44,41,48,45,38,29,28,25,20,16,14,17,20,19,13,16,12,19,8,12,11,9,7,8,11,15,11,15,18,16,21,15,11,20,26,23,30,27,25,32,25,28,22,19,16,17,11,11,15,16,20,18,19,28,27,18,23,24,40,38,28,22,20,16,13,20,17,20,11,14,15,15,17,17,12,17,17,25,17,18,17,21,21,17,14,17,13,20,18,21,22,19,18,19,18,16,11,15,13,15,21,19,13,11,8,8,7,14,13,19,14,14,13,22,21,29,21,18,11,19,17,23,19,14,13,13,12,12,16,16,14,19,9,9,12,13,17,29,29,23,28,30,25,23,21,25,26,22,28,27,29,29,29,22,30,25,22,29,29,21,20,23,15,17,21,19,20,24,17,16,23,33,22,28,20,28,25,25,17,23,13,17,11,16,15,17,24,18,18,21,13,]
174,1,1,with_set,0.05,5,5,201,18,loop_limit,[488,267,169,139,100,78,73,53,65,42,33,34,24,27,26,25,25,20,19,24,19,27,18,11,8,9,10,8,8,10,13,17,11,19,11,20,22,18,25,22,24,30,22,23,18,17,15,20,27,26,27,20,15,16,24,22,26,32,37,35,26,24,18,25,18,29,26,22,24,22,21,17,14,23,23,24,25,29,24,19,18,21,15,20,28,27,17,20,28,24,24,25,22,17,20,20,17,15,19,15,14,11,15,14,15,12,9,13,11,18,13,19,19,17,18,18,22,22,17,23,19,15,22,24,19,26,28,35,25,23,20,23,22,20,18,15,14,26,25,18,17,16,11,14,23,21,14,16,13,14,9,14,14,17,18,21,19,20,24,21,20,19,19,12,19,23,22,30,20,23,26,22,23,17,13,17,16,19,22,19,26,21,22,25,23,32,31,24,25,19,17,30,16,24,17,28,17,22,18,16,18,]
174,1,2,with_set,0.01,1,1,201,17,loop_limit,[488,308,170,136,90,109,74,69,54,57,38,45,26,25,25,42,26,31,28,32,34,27,18,20,16,15,11,20,13,17,17,19,12,13,21,23,15,29,30,34,31,25,14,20,20,25,18,16,20,17,22,18,23,21,9,13,12,21,23,24,24,21,16,20,19,27,13,28,24,16,24,24,26,31,22,26,29,26,30,32,32,33,23,24,31,34,25,35,28,30,26,23,24,26,15,19,16,21,15,18,18,18,12,15,10,10,16,17,17,21,21,24,35,39,36,24,29,26,37,42,27,35,33,28,25,34,25,26,29,21,21,24,27,24,24,25,24,31,24,23,15,18,21,20,23,18,11,17,11,16,19,22,22,15,14,21,16,16,15,18,22,15,22,14,16,17,22,20,10,12,18,13,23,26,27,23,15,14,12,19,19,16,16,22,21,22,19,31,11,13,8,12,17,22,15,23,23,32,15,25,17,]
174,1,2,with_set,0.05,5,5,201,16,loop_limit,[488,250,145,115,62,84,49,56,53,66,33,29,20,24,18,17,14,15,10,12,9,14,9,12,14,18,18,19,20,24,23,28,13,24,20,25,23,20,14,17,15,17,22,17,15,18,17,21,20,16,19,21,29,22,18,21,26,24,22,21,21,27,22,28,28,28,29,28,20,22,19,22,19,16,15,17,20,13,12,13,11,14,11,13,14,20,19,23,19,23,19,16,23,17,17,17,16,18,14,19,18,17,16,16,10,12,17,18,18,21,27,22,19,21,19,20,26,30,25,37,28,24,24,20,20,32,31,30,26,24,30,27,24,12,23,21,11,12,11,20,18,18,16,15,19,18,18,20,21,18,13,12,10,12,13,17,19,18,14,15,9,9,7,10,11,12,9,12,12,14,19,13,12,14,15,26,28,26,16,22,26,26,29,29,26,27,31,22,16,15,19,25,33,25,18,22,32,25,22,26,16,]
174,1,4,with_set,0.01,1,1,201,15,loop_limit,[488,271,165,124,118,94,86,67,45,45,58,49,26,29,19,24,20,27,21,20,22,33,18,24,21,21,19,24,28,25,31,27,23,21,24,29,30,29,19,24,18,22,19,23,25,23,21,25,26,27,26,20,17,15,22,21,20,27,31,29,36,20,20,18,20,20,15,26,31,22,14,21,12,15,12,16,16,16,12,11,15,26,21,28,32,25,24,33,34,34,40,46,29,32,30,34,37,30,29,28,28,33,34,33,24,27,25,26,33,37,32,31,19,17,17,18,12,15,8,14,9,13,10,16,11,14,11,12,17,14,9,12,21,18,18,21,21,26,20,25,27,27,32,25,30,29,19,16,11,12,11,16,13,20,16,21,18,19,16,23,27,28,30,25,22,21,21,21,16,16,15,14,13,17,17,22,17,20,16,18,14,16,12,9,12,20,23,19,18,26,18,30,31,22,17,14,14,17,18,19,15,]
174,1,4,with_set,0.05,5,5,201,9,loop_limit,[488,363,206,144,106,83,55,45,39,29,22,26,24,22,15,18,18,22,24,23,21,19,13,23,23,30,26,22,21,15,17,21,16,24,22,26,17,27,20,29,24,25,20,19,11,19,29,25,25,21,19,19,17,25,30,30,31,31,24,29,23,22,20,15,16,14,11,13,7,13,12,13,22,18,19,20,16,18,12,21,14,11,10,10,11,12,9,10,11,15,16,18,14,25,24,27,24,26,27,31,17,15,9,14,12,24,20,19,14,16,17,26,27,31,34,37,38,38,35,21,12,13,9,13,13,12,10,12,11,19,22,21,17,21,25,31,21,28,19,19,15,14,15,16,13,16,18,23,20,17,17,21,17,26,28,20,23,18,25,17,16,18,11,17,20,25,28,28,21,25,28,23,14,18,14,17,18,12,14,16,18,33,17,17,17,22,19,18,21,20,18,14,9,16,10,17,16,18,17,12,9,]
174,1,8,with_set,0.01,1,1,201,16,loop_limit,[488,308,172,147,115,104,96,74,49,49,35,27,30,41,43,49,36,33,36,26,23,23,31,22,22,30,28,32,27,18,26,25,22,16,10,14,18,14,14,14,25,25,20,19,18,18,14,19,15,16,18,19,14,12,19,25,14,22,28,25,20,16,22,19,16,14,14,20,19,8,10,11,13,11,9,12,15,16,15,19,23,21,17,21,19,25,15,18,16,28,26,29,26,22,16,20,29,24,29,30,29,29,32,49,46,44,26,26,21,25,21,17,21,25,20,21,14,15,17,18,17,15,13,12,11,12,8,13,11,16,17,21,13,11,17,12,13,16,15,15,13,22,28,22,15,17,15,13,11,21,22,30,34,29,16,22,16,19,13,15,7,13,10,12,10,12,10,15,14,17,11,18,24,20,17,18,16,22,22,27,19,17,12,20,15,14,9,14,15,19,25,21,20,18,22,21,19,22,24,14,16,]
174,1,16,with_set,0.01,1,1,201,17,loop_limit,[488,308,199,242,147,168,110,93,62,51,34,35,33,39,36,38,39,34,22,16,16,10,13,21,16,22,39,27,38,34,36,27,14,19,21,26,24,29,31,30,37,31,27,21,20,16,12,15,17,17,16,15,15,11,12,14,12,12,10,9,8,14,11,12,10,14,12,14,16,14,18,14,10,10,7,16,15,18,15,26,27,20,25,19,18,20,13,24,23,48,46,48,39,48,38,36,39,40,38,43,40,28,25,27,27,24,28,30,14,18,18,19,25,43,35,35,14,18,13,9,10,9,11,14,12,14,16,9,10,11,8,7,4,11,10,13,13,18,19,17,16,28,19,20,21,23,22,27,32,29,29,22,26,13,15,16,18,12,12,22,17,22,22,23,16,10,15,15,22,22,27,34,23,28,16,15,10,18,21,44,38,45,41,48,44,32,25,22,21,25,26,25,24,25,19,23,22,22,31,31,17,]
174,2,2,with_set,0.01,2,2,201,4,loop_limit,[488,158,60,37,19,19,7,5,3,7,3,6,4,6,3,6,4,8,4,5,3,7,4,5,3,7,3,5,3,5,3,6,4,6,5,8,4,10,5,8,4,8,3,6,3,10,3,6,3,7,4,7,6,8,3,6,3,8,2,6,3,8,4,7,4,8,2,6,4,7,3,6,3,7,3,7,4,9,4,7,4,6,4,6,3,7,4,10,4,8,3,6,3,7,2,7,3,6,2,7,4,6,4,5,3,5,2,7,3,6,2,6,4,7,3,7,5,5,2,6,4,7,4,8,3,10,3,5,3,5,3,6,4,6,3,7,4,10,4,6,4,8,4,7,4,7,4,6,4,8,2,6,3,7,4,9,4,9,3,5,4,6,2,7,4,6,3,6,2,5,3,7,3,6,3,7,2,7,6,7,3,8,4,5,3,5,3,6,2,7,3,5,2,5,3,6,3,6,3,5,4,]
174,2,4,with_set,0.01,2,2,201,4,loop_limit,[488,158,49,33,13,11,7,7,4,9,6,8,2,8,2,5,2,5,4,7,6,7,3,7,3,9,4,8,2,5,2,5,4,8,4,6,4,7,4,7,4,5,3,8,5,10,4,6,3,6,2,7,2,7,2,5,2,7,3,6,3,7,2,6,2,7,3,7,3,6,4,6,3,5,3,7,2,5,2,5,3,6,4,7,2,5,3,7,3,5,2,5,3,6,3,6,4,8,3,6,4,8,5,8,4,8,3,5,3,7,2,5,3,6,4,6,4,7,3,7,6,9,4,6,3,7,2,6,4,7,4,5,3,5,3,6,3,5,2,7,4,7,6,14,4,7,3,7,6,8,5,9,6,14,4,7,2,10,4,9,3,6,4,5,4,7,6,5,2,6,3,6,3,6,4,5,3,6,3,7,3,6,3,6,4,7,4,6,4,7,2,7,6,9,5,7,3,6,4,7,4,]
174,2,16,with_set,0.01,2,2,201,4,loop_limit,[488,147,66,27,13,6,3,7,3,6,3,6,4,8,2,6,3,7,4,8,3,7,2,6,2,5,4,5,3,6,4,6,3,6,3,7,3,6,4,10,2,5,3,6,3,5,3,10,3,7,4,8,4,9,5,6,3,8,3,7,4,7,2,6,2,5,2,7,3,7,3,7,6,7,6,7,4,5,3,6,3,5,3,6,3,7,3,5,2,5,3,8,3,5,4,6,4,5,3,5,3,5,2,5,2,7,4,7,4,6,3,7,3,6,3,5,2,10,5,12,8,11,3,7,3,5,3,7,3,7,2,6,3,7,4,5,3,9,4,7,6,7,6,8,3,6,3,7,3,5,3,5,2,5,2,6,3,5,3,5,3,7,4,7,4,8,4,7,3,5,2,7,3,7,3,5,2,5,3,7,3,6,4,8,4,10,3,5,2,5,2,7,3,5,2,7,3,5,3,5,4,]
175,1,1,with_set,0.01,1,1,201,18,loop_limit,[643,247,222,114,133,78,79,62,87,59,82,53,68,41,51,47,52,45,55,51,47,39,45,53,79,61,67,52,59,29,32,28,28,20,22,21,28,25,27,27,41,18,27,25,41,22,20,19,36,26,32,28,29,19,20,17,24,27,35,33,30,25,28,26,31,23,26,24,24,25,22,19,22,24,38,32,40,24,29,28,38,25,36,25,34,25,30,18,18,16,20,13,20,9,16,15,20,20,23,28,20,15,16,21,26,23,23,17,22,17,25,32,45,28,27,20,20,21,23,11,12,18,15,11,17,15,21,20,29,24,32,27,34,24,27,23,25,21,22,18,19,27,20,30,33,21,19,20,28,27,28,30,31,26,28,21,24,21,29,21,18,21,28,22,26,20,27,19,25,18,21,23,22,20,24,18,19,18,19,17,26,18,25,13,22,22,23,20,24,25,31,24,25,24,29,19,11,9,19,18,18,]
175,1,1,with_set,0.05,5,5,201,20,loop_limit,[643,247,238,140,117,83,74,54,71,50,65,39,40,23,25,15,20,22,20,21,34,32,49,36,45,34,45,30,35,30,33,24,23,21,28,32,32,27,23,27,37,26,23,20,27,18,23,23,22,15,13,9,15,13,19,20,22,14,10,12,14,7,16,16,20,15,17,15,16,11,9,7,11,13,17,13,26,20,28,26,35,30,33,31,35,37,36,24,25,28,28,23,23,21,20,17,18,17,21,23,35,33,30,19,30,24,28,22,22,17,26,17,21,13,17,17,17,11,8,13,21,19,21,13,27,20,34,24,34,32,35,45,53,38,45,32,28,37,45,34,29,20,21,26,36,25,31,19,23,22,21,20,21,21,22,24,23,29,30,19,27,16,27,24,25,24,28,20,28,15,22,21,20,17,33,20,21,20,24,23,30,26,31,26,37,23,25,18,30,38,46,28,30,20,20,15,21,22,19,13,20,]
175,1,2,with_set,0.01,1,1,201,21,loop_limit,[643,254,187,200,176,159,145,90,81,82,81,65,83,55,64,45,57,33,42,12,26,12,23,27,29,15,21,20,29,27,35,32,43,36,33,34,41,45,41,16,23,20,23,26,28,19,26,19,27,31,30,18,24,16,31,23,30,24,34,33,38,35,37,35,35,23,24,24,35,24,33,21,31,32,45,34,29,16,22,20,35,25,40,22,25,19,26,22,28,17,21,18,16,16,15,12,15,10,13,16,21,21,23,20,25,18,19,17,28,23,28,19,19,22,31,31,31,21,24,18,25,18,21,16,24,23,30,21,27,18,21,18,25,20,18,23,27,29,27,19,27,20,30,30,28,27,33,22,26,15,28,28,28,17,15,10,18,17,24,16,16,16,26,16,14,11,18,10,21,16,25,23,32,28,34,25,20,12,21,16,20,13,14,10,16,16,23,11,23,22,29,14,21,27,29,17,23,15,17,13,21,]
175,1,2,with_set,0.05,5,5,201,29,loop_limit,[643,247,219,142,160,98,110,75,81,54,56,36,55,49,53,44,51,30,49,37,66,55,66,44,60,51,57,38,54,34,41,27,29,19,27,15,23,15,26,18,24,22,24,22,27,27,30,16,18,15,20,11,18,13,18,19,19,15,26,23,25,31,39,41,49,38,36,32,45,35,39,29,34,28,28,20,24,18,33,25,35,25,32,27,34,23,16,10,8,7,16,16,24,22,26,20,25,30,34,30,19,10,16,12,20,19,24,19,27,27,39,26,32,29,25,17,25,29,35,27,25,20,34,24,33,29,30,28,35,24,36,37,48,27,42,24,38,35,43,33,40,31,28,33,50,42,44,41,35,28,37,50,44,27,36,29,33,30,35,31,35,35,33,46,46,40,50,26,38,23,31,24,31,20,25,22,26,22,24,14,18,15,21,22,33,26,33,32,37,35,37,28,39,29,48,31,35,35,35,20,29,]
175,1,4,with_set,0.01,1,1,201,31,loop_limit,[643,351,347,268,221,211,224,131,124,82,90,88,100,74,82,66,52,36,46,41,65,53,67,54,66,46,44,31,31,28,30,22,31,36,39,29,21,18,25,19,27,20,17,22,27,20,20,13,20,17,23,12,26,19,33,22,28,31,41,28,36,21,12,15,14,16,17,14,32,28,38,37,31,28,31,20,31,25,26,18,20,17,26,22,29,18,24,23,23,20,21,20,20,20,27,31,53,32,39,17,31,28,39,20,29,21,32,27,28,25,35,23,38,27,22,18,19,19,19,12,17,19,22,20,22,12,19,12,18,14,23,20,35,22,29,26,33,29,32,30,38,31,44,34,45,31,41,36,37,22,35,35,58,39,45,47,45,47,58,38,43,30,36,35,39,26,28,25,32,23,28,19,34,24,21,18,24,20,26,25,32,26,34,26,35,26,27,21,32,31,41,39,44,32,42,35,40,27,31,28,31,]
175,1,4,with_set,0.05,5,5,201,36,loop_limit,[643,257,213,198,183,122,109,69,76,57,44,24,23,28,34,30,39,37,39,60,64,48,65,56,50,50,62,48,65,40,36,34,37,29,38,33,35,31,43,30,38,28,34,37,34,31,31,25,35,18,28,26,34,26,34,28,31,28,41,33,28,19,17,14,16,11,20,13,15,13,20,13,17,20,26,27,34,30,36,30,36,25,25,23,24,21,27,20,26,21,28,28,28,21,29,21,24,18,19,13,18,11,15,16,19,23,32,33,33,23,25,15,19,15,13,9,24,19,22,19,33,30,26,23,34,28,33,32,46,35,32,26,35,33,29,27,33,27,35,19,29,26,42,36,55,34,36,23,30,28,40,41,43,32,35,24,30,26,26,15,20,26,25,24,34,33,30,31,41,23,26,23,28,26,23,26,36,34,31,24,22,24,26,20,24,26,30,32,31,29,30,21,29,32,40,31,45,37,33,33,36,]
175,1,8,with_set,0.01,1,1,201,20,loop_limit,[643,256,291,154,144,129,248,112,115,70,77,61,75,55,67,54,64,46,56,52,59,46,48,42,50,40,38,27,32,34,43,28,22,19,19,22,34,33,34,30,56,37,37,31,25,25,35,30,24,14,26,18,22,17,28,19,27,21,30,34,39,44,39,33,37,38,37,26,37,30,36,19,19,17,25,20,23,29,24,20,27,24,29,26,30,35,32,21,34,25,34,26,27,28,26,17,19,28,34,27,33,26,36,24,24,17,31,29,30,26,36,33,28,24,23,25,27,20,22,13,10,11,17,19,25,22,22,16,28,24,23,20,23,25,39,31,38,34,28,17,24,27,31,29,57,38,83,48,89,55,52,33,49,33,45,22,30,23,21,16,21,8,12,6,11,16,22,19,19,21,32,29,33,26,34,34,43,25,42,18,21,15,27,25,34,32,35,32,38,40,46,40,41,30,32,19,26,27,32,28,20,]
175,1,8,with_set,0.05,5,5,201,44,loop_limit,[643,247,233,143,142,82,106,73,89,55,79,67,71,65,72,71,69,42,72,58,60,41,43,48,31,27,29,26,25,15,30,21,39,33,39,29,36,31,42,27,22,24,32,20,20,9,14,8,17,23,32,26,49,18,30,25,27,28,39,30,25,24,23,29,29,14,19,19,26,33,35,22,26,17,21,19,23,19,21,22,29,23,24,21,34,26,30,26,39,27,33,25,29,17,19,14,22,20,16,12,13,17,20,19,21,15,14,15,15,13,12,10,7,6,17,15,21,19,28,18,22,17,24,23,33,33,53,44,35,35,35,30,40,40,27,18,18,13,31,27,24,29,35,18,23,27,29,27,31,30,37,29,36,27,41,31,31,25,36,30,34,31,36,24,39,26,24,17,19,10,8,12,18,14,18,12,13,11,13,7,12,14,18,17,27,19,36,24,32,23,36,45,50,37,40,36,38,38,50,37,44,]
175,1,16,with_set,0.01,1,1,201,32,loop_limit,[643,387,281,158,166,105,139,94,95,61,73,48,49,35,62,46,79,54,75,106,83,70,72,75,183,112,109,80,73,43,46,25,40,39,46,35,45,29,37,28,30,27,28,32,39,23,31,22,28,25,31,24,23,22,36,28,31,28,39,20,22,11,17,17,16,18,17,12,16,12,18,13,17,9,16,13,22,13,16,11,11,10,10,14,18,19,21,20,32,22,21,21,27,23,36,30,27,24,31,25,30,26,30,32,32,25,33,34,41,38,44,37,44,43,42,35,31,25,30,21,19,21,19,13,19,18,19,13,17,12,24,18,15,11,20,18,20,20,26,23,25,20,25,19,21,18,28,30,83,52,68,39,39,31,33,33,38,26,39,30,31,18,21,20,25,27,36,27,66,43,60,33,38,30,32,23,34,23,35,25,28,30,44,30,37,26,33,17,18,16,18,17,11,12,12,14,15,16,26,20,32,]
175,1,16,with_set,0.05,5,5,201,29,loop_limit,[643,268,231,131,142,71,84,44,53,32,36,40,43,25,31,25,29,34,34,28,29,24,25,24,37,35,31,17,20,20,17,9,17,14,24,17,17,26,32,22,20,22,31,22,28,22,26,27,36,32,33,27,32,20,35,20,24,22,31,26,22,29,32,31,34,20,21,10,19,15,20,15,21,15,21,16,13,20,35,24,37,29,36,23,32,27,37,27,26,15,22,15,18,10,11,14,27,21,29,21,35,25,21,23,34,28,28,30,34,25,35,23,29,30,40,30,21,26,29,24,30,29,34,27,41,31,32,27,28,21,32,18,28,20,30,26,25,34,38,35,41,37,40,36,34,19,23,32,38,32,29,21,30,27,22,16,22,16,28,20,38,25,36,28,33,21,36,35,41,23,36,55,48,40,37,25,31,20,25,25,24,22,22,15,22,15,23,22,17,17,18,17,16,12,23,17,25,18,25,20,29,]
180,1,1,with_set,0.01,1,1,201,2572,loop_limit,[2739,1767,2620,1726,2607,1769,2630,1750,2628,1752,2587,1763,2628,1772,2610,1768,2640,1749,2635,1772,2632,1763,2635,1747,2607,1775,2607,1762,2616,1777,2640,1758,2585,1771,2610,1768,2572,1763,2573,1767,2583,1740,2568,1775,2613,1769,2616,1759,2569,1759,2604,1774,2640,1758,2585,1752,2564,1774,2576,1766,2579,1740,2595,1772,2623,1774,2609,1768,2640,1781,2571,1757,2622,1751,2629,1774,2613,1753,2555,1744,2609,1750,2604,1778,2613,1752,2557,1760,2630,1754,2617,1778,2571,1770,2635,1749,2575,1772,2616,1765,2609,1748,2579,1771,2607,1778,2638,1758,2567,1747,2612,1744,2564,1771,2587,1763,2573,1767,2569,1759,2572,1764,2620,1737,2591,1752,2573,1748,2564,1774,2617,1755,2569,1766,2613,1753,2555,1760,2614,1761,2627,1772,2615,1738,2602,1759,2622,1765,2614,1759,2606,1778,2630,1745,2610,1752,2632,1751,2587,1740,2595,1754,2624,1768,2616,1738,2555,1751,2581,1775,2640,1781,2612,1738,2610,1772,2609,1748,2544,1747,2635,1772,2615,1778,2571,1757,2616,1754,2575,1768,2571,1753,2605,1757,2566,1744,2548,1753,2595,1752,2572,]
180,1,1,with_set,0.05,5,5,201,2630,loop_limit,[2739,1757,2635,1749,2572,1755,2595,1772,2575,1757,2557,1762,2613,1752,2580,1771,2610,1768,2640,1781,2630,1745,2569,1744,2548,1766,2576,1757,2630,1774,2573,1766,2568,1764,2579,1766,2616,1761,2573,1766,2568,1744,2586,1748,2635,1776,2612,1778,2579,1740,2572,1747,2635,1752,2569,1753,2581,1748,2602,1769,2569,1744,2586,1763,2628,1751,2614,1765,2630,1750,2566,1757,2630,1767,2573,1770,2630,1750,2573,1767,2562,1764,2613,1754,2624,1781,2579,1768,2631,1764,2569,1766,2576,1747,2564,1764,2586,1775,2571,1753,2610,1752,2595,1769,2562,1746,2586,1752,2607,1762,2573,1764,2573,1767,2583,1766,2620,1755,2620,1755,2610,1772,2573,1759,2604,1753,2608,1754,2610,1769,2630,1757,2587,1767,2573,1759,2568,1747,2612,1765,2623,1767,2573,1767,2616,1765,2640,1751,2569,1772,2573,1767,2616,1765,2609,1754,2610,1752,2595,1778,2630,1748,2622,1758,2637,1765,2624,1756,2624,1756,2605,1759,2562,1762,2564,1758,2614,1750,2573,1753,2581,1775,2615,1738,2582,1771,2576,1767,2583,1752,2622,1777,2640,1758,2567,1747,2564,1755,2628,1767,2630,]
180,1,1,with_set,0.1,11,11,201,2583,loop_limit,[2739,1769,2616,1754,2572,1772,2609,1778,2576,1760,2632,1749,2577,1740,2568,1766,2628,1780,2571,1747,2612,1757,2637,1749,2612,1772,2587,1769,2616,1754,2619,1767,2573,1759,2617,1753,2635,1749,2616,1774,2628,1767,2573,1767,2562,1757,2583,1740,2568,1767,2611,1768,2610,1754,2572,1757,2616,1761,2616,1754,2632,1758,2610,1752,2609,1768,2569,1760,2620,1772,2612,1754,2558,1755,2604,1754,2572,1755,2577,1775,2576,1764,2573,1753,2552,1762,2564,1758,2564,1744,2591,1754,2575,1766,2613,1772,2587,1769,2569,1753,2581,1765,2581,1740,2568,1768,2571,1770,2635,1765,2623,1772,2615,1738,2610,1772,2609,1752,2575,1760,2614,1759,2562,1764,2573,1753,2569,1753,2635,1749,2609,1767,2635,1752,2569,1772,2575,1757,2569,1753,2635,1764,2604,1772,2575,1755,2604,1753,2610,1726,2558,1755,2577,1775,2571,1766,2568,1764,2624,1751,2614,1765,2573,1768,2579,1766,2616,1754,2572,1757,2557,1762,2613,1772,2640,1749,2572,1774,2612,1759,2616,1759,2562,1774,2612,1759,2562,1762,2635,1752,2569,1767,2611,1754,2610,1754,2600,1772,2635,1769,2583,]
180,1,1,with_set,0.25,28,28,201,2579,loop_limit,[2739,1753,2635,1752,2631,1775,2579,1775,2571,1744,2591,1754,2604,1753,2573,1760,2630,1772,2610,1752,2603,1778,2638,1749,2604,1759,2633,1754,2617,1753,2635,1765,2635,1762,2587,1748,2635,1776,2635,1749,2612,1752,2572,1756,2605,1753,2610,1778,2630,1767,2630,1754,2595,1772,2624,1768,2611,1768,2640,1749,2595,1769,2569,1766,2568,1766,2576,1774,2617,1744,2574,1752,2609,1774,2587,1767,2587,1775,2635,1772,2576,1755,2574,1768,2628,1751,2570,1768,2619,1750,2566,1747,2635,1748,2622,1777,2635,1769,2635,1748,2564,1757,2622,1764,2604,1752,2635,1779,2623,1768,2611,1752,2610,1778,2579,1748,2568,1769,2622,1777,2571,1757,2564,1768,2636,1764,2604,1751,2609,1726,2596,1744,2632,1749,2628,1751,2635,1777,2584,1771,2575,1763,2570,1753,2564,1771,2587,1767,2573,1772,2616,1777,2576,1757,2630,1754,2604,1774,2630,1750,2595,1772,2609,1778,2638,1758,2567,1758,2567,1758,2568,1764,2620,1737,2574,1748,2620,1767,2635,1767,2636,1751,2610,1778,2576,1753,2605,1753,2592,1759,2569,1760,2584,1740,2572,1762,2572,1763,2628,1767,2579,]
180,1,2,with_set,0.01,1,1,201,2573,loop_limit,[2739,1760,2617,1767,2640,1781,2579,1766,2640,1758,2567,1744,2591,1761,2627,1752,2631,1758,2567,1753,2569,1772,2616,1777,2576,1774,2640,1751,2599,1772,2613,1768,2572,1748,2587,1767,2587,1771,2607,1761,2640,1764,2616,1761,2573,1744,2591,1759,2569,1744,2609,1774,2584,1766,2573,1753,2617,1752,2587,1771,2576,1772,2616,1738,2564,1757,2569,1744,2609,1781,2623,1756,2610,1768,2627,1750,2632,1751,2599,1754,2617,1750,2574,1740,2568,1771,2569,1755,2613,1764,2568,1767,2569,1767,2634,1767,2562,1756,2610,1778,2638,1749,2609,1750,2586,1752,2611,1769,2611,1752,2586,1740,2568,1750,2617,1772,2635,1774,2630,1767,2613,1768,2613,1752,2580,1740,2572,1747,2586,1740,2568,1744,2586,1771,2607,1774,2613,1753,2609,1726,2607,1752,2603,1726,2558,1755,2574,1744,2591,1754,2632,1771,2564,1758,2604,1765,2630,1726,2596,1744,2566,1774,2571,1756,2564,1746,2612,1744,2564,1755,2628,1748,2607,1762,2628,1767,2613,1754,2555,1760,2614,1754,2595,1778,2571,1764,2632,1754,2575,1753,2605,1757,2581,1747,2635,1774,2640,1765,2573,1760,2573,]
180,1,2,with_set,0.05,5,5,201,2562,loop_limit,[2739,1757,2630,1774,2630,1757,2564,1771,2573,1753,2552,1763,2613,1772,2624,1774,2609,1778,2623,1768,2630,1726,2626,1774,2640,1749,2628,1751,2614,1759,2630,1774,2628,1774,2587,1748,2564,1762,2608,1754,2610,1778,2623,1750,2628,1751,2555,1754,2610,1754,2564,1746,2612,1749,2575,1767,2616,1765,2616,1765,2609,1752,2575,1767,2611,1772,2609,1766,2569,1753,2569,1744,2635,1767,2619,1774,2640,1777,2630,1781,2579,1740,2568,1763,2570,1755,2566,1774,2612,1775,2635,1772,2610,1769,2611,1769,2616,1777,2613,1772,2587,1775,2613,1752,2610,1778,2576,1753,2569,1772,2573,1767,2634,1767,2630,1768,2616,1778,2630,1754,2628,1767,2569,1760,2584,1748,2635,1765,2635,1762,2622,1748,2555,1751,2581,1740,2572,1772,2616,1778,2571,1773,2623,1774,2613,1778,2623,1767,2567,1747,2612,1749,2612,1768,2613,1752,2635,1758,2567,1760,2613,1772,2614,1776,2576,1774,2617,1774,2640,1765,2604,1778,2571,1770,2579,1768,2631,1765,2573,1744,2622,1762,2616,1761,2613,1769,2583,1775,2615,1754,2619,1752,2569,1760,2630,1752,2627,1774,2573,1767,2562,]
180,1,2,with_set,0.1,11,11,201,2556,loop_limit,[2739,1767,2635,1769,2622,1749,2619,1777,2640,1758,2630,1774,2587,1748,2622,1774,2640,1749,2572,1756,2564,1756,2605,1778,2613,1752,2580,1752,2609,1750,2605,1778,2630,1754,2632,1747,2611,1747,2564,1774,2617,1755,2569,1766,2613,1752,2572,1757,2616,1759,2630,1750,2613,1764,2568,1762,2635,1774,2640,1764,2562,1771,2573,1759,2617,1750,2566,1763,2616,1754,2572,1756,2610,1752,2626,1772,2610,1752,2635,1774,2587,1775,2640,1765,2635,1777,2576,1755,2628,1767,2630,1768,2622,1751,2599,1765,2640,1758,2620,1772,2576,1774,2587,1752,2609,1750,2605,1753,2592,1753,2592,1754,2575,1766,2579,1740,2595,1768,2576,1764,2613,1752,2635,1777,2613,1753,2607,1762,2640,1765,2604,1778,2630,1767,2573,1753,2552,1755,2632,1747,2633,1767,2583,1771,2610,1752,2595,1747,2603,1767,2635,1772,2564,1768,2571,1764,2613,1754,2635,1765,2635,1762,2573,1744,2609,1774,2613,1754,2627,1768,2630,1726,2591,1754,2628,1752,2587,1752,2622,1762,2604,1749,2573,1771,2610,1768,2572,1763,2613,1768,2576,1757,2630,1726,2569,1755,2613,1764,2616,1751,2556,]
180,1,2,with_set,0.25,28,28,201,2564,loop_limit,[2739,1753,2635,1751,2627,1772,2635,1751,2578,1751,2615,1772,2576,1774,2630,1745,2631,1749,2595,1768,2564,1772,2630,1757,2630,1726,2607,1772,2609,1754,2605,1738,2635,1769,2583,1766,2583,1771,2614,1750,2595,1768,2630,1751,2627,1752,2564,1757,2616,1754,2600,1773,2628,1752,2610,1754,2584,1775,2571,1753,2617,1748,2622,1758,2620,1767,2616,1754,2635,1777,2613,1753,2635,1767,2636,1751,2587,1752,2555,1772,2640,1751,2616,1754,2572,1774,2612,1778,2613,1769,2630,1774,2587,1769,2630,1774,2613,1768,2564,1772,2628,1767,2613,1772,2587,1771,2575,1769,2611,1752,2544,1770,2630,1774,2587,1767,2635,1748,2612,1772,2614,1754,2587,1769,2622,1777,2630,1751,2613,1754,2605,1765,2609,1754,2624,1768,2583,1740,2595,1769,2616,1738,2610,1778,2613,1753,2613,1753,2555,1768,2636,1758,2567,1756,2605,1759,2575,1748,2620,1781,2630,1771,2632,1763,2572,1754,2611,1778,2638,1749,2595,1769,2630,1767,2635,1767,2579,1768,2575,1768,2569,1772,2623,1774,2640,1749,2628,1752,2569,1753,2605,1774,2605,1765,2574,1762,2572,1763,2587,1752,2564,]
180,1,4,with_set,0.01,1,1,201,2739,loop_limit,[2739,1767,2640,1749,2564,1764,2620,1772,2613,1754,2584,1748,2566,1744,2739,1777,2630,1774,2613,1778,2638,1765,2573,1756,2610,1778,2638,1758,2567,1768,2739,1767,2739,1774,2573,1766,2723,1767,2739,1767,2587,1752,2609,1774,2640,1765,2624,1726,2622,1758,2739,1753,2607,1778,2571,1747,2555,1754,2572,1762,2572,1763,2566,1760,2635,1751,2599,1772,2599,1772,2584,1769,2630,1781,2630,1751,2555,1753,2577,1771,2621,1744,2739,1767,2573,1790,2576,1756,2564,1774,2576,1753,2581,1790,2732,1790,2739,1781,2579,1769,2739,1777,2730,1760,2576,1760,2739,1767,2739,1781,2579,1768,2739,1753,2706,1753,2622,1749,2564,1764,2573,1772,2628,1752,2610,1752,2544,1790,2616,1754,2577,1752,2607,1775,2630,1757,2569,1768,2734,1760,2628,1748,2612,1752,2632,1778,2612,1738,2593,1768,2569,1759,2604,1754,2577,1752,2611,1772,2614,1776,2640,1749,2616,1767,2616,1790,2640,1751,2599,1790,2616,1777,2616,1754,2739,1767,2616,1778,2612,1738,2555,1790,2576,1766,2739,1767,2573,1759,2577,1740,2568,1766,2626,1750,2595,1778,2576,1760,2725,1760,2739,]
180,1,4,with_set,0.05,5,5,201,2640,loop_limit,[2739,1753,2613,1753,2555,1754,2739,1769,2739,1757,2587,1748,2598,1753,2625,1774,2628,1790,2640,1749,2616,1765,2623,1763,2621,1774,2616,1738,2593,1749,2613,1752,2739,1753,2613,1753,2607,1790,2640,1758,2616,1759,2606,1754,2739,1774,2640,1764,2622,1777,2623,1726,2622,1777,2584,1766,2613,1768,2613,1752,2632,1790,2616,1790,2739,1777,2640,1790,2587,1775,2571,1759,2632,1764,2622,1734,2616,1767,2739,1753,2739,1760,2632,1790,2739,1790,2616,1761,2613,1790,2576,1756,2587,1748,2739,1774,2640,1749,2577,1771,2732,1790,2630,1768,2616,1790,2716,1767,2635,1767,2612,1759,2633,1754,2632,1790,2616,1761,2613,1768,2739,1769,2630,1757,2630,1757,2564,1790,2616,1777,2616,1759,2616,1778,2579,1790,2613,1752,2606,1752,2739,1767,2613,1754,2739,1790,2739,1769,2622,1790,2576,1790,2576,1753,2739,1767,2613,1752,2739,1769,2725,1790,2576,1753,2581,1790,2635,1752,2564,1774,2617,1790,2616,1759,2734,1760,2632,1762,2635,1779,2739,1767,2635,1752,2564,1757,2583,1766,2640,1777,2576,1790,2630,1774,2630,1726,2555,1772,2628,1786,2640,]
180,1,4,with_set,0.1,11,11,201,2619,loop_limit,[2739,1753,2739,1781,2576,1744,2609,1750,2586,1748,2602,1768,2572,1752,2586,1740,2600,1754,2619,1754,2572,1762,2564,1790,2630,1767,2620,1737,2605,1750,2595,1790,2640,1749,2577,1763,2607,1748,2622,1767,2613,1752,2580,1775,2571,1760,2739,1769,2616,1759,2606,1752,2739,1781,2739,1781,2623,1726,2739,1767,2573,1753,2605,1790,2576,1755,2577,1790,2576,1772,2573,1760,2728,1753,2622,1779,2612,1775,2635,1752,2587,1775,2640,1758,2739,1767,2640,1777,2635,1754,2575,1743,2564,1755,2613,1768,2569,1767,2611,1790,2587,1740,2599,1747,2610,1754,2555,1744,2591,1762,2628,1751,2570,1744,2548,1760,2727,1760,2604,1778,2576,1760,2620,1790,2640,1781,2613,1752,2595,1754,2584,1763,2630,1751,2569,1785,2616,1777,2630,1774,2571,1790,2640,1749,2595,1790,2613,1754,2605,1774,2571,1744,2739,1767,2640,1764,2616,1778,2579,1769,2569,1767,2611,1752,2603,1790,2739,1790,2635,1752,2610,1754,2728,1790,2613,1769,2583,1752,2555,1751,2569,1756,2620,1790,2587,1748,2587,1752,2611,1778,2576,1767,2739,1767,2620,1726,2596,1774,2571,1768,2619,]
180,1,8,with_set,0.01,1,1,201,2640,loop_limit,[2739,1757,2739,1760,2576,1772,2609,1778,2739,1753,2586,1774,2739,1757,2564,1756,2610,1752,2632,1762,2571,1756,2627,1726,2690,1790,2702,1783,2691,1776,2712,1760,2595,1769,2622,1751,2629,1767,2573,1790,2630,1774,2616,1790,2739,1767,2725,1760,2632,1749,2577,1752,2609,1775,2640,1790,2640,1749,2568,1740,2568,1790,2587,1782,2572,1773,2739,1757,2739,1777,2571,1790,2576,1774,2630,1767,2620,1790,2616,1780,2630,1757,2635,1765,2739,1781,2612,1761,2573,1766,2635,1752,2569,1753,2623,1753,2605,1738,2610,1752,2709,1775,2571,1753,2623,1790,2576,1753,2623,1726,2596,1774,2640,1785,2576,1747,2599,1778,2579,1775,2640,1777,2616,1777,2640,1749,2739,1769,2630,1790,2616,1777,2616,1754,2619,1748,2607,1790,2616,1781,2640,1765,2623,1774,2640,1751,2616,1749,2702,1790,2640,1751,2587,1771,2576,1753,2635,1764,2695,1790,2630,1774,2616,1738,2739,1760,2632,1771,2630,1726,2710,1781,2576,1790,2576,1768,2579,1768,2575,1781,2576,1768,2579,1768,2725,1760,2572,1762,2608,1762,2635,1772,2564,1758,2739,1760,2739,1767,2739,1777,2640,]
180,1,8,with_set,0.05,5,5,201,2694,loop_limit,[2739,1753,2607,1790,2714,1757,2718,1775,2584,1740,2595,1751,2622,1780,2630,1750,2700,1787,2739,1777,2739,1782,2719,1772,2575,1756,2627,1774,2584,1740,2739,1757,2569,1756,2739,1790,2739,1760,2628,1774,2587,1790,2576,1753,2569,1753,2713,1790,2715,1775,2739,1757,2712,1769,2616,1778,2638,1790,2576,1766,2626,1790,2616,1777,2584,1748,2602,1768,2722,1769,2739,1760,2604,1754,2595,1747,2603,1771,2686,1775,2708,1776,2613,1752,2632,1778,2612,1738,2709,1781,2630,1768,2630,1757,2739,1753,2607,1754,2632,1771,2630,1750,2739,1781,2699,1775,2576,1774,2711,1753,2607,1790,2684,1790,2616,1754,2628,1790,2576,1767,2562,1790,2576,1767,2616,1759,2739,1769,2739,1760,2739,1781,2623,1790,2700,1769,2739,1753,2613,1752,2739,1767,2703,1769,2616,1790,2576,1753,2635,1749,2706,1790,2640,1781,2612,1759,2616,1778,2630,1774,2713,1790,2616,1790,2640,1751,2739,1783,2630,1757,2587,1748,2620,1750,2604,1790,2739,1760,2739,1790,2613,1779,2640,1790,2587,1767,2739,1760,2577,1790,2616,1754,2739,1777,2640,1777,2739,1760,2708,1781,2694,]
180,1,8,with_set,0.1,11,11,201,2571,loop_limit,[2739,1767,2573,1790,2576,1768,2691,1775,2739,1753,2635,1767,2612,1783,2632,1758,2739,1781,2571,1770,2576,1753,2635,1790,2630,1790,2576,1790,2630,1757,2727,1781,2623,1790,2630,1781,2630,1767,2630,1754,2575,1760,2555,1754,2727,1775,2725,1774,2609,1768,2640,1777,2725,1753,2622,1777,2616,1738,2555,1767,2739,1790,2704,1760,2572,1755,2574,1768,2571,1770,2739,1790,2613,1790,2587,1778,2616,1754,2617,1765,2616,1748,2739,1790,2576,1766,2609,1790,2721,1769,2569,1766,2609,1790,2613,1778,2606,1790,2587,1752,2635,1751,2614,1778,2630,1774,2739,1760,2572,1757,2680,1775,2630,1781,2739,1790,2576,1753,2739,1760,2739,1790,2635,1790,2576,1756,2635,1790,2640,1777,2739,1777,2739,1790,2630,1767,2573,1790,2739,1767,2616,1738,2610,1768,2630,1748,2612,1772,2587,1775,2613,1768,2640,1790,2739,1781,2576,1790,2739,1777,2640,1751,2599,1753,2635,1749,2616,1749,2616,1778,2739,1757,2569,1768,2709,1790,2635,1751,2614,1778,2638,1764,2739,1769,2569,1760,2573,1790,2613,1790,2576,1790,2616,1759,2683,1755,2609,1790,2716,1775,2571,]
180,1,8,with_set,0.25,28,28,201,2600,loop_limit,[2739,1777,2635,1772,2627,1774,2640,1751,2635,1758,2610,1752,2575,1790,2616,1790,2616,1754,2635,1749,2607,1754,2575,1790,2616,1754,2558,1790,2739,1769,2739,1790,2640,1749,2725,1760,2617,1767,2640,1751,2739,1774,2616,1761,2663,1774,2576,1768,2571,1773,2616,1777,2640,1790,2630,1750,2595,1790,2739,1767,2573,1760,2700,1752,2718,1790,2616,1778,2630,1754,2617,1753,2622,1749,2739,1760,2739,1790,2576,1790,2711,1790,2635,1752,2600,1790,2635,1748,2739,1790,2739,1781,2630,1751,2739,1790,2576,1768,2636,1749,2575,1790,2616,1790,2630,1785,2611,1772,2575,1790,2640,1781,2613,1790,2576,1753,2635,1790,2576,1774,2576,1768,2636,1758,2686,1790,2630,1790,2694,1781,2630,1790,2576,1744,2609,1726,2596,1790,2616,1765,2630,1750,2739,1769,2583,1769,2714,1775,2615,1754,2595,1747,2603,1750,2739,1781,2682,1765,2616,1761,2567,1764,2586,1740,2600,1790,2630,1750,2613,1726,2555,1790,2616,1754,2559,1753,2569,1753,2569,1790,2640,1751,2635,1758,2711,1790,2640,1751,2587,1748,2620,1748,2620,1790,2613,1752,2628,1767,2612,1754,2600,]
180,1,16,with_set,0.01,1,1,201,2695,loop_limit,[2739,1790,2576,1790,2739,1757,2697,1767,2670,1790,2739,1780,2739,1760,2632,1760,2697,1771,2564,1766,2739,1760,2739,1774,2713,1790,2630,1774,2726,1790,2641,1790,2613,1790,2739,1777,2739,1790,2682,1790,2717,1749,2607,1786,2630,1781,2739,1757,2739,1777,2616,1759,2562,1774,2638,1790,2719,1790,2697,1790,2739,1769,2622,1777,2704,1761,2622,1790,2739,1790,2739,1757,2739,1790,2613,1790,2630,1790,2616,1759,2630,1726,2674,1790,2613,1790,2711,1732,2558,1790,2576,1774,2617,1772,2559,1790,2576,1774,2672,1743,2622,1767,2739,1790,2613,1769,2716,1774,2711,1777,2630,1790,2616,1754,2739,1777,2739,1781,2623,1750,2739,1786,2686,1767,2679,1784,2697,1749,2673,1790,2739,1757,2630,1790,2715,1788,2739,1790,2613,1790,2630,1790,2693,1790,2576,1766,2739,1767,2616,1765,2739,1757,2646,1790,2665,1790,2576,1780,2739,1790,2739,1790,2630,1726,2555,1772,2630,1726,2607,1769,2718,1769,2616,1765,2692,1790,2739,1769,2714,1790,2705,1777,2584,1752,2586,1775,2739,1790,2739,1777,2700,1782,2680,1790,2635,1748,2635,1782,2705,1769,2695,]
180,1,16,with_set,0.05,5,5,201,2635,loop_limit,[2739,1760,2577,1790,2680,1790,2640,1749,2662,1790,2587,1769,2562,1790,2640,1782,2739,1774,2616,1754,2575,1768,2739,1790,2613,1790,2616,1777,2616,1790,2688,1790,2703,1790,2708,1790,2739,1790,2641,1772,2739,1790,2576,1762,2684,1781,2739,1790,2640,1790,2616,1765,2573,1744,2680,1774,2616,1759,2569,1790,2739,1769,2562,1782,2635,1783,2587,1790,2654,1774,2573,1767,2604,1753,2739,1774,2684,1790,2739,1769,2739,1790,2707,1790,2587,1790,2699,1790,2739,1769,2583,1748,2727,1768,2611,1772,2705,1757,2610,1769,2562,1771,2562,1762,2630,1767,2587,1763,2628,1780,2739,1790,2718,1790,2739,1790,2739,1753,2609,1790,2675,1775,2571,1747,2661,1767,2640,1758,2567,1785,2696,1767,2573,1767,2634,1790,2587,1783,2739,1753,2607,1790,2576,1790,2739,1769,2569,1744,2641,1756,2611,1790,2616,1787,2576,1790,2616,1775,2739,1753,2701,1771,2616,1790,2635,1790,2672,1790,2739,1784,2739,1790,2689,1790,2576,1757,2703,1769,2694,1754,2681,1781,2739,1790,2739,1767,2739,1790,2630,1757,2739,1781,2576,1744,2586,1790,2739,1790,2739,1790,2635,]
180,1,16,with_set,0.1,11,11,201,2576,loop_limit,[2739,1777,2616,1778,2739,1790,2576,1786,2640,1777,2635,1790,2613,1790,2739,1769,2680,1769,2569,1790,2659,1760,2739,1790,2739,1781,2708,1781,2630,1780,2739,1790,2739,1753,2586,1790,2739,1779,2611,1777,2739,1767,2739,1774,2576,1790,2616,1759,2686,1790,2739,1774,2739,1790,2616,1754,2627,1790,2694,1776,2656,1744,2661,1790,2689,1787,2685,1757,2739,1790,2616,1790,2630,1750,2604,1790,2739,1769,2622,1764,2632,1752,2631,1779,2576,1774,2634,1790,2711,1774,2707,1777,2689,1754,2587,1769,2739,1777,2739,1790,2613,1753,2619,1790,2576,1760,2614,1790,2635,1786,2612,1790,2739,1753,2586,1790,2739,1781,2612,1754,2691,1790,2640,1764,2739,1757,2698,1757,2605,1782,2739,1753,2564,1755,2739,1790,2689,1790,2739,1790,2646,1769,2716,1790,2719,1790,2576,1787,2739,1790,2587,1775,2676,1757,2739,1777,2739,1781,2612,1790,2715,1790,2669,1772,2702,1769,2622,1790,2640,1749,2609,1790,2635,1790,2613,1778,2739,1760,2617,1790,2630,1790,2739,1790,2635,1772,2719,1749,2739,1753,2635,1752,2564,1774,2613,1790,2616,1790,2587,1790,2576,]
180,1,16,with_set,0.25,28,28,201,2630,loop_limit,[2739,1760,2617,1769,2574,1767,2616,1790,2724,1781,2739,1790,2692,1750,2573,1790,2630,1750,2613,1790,2739,1790,2613,1790,2616,1761,2616,1790,2613,1754,2739,1781,2690,1790,2697,1790,2630,1790,2685,1790,2739,1760,2572,1790,2576,1764,2719,1790,2728,1790,2635,1790,2662,1786,2678,1790,2702,1757,2569,1744,2689,1789,2587,1790,2640,1786,2640,1790,2703,1790,2739,1769,2616,1754,2739,1777,2640,1785,2635,1790,2616,1761,2567,1762,2608,1759,2739,1790,2576,1762,2632,1758,2630,1786,2706,1786,2587,1783,2630,1767,2702,1785,2630,1790,2576,1757,2739,1781,2613,1780,2698,1790,2641,1790,2635,1754,2617,1769,2739,1774,2628,1790,2616,1759,2689,1790,2576,1757,2583,1790,2700,1790,2680,1790,2739,1790,2576,1790,2692,1781,2579,1768,2631,1765,2573,1790,2613,1778,2711,1774,2707,1778,2739,1790,2739,1760,2617,1750,2574,1769,2627,1767,2695,1778,2571,1757,2583,1740,2739,1753,2739,1790,2587,1782,2616,1738,2739,1790,2707,1774,2630,1787,2739,1769,2694,1790,2640,1749,2612,1769,2684,1754,2739,1790,2576,1774,2573,1773,2572,1790,2630,]
180,2,1,with_set,0.01,2,2,201,1885,loop_limit,[2739,1548,2081,1460,1914,1460,1919,1442,1921,1442,2034,1455,1921,1370,1846,1297,1832,1309,1772,1402,1872,1412,1929,1385,1960,1440,1874,1384,1894,1448,1937,1337,1987,1458,1947,1361,1818,1333,2007,1402,1848,1362,1873,1401,1904,1395,1867,1332,1835,1404,1878,1479,1926,1394,1835,1362,1929,1362,1865,1459,1953,1425,1901,1407,1933,1381,1972,1413,1975,1455,1937,1436,1916,1421,2035,1424,1926,1357,1878,1469,1942,1436,2009,1435,1962,1411,1856,1400,1914,1437,1938,1477,1839,1395,1926,1350,1950,1409,1915,1337,1865,1362,1895,1369,1922,1407,1821,1338,1891,1389,1899,1423,1853,1378,1884,1378,1926,1395,1896,1334,1832,1384,1880,1371,1848,1306,1861,1362,1862,1379,1871,1437,1957,1409,1839,1354,1870,1377,1797,1354,1954,1401,1878,1358,1942,1406,2019,1395,1912,1429,1996,1404,1899,1393,1946,1378,1913,1400,2023,1395,1872,1335,1885,1390,1930,1437,1977,1372,1944,1370,1957,1436,1987,1385,1954,1434,1906,1387,1922,1374,1846,1351,1926,1391,1930,1357,1828,1349,1874,1369,1779,1356,1892,1402,1868,1282,1917,1444,1958,1388,1885,]
180,2,1,with_set,0.05,11,11,201,1926,loop_limit,[2739,1599,2063,1451,1974,1361,1914,1408,1937,1496,2019,1424,2002,1408,1934,1320,1872,1356,1870,1329,1823,1372,1817,1341,1807,1321,1809,1355,1861,1421,1828,1315,1872,1471,2013,1422,1938,1374,1848,1321,1967,1434,1920,1406,1940,1351,1884,1346,1936,1414,1884,1370,1849,1339,1884,1337,1824,1417,1844,1413,1848,1400,1899,1377,1934,1435,1894,1434,1927,1371,1803,1382,1913,1341,1932,1409,2027,1374,1906,1353,1828,1331,1887,1407,1942,1478,1954,1365,1877,1386,1926,1376,1855,1401,1955,1337,1944,1358,1899,1383,2001,1383,1839,1406,1907,1309,1816,1319,1844,1395,1969,1397,1846,1289,1845,1368,1861,1303,1787,1360,1879,1418,1881,1386,2010,1423,1937,1479,1992,1409,1883,1366,1900,1339,1909,1394,1815,1443,1815,1322,1825,1441,1938,1389,1930,1404,1869,1375,1781,1359,1888,1446,1980,1354,1815,1363,1875,1344,1843,1331,1852,1348,1933,1395,1889,1347,1887,1394,1946,1358,1838,1320,1873,1366,1838,1348,1849,1375,1899,1290,1754,1313,1898,1313,1866,1373,1866,1371,1812,1327,1735,1328,1902,1380,2020,1380,1917,1396,1899,1434,1926,]
180,2,1,with_set,0.1,22,22,201,1972,loop_limit,[2739,1548,2038,1436,1894,1355,1955,1466,1973,1424,1921,1391,1893,1411,2009,1411,1916,1409,1842,1376,1813,1368,1866,1357,1903,1360,1891,1338,1993,1377,2009,1374,1890,1440,1954,1384,1868,1390,1920,1387,1950,1376,1863,1354,1864,1355,1918,1388,1890,1354,1896,1420,1916,1419,2021,1444,1977,1325,1951,1399,1892,1390,1845,1383,1878,1341,1893,1391,1936,1386,1981,1443,1939,1385,1917,1319,1897,1386,1895,1356,1866,1296,1831,1355,1892,1375,1961,1420,1948,1358,1918,1432,1951,1513,1904,1318,1877,1363,1799,1390,1916,1459,1915,1431,1972,1370,1907,1425,1843,1371,1882,1369,1898,1406,1973,1359,1985,1377,1873,1392,2018,1392,2018,1362,1857,1344,1856,1341,1823,1363,1935,1368,1819,1377,1921,1492,2025,1361,1925,1416,1884,1472,1967,1352,1860,1342,1929,1329,1858,1453,1858,1453,1907,1396,1928,1403,1869,1431,1915,1376,1898,1385,1894,1338,1825,1407,1890,1409,1902,1421,1920,1422,1938,1376,1917,1398,1910,1400,1828,1381,1876,1395,1864,1405,1932,1360,1857,1372,1810,1374,1875,1341,1825,1317,1905,1375,1956,1416,1963,1423,1972,]
180,2,1,with_set,0.25,56,56,201,1881,loop_limit,[2739,1595,2057,1532,1948,1436,1955,1413,1924,1364,1875,1447,1917,1430,1920,1441,1920,1408,1879,1382,1849,1416,1970,1436,1940,1366,1836,1370,1930,1366,1841,1305,1778,1342,1843,1277,1828,1347,1833,1346,1899,1378,1918,1406,1887,1388,1857,1393,1929,1367,1846,1373,1883,1343,1796,1423,1852,1438,1971,1485,2020,1375,1950,1331,1966,1458,1966,1458,1966,1414,1986,1352,1856,1304,1892,1382,1913,1426,1904,1387,1766,1371,1902,1445,1884,1405,1873,1340,1878,1368,1844,1415,2007,1389,1793,1353,2006,1415,1848,1372,1906,1392,1923,1469,1923,1340,1879,1377,1828,1344,2006,1409,1920,1393,2003,1439,2040,1373,1927,1378,1812,1289,1842,1335,1783,1403,1877,1388,1889,1345,1851,1344,1905,1346,1865,1389,1899,1362,1938,1312,1910,1327,1909,1429,1937,1398,1903,1464,1989,1388,2021,1463,1913,1360,1895,1392,1884,1398,1873,1347,2027,1414,1958,1384,1959,1362,1981,1413,1907,1317,1880,1365,1901,1379,1949,1386,1870,1372,1849,1383,1905,1422,1920,1381,2024,1418,1903,1395,1921,1420,1984,1423,1938,1389,1959,1389,1919,1393,1901,1369,1881,]
180,2,2,with_set,0.01,2,2,201,1848,loop_limit,[2739,1595,2181,1434,1944,1392,1871,1414,1892,1368,1884,1360,1933,1382,1932,1366,1885,1293,1773,1300,1834,1335,1809,1455,1929,1379,1871,1383,2014,1430,1916,1445,1928,1404,1864,1384,1960,1388,2005,1436,1948,1366,1852,1366,1844,1419,1973,1406,1932,1471,1889,1393,1913,1373,1818,1350,1886,1402,1880,1375,1860,1414,1974,1401,1887,1411,1862,1404,1897,1351,1871,1352,1921,1316,1870,1358,1902,1463,1894,1408,1871,1458,1957,1383,1816,1453,1976,1359,1861,1337,1877,1368,1962,1327,1864,1397,1910,1378,1819,1344,1863,1363,1898,1372,1924,1410,1926,1448,1940,1368,1873,1432,1834,1444,1978,1391,1977,1349,2012,1455,1974,1362,1827,1379,1759,1311,1875,1374,1911,1368,1937,1413,1926,1497,1988,1379,1860,1377,1896,1341,1870,1355,1814,1359,1866,1381,1884,1331,1878,1326,1820,1347,1866,1349,1902,1339,1854,1331,1873,1348,1915,1470,1993,1406,1878,1385,1885,1402,1884,1369,1871,1377,1874,1409,1995,1369,1941,1461,1956,1442,2047,1375,1889,1379,1819,1345,1906,1393,1887,1370,1931,1454,1983,1448,1892,1352,1837,1418,1927,1369,1848,]
180,2,2,with_set,0.05,11,11,201,1895,loop_limit,[2739,1549,2009,1394,1906,1389,1832,1352,1982,1412,2000,1408,1949,1431,1846,1368,1816,1374,1959,1368,1845,1358,1952,1407,1830,1420,1959,1415,1935,1415,1875,1396,1871,1448,1987,1425,1986,1419,1941,1323,1881,1375,1879,1380,1927,1423,1918,1368,1875,1399,1850,1397,1879,1395,1898,1405,1899,1406,1909,1453,1862,1443,1932,1379,1895,1390,1925,1406,1910,1336,1887,1296,1857,1365,1801,1314,1927,1404,1941,1418,2030,1418,2030,1423,1915,1429,1974,1403,2005,1450,1954,1403,2043,1455,1972,1469,1908,1425,1826,1362,1911,1474,1959,1364,1856,1307,1770,1354,1913,1363,1933,1450,2003,1390,1899,1392,1871,1384,1939,1386,1859,1430,1947,1404,1897,1340,1924,1412,1927,1339,1829,1379,1945,1379,1945,1371,1820,1377,1882,1398,1893,1395,1912,1368,1859,1335,1855,1386,1870,1365,2043,1407,1949,1398,1897,1410,1830,1366,1788,1412,1983,1404,1831,1368,1893,1486,2005,1372,1909,1396,1924,1317,1829,1275,1792,1394,1792,1321,1758,1254,1777,1364,1896,1486,2017,1389,1905,1380,1775,1409,1968,1390,1939,1386,1907,1400,1946,1321,1790,1361,1895,]
180,2,2,with_set,0.1,22,22,201,2012,loop_limit,[2739,1575,2045,1407,1851,1475,1855,1380,1937,1329,1799,1440,1963,1473,1972,1499,1980,1388,1808,1344,2001,1416,2028,1404,1883,1466,2000,1382,1907,1401,1901,1396,1862,1392,1925,1483,1973,1339,1883,1384,1911,1375,1774,1312,1863,1364,1940,1364,1859,1346,1863,1356,1818,1398,1810,1302,1773,1351,1884,1340,1986,1413,1938,1392,1989,1444,1836,1373,1888,1400,1909,1382,1913,1367,1858,1382,1857,1440,1907,1358,1861,1420,1949,1377,1867,1378,1940,1351,1910,1309,1847,1425,1962,1373,1873,1472,2066,1494,2036,1446,1932,1374,1837,1351,1890,1439,1907,1397,1852,1410,1979,1342,1800,1431,2013,1449,1929,1387,1945,1377,1962,1439,1950,1402,1918,1382,1918,1338,1866,1364,1871,1424,2017,1423,1853,1342,1894,1369,1876,1377,1921,1396,2026,1397,1899,1351,1865,1304,1905,1391,1960,1386,1782,1282,1793,1380,1948,1388,1926,1368,1904,1453,1904,1373,1927,1387,1874,1389,1813,1371,1857,1396,1902,1425,1904,1368,1866,1347,1906,1312,1839,1383,1859,1405,1858,1389,1864,1350,1914,1358,1901,1451,1983,1409,1936,1408,1787,1351,1846,1380,2012,]
180,2,2,with_set,0.25,56,56,201,1930,loop_limit,[2739,1584,2074,1428,1922,1441,1990,1377,1883,1395,1923,1372,1894,1301,1838,1347,1858,1349,1838,1377,1893,1443,1904,1372,1863,1389,1898,1364,1915,1370,1886,1352,1867,1395,1782,1329,1901,1405,1919,1356,1912,1381,1867,1383,1984,1394,1858,1370,1885,1391,1881,1374,1834,1366,1806,1342,1851,1423,1887,1347,1803,1359,1855,1337,1921,1339,1819,1432,1939,1484,1940,1382,1871,1429,1871,1368,1863,1365,1960,1407,1849,1364,1850,1382,1876,1390,1959,1434,1981,1457,1973,1526,1973,1526,2020,1434,1934,1385,1805,1355,1827,1394,1869,1352,1846,1398,1920,1449,1959,1366,1827,1319,1827,1320,1877,1364,1956,1422,1975,1435,1919,1355,1886,1404,1897,1333,1843,1429,1919,1324,1922,1362,1946,1374,1849,1437,2034,1400,1946,1395,1881,1379,1963,1382,2000,1432,1982,1396,1912,1378,1866,1325,1751,1338,1899,1368,1943,1338,1924,1433,1929,1445,1929,1413,1876,1341,1854,1363,1870,1346,1882,1425,1849,1392,1886,1397,1923,1386,1805,1354,1884,1362,1829,1349,1925,1395,1906,1421,1906,1368,1813,1342,1824,1387,1873,1361,1812,1317,1880,1361,1930,]
180,2,4,with_set,0.01,2,2,201,1868,loop_limit,[2739,1758,2172,1758,2155,1695,2064,1550,2043,1372,1879,1393,1930,1339,1922,1404,1951,1380,1904,1349,1839,1410,1996,1736,2152,1708,2076,1424,2029,1387,1906,1399,1920,1387,1953,1400,1921,1367,1881,1736,2686,1585,2064,1417,1942,1421,1989,1478,1953,1342,1889,1329,1864,1337,1892,1372,1821,1437,1821,1389,1875,1370,2585,1533,2019,1425,1886,1445,1946,1387,1889,1357,2252,1476,1898,1404,2512,1534,2037,1468,2364,1499,1988,1396,2012,1767,2545,1543,2568,1529,2019,1360,2016,1395,1917,1322,1777,1314,2558,1530,1932,1412,1962,1393,1801,1643,1993,1387,1933,1429,2548,1549,2059,1478,2020,1516,2020,1516,1927,1394,2286,1474,2568,1557,2569,1770,2171,1412,1916,1373,1939,1388,1886,1444,1917,1381,2419,1735,2155,1477,1872,1633,1992,1418,1923,1407,1921,1404,1923,1412,1907,1671,2130,1771,2060,1442,1913,1396,2283,1497,2014,1379,1890,1331,1850,1352,1909,1412,1943,1745,2649,1581,1980,1718,2143,1429,1964,1405,1914,1411,2494,1541,2027,1412,1915,1379,1838,1403,1855,1340,1930,1387,1915,1369,1861,1419,1884,1469,1981,1430,1868,]
180,2,4,with_set,0.05,11,11,201,2028,loop_limit,[2739,1742,2154,1469,1984,1424,1916,1414,1905,1372,1880,1366,1815,1616,2039,1401,2085,1695,2038,1432,1957,1415,1833,1361,2239,1640,2640,1581,2090,1732,2158,1430,2571,1736,2049,1452,1910,1392,2568,1732,2520,1537,1974,1343,1789,1378,1876,1466,2464,1551,2057,1516,1929,1471,2006,1654,2064,1452,1908,1744,2067,1390,1912,1360,1897,1313,1774,1394,1898,1421,2548,1547,2106,1547,1962,1646,2065,1475,1979,1336,2218,1483,2101,1487,2080,1487,1972,1489,2403,1510,1964,1406,1918,1377,1914,1357,1879,1314,2394,1469,1988,1766,2129,1369,1813,1365,1888,1371,1966,1394,2592,1521,2558,1511,2160,1471,2407,1514,1992,1619,2055,1375,1846,1355,1973,1390,1900,1387,1914,1410,1976,1376,1942,1357,1869,1439,1969,1355,1849,1337,1889,1398,1887,1447,1942,1759,2173,1704,2050,1428,1927,1360,1873,1344,1867,1398,1900,1406,1976,1473,1973,1377,2064,1699,2121,1449,1940,1406,1933,1417,2019,1429,1916,1395,1939,1322,1798,1396,1914,1404,1863,1373,1870,1355,1974,1457,1906,1633,2077,1421,1919,1387,1757,1322,1850,1356,2295,1463,2533,1514,2028,]
180,2,4,with_set,0.1,22,22,201,2058,loop_limit,[2739,1599,2079,1449,2320,1481,2513,1560,2012,1413,1902,1352,1948,1387,1917,1423,1918,1376,1779,1325,1907,1369,1961,1381,1901,1431,1914,1370,1895,1329,1809,1373,1864,1412,2036,1420,1928,1474,1992,1396,1991,1388,1952,1368,1931,1368,1931,1647,2121,1455,1988,1513,1995,1652,2631,1531,1991,1490,1898,1354,1898,1341,2537,1516,2125,1516,2041,1452,1957,1374,1882,1382,1865,1387,1909,1723,2129,1431,1974,1672,2618,1523,2174,1523,2037,1357,1847,1338,2527,1548,2008,1389,1856,1424,1974,1470,1956,1403,1924,1399,1906,1345,1865,1386,1888,1403,1892,1673,2109,1446,2076,1415,1907,1334,1945,1367,1939,1342,1867,1347,1883,1374,1889,1347,1872,1373,1901,1407,1881,1625,2103,1463,1890,1389,1876,1389,1909,1374,1821,1314,1864,1340,2030,1398,2345,1777,2174,1533,1924,1337,1917,1342,1828,1378,1894,1405,2334,1448,1899,1357,1905,1383,2521,1770,2169,1471,1945,1372,1871,1721,2122,1427,2616,1535,2081,1466,1951,1452,2585,1532,1966,1452,2021,1440,1866,1362,2021,1418,2019,1675,2053,1658,2464,1567,2043,1398,1939,1389,1850,1615,2058,]
180,2,4,with_set,0.25,56,56,201,2085,loop_limit,[2739,1584,2017,1472,2062,1669,2060,1470,1977,1428,1930,1406,1896,1340,1947,1340,1947,1741,2169,1436,2651,1544,1972,1520,2433,1484,2522,1548,2067,1492,2011,1419,1952,1313,1841,1310,1822,1330,1866,1373,2517,1505,2070,1731,2511,1477,2005,1397,2056,1477,1967,1650,2107,1428,1945,1644,2108,1431,1941,1413,1912,1371,1838,1381,1888,1410,1952,1405,1966,1322,1768,1285,1832,1352,2497,1550,2037,1530,2037,1436,2000,1419,2043,1402,1881,1376,1903,1373,1859,1324,1808,1340,1834,1372,1862,1313,1809,1309,1868,1406,1980,1623,2052,1412,2025,1393,1945,1332,1838,1460,1984,1770,2175,1449,1962,1413,1872,1379,1897,1426,2046,1406,1907,1654,2133,1513,2133,1465,1957,1732,2139,1447,1867,1386,1864,1429,2007,1371,1915,1450,1936,1310,1832,1353,1922,1376,1891,1374,1910,1417,1912,1662,2113,1445,1903,1344,1826,1369,1878,1337,1912,1393,1851,1373,1796,1391,1846,1373,1867,1311,1904,1409,1903,1308,1860,1733,2069,1440,1948,1659,2055,1403,1867,1430,1973,1439,2041,1384,1893,1339,1885,1369,1792,1620,1996,1358,1973,1415,1869,1648,2085,]
180,2,8,with_set,0.01,2,2,201,1919,loop_limit,[2739,1548,2625,1588,2635,1648,2181,1585,2670,1536,2019,1524,2009,1461,1953,1481,2018,1422,2682,1587,2030,1526,1932,1355,1830,1373,2580,1787,2289,1519,1882,1400,1880,1744,2673,1652,2096,1411,1920,1415,1934,1387,1968,1371,2650,1573,2075,1426,1921,1383,1924,1327,1886,1386,2666,1571,1979,1390,1978,1419,2060,1790,2299,1790,2714,1532,2033,1508,2006,1384,1943,1769,2124,1454,1956,1413,1850,1324,1932,1333,1950,1458,1954,1375,2018,1418,1914,1421,2012,1759,2729,1546,2080,1443,2077,1781,2115,1423,1978,1380,1980,1404,1887,1767,2165,1456,1938,1401,1947,1448,2647,1790,2158,1599,2158,1766,2321,1539,1996,1506,1970,1767,2124,1493,1986,1397,1927,1410,2595,1519,2000,1384,1873,1456,1968,1409,1959,1432,1918,1354,1930,1769,2124,1571,2064,1478,2020,1452,1987,1790,2081,1790,2184,1533,2029,1763,2344,1790,2081,1410,1834,1774,2167,1551,2077,1456,1964,1313,2077,1459,1891,1735,2087,1402,2054,1447,2591,1553,2037,1463,1924,1426,2020,1484,2020,1434,1961,1396,1872,1474,2011,1782,2704,1580,2050,1464,2070,1454,2071,1439,1919,]
180,2,8,with_set,0.05,11,11,201,1873,loop_limit,[2739,1790,2146,1430,2007,1395,2605,1583,1969,1414,1897,1377,1878,1772,2179,1461,1977,1410,1955,1464,1933,1503,2648,1570,2169,1558,1984,1494,1880,1463,2042,1442,1916,1403,1930,1776,2696,1546,2020,1491,2002,1505,2681,1656,2143,1474,1916,1360,2691,1674,2079,1401,2040,1449,2638,1538,2015,1382,1944,1414,1892,1420,2054,1455,1910,1356,2022,1781,2345,1785,2181,1584,2739,1536,2007,1423,1922,1790,2129,1784,2181,1461,2031,1485,2150,1494,1950,1771,2179,1457,1861,1379,2016,1393,1949,1358,1931,1382,2005,1403,1945,1393,1853,1764,2129,1473,1936,1370,1933,1374,1947,1356,1869,1363,2585,1575,2017,1456,2710,1584,2634,1557,2061,1421,2461,1553,2739,1536,1924,1393,1892,1458,1967,1494,2007,1509,1898,1424,1975,1422,2034,1383,1919,1452,2066,1379,1871,1354,1859,1327,1883,1340,1886,1368,1873,1321,2021,1321,2021,1431,1959,1399,2048,1470,1880,1414,1965,1464,1890,1387,1873,1448,1873,1380,1931,1470,2000,1414,1827,1356,1882,1363,1855,1441,1967,1349,1885,1401,2015,1469,1905,1453,1995,1413,1923,1388,1930,1450,2001,1480,1873,]
180,2,8,with_set,0.1,22,22,201,1849,loop_limit,[2739,1536,1984,1430,1933,1472,2026,1454,1858,1760,2158,1531,2022,1411,1913,1345,1850,1345,1924,1790,2181,1464,1944,1498,2708,1526,2001,1766,2174,1434,1903,1417,1880,1373,1895,1369,1806,1370,2549,1531,1932,1483,1906,1790,2129,1369,1907,1386,2593,1790,2129,1454,1956,1419,2023,1441,2002,1385,1957,1385,1891,1381,2010,1790,2158,1528,1964,1409,1908,1392,1806,1779,2075,1445,1971,1384,2038,1539,2057,1527,2041,1351,1926,1790,2181,1479,2729,1536,1984,1760,2672,1534,2074,1499,1969,1438,1921,1354,1930,1372,1971,1444,1995,1350,1806,1330,1745,1403,1959,1457,2684,1539,2725,1594,1949,1504,2729,1548,2027,1401,1961,1389,1880,1443,1921,1379,1930,1447,1951,1394,1892,1393,1917,1434,1921,1387,1964,1520,2021,1372,1835,1377,1842,1471,2641,1790,2181,1479,1982,1781,2078,1410,2021,1774,2177,1446,2003,1388,2629,1568,2164,1482,1867,1356,1971,1390,2008,1459,2005,1387,2598,1790,2181,1464,2083,1496,1981,1430,1884,1440,2001,1495,1954,1480,1977,1510,1974,1421,2008,1380,2020,1421,1880,1369,1853,1379,1891,1332,1936,1336,1849,]
180,2,8,with_set,0.25,56,56,201,2674,loop_limit,[2739,1780,2173,1592,1947,1345,1938,1438,2662,1790,2318,1528,2686,1568,2008,1398,1890,1365,1846,1341,1835,1790,2181,1552,1998,1435,1897,1399,1837,1729,2153,1769,2121,1541,2635,1554,1963,1438,2637,1571,2152,1453,2050,1463,1937,1414,1985,1378,1924,1370,1829,1764,2159,1790,2129,1480,1962,1394,1895,1422,1903,1321,1937,1408,2021,1393,1889,1773,2063,1436,2109,1445,1917,1779,2737,1573,2224,1452,2622,1587,2062,1439,1917,1359,1866,1420,1961,1485,2003,1394,1862,1388,1878,1373,1923,1778,2071,1439,1884,1752,2739,1548,1987,1568,1924,1497,1924,1389,2542,1584,2169,1522,2058,1376,2085,1787,2347,1532,1932,1444,1836,1357,1975,1790,2181,1436,1931,1523,1946,1776,2182,1461,1980,1420,2634,1579,2030,1523,1983,1771,2674,1560,2701,1567,2739,1584,2060,1790,2181,1595,1993,1403,1894,1438,1917,1429,1889,1337,1942,1372,1960,1371,1935,1413,1922,1373,1916,1397,1978,1380,1864,1402,2739,1584,2115,1439,1863,1469,2157,1451,1946,1373,1861,1396,1805,1352,1864,1352,1900,1357,1955,1355,2004,1436,1928,1384,1989,1776,2695,1574,2674,]
180,2,16,with_set,0.01,2,2,201,2739,loop_limit,[2739,1575,2056,1372,2453,1790,2181,1464,1863,1419,2004,1474,2502,1541,1975,1407,1872,1383,1829,1375,2004,1395,2467,1490,1985,1385,1885,1790,2115,1584,2739,1549,2009,1394,1885,1405,1916,1495,2031,1393,1910,1412,1921,1470,2470,1519,2009,1699,2739,1790,2161,1504,1985,1346,1990,1409,2504,1529,2612,1638,2063,1420,2012,1508,1890,1790,2115,1490,1975,1372,2326,1526,2051,1387,2506,1790,2699,1575,1976,1421,1925,1728,2048,1480,1939,1790,2680,1626,2037,1436,1854,1725,2078,1498,2005,1434,1850,1445,2739,1787,2132,1451,1948,1735,2136,1530,1956,1679,2200,1407,1928,1355,1823,1419,2016,1445,1918,1431,1870,1371,2727,1546,1970,1464,2001,1372,1898,1473,1942,1443,1973,1410,2739,1790,2668,1589,2739,1584,1998,1427,1939,1381,1986,1729,2056,1457,2546,1583,2030,1790,2739,1575,2739,1621,2022,1518,2576,1626,2596,1622,2000,1426,2033,1752,2104,1426,1979,1429,1945,1448,1980,1703,2054,1790,2184,1471,2092,1790,2081,1460,2470,1790,2181,1434,2025,1382,2431,1602,2164,1413,2739,1767,2184,1461,2727,1580,2062,1450,1950,1378,2739,]
180,2,16,with_set,0.05,11,11,201,2184,loop_limit,[2739,1575,1974,1463,1964,1430,1925,1391,1900,1409,2022,1349,1911,1396,2525,1635,2063,1472,2716,1548,2090,1479,2550,1777,2739,1536,2184,1790,2146,1439,1926,1476,2004,1760,2171,1474,1994,1329,1833,1398,1836,1394,2739,1790,2116,1504,2739,1584,2739,1584,2039,1434,1939,1790,2265,1515,1989,1430,1924,1414,1945,1476,1952,1378,1951,1774,2150,1452,1955,1361,2739,1665,2158,1421,2374,1535,1972,1754,2267,1484,1941,1400,1984,1448,1848,1322,2739,1548,2038,1711,2106,1430,1822,1368,1910,1461,2065,1453,2040,1389,1963,1398,1867,1428,2711,1674,2618,1790,2651,1790,2146,1439,1976,1351,2739,1776,2094,1449,1937,1420,2019,1442,1871,1427,2739,1790,2194,1460,1888,1790,2247,1757,2643,1581,2050,1507,2060,1526,1960,1421,1946,1479,1955,1632,2155,1491,1900,1405,1907,1443,1921,1367,1911,1447,2015,1434,1969,1704,2100,1425,1913,1790,2739,1790,2115,1475,2487,1598,2086,1440,1982,1372,1972,1469,1922,1402,1959,1397,1904,1436,1945,1352,1807,1726,2044,1347,1793,1417,1970,1360,2060,1485,1955,1790,2203,1441,1905,1790,2739,1790,2184,]
180,2,16,with_set,0.1,22,22,201,2656,loop_limit,[2739,1790,2115,1439,2067,1727,2204,1511,2020,1389,1862,1378,1982,1392,2028,1442,1899,1460,2578,1646,2058,1776,2073,1444,2552,1559,1953,1404,1896,1709,2084,1569,2128,1722,2119,1535,2019,1415,1968,1401,1962,1731,2142,1443,1959,1348,2047,1736,2168,1790,2273,1790,2146,1503,1988,1398,2447,1517,2139,1769,2161,1588,2020,1713,2739,1790,2146,1463,2034,1449,1971,1790,2184,1501,2030,1430,2739,1584,2060,1385,1886,1309,1876,1716,2615,1579,2739,1549,1978,1444,1834,1349,1956,1717,2739,1775,2683,1591,2109,1528,2020,1728,2165,1762,2119,1582,2069,1381,1916,1400,1939,1421,1910,1678,2636,1790,2143,1526,1952,1398,2435,1541,2045,1410,1917,1477,1988,1699,2143,1524,2117,1744,2662,1534,2094,1417,2739,1666,2739,1548,2020,1736,2693,1637,2087,1407,1881,1415,2739,1783,2122,1739,2647,1571,2068,1537,2111,1533,2029,1409,2449,1553,2046,1790,2650,1643,2739,1536,1924,1409,1996,1454,2739,1790,2154,1487,1992,1378,1956,1474,2000,1400,1991,1720,2067,1419,1892,1420,1964,1749,2191,1551,2739,1667,2084,1455,2502,1770,2739,1790,2656,]
180,2,16,with_set,0.25,56,56,201,2073,loop_limit,[2739,1599,2569,1542,2079,1457,1872,1790,2241,1497,2037,1442,1956,1721,2115,1485,2580,1562,2739,1575,2045,1455,1906,1790,2081,1548,2036,1711,2739,1635,2620,1647,2027,1545,1989,1434,1926,1351,1925,1790,2181,1479,1891,1459,1969,1497,2080,1529,2056,1746,2102,1575,2020,1431,1934,1313,1777,1330,1833,1384,1982,1375,1844,1293,1853,1786,2126,1383,1953,1347,1877,1790,2739,1549,2146,1430,2007,1437,1939,1454,1915,1372,2739,1599,2030,1428,1932,1693,2147,1494,2739,1785,2158,1440,2013,1463,2739,1790,2147,1783,2155,1487,1854,1453,2739,1575,1930,1716,2165,1411,2005,1446,1903,1790,2739,1595,1995,1465,2720,1582,2219,1790,2242,1533,2085,1529,2056,1534,1967,1380,2011,1422,2072,1443,1967,1364,1850,1362,2720,1581,2739,1785,2126,1538,2739,1599,2638,1784,2659,1790,2656,1775,2739,1584,2739,1549,2739,1599,2739,1790,2739,1657,2168,1468,1953,1367,2739,1644,2739,1617,2019,1759,2300,1488,2029,1790,2739,1575,2547,1778,2218,1562,1969,1439,1860,1413,1960,1445,2069,1437,1999,1404,2490,1483,2545,1534,2035,1474,2569,1637,2073,]
180,4,1,with_set,0.01,4,4,201,109,loop_limit,[2739,1139,1019,928,986,600,608,395,409,293,292,205,222,168,184,154,155,127,149,143,197,153,156,108,103,76,95,69,75,54,111,92,111,85,83,62,79,61,69,68,83,52,90,59,74,76,112,96,127,105,134,90,175,109,139,91,135,96,130,98,119,116,119,89,111,93,125,112,135,104,128,90,153,97,97,73,105,75,105,89,110,74,107,76,101,58,92,60,80,63,73,58,75,41,65,57,75,56,65,51,60,43,77,49,64,54,68,38,51,50,77,80,88,65,80,59,72,59,80,59,83,69,101,70,81,48,63,42,59,46,81,64,79,54,68,35,60,55,89,57,71,63,86,70,104,75,115,78,124,79,117,98,115,80,99,88,98,73,73,73,84,51,73,58,74,53,69,62,71,78,98,73,102,77,133,100,131,75,130,112,146,123,182,136,147,127,168,134,175,115,127,87,106,82,105,81,94,94,121,91,109,]
180,4,1,with_set,0.05,22,22,201,131,loop_limit,[2739,1203,1065,609,632,379,407,261,299,201,212,171,171,124,160,130,170,159,223,178,206,147,163,128,158,104,120,79,86,59,95,68,80,62,87,80,82,52,63,43,62,54,65,65,89,68,97,67,68,55,68,54,83,81,102,73,95,69,85,59,61,73,84,61,72,55,48,49,56,56,52,44,65,59,79,57,54,64,81,62,83,56,67,56,74,56,70,61,80,66,90,70,96,77,94,64,129,99,115,122,152,126,129,105,137,99,116,99,131,97,116,82,120,96,162,101,165,119,166,119,158,99,142,96,149,104,129,89,126,78,100,86,114,74,111,75,113,90,92,78,84,54,101,74,95,73,81,54,95,82,91,63,70,63,101,78,118,87,128,95,107,72,94,96,124,96,122,90,89,52,80,65,94,56,88,64,113,90,137,87,151,133,170,121,146,98,136,109,124,90,125,95,115,86,97,105,144,117,155,99,131,]
180,4,2,with_set,0.01,4,4,201,59,loop_limit,[2739,1211,1127,956,895,525,537,334,362,257,305,211,253,186,211,159,218,141,161,142,143,141,180,110,137,83,109,82,110,97,132,102,133,117,125,141,181,143,180,141,192,134,165,148,219,140,191,141,155,115,154,106,110,84,123,83,98,83,106,67,73,51,69,61,57,51,77,51,62,56,61,45,60,59,99,73,102,76,118,66,94,63,93,58,79,67,95,94,137,129,141,106,144,102,144,87,123,88,118,116,144,91,108,68,107,74,117,83,110,88,112,78,103,73,91,86,153,104,137,98,138,116,131,99,137,83,127,71,92,71,87,68,100,65,74,84,108,98,152,115,156,110,154,105,125,88,101,92,111,115,139,101,92,113,92,78,90,68,97,85,111,93,104,72,116,86,100,83,99,96,130,103,137,106,109,93,108,81,105,94,105,92,96,73,86,58,75,65,78,53,62,35,44,48,44,34,46,35,57,45,59,]
180,4,2,with_set,0.05,22,22,201,106,loop_limit,[2739,1143,1015,629,659,449,450,284,349,237,354,236,275,282,294,215,237,157,173,162,187,133,143,108,109,82,111,90,103,66,79,63,79,70,82,68,82,82,89,69,98,89,122,71,98,84,100,89,95,86,105,83,105,82,127,92,131,108,179,121,161,115,146,108,120,81,104,73,72,53,93,84,111,85,94,73,86,60,85,62,74,52,57,50,73,54,65,49,90,89,130,80,88,90,117,87,109,81,98,77,81,67,73,53,56,45,65,67,89,67,83,65,69,50,74,46,64,50,82,75,94,59,96,64,73,65,84,63,90,61,94,57,109,84,108,82,104,97,107,72,96,61,82,55,73,70,93,67,75,61,94,70,78,47,71,59,94,82,108,104,108,71,128,95,139,82,141,104,117,107,117,98,134,115,187,115,171,126,151,126,148,99,154,99,118,80,94,93,90,56,73,62,70,64,95,69,106,72,119,86,106,]
180,4,4,with_set,0.01,4,4,201,175,loop_limit,[2739,1116,1502,766,797,566,614,400,430,282,301,203,242,177,280,195,212,138,156,116,138,99,151,118,151,99,184,117,150,166,197,121,163,109,173,135,168,120,155,158,186,150,196,214,188,133,173,135,173,159,225,153,162,110,122,86,146,110,110,85,100,108,128,83,104,81,89,63,103,76,81,53,81,73,94,74,94,54,65,72,108,95,107,107,132,110,127,86,99,71,93,68,92,64,105,68,82,73,89,82,109,93,129,105,141,149,171,142,161,140,156,100,115,111,154,139,159,114,158,107,147,91,107,93,107,68,86,69,82,62,118,93,93,103,129,90,108,70,115,107,112,82,98,67,83,66,83,74,102,74,95,75,111,95,115,109,119,113,149,104,156,143,164,96,137,88,130,97,153,105,162,108,160,113,127,138,164,168,164,126,170,90,168,118,163,98,120,103,146,114,137,128,171,101,144,101,137,122,133,90,175,]
180,4,4,with_set,0.05,22,22,201,109,loop_limit,[2739,1139,1108,614,749,440,462,343,383,324,316,215,370,275,398,301,297,204,245,182,215,162,177,119,147,99,123,104,116,98,136,96,172,135,180,130,191,174,189,165,201,164,217,143,191,175,200,157,147,162,147,110,139,130,139,124,162,144,155,116,136,114,121,97,122,88,137,117,153,112,152,126,194,183,220,167,210,134,182,135,161,105,131,127,151,115,130,95,114,90,110,82,126,77,117,95,123,106,133,100,108,89,119,85,122,70,90,68,92,75,106,75,121,90,148,116,124,109,136,100,126,89,90,65,74,66,78,62,59,64,75,58,80,57,86,57,81,52,63,45,54,39,50,32,40,35,48,29,40,24,37,26,42,38,48,39,47,39,58,36,45,41,75,54,75,73,75,73,102,82,123,97,121,80,112,68,97,66,109,79,98,90,102,86,114,85,116,85,112,82,92,70,109,78,143,78,82,63,99,78,109,]
180,4,8,with_set,0.01,4,4,201,169,loop_limit,[2739,1175,1463,994,954,859,857,487,521,329,537,329,372,441,536,721,661,410,407,256,417,256,302,204,203,147,158,116,170,119,135,98,139,102,159,112,199,138,164,101,126,91,114,86,95,81,114,96,132,88,108,84,112,82,107,106,139,90,143,79,94,65,90,81,118,89,133,102,117,108,120,103,142,95,123,95,124,106,163,140,156,165,220,134,171,103,114,96,101,67,94,65,74,73,70,51,58,52,59,52,69,39,53,58,84,60,88,71,85,64,87,77,86,61,100,76,98,82,107,102,128,90,110,77,85,82,92,88,115,81,110,61,70,61,108,116,116,89,103,70,118,104,115,83,113,87,114,73,97,86,112,74,92,70,85,53,87,79,97,66,93,65,96,82,106,72,99,90,104,81,122,83,128,93,127,123,127,92,114,92,132,154,206,145,164,122,163,166,175,119,164,118,169,108,159,138,196,156,196,135,169,]
180,4,8,with_set,0.05,22,22,201,121,loop_limit,[2739,1203,1498,778,874,493,561,337,420,276,311,247,278,192,218,182,350,267,285,203,254,178,210,177,222,169,180,144,186,135,174,125,178,132,155,105,140,155,182,131,153,137,206,148,134,112,159,112,130,105,141,107,118,99,131,88,114,84,101,94,117,80,96,78,96,76,96,71,91,78,99,91,123,102,123,87,83,50,92,89,113,92,111,82,115,69,103,85,131,114,140,133,138,94,135,125,220,153,202,145,183,126,159,119,133,100,114,91,135,103,134,112,122,89,129,116,114,87,91,78,83,57,87,70,89,61,88,57,82,54,62,54,89,62,78,59,99,72,97,82,108,96,98,82,134,97,130,69,89,82,84,62,109,84,101,104,137,86,130,109,114,82,110,77,103,79,117,69,92,66,87,69,95,59,82,69,93,77,105,83,100,90,112,99,108,81,121,115,164,172,210,164,205,150,172,128,142,105,123,87,121,]
180,4,16,with_set,0.01,4,4,201,100,loop_limit,[2739,1143,1106,1239,1233,1162,1046,636,608,386,386,369,392,242,300,200,305,187,220,218,244,176,237,184,215,168,221,166,221,153,230,168,203,151,189,361,377,243,291,209,228,168,233,165,156,111,180,111,133,90,101,79,114,103,157,135,203,135,168,148,185,98,106,73,93,77,95,67,58,58,71,64,97,81,99,75,85,61,68,49,76,60,102,82,117,80,108,79,131,90,122,106,133,99,182,132,172,118,146,133,120,99,119,76,98,73,114,86,98,65,87,71,133,99,116,182,176,129,148,145,151,101,119,110,143,102,158,135,144,126,136,106,108,93,113,100,154,87,129,89,109,85,94,72,91,80,92,71,114,88,101,84,100,88,113,86,105,94,111,94,91,68,77,71,85,74,108,82,117,104,143,102,146,107,116,95,118,85,110,85,112,93,140,91,133,133,154,94,107,104,106,110,119,91,108,99,108,66,105,72,100,]
180,4,16,with_set,0.05,22,22,201,454,loop_limit,[2739,1161,1114,608,1950,1139,1037,597,624,408,478,318,359,275,333,208,348,218,331,262,283,206,223,173,192,130,198,141,177,133,186,135,145,127,155,116,157,113,144,106,114,90,142,111,135,106,109,79,89,74,89,77,113,77,88,53,68,53,68,63,74,67,91,65,87,67,95,67,116,109,115,64,81,61,57,51,81,69,108,82,83,66,67,51,63,36,43,28,38,35,66,50,71,54,72,51,77,58,88,67,86,57,72,46,72,69,90,64,93,59,87,67,89,59,81,55,59,41,58,50,53,43,59,54,67,61,83,64,70,46,75,38,64,55,73,44,64,59,79,60,94,76,103,77,106,83,118,92,133,94,129,103,134,108,134,117,134,98,119,119,154,112,138,133,160,112,114,131,147,101,145,134,145,114,165,143,216,154,203,145,186,385,396,272,271,195,223,203,251,165,255,174,496,275,319,219,299,194,251,168,454,]
181,1,16,with_set,0.01,1,1,201,7,loop_limit,[360,128,65,39,38,16,11,5,5,2,2,7,6,3,2,3,5,4,5,2,7,3,5,4,8,4,6,5,9,6,7,7,8,4,10,6,9,4,7,2,2,2,2,7,5,7,5,2,4,7,8,6,11,8,6,5,5,2,4,7,6,4,6,7,7,4,11,4,6,9,3,4,9,4,5,3,5,3,6,5,4,4,6,3,5,3,10,4,6,3,3,3,8,4,8,8,8,4,5,6,5,5,5,2,4,2,4,4,12,6,8,3,5,6,11,5,6,2,2,2,4,4,8,4,6,3,4,2,4,2,7,3,4,7,8,10,12,2,2,2,7,3,6,2,5,3,7,4,2,3,8,5,5,7,8,6,7,6,9,10,18,8,5,6,11,9,13,4,4,7,5,2,2,7,5,3,2,2,4,7,7,9,6,4,12,3,5,4,4,4,7,3,5,7,5,2,5,4,5,2,7,]
184,1,1,with_set,0.01,1,1,201,46,loop_limit,[381,136,87,48,51,38,51,31,42,36,43,33,38,34,38,38,46,30,40,35,42,36,49,38,46,34,52,38,52,34,45,34,47,37,43,37,51,39,45,37,45,35,50,31,45,28,40,28,41,31,43,33,39,33,42,37,51,31,42,31,38,31,41,33,44,30,42,32,42,32,49,38,51,40,50,40,51,45,52,35,41,32,46,35,51,35,41,35,42,29,47,34,39,26,37,25,37,25,37,32,42,41,40,38,50,36,47,39,51,44,50,38,46,35,46,36,43,37,41,34,45,31,39,29,41,36,48,41,53,31,40,40,44,35,45,32,47,37,45,34,41,32,43,31,43,34,48,38,44,34,40,30,42,32,41,34,45,36,45,35,52,31,37,34,38,33,45,29,40,30,41,36,46,35,40,35,44,36,43,34,44,33,43,31,43,31,46,41,49,33,38,34,45,34,41,31,40,32,47,38,46,]
184,1,1,with_set,0.05,5,5,201,42,loop_limit,[381,136,103,64,55,41,51,40,49,35,52,41,55,42,49,35,44,35,54,43,53,33,47,31,42,38,48,26,41,34,52,37,47,34,44,33,42,35,41,47,46,37,38,31,37,34,45,36,45,32,43,38,45,38,52,33,39,37,43,32,46,31,45,35,42,37,56,38,42,36,44,27,43,35,40,27,41,37,43,37,49,33,42,35,45,37,39,29,42,31,47,36,59,39,41,31,39,37,41,31,41,36,40,32,38,34,42,36,43,37,46,35,42,31,41,31,41,31,47,33,45,34,45,37,36,29,39,32,39,35,43,39,39,29,37,32,41,34,46,34,37,28,40,28,40,26,35,31,35,31,36,29,43,35,41,35,43,34,44,37,44,39,47,36,47,36,45,36,43,36,43,35,52,41,49,39,43,31,39,31,42,29,39,35,43,39,46,39,49,40,52,38,48,33,47,34,41,37,43,30,42,]
184,1,1,with_set,0.1,11,11,201,41,loop_limit,[381,142,118,77,61,45,44,30,40,33,45,35,40,29,40,33,41,29,41,31,46,35,45,29,43,29,40,31,43,35,45,38,39,37,47,36,44,30,43,36,46,40,43,38,44,29,43,35,42,30,42,32,37,37,47,36,49,35,44,40,55,37,52,30,40,33,51,38,42,38,45,38,56,38,44,29,39,33,39,29,39,28,41,35,47,30,44,35,41,32,42,35,50,40,49,33,37,26,40,36,44,28,40,32,36,34,45,31,41,35,47,35,40,31,45,32,52,40,52,43,48,44,48,35,51,41,43,38,45,33,48,37,47,33,42,35,44,28,40,35,41,30,39,34,54,40,44,35,50,35,44,34,42,34,46,37,38,28,36,27,40,32,42,35,40,33,45,33,40,31,40,29,40,35,45,37,47,33,44,33,41,34,43,36,46,35,54,34,36,31,44,28,40,36,46,32,42,32,42,35,41,]
184,1,2,with_set,0.01,1,1,201,53,loop_limit,[381,139,112,97,95,49,53,32,38,33,41,34,38,29,38,27,38,34,40,30,43,33,40,38,46,31,47,38,50,43,59,38,53,39,55,36,42,36,45,38,49,35,43,39,44,35,41,32,39,35,42,36,42,36,49,36,44,35,42,35,52,36,49,40,43,31,40,30,39,31,45,33,50,28,46,29,39,34,54,42,61,44,49,38,51,41,41,39,54,41,57,39,48,37,55,38,45,35,45,41,43,31,44,29,39,30,36,27,36,31,39,34,54,34,40,33,44,31,44,28,42,31,40,32,38,29,40,29,39,30,46,37,41,37,42,32,42,35,50,39,48,31,41,35,41,27,43,32,44,36,53,35,51,37,49,43,45,43,47,29,42,34,46,31,42,34,54,40,49,32,46,31,44,33,44,30,43,38,52,37,42,33,52,39,45,42,46,30,48,36,46,35,42,29,38,32,46,37,49,38,53,]
184,1,2,with_set,0.05,5,5,201,52,loop_limit,[381,136,89,56,54,34,39,30,46,33,40,29,43,36,52,36,50,36,43,35,41,29,42,34,44,36,44,32,41,32,42,38,46,31,51,39,48,34,52,45,46,35,39,37,41,31,39,32,38,29,39,31,39,29,43,31,38,32,38,34,46,32,43,41,53,39,60,44,55,39,43,37,45,38,43,38,40,32,37,34,47,37,51,37,40,31,38,34,46,29,41,37,48,36,45,33,40,30,39,40,40,29,42,33,40,33,42,29,39,36,40,32,42,35,49,38,56,39,42,37,53,38,48,37,44,29,41,29,40,38,47,39,51,33,44,28,40,38,51,31,42,37,46,39,51,33,38,33,44,33,47,35,42,34,43,34,41,35,39,35,45,36,42,30,44,34,48,36,40,35,44,35,50,37,43,37,46,35,43,43,52,37,52,43,56,44,45,41,47,35,45,39,51,38,41,40,44,41,53,37,52,]
184,1,2,with_set,0.1,11,11,201,58,loop_limit,[381,136,102,93,88,58,80,51,55,42,44,35,41,36,44,33,52,37,52,43,49,37,43,38,51,34,42,32,43,31,44,33,45,36,46,34,45,32,45,34,43,33,41,35,42,30,39,33,39,30,44,29,43,35,49,44,52,31,45,33,48,36,47,35,42,35,53,37,49,35,46,30,43,35,43,39,48,36,42,32,43,36,49,36,39,33,44,32,46,39,48,31,41,31,42,38,54,35,48,37,42,32,47,33,51,33,43,35,50,37,50,34,47,40,45,32,44,34,43,30,40,34,38,34,45,35,49,31,45,34,42,31,40,33,42,33,40,38,50,39,44,35,37,34,39,31,38,28,41,35,42,36,44,30,41,34,37,30,40,30,37,29,39,27,36,31,51,33,45,35,45,26,40,31,44,36,44,34,46,38,55,35,42,36,47,35,43,30,43,30,44,32,40,30,46,37,47,33,43,46,58,]
184,1,4,with_set,0.05,5,5,201,43,loop_limit,[381,136,89,53,67,45,49,40,43,31,39,27,43,31,36,29,44,31,44,30,41,35,43,37,45,33,41,33,44,33,53,35,41,33,43,37,50,34,39,29,43,37,42,29,44,41,45,32,51,34,45,34,49,32,41,33,44,32,51,34,47,38,39,36,44,33,49,33,42,34,47,34,46,39,37,29,40,35,53,34,42,32,44,33,51,33,51,32,44,33,45,31,44,30,40,27,45,40,52,34,42,37,45,38,49,36,47,42,47,31,49,38,42,31,41,30,40,36,48,34,43,36,53,36,45,30,40,33,52,35,49,39,51,40,48,35,46,41,47,35,45,39,51,36,44,35,40,34,41,31,42,35,42,36,49,39,47,34,43,26,40,28,41,31,43,36,52,35,41,41,42,36,43,29,39,34,45,36,42,38,44,30,41,33,42,33,43,34,44,35,46,37,43,32,43,34,42,38,42,32,43,]
184,1,8,with_set,0.01,1,1,201,49,loop_limit,[381,137,111,53,61,55,55,34,48,35,44,38,47,36,42,39,43,34,44,37,44,37,47,34,48,38,50,32,40,30,48,34,47,38,61,42,45,28,41,33,38,34,47,39,50,38,48,37,45,33,40,35,44,39,50,37,48,36,45,35,42,40,44,33,41,26,40,30,47,36,52,40,54,35,41,28,42,35,45,34,44,31,44,29,43,32,43,32,49,34,45,33,45,34,45,36,46,29,39,30,42,35,50,41,48,36,48,36,48,35,45,36,51,36,50,41,53,37,44,40,53,36,42,35,44,33,46,36,46,34,52,39,40,31,42,32,39,32,41,37,40,33,43,34,41,35,44,36,49,43,41,36,46,31,50,33,40,32,40,34,45,35,52,39,43,35,42,31,46,33,44,33,42,38,48,38,46,31,37,27,38,28,40,40,42,40,42,35,46,36,40,35,43,37,51,39,47,37,50,37,49,]
184,1,8,with_set,0.05,5,5,201,43,loop_limit,[381,142,109,55,57,33,42,32,47,32,42,38,53,34,54,41,57,37,44,34,44,31,36,26,39,28,38,34,45,35,41,33,47,36,43,34,47,34,41,35,38,35,45,35,38,34,61,43,49,41,50,36,51,38,45,37,42,34,43,33,43,36,46,40,44,34,45,36,48,39,46,37,50,38,47,34,43,33,45,35,43,35,44,38,40,40,52,39,53,38,54,40,54,40,53,33,51,37,41,35,52,40,53,34,45,37,45,35,45,33,43,27,40,38,48,33,43,35,46,29,41,36,43,28,41,35,38,35,43,35,43,34,45,34,44,34,45,33,50,40,43,30,41,35,46,36,47,40,52,39,43,35,43,35,47,38,44,34,40,32,38,38,42,30,41,30,40,34,48,34,49,37,46,34,45,35,53,41,47,38,44,29,42,31,48,37,42,36,48,43,50,57,53,45,53,41,45,35,49,38,43,]
184,1,8,with_set,0.1,11,11,201,49,loop_limit,[381,270,142,66,68,38,56,42,56,38,44,42,46,38,54,42,46,34,48,41,43,41,47,37,54,41,55,38,43,28,41,35,42,34,42,31,41,40,48,37,47,36,46,36,43,37,47,32,43,32,51,41,55,33,53,39,48,39,55,42,53,38,48,36,51,37,47,39,48,36,52,38,42,38,49,37,43,32,37,29,39,30,40,35,39,30,42,36,52,34,40,36,42,36,45,38,45,32,39,35,40,30,46,37,51,35,48,44,49,36,46,38,52,37,50,36,52,38,52,38,45,33,38,31,41,34,42,34,38,31,41,35,43,37,43,41,53,34,46,38,48,38,38,28,44,36,47,36,44,32,37,29,45,35,44,32,40,29,39,34,44,35,44,34,43,35,47,38,62,47,43,40,52,34,45,34,47,34,50,35,46,39,55,31,42,40,51,40,45,36,49,37,45,37,46,34,50,38,52,37,49,]
184,1,16,with_set,0.01,1,1,201,46,loop_limit,[381,130,116,52,60,46,57,38,48,36,63,41,50,35,68,43,49,36,53,40,48,32,42,39,58,38,47,37,42,34,43,35,42,36,42,30,36,33,43,34,42,32,47,41,41,32,41,40,49,38,42,31,41,34,52,36,52,37,48,37,48,37,45,36,57,40,43,34,52,31,37,34,44,31,45,33,45,29,43,34,37,34,44,33,40,34,37,34,42,31,44,34,52,38,42,34,39,30,48,32,41,30,43,31,51,37,49,36,40,27,41,34,50,34,43,36,47,39,48,36,46,39,44,31,48,33,43,33,47,32,39,36,52,33,43,35,44,36,40,29,38,34,42,34,37,34,43,35,50,40,48,37,42,35,45,37,49,40,46,28,44,28,44,41,53,37,43,36,43,35,45,30,43,37,42,30,42,31,41,38,49,37,47,41,44,31,53,37,48,40,53,46,46,39,55,36,46,39,52,39,46,]
184,1,16,with_set,0.05,5,5,201,50,loop_limit,[381,129,103,63,60,43,42,31,49,38,47,43,48,38,48,40,45,37,45,36,41,36,39,34,40,35,46,33,43,36,37,34,39,32,52,37,44,31,44,36,42,36,44,33,46,41,49,36,44,36,44,32,41,36,46,39,42,37,49,38,46,38,51,35,39,37,53,38,65,41,55,38,46,34,49,33,49,42,48,34,45,42,46,35,52,35,43,32,42,33,45,33,42,29,41,40,52,41,44,36,50,40,49,35,52,37,45,34,45,36,48,33,44,36,44,40,49,38,43,37,45,39,47,35,42,36,41,34,42,29,40,33,40,27,42,34,52,35,46,34,45,37,43,36,47,44,62,39,52,38,49,37,43,35,42,36,42,40,39,35,39,29,37,34,50,38,45,36,44,34,43,30,45,30,43,36,49,43,42,32,41,30,46,37,46,35,48,37,54,35,40,33,40,34,43,35,55,37,44,37,50,]
184,1,16,with_set,0.1,11,11,201,40,loop_limit,[381,129,100,49,67,44,55,45,59,43,50,38,41,29,41,38,49,33,53,40,45,35,48,37,51,40,52,41,44,29,41,34,43,29,46,41,45,31,47,32,44,36,49,36,51,34,36,32,37,28,40,39,42,30,37,32,42,33,41,29,42,35,45,36,45,34,43,35,43,34,39,36,49,37,44,34,40,30,44,36,47,35,41,61,57,49,55,39,46,43,50,35,49,40,48,36,48,37,44,32,44,29,44,31,44,31,48,33,40,35,43,32,44,38,47,34,47,38,44,38,46,29,42,32,38,33,50,38,41,33,40,34,39,29,43,40,50,42,50,35,40,34,50,31,44,35,46,39,42,33,51,36,42,30,45,33,45,32,48,39,47,35,48,35,42,39,44,31,43,34,38,28,36,27,38,35,52,35,43,34,44,33,48,37,44,37,44,28,41,28,36,33,42,31,48,36,48,40,45,36,40,]
184,2,8,with_set,0.01,2,2,201,8,loop_limit,[381,164,57,36,23,16,13,9,8,5,11,9,7,6,8,7,11,8,12,6,11,7,8,8,12,7,11,7,11,7,12,7,11,5,7,7,8,7,8,6,11,5,8,6,8,7,11,8,8,7,8,6,8,7,9,7,8,6,8,6,12,9,9,7,11,5,11,8,9,7,11,8,12,8,7,6,8,7,11,7,8,8,13,7,11,7,10,7,8,8,9,6,7,8,9,9,12,7,12,8,9,6,7,5,8,6,8,6,11,6,11,8,7,7,7,5,11,7,11,5,7,7,11,7,8,5,10,8,7,6,12,7,11,8,13,6,7,6,8,6,8,6,7,6,8,5,11,7,8,6,11,5,11,7,12,8,8,6,8,6,11,7,8,8,13,5,7,6,11,6,8,7,12,7,12,6,12,7,11,5,8,5,11,6,8,6,8,8,8,8,13,7,7,7,12,7,11,8,12,7,8,]
189,1,8,with_set,0.01,1,1,201,2,loop_limit,[291,80,32,18,15,15,9,10,11,13,3,1,2,2,1,2,2,3,2,5,2,2,1,5,3,7,9,9,6,8,6,5,2,3,2,5,2,2,1,1,1,4,4,8,4,2,2,5,3,5,2,4,2,7,4,3,2,5,1,1,1,4,1,1,1,3,2,1,1,1,2,4,2,4,1,5,2,5,2,3,2,2,2,5,2,5,2,4,3,5,2,5,4,7,8,4,5,5,4,4,4,3,2,1,1,2,1,1,1,1,1,5,4,6,6,3,3,7,6,7,2,3,4,8,4,7,2,2,1,1,1,5,3,4,3,4,1,1,1,3,2,2,2,1,1,5,2,3,2,2,3,3,2,1,1,2,2,1,2,2,6,5,2,3,1,4,2,7,6,6,5,5,2,2,2,2,1,4,4,3,2,1,1,3,3,2,2,2,1,3,2,3,4,4,3,2,2,2,1,2,2,]
191,1,1,with_set,0.01,1,1,201,740,loop_limit,[1159,772,809,658,754,635,788,635,752,639,758,651,784,667,783,657,753,672,747,634,795,705,793,673,768,643,800,655,792,650,772,653,773,654,743,642,774,635,741,642,792,638,740,641,723,625,714,619,755,632,782,696,818,704,780,672,772,696,772,692,783,638,804,672,745,662,735,687,771,643,723,626,710,647,801,669,821,669,772,646,748,670,746,690,785,651,764,680,770,663,783,643,745,632,746,638,746,642,756,628,709,617,785,617,726,637,727,610,708,600,743,622,725,629,786,674,758,660,781,663,777,646,762,742,802,657,773,616,757,631,729,672,795,680,769,681,768,670,751,648,770,641,728,650,746,704,777,648,760,667,781,645,763,645,738,685,793,663,750,643,790,653,777,621,733,677,765,665,795,675,808,675,785,665,773,697,787,650,771,691,769,683,775,672,773,634,766,658,818,697,797,677,781,668,772,662,746,632,759,633,740,]
191,1,1,with_set,0.05,5,5,201,726,loop_limit,[1159,796,858,694,755,619,723,636,726,666,751,692,781,693,790,635,748,611,709,617,785,681,797,701,782,669,765,647,742,654,771,666,770,643,737,665,765,666,759,640,726,652,762,639,786,662,764,643,732,625,718,683,755,652,766,652,747,647,761,715,782,660,748,712,802,671,769,700,769,664,752,633,773,684,768,649,746,639,764,665,754,646,738,637,782,668,770,661,756,659,773,643,724,661,726,632,736,638,798,674,772,648,766,662,801,662,749,621,717,648,745,658,757,659,799,693,829,673,785,665,759,677,817,691,846,687,841,690,829,726,829,662,786,649,758,656,747,650,741,644,747,635,741,639,733,627,756,648,773,680,798,669,804,674,729,657,813,657,773,648,755,666,773,666,762,658,779,649,746,609,700,653,768,647,746,633,775,644,757,719,791,716,789,656,765,633,709,630,707,640,748,658,803,665,763,720,788,720,788,639,726,]
191,1,1,with_set,0.1,11,11,201,843,loop_limit,[1159,806,831,702,775,696,766,667,757,651,729,633,723,651,731,705,803,674,774,672,809,652,757,666,752,641,790,641,750,645,754,636,742,653,713,624,731,646,734,622,737,635,709,660,744,642,760,713,797,721,817,698,760,676,762,666,757,647,747,652,784,655,739,680,787,690,770,639,755,657,772,655,752,639,720,622,750,639,765,640,756,644,735,706,831,665,755,664,791,649,752,626,753,667,787,668,770,714,848,668,762,631,741,654,724,685,769,689,779,674,779,697,781,645,739,638,722,597,664,658,791,653,754,661,761,687,773,665,750,710,810,662,775,684,771,655,759,676,760,672,767,638,731,661,762,640,737,679,797,713,785,657,751,697,751,697,768,673,757,663,763,639,809,700,834,692,764,653,719,686,793,666,790,678,828,732,800,686,773,699,783,664,766,678,770,630,735,607,707,603,711,623,731,654,748,599,701,679,804,689,843,]
191,1,1,with_set,0.25,28,28,201,730,loop_limit,[1159,775,843,702,797,653,757,626,731,657,770,683,787,694,785,706,805,719,818,756,791,654,780,621,722,624,730,662,766,673,726,672,792,707,792,683,763,647,735,640,727,626,746,648,754,711,786,661,757,644,738,682,757,692,752,710,752,667,780,704,780,635,804,667,779,656,748,633,772,638,744,653,751,657,753,647,753,640,744,645,742,690,791,652,775,666,749,669,743,639,733,649,792,670,757,696,763,705,823,702,756,676,781,689,775,663,783,656,752,657,729,660,794,708,775,656,808,693,820,689,769,671,785,654,764,682,739,644,760,661,754,665,756,638,754,687,754,656,771,673,798,674,764,689,808,654,781,660,814,683,808,689,782,636,740,668,743,672,752,703,793,668,760,680,738,604,712,630,777,690,781,684,812,644,743,654,811,719,839,657,771,678,787,654,729,648,780,649,757,633,746,636,756,647,765,662,804,682,780,634,730,]
191,1,2,with_set,0.01,1,1,201,772,loop_limit,[1159,775,836,685,724,645,734,670,788,652,773,631,770,697,783,677,770,732,796,694,837,722,783,658,801,668,782,665,772,660,765,674,801,684,803,717,803,627,728,727,793,661,803,696,793,704,785,665,760,632,797,632,736,633,751,659,727,654,760,650,718,663,774,628,711,627,747,669,780,639,721,611,750,679,797,672,773,603,725,668,782,664,744,647,744,694,795,709,800,716,819,704,740,617,710,632,715,664,752,682,773,640,762,656,747,699,761,647,754,636,743,677,778,670,779,656,763,688,764,676,749,634,785,623,719,615,748,669,759,666,814,680,761,636,766,642,771,676,764,686,783,649,743,618,754,626,747,646,782,644,798,638,739,640,768,667,755,642,746,651,742,640,742,650,791,659,766,664,816,677,759,661,796,693,772,676,798,679,781,675,791,658,722,622,719,656,746,692,796,656,750,631,745,600,695,640,756,692,814,658,772,]
191,1,2,with_set,0.05,5,5,201,732,loop_limit,[1159,778,836,675,731,623,720,637,732,623,712,609,714,631,731,698,807,663,757,645,772,646,750,646,763,653,749,653,734,691,757,657,769,695,750,641,735,673,724,705,753,644,701,635,734,630,800,722,790,686,770,655,742,662,815,653,815,689,798,640,749,710,792,659,756,634,728,639,769,643,736,648,772,649,821,689,794,669,790,668,754,658,772,660,757,643,767,701,796,661,728,609,715,622,758,636,739,627,786,654,747,655,779,654,812,719,782,722,820,677,760,685,763,666,789,673,792,703,779,688,790,652,740,656,776,725,785,664,728,628,717,632,715,681,769,626,723,624,782,624,730,617,720,641,718,625,735,648,753,698,829,751,781,680,787,672,805,689,846,689,783,689,785,741,810,734,815,680,814,660,757,646,740,643,755,690,790,652,749,660,747,663,832,631,750,643,747,638,747,631,745,696,807,669,825,722,854,683,757,610,732,]
191,1,2,with_set,0.1,11,11,201,766,loop_limit,[1159,778,836,664,767,650,745,648,765,689,776,638,730,654,785,726,808,658,752,691,787,652,771,638,715,621,706,595,735,625,762,650,739,701,754,702,777,691,786,693,777,660,722,680,758,695,758,640,717,634,735,702,777,638,741,669,799,667,790,661,768,667,744,682,765,642,801,679,742,690,767,641,749,691,782,644,743,657,767,625,742,642,748,648,745,707,778,678,745,619,731,633,726,630,779,669,786,632,752,661,748,623,765,653,759,625,718,636,727,625,756,667,758,611,707,619,768,688,797,744,807,660,751,712,808,652,737,615,719,687,735,613,714,607,704,634,732,636,768,663,742,715,813,683,750,631,732,643,775,643,755,666,728,659,758,612,703,624,787,656,754,643,730,630,740,638,779,637,740,631,721,666,756,661,767,653,776,654,742,635,729,656,774,678,784,704,795,638,735,646,756,660,796,639,777,678,774,635,732,648,766,]
191,1,2,with_set,0.25,28,28,201,723,loop_limit,[1159,801,839,692,787,636,752,645,734,630,714,627,718,636,742,611,743,667,777,648,789,665,769,651,741,668,787,682,728,650,747,623,715,635,764,652,768,720,781,640,800,688,751,703,826,677,809,676,780,652,771,654,759,674,767,676,813,684,780,655,741,637,784,654,754,657,779,674,755,635,741,655,772,696,802,658,756,629,786,668,738,657,755,623,785,665,824,656,776,636,784,674,799,687,762,706,818,647,800,700,780,736,811,700,777,673,776,704,789,658,744,633,742,666,770,637,762,712,806,681,821,659,775,699,771,661,737,701,776,652,748,630,714,682,772,702,783,693,790,659,807,670,752,656,758,672,789,646,728,653,773,642,799,671,769,667,756,660,817,666,763,678,789,653,741,633,725,650,773,712,818,679,768,676,798,707,795,746,837,675,779,657,761,693,789,654,721,644,726,605,705,600,760,621,720,627,724,603,703,657,723,]
191,1,4,with_set,0.01,1,1,201,775,loop_limit,[1159,806,1019,755,862,708,764,646,725,757,934,703,799,880,1040,786,842,708,781,654,768,694,769,641,740,742,813,682,785,720,789,677,747,665,1028,864,1114,796,844,674,755,724,836,675,753,655,719,640,729,634,756,878,1104,865,899,796,848,689,785,670,794,668,1110,867,1044,730,777,679,797,687,790,676,784,797,843,688,774,713,790,643,807,665,790,664,790,668,785,704,809,671,769,658,780,650,759,658,779,667,766,646,752,697,774,677,790,740,992,759,864,822,863,696,771,805,1095,798,859,751,825,789,835,722,805,751,821,668,733,638,768,678,742,652,812,680,1123,794,825,653,762,680,744,665,766,639,786,663,788,909,884,685,754,699,814,679,759,673,768,696,768,701,814,679,754,619,705,656,730,619,736,666,732,632,747,659,791,708,810,667,775,738,796,700,804,686,775,638,794,650,754,641,741,621,1042,743,789,649,759,693,750,666,775,]
191,1,4,with_set,0.05,5,5,201,773,loop_limit,[1159,778,810,734,816,708,800,660,766,650,729,663,818,687,774,646,731,632,754,649,772,649,755,655,771,638,721,737,815,734,787,874,868,826,874,684,735,619,883,745,810,708,785,650,777,660,798,740,970,754,845,713,816,859,1054,870,884,683,892,758,845,705,771,705,789,719,789,684,794,667,797,667,797,695,790,702,933,705,775,633,728,770,813,670,933,723,780,660,787,729,787,677,758,661,753,669,737,618,788,663,803,663,747,647,752,657,784,645,739,657,750,639,779,632,741,634,753,638,1024,883,880,695,794,654,731,681,799,663,1065,794,906,828,865,704,796,727,795,661,751,638,766,689,786,636,772,651,760,635,920,720,884,696,775,645,732,630,719,881,875,686,774,661,795,644,751,648,927,717,775,671,734,633,728,703,819,659,765,705,1035,764,826,709,797,648,739,839,858,694,826,680,779,650,1045,783,840,702,784,699,831,699,773,]
191,1,4,with_set,0.1,11,11,201,804,loop_limit,[1159,772,840,672,776,695,941,732,812,680,759,671,763,714,957,746,1114,781,873,832,849,882,886,723,792,643,809,675,762,671,755,648,804,717,788,687,780,704,788,708,788,692,788,656,771,783,838,711,1096,776,856,901,1076,756,995,733,937,736,793,655,730,637,785,640,723,835,854,707,948,739,790,670,740,652,738,876,877,703,1036,732,785,663,818,659,797,749,825,732,943,700,789,680,753,644,729,744,789,646,1043,894,1049,769,853,682,833,685,829,680,782,661,955,725,790,738,851,679,769,674,764,630,782,885,883,724,784,672,758,651,772,682,781,861,854,706,803,667,765,641,782,633,753,633,736,616,1022,747,818,681,794,797,836,683,845,903,900,777,810,655,766,678,755,888,879,715,741,656,769,662,782,654,718,637,765,724,807,655,770,665,756,642,785,667,754,650,1036,761,835,891,904,708,791,647,741,645,714,636,751,684,770,674,804,]
191,1,4,with_set,0.25,28,28,201,746,loop_limit,[1159,770,832,670,741,637,731,650,799,676,789,674,773,663,788,656,779,655,779,647,746,648,927,779,831,766,805,682,741,637,758,643,1064,777,833,681,772,646,734,684,764,791,845,705,802,661,917,746,828,681,785,819,842,764,838,722,796,724,796,664,767,676,788,822,857,698,795,685,774,642,759,888,899,693,767,634,760,620,770,707,786,719,798,678,771,649,757,662,770,634,735,647,1023,729,973,727,817,689,768,646,743,620,711,605,897,693,766,864,883,678,1058,771,836,671,753,758,846,687,909,722,840,795,842,886,870,688,902,694,838,680,791,640,750,623,721,622,798,659,744,788,855,659,749,627,884,694,768,694,809,656,762,637,734,679,796,679,811,655,754,655,746,650,897,696,776,664,900,710,793,701,785,668,752,624,748,671,791,649,738,626,788,720,802,669,744,710,773,660,760,884,862,800,842,701,771,663,742,656,726,687,746,]
191,1,8,with_set,0.01,1,1,201,792,loop_limit,[1159,796,872,683,771,744,819,654,768,670,784,892,912,704,803,750,795,654,764,625,756,703,806,710,779,807,840,918,1141,918,977,737,783,659,767,651,763,675,769,665,746,668,778,702,799,662,756,685,803,659,767,854,868,911,892,770,850,769,834,674,838,723,825,682,797,680,758,655,798,669,749,675,807,717,829,893,882,795,916,768,801,874,887,766,1128,790,900,707,786,690,804,699,838,696,1119,796,842,676,807,669,803,676,780,876,870,687,818,676,768,657,749,611,725,666,742,831,880,789,880,703,796,675,779,732,1120,787,848,676,832,658,790,666,778,718,822,699,835,757,1125,778,818,646,729,635,739,667,756,644,765,664,759,631,753,674,740,906,898,712,775,747,863,708,844,682,807,753,795,687,783,860,871,715,793,688,781,700,801,655,753,663,821,908,889,688,1123,918,896,686,849,918,914,918,914,684,804,669,806,653,781,693,792,]
191,1,8,with_set,0.05,5,5,201,769,loop_limit,[1159,918,1152,854,890,683,760,637,749,894,1159,772,823,763,809,896,891,690,820,916,901,714,775,671,1129,807,838,748,804,681,778,630,760,665,805,656,733,681,774,687,757,678,789,654,784,724,874,696,800,878,951,774,823,681,782,650,765,704,781,906,898,742,811,653,816,720,784,658,743,670,740,623,727,623,788,656,825,710,788,661,746,719,776,701,799,668,812,691,780,680,755,688,787,689,802,682,828,712,784,657,751,645,732,673,767,663,739,666,783,641,732,678,810,655,791,652,754,623,781,680,810,685,758,685,783,676,782,666,774,663,773,635,730,615,731,612,756,638,799,718,824,660,760,641,735,642,732,912,875,719,788,714,822,715,778,651,803,645,728,621,731,918,887,721,780,668,766,706,802,715,810,693,827,678,829,672,748,651,783,635,1132,782,868,731,809,717,778,709,1123,769,920,694,784,899,881,716,804,754,834,685,769,]
191,1,8,with_set,0.1,11,11,201,815,loop_limit,[1159,796,858,782,1153,835,845,861,1152,801,847,722,819,688,824,757,840,727,767,669,815,669,737,637,750,913,982,794,858,755,822,708,1068,773,844,871,861,677,829,677,1127,800,847,909,876,791,878,720,808,658,773,686,777,889,883,749,874,695,780,881,1159,801,1086,912,969,888,974,741,828,640,755,662,780,696,780,909,898,799,844,667,785,701,819,711,859,739,812,693,767,694,799,649,786,635,738,639,779,661,1159,778,826,684,788,723,766,638,726,676,751,657,769,634,726,684,774,891,883,697,1022,771,866,690,793,643,795,696,760,636,748,694,1141,801,831,693,779,660,763,654,1083,766,841,712,795,656,773,666,737,674,776,691,1032,732,810,675,830,728,795,646,763,680,759,685,835,649,1136,777,822,697,795,903,887,737,805,660,774,698,1141,791,1138,795,847,666,838,714,816,760,836,731,797,658,763,658,752,679,1117,755,799,685,759,656,815,]
191,1,8,with_set,0.25,28,28,201,958,loop_limit,[1159,801,848,679,769,677,834,918,914,699,1138,776,822,746,809,879,893,706,1109,918,892,757,818,669,1052,810,1114,792,848,779,1095,918,914,712,807,697,742,644,802,642,739,644,725,622,727,665,786,650,771,662,757,637,801,918,902,715,810,691,777,918,914,705,806,656,777,703,811,679,832,913,1139,768,833,679,830,875,868,700,854,745,814,908,901,694,762,661,743,667,748,622,743,652,749,631,749,646,771,713,789,700,791,637,762,713,770,718,786,682,748,691,795,674,776,650,820,685,840,678,1111,779,835,736,797,728,828,748,811,679,795,891,1159,775,1134,774,820,690,793,877,879,722,778,732,1045,911,912,742,884,713,776,645,771,662,813,662,1104,779,1121,793,927,706,817,665,760,910,959,785,813,747,809,664,763,702,793,665,763,630,735,646,764,690,821,669,1149,774,810,672,773,644,716,611,776,645,744,679,785,731,786,641,748,896,958,]
191,1,16,with_set,0.01,1,1,201,808,loop_limit,[1159,775,810,707,839,689,794,676,774,678,755,918,896,729,789,703,836,703,834,733,809,689,780,670,805,672,763,649,804,632,721,822,1114,790,862,918,930,737,813,696,791,684,772,692,785,737,825,669,781,918,892,732,1091,749,824,735,812,893,884,888,890,678,1159,775,843,696,795,668,760,666,759,639,1159,801,848,701,786,675,776,658,783,715,782,653,814,918,887,717,820,673,748,709,760,639,759,918,1142,791,876,918,896,918,896,899,919,776,819,671,767,864,1087,788,1074,909,887,690,766,670,750,781,835,716,1159,918,901,715,1159,806,884,721,816,640,729,678,1159,807,1159,775,834,696,1021,763,816,649,969,740,1159,796,892,732,1159,778,826,734,1159,801,824,667,1159,770,1159,806,918,918,1155,918,914,903,1112,796,903,886,1117,769,1159,918,914,710,791,658,763,856,861,710,743,717,842,682,1035,790,1139,918,931,778,843,688,783,918,950,808,808,]
191,1,16,with_set,0.05,5,5,201,740,loop_limit,[1159,787,823,741,1100,781,894,918,931,698,794,676,1159,826,874,687,838,705,775,918,950,751,866,717,842,689,776,727,784,668,818,742,815,727,794,918,892,723,792,698,789,630,716,655,803,674,779,666,1159,918,896,775,845,741,836,685,768,662,768,870,888,693,1159,811,867,703,799,659,764,685,829,662,937,714,770,692,782,706,813,760,816,678,815,672,796,688,1085,752,811,695,777,662,1024,742,831,723,804,724,815,698,788,879,1111,795,855,738,836,878,867,685,774,685,1053,918,914,918,887,866,1159,796,853,705,780,918,924,802,902,715,1055,761,837,686,746,704,1023,918,896,775,810,874,1113,918,902,729,835,754,817,704,779,858,1095,780,858,705,1159,770,846,918,1143,794,853,710,776,670,1159,918,901,918,932,876,893,766,1086,760,811,666,752,902,875,733,1053,753,1159,918,930,716,1036,797,847,724,775,681,813,918,901,728,808,688,757,628,740,]
191,1,16,with_set,0.1,11,11,201,881,loop_limit,[1159,918,896,686,1159,918,901,709,777,646,753,637,726,918,916,735,799,654,1159,817,910,689,772,880,1159,794,1159,843,1098,804,903,701,814,918,887,721,780,859,882,710,806,696,748,661,726,638,743,708,750,686,797,691,1159,796,845,719,807,663,764,658,722,645,767,641,794,918,902,742,817,687,769,745,825,707,811,661,767,666,776,725,1159,770,1040,785,1159,918,1159,821,1159,839,1099,802,899,769,827,710,784,668,758,682,789,676,754,664,783,713,802,658,1129,795,888,712,814,674,1159,801,848,864,892,720,813,685,969,734,762,655,777,709,813,687,807,674,807,666,808,752,1159,770,807,918,881,706,788,646,1159,772,1061,908,881,702,1159,903,899,725,812,661,783,668,1159,918,1159,819,860,738,815,903,906,869,887,708,1159,817,828,665,1005,741,816,716,758,800,839,727,1159,787,833,760,1030,757,1020,794,893,714,808,869,1136,785,898,768,833,918,881,]
191,1,16,with_set,0.25,28,28,201,818,loop_limit,[1159,918,892,725,857,692,764,689,1054,918,940,697,1159,823,848,677,1159,775,833,697,813,918,1159,839,855,719,824,706,792,918,1107,796,863,918,892,714,794,711,807,875,880,918,901,711,804,918,1159,787,831,821,857,746,819,918,902,705,1159,833,859,714,1001,725,806,663,1159,794,860,879,917,722,793,653,727,693,953,716,813,696,788,671,1030,737,851,701,791,822,1159,918,921,766,885,918,916,766,859,680,803,655,767,639,757,918,1159,770,842,720,823,676,1159,796,833,690,789,800,872,692,803,655,1022,918,922,705,749,665,1159,796,872,867,1146,772,1159,806,867,729,796,649,789,706,781,672,789,740,808,689,1039,766,1159,788,1159,787,848,689,1159,770,808,648,774,663,779,689,1045,918,927,886,870,918,920,906,902,715,817,748,819,715,856,655,778,687,755,675,1159,806,1079,793,849,700,765,687,820,918,919,707,806,918,1134,792,1106,760,833,679,818,]
191,2,1,with_set,0.01,2,2,201,5,loop_limit,[1159,575,450,295,274,196,180,136,124,98,129,134,172,143,123,79,85,93,103,79,78,83,114,128,105,105,103,81,80,53,41,34,53,37,48,42,53,31,44,31,28,22,9,16,18,16,15,10,8,10,7,5,3,5,7,12,17,10,22,19,21,15,17,8,14,17,16,5,9,11,14,20,35,18,31,34,32,26,31,25,23,17,22,21,29,31,32,21,21,17,18,12,10,15,24,12,17,14,20,14,25,20,25,15,18,17,26,18,25,23,20,24,25,19,28,11,15,5,8,5,3,2,2,4,9,8,14,11,12,14,11,8,13,9,5,8,13,7,4,10,9,9,10,11,12,6,5,6,7,7,16,10,5,9,13,9,8,8,12,18,17,13,7,6,10,8,14,4,6,7,14,14,12,12,11,16,12,22,21,21,32,22,19,21,24,16,12,8,14,11,9,11,8,6,4,6,8,6,7,7,5,]
191,2,2,with_set,0.01,2,2,201,38,loop_limit,[1159,570,426,272,280,184,161,124,117,75,66,94,66,94,74,67,63,41,46,43,45,35,29,25,35,24,33,23,26,27,34,15,18,18,30,25,16,5,7,14,12,5,9,11,9,8,9,10,14,13,16,17,15,11,17,15,9,14,11,13,15,17,19,13,18,16,16,12,12,10,13,11,15,16,16,17,14,9,7,8,11,12,18,15,12,14,23,24,20,22,22,18,21,13,10,6,11,9,11,7,7,11,13,11,15,19,22,23,25,26,25,26,31,17,24,20,29,27,40,29,34,22,21,20,36,14,17,14,19,20,33,9,11,10,16,13,10,13,17,16,16,15,21,18,30,14,16,14,14,20,16,20,29,23,41,24,29,24,40,30,55,38,44,37,48,51,38,38,24,33,36,29,20,21,25,10,16,21,23,13,17,17,10,11,21,19,19,11,21,16,12,18,36,15,27,21,19,17,24,23,38,]
191,2,8,with_set,0.01,2,2,201,13,loop_limit,[1159,570,445,271,257,185,161,181,161,124,117,85,81,55,46,33,36,30,23,14,24,13,18,19,16,19,21,21,25,29,21,10,12,12,24,15,22,16,12,9,20,14,22,20,26,21,30,26,23,24,33,25,24,19,24,13,8,9,18,14,23,10,18,19,11,14,12,14,8,13,17,9,19,9,14,12,14,11,11,12,9,11,12,7,2,7,6,11,19,11,11,11,9,5,6,8,7,12,6,4,11,7,11,6,7,7,8,6,14,8,18,8,9,6,4,2,7,6,12,12,20,18,24,19,15,15,19,16,16,10,17,8,16,9,9,13,13,10,14,7,9,9,6,3,2,3,3,7,8,15,21,15,19,15,24,22,14,9,5,3,8,9,17,14,21,8,10,10,11,6,9,5,6,2,5,6,9,6,11,12,14,14,15,9,11,12,23,22,23,20,13,13,17,28,20,11,7,7,16,11,13,]
211,1,2,with_set,0.01,1,1,201,2,loop_limit,[476,167,219,89,62,33,21,23,20,18,14,10,11,5,4,8,6,7,9,8,6,6,9,9,8,8,10,9,9,5,6,3,8,7,9,3,4,3,4,5,5,6,3,2,5,7,4,4,3,3,4,5,6,4,5,7,7,2,2,2,3,5,4,2,4,3,4,2,3,5,2,2,2,2,3,2,4,5,7,5,5,6,5,3,6,8,8,4,6,3,4,3,4,2,4,5,3,5,9,11,8,4,4,4,2,2,3,3,4,6,5,9,8,9,13,6,8,3,2,2,3,4,4,4,7,6,9,5,4,5,8,6,6,7,3,2,3,3,6,4,6,7,7,7,7,4,6,4,6,9,6,2,5,2,3,3,5,2,3,2,4,2,3,4,3,5,4,3,5,4,4,2,6,2,5,5,3,2,5,2,3,2,3,5,7,9,10,9,6,2,3,5,7,6,5,5,5,3,6,7,2,]
212,1,1,with_set,0.01,1,1,201,825,loop_limit,[1127,842,812,709,785,727,758,676,752,754,761,698,741,750,781,690,781,708,812,760,793,716,814,758,757,749,749,746,804,730,817,770,776,727,782,703,805,803,805,803,800,698,797,761,760,748,769,694,738,730,817,707,786,764,779,700,728,664,790,708,734,701,774,722,762,764,817,723,798,732,790,774,795,740,839,738,738,744,774,740,763,699,742,721,848,759,792,726,841,784,769,745,817,750,780,748,747,704,733,717,727,702,741,695,778,749,793,728,749,737,749,659,785,731,788,727,785,678,786,764,772,677,755,731,779,717,757,747,787,785,783,728,753,706,777,761,823,805,767,729,803,778,772,754,751,764,817,733,803,706,772,757,772,718,737,665,718,662,728,715,749,740,816,774,827,771,813,704,797,738,813,800,795,760,757,738,816,710,760,803,780,714,735,690,751,734,831,779,767,749,734,761,863,745,759,738,733,746,856,721,825,]
212,1,1,with_set,0.05,5,5,201,728,loop_limit,[1127,884,831,717,777,728,768,749,818,737,774,757,794,737,760,808,796,756,800,774,756,691,752,718,771,677,729,688,759,682,794,779,744,685,744,735,785,696,752,741,750,729,764,699,758,735,745,755,806,706,799,704,797,747,780,713,784,681,738,758,778,716,739,751,858,801,782,774,816,764,749,686,757,684,736,790,782,697,734,706,725,753,778,751,810,710,751,758,775,729,784,707,760,736,748,721,798,707,745,726,765,807,768,744,834,809,790,774,825,787,910,788,870,758,868,729,788,763,808,770,749,743,800,752,793,739,799,714,781,661,745,745,875,738,835,798,826,785,776,746,763,727,790,741,770,745,792,759,741,727,750,692,759,671,773,702,850,741,767,754,795,719,820,735,712,697,719,707,780,734,788,739,733,708,834,760,767,745,806,706,763,763,705,642,693,693,735,733,795,766,804,726,724,678,736,737,778,692,733,715,728,]
212,1,1,with_set,0.1,11,11,201,768,loop_limit,[1127,822,819,726,758,759,758,736,725,744,748,756,882,758,840,754,738,758,802,711,733,744,811,777,852,720,792,764,800,751,739,738,869,754,864,788,817,745,755,820,838,735,786,789,800,716,730,695,770,735,814,787,776,760,756,739,842,732,809,706,802,766,758,735,788,704,762,705,823,793,799,730,838,711,789,708,756,672,706,723,829,750,874,741,817,764,876,819,850,718,796,715,825,789,788,726,811,705,751,754,752,703,739,722,740,716,765,731,777,677,764,707,843,750,796,768,756,759,801,704,792,746,758,742,732,699,739,730,737,694,758,708,790,718,800,701,758,751,812,707,805,714,839,783,765,732,766,717,802,767,802,746,762,709,766,709,739,730,749,717,741,743,787,752,772,680,791,697,765,768,877,753,768,754,782,738,800,778,835,732,768,770,820,791,785,698,710,702,726,728,751,761,816,713,794,777,763,685,757,700,768,]
212,1,1,with_set,0.25,28,28,201,813,loop_limit,[1127,842,844,777,780,765,879,765,783,723,792,750,739,772,789,712,741,721,745,691,742,708,738,737,709,730,770,763,829,727,759,682,755,675,764,706,803,731,805,738,828,715,758,725,768,772,808,762,761,771,784,755,780,749,750,684,756,723,809,734,841,803,789,714,836,715,742,686,759,738,862,746,797,767,775,785,806,781,747,698,757,724,850,786,813,781,813,754,878,745,829,777,766,744,774,733,817,772,818,770,744,707,754,736,832,778,801,747,828,782,857,786,808,739,782,729,710,684,746,740,829,714,793,717,743,704,709,741,826,804,753,706,818,713,725,695,767,683,769,695,769,723,842,757,781,728,840,720,767,651,718,755,791,777,758,783,775,710,767,687,788,787,833,788,875,788,771,716,773,789,779,764,779,659,748,714,737,706,780,683,745,753,744,730,752,749,752,749,788,752,857,796,742,667,787,772,758,701,746,718,813,]
212,1,2,with_set,0.01,1,1,201,740,loop_limit,[1127,850,937,765,781,706,748,735,864,756,849,761,834,772,771,693,768,733,801,736,757,703,759,698,802,793,787,713,758,709,752,748,757,723,742,759,793,693,795,766,802,687,823,736,804,711,727,717,735,693,758,720,725,721,773,707,792,774,810,705,788,764,760,806,768,692,757,713,786,775,769,738,747,723,798,711,755,732,725,706,762,696,744,708,719,647,722,744,728,713,788,762,754,707,718,683,767,701,797,748,747,717,790,726,791,749,846,785,802,705,738,716,715,746,763,691,710,691,780,742,801,791,798,789,845,726,804,725,802,708,740,711,821,734,784,771,804,735,822,709,778,751,789,770,783,747,746,689,758,750,878,788,868,804,779,788,854,753,796,765,741,691,732,680,742,672,792,737,801,755,782,774,825,782,826,765,798,698,752,690,763,758,792,730,795,744,771,744,772,692,823,788,784,720,743,756,737,718,810,707,740,]
212,1,2,with_set,0.05,5,5,201,748,loop_limit,[1127,822,819,797,842,789,832,737,843,803,775,730,763,717,782,734,773,683,752,759,833,724,818,773,849,759,758,741,779,752,842,752,789,743,758,723,776,675,763,712,759,731,795,759,803,755,857,789,782,743,750,773,839,784,787,711,738,750,771,760,804,756,753,755,814,778,757,757,781,704,821,789,807,725,803,721,840,727,805,726,769,735,785,771,756,755,800,741,805,714,849,735,776,706,767,655,773,734,781,733,827,714,780,768,857,740,814,776,825,766,783,744,743,697,777,723,792,777,835,751,811,721,757,705,792,701,750,715,735,733,825,726,740,687,749,759,743,769,765,695,749,742,821,808,802,765,802,711,773,726,779,750,778,692,836,740,784,719,786,752,850,754,758,743,784,748,766,699,719,672,754,693,744,715,787,692,716,682,777,720,777,721,779,693,805,711,775,707,799,707,775,682,741,755,799,717,770,719,797,732,748,]
212,1,2,with_set,0.1,11,11,201,717,loop_limit,[1127,850,803,762,766,691,747,687,720,736,750,675,764,736,744,764,810,783,781,744,764,832,864,752,779,764,800,761,751,756,825,727,863,754,871,742,789,771,796,721,802,734,792,720,789,767,761,768,872,722,784,788,827,702,803,713,798,709,770,729,771,713,736,740,753,690,696,700,833,782,779,767,773,753,805,716,770,740,748,740,763,772,766,692,759,717,757,741,752,748,789,744,766,689,785,687,797,735,758,766,755,764,860,751,804,774,787,764,788,748,790,692,785,767,769,750,791,745,866,726,779,691,802,723,773,706,778,716,761,747,773,743,753,780,850,761,762,699,793,699,789,729,755,735,783,712,775,678,762,689,774,682,781,761,749,744,772,707,787,728,755,675,732,722,815,722,761,759,767,705,825,737,784,736,790,692,799,781,790,704,808,795,804,766,742,687,791,782,791,762,818,754,777,712,804,765,784,669,727,673,717,]
212,1,2,with_set,0.25,28,28,201,762,loop_limit,[1127,842,844,708,802,776,780,773,828,744,736,690,753,749,856,723,809,781,849,733,792,756,807,733,774,703,712,669,709,719,854,800,795,711,744,694,738,702,794,769,826,763,778,743,786,767,737,758,764,747,727,700,810,699,780,703,745,724,721,761,785,751,783,744,745,716,819,733,822,712,747,671,744,740,734,750,797,715,799,696,749,710,791,701,808,732,724,695,738,769,772,723,753,756,770,704,735,715,765,712,746,776,874,729,798,735,873,741,784,731,764,704,780,763,846,723,828,797,826,778,784,714,757,723,757,699,739,670,733,675,768,767,776,727,799,722,784,775,859,743,766,774,886,778,828,739,755,744,790,740,795,749,781,692,738,732,793,751,795,769,777,822,782,699,768,764,876,764,789,725,760,702,818,790,804,769,844,806,796,741,742,732,770,752,801,770,801,770,796,691,748,736,781,770,773,739,769,726,836,712,762,]
212,1,4,with_set,0.01,1,1,201,833,loop_limit,[1127,850,937,773,806,682,735,726,747,684,699,693,722,737,759,721,1046,1024,873,812,991,852,810,774,803,964,835,719,771,711,933,829,790,743,739,687,751,686,920,780,789,861,883,758,761,762,763,692,702,743,786,711,799,755,821,735,964,796,860,771,779,704,809,710,822,710,780,709,802,706,807,720,802,952,1102,834,879,755,744,753,769,706,886,749,969,789,769,693,703,699,734,966,841,777,812,703,796,699,789,844,872,760,1086,821,798,840,900,789,826,726,750,682,740,686,778,706,846,742,815,783,778,756,757,756,944,949,846,802,810,762,810,781,794,771,767,703,798,764,784,716,1073,820,1044,859,987,844,854,775,879,768,836,732,925,909,832,790,766,728,737,753,790,708,761,731,815,909,860,774,980,789,766,834,815,729,731,684,764,698,770,752,747,727,773,688,776,716,765,745,753,673,710,720,790,695,707,744,1009,946,843,896,833,]
212,1,4,with_set,0.05,5,5,201,831,loop_limit,[1127,845,832,730,819,730,748,713,726,677,756,750,768,750,751,754,761,733,764,722,836,765,802,702,736,727,1075,878,818,766,822,783,802,755,767,843,929,855,826,777,781,697,785,757,776,677,748,699,800,739,818,708,779,689,736,847,821,784,793,757,737,940,811,784,778,712,763,708,740,706,772,690,712,754,930,990,922,931,827,710,943,785,817,731,784,897,826,752,804,707,725,709,826,780,1067,857,860,796,866,741,871,738,831,739,739,854,828,915,851,737,783,741,766,770,925,742,776,741,810,712,787,758,779,717,743,705,798,711,807,754,781,710,743,750,823,782,1093,841,896,773,1046,870,902,817,982,760,782,734,945,810,781,718,838,1013,966,793,811,753,748,755,835,703,804,769,775,666,720,745,738,874,829,754,883,758,800,706,786,887,846,725,792,722,755,978,913,761,991,791,830,730,766,742,846,797,776,896,831,791,1047,819,831,]
212,1,4,with_set,0.1,11,11,201,796,loop_limit,[1127,876,820,749,784,691,792,739,775,707,795,707,772,757,928,905,930,929,860,807,946,786,832,717,804,805,859,737,792,767,834,799,777,760,781,688,784,727,774,704,763,761,753,729,844,739,796,764,775,785,776,717,739,751,798,721,807,778,809,754,945,762,762,696,801,801,786,769,800,762,755,757,757,711,797,713,737,979,852,810,813,740,941,827,794,745,902,764,770,749,1028,785,1091,804,1085,1025,914,752,779,892,887,957,869,715,1058,814,1061,814,848,757,761,683,725,661,739,682,743,682,799,772,775,732,771,693,923,774,805,746,1058,971,864,774,802,755,816,739,764,673,1029,810,860,759,769,724,776,687,740,710,737,739,755,768,753,716,884,766,761,741,782,768,835,719,787,759,755,741,833,757,757,765,790,911,879,824,867,742,759,686,744,702,813,893,929,769,1047,823,889,840,822,773,773,731,810,923,849,798,794,713,1028,857,796,]
212,1,4,with_set,0.25,28,28,201,844,loop_limit,[1127,886,840,981,1111,840,844,711,851,775,1085,877,824,752,840,749,875,754,1044,864,819,753,751,723,822,983,928,816,831,816,975,809,807,780,797,706,816,747,766,777,751,757,748,741,777,963,847,783,784,694,742,800,1110,867,836,974,911,821,951,837,831,746,802,874,957,795,787,675,795,761,750,693,799,710,738,681,735,687,728,705,795,716,734,966,965,793,860,782,848,781,837,781,818,785,767,691,793,719,764,817,869,821,832,692,730,683,935,791,1111,875,1033,803,832,779,769,748,757,747,802,705,906,788,974,820,805,749,765,751,814,893,834,803,786,770,799,932,859,734,829,783,902,755,800,737,768,753,1048,995,887,986,874,787,895,761,781,699,734,803,1097,872,797,788,1075,866,834,748,822,983,857,776,769,725,749,742,775,750,1082,1015,915,740,873,983,919,798,1057,866,831,800,780,737,829,741,845,718,825,736,716,935,946,755,844,]
212,1,8,with_set,0.01,1,1,201,797,loop_limit,[1127,824,862,775,762,719,1057,818,812,800,867,719,816,785,848,789,913,1017,886,815,831,1008,1115,876,839,703,1118,850,838,763,792,757,833,743,783,690,773,759,820,734,755,722,805,739,766,727,833,725,823,792,790,698,766,957,894,798,780,721,751,716,785,708,775,977,1093,891,927,987,880,806,780,772,829,810,1114,901,890,816,1060,811,846,769,846,821,846,1013,976,780,870,797,826,733,726,717,787,716,761,742,785,689,1086,826,856,839,1096,819,873,766,878,792,827,735,828,714,766,744,793,673,774,736,1122,880,865,766,846,790,844,741,1068,866,865,753,835,746,805,687,756,749,1066,862,834,779,796,767,850,753,831,753,1105,909,886,789,793,1010,930,826,802,1014,972,793,791,703,799,697,777,745,1099,818,1127,886,836,1015,887,805,783,769,819,788,901,758,756,772,884,772,784,992,863,735,801,750,843,1003,882,716,826,736,814,977,877,739,797,]
212,1,8,with_set,0.05,5,5,201,806,loop_limit,[1127,850,805,750,798,764,811,758,795,711,764,1003,1117,876,831,717,850,785,790,755,875,1001,950,832,800,808,831,723,1042,1023,870,812,813,979,913,1029,958,822,877,777,875,1029,873,771,860,1014,868,807,818,774,838,794,755,736,1052,867,883,795,827,752,819,710,778,729,807,1026,935,821,846,1001,867,807,785,709,764,691,737,798,737,669,765,741,873,741,788,703,789,718,798,742,1082,845,893,1029,873,740,747,703,760,1002,870,839,842,725,806,737,797,758,883,1004,964,880,876,801,849,762,821,737,774,691,1052,866,877,792,844,750,762,676,717,743,714,697,771,702,1034,814,814,1026,931,825,800,1013,915,817,803,767,808,730,806,742,747,749,1034,804,776,793,831,815,790,1021,872,740,1124,844,1122,824,862,793,1095,1028,937,854,818,727,816,705,847,705,1060,809,804,723,832,999,1102,1022,888,809,881,750,798,767,895,767,804,756,758,753,840,797,806,]
212,1,8,with_set,0.1,11,11,201,737,loop_limit,[1127,1029,937,773,768,729,861,739,808,788,866,751,739,722,779,687,764,816,846,730,844,784,791,697,775,818,820,743,831,734,752,776,828,780,781,698,752,736,764,716,779,965,945,805,807,712,795,726,755,688,713,742,1033,1029,935,821,832,804,799,751,1020,991,931,834,839,808,835,762,844,806,861,761,874,799,867,763,782,743,1025,844,851,740,817,715,776,732,812,727,786,734,790,995,959,853,820,1006,866,812,813,748,811,778,769,746,756,711,783,701,739,746,714,647,738,737,711,685,773,685,782,751,809,724,828,781,775,758,840,749,774,700,756,714,771,734,821,1014,1115,884,812,755,845,753,820,727,863,808,863,746,816,805,801,761,806,773,846,801,879,750,774,783,821,735,797,774,850,749,1048,822,802,746,756,1013,909,800,811,850,817,781,820,747,786,706,808,794,799,721,827,776,779,772,784,770,794,772,805,741,790,724,784,741,737,]
212,1,8,with_set,0.25,28,28,201,843,loop_limit,[1127,824,825,768,781,733,746,679,775,685,1051,886,1119,850,820,780,1046,829,911,808,804,844,804,686,788,692,749,996,1127,884,826,788,793,725,784,725,1111,843,830,785,799,765,868,806,827,747,743,719,744,969,887,941,920,801,1053,869,825,781,788,959,962,777,858,769,776,728,823,716,778,746,785,699,1037,862,1121,824,862,1029,890,778,835,781,1120,883,975,793,783,1029,1082,867,867,785,883,764,799,751,843,760,834,780,840,781,1040,822,827,778,850,790,807,693,805,1016,857,808,822,753,817,762,814,746,856,1013,885,821,786,698,770,741,854,814,876,1029,937,765,831,789,776,739,771,1013,914,766,810,764,801,785,772,703,752,741,828,712,805,776,786,752,763,758,793,727,753,781,821,777,809,720,780,737,768,681,739,726,819,764,886,1015,879,742,770,960,951,872,824,958,898,805,1074,826,799,776,844,773,816,763,807,777,887,819,825,739,843,]
212,1,16,with_set,0.01,1,1,201,833,loop_limit,[1127,845,1027,1029,977,987,962,804,789,841,1127,876,907,760,842,748,1049,828,846,738,798,920,1127,1005,1117,833,890,819,1127,822,802,779,761,780,761,723,725,707,787,789,1127,822,1127,1029,902,750,818,732,811,765,754,711,834,741,776,709,732,879,927,1029,1017,1029,966,1025,965,801,769,999,984,774,861,777,762,773,777,810,970,1029,946,1029,873,812,797,734,816,784,792,715,775,912,982,775,984,810,867,738,1113,882,938,809,840,722,942,897,818,747,1003,805,816,1029,937,1029,935,777,758,832,1062,862,914,1029,916,979,1086,873,880,755,770,746,775,725,745,828,847,958,975,852,812,797,1127,1029,922,791,1127,886,836,753,853,719,1051,863,835,764,1127,983,894,809,825,761,797,757,1127,909,836,773,880,773,763,812,839,750,1127,941,909,843,858,754,785,739,793,910,937,772,823,772,794,1029,991,837,847,1029,865,730,833,769,781,921,920,756,847,800,833,]
212,1,16,with_set,0.05,5,5,201,1020,loop_limit,[1127,1007,1127,876,809,737,747,722,782,1029,954,994,868,772,814,797,874,724,798,771,827,781,781,683,1127,876,839,802,914,795,1127,1022,1015,851,857,1029,1109,1005,936,773,857,878,904,779,852,978,890,824,916,840,1127,886,832,802,800,936,902,770,1127,824,1127,824,890,931,1127,932,1127,845,922,794,791,750,749,708,775,692,738,947,947,844,839,1029,873,812,832,797,1127,822,874,766,870,805,843,834,1127,822,802,948,913,835,835,720,749,720,1127,1029,890,826,1049,856,840,791,778,770,794,712,777,704,818,936,1091,841,847,742,844,700,992,865,1127,886,1127,849,866,776,775,763,822,759,1127,845,905,844,828,745,792,772,1052,810,865,965,1127,1021,1109,879,955,1029,937,765,1041,973,876,779,805,774,827,722,761,889,844,802,784,700,1010,852,899,824,829,1029,935,853,1127,884,869,797,756,1029,916,751,1127,876,844,732,1000,851,1024,884,1040,851,1080,838,1020,]
212,1,16,with_set,0.1,11,11,201,865,loop_limit,[1127,880,944,830,792,730,754,676,792,678,792,734,1017,782,1127,1015,865,730,1056,888,997,825,840,1029,935,784,1127,856,1127,822,871,802,859,768,774,749,997,802,849,1029,916,740,1127,871,937,1029,891,884,917,989,925,804,794,741,791,718,756,695,946,923,832,803,807,791,815,712,771,1011,1127,884,873,954,1088,876,853,791,1127,923,981,817,792,694,796,723,723,751,748,817,774,690,719,681,776,913,836,758,1050,861,1127,824,825,768,795,753,769,763,802,719,822,745,1043,868,848,750,825,750,781,750,831,819,865,790,765,1029,1108,880,893,1029,997,813,814,781,780,772,825,781,1127,850,803,965,866,808,841,742,834,1029,887,842,844,986,920,776,778,788,770,708,813,746,816,746,1034,819,789,790,1127,893,875,769,845,815,848,808,821,697,803,1029,865,761,798,775,1127,1029,1127,884,885,830,838,925,837,721,1127,842,836,959,1127,1029,1016,990,872,751,865,]
212,1,16,with_set,0.25,28,28,201,1021,loop_limit,[1127,822,871,800,823,756,838,920,859,749,1060,1029,916,1029,1002,977,913,931,911,814,780,749,781,1029,1018,896,876,845,823,965,849,718,844,748,832,1029,873,771,1127,884,824,715,816,721,1127,822,819,753,978,1029,1127,845,1127,994,933,768,817,787,872,1029,865,763,999,989,1127,845,879,1005,1102,857,795,732,784,912,921,999,943,1029,916,838,1035,1029,935,985,878,779,765,737,832,757,1019,851,893,832,782,1029,1127,876,839,754,806,736,976,841,1127,1005,1127,842,812,852,827,937,906,763,847,804,782,721,790,736,787,798,779,744,699,686,740,687,1127,842,827,948,858,1029,935,784,808,785,779,716,801,788,828,922,1127,1029,916,766,1044,878,834,777,1127,916,1094,1029,1127,886,1127,884,831,1029,1122,911,955,819,899,764,834,743,1127,856,1127,876,797,776,1127,842,1127,842,883,792,827,776,783,959,869,794,868,766,782,943,940,754,807,712,833,777,763,866,1021,]
212,2,1,with_set,0.01,2,2,201,33,loop_limit,[1127,614,435,291,214,163,130,127,122,118,108,123,120,92,80,77,89,77,78,62,53,48,48,41,38,32,39,38,56,56,57,47,69,68,77,69,64,48,44,51,62,55,75,41,70,69,49,40,41,34,39,30,29,29,35,21,36,28,39,46,45,42,58,48,47,45,58,44,67,56,46,42,38,34,41,31,42,43,37,40,40,43,48,39,38,23,38,40,49,47,59,54,58,66,83,69,67,52,69,59,70,53,58,45,48,38,47,58,50,39,60,61,52,47,51,48,51,45,51,54,68,54,49,33,35,36,33,31,36,32,35,25,28,40,28,18,31,41,56,40,31,37,37,27,29,23,36,25,40,33,30,25,21,17,32,33,37,26,45,43,39,23,36,34,37,27,49,47,59,52,72,43,56,53,40,28,39,25,27,46,33,24,31,31,40,42,33,23,31,16,23,25,45,39,42,27,45,42,55,47,33,]
212,2,1,with_set,0.05,11,11,201,56,loop_limit,[1127,586,443,295,353,308,254,206,138,127,111,96,122,113,118,89,94,68,79,59,71,77,79,56,60,44,51,47,48,41,35,35,42,31,31,36,49,52,59,49,69,35,41,37,48,45,56,41,45,41,33,30,22,22,45,34,53,49,41,44,50,41,49,41,38,38,35,41,58,55,63,53,52,37,45,47,39,31,34,35,36,41,50,52,64,57,56,38,40,43,57,50,53,31,43,43,28,26,28,27,37,27,45,43,59,49,41,41,46,39,30,19,22,17,22,25,27,36,33,35,38,32,35,25,46,41,37,28,35,30,30,29,32,33,42,38,32,27,35,36,37,39,56,35,38,47,51,32,33,27,35,35,41,45,56,48,65,47,52,48,58,44,47,37,60,37,41,46,56,43,47,37,42,28,44,28,46,39,34,29,37,38,49,34,43,32,35,38,55,46,45,41,34,18,30,36,37,38,57,39,56,]
212,2,2,with_set,0.01,2,2,201,36,loop_limit,[1127,586,421,323,273,204,221,159,153,138,105,132,115,138,108,85,94,82,69,58,64,60,54,41,62,41,46,41,41,31,48,30,59,50,62,51,58,39,46,38,58,49,46,26,36,37,29,20,34,27,42,39,47,39,36,34,33,28,32,33,29,31,28,21,31,29,30,18,33,26,31,25,31,34,57,56,46,35,51,54,53,35,47,31,28,42,49,31,33,33,35,31,30,26,36,34,49,46,43,33,37,63,37,63,86,78,78,64,85,58,46,47,50,48,41,48,64,64,72,66,65,49,54,58,60,48,56,41,39,48,57,41,40,33,35,25,34,23,29,22,43,37,60,52,51,40,57,43,51,59,53,52,70,70,78,80,67,60,45,39,35,38,48,57,61,56,78,50,61,43,38,44,48,48,45,41,48,32,40,31,43,29,28,32,28,20,37,35,32,28,40,39,47,43,40,37,39,26,39,38,36,]
212,2,2,with_set,0.05,11,11,201,27,loop_limit,[1127,638,447,418,329,243,209,184,193,160,164,135,161,128,102,91,83,72,68,51,44,34,53,53,58,51,59,56,57,81,60,48,54,42,44,47,66,57,55,42,64,55,71,53,56,64,51,47,59,61,77,70,84,63,94,80,85,69,84,61,41,39,50,42,43,33,27,23,25,23,37,28,43,27,42,53,62,60,66,50,78,77,82,70,53,52,53,47,54,35,39,34,66,48,57,52,76,57,51,42,37,34,48,41,32,21,30,31,33,32,37,30,34,28,39,38,48,46,51,35,37,43,63,56,47,62,68,56,55,37,46,46,47,50,35,60,47,26,36,26,40,29,33,31,49,37,53,43,42,45,43,37,37,36,41,49,43,56,73,35,47,36,43,35,33,30,42,39,34,29,28,28,25,24,25,18,32,29,24,19,29,36,51,40,36,37,38,32,40,33,28,25,24,16,24,29,27,19,27,19,27,]
212,2,4,with_set,0.01,2,2,201,50,loop_limit,[1127,586,477,296,262,252,320,234,195,153,165,141,170,141,170,149,118,112,100,86,80,84,80,75,71,88,105,81,97,99,91,72,90,74,82,78,89,75,73,65,61,53,59,66,93,81,77,80,71,57,86,75,79,77,58,59,55,75,91,86,64,54,69,73,58,59,55,57,54,48,66,62,88,81,109,106,99,77,80,60,60,42,50,42,52,51,46,44,54,42,62,49,64,50,62,53,50,31,41,29,28,29,51,60,67,54,49,40,50,50,48,57,64,35,45,35,43,46,37,35,36,28,55,31,39,35,72,47,52,44,49,43,44,47,48,47,56,71,74,67,75,65,75,82,80,76,67,73,65,66,81,81,81,65,56,46,45,33,43,29,30,38,42,41,33,28,47,28,52,29,33,45,33,28,33,22,37,28,36,29,33,26,27,17,36,27,38,29,44,31,27,38,27,28,37,37,78,48,37,38,50,]
212,2,4,with_set,0.05,11,11,201,67,loop_limit,[1127,764,537,588,458,445,458,356,296,226,188,147,145,129,164,147,124,120,121,114,125,146,130,125,128,136,132,112,100,97,109,110,95,79,76,72,74,65,67,59,48,47,47,39,51,63,72,61,49,43,59,56,64,62,75,80,58,66,87,84,80,74,82,71,84,75,98,65,64,57,59,40,52,50,66,64,60,37,29,26,37,31,42,31,34,29,27,18,25,28,34,28,38,27,31,36,35,33,32,26,47,45,44,56,65,42,42,49,56,40,37,43,52,42,45,37,40,30,26,28,48,53,65,74,72,50,61,60,67,70,59,45,41,51,59,52,57,39,47,39,34,35,40,25,32,19,28,25,27,22,43,22,26,18,25,25,43,39,51,48,53,31,35,45,33,28,38,42,46,25,37,32,39,36,29,30,45,41,42,36,34,29,30,23,32,22,31,39,50,46,59,65,103,97,90,82,59,64,89,67,67,]
212,2,8,with_set,0.01,2,2,201,46,loop_limit,[1127,596,627,378,308,329,613,363,285,450,329,224,191,183,193,183,154,134,183,163,132,144,139,124,106,94,64,75,75,75,84,73,60,48,39,40,45,43,48,57,48,43,48,58,61,64,65,60,75,60,72,47,55,64,69,58,56,49,55,52,45,32,30,17,37,27,26,20,21,18,27,30,33,33,33,35,37,41,37,28,40,31,49,55,41,36,43,44,36,32,27,28,34,25,37,29,38,30,48,43,57,59,54,33,47,37,40,41,59,65,68,69,59,57,71,70,83,70,65,65,66,58,85,65,81,77,83,78,79,69,71,59,63,74,88,64,77,89,110,102,98,69,67,55,70,48,58,44,56,48,72,69,69,51,59,68,56,45,57,50,57,57,66,56,61,34,39,53,57,45,57,47,48,70,85,73,113,93,99,76,90,88,82,74,107,85,84,54,61,60,46,36,54,36,40,34,34,53,46,37,46,]
212,2,8,with_set,0.05,11,11,201,65,loop_limit,[1127,638,447,631,536,348,284,206,253,208,171,124,112,104,119,119,103,94,112,113,68,53,64,51,60,43,46,37,35,31,47,43,33,44,33,36,32,27,42,36,45,49,55,60,44,40,34,43,63,41,54,41,49,31,37,31,49,48,51,44,41,41,42,43,65,47,39,35,25,33,35,35,51,41,41,44,58,57,59,58,58,49,31,41,40,46,52,38,53,46,46,40,40,32,46,46,51,45,46,46,58,49,57,58,63,41,56,43,56,43,57,42,62,47,52,56,48,49,48,44,67,46,53,50,57,43,43,42,60,68,83,83,86,73,65,60,43,45,49,47,47,41,44,62,62,74,63,55,51,52,52,52,51,52,59,62,64,58,46,43,41,27,43,39,53,33,45,44,44,36,27,23,27,17,22,31,49,45,58,50,58,52,54,48,50,50,56,55,51,43,49,44,53,47,49,47,45,50,86,65,65,]
212,2,16,with_set,0.01,2,2,201,64,loop_limit,[1127,1022,619,369,282,191,166,272,411,289,837,853,599,399,532,345,267,211,606,321,825,488,375,297,294,249,209,557,370,570,411,318,241,198,180,169,184,172,167,150,157,105,123,92,99,96,75,71,72,56,52,74,52,39,50,42,47,44,46,45,95,57,69,60,56,41,52,35,53,46,68,58,53,50,56,42,57,47,66,63,139,74,76,68,80,60,60,50,43,33,33,36,44,45,55,39,43,45,49,41,57,57,44,56,72,69,72,46,68,46,41,32,53,33,25,33,51,46,43,47,74,65,64,67,64,58,69,66,66,52,60,39,39,26,31,25,24,21,23,17,35,33,43,25,35,30,37,24,37,31,24,15,20,15,23,23,24,22,24,20,28,21,38,31,40,40,52,63,58,41,46,33,42,39,44,34,42,46,65,64,69,58,56,48,38,49,49,50,66,50,66,70,55,59,60,44,50,49,57,38,64,]
212,2,16,with_set,0.05,11,11,201,41,loop_limit,[1127,560,426,294,254,177,142,132,141,165,146,228,185,483,340,255,221,183,161,173,139,132,189,171,121,108,130,118,107,76,88,82,98,89,86,95,79,86,65,85,90,83,65,62,61,47,45,46,69,46,45,30,30,23,24,33,43,48,43,38,49,38,48,40,52,52,65,43,41,35,36,36,48,34,54,39,38,47,33,24,31,29,26,26,25,19,33,25,39,29,49,47,48,64,58,70,75,83,70,64,74,65,65,75,65,69,63,60,66,56,79,58,53,48,51,39,43,43,43,47,75,54,49,75,61,47,49,41,28,22,31,34,31,31,58,56,49,33,48,46,37,32,85,71,57,35,39,37,46,40,39,40,68,58,54,45,56,67,72,49,55,46,59,52,71,55,53,33,36,24,27,30,44,31,32,24,27,23,36,27,34,34,34,34,52,30,40,33,39,27,28,28,41,23,34,29,29,30,38,28,41,]
215,1,1,with_set,0.01,1,1,201,15,loop_limit,[369,169,95,69,47,35,37,27,17,9,7,10,8,6,4,4,4,3,4,5,4,4,2,3,3,3,7,7,9,6,7,12,11,11,6,4,2,3,5,4,3,5,9,15,11,16,14,15,9,5,9,12,8,6,3,3,5,8,5,9,15,10,13,9,14,10,14,13,21,12,18,12,7,6,9,8,5,7,8,8,5,3,4,4,5,6,6,8,9,11,13,14,9,10,10,8,4,7,8,8,9,15,8,10,11,5,7,4,5,5,3,3,8,10,12,10,7,11,11,9,13,11,16,15,16,20,12,11,9,11,10,10,12,6,11,7,6,8,8,13,7,7,6,4,5,8,7,8,6,4,10,14,7,10,13,19,19,14,12,14,18,17,16,14,7,5,5,10,9,10,12,11,9,12,13,13,17,12,8,8,8,9,10,7,8,16,7,6,6,8,7,13,15,14,9,5,10,7,20,17,15,]
215,1,2,with_set,0.01,1,1,201,12,loop_limit,[369,191,194,106,64,43,50,32,38,32,16,19,7,7,6,10,6,6,5,3,5,5,5,8,8,9,10,8,8,7,7,4,8,9,6,10,8,13,10,7,5,5,10,11,15,15,16,13,17,16,11,5,6,8,9,7,6,7,10,9,8,10,11,9,8,9,3,5,7,6,7,5,8,7,12,14,11,8,10,8,8,7,7,13,10,13,11,13,8,8,10,9,10,13,9,12,9,13,5,6,8,9,14,11,12,7,6,4,3,4,6,5,6,7,5,5,9,10,3,6,7,4,13,10,8,5,7,4,5,5,4,5,7,7,9,7,9,10,16,18,14,13,14,15,17,13,10,12,16,11,17,12,17,12,9,6,7,5,9,11,5,12,7,8,7,8,7,9,8,6,11,10,11,6,10,12,9,9,6,9,15,9,15,14,16,13,19,11,11,6,10,13,15,16,15,10,11,13,12,12,12,]
215,1,4,with_set,0.01,1,1,201,6,loop_limit,[369,208,112,79,52,27,24,26,28,26,25,19,14,11,6,5,7,8,10,13,17,17,18,20,17,12,7,5,5,5,5,10,8,9,7,11,6,5,6,6,6,11,18,22,15,15,12,14,12,12,18,15,9,9,13,10,13,7,18,9,8,7,9,12,13,13,11,6,3,3,7,9,12,7,9,11,12,12,6,7,5,2,5,6,7,12,16,17,20,21,14,14,8,10,8,9,15,13,17,15,18,19,14,15,12,15,6,5,6,5,3,3,4,2,4,2,4,3,4,5,4,7,6,7,8,8,7,12,14,13,14,15,13,10,11,13,14,16,15,12,17,13,16,20,14,11,5,4,2,2,4,4,4,3,5,7,10,12,15,18,13,9,11,13,13,14,10,14,7,13,11,9,12,17,25,18,17,17,20,13,11,11,11,12,11,9,8,10,12,11,10,6,5,6,3,4,6,5,9,9,6,]
215,1,8,with_set,0.01,1,1,201,10,loop_limit,[369,171,93,68,59,68,39,35,29,35,26,29,19,14,12,16,16,13,10,14,8,10,7,12,11,12,13,11,13,7,9,10,13,5,2,2,5,3,3,3,5,6,9,8,13,9,12,5,2,3,2,2,4,5,4,6,6,6,6,5,9,11,12,8,6,5,6,6,8,12,8,10,5,11,8,12,8,9,8,8,7,7,7,5,12,9,12,6,9,9,7,9,12,22,18,13,12,7,6,4,2,2,5,7,6,12,8,9,14,8,10,8,9,12,9,6,10,10,12,6,9,8,6,11,7,8,9,11,10,14,8,11,10,9,12,16,11,15,3,4,5,3,5,3,4,2,4,5,9,14,17,21,17,15,20,11,14,11,13,11,6,3,4,5,5,7,6,8,6,7,6,6,6,3,5,5,8,10,8,3,2,4,7,5,12,6,9,11,7,5,15,13,14,10,9,6,5,5,8,8,10,]
215,1,16,with_set,0.01,1,1,201,6,loop_limit,[369,200,95,111,89,92,77,50,39,30,26,19,13,8,5,10,10,10,9,10,17,9,11,7,13,12,7,10,11,16,13,15,11,9,11,8,10,5,6,9,8,6,6,7,13,13,17,45,80,40,46,23,10,10,11,10,8,6,6,7,2,4,10,12,10,9,11,7,13,11,12,9,13,12,11,12,12,13,11,9,5,5,4,7,9,11,9,9,6,4,5,5,6,9,13,10,5,6,8,7,4,2,2,4,5,5,8,7,10,12,9,8,10,11,3,3,7,7,10,13,9,9,12,11,8,10,7,8,10,11,11,12,14,16,12,14,12,13,11,13,16,16,10,10,11,11,13,22,15,15,15,12,12,6,7,7,9,16,11,15,7,5,5,3,3,3,5,5,5,3,2,6,8,6,5,12,13,13,13,14,10,11,11,8,8,4,5,9,6,8,12,9,13,7,6,6,4,3,5,6,6,]
215,2,1,with_set,0.01,2,2,201,3,loop_limit,[369,111,33,21,10,3,2,4,3,4,3,6,3,4,3,4,3,2,4,5,4,3,5,3,4,2,4,4,6,4,4,2,3,3,4,4,4,5,3,6,5,4,3,4,3,2,4,7,5,7,2,2,3,4,3,2,4,2,3,4,2,2,3,3,5,6,3,2,4,3,3,5,2,3,3,2,4,4,3,5,6,6,4,2,3,2,4,3,3,2,4,2,3,4,3,4,2,2,3,2,4,2,3,4,3,2,2,2,3,4,3,2,2,2,3,4,4,2,2,4,4,3,4,4,4,2,3,5,4,3,5,3,3,6,3,3,4,3,5,3,4,3,3,4,2,3,4,3,2,4,2,4,3,4,4,2,2,2,3,4,3,3,3,3,4,7,3,6,4,3,4,2,2,2,3,3,3,3,4,2,3,5,3,2,3,4,3,3,4,4,3,2,2,2,2,2,3,4,4,2,3,]
215,2,8,with_set,0.01,2,2,201,4,loop_limit,[369,98,30,15,22,8,7,4,4,5,6,2,3,3,4,4,10,5,7,2,3,4,2,2,3,2,2,2,3,2,3,5,4,5,3,4,2,2,3,2,4,2,3,2,4,4,4,2,4,4,6,3,5,3,3,4,4,5,3,3,4,5,5,5,7,4,4,4,2,2,3,3,4,2,3,4,3,4,3,2,2,2,3,2,3,4,3,3,3,5,4,5,2,2,4,2,2,3,4,3,2,2,3,2,3,6,4,3,3,2,3,2,4,5,4,5,5,3,3,4,3,2,2,3,2,2,2,4,4,2,2,3,5,4,5,4,4,2,3,2,3,3,5,2,3,2,3,2,2,4,4,5,4,5,6,3,4,3,3,3,5,2,4,4,4,4,5,5,3,5,5,3,2,2,3,3,4,2,3,3,3,2,3,2,3,6,3,2,2,2,3,4,4,3,4,5,3,2,3,5,4,]
223,1,1,with_set,0.01,1,1,201,3,loop_limit,[263,86,26,16,5,6,4,3,2,6,2,6,4,5,3,4,2,4,3,3,2,3,2,6,4,6,2,4,6,10,4,9,4,9,6,9,5,9,4,5,4,6,4,5,3,3,2,6,2,6,4,4,3,3,3,6,3,4,2,4,6,7,2,6,4,4,3,4,2,3,2,4,3,6,4,6,4,7,3,4,3,3,3,5,3,3,3,3,2,3,2,4,2,3,2,4,2,3,2,4,3,6,3,3,2,6,4,6,2,6,2,4,2,6,2,6,3,7,2,4,3,4,3,3,3,3,2,4,2,6,3,3,2,4,2,6,2,6,4,4,3,4,2,4,3,3,3,6,4,6,2,4,2,4,2,3,3,4,3,8,7,7,2,6,4,6,3,3,2,3,2,6,4,4,2,6,5,8,4,5,3,7,3,3,2,3,2,6,4,5,3,6,4,7,4,8,5,5,2,4,3,]
223,1,16,with_set,0.01,1,1,201,2,loop_limit,[263,88,50,11,9,7,5,6,4,7,5,7,3,8,7,10,6,6,5,9,4,6,4,4,3,6,4,10,6,5,2,3,2,3,2,6,2,6,4,5,5,6,4,5,3,5,3,3,2,3,2,4,2,6,4,5,3,3,2,4,2,6,2,3,3,4,3,7,3,7,3,4,3,3,2,4,2,4,3,4,2,3,2,3,2,4,2,3,2,6,3,9,6,14,7,7,4,4,2,6,4,12,5,7,2,3,2,4,2,6,3,11,4,9,7,5,3,3,2,6,3,8,4,6,2,4,2,6,3,4,5,6,4,5,4,4,3,3,3,6,3,5,3,6,3,4,2,4,6,9,3,4,2,3,3,6,3,4,2,6,2,6,2,4,3,7,4,6,2,3,2,3,3,6,2,3,2,4,2,6,4,10,8,6,3,4,2,4,2,6,4,9,5,4,3,4,2,4,2,6,2,]
227,1,1,with_set,0.01,1,1,201,14,loop_limit,[620,209,157,84,90,39,44,31,30,19,19,10,13,7,22,14,16,5,4,5,8,10,12,8,9,3,11,10,5,8,8,5,6,5,6,3,5,6,5,12,7,10,12,12,15,18,18,17,19,7,9,4,6,6,10,6,8,9,18,9,20,9,12,14,29,15,27,14,16,6,13,13,14,14,12,12,8,9,15,8,13,13,17,15,14,11,10,4,4,5,5,4,6,6,5,6,11,6,8,5,9,8,7,4,3,4,6,6,12,11,17,11,13,9,7,7,8,6,8,9,12,4,6,7,6,7,17,11,17,10,17,7,7,7,9,5,12,11,16,15,14,14,20,11,19,11,24,19,15,11,13,10,13,5,7,6,6,7,5,6,5,4,8,10,13,7,9,4,5,8,16,6,9,10,11,7,7,6,18,12,16,6,5,5,6,5,5,7,11,8,3,5,16,7,16,14,20,12,14,11,14,]
227,1,2,with_set,0.01,1,1,201,14,loop_limit,[620,200,189,141,119,70,81,64,49,25,23,19,26,29,17,13,17,15,8,6,11,12,19,10,13,4,8,9,13,7,10,11,13,8,19,10,17,12,18,16,14,7,9,11,19,17,14,8,8,3,4,4,6,5,4,6,6,5,7,8,15,7,12,11,11,11,11,7,6,6,12,8,8,7,10,9,19,11,13,9,7,8,8,4,11,5,11,8,9,10,8,6,9,4,5,7,10,8,10,12,12,7,8,9,11,6,13,12,11,6,15,11,8,4,5,8,16,10,24,10,24,15,15,7,14,9,9,17,13,10,21,21,31,23,14,15,22,18,11,5,6,6,9,9,7,11,10,8,14,8,13,7,13,6,7,9,8,6,7,7,15,7,13,10,4,4,7,6,4,5,9,8,6,7,7,5,4,3,3,4,9,12,10,5,6,5,5,6,11,8,11,8,12,11,13,9,21,18,17,9,14,]
227,1,8,with_set,0.01,1,1,201,13,loop_limit,[620,209,175,88,124,88,76,79,64,63,76,46,64,28,34,26,21,14,19,17,19,11,21,12,18,9,7,10,7,8,16,8,8,6,13,9,7,3,4,5,12,9,15,7,17,14,20,16,17,12,12,9,11,4,6,4,5,5,5,3,3,3,3,4,3,6,5,4,6,5,15,5,15,5,4,4,9,7,13,11,13,13,21,11,17,12,14,9,19,8,22,10,14,10,24,16,29,17,20,12,11,13,27,9,15,12,13,12,13,10,15,9,13,16,23,18,20,14,17,12,20,9,6,6,5,6,5,5,8,6,19,13,19,10,5,4,3,5,5,6,5,3,4,5,16,14,20,17,16,19,21,14,15,7,18,10,12,11,12,9,14,8,9,6,8,11,24,13,8,10,13,12,13,10,15,11,15,10,15,3,5,3,3,5,11,5,14,5,14,8,9,5,3,5,11,6,5,6,7,6,13,]
227,1,16,with_set,0.01,1,1,201,7,loop_limit,[620,350,237,107,104,58,70,28,31,16,22,16,21,14,17,8,10,12,19,10,11,8,10,9,12,8,13,9,8,9,13,7,11,9,6,5,4,5,8,7,12,9,9,10,6,8,12,10,9,7,12,8,9,6,8,8,14,9,15,8,7,4,3,4,6,6,11,10,12,7,14,8,11,8,10,7,11,14,19,13,21,12,16,11,24,13,20,12,14,10,13,11,12,3,11,13,11,7,12,6,11,10,14,13,20,12,9,8,11,6,10,9,10,9,18,6,5,3,10,5,16,8,10,9,11,8,8,5,11,6,13,9,12,13,17,17,30,14,18,8,14,17,21,17,29,14,24,16,22,14,18,12,13,11,9,10,9,7,24,19,9,9,11,11,13,6,3,4,3,4,6,8,9,8,7,7,16,10,20,10,9,8,14,16,19,10,20,11,19,17,18,8,19,12,20,17,23,10,11,9,7,]
228,1,1,with_set,0.01,1,1,201,22,loop_limit,[371,140,95,42,38,29,26,29,28,18,21,9,13,14,22,14,17,15,15,13,14,13,15,12,9,9,8,18,11,5,12,9,8,11,17,10,16,14,20,13,17,9,14,12,15,9,11,8,16,11,16,14,19,10,12,12,16,8,10,10,16,9,12,8,12,11,18,7,8,8,8,10,9,12,12,4,10,8,10,5,11,5,7,10,23,9,13,7,10,6,7,7,9,8,11,7,14,5,8,7,6,6,6,4,6,3,12,11,18,9,14,9,8,5,5,5,9,8,10,9,7,7,12,9,12,10,12,7,7,4,5,3,4,7,11,6,7,7,10,10,9,5,6,3,4,4,6,7,6,6,6,7,6,5,7,8,9,3,11,7,15,7,8,5,7,4,6,6,13,7,7,8,5,5,5,7,8,5,9,9,18,9,21,13,16,10,17,14,17,7,17,8,16,15,25,16,20,15,16,17,22,]
228,1,2,with_set,0.01,1,1,201,24,loop_limit,[371,135,97,47,42,21,26,12,26,12,13,8,10,12,15,15,20,13,17,7,7,3,11,7,9,5,11,5,13,13,14,8,6,4,6,5,11,6,6,6,8,6,13,11,22,16,15,9,24,14,25,17,27,15,15,16,27,20,19,11,22,16,24,17,21,22,30,25,27,18,20,21,16,10,12,10,15,13,17,13,15,10,12,12,10,9,17,8,14,17,18,11,7,9,10,7,10,9,15,9,20,5,8,10,7,3,6,3,6,9,12,8,9,8,18,9,14,10,14,10,8,8,10,9,12,12,14,14,14,9,10,7,13,10,15,6,11,8,17,14,23,15,24,15,12,9,14,8,14,4,9,7,10,8,10,7,11,8,17,10,25,15,12,13,19,16,28,15,15,11,18,15,18,14,14,8,12,17,16,8,12,7,8,7,14,12,19,10,16,11,13,16,14,10,14,12,5,7,15,13,24,]
228,1,4,with_set,0.01,1,1,201,11,loop_limit,[371,225,120,59,43,28,33,22,25,17,33,23,14,6,11,10,19,12,11,10,14,12,11,10,11,8,9,8,11,10,12,11,8,7,17,8,6,8,12,9,12,8,15,6,8,10,12,9,8,10,9,8,11,7,15,16,7,5,7,10,11,10,21,16,20,15,17,11,17,10,8,7,15,14,22,18,20,12,21,14,18,11,20,10,9,8,10,6,6,9,15,7,12,10,19,13,14,10,18,14,22,7,10,6,10,10,12,8,17,10,13,8,8,6,15,9,13,11,14,13,14,13,14,12,13,13,14,16,17,12,10,8,12,9,16,7,11,11,17,17,19,13,15,18,19,14,19,8,10,8,13,12,17,12,18,8,9,6,8,7,9,12,14,12,20,8,13,8,18,9,13,10,15,12,14,10,9,6,18,12,14,14,16,8,12,5,10,4,12,7,7,3,11,9,10,8,12,8,10,8,11,]
228,1,8,with_set,0.01,1,1,201,19,loop_limit,[371,122,80,23,38,20,11,9,5,6,9,10,8,12,15,12,19,13,16,13,16,10,14,8,11,7,13,7,7,7,11,14,15,19,15,16,21,13,18,11,23,15,19,9,14,4,9,8,9,6,7,8,13,6,7,8,14,10,16,20,32,19,20,14,25,16,21,12,20,17,22,13,19,12,17,10,18,15,18,13,13,16,11,10,16,6,12,14,17,8,15,11,8,8,11,7,10,6,18,12,15,8,7,7,10,17,14,7,18,11,15,8,21,13,19,11,12,9,10,8,15,13,13,10,14,16,15,6,12,9,12,7,19,10,13,12,15,11,21,16,16,8,19,13,13,12,19,15,14,9,15,15,21,13,12,15,15,12,9,6,6,5,6,11,11,9,11,11,9,3,12,11,11,11,18,9,15,9,5,5,10,7,7,4,11,10,11,13,17,11,13,8,17,15,15,14,15,9,13,11,19,]
228,1,16,with_set,0.01,1,1,201,8,loop_limit,[371,143,76,44,59,44,59,44,46,34,20,12,16,9,12,15,15,4,12,10,15,13,24,14,11,7,12,11,8,5,6,6,8,10,11,7,14,12,23,16,13,14,17,8,13,11,16,10,11,11,9,3,6,10,7,3,5,3,4,5,7,8,9,11,22,13,9,4,6,7,7,6,14,11,13,5,10,6,9,11,15,14,7,6,11,9,7,8,8,8,12,11,11,8,11,13,21,10,16,10,11,7,10,9,13,11,11,6,15,13,20,14,14,9,20,12,12,9,13,11,11,9,13,9,12,14,7,8,7,9,8,6,8,10,10,7,12,4,6,6,6,6,14,14,23,10,22,10,12,10,15,8,7,8,16,8,16,5,8,5,13,8,8,8,12,10,20,13,21,10,8,6,6,3,6,7,9,7,9,7,7,7,10,8,11,11,7,10,19,9,17,10,18,12,16,8,8,7,15,5,8,]
234,1,2,with_set,0.01,1,1,201,5,loop_limit,[185,32,16,7,8,4,4,6,6,4,4,6,4,6,6,6,7,6,6,3,4,3,3,4,6,3,3,3,3,4,4,3,4,3,3,3,5,5,4,3,5,3,3,3,4,4,6,3,6,5,5,5,6,5,5,4,6,4,5,4,4,3,3,4,7,7,4,6,6,4,6,14,6,6,6,5,3,4,6,4,4,3,3,4,7,5,6,3,6,7,6,10,7,6,4,5,3,4,7,3,6,6,6,6,4,4,5,4,3,4,3,4,6,6,7,5,9,7,7,4,3,5,4,4,3,5,6,3,4,4,4,4,7,3,3,3,3,3,4,4,6,14,8,5,9,6,3,4,6,5,4,4,6,5,6,4,7,9,4,5,4,4,3,3,3,3,5,5,4,3,3,4,4,3,3,4,4,5,7,6,6,3,3,4,4,4,7,4,3,4,3,3,3,5,4,3,6,5,8,5,5,]
234,1,16,with_set,0.01,1,1,201,3,loop_limit,[185,30,10,5,13,12,5,4,4,3,3,4,6,15,6,4,3,5,3,4,7,6,4,3,4,4,4,6,4,3,6,5,5,4,6,5,10,6,13,7,4,3,3,4,3,4,6,6,6,7,7,10,4,3,6,4,4,3,3,3,3,4,4,9,4,3,4,5,7,5,6,3,5,4,5,3,3,4,6,5,4,4,6,5,3,3,5,5,3,5,6,6,7,5,3,3,4,3,6,7,6,4,3,4,4,3,3,3,3,3,4,4,3,5,6,5,7,6,4,3,4,4,3,4,7,6,6,3,3,4,6,5,8,4,4,3,4,5,6,3,6,3,4,6,6,3,6,4,4,6,6,5,4,4,7,3,4,4,4,3,4,3,3,3,4,3,5,5,4,4,6,14,6,12,8,4,3,3,6,3,6,7,6,3,3,5,4,4,5,4,5,4,3,3,5,4,3,4,3,5,3,]
236,1,2,with_set,0.01,1,1,201,3,loop_limit,[470,257,237,163,97,81,61,45,39,36,26,30,19,36,19,24,17,16,10,26,14,19,10,12,3,6,7,18,16,15,7,14,9,15,8,14,4,8,5,12,7,9,5,9,6,11,8,8,3,5,2,3,1,4,1,5,3,8,5,9,7,13,4,10,8,9,4,8,4,8,5,14,7,7,3,8,5,6,6,9,5,5,2,5,1,3,2,5,3,8,3,4,3,6,8,4,5,4,2,7,6,8,4,6,4,9,1,5,1,3,5,7,6,5,2,3,1,7,6,7,3,6,3,4,1,3,1,4,3,5,2,7,2,4,2,7,5,6,4,7,5,11,9,16,11,18,8,14,9,14,6,14,16,20,19,20,13,19,12,14,10,13,9,15,8,6,9,16,4,13,5,10,7,14,11,14,10,20,17,26,17,28,20,17,5,6,3,9,4,12,6,10,5,12,4,7,6,13,10,14,3,]
236,1,16,with_set,0.01,1,1,201,5,loop_limit,[470,241,230,153,146,112,82,57,73,62,38,37,17,33,18,33,22,23,20,18,12,20,16,17,16,21,19,21,13,16,6,14,5,8,9,6,1,3,2,6,3,4,4,3,2,9,2,6,2,7,5,11,4,9,7,9,5,5,4,5,1,4,5,11,6,10,8,12,6,13,5,5,2,4,2,6,1,4,2,5,7,15,4,13,4,4,1,5,4,6,3,4,2,4,1,3,3,5,2,4,2,4,2,6,3,7,7,6,5,6,3,5,6,11,4,7,4,9,5,13,9,12,6,14,12,12,7,12,8,16,12,13,8,8,9,16,6,13,6,8,5,9,4,7,7,4,7,11,5,4,5,12,10,14,5,5,2,3,1,3,1,4,4,11,3,9,3,4,3,4,2,9,4,6,3,7,4,9,8,36,23,25,27,26,15,17,16,17,12,21,17,19,15,14,7,6,2,9,5,6,5,]
253,1,1,with_set,0.01,1,1,201,22,loop_limit,[572,312,206,136,104,80,66,52,46,46,25,27,24,17,12,14,9,10,10,9,10,15,22,24,24,28,31,28,20,22,19,17,21,29,35,21,23,26,36,29,36,28,21,28,38,33,35,27,27,33,29,31,29,24,35,33,35,37,15,19,20,19,26,27,35,23,34,31,37,38,29,22,22,14,15,18,15,18,12,17,22,20,19,21,23,30,18,17,17,20,22,19,18,14,11,10,7,11,18,22,24,13,10,14,10,18,17,10,13,17,19,25,21,19,31,24,31,20,21,34,31,39,43,41,43,30,34,24,25,22,26,27,29,41,27,30,44,44,56,33,22,23,29,25,28,23,15,25,16,24,19,20,23,26,16,14,12,14,10,9,12,19,14,26,16,15,12,11,21,14,15,23,15,16,17,34,21,28,21,17,19,33,36,36,34,47,30,24,23,23,21,26,22,23,28,21,21,22,23,22,22,]
253,1,1,with_set,0.05,5,5,201,25,loop_limit,[572,312,198,153,128,98,86,65,46,39,42,29,30,28,27,31,29,28,26,29,30,29,31,29,22,29,37,36,44,42,37,27,35,31,25,31,28,17,20,20,26,18,28,31,36,28,35,27,22,24,22,22,30,42,39,32,38,22,18,13,18,13,16,31,24,23,34,29,32,39,42,34,29,35,32,26,22,18,23,28,36,24,24,24,32,22,23,26,25,31,40,31,27,29,31,33,37,28,22,31,41,32,29,33,28,27,29,24,29,30,27,32,19,44,25,17,30,28,21,27,28,24,28,34,20,19,23,20,14,15,17,20,18,25,16,20,17,19,23,23,24,21,28,20,20,23,23,32,34,28,18,18,16,18,16,19,23,23,24,27,16,22,31,33,36,39,29,26,28,20,23,36,27,35,22,18,18,22,20,19,20,17,23,32,32,29,36,38,35,26,30,31,34,47,23,18,29,24,28,31,25,]
253,1,2,with_set,0.01,1,1,201,31,loop_limit,[572,298,219,161,186,137,97,77,65,60,64,72,77,62,36,35,36,31,25,30,30,26,26,25,27,28,40,44,52,33,34,32,29,31,36,29,26,27,19,36,20,18,24,23,27,23,24,20,18,15,22,20,14,18,31,28,13,12,14,12,15,14,15,13,16,14,21,26,27,24,23,17,18,22,26,25,29,25,16,16,19,25,24,19,20,24,32,35,34,30,35,26,31,32,32,25,28,21,25,33,36,23,20,14,24,22,33,32,26,25,26,28,32,28,30,31,24,21,18,19,27,45,46,38,33,35,45,36,52,50,50,37,39,36,32,25,32,28,27,34,28,26,27,25,30,25,29,30,22,11,14,12,15,13,13,16,13,17,17,25,33,30,20,22,34,25,24,24,23,28,34,31,34,53,41,47,57,52,65,45,31,23,41,37,39,27,19,29,30,38,31,42,38,51,57,31,23,20,20,32,31,]
253,1,2,with_set,0.05,5,5,201,28,loop_limit,[572,298,225,221,173,116,110,75,94,75,77,70,79,54,40,32,37,28,27,24,19,26,21,25,24,40,23,28,25,35,34,30,24,31,35,34,28,25,19,22,21,25,28,30,32,41,38,43,43,35,27,24,14,25,27,20,27,21,30,23,24,25,26,26,30,29,32,33,37,33,20,28,20,36,40,38,38,35,36,42,20,18,29,21,19,12,16,16,22,19,13,12,9,17,14,24,18,16,25,15,16,16,13,11,19,16,20,20,16,20,30,26,25,27,24,23,23,23,22,28,32,30,28,32,36,44,53,38,43,34,34,45,37,47,38,39,38,48,38,21,19,22,22,28,32,31,32,40,29,26,28,32,41,30,30,29,42,28,33,30,25,13,16,24,20,36,24,30,35,38,46,39,28,27,32,33,31,30,29,31,32,31,34,26,26,26,30,37,24,20,24,27,20,21,31,27,26,25,22,17,28,]
253,1,4,with_set,0.01,1,1,201,38,loop_limit,[572,298,210,143,98,130,104,105,64,57,51,47,55,49,42,37,48,35,40,40,52,29,31,28,38,27,40,32,39,31,42,28,35,28,31,21,22,18,24,19,19,13,11,13,19,32,38,41,43,32,30,26,35,35,35,22,17,20,20,23,15,16,11,12,8,12,15,18,10,13,19,15,16,16,15,18,12,17,18,12,11,10,19,27,40,26,17,20,18,12,15,20,18,13,16,16,30,32,33,27,29,21,30,32,36,31,36,31,29,28,34,32,25,23,25,14,23,26,24,32,28,40,41,30,46,34,36,36,31,30,26,21,29,36,30,30,31,37,31,34,21,30,28,21,43,26,26,36,24,26,35,36,26,28,25,22,29,30,19,23,20,24,24,18,30,27,32,27,37,32,31,29,34,37,38,42,41,39,37,29,33,37,37,38,42,45,45,37,38,57,41,29,31,30,27,33,34,36,37,41,38,]
253,1,4,with_set,0.05,5,5,201,41,loop_limit,[572,312,194,151,92,113,105,95,68,69,75,70,52,58,50,26,31,38,45,34,31,29,34,41,39,36,28,36,39,52,40,40,41,48,52,54,35,36,30,22,26,29,19,15,18,16,14,16,9,15,20,19,20,19,35,19,18,23,21,30,21,18,27,30,24,24,21,22,16,23,26,22,25,28,35,43,37,40,37,28,31,40,20,11,14,13,18,23,29,22,26,30,38,34,38,30,25,36,36,26,30,24,27,23,23,19,27,26,24,20,23,29,23,27,24,24,37,28,20,20,25,21,19,21,19,22,19,31,19,32,19,13,18,12,16,20,23,38,26,29,25,20,19,35,19,16,13,9,18,18,22,20,19,28,20,24,23,15,12,13,22,27,25,30,18,21,24,25,23,28,22,19,14,18,13,18,19,21,29,25,25,18,21,26,24,22,33,24,33,33,24,25,30,31,33,35,36,41,49,44,41,]
253,1,8,with_set,0.01,1,1,201,39,loop_limit,[572,428,256,182,152,116,69,77,68,44,29,29,25,23,32,24,23,25,24,25,32,30,30,26,29,35,29,32,37,33,20,23,30,26,24,40,28,39,28,42,28,35,29,34,34,35,34,48,30,20,23,23,22,25,28,21,20,27,28,19,26,18,10,20,19,21,18,31,25,39,37,40,41,29,36,29,36,38,33,44,31,27,27,21,20,17,21,25,20,19,30,20,15,23,39,27,29,31,19,27,22,21,27,21,14,16,18,34,15,18,23,43,35,33,26,26,27,34,38,51,42,33,33,24,24,22,28,22,31,25,25,24,19,22,14,20,19,18,17,18,21,35,50,23,30,24,22,21,19,20,28,24,26,19,24,41,29,25,29,28,25,22,23,32,26,29,22,29,26,18,28,24,29,28,34,39,23,25,28,36,26,27,24,34,31,34,39,37,34,26,29,24,32,31,23,21,16,22,32,26,39,]
253,1,8,with_set,0.05,5,5,201,47,loop_limit,[572,298,236,169,123,117,139,103,97,77,74,60,65,51,51,56,38,31,36,35,27,23,21,19,22,26,23,18,20,28,34,39,30,30,28,37,28,35,42,46,52,41,42,35,34,25,27,15,19,17,16,19,14,21,22,24,18,27,21,26,33,38,32,40,39,45,39,34,40,37,29,38,37,31,33,23,23,20,18,21,23,32,33,40,49,51,52,49,45,49,46,28,39,24,30,35,29,44,41,44,41,27,29,18,27,26,27,36,32,35,35,28,25,16,20,25,18,23,22,27,22,15,29,18,26,29,39,34,22,22,19,16,16,21,23,18,12,15,20,23,34,25,28,21,28,27,32,29,34,29,35,29,33,44,44,22,38,26,21,17,18,18,21,19,26,23,25,25,22,15,17,20,17,21,21,25,11,16,22,24,20,32,34,43,30,30,33,33,27,26,35,39,34,35,31,37,32,30,36,37,47,]
253,1,16,with_set,0.01,1,1,201,31,loop_limit,[572,311,252,172,118,80,106,95,99,95,80,77,54,45,35,29,30,25,30,27,25,18,20,26,16,14,29,19,17,24,22,24,21,24,33,28,27,26,21,21,23,25,24,38,24,25,24,38,44,43,44,52,38,39,34,34,29,32,27,28,17,23,19,20,29,31,24,21,19,18,18,25,24,22,22,23,17,16,13,17,20,16,27,24,20,22,24,18,19,25,24,24,28,23,30,25,20,22,21,21,19,22,20,19,20,23,26,26,30,24,32,26,37,42,53,43,43,50,43,41,47,46,42,47,37,28,25,30,32,49,45,46,52,39,31,21,21,12,14,23,31,40,40,43,38,27,32,24,14,23,30,26,18,26,31,23,30,29,29,35,46,49,36,61,37,31,24,20,21,25,21,20,19,14,14,12,17,23,20,30,23,40,33,29,26,36,24,30,39,21,26,37,32,30,37,30,35,35,36,25,31,]
253,1,16,with_set,0.05,5,5,201,25,loop_limit,[572,425,341,487,361,189,150,153,150,115,90,67,68,52,56,60,59,50,49,36,39,35,35,32,34,33,32,51,55,38,43,53,36,50,31,37,23,30,21,39,27,30,29,30,31,30,25,34,29,31,33,34,38,42,31,24,23,19,14,15,11,9,9,11,9,8,11,15,21,18,22,23,22,17,23,25,25,25,17,16,19,22,25,18,20,19,19,23,26,26,23,26,29,32,29,40,28,30,37,35,44,50,55,39,43,34,34,34,36,27,32,56,50,35,35,31,37,33,29,37,62,56,52,35,32,24,23,23,30,29,30,29,23,22,23,18,26,18,24,32,37,36,30,31,20,19,16,11,19,21,21,23,20,29,20,20,24,26,32,32,29,24,29,32,28,33,26,22,18,26,24,30,19,24,27,23,26,24,27,28,30,34,61,52,43,39,27,18,24,40,28,19,25,20,16,17,19,26,20,18,25,]
253,1,16,with_set,0.1,11,11,201,32,loop_limit,[572,311,314,212,167,119,111,103,92,54,49,51,51,42,44,33,30,20,41,30,25,29,20,52,30,29,39,27,50,37,43,38,37,62,77,68,53,65,51,42,49,57,41,45,41,53,44,43,43,42,44,60,60,35,31,27,27,33,33,35,43,51,43,45,56,32,34,39,40,30,37,32,37,44,117,76,77,70,72,70,66,39,34,36,36,46,27,42,34,45,40,46,43,49,45,53,42,36,45,51,49,36,38,41,37,30,37,24,26,43,42,44,33,22,36,22,28,27,16,27,22,30,34,31,30,36,33,19,22,14,18,18,20,25,20,25,19,16,16,16,15,14,15,16,13,18,22,19,16,18,22,26,29,26,26,29,31,22,37,35,35,33,31,22,18,14,17,13,20,16,27,18,24,28,21,26,29,31,22,24,23,33,25,22,26,35,36,33,76,62,46,38,37,30,23,27,29,23,31,30,32,]
259,1,1,with_set,0.01,1,1,201,293,loop_limit,[761,507,465,408,391,361,401,361,367,359,331,345,345,317,334,294,351,325,332,338,345,317,319,288,292,318,329,316,340,286,305,329,340,329,353,309,317,296,302,285,351,310,334,332,335,299,311,287,326,316,313,314,333,306,304,293,331,317,321,338,321,310,308,305,327,289,321,313,328,308,324,333,340,314,315,295,316,296,346,334,327,316,367,338,343,300,342,328,322,282,295,295,320,291,334,301,300,282,324,329,343,319,339,348,335,326,339,326,326,319,312,312,318,318,304,297,304,276,284,271,281,255,263,305,315,326,328,307,341,307,341,301,319,288,304,297,329,303,290,283,327,341,333,305,284,276,272,243,274,251,279,261,282,265,297,287,334,295,269,253,296,291,304,277,295,274,284,288,284,303,307,279,301,259,275,286,299,279,293,286,267,284,307,293,308,308,299,283,318,261,296,299,277,269,291,313,314,289,330,309,293,]
259,1,1,with_set,0.05,5,5,201,323,loop_limit,[761,511,519,426,426,423,386,359,361,320,328,305,318,297,319,297,278,315,278,282,312,272,295,291,303,298,326,316,329,325,352,287,305,279,317,310,355,326,363,303,318,306,331,333,347,329,320,325,325,331,323,302,283,294,304,301,318,315,307,330,315,289,304,275,292,302,323,287,303,275,315,309,340,299,327,279,320,302,343,300,334,336,307,291,303,281,308,303,292,280,273,315,295,286,313,330,339,309,352,353,331,350,365,321,314,291,302,284,312,309,325,305,313,317,332,322,322,296,312,289,290,304,300,291,292,296,305,323,305,288,301,256,280,300,295,277,291,270,296,261,299,273,300,334,307,334,304,285,318,285,310,276,282,265,291,276,267,289,268,263,295,270,254,231,271,290,297,279,286,266,287,279,299,304,349,314,314,312,319,292,308,251,271,258,314,289,306,290,286,289,306,299,300,292,305,262,296,289,289,319,323,]
259,1,1,with_set,0.1,11,11,201,320,loop_limit,[761,545,482,406,407,370,367,333,330,293,317,307,300,327,346,292,326,344,371,356,346,324,378,367,387,341,336,320,321,322,317,303,321,274,299,311,386,318,334,353,353,324,327,300,340,337,339,317,322,296,304,309,338,335,324,274,313,322,372,342,341,358,334,294,331,329,372,330,354,346,354,346,352,330,365,289,302,268,305,289,313,331,359,340,347,299,330,345,358,332,337,291,328,315,338,341,317,276,350,314,308,309,305,310,319,274,295,309,300,288,291,269,295,292,298,327,349,321,327,315,302,326,329,321,325,288,328,293,304,322,331,283,308,339,336,298,305,317,326,318,339,337,348,322,314,268,318,329,338,291,305,314,299,267,329,322,355,322,323,339,323,309,321,309,309,298,336,328,307,302,298,340,343,327,324,279,304,300,314,337,334,320,359,351,346,334,321,287,311,297,322,274,282,283,288,270,320,293,340,331,320,]
259,1,1,with_set,0.25,28,28,201,320,loop_limit,[761,513,438,374,368,330,329,341,347,295,310,280,318,329,346,297,336,320,301,279,290,281,310,290,307,323,337,327,361,337,351,312,308,285,297,300,301,342,349,329,343,310,324,301,348,357,364,315,342,310,310,325,311,339,327,317,303,321,320,328,334,315,360,370,357,325,321,290,310,304,307,264,267,271,286,262,301,284,283,307,283,261,271,281,278,301,332,323,313,301,300,289,327,326,339,332,339,313,330,303,315,293,288,311,325,309,319,298,307,327,345,290,296,323,328,307,317,310,317,309,335,338,349,303,381,382,369,341,344,305,307,303,351,303,340,353,324,343,324,316,322,361,350,301,310,293,306,281,295,301,306,333,323,305,288,323,319,286,296,312,297,320,334,293,335,297,305,324,340,304,310,332,331,321,316,270,292,300,322,285,271,250,276,240,245,247,270,258,262,273,309,323,346,305,328,345,322,300,290,305,320,]
259,1,2,with_set,0.01,1,1,201,287,loop_limit,[761,507,453,386,379,331,383,367,315,355,331,316,350,307,314,346,356,331,352,326,316,331,321,347,328,303,328,296,304,312,336,320,339,305,318,289,301,300,347,329,338,302,309,289,286,282,283,261,292,273,288,267,280,281,298,313,295,292,325,301,301,287,309,292,325,305,334,323,319,320,319,344,340,292,316,322,336,315,331,304,297,313,326,305,355,386,357,368,350,334,347,330,377,312,323,319,316,317,317,329,335,315,359,316,317,330,319,303,300,289,287,287,347,352,346,328,360,323,397,324,330,306,317,327,325,306,364,332,347,313,322,307,300,286,280,274,284,308,284,251,285,301,319,291,316,322,313,286,332,290,308,280,288,311,310,298,301,334,314,294,292,265,293,337,350,318,317,281,296,285,296,264,308,278,298,284,320,279,300,268,290,286,328,313,316,283,306,314,290,313,331,277,299,298,314,320,336,314,333,288,287,]
259,1,2,with_set,0.05,5,5,201,300,loop_limit,[761,513,438,382,420,408,371,417,371,331,351,334,335,297,322,295,302,302,287,293,329,286,313,288,294,285,269,298,291,283,285,291,290,279,296,275,285,325,355,328,372,348,355,310,371,307,297,270,298,305,293,321,324,339,340,301,313,289,314,288,316,291,319,325,307,329,304,317,335,306,345,325,324,333,340,310,324,291,301,276,293,299,318,280,299,295,299,240,286,270,282,289,287,318,315,287,287,306,318,301,309,302,317,287,277,278,284,290,278,280,297,295,293,266,290,265,290,283,304,298,308,274,330,326,346,326,330,303,317,331,352,345,310,286,333,284,335,295,298,343,333,282,338,318,309,273,279,285,295,291,285,293,277,298,291,262,294,258,273,268,271,277,315,282,299,279,310,313,316,309,316,308,287,270,279,271,288,299,329,341,323,307,284,287,307,310,307,292,345,335,334,295,308,312,322,284,323,333,305,275,300,]
259,1,2,with_set,0.1,11,11,201,325,loop_limit,[761,490,444,366,359,375,375,339,350,310,333,315,319,307,325,306,326,294,318,334,348,328,308,279,310,300,355,306,300,295,351,351,338,309,311,310,324,265,286,278,296,284,314,307,307,285,312,288,300,281,286,284,270,274,275,283,277,281,277,255,270,322,303,326,318,309,301,302,302,296,298,319,340,312,339,316,312,325,339,315,288,301,312,304,295,282,305,286,291,265,282,300,282,245,248,283,286,276,324,274,263,273,291,322,326,299,313,321,339,304,288,285,303,304,291,268,278,249,266,250,284,281,304,237,271,254,266,280,282,296,308,267,294,300,297,320,337,311,318,326,322,322,309,308,304,291,310,290,292,245,288,310,313,280,304,288,283,289,308,282,311,281,305,307,306,288,282,262,261,241,269,273,282,266,322,298,309,301,308,285,279,265,295,279,273,269,325,330,309,313,309,257,278,266,282,253,284,295,308,280,325,]
259,1,2,with_set,0.25,28,28,201,313,loop_limit,[761,545,467,377,369,380,363,347,332,352,352,325,382,325,343,357,361,325,322,315,367,331,344,317,305,299,320,305,306,315,313,315,307,287,314,298,298,275,289,305,301,274,272,298,269,295,289,274,293,263,270,261,293,268,285,254,273,259,261,264,280,268,309,297,304,254,262,273,305,286,301,271,278,275,336,312,303,299,318,332,337,320,318,281,345,281,294,325,321,293,303,299,342,312,330,312,309,313,313,296,310,337,302,288,294,318,334,299,309,313,360,322,318,291,308,289,288,306,333,361,355,329,338,370,358,297,336,315,317,311,299,286,322,319,297,272,287,277,282,276,290,269,301,280,273,274,284,283,280,277,300,275,329,275,287,295,300,260,290,286,278,254,258,290,258,259,283,309,312,293,306,286,264,275,281,273,302,305,301,272,315,301,340,311,359,324,308,312,299,308,326,308,357,300,308,305,298,281,288,289,313,]
259,1,4,with_set,0.01,1,1,201,331,loop_limit,[761,545,546,416,367,572,472,404,400,359,429,358,330,332,353,343,490,430,627,642,515,466,403,368,363,412,466,366,377,424,432,350,417,385,356,413,390,400,375,359,350,363,377,345,350,393,357,324,344,309,312,298,322,384,352,367,437,369,344,349,351,344,339,310,328,310,324,326,543,412,383,365,357,337,345,320,350,355,357,409,390,387,384,369,366,347,364,347,333,317,474,384,375,393,418,352,418,372,335,309,324,448,417,338,390,455,394,358,370,504,439,374,368,488,559,417,472,554,560,464,612,644,507,416,416,372,383,353,361,310,338,477,450,501,422,404,379,355,416,367,434,380,562,492,633,458,392,379,375,322,337,315,320,312,327,483,436,432,392,398,371,328,377,366,359,428,379,366,366,312,341,312,391,386,363,375,433,366,360,519,502,403,406,498,467,400,391,389,361,340,361,330,542,423,402,359,369,321,343,325,331,]
259,1,4,with_set,0.05,5,5,201,303,loop_limit,[761,490,448,395,400,345,382,550,490,605,518,523,485,381,374,338,338,311,358,326,324,302,318,315,323,330,332,332,378,337,338,363,387,359,352,395,389,437,467,402,366,489,428,440,412,542,453,441,486,394,382,364,344,349,378,376,363,310,573,422,393,351,353,330,342,328,322,322,398,352,520,430,420,373,388,341,345,319,312,363,439,373,366,332,372,514,644,477,520,393,396,381,407,370,572,453,434,390,393,419,402,380,572,440,414,357,357,364,364,340,374,343,351,349,354,488,414,392,479,373,367,344,345,324,393,341,386,512,454,397,384,407,371,359,366,328,329,355,341,310,399,344,367,360,367,369,357,306,310,289,327,311,325,356,329,319,323,361,339,317,316,340,371,332,333,304,301,474,412,374,572,542,465,585,462,386,396,360,380,349,342,424,580,436,402,389,371,336,349,346,324,293,315,288,295,282,273,293,293,278,303,]
259,1,4,with_set,0.1,11,11,201,419,loop_limit,[761,537,456,377,367,392,381,354,344,307,356,369,452,380,362,357,340,299,309,307,455,391,354,374,384,364,390,372,375,396,359,368,327,322,309,317,306,268,301,294,358,325,320,298,293,333,359,415,377,340,356,471,406,396,362,389,356,381,349,325,317,322,529,425,400,405,373,307,322,349,426,398,415,345,371,351,352,506,473,420,413,358,330,325,354,335,338,274,294,312,466,354,361,375,361,404,384,397,384,353,404,359,437,371,368,344,408,350,371,477,400,370,357,329,331,342,330,301,504,437,463,384,366,311,343,342,327,319,331,269,306,290,302,265,342,327,354,315,330,471,431,373,366,417,425,375,367,312,365,327,328,319,325,298,335,321,478,371,428,345,361,329,331,310,314,301,297,275,278,326,325,310,320,346,354,329,322,305,302,320,312,304,320,330,320,305,289,355,337,346,329,334,358,361,433,514,429,375,355,349,419,]
259,1,4,with_set,0.25,28,28,201,371,loop_limit,[761,512,546,468,422,343,349,314,321,299,331,394,413,346,344,293,313,287,292,291,311,333,396,355,324,293,311,284,284,268,309,279,314,306,315,295,303,341,349,340,387,351,357,367,376,378,376,492,437,431,389,406,395,332,348,340,357,324,313,289,308,308,319,475,408,441,404,338,360,331,336,347,332,357,527,418,394,351,365,329,314,339,339,297,320,365,343,316,343,357,343,292,319,365,374,383,375,342,347,314,356,303,301,260,277,233,253,264,270,268,433,397,366,427,402,461,423,538,434,583,489,388,596,437,424,399,387,347,355,311,321,295,305,318,392,304,300,287,325,318,325,328,365,328,333,322,340,305,394,328,354,317,344,324,326,339,351,332,368,326,353,387,425,380,377,475,412,353,359,360,322,320,306,288,331,288,372,318,384,326,332,310,328,318,367,326,528,468,408,372,367,335,377,368,360,310,495,385,384,384,371,]
259,1,8,with_set,0.01,1,1,201,355,loop_limit,[761,545,479,439,414,404,391,407,365,332,325,287,288,344,354,324,338,281,279,288,336,313,330,319,345,420,398,386,371,341,673,452,436,399,398,419,421,408,433,395,390,463,416,372,516,445,413,378,394,380,351,352,343,298,309,364,377,334,345,297,375,383,371,336,334,339,338,304,319,310,336,307,300,277,324,309,311,318,308,286,301,269,307,301,310,273,379,346,397,353,476,376,364,539,459,382,390,370,361,304,357,330,390,356,352,319,339,311,316,313,543,425,407,369,348,330,335,308,331,283,294,275,393,324,352,324,357,399,385,347,327,294,357,344,350,327,352,356,360,350,357,315,342,307,642,504,464,407,382,384,372,324,322,308,316,295,315,295,308,312,308,290,313,290,417,359,691,478,439,398,657,507,446,371,376,351,370,313,447,360,449,363,375,340,365,371,373,385,375,344,329,287,317,338,333,372,350,340,354,332,355,]
259,1,8,with_set,0.05,5,5,201,325,loop_limit,[761,512,466,407,416,356,372,329,459,395,381,386,720,528,464,380,386,344,352,343,369,331,352,317,319,301,329,305,320,318,323,318,315,333,304,304,322,308,316,334,327,323,325,341,362,328,622,496,447,385,352,315,341,597,497,461,440,413,389,342,564,480,495,418,700,511,445,399,435,409,480,411,409,417,410,366,350,336,342,455,442,375,455,381,377,359,349,325,319,328,329,396,373,499,455,378,361,354,351,312,352,349,600,453,407,347,398,401,466,385,377,323,307,536,461,566,461,664,499,443,407,365,359,359,365,363,334,293,333,320,318,304,443,350,342,316,316,287,292,315,338,374,363,612,517,410,400,353,635,473,433,366,358,344,352,600,656,468,426,554,464,460,408,346,368,418,411,378,357,324,355,349,353,355,340,317,355,313,331,292,315,288,305,297,314,335,342,332,348,333,336,358,343,337,346,323,324,307,310,327,325,]
259,1,8,with_set,0.1,11,11,201,354,loop_limit,[761,490,450,563,488,412,516,414,566,453,421,393,373,327,339,332,451,364,373,348,339,290,291,270,292,275,309,285,588,457,422,369,378,328,330,308,603,461,428,408,406,370,356,351,356,313,311,307,319,297,307,316,330,294,299,378,409,351,371,359,351,321,321,287,317,286,295,303,315,307,317,340,323,349,356,327,346,370,346,324,597,456,422,381,389,358,531,429,398,360,373,602,509,402,387,342,402,342,333,342,330,311,332,315,329,307,291,295,327,285,300,257,305,312,622,457,690,486,433,361,351,451,391,597,483,646,512,553,469,368,369,482,419,457,418,333,677,504,516,440,420,386,336,355,346,367,365,336,386,314,594,619,504,587,481,406,489,378,367,418,401,348,444,381,631,522,447,418,383,318,604,457,409,341,347,340,342,330,414,352,472,382,392,357,347,353,351,575,485,382,370,352,337,522,463,422,404,353,399,347,354,]
259,1,8,with_set,0.25,28,28,201,370,loop_limit,[761,712,715,674,684,468,435,372,354,310,334,613,500,414,439,368,471,397,377,457,409,399,376,329,564,476,474,395,379,336,361,310,340,339,344,318,349,335,317,308,371,341,353,315,327,353,356,312,334,297,333,348,631,462,418,357,368,338,347,323,445,406,414,331,343,303,312,277,358,323,336,323,559,476,491,393,378,328,323,296,322,304,312,296,353,372,384,372,490,388,395,381,412,386,364,292,312,309,329,317,331,318,349,347,364,347,344,342,343,350,343,336,343,315,316,318,340,309,689,516,469,670,528,460,487,422,419,356,360,319,306,339,348,309,546,471,418,397,354,320,329,346,329,302,316,430,416,352,365,373,334,335,361,303,337,308,337,284,280,291,315,273,285,562,476,388,383,363,360,338,491,500,436,377,369,343,332,344,329,546,454,381,593,462,467,430,393,357,350,357,376,474,426,387,368,615,685,447,422,384,370,]
259,1,16,with_set,0.01,1,1,201,337,loop_limit,[761,720,546,447,390,436,407,340,345,314,310,312,692,463,533,422,404,324,313,314,336,330,383,341,352,353,358,324,337,312,569,429,407,343,331,309,309,634,663,528,584,462,414,406,383,692,511,411,453,431,433,386,434,377,423,384,369,337,363,348,368,341,348,322,342,334,351,356,348,320,292,626,507,430,741,481,436,361,370,374,713,500,460,450,404,381,546,416,733,720,519,454,409,367,761,513,446,367,694,648,761,512,470,466,428,357,381,628,761,511,464,488,425,375,360,316,313,295,329,324,336,346,372,376,351,618,722,720,546,447,399,400,391,348,370,360,330,318,329,704,536,438,401,392,394,361,711,499,522,720,682,720,519,516,754,720,557,470,430,432,690,532,440,393,395,346,361,613,501,395,685,500,453,686,507,438,395,392,397,353,367,327,382,372,376,341,325,564,430,369,385,404,408,366,345,313,318,281,316,323,337,]
259,1,16,with_set,0.05,5,5,201,337,loop_limit,[761,524,453,436,401,346,344,341,327,371,670,467,453,445,458,362,761,507,453,363,379,337,355,350,379,371,374,347,345,339,328,310,356,318,311,276,301,267,274,480,398,357,348,347,348,333,327,347,357,367,359,327,371,362,376,320,323,639,514,405,388,331,337,309,332,327,386,360,351,313,323,292,306,284,316,316,348,361,351,331,751,495,454,419,491,413,381,382,405,346,343,347,353,328,357,369,360,331,345,318,330,338,343,346,370,354,329,349,329,349,335,398,335,322,346,297,311,276,313,325,320,573,761,519,761,660,761,657,695,520,444,358,602,720,696,490,522,507,742,508,457,394,368,701,542,435,416,382,374,351,341,668,534,588,678,499,420,456,426,369,390,371,343,329,347,342,733,497,449,383,379,380,411,370,345,363,362,388,353,630,621,720,537,439,500,422,422,430,416,414,392,315,665,599,508,424,401,420,401,347,337,]
259,1,16,with_set,0.1,11,11,201,418,loop_limit,[761,502,453,397,388,344,349,681,536,426,757,519,761,552,546,421,747,505,461,457,440,471,427,405,424,369,374,386,761,720,519,527,606,461,425,359,352,311,634,708,553,489,753,488,455,387,374,634,517,435,386,391,386,435,750,654,511,703,678,504,754,683,539,442,468,392,394,326,688,461,418,394,372,609,761,515,467,478,550,715,542,720,550,512,761,507,461,360,682,484,525,691,547,432,411,374,420,356,348,348,741,505,455,404,430,412,413,366,420,387,343,325,348,373,352,326,347,397,379,327,338,352,338,311,333,323,342,332,342,314,346,671,672,619,761,511,581,446,429,369,368,328,344,635,496,523,445,382,364,319,320,620,526,415,409,397,727,499,753,720,519,414,404,347,747,659,500,406,503,407,393,366,376,330,413,372,371,379,344,315,337,344,334,323,333,303,320,306,358,334,343,293,310,299,359,321,325,309,630,461,418,]
259,1,16,with_set,0.25,28,28,201,351,loop_limit,[761,507,519,455,410,382,380,337,358,343,354,295,323,314,379,350,365,291,324,358,351,365,369,334,345,318,329,302,308,603,505,720,538,432,502,398,401,360,359,348,429,352,369,357,643,473,438,407,745,544,452,375,435,359,340,376,396,679,537,433,399,373,401,703,540,413,384,331,368,333,391,633,519,419,394,670,752,515,462,436,416,400,389,354,335,313,320,308,312,319,316,319,325,680,523,412,403,317,321,297,314,286,306,289,293,288,291,286,329,286,723,481,449,491,444,467,444,381,647,474,583,414,401,351,365,368,708,498,448,380,417,391,433,407,367,332,346,350,326,348,630,514,436,437,408,344,359,390,398,351,392,391,743,507,761,545,479,391,391,392,388,343,408,397,377,420,485,462,458,671,511,543,478,405,404,337,366,353,372,302,318,347,364,342,309,332,361,335,316,665,651,462,528,433,392,402,378,346,355,349,351,]
259,2,1,with_set,0.01,2,2,201,12,loop_limit,[761,357,210,117,93,85,71,85,69,38,27,22,29,25,17,18,25,20,24,19,22,15,27,24,22,20,21,16,20,20,27,18,21,16,15,11,13,23,32,36,42,31,25,19,28,30,20,17,13,15,16,13,13,11,9,17,20,19,26,18,22,23,28,21,22,8,14,10,9,8,11,14,16,19,23,21,23,22,18,14,20,15,20,18,15,20,21,16,26,26,29,27,39,18,18,22,24,24,22,21,17,20,25,26,20,24,19,39,41,27,20,17,20,25,22,30,37,38,33,30,37,27,25,22,35,25,36,22,14,12,21,20,22,31,19,31,19,20,27,21,14,16,22,21,22,11,19,21,22,31,34,26,38,28,23,23,18,17,18,31,32,21,21,24,27,20,26,17,28,35,24,21,30,30,37,42,49,30,29,23,16,18,23,16,14,15,20,13,25,20,30,30,24,21,30,24,33,28,22,19,12,]
259,2,2,with_set,0.01,2,2,201,29,loop_limit,[761,357,202,125,111,56,39,37,29,22,28,22,17,18,17,14,19,19,16,7,9,16,17,21,31,22,22,14,23,17,20,14,26,20,33,34,32,27,27,33,29,24,23,19,24,24,30,26,30,23,21,22,10,12,19,15,23,17,31,22,28,23,34,34,25,25,23,18,20,20,25,20,33,23,20,28,23,37,28,34,37,31,35,39,29,26,25,18,19,17,23,25,26,22,24,19,25,28,19,19,26,22,32,25,31,20,11,18,23,23,23,28,35,33,30,31,36,19,14,13,19,12,9,11,10,13,23,16,16,12,10,10,7,13,21,21,25,26,26,32,41,25,25,23,26,29,22,19,25,19,29,22,34,26,25,16,15,12,15,19,28,16,12,16,12,19,39,38,32,21,20,23,24,31,22,24,21,15,16,14,18,17,21,17,25,27,28,28,25,25,35,20,28,25,27,22,28,24,26,23,29,]
259,2,4,with_set,0.01,2,2,201,18,loop_limit,[761,439,264,146,75,46,54,48,30,25,28,35,37,29,22,24,23,21,15,16,21,28,18,17,10,15,15,13,17,21,22,25,32,27,19,25,34,26,16,16,17,22,30,31,22,22,34,31,41,30,31,23,14,25,14,16,22,15,12,15,21,20,31,23,25,26,23,18,23,21,22,12,11,8,15,10,9,14,14,20,14,23,30,34,40,35,29,23,32,27,31,24,28,24,22,19,24,21,18,29,18,13,12,9,14,10,15,21,21,20,27,30,30,23,20,29,16,20,21,22,24,23,14,17,16,20,17,8,13,15,23,23,33,21,38,33,34,19,24,26,41,26,28,26,31,18,20,22,34,28,25,17,11,17,22,21,22,17,18,21,14,18,22,27,33,26,27,25,36,30,26,37,34,41,48,28,28,17,23,19,16,10,8,13,10,10,15,20,31,18,24,18,16,11,11,24,34,32,32,29,18,]
259,2,8,with_set,0.01,2,2,201,34,loop_limit,[761,324,212,114,64,80,63,77,47,35,37,41,37,32,27,18,22,21,30,29,24,27,30,24,21,17,11,14,23,21,28,25,18,21,28,35,31,25,30,21,18,12,21,27,25,17,21,19,21,20,14,15,17,13,21,17,21,11,22,16,25,23,33,33,32,23,34,24,25,32,20,13,22,22,37,22,30,27,23,25,24,16,17,26,30,31,11,12,12,10,9,17,22,19,22,26,20,22,32,39,23,20,17,10,15,15,23,21,30,22,32,28,25,24,29,37,30,23,25,29,14,30,41,41,33,37,32,31,23,39,21,20,27,23,18,15,16,18,16,23,21,19,36,24,21,20,29,24,25,23,29,29,37,20,25,19,21,21,14,20,24,25,19,21,30,26,25,22,30,24,22,23,28,21,27,33,24,19,14,15,13,20,19,24,30,22,30,22,19,16,28,32,33,23,23,20,28,28,27,35,34,]
259,2,16,with_set,0.01,2,2,201,38,loop_limit,[761,332,224,134,162,98,64,47,66,49,58,40,40,34,37,43,36,43,29,24,30,26,21,19,19,21,26,21,30,19,11,6,7,8,6,13,16,18,21,21,17,24,16,14,13,15,14,20,27,18,19,19,19,12,14,7,16,20,31,24,14,26,23,20,12,16,9,21,9,14,23,14,17,17,26,28,24,24,20,17,25,22,33,26,33,32,41,27,40,23,25,44,41,25,35,25,29,31,33,21,16,21,21,24,17,13,21,14,22,22,14,17,33,21,23,27,17,12,20,18,29,20,27,29,28,31,27,16,18,25,30,26,26,20,24,23,18,24,32,29,39,34,43,34,32,21,24,24,29,24,32,24,36,21,30,28,29,34,28,21,31,26,30,37,43,48,29,24,27,17,22,29,17,29,24,25,19,23,32,22,18,21,30,20,20,29,41,42,32,32,31,34,27,29,41,21,33,30,21,30,38,]
259,4,1,with_set,0.01,4,4,201,12,loop_limit,[761,214,213,69,23,11,17,12,11,9,8,12,5,6,4,5,8,8,12,8,7,10,12,6,4,11,8,11,9,13,6,6,4,7,4,4,8,11,12,12,10,7,13,7,9,9,9,6,9,7,4,6,9,4,4,6,4,4,9,4,8,13,6,7,6,9,4,9,4,4,6,6,4,11,4,9,5,7,4,11,6,5,4,7,10,12,10,10,11,6,9,8,10,7,7,14,12,13,10,11,10,9,12,6,5,5,6,12,5,4,8,11,4,6,8,13,6,7,6,5,9,10,8,14,11,11,6,7,10,12,5,7,10,10,7,5,4,7,10,12,9,7,9,7,15,11,4,5,6,12,8,13,9,7,9,6,6,7,5,6,9,8,9,7,11,10,11,7,10,9,4,7,10,12,11,9,6,7,4,6,5,6,4,6,8,8,10,9,9,11,10,4,9,6,5,6,5,4,9,7,12,]
259,4,2,with_set,0.01,4,4,201,6,loop_limit,[761,192,50,23,14,20,18,15,10,8,8,6,6,7,9,8,8,9,8,10,6,9,10,7,4,5,6,12,12,11,11,10,11,9,14,12,7,7,9,6,4,4,6,5,5,8,10,7,6,5,4,5,6,9,9,14,6,11,9,11,8,11,7,10,12,10,12,16,11,8,10,6,8,11,8,7,6,5,6,11,6,7,10,13,12,13,12,7,7,8,10,7,5,8,4,7,6,9,4,5,4,11,9,8,5,6,9,8,6,5,6,11,9,9,9,11,9,9,9,11,10,6,9,4,9,4,8,10,6,12,6,5,9,8,10,13,6,6,7,8,7,8,13,12,11,5,4,4,4,7,6,10,10,7,8,7,4,9,6,7,9,11,12,12,10,7,5,4,8,5,4,7,6,5,8,6,8,6,4,7,9,4,4,5,6,6,4,7,10,11,9,9,4,9,10,6,5,7,6,11,6,]
259,4,4,with_set,0.01,4,4,201,9,loop_limit,[761,177,56,67,56,65,27,36,30,36,21,9,7,6,5,11,11,6,8,11,9,7,5,9,12,11,9,10,11,12,5,5,9,9,7,5,4,11,6,5,6,11,4,4,4,7,10,8,6,5,5,4,4,7,10,7,10,12,9,13,12,13,9,4,4,7,8,12,11,8,6,4,4,6,6,6,4,11,4,11,10,9,7,5,8,11,11,9,11,10,5,9,4,9,9,11,10,7,10,7,9,4,4,5,4,6,4,4,8,9,12,13,11,9,6,7,12,9,10,12,10,9,9,11,9,9,9,8,10,8,10,7,4,4,4,4,8,7,9,7,10,9,7,10,11,11,10,9,4,6,8,13,10,12,10,7,5,12,10,12,5,13,5,5,8,8,9,5,8,6,9,4,4,4,4,8,12,12,8,11,5,8,10,10,10,5,4,7,10,8,7,6,8,8,7,13,4,5,8,4,9,]
259,4,8,with_set,0.01,4,4,201,4,loop_limit,[761,214,67,66,32,10,6,9,6,5,6,7,4,7,7,14,12,13,10,13,9,9,6,6,8,8,11,14,10,10,9,15,8,10,12,8,6,8,7,10,8,12,8,11,9,13,5,7,4,9,10,6,8,7,6,5,9,8,7,6,4,5,9,8,9,5,9,7,15,7,10,12,12,10,11,8,9,12,12,6,4,6,5,8,10,6,9,9,9,11,9,8,9,4,8,10,7,5,6,7,4,6,9,6,9,4,4,6,4,7,6,8,6,6,8,12,5,7,5,4,4,9,6,7,4,11,6,9,9,9,12,13,6,8,7,5,4,7,12,9,7,7,10,9,7,8,4,4,8,13,7,10,12,7,5,12,9,11,11,6,4,11,4,11,11,11,10,9,14,11,11,5,6,5,4,4,6,12,10,9,11,12,5,6,4,4,6,5,4,4,4,7,6,9,9,10,8,5,6,6,4,]
264,1,1,with_set,0.01,1,1,201,4,loop_limit,[311,118,46,18,16,8,12,7,8,5,6,4,10,7,4,4,5,4,5,5,7,9,6,5,6,12,7,11,7,11,6,4,5,3,5,8,5,5,4,9,13,9,6,8,12,10,7,6,9,6,6,10,8,6,6,6,5,5,10,6,4,7,5,6,5,14,7,11,7,5,4,5,10,9,7,7,9,6,6,6,8,11,4,8,3,5,5,13,8,6,6,5,10,10,5,4,10,7,12,7,6,7,8,10,13,5,7,5,7,6,5,4,5,9,5,6,9,6,4,5,7,6,4,6,5,6,7,6,4,6,5,5,6,6,8,6,4,4,3,8,13,12,8,5,4,8,4,5,10,10,7,11,12,8,3,6,4,6,5,6,6,10,8,5,7,5,5,6,4,7,8,6,5,4,4,6,7,6,6,7,8,16,10,10,7,10,5,3,3,8,5,7,6,6,6,7,6,9,5,5,4,]
264,1,2,with_set,0.01,1,1,201,4,loop_limit,[311,95,54,20,13,7,8,5,4,3,5,5,7,11,10,12,5,5,7,9,6,3,5,5,3,3,5,6,7,4,7,5,6,7,6,8,8,8,7,4,6,8,5,7,6,6,7,9,14,9,5,5,5,6,5,15,12,12,10,12,5,7,3,5,5,4,5,6,5,6,5,11,11,13,11,8,11,8,6,5,3,6,6,5,6,7,4,8,6,9,8,7,8,5,4,6,6,4,3,6,7,12,7,6,7,5,5,4,6,3,5,7,6,4,6,9,3,4,8,6,8,5,4,6,9,8,7,6,4,4,11,10,4,4,5,6,8,13,14,15,17,10,9,12,13,9,3,5,6,4,3,4,6,4,5,3,3,5,7,6,5,3,6,4,7,9,4,6,10,7,12,6,3,4,6,4,3,6,7,5,8,9,7,6,6,7,4,6,7,5,4,6,5,6,5,9,3,3,5,6,4,]
264,1,4,with_set,0.01,1,1,201,10,loop_limit,[311,95,50,20,11,10,8,8,5,6,11,8,9,9,6,5,6,7,7,5,5,3,7,5,3,8,5,6,10,7,6,11,7,10,11,8,11,9,6,4,6,5,5,6,7,11,6,6,7,8,5,5,9,7,8,17,16,7,10,5,8,10,7,4,7,5,4,4,10,7,7,3,4,6,6,10,6,9,5,6,8,8,8,9,3,3,6,9,5,6,4,7,6,4,3,5,5,5,5,5,4,5,5,5,10,6,6,5,6,5,10,9,10,6,6,3,4,5,5,4,7,11,10,11,13,12,6,5,6,4,4,8,5,7,7,6,7,9,8,4,5,3,6,12,8,7,4,5,4,4,6,5,3,6,7,7,7,6,4,4,10,6,8,5,4,5,6,4,4,6,3,3,3,4,8,9,7,4,5,5,5,4,6,7,4,4,5,5,8,7,10,9,8,11,5,6,8,5,7,9,10,]
264,1,16,with_set,0.01,1,1,201,7,loop_limit,[311,107,102,47,29,9,9,8,5,4,4,4,4,4,6,5,4,5,5,5,4,4,5,4,6,5,5,4,10,9,4,5,5,5,7,6,7,6,6,11,3,5,4,5,4,5,6,6,6,11,10,5,4,5,8,6,4,6,5,5,8,6,8,3,5,4,5,4,10,9,7,10,7,8,5,5,4,6,6,4,7,13,14,18,7,5,5,4,5,9,3,5,3,5,7,5,5,4,3,5,6,6,4,6,7,3,3,4,5,5,6,7,10,7,3,5,6,5,9,7,7,7,6,5,6,4,6,7,10,12,7,4,4,3,5,5,5,9,6,7,11,9,5,6,10,7,7,4,5,3,3,5,5,4,7,4,5,5,7,3,3,6,5,6,10,5,4,5,9,6,4,5,7,5,7,8,6,5,6,10,12,8,4,4,5,5,6,12,14,10,6,6,7,6,7,10,13,11,11,8,7,]
266,1,1,with_set,0.01,1,1,201,6,loop_limit,[115,44,12,9,4,7,5,10,5,8,5,7,8,7,5,10,6,10,5,8,7,9,5,7,5,12,5,7,5,9,4,9,6,11,5,10,4,8,5,9,6,13,5,8,6,7,4,12,5,10,5,7,5,10,6,9,8,7,5,12,5,8,4,7,5,7,8,12,6,14,9,14,4,8,5,9,4,7,5,12,4,10,5,7,5,10,6,12,4,7,6,10,4,7,5,7,5,10,6,10,5,12,4,9,5,10,5,12,5,9,6,10,4,10,6,7,5,12,5,7,6,9,6,8,5,8,5,8,8,10,4,10,6,12,5,8,6,10,6,9,6,8,8,11,8,13,6,13,6,7,6,10,6,10,4,8,5,9,4,10,5,10,6,10,5,7,5,7,8,13,5,7,5,12,4,9,8,7,4,7,5,7,4,7,5,10,6,8,5,9,6,11,6,11,6,9,6,7,6,8,6,]
266,1,4,with_set,0.01,1,1,201,8,loop_limit,[115,33,16,12,5,7,6,10,5,8,5,10,5,10,6,10,10,7,7,13,6,13,6,9,6,9,5,9,5,10,4,10,5,7,8,9,6,9,6,7,6,10,4,10,6,12,6,10,9,13,4,7,5,7,5,7,6,13,7,7,5,10,4,7,8,12,6,9,5,7,5,10,4,10,5,8,5,9,4,12,8,7,6,14,5,9,5,7,5,7,4,9,7,13,7,13,7,15,6,10,6,9,5,10,6,7,4,8,6,9,8,11,8,8,5,9,7,9,6,7,7,13,5,10,5,9,8,13,4,10,6,9,5,9,8,9,5,7,8,12,5,9,5,8,6,8,5,7,4,10,6,8,6,12,6,12,5,8,5,12,6,12,9,7,6,7,5,7,4,9,5,13,9,7,5,9,4,10,4,7,5,12,4,12,4,8,6,10,8,12,6,10,10,9,4,10,10,11,8,11,8,]
266,1,8,with_set,0.01,1,1,201,5,loop_limit,[115,47,10,10,4,9,4,7,4,9,4,10,6,7,5,10,5,8,4,7,5,10,6,8,7,14,5,8,4,9,6,11,7,9,4,7,5,8,5,12,6,7,4,7,5,9,4,7,5,9,5,10,6,9,6,14,9,13,5,9,5,12,6,12,5,10,10,11,4,7,4,12,5,12,6,7,5,9,5,10,6,14,10,11,6,8,6,8,11,9,7,9,6,9,8,9,9,13,9,13,6,10,7,9,6,7,5,7,5,12,5,7,4,12,5,9,8,9,8,12,6,8,6,9,6,7,6,10,6,9,4,12,4,10,4,10,6,12,6,7,6,7,4,10,5,12,4,9,5,10,10,10,5,7,5,7,5,9,6,7,5,7,5,12,6,9,4,9,4,10,4,8,5,7,4,9,5,10,6,13,6,13,7,11,5,10,6,9,6,7,5,10,5,7,6,10,5,10,4,10,5,]
266,2,4,with_set,0.01,2,2,201,6,loop_limit,[115,38,10,6,5,9,6,8,5,9,6,9,4,7,5,7,6,6,5,7,5,7,5,9,5,10,6,7,5,9,6,11,4,7,4,7,5,8,5,9,4,9,6,10,6,9,5,9,4,10,4,8,6,9,6,10,8,9,4,6,5,7,4,6,6,8,4,9,6,9,5,7,5,6,4,10,6,6,5,6,6,10,5,9,5,7,6,9,5,6,5,10,4,10,5,6,6,8,4,6,5,9,5,9,4,6,5,10,5,6,5,8,6,8,5,6,6,9,4,8,5,7,4,8,5,6,5,8,5,10,6,6,4,9,5,10,5,6,5,7,5,9,4,10,8,6,5,7,6,11,4,9,4,9,4,7,5,6,5,10,5,8,6,10,4,8,6,6,6,11,5,9,4,10,6,9,6,10,4,9,6,10,6,7,6,7,4,8,5,10,5,8,4,6,5,9,5,7,4,7,6,]
287,1,1,with_set,0.01,1,1,201,9,loop_limit,[200,49,25,14,8,9,11,6,9,8,9,10,10,6,9,8,13,11,12,9,10,7,10,7,10,9,8,6,8,11,8,8,10,11,12,8,9,9,12,7,9,6,9,8,10,7,8,7,11,9,10,7,9,9,13,7,9,8,11,11,14,7,10,10,10,6,11,11,13,12,11,9,10,10,11,12,13,8,10,10,10,7,11,6,10,12,11,12,12,8,13,12,8,6,10,7,8,7,10,7,10,11,10,10,11,7,8,7,8,9,12,9,8,8,8,6,10,8,8,7,10,6,10,9,10,8,10,9,10,14,8,8,9,10,11,6,8,11,12,11,8,6,8,6,10,11,12,9,13,7,10,7,8,11,13,12,13,9,10,6,11,11,13,6,8,8,11,6,10,8,8,7,9,6,9,7,8,6,9,8,10,8,9,8,10,6,9,10,11,10,11,7,8,7,8,11,8,6,8,7,9,]
287,1,1,with_set,0.05,5,5,201,11,loop_limit,[200,50,21,27,14,9,12,8,11,8,11,9,9,6,8,9,10,6,10,9,11,8,11,9,14,11,11,10,11,6,8,7,8,6,8,8,11,11,11,9,12,9,8,6,9,10,8,6,10,6,8,8,8,7,10,6,8,8,11,9,8,7,10,6,9,6,8,6,8,10,8,8,10,6,11,8,8,6,8,6,10,7,11,6,11,11,10,7,10,8,8,8,11,12,13,11,14,10,11,8,9,13,11,7,10,13,12,8,13,7,8,7,8,6,8,6,11,6,11,11,11,7,9,6,10,9,8,8,9,6,10,8,8,6,9,10,11,6,8,7,10,10,10,7,8,7,8,6,8,9,11,11,11,6,10,10,12,7,9,8,10,9,9,11,11,7,10,10,10,6,11,7,10,9,10,7,13,12,12,7,11,10,8,8,10,10,14,11,10,8,9,8,11,6,8,6,8,6,10,10,11,]
287,1,2,with_set,0.05,5,5,201,10,loop_limit,[200,47,26,18,13,13,11,6,8,6,8,6,9,6,8,11,12,6,10,10,11,11,11,11,12,10,11,9,10,9,10,7,9,7,10,7,9,8,11,6,9,6,11,6,8,12,12,6,9,8,8,11,11,8,10,10,10,8,9,8,8,8,10,8,8,6,8,8,8,7,8,6,8,8,8,6,10,9,8,8,8,10,11,9,8,7,8,11,9,8,8,6,8,7,10,6,10,11,11,10,10,10,12,7,13,7,8,7,9,8,9,8,9,7,10,8,8,6,11,11,8,7,9,7,9,12,11,7,13,8,9,10,9,8,8,8,8,6,8,10,9,7,10,9,10,12,14,7,10,12,11,12,8,7,8,8,12,7,10,7,8,9,11,8,13,12,10,12,11,11,13,12,12,13,8,7,10,7,8,7,8,8,9,10,11,9,11,9,10,9,8,8,9,6,12,7,9,8,8,8,10,]
287,1,4,with_set,0.01,1,1,201,8,loop_limit,[200,39,23,12,14,10,9,11,12,12,8,6,8,6,11,9,8,6,8,9,11,9,8,8,10,9,8,11,11,10,10,8,9,13,11,14,10,12,14,12,10,7,13,11,8,8,8,6,11,11,12,8,8,7,10,9,9,9,9,11,12,8,12,7,8,6,8,6,11,7,8,8,8,12,13,6,8,6,10,11,10,12,12,6,11,9,8,8,10,7,9,8,8,8,11,8,9,12,12,9,9,8,10,7,10,6,8,7,9,8,12,7,10,6,8,11,11,11,11,7,9,8,11,9,10,12,11,7,10,8,10,8,10,10,9,9,8,8,8,6,8,11,8,6,10,6,8,6,11,8,10,12,9,6,10,6,8,7,10,7,10,6,8,8,10,10,10,8,11,8,8,12,8,11,13,9,11,8,9,8,8,6,9,8,8,11,13,11,11,8,8,6,10,8,9,8,8,7,10,6,8,]
301,1,1,with_set,0.01,1,1,201,11,loop_limit,[349,153,94,58,32,33,21,29,25,27,12,11,10,13,12,6,4,9,8,6,11,6,8,12,4,4,3,4,3,4,5,7,5,2,3,4,6,9,8,9,6,10,2,6,6,6,6,4,5,8,6,8,5,5,6,11,8,11,9,10,8,10,16,7,5,7,6,10,6,13,6,6,4,4,6,4,2,4,12,5,9,5,4,5,7,14,7,18,12,8,6,8,6,4,2,2,3,3,5,6,13,6,5,9,10,11,10,10,10,6,9,6,5,8,6,4,4,5,3,4,5,4,3,6,3,6,16,11,7,6,14,11,12,9,11,5,3,4,11,5,3,2,2,3,3,6,5,8,8,6,7,8,6,3,10,5,3,3,2,3,4,3,3,4,5,7,4,4,5,4,4,5,6,5,13,9,8,13,11,9,7,4,3,4,5,10,8,6,5,6,5,10,3,11,14,16,11,9,7,14,11,]
301,1,2,with_set,0.01,1,1,201,3,loop_limit,[349,153,94,67,35,33,34,28,34,28,16,15,11,18,6,5,3,7,4,9,3,2,2,4,12,5,7,6,5,3,4,3,10,5,3,4,11,9,4,8,3,3,4,8,5,8,5,8,15,13,10,13,9,13,9,17,10,12,6,8,6,7,5,6,6,5,4,7,3,4,2,3,4,8,8,11,8,11,11,7,2,4,3,4,3,6,9,5,12,7,7,5,3,4,2,3,9,5,7,2,2,3,2,3,4,3,3,7,4,9,5,9,5,3,2,4,12,6,6,8,4,8,3,6,4,5,6,8,14,7,4,7,6,9,7,10,6,4,3,3,2,4,11,6,6,8,5,6,7,13,10,15,11,13,21,8,8,12,6,11,7,7,2,4,3,4,4,5,6,7,6,5,7,10,8,9,9,7,4,7,5,9,8,10,8,7,8,8,7,9,7,6,4,4,6,5,7,4,5,4,3,]
301,1,4,with_set,0.01,1,1,201,6,loop_limit,[349,153,149,89,60,65,39,50,37,32,18,17,12,14,14,11,2,3,6,3,9,7,5,2,3,3,2,4,2,4,5,7,7,8,6,4,5,7,5,6,8,10,6,8,6,12,11,7,6,6,5,5,12,6,4,6,6,9,10,6,5,9,17,8,8,4,2,2,2,4,6,8,6,4,3,4,4,6,3,6,6,6,7,6,5,5,5,8,8,11,5,7,5,7,9,5,3,4,3,4,5,8,6,4,11,13,7,5,4,5,6,4,5,5,3,3,9,5,6,10,8,9,8,10,5,6,13,5,7,10,7,10,11,7,4,7,7,8,2,6,6,4,2,4,10,6,8,8,4,3,3,2,4,4,10,6,3,2,3,4,5,5,6,3,3,4,5,6,8,6,3,2,2,3,2,4,3,2,3,3,5,6,4,4,3,2,2,6,5,8,4,7,7,8,5,8,3,7,7,7,6,]
301,1,16,with_set,0.01,1,1,201,3,loop_limit,[349,323,297,129,68,47,37,32,24,19,10,9,6,5,8,10,7,7,4,4,7,11,6,9,7,5,5,6,5,6,4,4,4,4,2,3,3,4,11,5,7,7,8,7,9,8,10,14,7,11,7,8,5,6,6,8,8,6,6,8,5,8,2,4,4,6,4,4,2,2,9,5,3,4,12,12,7,6,5,3,11,9,10,16,6,10,8,13,18,18,5,12,7,10,11,9,6,5,6,9,2,3,5,6,7,10,7,10,5,6,2,4,2,2,2,4,4,4,3,6,6,5,5,5,3,3,2,2,3,6,5,3,11,4,4,5,12,8,12,8,11,6,3,2,2,4,5,6,3,6,6,8,7,6,6,7,6,5,5,5,7,9,14,6,6,4,8,5,5,5,5,9,16,7,8,13,10,18,22,8,11,5,3,2,3,3,3,6,6,8,7,8,6,7,6,4,3,3,3,2,3,]
317,1,1,with_set,0.01,1,1,201,28,loop_limit,[507,172,149,76,62,48,49,41,44,36,53,50,58,40,32,29,31,25,36,37,44,35,27,23,27,33,30,20,33,29,21,17,23,19,19,26,31,25,24,22,28,26,30,19,19,21,18,21,18,22,20,12,10,10,13,18,20,16,17,17,20,19,29,18,22,20,22,29,25,24,24,19,12,20,17,17,18,24,32,22,27,24,25,17,23,24,29,31,32,40,32,27,27,24,33,23,23,25,27,22,31,20,24,26,29,26,22,14,16,15,17,19,18,11,16,16,18,21,27,20,17,21,24,14,18,11,14,16,10,11,13,12,19,13,19,12,15,17,20,14,15,13,18,16,22,12,22,16,16,13,21,20,20,20,28,25,28,13,18,15,11,10,7,12,13,12,14,19,21,21,23,21,26,16,22,23,22,23,27,25,27,22,22,23,27,23,29,25,27,19,16,19,19,24,20,20,13,20,29,24,28,]
317,1,1,with_set,0.05,5,5,201,23,loop_limit,[507,172,129,91,95,61,66,50,47,49,50,42,42,29,17,10,16,12,13,20,29,20,20,22,18,17,24,15,15,13,20,18,25,18,21,23,30,25,27,24,29,24,35,27,23,15,16,16,20,22,17,19,18,20,22,28,37,28,24,26,30,24,25,24,21,17,22,17,22,25,17,16,21,16,13,14,20,12,17,17,21,17,16,17,20,18,21,14,18,14,22,15,17,21,22,22,26,28,28,17,17,21,26,26,27,22,24,19,12,12,14,18,15,14,13,13,7,8,8,11,13,21,16,8,14,14,12,10,19,19,21,13,12,9,9,9,7,7,6,8,11,6,10,7,9,12,16,10,11,11,13,19,21,16,28,27,36,32,26,18,23,18,24,24,32,28,38,41,34,25,30,25,23,17,16,23,22,23,18,16,18,20,21,18,27,23,28,28,26,26,18,24,29,30,35,32,41,34,33,23,23,]
317,1,2,with_set,0.01,1,1,201,27,loop_limit,[507,200,156,88,70,43,51,43,51,47,41,36,30,26,26,25,30,30,17,25,29,24,22,22,28,24,22,20,18,15,19,17,16,17,17,17,25,25,35,29,26,21,20,15,20,20,22,12,18,16,24,25,26,20,20,10,12,9,12,10,13,16,21,29,32,28,36,21,21,25,26,24,21,16,17,21,20,20,17,17,15,7,10,13,13,16,17,7,7,7,12,6,8,12,8,12,18,9,16,19,18,20,23,16,22,10,11,9,12,18,25,23,24,27,25,27,29,23,35,22,32,38,40,30,29,36,54,42,46,33,21,18,23,20,23,24,29,23,32,27,24,9,14,9,19,13,17,12,18,16,13,16,17,12,14,13,11,14,13,11,15,14,21,12,16,13,20,17,23,31,34,30,41,32,33,26,21,21,21,27,24,24,26,26,25,29,25,24,29,33,34,33,31,28,20,27,22,28,38,30,27,]
317,1,2,with_set,0.05,5,5,201,24,loop_limit,[507,201,162,96,90,59,48,30,21,23,21,21,21,21,29,30,23,24,20,18,16,17,19,25,26,23,26,23,28,25,24,18,20,12,13,9,11,19,16,19,21,18,27,22,19,18,17,13,15,16,14,16,22,15,22,15,18,18,13,11,10,11,12,8,9,10,12,10,17,20,31,29,28,25,29,24,33,29,37,29,35,43,43,30,44,30,31,24,24,22,24,28,29,24,23,25,20,21,21,18,20,8,10,17,17,20,25,16,22,23,29,32,28,26,24,24,25,27,33,21,20,22,22,31,29,29,33,30,37,32,30,27,35,38,53,35,30,22,23,22,23,18,15,23,22,27,28,25,36,40,44,30,33,20,23,18,11,9,15,13,15,16,21,20,22,17,20,17,13,12,20,17,17,14,10,10,11,9,12,14,14,13,17,9,15,18,20,14,19,21,22,19,28,27,25,31,27,24,33,23,24,]
317,1,4,with_set,0.01,1,1,201,23,loop_limit,[507,205,139,79,112,71,50,37,36,32,38,30,26,16,17,18,14,16,18,13,21,14,9,13,14,13,10,8,21,25,17,18,21,16,19,19,21,27,26,19,19,16,23,17,24,20,24,14,16,11,12,18,22,19,25,19,22,15,18,15,11,7,10,12,15,13,24,22,20,19,29,19,20,21,23,21,20,21,28,17,19,24,33,41,41,37,61,44,42,34,33,31,34,34,26,20,28,25,20,18,16,18,18,22,20,16,18,19,21,22,20,14,12,15,12,9,14,10,11,10,16,14,12,18,22,27,25,23,29,25,24,22,27,25,31,29,28,24,22,20,28,15,24,25,23,23,35,27,20,16,23,19,20,17,30,27,30,32,34,21,21,23,20,22,23,20,21,17,16,24,21,23,25,20,20,15,23,17,33,22,31,16,14,13,15,14,11,13,18,13,20,20,20,8,12,15,14,11,12,15,23,]
317,1,4,with_set,0.05,5,5,201,27,loop_limit,[507,201,160,161,199,113,106,70,64,36,37,32,33,25,31,28,33,24,24,24,22,16,19,21,19,13,20,22,26,22,21,16,13,11,14,13,17,19,23,12,16,21,16,11,14,9,12,20,15,17,30,21,24,19,20,13,18,16,14,18,16,17,18,15,20,12,10,13,17,15,19,15,21,23,22,22,31,28,33,36,27,21,26,22,18,21,17,26,20,23,25,30,22,34,31,31,25,27,24,20,21,14,16,14,15,19,15,10,14,17,21,21,21,30,25,19,9,13,18,14,13,5,11,10,13,9,9,8,8,11,12,15,23,22,35,24,30,21,25,15,22,24,31,24,24,17,31,21,24,13,17,22,24,13,16,17,24,27,32,28,29,28,31,27,35,33,35,32,31,20,29,23,23,21,26,22,25,28,32,24,38,34,39,29,38,21,21,21,27,18,22,17,16,24,19,13,18,19,19,20,27,]
317,1,8,with_set,0.01,1,1,201,20,loop_limit,[507,194,159,110,74,46,44,30,33,36,41,34,36,34,26,28,31,23,22,16,14,13,14,14,19,17,23,17,20,17,15,14,19,19,19,20,18,17,25,21,20,16,16,15,26,17,19,16,18,14,17,14,17,8,14,16,21,19,23,18,15,18,21,10,12,8,11,8,10,9,7,8,5,4,7,9,11,18,19,21,33,15,19,18,28,31,30,40,46,53,57,40,46,46,45,40,43,43,35,35,52,45,43,55,55,41,42,34,33,26,25,19,20,25,27,24,17,10,12,10,14,19,19,17,16,12,14,16,14,12,17,14,19,15,18,20,24,21,22,18,20,20,20,23,26,19,21,17,14,16,17,19,23,19,16,16,24,16,16,23,45,31,34,29,24,24,28,28,19,25,28,27,35,52,30,24,29,29,30,20,16,11,16,16,14,12,13,11,15,9,13,14,13,14,12,12,16,16,16,17,20,]
317,1,8,with_set,0.05,5,5,201,26,loop_limit,[507,205,165,99,74,52,39,38,33,38,39,30,26,23,24,25,30,23,20,28,21,27,21,17,15,17,15,22,28,35,42,25,28,24,26,27,40,31,37,22,23,20,32,26,31,25,30,19,24,22,19,20,20,15,16,15,14,17,23,16,14,8,11,12,8,16,16,14,21,17,15,12,19,15,20,28,38,28,27,28,23,20,29,25,18,24,22,27,37,20,27,23,12,9,18,20,19,15,15,18,13,9,15,11,11,14,17,12,16,11,10,10,13,14,19,24,30,19,20,25,17,8,15,9,11,13,19,20,22,21,20,18,23,22,32,24,21,16,25,23,26,25,27,26,23,24,23,24,29,20,20,22,29,25,35,21,27,24,23,22,21,19,29,21,29,18,21,23,27,18,24,22,25,16,21,14,15,9,12,9,9,10,14,14,14,10,12,16,22,15,16,19,18,21,21,29,33,37,30,30,26,]
317,1,16,with_set,0.01,1,1,201,20,loop_limit,[507,249,178,131,111,136,94,64,65,37,29,22,27,20,22,20,22,19,25,30,32,20,25,24,30,29,30,23,20,23,19,23,23,20,24,29,23,26,20,20,22,20,26,21,32,24,29,17,34,24,21,19,16,12,15,16,19,23,28,22,32,31,23,23,24,24,17,18,13,9,10,11,12,19,21,15,18,19,14,17,13,12,14,13,15,16,24,21,25,18,14,17,23,19,21,23,28,23,20,33,20,33,29,26,30,32,30,26,28,26,26,24,34,18,15,12,10,13,21,16,16,14,21,16,15,15,25,14,13,9,9,15,16,22,13,15,22,22,22,18,25,25,34,32,34,32,33,34,38,32,37,30,26,22,19,28,35,25,24,19,23,26,23,24,24,28,30,24,32,23,25,21,25,23,24,29,22,25,51,33,28,23,23,24,26,21,29,20,26,26,26,27,27,26,31,23,28,19,22,21,20,]
317,1,16,with_set,0.05,5,5,201,27,loop_limit,[507,194,147,81,58,49,41,30,32,32,21,19,29,20,23,25,22,18,17,16,24,12,16,11,17,16,17,12,17,12,12,13,14,18,23,24,13,12,21,15,20,26,53,33,22,27,29,35,37,62,67,48,44,29,27,25,26,29,22,23,18,14,15,9,13,20,24,29,32,27,22,32,33,34,30,33,27,20,17,10,13,14,17,16,15,13,16,20,22,23,25,23,21,17,23,21,24,22,22,28,28,26,25,23,21,17,21,21,27,21,27,18,20,22,26,21,19,18,16,16,23,22,25,8,8,8,11,11,14,10,17,12,12,12,12,15,21,24,21,16,16,17,35,24,29,29,30,33,32,31,31,36,41,36,46,25,23,17,20,17,8,8,9,12,21,16,21,25,19,20,24,14,20,12,12,9,14,15,17,23,23,22,27,21,21,21,26,28,31,23,25,23,23,18,17,17,15,13,15,25,27,]
317,2,2,with_set,0.01,2,2,201,4,loop_limit,[507,108,64,29,17,10,10,15,13,7,8,7,9,5,10,5,5,9,8,6,7,5,7,6,7,6,10,12,8,5,5,4,7,4,6,5,6,4,6,6,9,9,6,4,5,9,8,5,5,4,5,3,5,9,8,10,6,10,12,8,9,5,6,5,8,7,11,9,7,9,10,10,14,13,14,7,6,7,7,4,7,6,6,10,8,4,7,10,7,12,8,5,6,4,5,4,6,3,4,3,6,5,7,4,7,9,8,10,8,7,9,9,11,13,14,13,14,4,5,9,10,5,6,6,6,6,7,5,6,4,6,6,7,5,6,5,8,5,6,4,5,4,4,4,4,9,5,4,4,4,5,4,7,4,7,5,6,5,7,6,6,4,7,10,8,3,6,10,15,7,8,10,6,12,18,8,8,4,6,5,6,4,6,7,8,11,10,4,5,9,10,6,4,4,7,7,7,3,5,4,4,]
317,2,4,with_set,0.01,2,2,201,7,loop_limit,[507,122,64,22,14,12,13,8,7,10,11,6,6,5,5,9,6,5,7,4,6,5,6,5,4,4,5,10,7,6,10,5,7,6,6,10,8,5,4,5,4,4,6,5,6,4,5,4,6,4,6,5,5,9,7,4,4,3,5,9,11,6,11,4,6,4,8,4,5,4,7,6,7,3,5,5,6,5,7,10,9,4,7,4,5,4,4,9,5,9,5,4,7,4,7,10,14,14,14,13,11,13,8,6,7,9,8,5,8,6,6,4,5,7,8,4,5,6,8,5,7,4,5,4,6,4,5,4,10,5,5,5,6,4,4,3,4,4,10,5,10,5,7,4,10,7,8,8,9,7,7,4,5,4,4,9,5,4,7,4,5,3,5,4,4,4,7,5,6,9,10,5,6,5,5,4,4,3,5,5,5,4,4,3,4,4,7,7,6,4,5,3,4,3,5,4,6,6,7,4,7,]
321,1,1,with_set,0.01,1,1,201,5,loop_limit,[209,62,38,30,21,11,12,6,10,4,5,5,6,4,4,7,4,7,3,3,3,6,3,3,3,4,3,3,5,9,5,5,4,5,5,4,5,9,5,9,10,8,4,5,4,6,7,12,10,6,6,4,5,4,5,7,5,7,4,5,4,6,6,4,10,7,8,8,8,4,5,7,3,6,8,8,9,3,3,4,3,6,5,6,3,6,4,5,3,3,4,6,4,7,3,3,3,6,7,5,9,4,5,7,4,7,9,3,4,3,5,4,5,4,3,3,5,4,5,12,6,7,4,8,4,8,6,9,3,4,5,3,3,6,4,3,3,3,3,3,5,8,4,5,3,7,3,6,3,6,8,8,4,9,11,8,5,4,6,5,5,12,13,12,4,6,5,7,3,4,3,7,4,8,3,3,3,3,5,3,4,7,3,3,3,3,4,7,4,6,3,6,3,3,5,4,3,5,3,3,5,]
321,1,2,with_set,0.01,1,1,201,10,loop_limit,[209,62,16,7,11,11,7,4,5,3,8,8,4,3,3,6,3,4,3,3,8,8,7,4,4,7,8,6,5,7,4,5,5,3,5,5,3,3,3,6,4,7,5,6,10,5,5,3,3,7,9,8,6,7,3,6,4,7,4,7,4,8,5,8,8,5,4,4,4,4,3,3,5,5,3,6,5,9,3,7,3,3,4,5,5,3,3,3,3,6,5,8,7,10,5,7,7,6,5,7,5,3,8,8,6,4,4,6,3,3,8,3,8,6,3,7,5,9,6,9,11,13,10,7,9,6,5,12,5,8,4,3,3,4,5,5,5,3,5,5,4,7,6,12,7,8,7,3,3,7,4,3,3,6,3,4,5,4,5,7,3,5,5,9,5,3,5,7,4,7,5,3,4,6,5,9,7,11,5,3,5,5,3,3,5,9,5,12,5,6,5,5,4,6,9,8,6,4,5,6,10,]
321,1,4,with_set,0.01,1,1,201,3,loop_limit,[209,62,24,12,14,12,5,6,4,6,3,6,7,5,9,6,5,8,5,3,4,5,3,3,3,3,4,5,5,5,5,4,5,4,9,9,8,8,7,9,6,4,5,9,6,6,3,7,9,5,3,6,3,3,4,7,4,7,5,6,3,3,3,6,4,3,5,4,11,4,5,5,4,5,4,7,3,3,4,6,3,4,10,7,10,5,4,7,5,3,5,7,5,12,3,3,4,7,4,4,4,5,3,3,5,4,4,5,4,3,3,6,6,5,4,6,3,3,3,5,5,8,5,3,4,7,3,6,3,6,4,7,4,6,5,8,3,3,4,6,3,3,3,6,3,7,3,7,4,6,3,4,3,3,8,8,3,6,6,8,8,8,6,8,6,11,5,8,5,4,8,6,3,4,4,3,8,3,5,4,3,3,3,6,6,6,6,5,4,5,5,3,4,7,3,6,5,5,4,3,3,]
321,1,8,with_set,0.01,1,1,201,5,loop_limit,[209,57,23,15,16,10,8,9,7,7,6,9,9,8,4,7,10,5,4,5,5,4,3,5,3,3,8,5,3,3,4,4,4,3,3,4,8,8,6,4,8,8,5,6,8,7,4,5,3,6,5,9,5,10,7,10,7,4,4,7,5,5,7,7,7,6,4,6,5,3,5,3,8,6,5,3,3,3,3,3,4,7,4,6,3,6,6,5,9,8,7,8,4,6,3,4,11,4,4,7,4,6,6,4,5,5,3,6,4,6,3,3,4,7,4,3,4,7,3,6,5,8,5,7,4,7,8,3,3,3,8,7,4,7,3,7,5,6,5,7,9,8,5,3,3,6,3,3,4,3,5,9,7,11,9,8,5,3,3,7,3,3,4,3,5,4,5,3,3,6,6,4,5,8,6,6,3,3,3,5,4,7,7,6,4,7,3,6,3,3,8,8,9,8,5,4,4,8,6,9,5,]
321,1,16,with_set,0.01,1,1,201,4,loop_limit,[209,63,69,31,8,7,9,3,3,4,8,6,3,6,3,3,4,7,4,6,3,5,3,5,3,10,9,3,3,6,11,5,3,7,5,4,10,9,6,3,4,3,4,6,5,5,4,4,8,5,3,3,4,5,5,4,5,4,5,9,5,6,3,3,8,3,5,9,5,6,3,4,3,6,3,3,10,7,5,7,4,6,4,7,3,3,4,5,4,5,8,5,8,3,3,3,8,5,3,3,4,3,3,3,4,3,4,5,4,6,5,6,4,3,5,8,10,11,5,4,11,10,8,10,5,8,6,4,11,7,5,7,5,3,3,7,3,3,4,8,7,10,7,7,3,3,3,3,5,4,8,3,5,5,5,9,6,5,5,3,3,3,5,12,7,5,8,8,6,4,4,7,4,7,4,6,3,3,5,4,3,7,3,3,9,8,3,3,3,5,5,3,3,5,5,7,4,3,3,3,4,]
322,1,1,with_set,0.01,1,1,201,155,loop_limit,[604,427,416,427,318,255,214,190,155,164,182,192,177,160,148,121,159,157,163,143,134,139,159,158,143,161,138,150,151,173,173,163,190,158,143,140,146,144,134,143,142,132,120,118,131,116,122,119,123,113,110,104,109,120,120,122,136,128,134,154,127,127,140,163,152,139,150,126,167,148,143,152,136,134,140,154,153,141,120,144,132,130,137,159,137,159,158,155,148,146,159,142,133,145,149,138,118,125,116,120,123,117,126,119,108,126,144,124,149,156,166,167,155,149,105,94,118,126,137,132,118,120,123,131,116,123,127,158,120,122,158,142,171,176,165,156,155,148,147,137,136,124,94,101,124,163,142,156,134,137,139,137,139,132,141,139,114,117,101,110,95,100,127,151,135,136,138,140,138,140,138,142,125,144,117,134,115,118,135,132,134,136,122,110,109,112,99,127,138,143,150,157,182,154,154,144,149,146,132,171,155,]
322,1,1,with_set,0.05,5,5,201,92,loop_limit,[604,405,296,331,234,220,204,228,221,186,202,170,158,152,160,171,140,157,127,172,150,159,147,136,128,132,120,105,109,126,96,145,143,137,125,132,127,124,140,139,126,100,111,144,139,145,134,146,135,134,124,135,129,128,119,119,141,130,129,126,152,158,158,141,134,141,136,123,115,121,87,105,119,127,126,110,124,115,121,121,119,130,136,148,133,120,115,122,134,129,119,119,161,166,165,179,165,150,148,159,148,143,146,152,134,162,158,150,142,154,167,135,133,136,155,156,135,138,155,164,181,157,186,167,177,156,177,158,149,166,169,134,131,129,131,131,125,159,124,125,112,132,147,139,142,119,133,120,97,142,97,103,128,130,115,139,130,131,118,135,144,113,112,127,103,109,88,110,120,126,123,136,144,135,134,153,140,168,176,156,131,130,157,163,185,164,149,130,101,114,111,94,90,121,121,122,114,113,115,101,92,]
322,1,1,with_set,0.1,11,11,201,90,loop_limit,[604,415,295,334,275,235,248,286,266,232,177,217,237,217,232,233,195,182,171,144,141,138,144,142,146,140,113,124,115,118,121,113,101,126,126,117,130,163,159,146,160,161,155,164,152,157,144,143,131,144,144,147,140,162,145,122,150,145,161,145,132,128,136,146,128,152,136,126,112,108,130,167,155,167,141,162,144,158,152,162,152,131,186,163,167,183,185,162,144,139,171,176,173,154,148,163,157,190,162,162,160,137,143,140,140,134,120,122,142,140,139,134,136,119,152,129,135,120,126,140,139,125,107,101,112,124,131,126,127,125,154,137,121,130,134,132,125,109,96,99,89,116,110,131,139,134,130,126,102,110,123,113,138,126,109,100,86,88,94,107,110,108,116,113,96,96,123,134,140,148,137,144,140,172,154,151,137,150,156,186,188,200,157,140,113,119,122,123,119,126,123,98,101,118,103,101,123,110,92,95,90,]
322,1,1,with_set,0.25,28,28,201,120,loop_limit,[604,426,291,256,214,215,191,202,189,175,161,161,146,172,156,171,131,131,129,133,141,116,114,117,116,120,122,123,124,121,135,139,155,152,123,113,125,141,123,113,86,105,135,105,104,109,139,110,129,123,106,108,104,121,134,122,114,116,111,119,104,126,143,122,130,128,149,152,142,135,133,158,155,162,131,128,109,130,111,120,119,147,150,135,123,137,123,133,148,137,129,144,125,121,121,116,143,130,113,121,122,107,118,126,128,121,132,142,152,120,116,123,131,142,135,151,126,151,149,180,174,151,143,142,137,150,151,152,137,140,137,122,102,97,98,98,88,91,82,98,101,118,97,94,92,87,110,108,92,109,127,95,74,100,74,93,96,121,117,120,125,117,134,120,132,136,138,138,133,117,139,141,149,168,119,123,125,107,109,106,97,92,107,115,104,108,100,101,98,109,115,128,135,136,160,159,134,127,128,121,120,]
322,1,2,with_set,0.01,1,1,201,109,loop_limit,[604,415,282,253,200,217,205,183,164,206,164,149,157,152,139,123,108,121,142,148,149,147,155,145,137,134,116,126,110,120,99,122,115,126,123,125,121,123,130,120,112,110,100,119,105,133,115,107,108,115,137,149,163,172,160,147,173,153,189,144,125,145,142,129,130,109,106,117,134,125,132,149,164,161,140,137,112,109,95,97,108,104,118,110,111,114,116,113,96,115,111,137,129,128,115,104,111,118,100,119,100,139,133,129,131,130,112,109,125,154,147,149,143,172,160,196,162,168,157,135,131,152,143,144,153,139,130,112,134,114,116,127,140,147,137,164,137,133,125,117,109,110,116,124,116,117,115,102,102,111,97,81,89,85,83,99,83,80,78,72,79,87,91,112,103,106,105,100,117,119,97,115,102,129,126,103,104,99,100,106,137,116,116,103,109,108,97,97,125,164,144,156,134,157,153,146,143,158,136,131,109,]
322,1,2,with_set,0.05,5,5,201,148,loop_limit,[604,424,407,424,314,267,216,246,216,205,189,183,170,159,119,153,137,152,132,132,142,121,121,138,133,121,110,122,131,153,168,166,153,176,138,143,127,135,128,144,149,146,158,157,146,136,126,120,125,122,123,134,146,136,131,153,158,148,167,163,184,174,149,131,139,141,152,143,171,139,148,151,171,140,140,125,117,107,103,118,110,141,139,138,125,121,116,157,152,143,149,140,165,168,136,142,142,145,129,113,124,121,119,114,115,128,131,136,126,141,141,139,142,133,134,156,139,142,146,131,139,121,124,128,129,137,132,136,134,143,148,147,139,135,134,130,129,135,136,150,159,159,146,149,136,137,129,168,157,147,158,189,164,167,137,178,171,175,146,141,156,173,174,145,126,130,131,157,140,130,115,113,145,146,134,118,112,121,129,140,153,131,136,165,132,123,164,154,142,157,142,155,162,122,137,132,116,142,164,156,148,]
322,1,2,with_set,0.1,11,11,201,106,loop_limit,[604,415,305,267,185,189,188,180,163,143,181,187,174,151,141,145,128,114,109,96,99,114,100,102,105,129,124,148,136,145,133,130,119,120,135,131,123,145,168,188,176,152,136,124,126,135,137,125,134,133,103,113,99,86,78,70,91,113,121,120,119,131,128,117,116,120,115,114,93,113,104,98,113,124,116,119,118,111,88,90,82,101,90,93,112,116,132,125,110,118,97,105,102,117,118,125,109,114,114,139,121,124,117,123,125,109,114,116,115,114,101,104,112,116,120,123,123,112,124,134,128,139,134,129,128,124,154,148,138,120,153,167,163,147,147,149,140,146,143,141,144,164,177,159,173,159,125,114,129,115,142,140,145,164,157,155,142,168,151,140,132,137,117,112,104,123,118,125,108,100,104,106,124,113,136,130,117,95,138,95,137,155,153,168,135,161,134,125,125,136,169,152,131,131,138,135,126,132,117,118,106,]
322,1,2,with_set,0.25,28,28,201,109,loop_limit,[604,424,319,251,292,291,307,259,209,193,175,197,208,165,145,135,166,135,113,149,146,179,172,174,153,147,147,145,127,114,119,96,97,119,114,117,121,115,123,125,116,110,124,112,112,106,128,111,124,125,109,118,129,117,126,109,109,106,129,131,150,153,154,162,168,163,168,148,175,167,168,176,139,157,148,135,133,122,138,141,145,120,125,144,151,155,151,166,146,134,136,146,156,151,142,144,131,119,141,116,113,112,114,113,107,103,125,118,99,109,113,140,109,118,132,153,141,166,141,122,125,123,121,118,129,118,121,119,158,119,148,148,140,128,125,124,118,122,123,141,103,108,122,136,125,129,125,148,141,140,164,155,126,141,128,130,110,115,112,120,112,130,138,145,144,128,123,133,136,136,139,124,120,125,117,107,103,118,92,110,123,131,133,128,103,90,86,83,104,99,99,93,78,79,87,92,95,101,88,93,109,]
322,1,4,with_set,0.01,1,1,201,116,loop_limit,[604,415,317,253,206,187,153,148,118,125,131,131,113,124,148,142,145,133,141,129,105,147,143,149,152,134,131,139,137,143,137,136,219,204,145,147,133,135,121,118,121,113,91,109,104,96,90,105,113,105,123,125,135,142,163,139,154,154,146,168,143,142,147,145,185,174,159,151,135,115,111,122,107,121,104,121,120,118,111,104,81,112,121,128,154,168,162,150,157,142,168,157,161,186,171,214,162,159,148,183,185,161,240,223,202,210,184,171,191,161,190,171,161,145,174,189,149,171,205,207,195,188,173,173,160,156,169,146,155,152,152,140,138,126,119,118,116,140,119,132,120,142,121,118,99,112,128,158,141,161,141,129,175,152,143,152,154,185,176,169,183,175,191,156,161,148,130,146,141,146,142,144,134,134,131,129,126,126,123,127,109,110,122,118,106,106,125,131,112,114,125,132,147,210,188,143,145,136,129,136,116,]
322,1,4,with_set,0.05,5,5,201,139,loop_limit,[604,427,416,341,342,285,289,245,260,223,251,252,356,290,250,232,180,179,212,213,183,213,195,207,161,138,174,196,178,158,136,216,176,200,169,154,126,140,156,134,123,125,94,108,92,128,131,135,142,142,144,138,136,132,146,178,168,181,193,177,178,154,130,136,150,140,137,163,130,163,130,131,126,117,149,142,149,158,169,174,158,136,133,159,165,157,130,122,105,116,130,167,143,173,152,130,124,132,110,146,133,145,116,122,139,131,134,108,122,112,115,119,125,172,181,185,186,246,221,250,216,190,256,236,217,207,194,189,184,167,148,161,112,114,126,130,106,111,127,215,180,183,174,167,158,256,199,184,183,279,258,225,196,179,157,174,161,143,127,137,151,145,160,197,180,157,147,191,186,163,133,149,153,158,135,148,137,138,110,151,153,146,160,165,157,145,145,132,149,136,117,147,132,134,145,159,130,121,118,131,139,]
322,1,4,with_set,0.1,11,11,201,147,loop_limit,[604,424,335,260,209,174,193,172,154,191,161,167,150,161,136,154,150,158,149,176,147,139,162,175,179,162,150,178,175,152,169,149,163,223,176,207,177,185,181,178,158,162,149,142,164,139,121,117,130,133,147,145,125,135,131,240,180,194,168,191,227,200,164,139,152,151,150,238,180,190,253,226,188,165,144,154,153,148,140,136,143,136,139,151,144,133,144,143,156,137,146,135,117,125,100,134,132,149,132,146,162,139,145,144,135,130,144,161,160,132,119,114,164,133,133,216,200,176,145,170,167,166,159,246,188,167,173,179,155,145,132,140,150,150,139,144,128,119,122,110,110,133,135,114,182,160,187,169,159,126,114,130,117,118,145,184,156,162,157,157,142,139,158,153,179,161,161,145,126,175,178,193,160,160,149,160,153,155,129,136,114,115,130,134,157,149,156,154,222,180,149,130,123,125,118,128,125,119,120,155,147,]
322,1,4,with_set,0.25,28,28,201,178,loop_limit,[604,424,315,286,302,250,202,191,204,192,156,134,130,133,126,139,120,101,105,121,117,116,114,122,134,154,148,148,131,144,150,178,176,256,210,190,156,138,177,175,158,138,131,114,131,122,134,187,163,173,173,176,159,150,154,132,171,177,142,148,137,125,117,145,133,151,133,212,190,220,214,204,188,180,243,203,192,230,202,210,184,182,170,192,226,207,163,192,169,185,172,164,246,215,182,174,139,191,218,196,164,172,169,148,144,143,147,144,129,128,181,177,181,226,221,298,223,237,215,253,187,258,285,236,208,219,197,182,210,264,230,311,246,246,277,219,223,218,226,197,218,215,196,199,260,226,202,179,151,170,148,140,115,130,122,120,121,123,133,127,134,145,163,154,150,159,155,186,137,149,153,149,137,138,123,141,127,150,139,147,152,167,163,138,181,166,195,220,201,189,176,164,161,176,198,202,214,195,221,199,178,]
322,1,8,with_set,0.01,1,1,201,152,loop_limit,[604,405,286,248,269,248,219,257,240,254,227,212,341,514,369,320,246,419,272,251,280,260,195,204,167,166,158,157,143,165,152,132,116,149,134,135,132,288,214,202,167,166,165,174,174,194,169,183,166,169,193,167,162,179,208,160,178,180,181,186,195,224,212,213,207,178,161,166,153,142,168,142,175,176,172,159,156,153,118,111,135,150,129,130,128,116,111,117,127,125,149,146,159,163,154,131,115,145,115,145,145,131,148,124,118,111,106,153,106,107,104,131,112,145,141,140,171,124,168,124,110,146,141,127,126,213,316,239,215,208,169,170,164,169,217,257,213,183,184,168,198,190,185,179,158,181,318,269,208,238,208,185,167,194,167,149,147,130,162,156,126,156,148,186,165,181,142,131,132,135,123,123,126,126,135,133,129,137,134,125,98,94,108,117,121,116,110,129,140,137,114,108,129,133,155,152,142,154,148,166,152,]
322,1,8,with_set,0.05,5,5,201,219,loop_limit,[604,426,351,289,316,497,360,525,342,428,298,284,239,214,235,221,195,229,173,190,211,191,182,193,204,178,167,160,142,148,134,132,149,141,143,157,180,286,232,204,224,196,159,132,162,145,128,125,136,125,119,115,116,153,131,149,133,160,149,138,167,158,285,207,176,180,161,156,248,211,180,163,149,149,131,127,103,127,125,139,139,139,147,154,153,183,202,191,178,301,221,229,188,163,142,124,121,112,139,125,117,117,109,128,120,142,120,120,159,160,160,171,136,128,105,136,152,158,147,154,145,133,261,226,203,182,184,162,130,144,128,245,186,164,148,150,127,121,122,137,142,170,150,144,118,145,104,110,117,129,135,129,118,125,129,136,147,139,120,121,132,144,138,128,116,108,107,111,110,120,132,120,121,120,146,143,158,147,151,146,143,142,149,133,146,145,119,147,147,161,166,164,163,283,219,190,175,313,243,295,219,]
322,1,8,with_set,0.1,11,11,201,142,loop_limit,[604,393,277,239,258,239,213,359,261,254,211,251,210,183,197,179,193,175,160,157,160,162,147,144,219,204,182,198,198,184,309,242,199,177,164,184,191,166,149,145,156,161,145,149,124,127,116,114,135,156,147,153,150,143,138,152,145,267,198,179,197,168,150,291,223,333,282,249,275,222,206,200,304,288,245,215,184,165,152,168,157,182,196,204,228,199,176,186,166,147,156,145,147,150,182,150,148,140,168,161,139,156,144,139,128,127,152,152,143,150,148,124,178,190,206,188,205,189,170,205,197,196,197,179,300,293,207,241,207,187,154,145,125,114,113,182,135,228,153,256,220,192,160,184,187,198,191,177,157,173,152,174,179,170,144,155,153,168,146,140,127,148,122,115,107,104,100,117,119,107,87,100,96,112,107,116,113,126,138,121,134,140,116,129,125,119,115,102,134,150,162,168,172,153,140,166,157,141,152,145,142,]
322,1,8,with_set,0.25,28,28,201,170,loop_limit,[604,405,281,242,221,184,191,184,179,218,168,156,172,159,149,136,177,169,173,199,206,177,318,265,216,185,163,148,145,141,154,133,138,147,157,155,126,138,133,134,114,113,117,111,113,102,108,120,122,126,126,123,108,111,103,127,127,144,144,147,132,128,109,120,118,135,108,113,100,119,121,124,137,140,127,131,138,134,118,136,124,122,111,115,101,97,77,86,83,101,114,135,114,129,134,126,127,131,149,136,117,117,114,249,180,198,184,182,241,196,184,153,179,161,176,148,146,149,139,172,185,206,164,165,159,176,185,147,142,137,117,121,147,133,145,153,143,124,104,144,134,146,127,136,123,127,120,119,126,177,135,292,203,227,192,161,147,124,109,138,134,140,151,173,185,146,121,93,110,252,216,238,220,207,199,158,160,166,150,164,148,198,169,172,160,176,181,175,163,179,286,244,208,186,171,171,142,140,153,153,170,]
322,1,16,with_set,0.01,1,1,201,149,loop_limit,[604,581,493,373,295,260,203,243,203,206,195,176,214,182,176,202,179,165,141,165,166,165,144,137,125,135,133,142,158,157,160,144,170,168,172,183,136,183,136,128,117,113,113,136,307,257,196,201,186,156,163,152,160,183,212,197,179,171,155,143,171,143,120,153,143,142,123,169,200,165,203,186,195,373,391,308,221,204,295,239,220,230,188,218,197,184,170,159,173,163,159,142,127,103,123,151,138,162,155,145,153,141,136,143,137,150,157,159,146,181,171,148,131,145,124,121,138,170,165,150,176,168,170,533,604,407,315,285,244,233,244,204,171,181,208,193,193,181,189,173,142,121,108,98,118,115,126,126,129,148,142,375,292,216,204,379,477,422,480,334,261,253,197,194,185,262,244,229,230,204,166,165,154,180,154,146,211,195,192,182,172,179,163,141,150,136,123,131,124,122,119,108,137,154,145,138,158,133,181,162,149,]
322,1,16,with_set,0.05,5,5,201,252,loop_limit,[604,519,369,359,284,261,218,230,191,183,180,165,147,168,164,162,345,280,218,221,182,167,133,392,294,260,403,313,261,226,359,300,250,257,257,221,187,184,174,179,156,187,148,160,147,136,132,136,142,127,122,138,145,135,118,130,118,98,87,105,115,98,134,164,171,168,192,188,178,180,169,154,165,217,261,211,237,198,175,172,184,173,148,139,125,120,120,122,118,133,134,156,135,131,141,134,310,238,211,578,393,644,386,309,278,230,197,165,140,149,122,120,126,149,149,127,134,129,160,147,120,309,239,221,208,209,322,262,426,324,555,403,577,413,310,346,280,241,206,243,221,193,179,161,131,143,142,158,120,148,145,137,123,119,137,154,118,119,121,161,121,126,132,131,108,121,147,166,178,163,206,194,426,566,604,424,582,419,414,401,293,244,218,209,176,228,234,211,297,260,391,489,358,631,407,398,566,377,284,329,252,]
322,1,16,with_set,0.1,11,11,201,297,loop_limit,[604,433,321,263,400,315,259,240,452,353,278,311,263,248,204,180,148,159,147,132,128,138,125,136,108,215,177,561,596,384,298,234,274,255,223,204,246,223,183,278,248,256,211,196,179,147,179,157,152,159,359,250,200,206,181,190,243,221,183,177,184,184,209,169,160,171,368,266,226,188,171,185,176,174,172,147,165,153,170,386,293,314,261,207,238,215,353,256,219,189,416,346,277,296,267,250,590,416,315,251,405,315,326,275,299,275,299,503,361,381,302,243,210,184,209,213,210,176,197,176,355,284,386,330,268,227,205,226,203,172,164,187,145,157,129,115,161,151,157,160,140,147,127,344,268,234,183,180,171,140,133,132,132,334,259,631,414,423,323,339,531,381,376,278,260,216,260,240,211,232,203,174,132,182,162,162,155,142,144,146,138,142,139,338,241,581,369,305,256,451,317,280,243,274,595,406,315,606,400,319,297,]
322,1,16,with_set,0.25,28,28,201,286,loop_limit,[604,415,302,259,196,193,218,193,178,153,127,137,136,145,130,396,368,325,266,416,321,267,232,194,386,305,257,221,253,221,197,195,154,151,118,129,142,150,130,285,248,267,214,179,160,188,174,182,150,184,135,143,166,180,165,151,135,153,157,165,199,174,147,162,163,154,128,114,112,135,131,149,143,446,380,387,339,288,240,212,194,174,385,277,226,351,314,259,233,225,201,215,561,390,277,245,202,232,457,345,255,239,574,391,566,523,366,304,261,270,243,326,252,232,212,217,181,193,188,174,144,138,136,161,185,169,165,163,156,143,153,136,124,107,88,159,128,399,294,263,223,262,194,202,171,199,156,174,174,194,177,159,164,177,175,157,143,127,110,133,123,121,120,146,158,165,143,135,127,133,140,135,110,117,266,223,390,283,401,285,252,224,232,234,202,497,369,316,259,254,263,258,230,209,197,182,173,199,545,401,286,]
322,2,16,with_set,0.01,2,2,201,7,loop_limit,[604,595,266,130,71,34,44,24,16,16,16,10,11,9,8,5,3,2,3,6,4,3,3,2,3,4,3,4,3,6,5,6,4,6,5,5,3,6,4,6,5,6,6,10,5,6,5,4,2,2,6,5,7,9,7,10,17,7,5,5,5,5,5,7,6,7,10,8,7,8,4,7,5,5,5,4,4,6,7,4,4,7,4,5,6,5,4,6,15,6,9,8,6,7,6,2,3,4,7,4,6,7,6,6,4,6,10,8,7,6,3,2,3,5,4,6,9,6,5,10,16,18,20,20,6,9,7,9,6,9,10,6,5,5,4,5,3,5,8,6,4,3,3,5,3,2,6,5,5,5,3,2,3,6,3,3,2,5,12,4,4,6,6,5,9,7,4,3,3,2,3,2,2,5,2,2,6,11,7,7,8,9,4,7,7,7,4,9,6,4,3,3,2,5,4,2,6,7,6,11,7,]
328,1,4,with_set,0.01,1,1,201,9,loop_limit,[245,90,52,31,16,8,14,5,6,6,6,5,7,4,8,4,5,5,9,9,7,9,5,8,5,9,7,4,5,3,4,3,5,8,8,8,10,12,9,4,12,12,12,6,7,7,7,11,5,5,9,5,7,4,7,7,5,3,7,5,4,12,6,4,5,4,8,6,5,4,7,4,4,4,7,8,7,6,5,9,5,8,5,3,7,11,6,4,7,7,6,7,10,9,11,9,6,5,5,6,6,6,5,4,5,9,8,3,5,5,6,3,4,5,5,4,5,4,8,12,8,10,8,7,7,5,6,4,7,13,8,13,13,5,6,11,6,7,6,6,6,9,8,9,9,5,5,4,6,4,5,3,7,3,5,3,5,5,5,6,10,3,5,9,6,9,6,3,7,3,6,5,6,4,12,13,10,11,10,7,8,8,9,8,7,6,6,5,5,7,7,4,8,8,6,8,6,4,5,6,9,]
328,1,8,with_set,0.01,1,1,201,9,loop_limit,[245,70,27,15,10,8,6,5,11,9,13,6,6,5,4,5,6,12,12,12,13,6,7,6,13,13,9,4,5,3,5,8,9,8,12,7,7,9,13,11,6,6,5,10,5,3,5,4,5,4,7,5,7,5,6,3,5,3,5,4,5,5,5,4,13,7,14,11,13,7,5,4,5,8,5,3,5,8,15,9,7,7,7,7,8,5,5,4,5,5,5,5,6,8,8,6,6,4,5,6,9,8,10,7,7,6,7,5,7,8,7,4,9,5,9,5,5,6,8,5,5,6,8,5,6,9,6,4,5,9,13,4,6,7,9,10,11,10,9,8,5,4,5,5,6,11,15,8,14,8,6,6,6,6,7,5,7,7,6,5,7,4,8,5,5,9,10,11,7,5,7,6,8,5,5,9,8,9,7,14,11,7,14,9,7,6,10,11,10,7,7,7,7,8,8,5,5,4,10,11,9,]
328,1,16,with_set,0.01,1,1,201,10,loop_limit,[245,91,44,24,29,13,7,9,8,4,5,13,12,8,9,8,10,9,8,8,14,14,6,6,9,10,12,9,11,6,7,9,10,3,6,6,5,8,10,8,7,4,5,4,7,7,5,4,23,10,5,6,6,7,6,10,5,6,6,4,13,8,7,4,10,9,8,8,9,5,6,5,6,7,6,10,4,5,8,11,10,5,5,6,7,4,5,6,8,8,15,6,10,6,10,6,6,5,6,5,5,9,6,11,8,8,7,4,5,4,8,8,6,8,14,11,10,8,9,8,8,4,7,4,8,6,6,9,8,11,14,5,8,6,5,9,10,7,6,6,10,6,11,3,5,5,5,8,10,7,10,5,12,14,13,8,9,10,10,8,13,14,14,8,9,6,6,3,6,7,10,5,5,7,7,11,6,8,9,5,12,9,6,9,9,12,10,10,11,6,11,10,9,9,8,5,9,5,8,4,10,]
331,1,1,with_set,0.05,5,5,201,14,loop_limit,[180,41,24,22,19,17,17,15,18,14,18,13,14,16,18,17,19,15,16,12,13,14,13,14,18,16,16,16,18,13,18,15,14,14,13,16,14,14,17,17,14,12,18,14,17,14,18,12,14,14,14,14,14,12,13,14,15,13,13,12,18,17,14,16,17,12,14,16,14,13,14,14,18,17,14,13,16,14,14,12,16,13,15,14,15,16,14,12,14,14,14,12,18,16,17,14,14,16,17,15,21,17,14,14,14,16,17,14,18,14,14,16,18,17,21,15,18,16,17,14,14,14,13,14,13,12,14,12,18,17,19,14,18,14,17,14,17,15,15,13,18,14,14,14,14,16,17,14,13,14,15,15,15,13,14,16,17,14,15,14,20,17,21,14,14,16,17,15,16,12,17,15,15,17,18,14,18,15,18,16,15,15,15,16,18,15,21,13,14,16,15,14,14,14,14,12,17,14,15,13,14,]
331,1,2,with_set,0.01,1,1,201,14,loop_limit,[180,45,30,29,21,15,15,16,14,16,14,14,13,16,14,16,17,15,15,14,14,15,14,17,20,15,15,14,18,16,15,15,17,14,19,14,14,16,17,15,18,15,16,14,14,16,17,16,18,13,19,16,18,12,18,13,14,14,18,12,19,14,18,15,16,13,14,15,14,14,18,13,19,14,18,14,14,12,13,14,15,12,16,13,20,19,16,15,15,15,20,14,18,14,13,16,18,12,17,14,18,18,19,16,15,14,13,14,17,16,17,14,15,15,17,14,15,16,15,14,21,17,19,15,14,14,13,14,14,14,14,16,14,13,19,16,14,14,19,15,21,18,14,16,18,14,17,15,20,20,14,12,16,15,13,14,14,12,19,16,18,14,15,15,14,12,14,14,14,14,15,17,18,14,14,13,18,15,17,14,18,14,14,16,15,13,14,14,15,13,14,14,14,16,17,14,14,14,16,13,14,]
331,1,4,with_set,0.01,1,1,201,20,loop_limit,[180,36,38,21,21,13,16,13,18,16,14,13,14,14,15,17,14,16,17,14,18,14,18,13,18,14,14,13,14,12,18,14,17,12,19,14,14,12,14,12,15,12,14,14,18,16,15,15,15,15,19,17,15,12,14,16,17,16,14,16,17,17,19,15,17,14,14,15,15,13,16,14,14,14,18,14,14,16,14,16,18,16,15,13,17,14,14,15,18,16,15,18,21,18,15,13,15,16,15,13,14,14,15,14,18,14,14,14,14,16,14,13,20,13,18,16,14,14,19,13,14,12,19,14,17,16,14,16,14,16,17,17,18,14,14,14,13,16,14,13,14,17,17,14,14,13,14,14,14,14,16,14,13,18,18,17,19,17,17,16,17,15,14,13,14,13,18,14,14,12,14,16,14,14,14,16,14,14,14,16,17,13,14,13,18,13,19,14,17,14,15,15,15,13,14,17,16,18,16,15,20,]
331,1,4,with_set,0.05,5,5,201,14,loop_limit,[180,36,24,13,14,16,17,13,14,14,15,13,14,12,14,14,17,14,14,12,16,12,13,13,17,15,15,16,14,12,14,16,14,14,14,14,14,16,14,12,14,14,14,13,14,16,18,14,15,13,14,14,14,13,18,15,16,15,18,16,17,18,20,15,14,12,14,13,14,16,18,16,18,14,18,14,14,13,14,16,15,15,15,13,19,14,17,14,15,13,17,15,14,14,14,14,18,13,14,14,13,16,14,14,17,14,20,15,19,15,14,15,17,12,13,12,13,16,15,16,17,17,18,15,15,12,14,12,19,16,16,16,15,14,14,16,14,16,17,17,19,15,13,14,17,12,15,12,14,14,14,12,19,14,18,14,14,13,14,16,15,18,21,14,14,14,15,12,19,16,17,19,18,14,13,16,15,18,19,14,18,16,19,13,14,14,14,12,18,14,14,16,14,16,18,14,14,16,14,13,14,]
331,1,8,with_set,0.05,5,5,201,18,loop_limit,[180,36,26,20,23,14,14,13,17,16,15,17,17,14,19,17,19,18,18,15,15,16,14,16,18,16,17,12,14,14,18,16,18,13,14,13,18,14,18,16,18,14,13,16,17,17,20,15,15,13,18,13,18,14,14,13,14,16,17,18,15,13,17,12,17,12,18,14,14,16,18,16,15,17,17,17,18,14,16,13,14,16,18,15,19,14,13,14,18,17,14,14,14,16,14,16,15,12,14,14,18,14,15,13,14,15,14,17,16,14,17,14,21,18,14,13,20,14,14,16,15,13,14,14,14,14,18,13,14,13,15,14,14,15,15,14,20,14,17,17,17,15,18,15,17,17,21,17,23,18,20,13,20,17,14,14,15,17,14,16,14,16,14,14,18,17,22,14,18,16,17,16,15,15,17,16,15,16,16,18,16,14,14,13,16,18,15,13,18,16,19,17,21,14,13,16,14,14,14,13,18,]
331,1,16,with_set,0.01,1,1,201,14,loop_limit,[180,104,37,24,22,19,14,12,14,14,18,14,18,14,14,16,14,12,17,15,16,16,17,17,16,18,15,15,20,14,18,14,13,16,15,15,14,13,16,14,16,14,18,14,13,12,14,14,14,12,15,12,14,12,14,16,18,15,16,15,19,17,15,12,14,15,16,13,13,12,13,13,14,12,15,14,13,15,14,20,17,17,17,20,18,13,18,16,17,15,17,14,14,12,16,13,18,16,17,15,15,12,16,13,17,16,18,16,19,13,14,14,20,14,18,16,18,13,13,12,14,15,14,17,17,14,18,16,15,15,15,15,14,16,15,16,19,17,15,15,14,16,18,14,16,14,14,14,18,14,14,17,18,17,18,13,16,12,16,15,14,13,14,12,14,14,13,13,14,14,14,12,17,19,15,12,19,15,13,16,14,12,17,19,14,14,14,12,18,13,18,13,17,12,18,17,19,15,16,13,14,]
335,1,1,with_set,0.01,1,1,201,7,loop_limit,[549,277,177,112,83,77,66,44,45,30,25,26,42,32,29,20,27,20,16,17,25,17,23,17,9,12,17,9,13,10,11,17,13,14,18,10,11,5,12,8,5,6,10,10,19,15,14,13,13,6,10,7,9,8,15,5,11,7,15,8,7,5,12,9,14,11,11,11,12,12,14,11,10,5,4,5,6,2,5,5,8,5,7,4,8,10,13,14,15,8,13,3,4,3,6,4,10,9,7,11,10,6,4,2,5,5,6,5,11,9,11,5,6,7,6,7,9,9,9,6,6,4,6,7,6,3,6,7,8,9,13,15,19,11,12,7,10,8,13,8,19,14,17,10,11,8,19,21,19,21,20,14,11,11,13,9,11,10,6,10,9,4,7,5,7,6,9,7,16,13,9,9,12,13,15,8,14,14,15,7,12,13,10,8,10,6,4,5,3,3,7,5,9,8,6,8,8,6,5,9,7,]
335,1,2,with_set,0.01,1,1,201,3,loop_limit,[549,274,204,117,95,101,90,75,97,75,53,36,30,27,21,21,29,17,17,13,12,10,8,7,9,7,11,10,9,6,8,7,10,9,8,4,4,3,5,3,7,7,8,6,9,9,10,7,9,5,8,6,9,7,11,7,5,4,6,3,4,3,8,7,4,2,4,4,6,9,6,5,6,4,6,6,5,6,3,2,5,7,5,7,8,7,7,9,13,12,10,11,9,8,9,10,6,8,11,11,7,9,8,8,8,8,8,7,9,7,9,7,8,12,8,13,21,11,5,5,2,2,6,6,6,4,2,2,4,5,6,5,5,5,8,5,8,2,5,7,9,6,9,5,5,5,6,6,14,10,14,12,12,7,15,10,11,7,4,8,7,10,7,6,7,3,4,2,2,3,6,7,11,11,12,11,18,9,21,16,17,17,16,16,15,16,19,11,14,13,24,17,13,10,10,4,10,4,7,7,3,]
335,1,4,with_set,0.01,1,1,201,8,loop_limit,[549,418,332,294,202,126,120,107,91,80,63,44,42,27,35,21,30,15,20,15,16,7,14,7,18,14,10,6,5,3,7,6,11,5,6,6,8,2,5,5,9,6,7,11,11,10,11,9,6,5,6,8,12,9,20,7,8,5,15,10,9,9,10,10,9,10,12,11,10,8,11,9,11,6,11,7,8,12,6,7,11,12,9,5,8,8,16,11,15,9,14,10,11,11,8,8,5,2,6,4,4,6,14,10,12,8,14,10,12,8,16,8,9,9,11,6,6,6,9,8,10,12,8,3,4,3,5,2,4,8,5,6,5,2,5,5,5,6,9,8,9,5,5,5,11,8,4,6,6,2,5,3,6,5,5,3,7,3,5,4,4,3,5,6,6,7,6,7,8,6,3,5,2,4,6,5,9,10,11,7,7,7,5,5,6,4,7,6,7,6,5,3,4,5,6,5,10,11,11,5,8,]
335,1,8,with_set,0.01,1,1,201,8,loop_limit,[549,262,208,133,102,60,57,49,79,64,65,45,67,40,35,31,28,29,30,26,34,33,41,23,20,20,16,16,15,13,17,8,15,12,12,10,15,9,7,11,19,12,12,8,16,15,28,20,17,16,22,8,8,11,10,14,14,16,25,17,15,14,9,10,16,13,14,10,14,9,12,12,13,10,10,14,24,18,11,18,16,16,13,11,10,7,13,11,20,13,12,10,15,8,18,5,11,6,5,7,8,8,7,2,4,6,7,6,6,4,7,6,7,8,16,12,17,10,12,10,9,13,13,10,14,11,9,9,14,12,13,5,12,8,7,7,9,6,5,7,2,2,5,7,7,6,6,7,7,9,9,12,12,11,21,16,17,11,16,7,4,5,7,7,5,5,5,8,12,7,10,10,11,6,8,8,13,9,12,13,12,11,11,11,12,6,7,6,9,9,10,12,12,6,13,7,13,10,15,10,8,]
335,1,16,with_set,0.01,1,1,201,6,loop_limit,[549,246,199,206,151,110,124,78,88,71,72,95,88,83,73,59,46,48,34,12,11,11,15,16,9,4,3,4,6,3,6,7,8,4,7,6,11,5,6,5,5,3,4,2,5,10,8,5,5,3,9,6,5,7,5,5,7,12,13,6,7,5,5,5,9,5,9,5,11,3,5,7,11,6,11,6,5,3,6,3,2,3,6,5,10,4,9,12,12,12,14,9,15,10,10,4,5,5,4,3,4,4,10,6,6,6,12,9,8,8,7,6,5,6,12,9,10,9,6,5,6,5,5,3,6,5,6,3,6,8,6,5,5,7,4,4,6,2,4,6,7,6,11,10,17,10,17,5,8,6,8,8,13,9,10,7,10,8,7,11,17,15,14,11,12,11,12,13,13,9,13,9,13,6,11,8,15,7,10,7,7,7,12,11,13,9,15,7,12,11,11,8,13,9,9,6,5,4,6,6,6,]
337,1,1,with_set,0.01,1,1,201,192,loop_limit,[645,518,346,361,254,279,241,236,194,201,175,201,149,172,155,183,172,210,210,223,171,198,187,199,177,185,181,170,161,185,153,169,179,210,173,227,184,220,185,205,167,207,191,222,169,200,204,265,239,266,264,265,226,261,217,196,215,191,215,230,196,229,166,198,182,176,194,211,224,235,222,235,163,199,189,242,203,227,159,174,157,195,179,177,184,230,196,232,219,232,175,223,173,205,156,196,145,189,137,178,151,180,170,181,162,192,159,239,182,236,205,209,200,220,195,201,190,205,178,189,166,205,158,173,166,204,197,219,171,202,175,192,163,205,163,205,159,185,173,226,168,201,191,178,165,175,156,188,124,143,124,163,165,202,173,212,173,195,157,194,169,179,151,181,140,164,160,176,166,176,144,168,165,187,160,180,155,175,169,196,157,178,155,176,156,196,184,189,188,216,198,228,230,217,191,227,189,197,171,223,192,]
337,1,1,with_set,0.05,5,5,201,188,loop_limit,[645,507,384,383,366,323,270,272,223,227,187,253,194,235,224,214,164,197,176,198,189,219,190,209,166,237,177,212,196,197,201,193,168,182,193,220,187,212,196,237,212,228,208,238,198,237,215,276,208,233,185,220,184,202,148,172,141,176,163,182,164,242,193,261,188,219,206,239,204,216,199,210,183,226,165,197,169,184,190,260,186,233,201,233,189,217,178,188,159,228,192,192,152,222,180,225,199,231,173,207,159,214,177,227,193,217,154,200,176,203,175,182,168,172,184,188,154,159,163,208,163,181,147,184,171,210,191,209,178,227,229,263,234,282,227,302,227,252,213,237,207,235,179,212,183,205,176,167,149,147,153,189,192,182,186,194,175,185,160,188,163,215,159,197,188,226,224,241,201,255,201,235,211,225,187,209,164,198,160,215,168,181,156,168,172,225,196,217,212,208,172,186,187,239,162,227,162,182,164,177,188,]
337,1,1,with_set,0.1,11,11,201,171,loop_limit,[645,493,370,418,303,317,281,287,288,286,217,256,231,247,188,186,194,186,161,198,160,205,144,166,151,189,184,234,200,222,184,205,180,209,189,219,173,198,186,239,190,207,152,196,171,195,175,212,179,247,190,202,166,197,198,232,198,224,176,254,181,225,184,200,195,202,184,170,145,188,150,191,167,172,175,180,159,185,171,179,169,184,157,163,147,180,168,200,156,169,161,176,151,173,142,151,150,171,158,182,168,200,183,228,200,212,189,183,200,204,167,169,168,173,153,176,148,184,169,203,170,187,151,175,156,173,173,168,148,181,171,212,154,188,166,211,203,214,179,207,160,228,175,184,132,154,157,197,166,213,195,226,195,231,225,268,235,263,180,206,165,217,176,191,189,176,174,184,167,195,142,177,152,181,148,223,173,201,160,192,164,208,193,218,184,217,189,192,179,199,171,200,177,190,157,191,171,226,195,222,171,]
337,1,1,with_set,0.25,28,28,201,146,loop_limit,[645,493,365,335,279,291,224,276,211,253,202,263,228,254,199,190,163,255,193,233,201,205,189,233,206,207,175,196,188,220,182,227,177,202,208,227,191,222,190,228,194,253,194,229,166,220,170,199,200,249,197,250,183,246,204,202,171,206,174,188,176,222,161,164,144,182,179,233,205,226,193,239,197,227,168,209,182,196,140,173,147,182,176,219,179,206,170,180,157,223,203,260,203,223,188,220,199,235,179,205,173,204,187,233,213,221,217,275,238,244,197,214,184,237,184,188,162,187,162,193,153,179,168,176,163,186,177,201,165,222,186,217,202,239,190,216,177,207,180,205,187,186,164,190,161,181,171,211,181,207,154,178,149,175,145,164,167,209,177,206,153,160,137,166,129,141,115,120,119,137,130,201,174,221,189,230,205,267,206,284,224,238,192,227,175,182,163,216,189,209,194,209,200,206,221,229,172,188,138,176,146,]
337,1,2,with_set,0.01,1,1,201,188,loop_limit,[645,493,335,324,270,297,232,239,212,263,191,217,172,211,178,209,175,209,169,169,176,237,176,162,182,197,178,210,177,194,192,256,204,212,225,255,242,237,226,246,177,211,199,199,195,250,205,242,206,245,203,251,206,212,176,187,132,178,136,185,149,188,172,206,159,192,167,209,183,209,135,151,154,192,148,183,157,175,144,140,118,134,115,136,137,183,157,164,147,168,140,142,145,158,134,159,132,151,147,176,166,206,167,197,168,194,168,171,159,208,181,192,149,229,178,231,200,228,199,190,201,193,160,180,176,243,198,200,178,219,207,239,195,255,203,227,221,227,197,188,163,181,152,184,176,184,153,186,160,212,154,198,173,173,154,193,167,192,168,170,159,180,179,222,178,197,155,150,153,159,161,214,198,238,213,244,198,236,199,273,205,273,211,241,216,246,236,248,202,206,191,211,199,235,240,244,227,256,218,245,188,]
337,1,2,with_set,0.05,5,5,201,192,loop_limit,[645,506,338,347,311,330,252,345,300,284,214,265,246,242,226,206,173,182,155,176,162,199,176,230,192,199,171,180,181,227,154,165,162,195,167,173,175,205,182,171,157,218,157,174,142,181,142,172,149,178,181,248,192,189,202,259,212,226,180,238,231,246,246,257,192,216,176,202,170,189,157,184,170,201,176,193,161,201,180,201,159,222,199,215,218,227,180,247,195,216,199,245,193,245,187,207,198,188,173,175,160,170,134,156,143,173,153,191,149,176,158,159,132,154,133,147,136,196,169,213,173,199,163,181,165,188,174,207,190,222,205,242,183,190,173,176,164,169,145,206,133,202,167,198,154,173,149,205,188,199,157,165,148,183,160,161,142,189,173,181,176,206,196,223,186,212,177,201,164,195,159,184,161,180,148,180,176,203,171,216,194,241,219,238,208,219,192,207,205,230,239,277,243,258,206,226,198,204,177,206,192,]
337,1,2,with_set,0.1,11,11,201,138,loop_limit,[645,487,351,349,283,294,221,236,222,235,198,212,204,271,221,303,250,234,214,310,248,269,219,271,202,216,187,254,230,289,204,286,237,273,240,247,233,279,233,242,184,250,219,262,206,222,168,206,183,227,224,246,194,236,196,245,202,232,222,239,211,266,241,257,211,234,231,254,249,224,181,263,225,289,261,295,246,240,199,209,188,187,155,195,174,223,185,210,171,238,180,214,225,253,210,235,184,200,179,213,216,218,173,190,170,209,180,203,172,181,181,181,181,197,179,230,202,224,209,251,187,225,178,212,181,192,152,192,165,229,195,217,187,199,154,177,152,187,152,187,166,195,154,204,154,162,141,171,171,201,166,179,165,189,161,205,170,184,176,197,194,251,217,229,163,226,213,242,191,232,184,229,199,261,199,189,165,243,204,197,175,202,151,196,155,182,162,168,159,164,143,173,165,175,179,172,129,150,146,156,138,]
337,1,2,with_set,0.25,28,28,201,161,loop_limit,[645,518,348,435,309,321,253,277,238,271,238,276,216,293,241,252,224,207,187,229,194,234,177,193,152,185,168,207,191,217,196,230,214,243,203,248,198,228,176,230,218,247,208,246,242,264,241,257,206,226,171,217,170,196,203,229,198,209,185,255,229,298,266,257,214,241,210,234,178,239,197,263,198,258,214,212,169,205,167,180,157,188,161,186,140,203,168,209,196,196,145,176,157,210,176,180,146,189,139,158,148,182,143,186,145,165,151,195,172,215,179,218,179,213,187,215,178,218,175,208,190,221,192,216,221,234,197,243,220,238,217,279,257,310,277,323,217,254,222,217,199,224,219,224,186,204,177,218,193,249,222,267,221,238,235,283,221,228,212,233,212,237,184,197,179,164,141,162,145,175,153,169,141,218,190,249,203,266,191,233,194,212,178,190,173,188,153,176,154,243,154,192,189,208,180,217,211,256,189,214,161,]
337,1,4,with_set,0.01,1,1,201,197,loop_limit,[645,518,345,341,273,279,217,231,204,254,236,256,195,214,166,231,228,231,184,227,209,273,260,256,230,237,221,249,180,210,192,214,215,222,191,252,199,384,273,346,273,282,226,221,200,270,229,261,228,306,223,263,218,232,211,253,222,238,193,253,201,235,237,238,201,241,235,304,235,242,187,187,223,262,243,279,204,218,174,186,166,195,168,161,142,200,176,217,175,208,171,184,127,128,104,117,134,130,131,129,117,173,167,213,166,197,161,189,159,195,168,206,173,184,164,209,210,231,188,195,156,202,203,202,187,221,158,203,180,216,183,218,165,182,156,198,171,222,236,246,191,215,205,212,177,202,192,223,193,217,178,198,168,182,175,195,178,219,185,222,180,204,178,249,178,204,191,185,155,208,172,182,159,204,245,224,193,355,224,228,172,215,165,232,165,186,146,170,163,184,165,161,143,192,131,183,177,216,188,216,197,]
337,1,4,with_set,0.05,5,5,201,173,loop_limit,[645,602,458,395,438,581,375,359,294,380,275,318,333,356,266,432,410,395,307,316,261,276,281,283,223,276,241,263,208,253,231,253,206,247,203,199,241,250,209,284,228,229,185,231,226,269,230,268,210,244,361,355,277,331,296,295,229,265,245,413,296,294,226,241,186,237,202,207,185,225,214,216,276,321,241,261,229,260,204,225,194,278,224,295,224,252,218,273,248,257,236,268,216,280,223,263,351,337,256,251,207,248,200,235,191,225,183,205,191,197,175,207,179,196,198,225,204,245,318,417,350,314,264,280,257,265,231,256,205,267,227,284,231,313,219,359,253,340,255,320,255,275,227,274,236,253,213,238,273,299,220,274,265,246,190,231,194,251,207,217,162,247,220,252,243,438,313,291,225,256,233,239,229,222,194,187,182,231,207,233,184,188,177,247,182,194,208,194,167,175,141,164,142,189,165,191,193,201,160,197,173,]
337,1,4,with_set,0.1,11,11,201,246,loop_limit,[645,506,366,386,420,383,296,302,237,244,262,278,244,302,260,241,244,226,257,290,275,268,209,293,212,226,212,213,174,199,165,180,181,196,198,220,197,215,197,189,182,205,194,206,176,200,165,184,145,184,152,201,141,189,149,185,153,202,177,231,206,237,201,227,177,203,184,218,188,194,161,221,159,191,188,228,166,317,228,241,212,197,165,184,155,199,174,311,236,244,198,192,173,190,253,287,224,235,200,273,200,224,209,234,180,201,193,389,269,473,291,306,230,244,211,244,209,263,221,230,221,215,205,222,199,230,190,265,207,244,188,214,205,228,177,212,204,231,192,208,228,244,334,336,254,320,243,381,360,342,280,275,226,243,195,247,166,195,151,198,168,176,161,267,229,283,222,269,207,290,231,309,248,285,288,331,231,270,286,277,230,258,216,242,206,210,191,178,161,236,189,337,306,317,274,481,313,334,332,333,246,]
337,1,4,with_set,0.25,28,28,201,217,loop_limit,[645,506,338,330,263,284,256,322,261,255,209,238,352,326,305,308,227,248,223,244,213,238,218,280,255,352,302,290,361,319,267,348,285,297,252,258,231,244,234,221,202,223,179,233,187,238,221,263,225,223,170,268,210,255,191,202,175,186,201,251,202,209,173,211,169,178,162,176,183,258,191,210,208,189,173,191,181,212,155,174,150,183,183,211,161,184,143,180,145,174,140,194,222,242,231,257,233,257,200,231,201,211,148,232,198,253,201,216,184,190,160,202,273,282,281,275,279,293,327,293,247,271,241,243,230,252,263,292,239,267,301,286,217,253,240,266,194,232,214,223,202,303,229,288,212,251,224,382,279,269,214,210,202,216,199,258,232,305,274,257,215,248,217,273,228,290,226,233,169,157,125,168,126,162,139,179,204,221,184,208,227,248,301,379,290,284,236,249,221,220,203,225,180,215,174,194,157,179,178,343,217,]
337,1,8,with_set,0.01,1,1,201,169,loop_limit,[645,493,528,456,333,311,261,246,205,224,199,227,192,220,186,228,183,240,250,277,196,242,170,211,174,231,183,199,220,253,200,256,198,273,198,210,176,218,184,196,182,194,157,182,167,193,163,206,184,195,156,194,193,194,164,209,155,211,176,200,167,206,209,247,225,252,342,328,234,267,228,247,203,221,190,216,196,235,196,238,182,248,201,229,247,258,232,251,201,215,191,251,205,282,219,221,186,428,428,369,250,264,235,224,205,203,177,210,195,222,165,205,197,219,331,343,250,276,228,314,433,419,275,283,257,269,237,262,219,263,221,208,208,267,215,219,215,439,322,310,263,285,270,263,387,379,318,384,250,272,205,459,323,316,242,292,265,296,248,272,223,292,213,293,262,275,270,304,236,271,179,208,357,334,306,379,279,296,250,249,192,260,207,290,477,421,448,370,288,389,309,316,265,266,221,281,216,215,193,182,169,]
337,1,8,with_set,0.05,5,5,201,267,loop_limit,[645,696,458,395,380,352,280,314,260,283,491,698,423,365,361,365,281,270,227,241,227,255,254,248,262,310,245,269,224,256,259,303,287,347,278,266,224,229,380,585,389,438,508,456,400,337,256,241,203,228,196,207,172,198,178,208,176,193,159,228,213,221,169,403,329,317,234,342,280,275,230,297,248,342,259,291,257,258,226,231,190,222,178,200,191,229,175,189,196,179,169,182,156,196,157,185,191,199,170,167,166,188,149,162,167,238,166,403,283,290,266,271,276,282,250,232,186,217,181,217,176,199,202,208,265,271,194,401,309,393,283,290,219,233,210,237,211,272,208,226,179,186,176,195,177,200,198,233,173,203,164,190,152,367,241,252,252,283,233,322,233,307,230,219,237,247,197,233,219,282,222,279,225,221,164,201,171,205,191,242,193,215,194,235,186,229,209,471,307,304,495,442,387,367,277,343,260,291,288,324,267,]
337,1,8,with_set,0.1,11,11,201,205,loop_limit,[645,506,336,330,273,345,269,249,188,412,317,421,314,313,288,293,240,243,207,209,180,217,185,261,186,232,241,270,222,261,330,342,272,268,220,245,221,452,321,392,321,304,493,452,316,311,240,338,263,492,297,307,233,241,221,260,285,265,223,257,272,276,226,236,227,266,197,279,215,203,179,206,185,242,184,195,161,190,165,206,200,245,201,208,179,199,158,207,161,171,175,232,220,232,196,209,155,171,153,179,170,167,292,293,210,252,233,245,194,225,165,190,233,261,365,322,236,261,215,241,189,386,317,515,332,614,586,486,350,326,277,285,243,284,458,431,298,332,307,316,230,287,233,251,199,232,205,269,235,303,235,263,204,224,190,220,173,207,168,191,164,215,161,192,162,213,183,221,189,225,226,223,184,183,150,183,175,178,157,170,150,164,174,189,192,191,191,221,206,256,194,259,186,452,377,325,240,328,251,273,205,]
337,1,8,with_set,0.25,28,28,201,266,loop_limit,[645,526,551,459,420,654,397,345,271,335,269,276,242,265,390,380,264,297,236,267,199,207,350,328,240,252,219,235,181,401,263,464,261,262,182,218,184,234,213,213,295,311,240,241,457,394,611,490,354,609,382,328,248,247,235,248,209,290,209,250,204,251,229,255,199,246,207,230,204,236,221,233,198,266,195,217,173,224,195,229,199,247,191,236,196,246,197,217,183,221,191,211,175,201,212,201,287,272,182,213,180,179,148,171,130,177,157,359,235,234,223,255,254,275,219,251,216,297,214,231,233,261,223,266,223,241,205,275,208,267,253,236,200,235,217,211,226,207,211,221,190,235,183,248,175,188,175,171,142,214,259,280,216,223,184,234,206,242,223,244,249,265,244,308,259,267,265,294,227,238,229,240,192,213,179,205,221,265,251,250,216,227,210,243,211,230,196,499,318,319,248,274,232,253,217,235,258,486,421,358,266,]
337,1,16,with_set,0.01,1,1,201,283,loop_limit,[645,470,350,313,244,281,645,505,366,416,325,345,309,744,453,406,645,660,645,656,406,361,645,477,329,300,318,300,480,406,288,309,237,267,196,241,195,261,221,226,275,271,281,314,285,314,248,200,188,249,217,242,182,245,210,234,195,198,182,611,421,409,571,602,394,360,305,281,257,257,200,256,200,229,190,342,258,270,220,250,217,252,191,233,197,701,420,458,330,307,554,463,360,374,298,303,278,284,232,410,374,357,294,263,227,232,211,218,331,295,222,238,196,240,573,469,339,368,306,283,224,247,203,242,184,232,382,332,238,240,167,280,223,242,178,211,176,198,170,181,366,348,248,250,205,216,358,325,467,401,310,285,242,267,222,255,208,267,615,493,443,410,349,314,293,309,246,297,233,440,329,670,433,405,306,325,320,294,244,298,236,247,223,272,232,231,195,241,205,358,277,729,439,478,346,340,263,482,345,356,283,]
337,1,16,with_set,0.05,5,5,201,237,loop_limit,[645,493,365,360,279,285,209,254,214,258,215,260,269,263,262,263,237,236,200,232,320,455,306,330,265,234,201,224,224,270,218,235,208,227,394,372,286,332,300,302,259,223,188,219,191,662,645,493,365,360,260,277,269,269,220,230,186,616,410,360,288,277,615,467,346,331,552,738,429,403,361,368,355,363,282,360,277,300,244,250,200,179,173,172,152,189,188,221,199,214,190,221,152,220,209,241,175,212,609,474,446,407,346,292,228,259,236,247,394,357,258,506,314,326,261,679,427,360,634,757,462,506,457,707,427,402,322,336,301,655,415,381,286,387,292,324,262,290,239,274,217,246,213,222,167,186,366,349,252,259,246,281,235,302,254,305,239,239,183,238,208,247,210,237,207,249,209,221,188,222,184,238,198,229,193,289,238,229,197,230,326,312,256,279,211,251,233,224,200,198,166,214,175,220,185,291,249,307,261,265,237,]
337,1,16,with_set,0.1,11,11,201,290,loop_limit,[645,646,488,414,288,301,234,260,220,244,560,470,627,757,442,390,317,332,300,332,264,282,228,469,317,351,288,277,248,269,263,288,287,261,231,287,251,264,239,262,553,420,392,643,631,486,332,340,257,300,233,256,258,254,233,238,196,212,327,291,243,259,450,408,347,394,354,333,330,283,457,367,285,307,247,320,283,298,247,252,217,229,205,235,204,267,212,416,357,318,272,347,292,542,392,327,268,266,232,301,234,260,220,235,244,234,195,210,178,247,624,495,355,586,378,352,470,537,374,352,550,463,419,440,335,311,252,298,234,458,299,321,247,256,253,256,230,256,212,203,172,221,166,295,219,454,315,279,237,250,231,250,220,244,198,579,645,507,345,376,302,441,331,338,252,261,260,262,230,274,417,360,326,310,237,271,215,259,218,539,604,480,340,352,266,302,246,273,207,244,373,698,549,452,342,365,344,698,400,395,290,]
337,1,16,with_set,0.25,28,28,201,251,loop_limit,[645,493,377,376,645,491,327,325,308,609,378,363,354,346,333,757,427,388,306,641,389,432,316,550,361,330,296,309,301,309,251,308,278,673,422,361,329,300,252,250,240,279,482,448,344,323,262,275,237,253,237,279,250,255,195,201,173,199,194,221,167,182,151,240,194,198,163,214,163,212,163,174,193,528,343,394,271,257,201,249,169,203,192,221,219,240,220,248,209,511,316,303,270,270,229,239,391,367,288,346,269,288,261,273,203,222,194,237,224,208,199,351,274,278,222,230,188,197,168,205,157,569,381,343,300,288,236,450,286,313,231,250,214,260,230,237,192,232,207,234,203,242,192,222,192,198,171,213,191,230,308,334,258,314,247,270,233,259,221,236,196,254,224,295,254,264,178,217,187,204,207,246,190,244,182,198,183,661,399,430,376,372,305,322,265,325,264,308,247,270,221,239,238,274,449,409,326,373,276,245,251,]
337,2,1,with_set,0.01,2,2,201,6,loop_limit,[645,280,132,93,42,26,12,11,9,18,8,11,11,9,5,5,7,8,7,10,7,10,12,20,12,17,13,9,10,7,10,9,13,12,7,12,10,11,6,11,6,9,11,8,15,12,18,10,10,12,9,7,9,8,12,8,8,11,14,7,6,7,4,12,5,5,4,5,7,5,6,20,10,15,21,21,16,20,23,16,11,12,15,13,16,18,7,14,7,13,9,9,5,6,4,6,5,8,7,9,5,9,7,10,6,11,5,6,6,10,8,8,7,9,9,12,9,8,6,9,4,4,4,7,6,8,7,9,11,10,8,11,9,12,13,10,5,7,11,13,8,9,7,6,6,8,11,9,9,15,9,12,9,8,3,5,4,6,10,18,16,10,8,7,5,9,7,10,5,8,4,6,8,8,6,8,5,5,7,9,10,7,4,7,4,6,4,6,5,6,6,7,6,6,3,5,5,6,5,8,6,]
337,2,4,with_set,0.01,2,2,201,8,loop_limit,[645,310,159,179,89,62,33,34,17,22,22,24,11,7,4,5,4,5,6,8,4,6,3,5,4,6,3,4,3,6,10,9,6,6,9,7,8,8,6,8,6,8,11,10,7,9,7,18,8,8,9,6,11,19,10,9,6,7,8,8,6,14,6,13,5,8,9,9,8,8,6,11,9,13,12,13,9,13,12,11,6,9,8,8,3,9,5,10,8,11,8,10,11,9,9,9,7,7,4,7,6,10,5,11,5,5,10,8,10,9,13,14,11,13,8,9,5,4,4,6,6,5,4,11,9,12,11,8,7,9,7,9,9,13,10,11,7,10,4,7,6,8,5,10,8,14,6,9,8,15,8,8,4,8,6,6,5,9,8,10,5,13,9,12,10,10,4,9,9,7,9,9,7,11,13,13,12,16,7,10,5,16,13,10,10,6,4,5,4,6,5,6,8,7,9,9,6,10,9,8,8,]
337,2,8,with_set,0.01,2,2,201,10,loop_limit,[645,308,152,189,104,119,61,74,48,36,22,38,20,20,16,23,11,17,11,16,11,11,8,8,10,7,3,6,3,5,4,4,4,9,4,9,6,9,4,7,6,12,9,14,6,9,10,6,4,7,9,6,4,6,8,11,8,8,8,10,6,7,5,5,8,6,4,6,5,9,5,5,4,5,6,7,10,13,18,19,22,23,23,17,8,12,7,9,8,9,4,4,3,4,4,9,9,13,8,10,6,11,8,14,5,7,5,8,7,12,10,11,5,6,4,6,8,8,6,9,10,10,10,7,10,17,6,10,6,6,9,10,9,7,4,6,4,6,4,9,5,6,4,5,10,7,6,11,7,9,9,6,7,11,7,5,4,6,9,10,6,5,7,7,6,11,6,11,12,12,11,17,9,14,15,17,17,18,11,10,7,9,9,7,8,10,6,8,4,9,4,7,12,10,12,11,6,8,6,14,10,]
337,2,16,with_set,0.01,2,2,201,6,loop_limit,[645,342,322,292,99,63,27,32,18,19,11,10,12,11,16,10,12,11,13,17,8,13,11,14,11,14,13,7,7,11,10,14,15,17,15,17,14,13,7,6,4,6,7,10,10,12,17,15,12,12,16,12,8,10,6,5,4,9,4,7,6,8,7,13,10,16,16,10,3,5,5,6,10,6,5,9,6,6,6,6,8,8,6,11,9,12,10,10,10,10,9,9,13,15,10,9,4,7,5,8,4,9,4,12,9,9,4,8,7,8,3,9,9,12,5,9,10,7,3,9,5,9,4,8,4,9,5,10,6,6,6,7,5,7,6,11,7,9,6,7,6,7,6,6,14,13,12,14,7,11,7,4,3,5,4,7,4,5,6,7,9,7,8,9,14,12,9,11,6,12,7,9,7,14,5,6,4,6,4,6,7,12,10,14,9,14,7,10,6,7,9,10,10,9,6,5,6,6,7,5,6,]
341,1,1,with_set,0.01,1,1,201,117,loop_limit,[716,334,304,210,222,244,225,154,154,155,178,141,156,133,130,104,125,128,135,109,105,96,110,115,137,121,121,94,124,101,104,102,111,99,89,73,92,81,100,95,101,113,130,108,104,95,100,107,100,120,127,129,123,112,120,105,109,123,123,120,139,119,133,120,128,114,128,114,115,100,103,93,118,110,119,101,108,95,108,111,118,125,127,115,130,134,143,123,138,136,125,107,109,89,99,115,141,125,167,143,154,127,137,148,168,125,170,149,153,149,167,145,189,188,197,149,166,141,152,123,128,108,132,119,116,115,117,90,106,98,98,110,106,103,135,102,120,103,103,98,108,102,102,128,112,88,111,104,136,115,125,109,103,111,109,131,109,107,120,140,128,124,121,150,149,145,135,149,136,142,153,135,112,97,108,89,112,100,101,106,115,120,120,107,128,120,120,100,121,119,133,116,144,116,128,145,155,155,158,123,117,]
341,1,1,with_set,0.05,5,5,201,121,loop_limit,[716,359,302,207,227,140,199,163,194,167,173,145,150,153,159,136,138,106,119,98,110,101,101,94,100,94,121,97,116,118,128,120,126,108,119,107,141,114,116,100,124,100,112,93,115,93,110,103,114,125,131,143,142,145,139,116,130,113,114,128,114,128,136,123,126,104,128,117,133,131,139,129,155,126,120,110,111,96,111,112,126,104,121,115,140,124,156,142,156,176,162,138,137,125,141,125,142,137,146,113,131,110,116,123,125,133,143,133,129,106,119,101,86,77,88,99,118,124,125,138,139,110,116,98,96,116,114,121,121,95,116,106,111,89,124,118,124,127,134,118,127,109,127,117,138,115,122,97,120,107,125,107,108,99,118,118,119,111,136,119,125,139,143,154,146,123,136,151,136,119,148,143,145,130,140,123,111,90,91,90,112,90,103,102,124,127,137,124,128,139,135,121,131,123,143,132,140,124,124,135,121,]
341,1,1,with_set,0.1,11,11,201,126,loop_limit,[716,359,292,214,233,147,173,137,105,108,133,117,115,86,105,96,109,118,125,113,126,131,132,121,142,122,134,137,134,104,121,97,106,109,117,106,98,118,123,130,109,89,105,80,94,86,108,108,123,132,148,132,145,129,130,125,131,124,123,99,134,100,118,87,111,97,121,101,118,110,138,136,120,100,116,103,114,86,102,88,103,100,108,114,116,107,105,94,94,88,89,82,80,64,71,75,94,87,113,97,111,99,96,88,98,88,99,86,94,76,106,94,109,112,115,102,114,127,133,112,128,126,126,137,144,108,122,96,117,96,94,86,107,73,97,94,102,99,107,96,118,116,133,126,138,107,135,125,141,123,134,120,154,118,114,96,104,89,100,97,116,102,110,103,111,112,113,101,115,126,114,99,109,84,110,124,119,103,109,113,132,159,142,137,153,133,118,113,133,131,130,105,117,153,161,142,144,115,136,112,126,]
341,1,1,with_set,0.25,28,28,201,134,loop_limit,[716,321,295,231,221,198,209,141,161,119,105,120,129,129,128,98,106,89,118,96,106,102,134,126,133,115,138,141,138,114,133,133,148,123,141,148,146,133,158,142,171,158,153,118,147,118,147,114,118,99,121,126,134,114,147,148,150,130,122,150,169,147,161,153,169,151,151,122,120,122,120,107,107,108,127,98,90,99,117,100,118,124,117,119,110,75,94,105,123,136,116,107,123,102,130,97,112,104,130,124,137,127,121,106,129,125,119,124,150,124,143,111,101,92,101,103,106,101,102,91,121,106,103,97,134,123,128,112,134,119,132,128,140,138,155,158,161,162,165,138,138,125,146,113,135,115,111,120,123,117,125,111,104,106,129,123,117,101,109,113,105,127,105,106,111,113,128,118,127,96,116,102,113,93,100,92,124,131,142,124,109,136,139,129,131,103,105,98,110,98,108,107,98,88,119,117,124,112,119,122,134,]
341,1,2,with_set,0.01,1,1,201,82,loop_limit,[716,340,329,218,214,159,166,128,148,141,128,113,113,98,134,119,151,132,127,107,132,133,125,123,158,132,134,118,135,103,105,95,102,105,116,128,124,103,112,109,106,89,78,90,92,112,125,84,113,97,102,95,97,102,105,71,95,98,99,113,96,92,103,86,92,99,106,92,90,86,94,82,122,93,121,104,139,133,137,113,131,124,149,120,139,124,135,121,153,111,117,95,116,111,122,107,135,118,129,101,93,87,91,75,111,75,78,74,111,96,105,100,114,98,113,123,144,135,145,121,125,103,106,94,106,102,104,89,93,93,120,111,121,98,123,106,116,124,118,108,123,102,103,117,103,86,105,101,92,82,98,85,89,91,86,88,108,112,119,121,123,110,100,105,115,122,115,105,89,95,104,85,122,95,102,100,114,108,127,113,130,131,124,114,114,88,99,79,107,102,99,106,86,76,76,81,79,87,79,79,82,]
341,1,2,with_set,0.05,5,5,201,95,loop_limit,[716,320,294,176,181,127,138,107,130,113,121,112,117,113,123,110,118,106,99,102,120,108,127,135,128,109,121,108,108,106,123,125,154,112,138,117,126,98,111,111,153,114,143,104,123,109,121,108,124,115,133,115,117,125,139,122,112,101,111,92,119,108,118,109,121,104,99,79,113,103,115,114,134,99,122,110,121,115,126,111,131,136,128,107,120,99,101,106,119,95,105,116,111,106,131,112,128,142,168,133,151,132,135,119,127,136,144,142,139,120,142,122,137,125,156,119,146,125,139,147,157,143,141,126,125,103,102,88,96,95,96,91,86,93,86,94,98,102,113,98,89,111,122,125,131,109,112,134,123,110,120,117,108,118,127,110,125,118,130,118,122,106,111,102,116,96,102,103,127,110,106,85,113,105,100,97,88,108,115,129,126,121,117,112,115,101,110,109,121,108,126,108,126,123,111,127,120,101,101,94,95,]
341,1,2,with_set,0.1,11,11,201,97,loop_limit,[716,320,316,255,316,254,237,177,237,165,199,138,168,126,147,124,163,115,142,120,115,120,97,108,110,77,89,85,89,89,99,92,112,92,112,81,95,90,108,95,104,99,111,123,125,114,138,109,122,109,120,127,150,141,150,139,139,124,158,121,135,114,117,97,127,115,102,114,133,104,106,99,114,90,151,130,122,124,161,124,137,110,121,114,144,115,131,122,114,98,116,98,116,112,125,111,124,111,135,105,136,114,117,107,118,126,117,124,134,105,137,102,105,119,136,134,142,169,168,129,131,137,140,123,118,116,133,116,134,102,103,94,117,100,124,110,125,106,116,105,91,100,96,88,86,87,79,101,126,107,112,98,95,94,103,99,114,112,125,120,145,101,120,113,100,98,128,97,111,93,95,90,96,104,116,107,117,122,125,154,171,150,171,134,143,155,140,123,131,132,128,111,106,105,104,99,111,100,100,102,97,]
341,1,2,with_set,0.25,28,28,201,118,loop_limit,[716,334,307,196,291,195,252,195,232,182,201,168,191,166,169,194,189,157,163,132,160,117,143,146,161,131,179,142,149,116,122,104,125,125,118,159,147,127,131,110,103,103,112,96,115,109,87,87,96,90,110,107,107,99,117,113,117,100,91,91,100,93,114,111,125,106,114,135,160,147,148,133,146,131,141,142,157,117,152,114,133,119,131,103,107,90,108,101,135,119,108,118,133,110,122,92,117,94,147,125,123,103,118,104,114,91,98,89,117,97,102,103,115,97,130,97,102,83,86,91,89,96,107,106,92,103,107,99,115,102,110,105,112,103,97,90,89,88,107,94,98,97,97,90,117,103,115,105,110,106,115,99,143,131,151,136,145,142,138,128,180,128,131,118,113,95,110,91,116,100,120,107,103,84,104,86,97,99,99,102,105,77,91,85,110,84,110,104,116,126,137,119,116,109,121,111,132,119,128,113,118,]
341,1,4,with_set,0.01,1,1,201,268,loop_limit,[716,334,315,195,313,225,221,171,168,121,124,125,131,111,147,110,113,112,127,107,172,141,158,123,138,119,136,128,152,126,128,138,132,110,124,117,147,100,142,121,138,122,115,108,103,120,129,124,139,157,150,145,128,105,116,134,118,109,130,109,96,101,130,106,110,148,193,161,169,161,152,121,128,125,125,116,129,121,132,117,139,109,128,127,164,158,174,136,137,131,139,138,218,123,186,123,159,112,149,132,181,155,217,130,130,113,141,114,124,108,176,167,186,155,170,146,174,152,160,138,142,127,127,109,158,122,163,123,121,176,173,143,146,130,122,114,144,124,144,126,146,129,136,98,125,113,120,109,130,109,119,118,106,93,116,97,98,96,100,93,92,75,94,88,116,96,116,85,115,92,115,96,115,116,123,161,164,175,219,194,209,212,209,149,179,196,211,191,230,157,156,142,179,148,194,178,179,176,281,181,268,]
341,1,4,with_set,0.05,5,5,201,133,loop_limit,[716,321,302,239,235,187,208,149,137,167,160,117,180,140,180,177,163,131,136,133,134,131,169,130,114,109,116,116,169,148,151,145,149,113,131,115,107,96,118,91,114,98,122,101,120,95,123,129,117,140,154,133,150,120,118,118,130,107,111,103,116,136,156,124,174,140,146,133,127,135,146,123,121,125,147,166,167,113,136,101,118,137,194,166,246,194,204,148,168,163,255,218,228,162,186,159,268,207,188,142,136,125,143,160,156,161,197,225,270,190,193,127,214,147,144,116,127,127,138,137,137,122,136,193,192,154,159,134,159,129,155,128,146,117,124,95,117,112,160,122,116,87,119,101,102,107,125,107,121,118,118,94,103,110,123,110,109,97,118,92,100,101,141,169,165,127,148,129,134,135,136,112,129,108,114,98,110,110,116,108,140,140,146,112,91,90,112,93,103,108,131,122,137,177,155,135,133,132,151,141,133,]
341,1,4,with_set,0.1,11,11,201,155,loop_limit,[716,359,329,220,234,175,301,248,246,196,184,132,146,139,127,139,153,123,164,133,115,110,119,153,179,159,162,176,196,170,196,137,159,118,127,106,127,123,115,104,111,95,102,67,98,95,135,111,164,141,163,113,125,142,169,138,140,122,126,136,160,133,188,149,138,117,118,106,112,109,113,111,135,122,125,123,114,110,147,118,124,128,129,130,121,135,116,118,128,97,110,93,124,104,106,98,97,91,101,99,89,104,108,97,126,111,133,163,161,120,180,135,150,137,150,137,150,132,153,128,170,186,179,150,173,152,165,143,140,105,127,143,215,185,218,159,243,167,272,207,203,137,144,112,138,113,117,83,103,85,122,111,110,99,94,84,96,106,113,89,141,115,112,102,103,109,108,91,86,83,83,85,81,72,90,95,98,102,156,138,141,124,132,131,193,161,210,168,182,162,203,161,168,148,155,131,140,130,150,167,155,]
341,1,4,with_set,0.25,28,28,201,91,loop_limit,[716,321,285,203,227,198,208,177,189,181,185,152,170,153,166,154,166,245,253,233,218,163,180,137,155,118,124,127,113,91,95,75,95,99,98,89,86,87,77,86,97,101,110,99,153,136,134,132,134,129,148,135,134,148,183,141,138,112,125,107,119,143,150,238,218,152,154,124,153,117,131,117,131,117,134,134,161,148,158,123,148,144,158,125,148,144,142,132,149,132,149,150,155,184,232,183,217,157,151,178,210,179,179,132,185,160,159,122,148,127,224,136,152,145,226,175,157,114,121,114,135,110,106,123,140,100,103,101,110,122,142,149,146,131,127,94,117,126,130,117,114,97,116,86,96,64,102,64,127,111,128,109,116,115,128,126,124,115,114,110,126,128,141,174,155,126,137,121,128,135,134,123,132,133,165,120,126,121,123,126,133,187,169,193,163,147,161,127,143,112,116,97,97,91,117,106,129,104,93,97,91,]
341,1,8,with_set,0.01,1,1,201,160,loop_limit,[716,502,375,258,244,163,193,183,208,147,172,138,135,103,127,108,123,90,117,107,134,110,135,116,137,119,124,129,131,250,232,170,171,144,167,148,146,137,132,116,135,123,131,122,146,115,133,129,122,124,136,121,136,121,138,105,115,95,125,109,107,122,149,141,148,124,102,131,128,98,155,155,148,115,155,122,139,113,130,100,106,96,111,81,99,115,108,91,94,80,88,76,99,91,114,91,114,116,110,118,128,99,101,101,133,122,136,133,147,140,131,170,131,127,127,207,162,153,154,134,132,111,112,88,101,107,132,106,120,99,95,101,112,126,164,162,149,117,119,130,122,107,104,92,127,127,152,127,119,106,130,105,130,114,140,113,128,130,136,142,144,141,133,108,132,109,132,109,96,84,92,100,115,112,136,113,111,114,148,108,242,197,181,151,165,140,170,141,159,122,152,153,171,153,163,137,290,198,205,155,160,]
341,1,8,with_set,0.05,5,5,201,96,loop_limit,[716,340,335,229,226,165,167,170,164,140,137,191,199,162,166,134,155,150,161,137,182,178,172,150,160,160,160,124,156,134,144,122,116,110,121,102,101,107,107,122,135,131,119,87,116,135,220,154,157,134,185,148,161,150,167,121,145,132,169,123,140,123,122,88,93,96,109,101,124,112,115,118,143,114,101,110,107,103,121,104,106,98,114,98,127,142,149,113,134,109,99,97,122,115,97,81,83,103,99,93,118,118,123,99,124,116,124,123,127,149,131,151,169,140,161,125,141,127,133,143,133,128,135,139,159,154,166,125,156,165,333,290,287,192,168,134,141,117,144,112,220,140,153,131,166,133,138,111,126,97,123,135,127,117,127,114,117,103,97,66,93,84,106,110,118,92,114,95,116,96,128,102,133,112,135,103,144,125,213,183,193,149,175,153,145,141,125,117,127,150,142,134,130,103,102,100,87,80,99,89,96,]
341,1,8,with_set,0.1,11,11,201,137,loop_limit,[716,334,307,196,202,150,164,171,171,133,156,132,155,132,143,152,168,146,185,159,193,125,140,129,139,125,117,93,119,102,114,118,117,130,134,110,104,84,88,96,95,88,106,112,113,125,142,125,155,148,142,125,135,125,137,116,112,118,132,232,203,233,210,200,184,177,185,135,156,156,172,135,263,141,168,123,136,111,142,123,146,120,136,103,133,109,127,120,125,123,132,121,109,121,126,108,103,93,133,131,121,189,156,149,132,126,227,149,175,135,159,133,144,117,125,113,128,104,105,112,129,104,104,99,118,85,104,109,105,92,95,82,94,197,155,132,120,109,89,85,81,87,106,104,120,113,142,111,133,102,100,93,88,114,119,116,120,119,209,134,136,97,104,96,119,94,113,113,109,146,150,131,155,124,133,124,107,91,113,131,109,107,123,94,111,99,110,103,110,102,161,134,172,143,146,170,188,148,162,118,137,]
341,1,8,with_set,0.25,28,28,201,132,loop_limit,[716,476,384,219,262,188,184,207,214,160,167,120,131,129,122,125,123,217,182,143,141,158,147,128,149,142,128,109,102,112,240,201,169,157,186,157,162,174,288,205,217,199,205,160,163,148,244,173,171,122,150,159,168,127,137,102,125,116,195,141,320,199,229,199,201,230,228,194,422,249,317,209,198,147,153,111,133,105,131,138,141,119,124,112,109,108,133,136,142,132,128,103,120,107,169,165,172,130,141,140,142,112,142,116,169,143,154,126,126,122,156,113,123,111,122,107,121,93,82,81,78,76,83,77,93,97,89,100,113,116,113,89,186,166,138,146,155,118,143,139,165,309,239,189,162,163,175,148,170,122,121,118,114,103,124,113,107,96,135,112,120,94,112,101,95,68,91,95,103,93,118,110,102,99,143,119,136,137,140,141,159,137,146,131,134,111,129,128,118,106,130,103,125,137,160,168,138,125,138,125,132,]
341,1,16,with_set,0.01,1,1,201,134,loop_limit,[716,502,506,344,311,211,225,360,350,195,607,318,571,374,716,359,316,187,186,143,206,148,222,166,182,132,135,344,541,447,326,238,230,160,167,107,125,124,145,105,118,97,196,129,134,95,120,135,131,126,127,136,137,104,138,119,424,198,253,159,521,271,342,271,260,175,249,189,194,392,339,216,198,142,170,153,170,134,165,143,142,126,158,143,148,115,139,124,135,131,133,108,113,98,115,123,129,115,114,99,100,90,101,103,99,100,128,132,339,217,190,224,206,207,212,181,195,191,209,179,184,236,210,202,194,143,150,118,128,318,501,412,370,233,252,181,201,171,636,303,267,195,242,187,176,146,160,126,150,139,144,118,146,113,123,96,113,95,115,107,128,107,123,96,101,182,196,199,261,186,197,321,316,226,230,166,184,132,136,124,119,122,121,113,364,185,292,181,188,144,149,134,141,131,143,133,152,119,121,119,134,]
341,1,16,with_set,0.05,5,5,201,86,loop_limit,[716,369,384,262,271,351,339,230,235,264,239,169,250,173,189,378,299,210,192,145,154,140,145,129,134,109,117,146,472,228,230,168,184,129,151,125,143,124,139,118,174,114,124,112,131,133,138,129,144,160,171,125,145,142,153,148,141,122,138,144,152,104,125,95,117,93,124,116,120,96,137,125,161,135,439,234,228,171,423,300,296,209,235,168,193,142,182,169,179,139,170,326,262,418,383,462,339,226,217,294,267,176,192,194,228,192,193,151,172,142,160,132,166,122,132,132,122,121,132,136,143,121,129,148,129,130,142,123,145,136,123,110,107,101,114,97,138,105,121,120,143,109,113,110,129,105,114,127,129,111,112,144,112,106,131,105,272,164,188,135,143,115,133,120,136,155,149,117,107,97,128,112,120,129,139,109,112,116,120,100,112,96,104,122,121,105,99,84,99,85,81,85,82,104,120,104,107,104,111,92,86,]
341,1,16,with_set,0.1,11,11,201,93,loop_limit,[716,360,406,255,253,194,186,345,657,502,705,328,304,220,444,264,307,220,206,182,189,148,167,147,156,128,163,139,122,119,120,111,104,92,100,99,92,97,102,94,129,233,225,155,171,117,152,372,282,204,328,483,372,271,637,329,284,467,461,286,256,165,245,446,350,257,252,186,177,173,159,144,157,158,154,316,336,257,253,311,263,254,466,292,300,246,269,225,227,192,198,162,148,120,174,125,178,132,150,161,162,138,147,102,146,139,146,117,139,115,362,223,206,151,138,118,147,159,168,193,202,163,166,146,163,318,247,188,672,347,295,209,235,186,181,138,134,111,116,111,135,109,108,94,109,170,161,123,146,124,149,121,120,122,119,110,111,117,104,92,101,92,220,174,151,176,156,108,113,100,108,92,113,102,99,203,183,141,139,106,125,98,116,99,118,94,115,95,111,87,97,89,104,89,113,117,103,115,112,86,93,]
341,1,16,with_set,0.25,28,28,201,140,loop_limit,[716,360,361,218,242,165,144,158,169,142,134,118,153,121,123,80,95,82,96,107,331,255,217,172,181,142,137,149,383,237,226,180,193,149,171,124,168,124,134,103,442,219,285,187,217,168,168,316,332,299,638,354,588,295,294,197,211,158,204,152,166,131,160,153,162,147,162,128,191,145,159,140,144,115,120,124,131,123,103,98,74,87,88,128,137,101,109,255,261,184,203,154,205,154,170,121,135,121,143,133,145,115,150,134,156,128,140,107,136,113,137,107,126,89,122,99,151,129,163,126,156,337,286,230,209,150,178,153,163,172,155,313,263,209,199,168,186,163,172,163,160,379,357,214,216,158,159,323,261,266,238,191,190,161,161,144,111,140,125,121,136,318,555,289,276,247,243,200,190,179,217,163,181,127,194,157,198,145,166,154,159,197,179,153,129,139,135,127,126,108,145,108,103,133,149,162,150,175,177,134,140,]
341,2,1,with_set,0.01,2,2,201,13,loop_limit,[716,236,124,60,44,21,23,17,21,15,10,8,8,12,12,11,11,14,10,13,10,8,14,12,7,11,13,10,16,12,10,11,8,6,10,12,12,9,8,12,19,18,16,9,9,8,9,7,9,8,14,8,8,13,12,11,9,6,6,10,14,11,14,17,13,7,7,9,9,19,15,9,8,9,9,12,6,9,7,10,10,10,10,8,6,9,14,12,12,7,8,12,13,13,12,10,14,15,10,13,12,12,12,18,12,13,14,7,9,9,15,12,9,9,7,6,6,7,8,9,11,10,11,11,7,9,10,8,15,12,14,14,11,11,11,16,13,19,16,10,11,11,11,14,17,18,18,11,16,15,15,15,7,12,7,10,10,11,9,12,11,9,9,12,6,10,9,13,18,12,11,9,8,9,18,11,14,10,9,7,9,11,18,14,12,10,9,7,8,7,10,12,6,6,8,7,8,9,13,23,13,]
341,2,2,with_set,0.01,2,2,201,10,loop_limit,[716,244,133,82,75,82,61,37,42,37,35,18,16,11,9,13,11,13,16,13,10,7,6,10,13,15,20,14,12,12,8,7,10,8,10,9,7,10,18,11,11,11,7,6,10,11,10,11,15,10,10,12,11,10,10,10,13,12,12,15,17,15,15,18,13,11,14,15,12,8,15,13,17,14,20,13,8,12,11,9,9,13,9,13,12,9,11,11,10,12,11,12,10,12,6,10,6,7,6,12,19,13,11,10,17,11,7,10,15,14,10,15,19,13,26,23,13,22,16,14,18,11,13,12,10,12,18,17,8,9,9,12,8,9,16,8,10,8,7,11,9,12,19,16,14,11,7,7,8,7,8,10,9,10,11,12,7,11,11,13,11,16,22,16,10,14,16,16,12,14,11,8,10,11,7,12,14,10,9,9,8,7,6,9,12,12,18,15,16,15,14,12,8,12,6,8,6,6,8,12,10,]
341,2,4,with_set,0.01,2,2,201,22,loop_limit,[716,214,120,55,70,48,31,17,17,16,13,17,18,13,10,11,15,15,11,12,13,13,11,12,12,14,15,13,14,8,8,9,11,15,11,12,9,11,9,10,9,12,12,8,17,13,20,10,11,15,10,13,9,9,13,20,14,11,18,18,13,14,9,7,7,9,6,7,14,12,7,10,6,9,6,12,19,15,12,13,14,17,15,11,15,11,19,14,15,8,11,8,8,12,6,12,19,18,9,6,8,12,16,13,12,13,19,14,18,13,8,13,20,16,13,8,7,11,15,11,13,8,10,12,15,11,12,11,17,10,8,10,11,9,10,13,10,10,8,7,10,12,12,9,15,8,10,12,19,16,21,15,13,9,7,6,6,8,9,9,11,11,11,7,9,9,11,11,11,10,16,11,15,14,8,16,11,9,8,10,9,7,10,9,8,7,9,12,11,10,8,7,8,10,9,10,13,19,16,12,22,]
341,2,8,with_set,0.01,2,2,201,13,loop_limit,[716,216,122,47,32,34,25,15,19,13,11,10,12,12,9,7,10,16,11,12,8,9,17,11,7,13,12,13,14,11,15,12,9,9,13,23,19,23,13,13,8,9,15,14,15,12,10,12,10,9,10,13,14,12,11,18,11,12,9,15,12,9,15,15,19,11,11,11,11,10,8,9,12,20,24,19,17,14,20,20,19,22,14,11,10,7,14,7,8,7,7,13,15,13,12,11,13,12,12,9,8,10,9,13,11,13,10,15,11,7,9,9,8,10,8,13,12,9,9,8,9,16,12,14,8,15,13,8,10,12,10,12,19,16,14,15,12,11,11,9,9,14,11,11,9,7,11,12,8,10,12,14,12,14,13,14,17,13,9,15,13,8,11,13,10,13,13,9,9,14,11,8,8,9,9,10,11,10,9,10,7,7,7,10,10,11,10,14,10,12,18,17,12,12,14,15,17,15,13,14,13,]
341,2,16,with_set,0.01,2,2,201,8,loop_limit,[716,214,132,160,77,40,39,39,27,15,15,13,12,12,12,16,15,14,14,11,10,15,12,11,11,9,7,12,9,10,12,11,12,17,20,17,20,17,18,15,20,15,14,12,9,8,8,15,12,20,9,17,9,18,14,18,17,15,13,13,18,18,14,15,9,11,16,16,12,14,13,11,12,10,13,15,14,10,8,13,9,8,9,14,12,18,14,15,8,13,11,9,8,10,16,16,7,12,9,13,12,13,15,13,14,11,8,9,14,15,13,13,14,11,14,11,13,17,15,10,12,16,21,13,11,16,16,18,6,12,19,15,12,17,9,14,11,8,7,9,9,12,6,9,11,9,12,14,12,13,7,9,9,12,9,13,9,12,10,7,9,11,9,12,10,9,9,12,6,12,10,9,8,8,14,7,8,7,8,7,6,9,13,15,18,15,17,14,15,13,9,7,8,10,15,13,7,6,7,7,8,]
341,4,1,with_set,0.01,4,4,201,11,loop_limit,[716,133,39,38,15,7,5,6,9,7,5,7,9,7,9,9,6,8,9,6,7,9,5,6,9,8,7,8,11,7,10,7,9,7,7,7,9,10,5,6,7,9,5,6,9,7,7,6,9,9,7,9,6,6,5,7,6,6,7,7,10,9,5,6,7,9,8,9,11,9,7,7,9,6,5,7,6,7,7,6,5,6,5,6,6,6,7,7,7,7,6,6,6,9,12,7,11,12,12,12,5,6,6,6,7,6,5,6,11,12,6,7,11,6,7,6,11,12,10,6,5,6,5,6,11,6,9,8,6,7,7,9,11,6,5,7,9,10,12,7,6,8,6,9,5,7,10,12,7,7,6,9,5,8,7,9,8,7,5,6,5,7,10,7,7,9,6,9,5,9,8,9,10,11,6,9,6,9,9,6,6,6,5,6,5,6,9,7,7,6,11,14,12,7,5,8,7,10,5,7,11,]
341,4,2,with_set,0.01,4,4,201,5,loop_limit,[716,142,33,30,15,7,11,6,11,7,5,6,11,7,7,7,7,6,5,7,6,9,7,7,8,9,5,7,7,6,7,6,9,8,5,7,9,7,7,7,7,6,5,7,6,6,11,7,5,7,7,6,5,8,6,6,7,9,5,6,5,7,11,14,12,8,5,6,5,6,7,6,5,6,11,12,5,6,7,6,6,6,5,6,5,9,5,6,7,8,5,8,5,6,11,8,11,7,6,9,9,7,7,6,5,6,5,6,6,6,11,7,11,14,11,14,6,7,6,6,7,10,6,8,7,6,5,6,11,8,7,8,7,7,9,9,10,7,5,9,5,7,5,9,9,7,5,6,7,7,7,10,8,7,5,8,7,9,5,8,11,12,9,9,5,7,7,7,9,7,5,8,6,8,6,7,7,10,5,6,6,7,5,6,7,9,10,9,9,7,9,11,7,7,6,6,7,7,7,6,5,]
341,4,4,with_set,0.01,4,4,201,7,loop_limit,[716,133,41,18,11,7,9,8,11,8,10,7,6,7,12,6,7,6,7,8,7,7,6,15,9,15,6,6,9,8,5,6,5,7,9,9,12,8,10,7,7,7,8,8,9,6,5,7,9,10,5,8,5,6,6,6,5,6,7,9,9,8,6,6,5,8,5,6,5,6,11,14,11,14,11,8,7,8,6,6,11,7,5,6,9,8,9,8,12,8,6,6,9,7,5,6,5,7,7,6,11,7,11,12,5,6,7,7,9,6,5,7,5,6,6,6,5,7,5,8,5,6,5,6,9,9,12,9,11,12,6,7,6,7,5,7,7,6,6,9,9,9,7,8,6,8,5,6,5,6,5,9,5,7,12,6,9,8,5,9,5,8,7,8,11,7,5,6,11,8,9,6,5,6,7,7,5,6,7,8,7,6,5,6,9,8,6,7,5,6,5,8,6,7,11,6,9,6,7,8,7,]
347,1,1,with_set,0.01,1,1,201,4,loop_limit,[100,30,11,8,4,4,3,3,3,5,3,3,3,5,3,3,4,9,3,3,4,4,4,6,4,5,3,5,3,3,3,3,4,9,5,8,4,5,3,3,4,4,4,6,4,4,3,6,3,6,4,3,3,6,3,5,3,8,4,9,4,4,4,5,3,3,3,6,4,6,4,3,4,8,7,5,3,4,4,3,3,6,4,4,3,4,4,4,4,3,3,5,3,8,3,4,3,5,4,5,4,7,4,7,3,5,3,3,4,3,4,5,4,6,4,3,4,3,3,5,3,3,3,3,4,3,3,3,3,8,4,5,5,5,3,3,3,3,3,8,3,3,3,5,3,4,3,4,3,3,3,5,4,6,3,5,3,5,3,8,4,6,3,5,3,5,3,8,3,3,4,4,4,7,5,3,4,3,3,6,4,8,5,6,4,8,4,9,4,6,6,9,7,3,3,3,3,4,4,4,4,]
347,1,8,with_set,0.01,1,1,201,3,loop_limit,[100,30,11,13,9,7,4,6,3,5,4,3,3,3,4,3,4,9,5,4,3,3,3,6,3,5,4,3,3,5,3,6,6,4,3,3,3,5,3,5,4,4,3,4,4,8,4,4,4,3,3,4,3,8,4,6,5,8,5,6,3,3,4,3,3,3,4,8,4,5,3,4,3,3,3,3,3,5,5,5,4,8,4,6,5,4,3,3,3,4,4,3,4,6,7,3,4,5,4,5,4,4,4,4,4,3,4,3,3,4,3,4,4,4,4,8,4,4,4,4,3,3,3,8,5,10,3,4,4,3,3,3,3,4,3,4,3,3,3,6,4,5,4,5,3,8,4,4,3,4,3,8,3,8,5,6,3,4,4,3,3,4,4,5,4,4,3,6,6,4,4,3,3,4,4,9,6,8,4,5,3,6,4,8,4,3,3,6,4,3,4,9,7,5,3,8,3,8,3,5,3,]
348,1,1,with_set,0.01,1,1,201,4,loop_limit,[167,105,31,23,7,8,6,10,4,4,3,3,3,4,4,4,3,6,3,4,5,5,6,6,5,6,4,7,4,7,7,9,8,13,4,3,3,3,3,6,4,10,5,7,3,7,3,3,3,5,5,10,4,8,5,11,6,11,5,7,5,4,4,5,7,8,6,5,3,7,6,10,3,5,3,7,3,4,4,7,6,10,6,9,5,8,3,5,3,4,3,7,3,6,4,9,5,9,4,5,4,5,4,7,5,5,4,8,3,4,5,9,7,4,4,5,4,8,5,8,4,6,4,10,5,5,6,11,5,9,6,7,4,5,5,7,3,6,5,5,6,7,5,5,4,8,4,4,3,4,3,4,5,9,4,4,3,3,4,5,3,3,3,7,3,7,7,9,4,3,3,7,3,4,3,3,3,4,3,6,3,7,4,3,4,4,4,8,3,3,5,9,4,5,4,8,3,4,3,3,4,]
348,1,2,with_set,0.01,1,1,201,5,loop_limit,[167,99,25,37,11,15,5,10,5,3,3,4,4,4,3,3,4,7,4,10,6,12,4,10,4,7,6,7,6,8,3,4,3,5,5,6,7,5,3,7,4,7,3,7,5,7,5,6,4,5,5,7,7,11,8,10,7,5,3,7,3,7,4,6,3,4,4,4,3,4,4,7,4,6,5,10,4,4,5,7,7,9,6,9,6,9,8,7,5,10,4,6,4,6,3,3,4,4,3,4,3,5,4,4,4,8,4,6,4,5,4,4,4,8,5,10,4,5,5,4,3,4,3,5,3,5,3,4,5,5,4,7,5,7,4,4,3,3,5,5,5,4,4,4,4,4,3,7,4,5,5,5,6,7,5,8,4,9,5,6,3,4,3,3,3,4,3,6,3,4,5,6,3,3,3,6,5,5,5,10,4,7,3,7,3,6,4,8,4,3,4,7,7,11,7,9,4,10,5,6,5,]
348,1,4,with_set,0.01,1,1,201,3,loop_limit,[167,105,76,53,22,18,16,20,8,10,3,7,5,7,5,5,3,3,3,7,5,9,3,9,5,5,5,6,3,6,4,3,5,7,4,4,4,7,3,4,3,3,3,4,4,4,3,7,3,6,5,10,5,11,5,7,4,3,3,9,3,6,3,9,6,6,4,5,5,5,4,5,4,8,4,8,3,3,3,3,4,5,4,8,6,9,4,5,5,7,4,5,4,5,6,8,4,5,4,7,3,6,4,5,3,3,3,6,5,5,4,8,4,4,3,3,4,4,4,4,5,5,3,6,4,7,3,7,4,4,4,7,4,4,5,5,5,5,3,4,4,7,3,4,4,4,3,7,3,6,4,10,6,10,4,4,4,5,5,6,3,4,4,8,4,8,3,5,4,6,3,6,4,6,5,8,7,10,5,5,4,6,5,7,5,7,3,5,5,5,5,5,3,5,3,7,5,5,3,4,3,]
348,1,8,with_set,0.01,1,1,201,3,loop_limit,[167,99,26,19,10,12,8,11,5,9,4,7,4,4,3,7,3,7,4,5,6,6,4,7,4,5,3,4,4,5,3,5,3,7,4,4,5,7,3,7,5,5,5,10,6,7,3,7,5,8,5,11,6,10,3,4,5,5,5,5,4,7,3,4,5,5,3,3,3,4,3,5,5,9,5,9,5,7,3,5,4,4,3,3,3,4,5,7,4,7,4,4,3,5,4,5,3,7,6,6,5,6,4,8,3,6,3,3,3,6,4,4,3,4,3,7,5,5,6,8,4,5,3,3,3,5,3,6,3,7,4,8,4,4,3,6,3,4,4,6,3,4,4,4,3,3,5,7,7,6,5,7,4,8,3,4,3,4,4,6,5,8,3,3,3,3,4,8,4,4,4,4,5,7,5,7,7,8,6,8,4,8,3,7,4,8,4,9,7,9,4,7,4,8,7,10,5,8,6,12,3,]
348,1,16,with_set,0.01,1,1,201,6,loop_limit,[167,102,22,23,11,12,3,4,4,8,4,7,6,5,3,4,5,9,4,7,4,6,4,7,3,5,3,6,3,4,3,3,3,7,4,5,3,7,3,6,4,9,3,7,3,4,4,6,3,4,3,4,4,12,5,7,4,4,4,4,4,6,3,3,3,3,5,5,3,5,4,6,3,3,3,6,3,3,3,5,3,6,3,3,3,6,3,9,9,8,5,7,6,8,6,7,6,11,8,6,4,10,3,6,3,5,4,4,4,6,5,8,6,8,6,5,3,3,3,7,3,6,3,6,4,9,8,15,4,5,6,8,4,8,6,7,5,7,6,5,3,7,4,8,4,4,3,7,6,6,5,10,3,3,3,5,5,5,6,9,4,9,3,5,4,4,4,7,5,7,3,5,3,3,3,7,3,4,4,5,5,5,4,7,3,5,3,3,4,4,3,5,3,3,4,7,3,6,5,5,6,]
366,1,4,with_set,0.01,1,1,201,3,loop_limit,[260,35,20,7,4,6,5,4,5,2,3,2,3,3,3,3,3,2,2,3,3,3,3,3,4,2,3,3,4,2,3,2,4,2,3,2,4,3,3,2,2,2,4,5,3,2,4,3,3,2,3,3,3,3,3,6,5,6,5,3,3,5,4,3,4,5,5,5,3,2,3,5,3,3,3,5,3,6,3,3,4,5,3,3,3,3,3,2,4,6,5,2,3,2,3,6,4,3,2,2,5,4,6,3,5,4,3,3,4,2,2,3,4,5,5,2,4,5,3,3,3,2,3,6,5,2,2,3,3,2,5,6,3,6,3,2,3,3,2,2,3,2,3,3,4,3,6,3,5,4,4,7,5,7,6,3,4,5,5,4,4,6,5,4,5,5,3,3,4,6,3,2,3,2,3,6,6,6,3,2,2,5,5,5,5,3,3,2,2,2,3,2,2,5,3,5,3,3,5,4,3,]
366,1,8,with_set,0.01,1,1,201,4,loop_limit,[260,32,16,4,5,3,3,3,4,5,3,3,3,2,4,5,5,3,3,5,5,5,3,6,5,5,3,3,4,5,3,2,5,6,5,3,3,3,4,3,3,3,5,5,6,7,9,6,6,6,5,6,6,3,4,6,4,3,4,3,4,2,5,3,3,6,6,2,2,2,3,3,3,7,5,6,3,2,3,3,4,4,3,3,4,3,3,2,4,5,2,2,2,3,2,2,3,5,2,2,2,5,3,6,2,3,2,2,3,3,4,2,5,4,3,3,4,2,3,3,3,2,3,6,2,6,5,3,2,3,5,6,6,3,2,2,4,2,3,3,5,6,6,6,4,3,5,3,3,3,3,2,2,2,3,2,3,2,4,6,4,5,4,4,3,2,3,3,3,4,2,2,2,3,3,6,5,3,4,5,4,3,5,6,2,6,2,2,3,2,3,5,3,5,3,2,5,4,3,6,4,]
371,1,4,with_set,0.01,1,1,201,3,loop_limit,[63,7,3,4,2,4,2,4,3,4,3,4,2,4,3,3,2,2,2,2,2,4,3,4,2,2,2,2,3,3,2,4,3,3,3,4,2,2,2,2,2,4,3,4,2,3,2,3,3,3,2,2,3,3,3,4,2,2,2,5,3,3,3,2,2,2,2,3,2,2,3,3,2,3,2,3,3,2,2,2,2,2,3,3,3,3,2,2,2,3,2,2,3,4,3,3,3,4,3,5,3,5,2,5,3,3,2,2,2,3,3,4,3,4,2,2,2,2,3,2,2,5,2,3,2,2,2,3,2,5,4,3,2,2,2,4,2,2,2,2,3,2,2,4,3,3,2,4,3,4,3,5,2,5,3,3,3,4,2,2,2,3,3,5,2,2,2,2,3,4,2,4,2,3,3,4,2,3,3,2,2,3,2,2,2,5,3,2,2,5,3,2,2,2,3,4,2,2,2,3,3,]
383,1,1,with_set,0.01,1,1,201,10,loop_limit,[361,54,66,21,21,8,6,7,10,14,12,11,12,8,13,10,8,8,6,10,10,7,8,10,10,10,11,11,10,10,7,10,7,10,10,11,7,11,11,13,12,9,6,8,9,8,6,8,6,11,11,9,7,12,10,10,11,7,10,14,9,11,7,10,8,11,7,10,11,11,9,8,8,8,11,10,12,10,8,11,11,12,7,12,10,8,11,8,8,7,7,8,6,9,9,8,8,8,8,8,9,10,10,7,10,11,11,10,10,11,9,11,8,9,10,11,11,12,16,8,9,9,11,10,7,11,6,10,10,10,8,8,7,9,7,8,8,8,7,11,10,11,7,9,12,12,12,11,11,11,9,9,8,9,10,11,12,15,10,11,15,14,13,10,8,8,8,8,11,10,10,11,7,8,8,9,9,7,10,10,7,10,8,8,7,8,9,9,8,11,11,14,11,11,7,9,8,11,10,10,10,]
383,1,1,with_set,0.05,5,5,201,8,loop_limit,[361,61,41,39,22,11,13,13,12,11,9,10,11,9,10,9,6,8,11,10,10,14,11,11,11,8,7,9,11,10,10,7,6,10,11,9,11,9,7,9,6,7,7,8,6,8,7,9,7,7,7,8,11,14,11,11,7,9,11,12,9,8,8,8,7,9,6,8,13,11,7,10,7,8,6,8,6,8,7,8,11,8,11,11,9,12,7,10,11,11,12,13,10,8,6,8,6,11,9,8,11,8,6,9,7,8,11,10,8,11,9,9,7,7,7,9,6,8,8,8,11,8,11,10,8,8,8,11,9,8,8,8,6,7,10,7,10,11,10,14,7,8,8,10,6,8,11,11,8,10,8,10,10,13,11,10,7,10,7,11,7,9,8,11,12,11,7,9,9,10,8,11,12,10,14,9,9,7,10,11,9,8,13,10,7,7,8,11,8,9,8,8,8,8,9,9,7,10,7,8,8,]
383,1,2,with_set,0.01,1,1,201,9,loop_limit,[361,53,43,15,10,8,8,9,7,9,9,12,11,11,8,11,7,9,9,10,8,8,9,9,10,11,9,8,11,10,10,10,10,9,8,9,10,11,10,8,8,11,9,9,11,8,8,10,8,11,11,11,10,10,10,11,6,8,10,10,8,9,6,7,8,9,8,9,9,9,8,11,7,9,9,10,10,14,10,12,11,9,9,11,12,10,6,11,7,11,11,13,9,9,8,10,8,8,9,8,8,8,8,10,9,9,8,10,11,11,9,11,7,11,8,10,7,11,7,10,7,7,9,9,12,11,8,8,7,9,6,11,7,8,10,10,10,8,8,11,7,8,6,7,6,8,11,10,7,9,7,10,10,10,10,9,9,9,13,11,8,10,12,12,10,9,9,10,10,10,7,9,8,11,7,9,10,8,10,7,7,8,10,9,7,8,6,8,8,8,8,8,7,10,10,10,10,11,9,10,9,]
383,1,2,with_set,0.05,5,5,201,12,loop_limit,[361,65,35,19,7,8,11,10,8,9,13,8,7,9,9,8,7,8,12,11,13,11,10,10,11,11,12,8,9,12,7,12,7,10,10,11,7,8,8,11,11,9,10,9,7,8,9,8,8,9,12,10,10,13,8,8,8,10,6,11,7,8,10,7,8,10,7,11,8,13,7,11,9,8,7,10,10,11,10,11,11,12,11,11,10,10,7,8,11,10,10,11,10,9,6,8,11,10,9,9,7,9,10,8,8,8,9,8,8,9,6,8,10,9,7,8,7,8,8,8,6,10,7,10,6,11,7,9,6,8,8,11,8,9,9,10,7,10,12,9,9,10,8,11,7,10,7,11,11,11,11,11,14,12,12,11,13,11,12,11,6,8,8,10,11,11,6,9,10,10,9,13,10,9,7,9,10,11,12,9,6,8,7,9,11,8,7,9,6,8,8,10,8,11,8,11,7,8,11,10,12,]
383,1,4,with_set,0.01,1,1,201,8,loop_limit,[361,53,38,32,23,17,13,11,8,8,13,11,11,7,6,8,8,8,6,8,12,10,10,11,14,12,14,14,13,10,10,10,11,11,10,11,8,11,8,10,10,11,12,11,8,11,10,11,7,8,11,11,7,9,8,9,10,8,7,8,6,9,10,9,6,11,7,8,6,10,10,10,9,12,11,14,11,9,9,10,8,8,8,10,6,9,8,8,7,9,10,9,10,7,6,11,7,9,8,10,11,11,8,8,8,10,8,8,6,10,10,14,11,12,14,11,12,10,7,10,7,8,6,10,10,8,8,8,8,8,12,13,13,8,6,12,7,12,9,8,10,9,10,10,10,8,11,10,10,10,10,9,7,10,11,11,7,8,6,11,11,9,7,9,8,10,11,9,10,10,11,11,7,11,7,9,8,9,7,8,7,11,9,8,9,8,8,8,8,8,9,9,16,12,12,11,11,12,7,12,8,]
383,1,4,with_set,0.05,5,5,201,10,loop_limit,[361,61,42,17,13,14,8,8,10,11,11,10,10,11,7,9,8,11,11,10,8,10,6,8,11,11,11,11,10,10,10,10,10,9,9,10,8,8,6,8,7,9,10,11,7,8,6,8,7,8,10,8,6,8,11,8,6,10,7,9,6,11,11,11,8,10,7,10,10,11,8,9,11,11,10,10,11,11,7,11,11,11,13,11,13,8,8,11,8,11,8,10,7,10,7,9,9,10,10,7,10,14,9,8,10,10,10,10,12,9,11,11,10,9,9,11,8,10,6,8,6,8,6,9,7,10,10,10,10,12,11,8,6,8,7,7,8,8,8,8,7,8,7,10,10,8,11,15,11,10,9,8,10,11,10,10,7,10,8,8,8,8,8,7,9,10,11,9,6,7,8,8,8,10,9,8,8,10,11,10,8,8,6,10,10,10,8,8,13,10,11,11,11,10,9,11,12,9,10,8,10,]
383,1,8,with_set,0.01,1,1,201,8,loop_limit,[361,67,44,22,25,17,16,11,6,10,10,11,11,10,7,9,6,9,10,8,8,10,10,8,7,9,11,8,11,11,11,14,11,10,8,8,11,10,7,10,7,9,11,9,12,9,10,8,8,9,13,15,8,13,7,10,8,8,11,9,6,8,11,14,11,14,12,13,13,11,10,10,6,10,10,11,10,10,11,14,8,10,12,8,9,9,9,8,7,11,12,14,11,14,11,9,8,8,6,10,10,8,11,8,6,10,10,11,9,8,6,8,8,8,9,9,6,8,6,10,11,9,9,8,11,11,10,10,11,11,8,8,10,8,13,11,9,11,8,8,6,8,9,8,10,10,8,8,11,8,11,8,6,7,8,8,9,7,7,8,12,12,14,10,7,9,7,8,8,8,8,10,7,7,6,8,6,11,11,14,11,13,7,10,6,8,6,10,10,9,7,11,9,10,13,8,8,11,8,8,8,]
383,1,8,with_set,0.05,5,5,201,7,loop_limit,[361,65,42,13,12,10,11,12,7,9,8,10,11,13,9,8,13,10,10,9,10,7,6,8,9,9,8,8,11,9,11,11,7,10,8,9,10,8,7,9,7,11,12,9,9,7,6,8,8,12,8,10,14,11,11,8,11,8,11,11,11,8,7,8,6,10,10,10,10,14,9,11,11,11,12,11,9,11,8,10,10,10,11,11,11,11,7,8,8,8,8,8,11,10,7,10,7,9,9,9,6,11,9,8,11,11,9,11,10,8,6,8,9,11,7,11,11,11,8,9,9,7,10,11,8,8,10,11,11,7,8,8,6,11,9,10,7,9,7,8,8,8,11,8,12,11,10,8,10,8,6,10,8,8,13,14,8,11,11,14,11,10,7,10,8,13,12,13,9,10,11,9,9,10,11,11,8,8,11,11,9,9,6,8,7,7,10,10,8,11,7,11,6,8,13,11,7,11,8,10,7,]
383,1,16,with_set,0.01,1,1,201,8,loop_limit,[361,59,37,15,11,13,7,10,11,11,13,11,10,9,8,8,12,12,7,11,11,11,12,11,22,12,13,10,9,11,8,8,7,10,10,10,10,9,11,13,11,8,10,9,9,10,9,9,8,9,10,8,8,13,12,11,11,11,11,11,7,10,12,10,10,7,7,11,9,10,9,9,6,10,10,8,10,11,9,8,7,8,7,7,6,8,12,8,10,10,10,11,10,8,6,8,7,9,9,10,7,11,12,11,14,10,12,12,11,8,11,14,12,11,6,10,8,10,10,10,10,7,8,8,6,8,9,8,10,9,8,8,8,8,8,10,8,11,6,9,8,8,6,7,10,10,8,8,8,8,6,10,8,8,11,10,6,8,6,8,12,11,11,16,13,11,6,10,6,8,11,9,13,10,9,8,11,11,11,8,9,9,6,11,7,8,6,8,8,8,10,11,10,8,7,8,7,9,20,13,8,]
383,1,16,with_set,0.05,5,5,201,6,loop_limit,[361,65,38,12,13,12,19,12,18,14,9,9,9,8,11,10,13,15,8,12,8,11,7,10,11,13,14,10,8,9,7,8,8,11,11,9,7,8,13,14,12,9,9,8,10,11,11,13,13,10,11,14,9,8,6,8,8,9,6,8,6,8,12,8,10,11,7,10,8,8,7,9,8,9,8,10,10,8,8,8,9,9,11,11,11,11,7,8,6,8,6,7,6,8,8,11,12,12,6,9,10,8,11,16,13,8,10,11,11,9,8,8,8,11,7,10,10,13,9,9,6,8,11,16,15,13,15,8,13,11,11,8,11,11,9,11,7,10,8,9,13,11,10,11,9,11,8,11,12,12,11,11,10,8,7,11,9,11,8,10,7,8,6,8,11,10,11,9,8,10,8,10,10,8,7,10,10,9,10,11,12,13,13,9,8,10,7,9,9,10,10,10,10,9,9,9,7,9,10,9,6,]
395,1,1,with_set,0.01,1,1,201,15,loop_limit,[356,125,64,41,36,21,18,15,13,15,10,11,9,14,11,13,11,15,12,14,9,11,9,11,9,10,10,17,15,19,20,21,12,14,13,17,11,10,6,10,11,14,9,13,11,14,10,13,11,11,11,15,12,17,15,11,11,13,12,12,8,7,8,14,10,10,8,11,13,9,10,15,14,22,13,15,11,16,12,14,15,15,12,12,11,10,9,9,8,14,10,11,15,16,11,10,12,13,7,10,10,11,12,11,9,9,6,9,6,8,9,13,7,10,9,11,12,12,13,17,18,14,13,9,9,12,14,16,11,15,15,11,8,8,6,8,7,11,9,9,11,11,9,15,9,14,12,15,15,15,11,10,8,12,13,13,10,15,11,11,10,12,12,14,10,14,11,17,12,19,18,22,14,14,13,14,16,14,11,14,12,16,13,13,14,14,13,16,16,12,6,9,8,15,13,13,14,13,13,14,15,]
395,1,2,with_set,0.01,1,1,201,13,loop_limit,[356,137,61,36,40,20,20,19,13,14,9,13,12,10,8,11,11,11,11,13,12,13,14,14,9,7,8,7,5,11,10,11,15,9,6,14,15,14,13,14,10,11,11,20,17,15,15,13,13,12,13,11,9,13,9,11,12,18,17,19,16,15,13,18,8,10,11,13,9,11,9,10,9,9,10,12,15,15,15,22,16,15,8,8,6,13,11,15,16,15,12,17,12,17,11,10,10,13,14,21,13,8,7,9,7,7,5,7,5,7,8,12,13,20,13,13,13,10,10,10,9,11,9,10,9,14,14,16,10,8,7,7,7,13,8,14,11,10,6,14,13,14,11,12,10,10,8,10,11,16,16,16,12,13,12,14,13,12,10,8,10,16,11,13,17,20,12,12,9,12,9,10,11,16,9,14,13,10,6,11,9,9,9,13,12,11,8,9,6,8,8,10,8,10,10,8,7,9,8,13,13,]
395,1,2,with_set,0.05,5,5,201,11,loop_limit,[356,137,78,46,36,29,18,17,17,14,10,16,13,11,8,11,7,12,10,11,9,16,11,16,15,13,9,13,10,12,10,10,10,12,11,17,11,12,10,13,10,10,9,12,7,13,8,12,13,14,11,13,7,13,12,13,10,10,10,12,10,12,10,15,9,9,10,14,14,14,15,15,13,17,15,13,9,13,11,11,10,14,10,9,6,14,10,9,6,11,11,14,13,13,16,12,15,19,13,12,10,11,11,12,10,12,9,13,11,12,12,16,19,14,13,17,14,16,14,13,12,13,10,18,12,18,12,12,10,8,8,13,8,13,15,15,11,11,12,14,10,12,6,8,9,8,7,9,8,14,13,13,12,14,12,18,13,11,8,9,7,9,7,9,9,16,10,13,9,12,14,15,13,12,10,18,16,15,11,15,13,12,10,12,7,10,9,9,8,10,9,15,11,10,6,8,9,14,15,14,11,]
395,1,4,with_set,0.01,1,1,201,10,loop_limit,[356,114,60,43,30,19,18,17,16,11,14,12,11,11,10,9,9,13,11,12,10,9,11,11,13,8,7,8,9,10,11,13,13,10,11,12,11,10,9,8,7,7,5,12,12,12,15,19,16,18,13,13,13,16,11,10,13,13,12,10,9,9,10,16,18,20,19,16,10,12,15,13,10,13,12,12,9,9,9,8,7,14,15,22,13,14,12,15,10,11,12,17,11,13,11,20,13,16,14,12,13,17,16,22,17,18,21,22,21,19,13,14,12,14,14,13,12,12,13,10,10,19,18,14,12,14,17,16,17,15,14,16,13,18,19,18,19,17,19,22,16,14,14,18,18,16,11,13,10,9,7,11,8,10,7,10,6,10,10,11,8,12,9,11,8,11,11,14,10,9,10,15,11,15,12,13,12,10,7,9,10,12,8,13,11,12,12,13,8,8,7,7,5,11,10,10,6,8,8,10,10,]
395,1,8,with_set,0.01,1,1,201,6,loop_limit,[356,133,137,133,71,42,45,22,21,14,10,13,13,12,14,14,8,9,7,12,10,11,12,13,13,10,8,14,9,8,8,10,10,12,9,9,9,16,13,13,11,15,14,17,13,13,8,10,6,8,9,9,7,12,11,15,10,15,12,13,12,14,9,10,11,15,11,20,9,15,11,13,12,18,14,13,8,14,13,12,9,12,6,10,9,16,12,10,13,11,9,9,7,9,8,14,10,10,11,13,14,14,14,12,13,12,13,17,18,17,12,13,13,12,8,13,12,12,7,8,7,10,9,11,14,18,13,10,12,12,9,11,8,14,11,12,9,13,9,10,7,9,8,6,6,9,10,11,10,14,15,15,15,14,13,13,12,14,12,17,17,19,16,16,11,11,7,14,13,14,16,15,13,15,11,18,14,17,9,13,13,15,11,11,12,9,8,10,12,10,6,9,8,14,10,9,8,10,12,9,6,]
395,1,8,with_set,0.05,5,5,201,8,loop_limit,[356,133,70,30,30,27,13,19,16,14,12,15,11,13,10,11,13,14,14,16,14,11,9,13,8,10,9,12,11,12,16,19,13,14,12,18,8,10,12,23,15,16,12,12,8,13,13,16,11,14,12,10,8,11,13,12,8,11,11,14,16,15,14,11,9,12,12,12,9,15,15,17,9,13,12,12,15,22,19,18,14,15,12,14,9,11,13,9,8,8,8,10,8,10,9,18,11,10,6,9,6,8,7,8,9,10,9,14,9,14,14,20,11,14,13,15,12,12,14,14,13,16,12,16,16,13,12,14,13,14,11,12,14,21,11,13,14,13,13,17,13,14,13,11,11,10,10,10,12,19,15,18,19,18,15,10,15,14,13,18,13,10,9,10,7,9,8,8,6,9,9,12,13,13,15,15,14,10,8,9,8,8,7,12,10,8,9,10,6,9,9,8,9,13,13,15,12,13,11,13,8,]
395,1,16,with_set,0.01,1,1,201,13,loop_limit,[356,153,83,85,50,23,15,13,13,17,13,12,12,17,17,15,11,15,15,21,11,15,11,15,12,10,10,12,13,21,15,21,11,20,16,17,11,16,14,15,14,13,10,14,10,12,13,10,8,13,11,15,10,13,15,18,14,16,19,24,25,22,18,14,11,15,13,13,14,15,11,14,13,15,11,13,15,16,16,21,11,9,6,10,9,20,18,14,10,10,10,12,13,13,11,14,17,21,26,20,15,13,15,13,14,16,10,14,19,19,21,19,12,11,13,10,12,15,17,16,13,9,6,8,9,11,12,13,9,12,12,14,11,12,10,11,19,18,15,18,16,22,16,15,11,8,8,10,8,14,13,14,10,12,13,15,11,13,17,18,19,15,9,11,5,8,6,11,9,12,8,11,13,16,12,10,10,15,8,9,8,11,7,7,8,12,10,13,8,13,16,15,8,13,10,16,14,15,15,15,13,]
395,2,1,with_set,0.01,2,2,201,6,loop_limit,[356,72,27,11,9,5,7,6,4,4,5,4,4,5,7,5,4,6,4,5,6,6,8,6,6,4,5,9,6,4,3,7,5,4,3,3,3,4,5,5,5,4,4,4,5,4,5,8,6,4,6,4,4,4,7,7,4,4,5,5,6,9,8,10,6,7,6,6,4,5,5,4,5,5,4,4,3,4,4,4,4,7,7,9,7,6,6,7,7,5,4,4,6,8,4,7,7,6,8,6,4,4,3,4,6,4,5,4,3,6,5,6,4,7,6,6,6,5,3,4,6,4,5,5,5,5,4,5,4,5,7,4,6,10,5,7,4,6,5,7,8,6,8,6,8,7,7,4,6,9,6,4,6,6,6,5,7,7,6,9,8,7,4,4,6,5,4,6,4,5,6,5,6,4,4,4,3,6,8,7,4,4,4,4,6,5,5,10,9,6,5,8,8,6,8,5,7,10,8,6,6,]
395,2,4,with_set,0.01,2,2,201,4,loop_limit,[356,72,24,16,8,12,11,4,6,6,6,6,6,8,5,5,6,4,6,4,4,4,3,7,4,4,6,7,7,4,3,3,5,5,7,3,5,5,4,8,8,6,6,6,7,5,4,4,6,4,5,5,6,6,4,4,6,4,3,4,6,6,6,4,5,4,6,6,4,4,5,5,7,4,6,4,6,9,6,8,8,4,5,5,7,7,7,4,6,4,6,9,8,12,7,4,4,4,6,5,4,7,8,6,7,9,8,11,7,5,4,4,5,5,5,5,7,7,5,5,6,6,5,4,6,4,4,4,6,4,5,4,5,4,6,4,4,6,5,4,4,4,5,5,3,4,5,4,6,6,4,4,5,9,5,7,7,5,4,4,6,8,8,6,5,4,6,6,6,6,6,4,3,4,6,6,6,5,6,6,5,4,5,4,6,5,7,9,7,5,7,7,5,4,6,4,3,4,6,5,4,]
398,1,1,with_set,0.01,1,1,201,8,loop_limit,[355,97,67,54,39,17,13,4,6,5,8,3,6,3,6,2,6,5,7,5,5,3,4,3,4,2,3,4,5,7,10,10,8,3,5,3,3,4,9,3,6,3,5,5,5,3,6,6,6,4,5,5,7,7,9,7,6,4,4,2,5,3,4,2,5,2,3,4,6,7,6,2,6,6,4,2,6,6,7,3,6,9,6,8,7,3,4,5,5,6,6,3,6,2,6,2,3,4,7,7,13,7,8,4,5,5,5,2,5,7,4,5,6,4,8,6,5,4,8,7,6,3,5,2,4,2,5,4,7,5,6,2,5,2,5,3,7,5,5,3,6,3,5,4,4,6,11,6,7,5,10,6,7,3,4,5,5,2,4,2,6,6,6,5,6,4,7,7,7,4,3,4,9,6,4,2,5,4,5,2,4,2,3,4,6,3,6,3,4,2,5,4,6,6,4,3,5,6,4,4,8,]
398,1,2,with_set,0.01,1,1,201,5,loop_limit,[355,81,105,28,16,6,7,5,5,2,4,2,5,2,4,2,3,4,5,2,3,2,6,5,7,9,8,8,6,4,5,3,6,4,3,3,4,4,6,4,9,3,6,2,4,5,6,3,6,2,4,2,5,2,4,2,4,4,7,3,6,3,7,5,4,2,5,3,4,5,5,8,5,2,6,3,6,6,9,4,7,6,7,4,8,5,9,7,5,5,5,5,5,6,7,8,7,10,6,9,6,9,8,10,9,10,12,4,11,4,5,2,4,3,7,2,4,4,6,5,7,3,5,9,8,5,7,3,4,7,11,7,5,9,9,6,7,3,5,6,6,2,6,6,6,5,3,2,6,4,6,7,6,4,5,5,6,3,6,5,7,9,7,4,11,8,10,4,7,4,9,4,6,6,7,5,8,5,4,2,6,5,4,4,6,3,4,4,6,5,6,2,6,6,6,3,8,6,7,6,5,]
398,1,4,with_set,0.01,1,1,201,10,loop_limit,[355,72,103,46,46,11,14,8,9,5,7,3,4,2,6,6,5,4,6,6,3,2,5,4,5,3,5,4,8,4,5,3,4,5,5,6,10,6,12,4,4,3,4,6,6,10,13,9,7,3,5,2,4,2,6,2,5,3,6,3,6,4,5,4,6,3,7,7,11,4,7,6,6,5,8,6,9,7,9,10,7,5,6,3,4,3,6,3,6,4,6,4,5,2,5,4,6,3,6,9,7,4,8,4,3,2,3,2,5,3,4,2,5,2,5,4,6,6,7,5,4,4,6,3,6,2,3,2,3,2,5,4,11,5,6,3,5,2,5,3,5,2,3,2,4,5,5,5,6,5,7,3,4,2,3,2,5,3,6,2,6,5,8,3,3,3,5,2,4,3,7,2,4,3,5,3,4,6,4,3,5,3,5,2,5,4,6,3,5,2,5,4,7,4,7,3,6,3,6,4,10,]
398,1,16,with_set,0.01,1,1,201,6,loop_limit,[355,73,41,33,19,6,7,4,5,5,7,4,8,4,5,3,4,4,8,4,6,5,8,8,11,6,10,9,9,5,7,7,4,2,3,4,7,7,7,9,7,3,5,4,5,3,4,3,6,4,5,9,6,2,4,3,6,2,6,3,5,2,3,2,6,4,7,7,5,5,8,3,4,2,6,3,5,3,6,6,7,10,7,5,7,2,4,3,5,4,8,8,5,3,4,2,5,7,10,4,3,4,6,5,5,6,9,7,4,2,4,2,3,2,3,4,5,7,6,2,3,3,6,6,9,3,6,4,4,3,4,4,6,3,4,3,5,9,13,12,6,2,6,4,7,4,5,4,5,2,6,5,15,9,10,5,6,2,3,4,9,4,5,3,6,6,7,8,6,2,5,5,10,6,7,10,7,4,7,7,10,5,4,3,4,3,6,6,6,10,9,6,5,2,3,2,5,7,4,3,6,]
401,1,1,with_set,0.01,1,1,201,4,loop_limit,[256,29,15,5,5,3,5,3,2,3,3,2,3,3,2,3,3,4,4,5,4,4,3,3,5,4,3,2,3,3,3,3,4,2,2,2,3,3,4,2,3,2,2,2,4,2,5,2,3,2,4,2,2,2,3,3,2,3,3,2,3,3,2,3,5,5,3,2,4,3,2,3,4,3,3,3,2,2,3,4,2,2,3,2,2,3,5,3,5,4,6,4,3,3,3,2,3,3,3,3,4,4,9,2,4,2,4,5,5,3,3,2,3,2,5,4,2,3,4,3,4,2,2,2,2,3,3,2,4,3,5,3,5,5,2,2,2,3,2,3,4,3,4,5,5,3,2,2,5,2,3,3,3,3,4,2,2,3,5,5,5,2,2,3,2,4,3,3,2,2,5,3,2,3,3,4,2,3,2,3,5,2,3,3,5,2,2,2,4,2,2,3,4,3,3,4,3,3,5,5,4,]
401,1,16,with_set,0.01,1,1,201,2,loop_limit,[256,36,44,5,3,4,3,4,5,2,4,3,2,3,4,2,5,3,5,2,3,3,3,2,5,2,2,3,3,3,2,3,4,3,5,3,4,4,3,2,2,3,4,5,5,4,4,3,3,3,3,4,5,2,3,4,5,3,3,3,4,2,2,3,4,4,6,5,5,3,3,4,6,3,3,3,4,3,5,5,2,2,2,3,3,4,3,4,3,3,3,2,5,3,3,2,4,4,2,3,4,2,5,3,2,3,3,2,4,5,5,3,2,2,5,3,5,2,3,4,3,2,2,2,5,5,3,2,2,4,5,2,5,4,2,2,3,2,3,4,3,2,5,2,5,3,3,2,4,3,4,3,4,2,3,2,5,2,3,3,3,2,2,2,5,3,4,3,3,3,3,2,5,5,5,2,4,3,3,2,3,2,5,3,3,2,4,5,3,4,6,4,2,3,3,2,4,4,3,3,2,]
414,1,1,with_set,0.01,1,1,201,10,loop_limit,[350,78,45,17,13,10,7,6,5,6,4,5,6,5,6,6,4,6,6,9,7,6,7,7,7,6,7,9,11,5,6,6,5,6,6,9,10,7,6,5,6,6,6,6,10,9,10,7,5,6,8,9,7,11,7,6,7,7,5,8,5,7,8,9,4,6,6,7,14,9,11,10,8,7,11,8,7,10,8,6,7,10,7,8,10,7,7,7,9,13,10,15,6,9,6,6,4,6,10,6,7,8,6,6,6,8,6,6,7,8,6,5,7,6,6,7,7,6,6,5,7,7,5,8,10,7,6,6,6,8,6,7,7,9,6,6,6,9,7,11,6,8,7,6,6,6,6,9,4,9,10,8,4,9,6,7,4,8,8,11,10,9,6,9,8,8,8,5,6,10,8,6,10,6,6,6,7,6,4,9,7,9,11,10,14,9,6,9,7,7,7,7,10,9,6,10,10,12,8,6,10,]
414,1,4,with_set,0.01,1,1,201,4,loop_limit,[350,86,59,15,8,7,6,10,7,9,10,8,7,8,5,8,6,8,6,5,6,6,6,6,4,8,6,9,8,10,9,12,14,13,8,9,14,11,11,8,7,7,8,7,7,7,8,9,11,7,8,8,7,7,12,7,6,9,11,9,6,9,8,8,6,5,6,6,6,10,10,8,8,9,9,9,8,5,10,6,6,6,8,8,7,6,10,8,5,6,7,7,7,6,10,8,8,12,9,5,6,9,4,8,6,7,6,10,6,6,8,6,10,8,8,9,10,6,6,7,6,9,4,8,6,10,8,11,11,5,4,9,10,6,6,7,8,7,6,10,5,8,6,7,8,5,10,9,6,5,7,10,7,8,4,6,7,6,8,9,8,7,6,5,4,8,7,8,10,9,6,5,7,6,7,8,7,5,6,6,10,7,6,9,8,9,8,6,6,10,10,5,10,6,6,6,10,6,10,8,4,]
421,1,1,with_set,0.01,1,1,201,6,loop_limit,[284,122,58,65,44,60,41,49,47,23,10,12,8,4,9,6,7,5,8,6,6,7,3,4,6,5,6,3,6,8,6,5,8,6,9,5,5,6,9,6,4,4,6,3,3,6,9,4,7,3,6,3,6,3,3,3,9,8,9,9,11,5,7,4,6,3,3,3,6,4,6,4,6,3,5,5,7,4,6,6,5,5,3,3,3,6,4,4,4,4,3,4,3,4,6,3,6,3,5,5,9,6,8,6,8,4,5,4,3,3,9,8,5,5,6,4,3,3,3,3,6,3,3,3,9,4,7,5,9,4,3,3,6,3,3,3,3,6,7,3,6,6,7,5,7,6,9,8,9,13,13,10,7,8,11,8,8,3,6,3,6,8,9,6,7,3,9,7,9,6,6,5,7,3,3,4,6,5,5,3,9,8,4,3,5,3,5,3,6,3,5,6,4,4,6,3,5,4,6,5,6,]
421,1,2,with_set,0.01,1,1,201,6,loop_limit,[284,121,100,71,36,39,22,12,4,5,3,3,3,4,8,5,5,4,6,3,6,5,6,13,12,11,9,4,4,5,7,5,3,4,3,6,4,6,8,12,6,7,6,4,6,7,9,5,7,8,9,6,10,9,10,5,8,7,8,6,8,6,8,10,3,3,5,3,5,3,6,6,5,5,10,5,5,3,6,5,9,5,4,6,6,5,8,4,6,3,3,4,8,7,7,6,7,6,10,6,6,3,6,5,8,4,6,3,6,5,7,16,10,10,7,5,9,6,9,7,9,6,8,6,5,5,3,3,5,4,9,7,6,3,5,6,9,13,14,18,6,4,5,5,7,5,7,5,6,3,5,6,7,6,7,8,7,5,3,6,6,4,6,6,6,5,7,6,6,3,3,6,9,6,6,3,6,5,8,4,11,8,5,12,8,9,7,3,3,6,7,5,9,6,7,3,6,3,5,3,6,]
421,1,16,with_set,0.01,1,1,201,9,loop_limit,[284,296,98,56,29,24,14,12,8,7,5,6,4,6,9,12,11,9,4,3,3,6,7,3,3,13,6,6,9,11,3,3,9,6,7,3,9,6,4,4,7,3,6,5,8,6,7,4,8,6,8,6,6,8,6,3,6,13,13,9,5,5,4,12,9,3,5,3,6,14,15,11,10,6,7,5,5,4,8,6,16,13,16,12,6,4,8,6,8,4,6,6,8,4,3,3,6,14,16,5,5,5,6,6,9,4,3,4,3,5,7,5,7,3,6,3,3,3,3,6,7,7,10,6,7,8,9,9,11,8,13,7,7,3,3,4,3,5,6,5,6,4,6,5,8,6,11,3,9,6,7,6,9,7,6,5,6,5,7,6,7,7,5,14,6,4,5,3,5,3,9,6,4,6,4,5,7,4,6,3,6,7,3,3,5,3,3,3,9,6,6,7,9,3,5,3,6,5,9,4,9,]
430,1,1,with_set,0.01,1,1,201,847,loop_limit,[1296,797,944,719,935,736,935,712,943,681,873,739,873,702,868,719,823,683,861,728,865,687,836,663,836,679,874,694,940,683,913,701,867,658,904,698,864,677,910,697,870,681,826,695,887,705,889,681,855,665,911,699,922,680,904,696,871,725,933,684,857,659,797,652,927,652,869,676,854,651,861,680,891,722,870,668,818,656,841,651,853,706,846,688,883,676,889,686,888,725,916,694,878,688,867,696,821,626,858,700,889,695,820,626,850,658,913,723,929,692,877,681,811,636,907,685,877,657,868,645,894,665,882,664,816,657,805,657,812,637,840,646,866,690,873,702,868,679,849,686,951,718,861,692,905,687,885,676,887,683,928,694,838,665,874,657,845,693,841,689,849,689,905,699,879,691,896,742,900,744,912,706,858,676,909,700,911,681,851,694,858,698,879,689,858,675,888,658,820,695,843,693,914,694,911,735,955,717,882,682,847,]
430,1,1,with_set,0.05,5,5,201,906,loop_limit,[1296,764,995,764,941,691,895,682,882,699,905,679,893,676,852,662,858,644,892,691,868,671,852,662,874,700,831,663,803,676,888,697,873,672,783,661,832,653,888,701,928,694,880,730,921,700,895,658,864,669,862,676,829,649,813,673,899,737,882,649,827,692,842,681,902,709,916,661,793,716,875,669,897,694,872,694,874,686,907,706,869,666,921,673,900,682,829,696,931,676,860,682,840,660,886,691,880,687,839,707,839,702,866,698,898,662,877,654,873,679,907,711,904,675,851,695,915,679,901,681,843,676,938,705,875,673,838,631,845,639,849,691,903,695,887,690,837,712,826,642,788,680,807,726,881,672,861,634,813,631,854,682,878,638,859,634,847,640,839,612,794,662,818,682,864,678,842,632,786,671,844,686,844,674,826,644,811,701,848,651,837,711,915,690,868,646,878,646,848,731,894,697,926,715,967,721,996,707,906,738,906,]
430,1,1,with_set,0.1,11,11,201,844,loop_limit,[1296,793,917,734,869,667,856,694,889,674,824,638,811,672,942,698,929,710,866,690,873,693,858,697,908,671,819,626,782,625,848,684,809,617,829,662,812,671,884,696,885,674,870,654,853,685,808,678,918,704,886,695,887,666,907,692,949,682,931,694,859,684,883,699,844,676,841,656,909,669,919,664,887,680,833,698,930,681,881,685,910,705,941,705,877,678,825,648,862,672,809,682,821,674,889,684,810,664,904,708,947,706,906,705,927,707,865,698,963,687,855,701,866,700,865,672,790,653,903,700,817,619,834,647,904,718,921,700,975,702,890,686,873,661,837,660,870,728,947,697,835,697,879,685,888,732,958,704,897,720,906,675,854,692,931,698,857,641,864,640,836,690,886,697,842,680,861,717,858,677,830,661,870,667,820,717,922,702,891,696,858,652,905,701,861,682,829,674,824,728,824,631,859,731,859,689,846,628,842,655,844,]
430,1,1,with_set,0.25,28,28,201,860,loop_limit,[1296,794,892,696,954,711,957,732,891,675,875,675,959,719,879,668,873,699,872,649,829,651,801,696,804,643,826,698,896,725,985,712,842,663,867,699,936,736,905,675,863,666,830,630,864,688,869,629,858,685,833,678,850,692,830,639,907,677,813,660,867,662,851,682,852,690,913,686,911,750,968,707,911,697,924,682,930,701,874,667,798,710,907,686,838,667,842,719,911,713,883,708,894,744,873,684,926,684,904,689,881,698,870,690,923,670,857,677,892,679,831,671,846,657,833,619,779,641,800,686,878,741,943,702,859,688,811,616,840,681,858,668,828,629,834,714,824,674,828,691,856,683,900,713,854,664,875,723,924,739,870,659,813,687,881,674,825,677,920,678,799,723,934,704,885,680,869,698,887,700,901,686,864,712,908,680,857,698,892,745,934,709,882,644,872,702,901,686,879,691,920,677,870,676,808,659,824,641,853,666,860,]
430,1,2,with_set,0.01,1,1,201,904,loop_limit,[1296,794,955,672,894,668,865,699,874,668,852,655,820,656,798,695,903,688,873,661,888,684,860,681,884,695,868,662,825,650,894,696,849,690,894,671,833,648,829,706,881,697,882,738,914,701,821,689,910,689,922,724,923,677,909,680,901,744,878,746,878,690,862,658,865,665,888,680,889,683,887,680,819,637,815,648,902,683,819,731,819,691,916,702,907,714,899,709,849,682,898,704,918,699,891,659,911,684,893,709,938,714,834,735,916,670,833,656,816,626,882,696,949,671,856,662,892,694,859,653,877,697,884,691,878,646,890,699,856,691,854,661,936,698,911,697,827,719,899,678,924,701,848,681,871,729,889,745,954,713,916,667,888,684,852,664,910,709,876,673,793,662,874,700,846,736,916,686,846,745,956,697,894,735,894,686,919,698,914,685,882,677,883,696,875,692,944,699,867,736,916,706,917,679,921,684,905,692,878,704,904,]
430,1,2,with_set,0.05,5,5,201,888,loop_limit,[1296,789,952,732,903,684,881,676,847,646,875,704,920,696,920,718,910,672,873,695,945,717,848,665,928,665,874,659,855,692,874,679,882,683,819,732,819,732,891,689,878,685,904,696,907,709,900,712,879,701,900,681,853,654,861,678,913,681,811,665,865,718,876,637,855,672,881,695,910,710,894,702,866,697,882,714,918,690,868,674,896,691,899,732,917,716,857,639,845,664,831,672,868,697,900,715,922,728,922,696,925,710,926,703,857,705,908,693,894,669,885,728,876,639,856,663,885,672,909,697,840,681,869,627,836,677,815,665,841,687,887,712,937,693,861,678,878,698,844,648,909,718,892,685,897,678,885,678,883,672,871,680,860,692,832,647,795,640,837,695,848,648,847,651,853,712,918,697,915,700,902,694,893,696,860,689,897,698,896,695,895,679,871,688,845,734,927,682,834,665,836,670,808,661,831,639,827,672,856,675,888,]
430,1,2,with_set,0.1,11,11,201,873,loop_limit,[1296,793,890,691,922,697,870,664,803,677,854,666,820,668,903,702,845,732,940,709,896,708,906,674,813,714,930,710,832,688,895,666,880,691,901,698,872,679,876,650,855,675,806,649,788,668,910,706,879,672,875,692,841,672,905,722,967,713,830,663,915,697,824,689,871,685,875,668,958,731,883,675,883,691,920,728,854,679,894,684,837,663,874,684,875,664,861,661,857,682,829,672,824,622,867,657,845,659,867,662,934,678,903,703,837,714,837,714,916,718,889,702,916,684,859,684,849,663,875,672,920,692,858,690,833,646,822,695,901,722,885,704,898,743,965,708,865,687,886,702,928,664,858,684,856,696,904,689,835,663,882,676,847,691,916,680,889,679,809,722,914,692,830,686,882,688,900,682,897,672,833,677,857,704,894,709,888,703,894,693,826,657,793,648,817,677,826,732,888,673,903,675,929,716,915,687,872,689,815,668,873,]
430,1,2,with_set,0.25,28,28,201,919,loop_limit,[1296,764,927,718,870,706,870,664,878,678,882,684,814,656,863,682,887,698,869,683,918,687,865,656,842,679,816,711,912,701,875,699,879,699,850,688,916,736,895,707,876,683,856,661,879,695,854,662,883,651,876,688,909,694,833,695,899,689,957,733,925,757,911,708,841,720,841,643,859,670,884,685,936,731,875,714,898,692,830,703,840,732,930,701,889,683,899,687,917,679,886,679,899,726,972,695,801,658,796,663,891,702,906,667,857,641,863,667,916,692,942,721,903,660,914,705,888,675,875,686,831,672,880,685,893,707,931,692,980,715,854,649,788,662,888,673,880,728,996,764,892,697,837,629,841,653,874,686,890,686,891,693,874,678,939,706,900,707,868,687,872,678,885,707,906,682,877,646,857,698,831,672,913,660,856,665,847,695,828,663,841,658,878,692,871,729,917,693,854,680,878,688,830,658,824,716,888,680,893,684,919,]
430,1,4,with_set,0.01,1,1,201,844,loop_limit,[1296,899,948,725,875,694,1231,776,966,705,928,702,947,730,856,695,938,701,865,687,856,684,854,663,1233,755,927,693,872,724,931,691,910,689,821,669,1193,900,949,723,851,669,1112,745,926,727,858,702,1202,772,944,682,923,693,812,687,849,670,785,636,792,679,827,681,928,675,1055,745,911,705,913,738,913,718,896,676,874,723,874,668,875,691,892,819,899,672,878,705,885,691,866,845,977,705,905,671,1214,887,1001,732,852,685,826,672,904,840,978,701,904,666,844,689,910,868,974,721,900,693,920,694,870,653,913,706,1114,750,927,750,893,676,902,722,906,696,865,681,927,694,891,683,859,665,860,658,883,681,802,661,882,870,982,727,841,670,904,701,820,672,825,668,810,808,903,712,907,672,837,643,849,692,958,692,1079,762,857,855,967,730,895,659,798,785,958,721,933,713,1239,874,1191,770,932,704,896,705,897,655,883,666,920,699,844,]
430,1,4,with_set,0.05,5,5,201,892,loop_limit,[1296,786,938,710,901,695,1111,757,953,684,898,819,909,715,848,738,942,707,887,694,1076,749,939,714,832,742,909,661,1066,893,938,782,957,749,871,691,874,696,957,823,1241,780,959,713,829,625,879,625,851,663,859,686,889,679,872,689,892,686,832,622,794,704,1081,750,938,693,910,689,849,681,898,689,1078,730,872,740,1118,734,920,679,886,696,887,671,860,871,935,712,849,718,855,711,903,661,853,707,842,690,940,669,868,669,832,681,877,674,820,662,799,717,1092,745,917,651,871,666,814,656,797,661,904,707,859,687,906,892,944,732,931,732,901,691,859,690,901,702,913,703,900,751,900,751,1242,791,956,697,851,694,846,630,815,621,892,695,945,894,1016,738,869,692,865,662,921,662,842,688,839,692,850,693,853,778,970,718,863,806,984,711,872,661,883,689,865,694,1262,790,958,718,1116,738,1252,755,1252,895,1001,688,885,737,930,692,892,]
430,1,4,with_set,0.1,11,11,201,863,loop_limit,[1296,789,889,881,946,707,877,687,891,691,844,815,956,695,886,719,917,814,1006,721,968,720,841,694,938,694,869,889,1008,713,1208,730,916,685,888,707,888,697,945,855,1002,721,881,705,944,713,917,694,820,616,895,795,977,845,1000,724,1204,779,892,694,890,676,807,790,985,718,882,644,867,641,836,690,896,708,819,671,901,673,890,674,887,694,822,669,897,669,810,674,881,679,900,711,1112,728,843,671,826,655,914,846,914,717,919,735,862,696,948,682,872,658,1008,705,820,675,892,666,880,720,880,696,842,635,1113,720,915,753,1075,746,1199,871,1239,784,1109,779,973,715,903,676,887,675,870,714,930,687,898,668,856,696,929,683,889,734,832,683,891,640,848,851,1001,718,873,683,876,659,885,656,841,667,1200,747,866,668,829,638,863,638,869,700,860,689,933,699,908,688,922,681,863,698,1211,783,959,701,938,709,904,752,945,696,894,722,863,]
430,1,4,with_set,0.25,28,28,201,1167,loop_limit,[1296,794,958,700,915,671,811,857,998,724,950,704,910,700,937,678,860,696,888,709,833,654,915,687,878,674,779,678,848,731,873,683,1121,732,1232,870,1029,734,967,700,880,703,876,658,871,680,879,697,1116,894,996,717,900,676,1091,744,952,719,863,642,847,678,840,667,815,723,934,807,1255,874,1019,779,1019,840,1162,758,904,709,937,686,792,663,917,884,1031,727,895,687,878,699,906,723,1170,773,1120,765,937,730,974,700,891,697,845,684,861,641,887,678,840,643,888,707,949,702,907,730,851,695,924,686,953,683,889,685,862,676,837,877,1021,714,915,690,830,677,1206,864,942,886,1166,760,932,711,886,650,822,680,898,702,849,659,881,713,875,678,917,711,884,687,840,658,820,673,872,694,841,680,827,675,855,831,993,721,921,876,977,717,921,716,899,832,972,710,944,710,883,860,1244,776,955,708,889,689,959,714,866,659,1137,748,1177,862,1167,]
430,1,8,with_set,0.01,1,1,201,967,loop_limit,[1296,904,998,901,948,664,887,683,877,727,1275,910,995,757,894,767,1251,910,1036,786,898,699,899,710,1211,812,979,760,907,725,947,695,1296,793,1043,738,916,727,935,699,945,888,965,728,1296,764,995,752,893,673,951,716,888,760,952,756,932,678,911,672,893,678,934,680,878,665,864,682,816,725,894,712,914,702,892,894,1007,717,865,765,1246,752,934,893,1005,702,916,694,871,653,895,682,879,898,1025,788,963,698,1278,787,918,708,874,910,1296,764,1284,783,1272,762,906,709,865,699,959,719,935,717,916,908,1009,910,952,905,1005,817,895,664,912,904,995,713,914,691,924,897,993,763,1254,755,951,899,1282,797,1053,740,1296,797,1002,895,1022,727,1000,706,913,702,913,724,844,739,844,672,1286,796,1013,746,957,705,911,697,1244,775,917,908,1007,730,863,640,849,907,1012,726,898,700,921,744,942,898,1023,737,931,726,972,697,877,703,886,869,969,758,967,]
430,1,8,with_set,0.05,5,5,201,1027,loop_limit,[1296,792,1278,787,970,910,952,667,839,727,878,709,968,708,885,695,867,701,1226,777,1035,693,893,752,945,687,911,702,1208,896,1296,786,898,726,933,898,991,898,1003,732,898,690,947,899,1044,808,968,711,965,758,964,732,1273,763,906,678,881,677,922,706,869,702,869,687,893,692,1244,910,995,728,1254,786,913,712,926,713,1252,756,970,910,1036,726,959,903,995,757,941,702,984,722,872,667,874,665,863,712,893,702,861,694,917,890,954,727,900,709,991,707,833,683,872,685,853,643,931,709,889,686,891,679,894,649,857,671,1208,754,1250,778,1008,712,911,704,917,684,902,702,838,654,809,609,839,673,829,630,891,680,861,687,942,713,1256,752,986,759,900,910,1085,738,865,643,852,636,854,711,892,705,868,703,902,905,967,669,872,684,923,699,883,685,912,725,904,743,831,630,846,732,906,688,908,676,886,690,847,641,899,726,908,687,890,895,1027,]
430,1,8,with_set,0.1,11,11,201,823,loop_limit,[1296,829,955,910,1296,797,944,683,852,633,1237,741,903,910,1026,725,1279,910,1036,759,935,696,954,737,920,744,954,881,1011,910,1026,899,984,760,905,646,872,753,917,649,899,678,939,758,878,684,825,658,832,681,899,715,847,684,842,655,833,717,903,749,927,702,1246,772,1260,777,875,901,991,709,920,696,913,674,848,865,942,745,894,710,893,693,951,887,1017,724,974,908,994,728,1279,790,964,728,858,683,835,688,924,769,876,681,829,665,863,697,1259,784,950,761,886,858,991,698,875,679,848,655,900,714,863,673,939,704,1261,792,955,726,989,898,1023,724,893,737,908,668,1273,794,997,699,899,679,905,726,877,640,827,634,840,696,892,893,982,709,844,656,869,759,853,655,916,896,1006,746,898,729,1236,760,938,882,1002,732,902,698,933,728,855,710,960,703,857,665,861,674,891,691,945,686,1172,733,889,731,849,907,995,713,915,664,928,671,823,]
430,1,8,with_set,0.25,28,28,201,956,loop_limit,[1296,794,968,754,1277,790,925,910,995,764,941,721,917,716,910,887,997,712,816,642,834,672,859,682,1243,910,1026,774,936,744,891,697,1163,770,932,711,842,687,888,665,884,879,1036,723,1018,742,939,762,947,706,915,706,829,729,901,708,901,706,901,635,858,658,900,675,906,904,1291,786,893,702,883,703,900,679,857,668,891,677,915,695,888,689,910,696,845,671,812,685,821,666,861,693,883,722,907,885,950,728,841,644,878,691,907,668,856,713,818,672,849,696,918,715,974,910,1284,782,937,910,1013,780,962,910,952,732,841,699,1196,743,924,665,845,676,1296,793,960,723,1285,861,975,736,1018,734,897,704,875,672,1274,840,995,717,868,692,829,722,912,692,943,791,904,744,860,681,825,608,1222,910,1296,789,970,700,917,684,913,681,796,720,837,727,932,709,847,698,841,664,819,867,1083,742,845,649,1257,786,926,676,880,697,805,733,924,744,956,]
430,1,16,with_set,0.01,1,1,201,867,loop_limit,[1296,793,986,707,834,868,1296,824,986,775,1209,794,998,736,1296,793,890,680,882,683,1296,820,1296,910,1026,910,1015,742,1296,786,946,874,1296,826,961,705,928,668,893,693,978,910,1026,739,955,725,955,674,911,910,1026,739,1153,761,950,910,1296,901,1003,726,866,680,1296,764,978,763,916,910,1055,761,964,739,854,910,1043,892,1069,787,936,883,982,753,997,721,920,716,849,645,1296,910,1054,744,904,724,1145,910,952,846,947,679,890,670,924,720,959,910,1009,873,1296,797,944,850,931,910,952,724,870,707,850,681,1296,910,1013,796,940,718,864,697,1285,791,888,680,1296,793,960,698,1097,736,998,910,952,789,902,670,843,696,850,656,1296,796,1296,789,981,892,1260,803,966,735,940,712,1296,904,968,725,907,910,968,703,939,682,924,860,1246,788,890,910,952,685,840,729,1107,762,918,695,878,677,1118,770,1296,828,986,719,896,910,1287,779,959,692,931,734,867,]
430,1,16,with_set,0.05,5,5,201,973,loop_limit,[1296,822,992,739,865,716,844,683,1106,727,904,737,899,910,1031,767,1190,775,922,729,859,704,905,694,1122,790,969,893,1035,910,1026,885,949,861,984,706,958,719,886,720,1179,740,1296,818,1296,786,1166,910,952,910,990,735,880,681,820,733,1153,781,974,756,1296,796,993,865,984,763,1001,872,1019,717,918,734,872,731,915,910,968,725,894,910,1036,731,910,866,1047,729,850,868,948,788,1296,823,969,721,1296,764,975,713,1296,764,915,885,1027,895,1229,908,1296,764,981,750,976,700,927,694,886,684,878,719,1230,801,900,910,1043,749,914,910,1013,726,898,688,810,667,1256,904,1002,741,914,896,978,910,1009,717,915,722,978,720,876,714,1185,902,1036,910,992,734,941,701,958,747,1004,910,1036,731,896,707,959,695,923,682,846,696,844,711,1271,910,1296,789,944,717,933,707,1109,758,961,716,844,654,1296,793,962,729,871,910,983,730,870,910,1296,786,1212,771,973,]
430,1,16,with_set,0.1,11,11,201,968,loop_limit,[1296,823,1248,891,988,723,837,698,895,858,994,713,847,910,1004,710,1112,784,1026,759,937,744,944,708,851,727,837,645,1126,890,1213,799,956,705,865,631,758,834,1296,794,946,716,1296,815,1232,787,955,745,966,693,923,874,934,713,904,725,931,734,920,910,1243,902,1018,723,1170,771,986,725,844,644,866,910,1009,688,941,881,1012,727,919,718,891,701,1296,910,1065,751,924,704,901,893,989,910,992,910,968,725,906,659,854,690,914,705,873,858,961,701,876,684,874,844,1296,797,986,719,905,716,1296,837,1047,870,1296,789,959,714,922,687,1296,910,1296,764,1197,783,1188,814,1015,910,995,722,883,698,932,710,1145,800,1196,775,958,703,876,701,945,910,1013,702,913,684,1296,794,1196,746,901,643,1145,748,998,722,890,675,886,910,1043,710,1296,796,1296,797,915,868,1296,797,1296,818,995,880,995,761,959,910,952,725,859,910,1013,895,978,734,1208,774,988,910,968,]
430,1,16,with_set,0.25,28,28,201,870,loop_limit,[1296,910,1036,731,900,701,850,910,1009,730,870,887,950,725,1162,732,922,696,1159,910,1296,810,914,910,1296,815,1046,889,1050,910,1278,811,901,693,1296,792,899,722,914,713,1296,796,920,718,854,696,925,707,887,693,1195,768,1162,763,1030,729,895,683,899,864,1233,882,1002,711,897,722,908,880,1028,712,1296,789,1296,764,936,705,907,678,897,910,1296,910,1010,765,1178,781,1198,776,917,706,906,676,813,678,942,727,1121,790,918,712,862,735,913,703,901,669,1296,793,1043,751,1013,886,1036,763,1296,810,1015,767,940,688,939,691,822,690,874,729,907,744,900,734,915,910,995,910,1026,725,894,704,899,667,1296,910,974,695,885,693,880,647,1296,789,1296,799,966,721,875,910,1296,793,1296,786,898,699,886,653,879,683,897,719,1296,793,917,722,844,732,958,748,988,705,925,727,878,666,895,687,901,707,862,869,972,740,1182,792,1296,909,1043,738,898,700,882,720,870,]
430,2,1,with_set,0.01,2,2,201,30,loop_limit,[1296,566,499,322,269,195,209,135,138,115,119,85,93,79,102,79,85,62,68,50,47,42,52,31,41,31,32,27,37,45,68,52,51,36,36,38,34,34,36,25,29,19,20,14,21,20,29,17,26,19,21,18,26,22,21,19,17,8,8,7,7,9,14,15,11,7,8,18,13,22,17,30,33,14,17,19,17,18,11,11,9,10,22,15,14,12,9,2,2,4,7,10,10,15,8,7,7,5,8,2,4,6,11,4,4,7,11,16,19,9,15,9,13,7,3,5,5,7,7,3,7,9,14,11,10,7,9,8,11,9,12,8,13,13,26,16,21,5,8,10,19,16,22,20,18,15,18,19,23,19,14,12,13,13,22,11,14,13,20,15,23,15,15,13,18,16,21,19,14,19,17,23,13,10,9,12,14,17,19,14,9,9,10,8,6,12,20,15,20,12,10,13,20,16,28,22,30,22,23,18,30,]
430,2,2,with_set,0.01,2,2,201,18,loop_limit,[1296,573,464,297,281,169,207,136,198,133,126,98,115,86,90,53,62,49,59,57,65,61,88,71,73,50,60,47,65,49,56,54,64,43,29,28,40,25,27,17,31,31,31,32,42,32,30,33,41,17,9,9,10,13,21,17,21,34,39,37,35,35,44,39,41,37,42,60,57,34,39,31,32,27,21,13,13,8,11,14,19,12,11,10,12,8,12,12,8,14,27,15,31,20,34,24,22,16,26,21,29,13,21,21,22,28,37,43,51,36,43,32,27,22,12,16,13,12,18,15,16,19,31,24,27,28,25,17,23,18,32,28,34,35,50,33,37,27,41,18,16,17,14,21,28,23,26,16,19,7,14,16,21,11,12,7,6,9,9,17,9,11,14,16,10,18,19,18,33,20,13,14,18,12,17,8,19,20,26,20,26,18,25,23,23,16,22,14,14,16,20,13,18,10,11,6,5,7,9,6,18,]
430,2,4,with_set,0.01,2,2,201,34,loop_limit,[1296,596,833,459,376,237,214,136,126,97,91,79,71,56,59,62,55,49,48,47,48,39,50,24,19,20,26,23,24,27,28,38,28,25,27,19,20,15,20,15,16,16,15,15,16,12,19,14,14,15,14,8,11,5,11,11,14,12,10,11,8,14,12,6,3,3,4,6,7,3,8,9,9,10,9,5,10,6,12,13,17,16,15,10,17,9,8,4,4,6,5,6,10,5,10,7,5,6,5,6,9,11,15,15,7,8,11,9,12,8,12,9,18,10,10,4,15,15,20,20,21,14,19,20,22,21,19,17,34,17,29,18,29,22,32,22,27,20,29,25,32,27,22,19,28,20,19,12,10,9,9,8,10,10,14,11,11,10,15,10,17,11,18,11,21,15,16,12,17,16,25,16,19,12,25,25,45,39,45,28,38,42,53,43,62,43,54,25,39,24,27,17,31,26,33,29,39,27,37,40,34,]
430,2,8,with_set,0.01,2,2,201,9,loop_limit,[1296,570,984,524,421,289,372,248,316,355,348,324,293,181,209,202,197,132,140,90,88,68,80,57,68,49,49,34,36,28,38,30,37,34,43,34,44,27,43,31,20,18,29,21,24,19,28,24,25,24,24,28,40,19,29,26,27,27,25,19,29,23,38,30,34,20,41,34,33,21,21,10,15,15,21,13,15,13,17,16,21,25,20,27,21,19,25,23,34,19,20,22,29,17,25,26,22,19,29,21,23,29,22,10,15,9,15,10,22,16,19,18,19,17,20,14,19,14,24,12,19,11,13,9,9,10,9,12,12,14,21,11,18,19,29,29,34,25,24,15,24,24,31,25,17,14,18,16,25,15,24,16,14,18,24,14,18,23,37,29,39,25,24,10,13,16,27,14,23,16,16,10,16,18,23,23,22,10,16,9,10,12,10,7,15,8,6,7,8,12,11,6,7,4,5,5,4,5,6,6,9,]
430,2,16,with_set,0.01,2,2,201,12,loop_limit,[1296,598,521,298,369,206,320,223,237,180,181,122,308,198,160,116,121,86,120,88,91,100,85,72,95,63,54,49,109,65,91,70,88,80,87,59,60,36,55,42,50,51,69,61,71,70,79,88,97,90,97,84,75,79,83,85,74,93,80,66,61,47,68,47,52,57,71,67,55,44,51,43,51,41,33,47,36,43,36,29,30,36,30,42,52,45,61,50,62,46,56,51,73,51,55,50,59,59,71,50,65,71,69,60,162,118,116,80,72,52,65,55,73,53,57,50,57,48,53,25,43,30,45,35,35,24,19,23,28,28,37,39,56,40,44,28,28,20,30,18,27,13,24,22,37,16,19,19,19,22,29,14,15,9,14,8,8,11,10,10,10,15,11,12,9,11,16,12,12,12,14,13,16,13,23,13,23,16,17,12,15,12,15,11,17,18,18,7,9,11,8,6,9,17,20,18,20,19,18,11,12,]
440,1,1,with_set,0.01,1,1,201,22,loop_limit,[443,133,85,39,32,24,35,32,35,24,34,30,34,27,27,30,34,22,33,24,38,21,30,16,23,17,22,15,19,9,15,12,17,14,25,15,24,17,28,15,30,23,25,18,26,13,21,18,22,13,26,17,27,19,24,14,18,9,20,16,18,21,19,9,20,14,15,9,20,15,17,16,25,16,17,16,26,16,26,19,26,16,27,16,31,19,32,28,28,15,25,11,23,15,17,12,20,16,18,13,18,16,20,16,25,15,24,21,25,19,29,19,20,17,24,18,19,13,19,12,18,10,21,12,23,17,23,15,20,15,27,18,32,19,27,18,21,14,21,17,26,15,21,14,16,9,21,15,24,18,18,13,24,16,23,15,31,17,34,19,29,22,24,16,20,12,23,13,24,16,23,17,26,19,22,14,19,14,28,20,26,19,21,17,34,18,26,15,23,14,23,15,27,17,22,12,23,13,19,15,22,]
440,1,1,with_set,0.05,5,5,201,15,loop_limit,[443,137,107,52,69,37,50,35,36,16,24,13,26,15,31,20,34,19,29,17,21,19,25,16,17,12,21,15,24,21,24,14,21,20,31,14,25,15,22,17,23,15,25,16,19,18,22,10,18,12,24,14,22,11,17,12,20,14,25,15,30,16,24,20,24,15,21,13,24,16,23,18,20,15,20,23,24,19,28,19,23,17,20,10,16,14,26,14,25,13,22,16,22,14,24,19,34,20,27,17,21,17,18,14,18,10,23,18,22,17,21,15,19,9,23,11,15,17,18,10,20,11,19,20,25,20,18,13,19,14,22,16,19,16,20,16,29,18,21,19,21,17,26,15,23,13,21,16,36,22,32,23,20,13,19,15,20,15,26,19,21,19,21,12,24,11,25,14,25,19,20,12,20,14,19,15,21,9,16,11,25,14,24,16,22,14,20,11,18,14,22,16,20,17,18,12,23,16,16,9,15,]
440,1,2,with_set,0.01,1,1,201,34,loop_limit,[443,133,104,58,37,17,31,14,26,15,19,19,23,12,22,14,24,12,19,12,19,12,16,12,22,17,18,14,22,16,19,9,17,13,26,15,26,18,28,17,23,21,26,21,22,13,20,17,21,21,25,18,30,19,30,14,21,14,19,14,29,16,24,20,22,20,22,17,33,17,28,20,36,17,24,14,25,13,19,13,22,10,22,17,26,17,22,11,17,14,26,24,29,18,23,20,31,20,32,22,23,15,20,15,25,18,19,16,19,14,29,20,27,14,25,15,22,11,18,13,26,16,19,12,18,16,22,15,21,14,18,10,19,12,17,13,20,14,21,17,20,20,25,16,23,13,15,9,19,10,22,15,17,13,19,12,19,12,18,12,23,11,23,11,17,12,16,18,20,20,24,15,24,13,21,17,27,18,25,15,18,15,17,13,18,9,21,11,18,13,20,13,22,12,21,11,21,17,28,20,34,]
440,1,2,with_set,0.05,5,5,201,16,loop_limit,[443,140,117,95,66,39,34,19,22,17,24,12,23,12,21,13,21,14,23,19,36,16,22,13,24,16,19,13,19,12,20,10,18,13,17,12,20,12,21,17,23,17,21,16,29,18,33,22,24,17,26,19,21,13,24,19,26,15,24,16,28,17,27,16,27,17,19,18,22,14,23,14,23,12,17,12,18,11,21,9,15,14,24,18,22,11,23,14,21,10,17,12,22,20,19,16,32,20,20,14,18,12,24,11,23,13,27,14,30,16,25,12,24,11,18,17,22,17,22,16,31,14,18,16,25,16,26,13,26,13,22,11,21,18,35,18,23,11,21,16,26,17,29,19,31,16,22,19,29,19,29,18,30,19,21,17,16,11,19,14,21,12,18,13,24,16,26,19,21,17,27,16,24,11,24,18,23,16,21,17,18,14,28,16,33,18,21,16,22,17,20,17,21,17,27,17,22,16,26,15,16,]
440,1,4,with_set,0.01,1,1,201,18,loop_limit,[443,125,100,39,49,25,30,20,31,17,28,17,20,18,21,18,20,17,18,9,18,11,22,12,24,19,31,22,24,17,27,14,18,18,29,25,24,17,21,14,25,15,22,17,21,11,22,13,23,11,17,18,35,21,32,18,30,19,25,14,25,10,20,14,28,21,28,20,22,15,26,16,19,12,22,15,28,20,18,14,26,18,24,17,22,14,23,13,22,14,32,17,18,16,27,14,23,15,18,16,26,16,26,16,24,13,17,15,25,15,26,20,32,15,26,17,29,22,24,11,18,18,19,11,22,12,19,13,23,17,34,20,35,24,26,17,20,21,21,13,24,12,16,11,22,16,16,13,17,12,16,15,25,16,22,10,15,12,21,18,30,20,24,18,21,14,35,22,32,18,22,18,23,12,19,14,20,14,25,16,25,17,22,17,23,16,20,10,19,20,30,16,30,15,26,15,26,14,28,16,18,]
440,1,4,with_set,0.05,5,5,201,31,loop_limit,[443,124,160,66,59,29,41,30,36,35,33,23,21,11,21,14,17,13,25,16,24,13,24,15,17,12,21,17,30,17,27,13,19,12,22,10,19,10,18,13,25,14,18,11,19,19,23,13,18,14,15,9,15,9,19,13,17,9,19,14,27,17,29,19,21,13,28,18,30,19,27,21,28,23,23,15,26,20,20,14,26,19,24,22,31,20,23,18,26,15,22,12,22,16,24,20,32,18,25,20,27,24,27,21,31,25,27,12,16,16,27,14,30,18,18,13,25,13,19,14,25,14,33,24,33,20,17,13,18,10,17,10,20,12,26,12,25,14,22,16,23,18,17,10,19,12,21,12,19,12,22,17,24,20,27,14,28,16,20,16,28,17,27,20,23,14,27,18,25,11,21,12,18,12,18,11,17,11,19,17,18,18,21,16,21,10,21,16,30,13,26,13,17,12,17,10,21,16,24,23,31,]
440,1,8,with_set,0.01,1,1,201,32,loop_limit,[443,125,83,49,54,38,49,29,30,17,23,20,28,21,22,20,21,19,20,11,22,12,21,12,25,16,20,13,20,14,16,13,16,13,22,12,24,20,29,20,24,11,24,13,26,20,22,17,24,15,20,17,23,17,27,18,26,20,31,21,30,18,28,21,28,21,28,20,25,22,35,19,29,20,22,18,25,17,23,20,37,25,28,16,30,24,24,14,20,12,25,12,20,15,22,12,28,16,28,19,19,19,23,10,20,14,23,18,31,20,23,17,28,17,28,16,28,18,15,9,17,12,20,13,24,14,19,18,20,17,27,23,35,16,23,21,31,17,25,18,18,10,15,10,19,14,28,16,31,16,27,20,23,14,22,19,24,13,24,13,20,15,18,12,17,13,20,16,20,10,24,16,18,12,26,15,21,15,24,12,15,19,19,18,18,12,23,12,22,16,21,10,19,14,24,19,24,18,29,13,32,]
440,1,8,with_set,0.05,5,5,201,24,loop_limit,[443,124,160,79,75,46,46,32,38,27,36,28,35,22,35,17,35,18,27,12,23,12,21,13,24,15,28,15,19,14,28,19,25,19,31,17,28,15,27,12,16,12,19,14,21,18,22,14,28,15,26,17,20,15,25,15,24,16,18,10,19,10,17,12,21,16,27,24,24,17,27,16,22,17,27,17,26,16,17,11,23,14,26,23,22,15,28,12,15,10,19,15,22,14,24,21,26,20,19,10,20,12,26,14,22,11,19,14,16,9,24,16,19,20,16,14,20,10,16,13,25,15,22,14,23,18,26,19,20,14,24,14,20,14,20,14,21,15,36,17,20,18,20,10,18,17,27,20,31,17,28,15,20,16,22,11,25,15,24,20,30,22,35,21,30,20,33,22,26,21,27,21,24,17,18,10,16,12,18,9,20,12,20,15,24,16,25,15,28,17,26,17,20,16,29,21,32,19,25,13,24,]
440,1,16,with_set,0.01,1,1,201,28,loop_limit,[443,140,112,45,64,55,54,36,44,27,26,17,25,20,20,15,22,20,28,19,26,17,23,14,28,20,29,22,25,13,16,10,24,11,24,11,18,13,19,14,24,12,19,9,23,11,23,12,21,20,28,17,28,19,22,18,28,17,30,16,27,18,27,11,22,14,22,16,19,18,18,9,20,15,20,15,32,24,26,20,21,10,20,16,22,12,20,14,16,10,17,10,18,10,19,14,21,11,19,10,22,16,22,9,20,15,19,11,17,11,21,16,23,13,21,11,17,9,15,15,22,15,18,19,25,18,20,14,25,16,25,18,22,13,18,12,18,14,18,17,24,20,27,17,23,18,22,17,26,18,22,16,21,16,28,19,26,25,35,23,25,16,30,19,23,18,27,15,25,20,38,22,34,18,22,16,24,15,21,15,21,17,39,22,34,20,24,13,18,10,22,15,25,15,24,20,35,18,24,17,28,]
440,1,16,with_set,0.05,5,5,201,17,loop_limit,[443,140,111,59,60,32,49,25,33,27,40,17,33,19,30,20,23,12,21,12,22,22,25,15,22,13,22,13,22,12,21,14,22,18,31,19,33,16,44,18,31,18,25,15,32,18,29,22,19,12,19,9,17,10,25,21,28,17,25,17,24,17,19,19,26,17,26,14,19,13,24,14,24,15,29,17,23,20,32,17,21,16,19,13,20,14,29,19,48,28,26,15,17,17,18,15,22,15,26,22,35,22,22,17,30,15,20,17,27,19,26,19,22,22,28,13,24,15,24,18,20,12,19,20,25,19,22,14,20,14,22,19,19,12,24,14,22,12,25,12,19,15,26,19,23,11,22,12,18,9,16,9,15,10,21,14,27,15,32,18,23,17,31,19,35,18,28,20,25,17,19,10,22,19,26,15,23,17,32,20,21,15,18,12,20,19,24,19,21,13,23,15,24,13,24,19,24,17,21,10,17,]
440,2,1,with_set,0.01,2,2,201,12,loop_limit,[443,82,38,9,19,13,17,11,14,10,13,7,14,8,15,7,12,9,13,10,13,8,15,9,17,13,12,12,16,12,14,10,14,10,12,9,14,10,15,13,12,10,15,7,14,12,15,8,15,12,13,7,15,11,14,10,15,8,15,12,16,13,13,8,14,10,12,12,15,9,12,8,13,8,15,11,15,12,20,13,18,13,13,11,15,8,13,11,13,9,15,9,12,10,18,8,15,9,14,7,14,7,18,12,14,12,13,8,13,8,17,8,18,13,18,9,16,9,19,10,16,13,16,11,14,8,15,9,14,11,15,7,13,8,12,9,18,11,15,12,15,12,15,10,14,9,18,13,18,10,13,12,14,10,15,8,18,12,15,11,16,12,15,9,15,7,15,13,16,11,18,10,21,7,13,12,15,7,14,12,13,9,14,10,15,13,17,8,12,9,14,10,15,10,12,10,14,8,20,8,12,]
440,2,2,with_set,0.01,2,2,201,18,loop_limit,[443,82,53,22,28,12,13,9,18,9,13,8,15,12,15,12,15,10,14,12,14,8,14,8,15,7,15,7,18,13,15,7,13,12,15,11,14,10,18,9,14,12,13,10,13,12,18,12,15,7,15,9,15,13,14,13,16,11,16,15,16,8,13,11,18,9,15,11,21,14,14,12,13,7,18,7,12,9,18,7,14,12,15,8,13,11,13,8,17,7,17,11,19,8,13,7,12,10,14,7,18,12,15,7,14,11,12,10,18,7,15,7,14,10,13,9,18,14,21,14,15,7,14,11,14,9,15,9,16,9,14,12,15,7,14,10,18,9,15,10,13,9,15,8,15,13,15,9,14,10,13,8,13,12,13,8,15,12,14,11,18,9,18,13,16,10,16,12,14,12,13,8,14,12,15,11,15,13,16,12,18,8,13,12,17,11,15,12,15,13,13,8,17,10,15,12,20,7,15,9,18,]
440,2,8,with_set,0.01,2,2,201,17,loop_limit,[443,77,59,14,26,12,18,10,13,12,15,10,15,7,13,10,12,10,13,9,15,10,13,11,14,10,12,10,13,12,16,13,14,9,15,12,15,7,15,13,17,11,15,8,17,11,16,12,21,13,15,11,17,11,15,12,15,11,14,8,18,7,15,7,15,9,15,9,14,7,18,12,14,9,13,9,14,9,15,12,16,8,13,11,13,8,13,12,15,13,21,8,13,7,15,8,13,12,16,10,15,8,13,8,15,11,13,9,14,9,15,13,18,8,15,9,13,11,15,11,15,7,13,8,18,9,15,11,18,7,14,10,13,9,12,11,15,12,16,13,15,9,15,11,15,11,14,11,14,10,13,7,14,8,15,12,14,11,19,8,16,7,12,11,15,7,12,12,14,11,13,11,16,10,19,12,19,12,12,9,18,10,15,9,13,7,14,7,12,10,12,7,15,12,14,8,13,12,18,9,17,]
440,2,16,with_set,0.01,2,2,201,15,loop_limit,[443,85,101,33,25,9,16,11,17,14,13,9,18,13,19,8,19,7,15,12,19,12,15,10,12,12,16,10,14,12,14,11,13,12,12,12,21,11,14,12,13,12,21,7,12,10,14,9,14,9,18,10,15,12,16,9,13,7,14,12,21,14,12,10,15,11,16,10,14,7,12,11,16,8,13,12,13,10,13,10,13,11,15,8,15,11,13,7,15,9,15,9,14,9,17,7,15,9,13,7,13,7,18,10,18,13,15,12,15,11,15,12,15,12,19,11,16,8,13,7,14,10,12,11,14,10,13,10,18,7,15,8,14,10,16,8,12,10,13,12,17,12,15,11,15,13,13,8,17,7,12,10,18,13,20,13,15,11,13,9,14,10,13,12,19,13,15,7,15,13,14,8,12,11,14,10,14,8,12,8,15,8,14,10,15,12,15,12,12,9,15,11,15,12,19,8,15,9,15,9,15,]
440,4,8,with_set,0.01,4,4,201,7,loop_limit,[443,39,19,13,10,8,9,4,7,6,9,5,8,5,7,4,6,4,6,5,8,4,7,5,6,4,7,5,8,8,6,4,8,5,6,5,9,4,6,4,8,5,6,4,10,4,8,7,8,7,8,4,8,5,10,5,10,4,8,5,6,4,7,4,6,4,8,7,6,8,8,4,10,5,8,5,6,4,8,4,8,4,10,4,8,4,10,5,6,4,8,5,7,8,9,4,8,4,6,4,7,4,7,4,6,5,10,5,8,4,8,7,7,7,6,4,10,4,8,5,8,5,10,5,8,5,8,5,9,5,7,5,7,4,10,5,10,5,9,5,8,5,9,4,7,4,8,5,7,4,8,5,7,5,9,5,9,4,7,4,8,7,8,7,7,5,7,5,7,4,8,5,7,4,6,4,6,7,7,4,7,5,7,4,8,5,8,4,7,4,8,4,7,4,8,5,9,5,7,4,7,]
441,1,1,with_set,0.01,1,1,201,18,loop_limit,[545,218,164,102,108,71,75,47,63,34,43,42,32,16,18,14,17,12,16,20,17,26,20,24,26,29,32,24,33,30,29,26,37,28,27,31,24,18,24,19,17,19,17,16,17,17,15,22,23,24,28,20,20,20,21,22,28,30,26,36,37,25,30,21,23,15,14,19,19,18,23,21,30,16,23,10,12,11,14,22,14,12,11,7,11,13,13,15,19,18,22,24,16,19,15,16,21,9,10,13,12,11,12,17,19,21,21,23,28,22,26,24,30,21,24,24,30,30,29,18,18,25,24,23,24,30,31,21,30,24,34,24,21,20,18,15,20,24,23,19,21,15,23,27,22,20,14,16,16,23,25,20,24,17,16,18,18,15,18,17,22,23,16,20,18,17,29,26,27,26,22,15,13,12,16,11,10,19,17,21,20,18,17,12,12,15,15,13,24,20,14,12,12,13,16,13,21,14,12,15,18,]
441,1,1,with_set,0.05,5,5,201,30,loop_limit,[545,226,173,121,91,59,81,42,47,33,33,31,35,28,33,32,34,19,19,24,22,24,19,16,13,12,12,18,17,16,12,22,17,18,23,21,23,27,25,19,20,25,25,17,19,24,23,28,24,16,17,12,13,12,14,15,13,18,19,20,16,22,31,31,32,28,41,29,31,27,33,22,26,19,29,19,20,18,19,16,17,19,17,16,18,25,26,24,27,23,33,26,27,26,36,26,24,21,26,22,26,22,29,31,29,27,28,25,25,25,21,17,17,23,24,16,25,11,13,14,18,16,14,8,9,7,11,12,17,18,17,13,9,18,15,15,19,14,16,19,16,14,14,11,11,13,15,13,16,17,19,27,27,22,30,31,31,27,26,24,20,21,26,24,25,28,33,18,23,21,19,17,26,19,17,12,16,18,14,12,12,19,22,27,29,25,20,17,24,26,25,31,33,23,34,31,24,31,24,23,30,]
441,1,2,with_set,0.01,1,1,201,31,loop_limit,[545,218,173,96,94,52,51,31,30,35,28,20,22,14,23,23,34,30,28,17,16,16,20,16,16,18,19,18,19,27,37,20,21,26,33,26,30,23,21,19,21,26,22,21,18,17,19,18,20,14,16,23,21,15,19,14,19,14,17,12,14,17,19,17,20,24,22,15,19,24,22,22,19,18,21,19,21,19,22,24,19,25,18,18,18,15,18,12,12,9,15,12,17,20,20,17,18,21,23,23,15,19,20,21,23,25,24,26,23,17,30,26,18,26,20,24,19,18,17,13,15,12,16,13,10,8,9,7,11,12,15,16,20,13,17,19,21,14,13,16,21,22,16,23,20,24,22,15,22,24,19,24,31,20,22,28,22,20,21,14,21,20,24,26,21,20,19,28,21,19,19,19,16,18,21,22,27,22,14,12,21,17,15,24,22,28,26,28,26,25,26,26,28,24,32,24,32,33,35,27,31,]
441,1,2,with_set,0.05,5,5,201,23,loop_limit,[545,218,171,101,105,73,64,41,38,33,20,32,31,29,23,15,22,21,13,17,18,18,12,12,13,16,13,7,12,12,11,25,16,16,16,22,18,21,20,22,25,24,30,33,38,15,15,10,18,22,16,18,27,23,21,19,29,19,29,24,27,22,24,15,19,19,15,16,16,12,15,17,18,18,17,10,13,18,19,16,20,15,14,14,12,15,20,14,19,9,13,15,11,12,15,20,14,8,14,14,13,13,16,13,20,26,27,25,24,12,10,12,12,17,14,10,9,12,15,14,12,11,15,20,28,24,31,17,24,22,28,28,32,33,43,30,32,24,24,22,22,24,18,19,18,14,16,17,12,12,14,13,19,24,24,30,36,20,26,32,47,30,33,27,26,21,22,16,11,13,13,15,12,13,13,15,20,19,24,24,29,29,34,32,25,24,28,24,28,24,23,15,21,16,21,13,15,15,19,28,23,]
441,1,4,with_set,0.01,1,1,201,18,loop_limit,[545,279,202,114,93,58,53,37,43,41,31,27,27,23,27,19,21,17,21,18,13,23,23,25,30,27,31,23,25,13,24,20,23,17,24,26,21,22,19,25,35,28,41,35,32,34,29,37,26,19,20,15,19,22,27,23,28,32,33,25,29,26,28,16,24,23,30,23,21,24,30,26,25,23,35,35,30,33,30,26,21,12,15,18,18,20,17,25,23,32,36,29,34,26,26,23,30,23,28,27,24,17,23,19,18,17,22,10,15,18,15,17,13,17,10,17,14,8,13,16,20,16,17,18,22,25,28,28,31,24,25,30,27,25,31,25,26,21,25,21,28,26,18,26,15,13,13,16,18,20,22,20,22,23,29,21,37,34,33,32,27,30,35,26,33,31,33,31,19,34,30,29,35,27,27,29,29,32,32,23,25,19,27,18,21,19,28,22,23,19,22,23,20,23,21,18,22,21,22,21,18,]
441,1,4,with_set,0.05,5,5,201,25,loop_limit,[545,227,187,111,102,85,49,48,54,35,29,15,17,11,13,15,26,19,16,15,16,17,14,18,20,17,18,18,27,26,36,23,27,18,22,18,24,19,27,25,16,18,15,21,25,18,21,14,15,20,16,24,23,15,18,13,21,17,11,19,11,21,21,18,26,17,19,25,23,23,19,21,29,19,25,20,28,23,16,8,9,6,8,18,14,16,20,21,15,22,22,19,19,18,22,17,13,10,11,15,15,11,15,18,15,27,21,19,25,23,28,25,31,24,33,38,30,36,34,22,22,22,19,16,22,13,21,15,19,19,24,22,24,16,16,16,18,20,19,19,23,27,23,17,19,24,27,24,27,29,27,27,31,22,24,20,23,17,25,18,23,22,26,24,23,15,15,17,14,20,16,16,21,21,24,20,25,20,24,31,22,23,21,29,29,29,27,20,22,16,18,14,15,23,20,23,19,22,17,27,25,]
441,1,8,with_set,0.01,1,1,201,22,loop_limit,[545,226,243,128,109,72,80,68,55,64,74,60,39,28,24,27,28,25,31,16,15,12,17,17,20,20,23,14,17,14,12,17,16,23,25,25,26,23,21,17,21,24,27,18,22,24,26,32,27,26,26,31,22,17,24,22,19,23,28,29,26,25,23,19,20,19,17,12,16,18,19,23,27,23,20,28,20,14,15,15,14,17,18,12,17,18,13,12,14,13,17,21,20,18,31,24,22,21,25,16,27,19,16,26,29,34,34,27,26,25,20,24,20,22,18,16,13,15,16,23,25,35,38,36,38,28,24,21,21,19,24,23,24,22,28,20,17,25,21,26,20,21,22,20,36,31,33,23,24,28,25,31,25,19,17,12,18,13,15,17,30,24,16,17,22,16,14,19,14,13,16,15,14,18,16,15,12,9,15,13,17,15,19,18,17,17,16,13,12,17,18,15,19,19,21,19,22,18,20,26,22,]
441,1,8,with_set,0.05,5,5,201,29,loop_limit,[545,227,178,107,100,76,56,39,37,31,28,21,31,26,27,23,24,22,22,17,21,14,23,17,13,12,14,13,24,25,18,13,12,13,15,13,18,21,18,16,15,21,24,23,19,22,26,26,35,24,30,21,26,26,33,32,21,18,19,19,20,14,18,23,29,30,19,12,15,12,11,16,17,25,27,18,19,17,19,22,13,22,24,21,18,17,23,23,19,23,17,18,26,26,29,26,25,28,24,15,12,17,25,27,18,19,18,19,19,14,17,16,26,17,15,19,20,20,24,15,19,24,23,25,26,21,19,21,24,25,30,20,22,17,17,27,35,32,31,24,29,20,25,20,18,22,20,20,24,22,34,27,20,14,16,13,16,15,20,15,17,15,17,11,15,25,25,28,21,21,25,25,28,16,17,20,15,16,15,15,20,19,19,13,19,18,22,28,35,32,29,29,33,27,29,28,32,26,25,28,29,]
441,1,16,with_set,0.01,1,1,201,22,loop_limit,[545,281,200,115,100,73,86,134,93,65,73,44,58,35,37,28,34,20,21,15,23,21,21,22,22,15,20,20,22,22,27,23,19,13,15,12,14,15,11,17,19,14,13,30,24,19,20,30,32,22,23,16,24,24,25,26,27,30,18,17,28,20,26,19,18,21,19,22,19,22,23,20,18,19,11,11,13,14,17,28,25,20,19,16,17,16,13,22,23,19,17,25,27,29,29,20,31,30,38,24,18,24,23,33,38,29,31,29,42,24,33,23,29,33,25,21,28,21,37,29,34,30,34,45,44,28,30,22,21,17,15,17,14,19,22,23,30,28,27,23,32,32,34,25,19,24,25,32,33,28,44,36,35,31,18,16,14,13,24,22,21,14,22,21,19,19,28,26,18,16,18,20,12,12,18,11,11,12,15,12,15,16,16,18,25,23,23,16,24,15,13,20,45,22,28,34,26,24,21,23,22,]
441,1,16,with_set,0.05,5,5,201,20,loop_limit,[545,290,256,216,256,131,113,56,61,54,41,25,25,21,23,27,31,29,30,32,36,32,42,31,30,30,34,30,32,33,36,32,30,22,21,12,16,11,17,17,14,11,17,17,15,20,25,31,21,23,29,25,26,25,24,17,21,17,32,31,27,31,30,22,27,23,27,24,27,27,24,20,25,20,25,20,21,25,32,31,32,22,28,32,30,22,29,36,35,29,30,24,30,22,15,23,24,25,35,24,29,22,20,23,20,19,21,25,38,27,19,26,24,40,31,36,31,24,39,33,30,25,32,22,25,16,14,16,19,25,22,22,13,20,18,17,22,22,20,24,33,30,30,25,19,19,18,28,36,32,24,18,19,15,22,21,29,21,31,76,61,41,40,30,27,28,27,21,13,13,21,12,15,14,15,10,19,13,13,16,24,19,17,17,20,20,25,22,22,21,20,20,22,11,9,11,18,19,24,25,20,]
441,2,2,with_set,0.01,2,2,201,9,loop_limit,[545,144,144,47,26,18,12,15,7,7,5,9,10,9,6,7,9,9,5,6,5,6,5,8,6,10,7,7,4,5,5,6,9,7,6,7,6,7,5,9,5,7,9,9,5,8,6,7,9,6,5,8,8,7,5,5,5,8,6,6,9,9,5,9,5,11,8,7,10,9,9,5,5,5,5,8,5,9,9,7,5,11,6,6,9,9,5,8,5,7,6,7,7,11,8,8,8,9,10,6,8,10,7,8,5,5,5,6,6,9,6,6,5,6,5,9,8,9,4,6,6,10,5,6,8,5,5,9,5,10,5,5,5,5,6,5,5,5,4,6,4,9,9,7,6,5,5,9,7,6,6,7,5,5,5,11,6,7,5,5,5,5,6,9,6,10,7,6,8,7,8,9,7,5,5,8,6,10,12,12,7,7,9,11,7,5,5,5,9,9,7,8,7,9,6,9,6,9,9,5,9,]
441,2,8,with_set,0.01,2,2,201,6,loop_limit,[545,128,69,26,35,27,20,13,11,7,5,8,5,7,6,7,6,5,9,5,9,7,6,9,9,9,5,8,13,9,6,6,9,5,6,6,5,5,5,6,5,5,6,9,6,13,9,10,7,7,8,8,6,10,5,9,6,6,9,9,7,8,7,5,5,8,5,5,5,8,6,7,5,9,5,8,9,7,8,6,6,11,5,6,5,9,5,5,5,9,5,6,9,6,5,10,7,8,10,10,7,11,6,6,9,5,9,5,9,9,5,6,4,5,5,9,5,6,6,9,7,10,7,7,9,6,9,9,12,9,5,5,5,5,6,6,5,5,5,5,5,9,6,5,5,8,4,6,6,6,7,8,5,5,6,6,6,9,5,5,5,9,7,6,6,6,5,11,6,5,4,5,5,5,9,5,5,9,7,11,7,8,8,8,7,7,7,9,5,5,5,9,5,6,6,10,5,10,4,5,6,]
441,4,4,with_set,0.01,4,4,201,7,loop_limit,[545,81,19,9,6,6,8,9,6,5,5,5,5,7,5,5,5,5,5,8,4,7,4,6,5,7,5,5,5,7,12,7,6,5,8,5,5,9,4,8,5,7,5,6,6,7,5,6,8,5,8,7,7,6,6,8,6,8,4,7,4,10,5,7,5,7,7,8,7,8,7,5,5,6,5,9,6,5,8,7,5,6,6,7,5,5,5,8,4,5,5,8,4,5,6,8,6,5,8,7,4,5,6,5,5,8,5,7,7,7,5,8,10,6,6,6,9,6,5,6,4,5,6,8,6,8,4,8,4,5,5,5,5,9,8,9,6,6,4,7,5,8,6,6,5,7,5,5,5,7,4,8,6,8,4,6,5,6,5,5,6,6,5,8,13,10,8,8,8,7,4,6,5,8,5,5,4,6,6,7,4,8,8,9,6,8,8,7,5,8,7,8,5,5,5,7,12,5,8,9,7,]
441,4,16,with_set,0.01,4,4,201,5,loop_limit,[545,82,30,13,4,5,8,9,6,5,6,5,5,7,5,8,8,7,4,5,6,6,8,7,5,6,5,7,8,5,4,5,4,5,5,7,4,7,12,7,7,6,4,5,5,7,4,7,5,5,5,6,8,5,6,5,4,5,5,5,5,5,6,5,5,5,6,6,5,10,6,9,6,5,5,5,6,8,4,5,5,5,8,5,5,8,8,9,8,7,5,7,5,8,5,6,8,7,5,6,5,7,8,7,5,7,4,6,4,5,8,6,9,7,6,5,5,8,6,5,5,5,5,5,8,5,5,6,6,6,6,5,4,5,5,5,8,5,8,7,6,7,5,6,4,5,4,5,5,7,12,7,5,6,6,7,8,5,8,5,5,7,5,5,8,5,6,8,5,7,5,5,8,7,6,8,8,7,4,7,7,8,4,6,8,7,4,5,4,8,6,9,4,7,4,5,8,9,8,9,5,]
443,1,1,with_set,0.01,1,1,201,5,loop_limit,[369,115,84,40,26,18,21,17,15,7,8,7,5,6,8,5,9,8,13,6,9,8,5,6,8,6,10,4,5,6,8,8,7,5,6,5,7,5,7,6,6,5,8,4,8,8,6,4,5,4,6,7,9,7,6,7,8,7,11,7,8,7,11,8,6,7,15,9,16,6,7,4,8,8,11,6,11,5,5,5,5,4,5,4,10,7,14,5,10,7,11,5,6,5,6,4,6,6,10,8,9,6,5,6,5,5,8,8,13,8,14,6,6,4,8,6,8,6,10,8,9,7,8,7,16,10,6,6,10,8,17,6,8,6,10,4,8,7,9,9,11,13,9,9,8,11,7,6,6,5,6,5,8,5,10,7,12,7,12,8,8,8,7,6,8,8,13,9,9,5,8,8,7,4,5,6,5,4,6,8,7,4,8,7,11,7,8,6,11,6,9,4,8,7,7,5,6,4,8,5,5,]
443,1,2,with_set,0.01,1,1,201,10,loop_limit,[369,130,75,35,38,19,15,16,14,11,17,9,13,8,10,6,5,5,8,7,13,8,12,5,10,5,8,8,12,11,15,8,6,6,9,5,7,6,8,7,8,4,5,4,6,5,8,6,8,6,9,6,8,9,9,10,16,8,12,7,12,6,14,7,6,6,13,7,11,10,15,5,6,5,10,11,10,7,9,7,8,8,9,6,10,5,8,7,13,6,8,8,8,5,8,7,7,5,9,10,7,4,5,5,8,5,8,6,8,5,8,4,8,6,9,8,9,6,6,8,7,8,13,6,7,4,6,4,8,8,7,6,7,5,8,4,7,6,10,8,7,7,9,8,11,12,16,10,7,5,10,8,8,7,9,8,6,5,5,5,6,5,8,8,8,5,6,4,6,7,6,5,7,8,6,5,9,4,10,5,10,8,12,5,6,5,8,7,11,9,6,7,8,7,13,9,15,10,7,4,10,]
443,1,4,with_set,0.01,1,1,201,13,loop_limit,[369,133,82,40,23,6,8,6,13,5,8,6,10,4,5,5,5,4,8,5,6,4,5,6,6,5,7,5,5,4,5,5,6,6,6,4,8,7,7,5,12,6,6,6,9,7,9,8,14,10,7,7,7,7,8,6,5,5,12,7,6,6,5,4,8,4,8,7,6,5,8,4,6,4,8,5,9,4,7,6,6,7,9,8,5,4,5,4,5,6,10,5,8,4,10,7,16,8,6,5,8,7,9,8,14,11,7,5,12,7,9,8,14,5,10,8,17,6,14,8,8,6,5,6,10,5,6,6,7,7,9,8,13,5,10,8,11,9,9,7,9,9,13,10,12,8,11,4,8,8,17,11,17,9,7,6,10,8,8,6,10,6,9,6,7,5,10,5,10,4,8,6,8,6,8,5,5,6,6,8,12,8,8,5,8,7,8,8,10,8,9,6,7,7,6,6,11,7,7,8,13,]
443,1,16,with_set,0.01,1,1,201,7,loop_limit,[369,130,167,74,66,59,68,44,33,34,24,19,18,14,11,8,10,9,13,4,6,5,6,5,8,7,15,8,13,4,10,7,6,6,8,7,11,5,8,8,10,6,8,7,7,7,16,7,11,13,13,12,8,5,6,8,8,7,10,10,10,10,12,9,7,6,8,4,5,5,5,5,12,6,8,8,13,8,15,11,12,5,7,4,5,4,8,5,10,5,8,4,8,6,11,7,12,10,13,11,9,6,11,6,8,7,8,9,13,6,7,4,10,4,8,7,10,8,9,9,10,6,6,5,8,5,6,4,5,5,8,6,8,8,9,9,13,9,6,6,5,6,13,5,12,6,6,6,10,5,8,6,10,6,6,7,7,6,6,7,10,8,8,7,13,10,12,9,8,5,5,5,9,4,5,5,5,5,5,4,8,5,8,4,5,5,9,8,12,6,9,6,6,8,13,11,8,6,10,10,7,]
443,2,1,with_set,0.01,2,2,201,4,loop_limit,[369,103,33,20,20,6,5,5,4,4,5,5,4,4,5,4,5,5,6,4,5,4,4,5,4,4,5,6,6,5,4,4,4,4,8,5,4,4,8,4,5,4,4,4,5,4,8,5,4,6,6,4,5,4,8,5,5,7,6,5,6,4,6,6,5,4,4,6,4,5,4,6,9,5,6,5,6,6,5,6,4,4,8,5,4,5,6,5,8,4,5,4,6,5,8,5,6,6,4,4,6,4,4,5,5,6,5,6,6,4,5,4,5,4,6,6,4,4,6,4,5,8,7,8,4,5,5,4,4,6,4,5,6,5,9,5,6,6,5,7,6,6,4,4,4,4,4,5,4,5,8,5,4,5,6,4,4,5,4,4,4,4,4,5,4,5,4,4,5,4,5,4,8,4,5,5,4,5,6,8,7,6,5,5,4,4,5,5,4,4,6,5,6,6,6,6,4,4,8,4,4,]
443,2,4,with_set,0.01,2,2,201,5,loop_limit,[369,80,25,16,8,8,5,10,11,5,4,4,8,5,8,5,8,4,5,4,6,4,5,5,6,5,10,5,6,6,6,4,4,5,6,6,5,7,6,6,6,4,5,4,6,6,4,6,6,6,6,5,5,4,6,6,7,5,5,4,8,7,6,4,5,5,8,6,4,6,4,5,5,4,6,5,4,5,6,7,7,8,6,5,6,6,5,4,5,5,4,4,4,4,4,5,5,5,6,6,4,4,6,5,6,6,4,5,6,5,4,5,10,4,4,4,8,5,8,4,6,5,6,7,5,5,4,6,4,4,8,6,6,4,4,4,5,8,7,6,5,5,6,6,4,4,5,5,4,4,4,5,6,7,6,5,7,4,6,4,4,6,4,5,6,8,7,5,6,8,5,4,5,4,4,4,5,4,8,5,6,4,6,5,4,5,5,7,11,6,9,5,6,6,6,4,4,5,6,4,5,]
443,2,16,with_set,0.01,2,2,201,5,loop_limit,[369,80,26,12,7,6,4,6,9,6,4,5,6,6,6,4,4,4,5,4,5,4,4,6,9,5,5,4,4,4,4,5,4,5,8,4,5,5,8,7,4,4,6,5,6,4,8,4,5,4,4,4,8,5,6,5,6,4,4,5,4,6,9,6,4,4,5,5,6,5,10,6,6,4,4,5,10,6,7,7,6,6,6,8,5,6,4,4,6,5,6,4,8,5,5,6,6,6,6,4,5,4,4,5,6,4,8,6,6,5,10,7,7,4,5,4,6,4,8,5,6,5,8,5,5,4,8,5,6,4,4,5,4,5,6,6,6,4,4,6,6,5,5,4,8,5,8,4,6,5,4,4,5,4,5,5,8,5,6,6,5,4,4,6,4,4,6,5,7,5,6,4,8,7,6,6,4,4,4,5,4,5,5,4,5,4,4,4,4,5,4,4,5,4,5,5,6,5,6,4,5,]
444,1,1,with_set,0.01,1,1,201,34,loop_limit,[590,269,210,148,120,118,130,77,61,47,52,50,65,50,45,36,28,34,31,43,37,26,22,20,10,22,10,23,14,21,19,21,12,19,15,12,16,24,20,19,20,27,23,23,22,21,17,16,13,7,7,13,17,16,18,18,24,22,20,23,11,19,9,18,9,9,10,14,23,22,19,25,19,16,13,16,20,23,19,21,21,20,15,10,13,19,13,15,18,19,11,19,17,21,12,12,14,18,11,14,11,13,15,16,13,19,20,29,17,27,25,23,22,26,23,24,19,25,19,23,25,23,33,34,33,28,38,25,33,34,30,22,13,16,20,21,28,26,24,19,20,22,23,29,24,20,12,16,18,19,18,27,25,30,35,36,23,31,21,22,25,24,25,18,19,25,25,29,31,35,29,32,24,26,23,30,28,30,24,31,25,36,24,12,13,17,18,25,18,14,18,20,28,20,28,29,27,24,18,20,34,]
444,1,1,with_set,0.05,5,5,201,16,loop_limit,[590,285,222,165,143,135,134,138,137,102,90,53,65,52,53,38,47,35,40,32,36,28,33,22,16,25,26,23,26,25,31,37,50,41,45,33,31,22,26,30,30,26,19,25,17,21,19,18,15,17,19,22,21,26,27,23,13,23,10,18,16,22,12,10,9,21,17,21,18,28,38,42,42,36,32,30,24,25,24,18,20,20,25,26,30,25,27,21,18,10,11,12,8,12,7,16,7,17,13,25,19,15,15,15,12,19,13,20,18,24,27,24,18,15,21,24,19,22,30,30,28,43,44,26,20,21,22,24,19,26,27,25,27,21,29,21,20,17,14,22,27,23,26,23,33,29,25,24,21,14,13,15,14,10,9,17,16,20,20,28,21,28,29,22,28,29,29,33,31,17,17,15,15,19,24,24,24,19,23,23,36,22,22,16,23,27,28,22,22,18,28,25,20,30,24,24,16,26,28,27,16,]
444,1,2,with_set,0.01,1,1,201,28,loop_limit,[590,277,213,123,119,69,91,66,89,71,62,45,47,48,51,31,30,34,38,34,42,29,22,23,21,22,19,24,12,18,23,18,24,16,11,14,11,12,8,13,12,12,14,15,19,19,15,20,24,22,14,12,12,22,16,20,11,15,16,17,19,14,27,16,14,18,18,16,18,16,18,27,15,16,18,26,25,30,18,19,17,21,31,27,27,28,29,23,28,25,26,19,17,14,15,13,20,14,14,14,27,35,31,22,26,27,27,25,20,21,22,18,21,23,26,33,21,26,27,24,30,26,22,24,27,17,19,13,14,10,12,7,6,12,14,20,20,23,20,21,13,20,22,23,21,20,15,14,12,17,17,18,13,14,16,14,16,14,9,15,8,14,15,29,20,31,36,31,25,29,25,26,21,14,15,17,20,15,19,18,20,19,13,17,26,24,15,24,28,16,13,21,15,19,17,15,12,15,21,26,28,]
444,1,2,with_set,0.05,5,5,201,8,loop_limit,[590,272,180,108,90,73,68,47,60,47,54,44,59,47,38,21,22,18,23,25,28,28,32,30,28,37,30,33,24,32,29,38,52,56,52,45,53,41,38,40,38,40,39,36,35,29,23,16,17,23,18,22,16,15,14,24,9,9,11,20,7,20,13,13,9,18,10,14,11,12,11,12,16,12,16,15,18,22,19,27,24,29,29,32,21,19,24,21,11,12,18,20,16,18,14,17,19,17,14,14,12,8,9,18,16,17,12,12,14,13,13,9,11,14,18,23,24,24,22,22,21,21,27,22,24,15,14,19,16,15,14,16,16,15,16,16,15,22,18,28,35,30,24,23,26,30,33,30,34,20,14,20,15,24,20,22,19,19,21,17,20,19,11,15,9,13,23,27,27,34,26,22,28,30,29,24,18,20,20,14,10,16,15,22,17,24,15,18,14,14,16,16,14,25,9,10,10,11,8,19,8,]
444,1,4,with_set,0.01,1,1,201,11,loop_limit,[590,323,235,143,161,109,101,64,81,76,71,43,35,43,38,39,30,21,19,29,25,29,25,25,28,23,28,22,23,27,22,31,29,32,23,19,25,27,23,21,22,21,15,15,17,22,17,20,19,19,15,21,29,19,16,25,27,29,22,20,10,16,22,39,33,34,27,33,35,27,18,33,33,28,18,20,12,21,16,17,18,26,26,32,25,26,24,22,24,19,18,12,19,25,24,20,18,15,15,8,13,14,10,22,17,20,29,29,39,33,41,27,26,26,23,15,15,22,27,21,26,28,26,20,21,28,32,23,21,19,31,26,33,33,35,38,42,39,39,42,52,33,25,32,29,34,24,24,30,28,21,26,29,28,28,23,24,18,18,20,17,16,21,23,25,19,22,23,15,26,16,25,18,22,24,15,21,25,21,19,22,22,22,22,20,22,25,17,13,16,27,27,21,21,17,22,17,19,12,16,11,]
444,1,4,with_set,0.05,5,5,201,25,loop_limit,[590,269,317,174,163,97,91,76,73,74,76,49,53,46,42,59,53,44,37,41,28,44,34,27,29,24,26,26,25,21,17,22,19,23,28,26,27,31,33,27,42,37,38,33,33,31,33,21,23,21,24,21,19,26,32,36,33,30,24,29,31,24,16,18,18,24,23,30,26,16,26,28,44,28,21,36,21,19,12,27,29,29,23,20,21,31,19,19,19,24,20,24,19,26,27,19,20,19,17,26,16,11,6,7,12,15,15,32,32,39,44,40,41,37,33,34,35,27,33,27,33,23,24,24,24,27,33,27,36,37,31,47,39,29,16,19,23,19,11,16,9,15,16,19,25,19,17,19,23,21,20,22,21,19,14,27,14,19,29,22,15,19,15,20,15,20,16,25,19,21,26,19,19,28,27,25,24,24,19,15,27,23,23,13,27,24,21,21,14,13,16,26,21,23,20,24,22,19,24,30,25,]
444,1,8,with_set,0.01,1,1,201,27,loop_limit,[590,290,210,145,113,85,80,62,66,60,55,37,37,27,27,21,15,18,22,19,13,17,19,23,23,28,29,26,26,29,20,31,26,23,22,27,22,13,17,16,22,25,19,25,31,17,23,18,23,22,25,25,24,22,16,16,13,14,11,14,23,24,18,21,19,20,19,12,21,24,24,23,19,17,13,19,17,21,17,18,12,14,11,9,7,6,10,13,16,13,13,18,13,17,9,9,12,15,14,11,13,10,14,21,23,25,21,35,25,25,12,11,13,22,21,28,16,20,16,25,27,21,14,22,18,20,25,22,16,20,20,23,15,21,9,17,17,27,29,20,21,13,17,14,17,15,20,29,27,25,20,20,23,20,20,22,29,31,22,21,21,18,16,23,18,19,19,18,17,28,21,16,15,20,21,20,11,13,9,6,5,7,4,10,10,10,16,17,19,26,22,33,23,23,26,17,15,23,15,17,27,]
444,1,8,with_set,0.05,5,5,201,15,loop_limit,[590,277,221,140,97,76,69,80,63,53,51,34,37,23,27,24,30,29,25,42,34,27,23,26,25,23,20,19,21,25,25,28,21,26,32,31,24,29,22,26,23,28,25,27,22,28,25,29,20,16,21,20,19,24,21,21,23,21,22,16,13,19,17,21,19,14,17,17,20,25,24,22,15,18,20,22,25,29,21,34,25,23,23,22,21,27,17,8,12,19,18,9,16,29,16,19,19,26,31,30,24,17,18,22,21,27,39,34,40,36,33,26,23,26,30,25,22,15,27,15,15,16,16,20,20,16,13,19,16,17,16,23,21,16,12,23,19,23,22,18,17,26,29,20,17,24,21,25,25,31,34,23,20,20,19,10,10,15,12,23,27,22,18,27,30,21,20,19,14,16,9,23,26,19,15,16,17,15,24,28,24,22,14,20,27,29,15,19,18,18,22,22,17,12,5,6,11,19,19,17,15,]
444,1,16,with_set,0.01,1,1,201,21,loop_limit,[590,266,211,123,116,79,110,73,81,94,103,72,77,54,75,50,57,50,50,50,42,37,43,46,41,47,43,34,29,31,38,44,42,52,50,34,32,27,29,24,23,17,20,26,23,25,20,25,26,28,42,41,28,36,34,38,35,31,25,19,15,28,18,17,24,34,36,36,30,26,30,29,22,23,13,14,13,17,17,15,11,19,13,19,13,21,21,21,21,21,22,24,25,19,21,16,14,27,32,25,47,28,34,38,36,36,16,20,14,16,17,18,24,21,23,25,21,17,20,20,16,24,24,17,15,18,14,13,14,17,17,18,24,20,23,20,17,14,15,14,17,22,15,23,22,23,26,21,16,17,19,16,11,11,14,18,9,10,17,23,23,22,18,17,18,18,17,13,12,15,17,13,16,14,16,15,44,30,33,31,21,28,19,19,28,29,13,18,12,28,27,27,30,33,33,35,27,23,24,25,21,]
444,1,16,with_set,0.05,5,5,201,26,loop_limit,[590,254,205,129,125,94,81,68,63,60,51,37,39,26,39,32,32,28,26,30,27,27,19,26,19,13,13,11,13,16,13,15,18,19,27,18,18,17,13,9,12,8,11,12,12,13,14,21,16,13,19,14,22,20,21,18,14,18,9,12,11,12,11,12,12,16,14,20,29,11,12,14,17,18,26,13,12,12,15,13,13,13,19,17,17,17,18,24,23,18,12,19,9,9,7,20,14,19,31,26,26,24,37,28,21,27,23,37,32,23,21,25,29,53,45,36,37,38,45,32,38,35,41,41,26,21,27,32,29,33,33,28,25,26,11,14,11,15,15,16,12,24,15,12,11,15,48,31,29,32,37,40,27,24,24,26,20,18,17,18,20,28,27,25,17,26,14,16,17,16,12,15,13,18,29,29,25,24,19,16,11,7,10,17,23,27,17,21,17,24,19,18,19,15,21,29,28,30,27,21,26,]
444,2,2,with_set,0.01,2,2,201,7,loop_limit,[590,168,73,23,16,4,6,7,4,5,6,6,10,5,3,2,5,3,3,2,3,4,4,2,2,2,5,4,4,2,2,3,3,2,3,3,3,2,3,3,5,3,2,4,4,5,3,3,6,7,4,4,3,4,4,3,8,3,8,3,3,2,5,3,3,2,5,4,3,4,4,4,3,3,5,2,5,8,3,2,2,2,3,2,5,2,3,3,5,3,7,3,3,2,5,6,4,6,3,2,3,3,2,3,5,6,7,2,5,6,2,2,2,3,5,2,2,4,2,2,5,2,3,3,7,3,3,2,2,2,5,2,3,4,2,2,5,4,7,5,7,3,3,2,3,2,2,2,5,3,4,3,2,2,3,2,2,3,5,3,3,2,3,3,3,2,5,2,5,3,5,3,3,3,5,6,3,2,2,4,2,2,2,2,5,4,4,2,5,3,7,6,5,2,3,3,5,3,3,4,7,]
444,2,4,with_set,0.01,2,2,201,2,loop_limit,[590,163,76,25,15,4,7,8,9,3,2,3,5,2,2,3,2,2,5,3,4,2,5,3,3,2,3,5,3,5,4,2,7,6,7,3,5,6,4,3,5,3,3,3,7,6,4,2,2,4,6,6,5,3,8,4,8,6,7,6,7,3,7,4,3,2,5,2,3,3,5,3,3,2,7,6,7,3,2,2,2,2,2,3,3,4,2,2,5,2,2,2,5,4,8,5,3,5,3,3,5,8,5,2,5,4,8,6,3,2,4,5,3,4,6,6,7,10,5,6,2,3,7,4,8,3,5,3,7,4,6,4,7,5,3,3,6,7,4,3,8,3,5,4,2,4,2,4,6,4,7,3,5,3,2,3,5,2,3,2,5,4,2,4,3,3,5,3,2,3,5,2,2,2,7,3,2,2,5,3,2,2,5,3,2,2,5,5,6,6,8,3,5,2,3,4,4,3,2,2,2,]
450,1,1,with_set,0.01,1,1,201,274,loop_limit,[773,572,445,411,373,359,358,342,374,400,405,403,424,412,399,397,434,372,330,322,368,327,312,355,329,304,298,304,282,316,303,348,310,306,303,292,256,289,273,256,261,286,270,284,262,316,299,308,335,347,329,334,283,289,293,280,265,262,252,283,263,294,269,279,285,303,272,290,316,337,302,318,317,336,355,380,351,332,356,335,335,329,290,291,285,284,265,254,255,260,284,322,287,340,337,353,359,343,334,330,290,298,319,333,353,348,322,327,343,313,342,349,341,346,325,346,301,305,317,307,338,321,310,312,296,307,278,287,277,295,284,294,277,279,303,299,285,281,264,290,290,283,320,310,294,285,298,289,253,254,237,258,263,281,262,278,242,243,275,294,287,322,294,316,271,298,286,297,324,318,295,293,293,288,345,288,280,304,319,343,298,320,282,313,289,311,293,321,309,289,286,305,325,326,299,277,249,299,249,278,274,]
450,1,1,with_set,0.05,5,5,201,310,loop_limit,[773,554,465,402,365,356,317,359,339,336,342,331,314,335,337,330,331,339,360,328,325,332,349,372,342,359,338,339,311,316,304,299,272,275,243,269,248,283,239,266,271,284,303,291,307,325,332,334,315,324,264,298,283,315,323,314,313,320,323,328,310,312,367,367,340,344,345,336,346,355,323,333,322,318,314,301,297,334,325,326,306,330,363,302,291,296,305,308,281,332,322,372,345,369,337,366,341,304,292,306,306,309,285,312,316,328,305,313,326,289,278,318,269,297,294,326,315,279,282,303,273,302,305,299,280,322,276,314,268,274,298,298,279,301,288,347,307,344,310,319,301,318,337,324,297,370,329,305,275,305,313,309,275,349,317,319,322,354,324,334,362,354,355,306,336,331,294,289,309,312,288,291,280,297,276,289,287,290,247,332,247,264,292,311,286,323,333,337,339,370,372,345,303,306,333,323,309,301,280,294,310,]
450,1,1,with_set,0.1,11,11,201,300,loop_limit,[773,536,440,393,408,376,335,344,321,339,306,305,331,353,314,331,342,321,319,324,330,346,341,376,329,328,324,334,328,331,332,319,349,344,318,327,331,347,336,383,356,345,344,332,320,329,300,318,301,264,256,241,301,315,333,366,317,286,305,306,261,253,274,290,270,317,297,333,333,297,281,287,298,316,304,319,276,278,244,251,277,282,262,287,281,283,290,311,283,291,272,293,253,269,276,295,259,315,276,313,340,336,286,305,278,286,308,304,275,281,256,242,252,272,267,327,345,333,327,302,308,336,312,351,356,342,333,314,335,335,287,319,330,344,337,321,320,348,299,295,282,313,288,321,283,321,280,306,286,331,286,317,289,322,270,270,240,246,243,260,295,321,295,290,321,309,286,348,306,339,303,309,353,353,310,291,272,303,260,295,302,294,274,295,330,319,310,355,325,351,335,306,272,276,288,303,285,274,257,296,300,]
450,1,1,with_set,0.25,28,28,201,306,loop_limit,[773,554,524,398,367,372,335,406,363,411,346,424,370,360,326,333,317,321,339,325,359,369,370,345,330,299,301,320,292,331,326,328,298,316,328,316,321,330,305,298,346,372,390,377,332,349,329,338,343,401,336,315,359,350,329,342,341,353,342,354,316,319,360,363,316,325,325,331,336,321,286,314,295,291,299,294,312,314,294,319,287,274,282,304,270,335,315,330,293,295,271,256,264,289,289,325,294,330,334,388,369,327,318,292,281,291,269,301,328,356,371,364,341,326,333,323,340,354,325,321,340,354,325,319,358,356,312,381,353,299,288,302,257,285,274,302,273,298,274,295,318,283,304,293,301,280,345,334,311,310,335,314,310,316,300,294,279,282,244,314,244,239,277,315,317,330,346,316,353,350,374,407,371,354,355,337,310,319,337,328,335,315,268,283,297,314,297,317,274,285,297,321,283,308,303,326,286,291,303,320,306,]
450,1,2,with_set,0.01,1,1,201,338,loop_limit,[773,572,422,408,370,405,370,351,353,360,341,350,315,323,300,308,258,319,330,293,270,257,265,282,251,293,276,301,279,271,286,309,273,307,298,348,308,319,316,314,303,354,323,333,285,317,328,326,333,338,328,336,307,330,328,305,299,312,292,299,285,297,301,296,266,296,280,277,266,254,239,279,335,320,300,355,340,337,285,296,257,257,279,308,328,341,358,370,357,404,357,323,292,286,305,314,334,338,311,306,308,307,279,358,279,295,258,283,289,308,296,287,287,340,342,329,352,377,373,394,363,340,311,318,350,388,314,382,346,379,341,315,302,311,333,348,311,297,298,309,281,284,287,330,291,305,294,306,270,306,276,305,318,302,269,285,303,325,333,338,309,266,303,296,272,289,254,283,330,336,336,322,341,347,325,342,276,312,288,290,316,312,335,351,317,356,334,388,334,347,301,351,335,363,348,366,321,340,308,311,338,]
450,1,2,with_set,0.05,5,5,201,336,loop_limit,[773,541,524,431,366,353,361,368,354,352,326,362,317,319,348,356,329,349,313,313,354,360,345,337,366,323,317,335,358,384,340,333,378,376,353,336,323,345,352,333,309,321,331,299,285,293,289,345,319,321,328,362,369,356,313,357,348,330,331,373,329,325,311,300,269,304,310,291,307,346,329,324,299,370,316,311,318,320,306,325,324,331,304,292,254,258,262,283,262,233,204,279,242,321,314,366,311,329,335,342,330,351,333,307,302,300,292,299,270,249,261,305,308,297,294,312,269,322,269,308,297,290,350,366,332,328,297,302,316,332,346,346,313,297,309,319,335,320,320,315,305,319,294,301,262,275,265,258,270,285,269,269,245,276,267,261,256,284,279,284,273,281,262,305,288,279,242,271,267,298,272,308,293,345,293,311,291,296,282,295,306,283,270,281,266,266,301,294,292,258,272,317,304,303,284,286,296,356,341,348,336,]
450,1,2,with_set,0.1,11,11,201,344,loop_limit,[773,550,454,387,324,337,374,368,337,356,371,364,326,368,352,314,309,357,309,306,287,303,276,297,273,278,257,292,277,286,287,311,272,279,261,298,259,325,324,369,322,310,280,286,285,281,287,306,294,260,232,245,240,242,270,296,313,315,310,310,298,330,291,295,316,320,334,330,299,307,274,262,264,276,264,281,273,285,272,304,334,301,324,355,350,330,311,351,352,331,296,301,333,315,303,341,317,315,321,333,300,365,390,326,325,289,294,297,281,282,240,233,224,238,245,253,255,288,290,314,286,312,290,282,296,311,292,322,286,286,291,314,278,273,243,251,264,296,257,347,286,295,294,296,284,279,243,258,261,318,283,315,280,285,330,333,339,363,394,396,415,384,360,378,371,351,307,334,318,342,371,390,344,350,319,354,356,366,350,315,338,357,362,339,329,346,349,372,316,345,352,362,395,349,359,328,341,330,364,370,344,]
450,1,2,with_set,0.25,28,28,201,334,loop_limit,[773,526,428,394,343,342,329,324,336,322,307,279,279,290,245,290,291,322,309,296,297,279,260,273,262,279,293,310,273,287,295,313,317,360,367,347,340,328,296,333,340,334,319,322,295,317,331,368,342,335,297,336,333,362,298,317,326,306,265,300,273,288,291,297,278,297,252,265,276,318,283,325,284,284,288,288,266,305,286,291,286,306,297,290,271,273,269,321,303,312,311,303,296,309,359,391,348,402,399,376,312,306,308,287,267,289,320,299,290,299,333,337,312,326,353,362,364,401,364,368,376,317,389,376,333,332,310,322,299,292,274,270,305,304,270,268,289,292,291,344,341,355,313,337,311,296,297,304,322,324,322,339,289,322,294,320,324,363,318,345,327,332,322,345,326,326,269,283,268,259,253,299,314,289,300,328,289,286,306,275,314,325,306,295,286,311,338,313,308,366,323,331,316,315,290,292,312,315,302,318,334,]
450,1,4,with_set,0.01,1,1,201,342,loop_limit,[773,554,464,646,513,449,448,429,382,372,350,376,359,357,317,365,372,392,370,408,334,340,339,375,341,331,343,326,338,335,335,365,331,309,441,376,322,344,341,397,345,339,333,312,328,356,322,375,383,404,379,352,333,342,322,483,416,564,428,415,337,301,292,308,277,491,370,381,427,389,537,434,366,362,501,444,383,361,376,373,324,316,425,357,323,310,350,379,355,376,387,407,353,408,330,534,418,469,407,486,369,339,314,385,386,380,362,367,341,296,378,344,353,306,364,345,389,378,342,350,338,383,526,470,568,498,443,418,402,440,402,365,346,324,300,306,319,306,324,377,321,331,320,329,351,319,303,458,539,425,401,338,338,353,354,361,317,354,376,396,359,391,362,340,323,321,313,313,305,283,322,304,360,363,332,302,302,315,272,313,284,329,364,350,356,359,342,356,346,325,503,578,440,594,605,482,403,356,342,393,342,]
450,1,4,with_set,0.05,5,5,201,377,loop_limit,[773,719,703,526,513,397,453,510,464,414,482,408,388,543,436,552,657,513,443,379,366,400,443,428,394,420,432,404,347,338,364,364,378,351,357,405,370,369,338,325,289,281,252,259,261,297,242,257,219,375,413,388,334,300,325,345,348,376,340,397,374,410,374,349,403,563,551,468,383,452,425,379,367,350,338,337,353,322,387,351,298,292,292,316,306,353,316,281,321,301,321,306,282,310,339,359,338,302,269,423,399,353,326,303,368,344,388,361,330,328,528,429,414,381,371,395,370,308,336,335,314,278,310,321,372,356,310,342,304,364,317,315,317,306,285,282,304,352,304,316,281,412,355,451,416,432,420,443,417,401,382,410,400,408,369,350,344,323,357,489,405,356,372,326,308,343,491,440,396,363,353,530,420,388,339,359,326,337,308,289,276,282,296,290,320,316,297,296,274,460,405,429,361,341,352,380,500,458,410,370,377,]
450,1,4,with_set,0.1,11,11,201,305,loop_limit,[773,547,468,632,473,514,464,475,415,373,339,337,327,347,317,294,276,315,260,268,248,265,309,270,299,309,282,293,291,324,443,431,353,365,314,340,315,362,316,333,350,335,317,365,373,334,321,331,290,347,326,318,297,277,301,320,331,347,320,346,329,337,311,319,378,349,330,347,343,338,336,519,570,459,445,400,377,362,351,327,314,291,286,295,272,287,254,280,252,395,351,345,326,471,389,394,347,344,341,340,348,356,361,336,369,383,321,363,344,331,303,288,362,488,394,368,368,524,479,501,408,381,383,440,377,351,354,350,346,309,318,307,309,314,322,350,330,309,387,376,346,326,298,302,334,443,404,383,357,350,384,596,641,484,452,420,371,324,355,385,348,386,385,357,379,452,411,579,484,421,396,350,391,382,485,430,485,395,351,341,345,303,440,403,602,461,542,433,407,541,429,399,372,347,500,413,359,343,367,345,305,]
450,1,4,with_set,0.25,28,28,201,298,loop_limit,[773,547,468,384,358,407,361,369,328,341,333,344,318,283,434,473,590,666,711,560,560,556,433,441,368,377,323,359,325,321,306,355,348,368,326,326,308,306,272,299,280,321,312,518,389,341,398,443,401,583,429,389,353,340,386,556,430,472,418,381,360,356,323,395,339,319,351,310,293,302,351,361,420,356,317,318,318,319,295,280,284,270,282,321,332,367,377,375,345,339,379,552,418,407,424,397,381,411,381,427,351,402,381,374,396,339,401,425,399,422,399,342,300,337,324,301,481,383,444,476,435,422,456,471,389,386,342,377,367,388,350,312,287,357,340,368,340,310,287,308,285,339,305,326,322,374,362,401,328,366,333,377,330,310,323,511,400,578,518,453,475,453,395,425,357,359,307,335,275,310,270,311,329,311,278,265,266,269,244,267,293,312,300,295,307,338,343,362,368,373,328,299,272,307,265,303,268,283,262,261,298,]
450,1,8,with_set,0.01,1,1,201,345,loop_limit,[773,554,524,433,451,369,365,336,310,331,434,410,449,677,495,702,502,675,746,545,409,420,408,414,522,483,430,372,340,337,293,298,336,344,347,397,341,340,341,341,330,411,350,350,548,486,412,355,336,306,275,332,319,315,321,369,386,699,504,432,729,551,514,491,429,402,411,426,410,391,327,301,351,363,345,444,405,436,387,375,333,393,390,359,324,332,395,344,359,362,347,345,330,344,331,377,364,369,500,416,469,415,401,380,340,332,344,331,317,315,330,294,295,296,438,404,377,333,337,419,375,335,291,336,341,643,509,445,386,367,314,324,291,326,423,384,324,408,328,551,459,409,374,371,313,309,327,614,487,380,360,349,335,332,286,303,509,419,364,345,318,312,393,361,370,370,543,466,383,380,404,373,369,352,387,359,567,438,372,335,367,384,355,360,366,307,290,320,302,318,274,293,272,274,264,267,275,275,265,308,345,]
450,1,8,with_set,0.05,5,5,201,565,loop_limit,[773,550,452,411,365,367,343,332,498,411,411,372,339,369,306,556,441,443,580,459,399,655,471,415,352,393,358,351,301,317,317,263,283,306,304,317,290,331,322,390,366,370,427,389,354,344,282,283,296,329,279,287,304,325,635,478,400,377,338,348,330,324,340,316,298,290,323,336,312,325,293,303,387,647,514,449,394,389,637,494,412,475,401,426,365,356,346,359,354,306,406,369,316,360,296,353,296,353,715,564,703,485,461,416,451,655,471,421,374,372,360,368,379,641,747,535,440,485,435,374,369,418,405,332,485,453,386,360,318,316,320,318,329,374,379,389,345,421,336,320,361,368,506,454,371,394,364,409,374,388,357,371,301,307,320,325,357,329,327,609,460,391,364,344,318,336,514,447,388,377,417,414,373,348,311,313,293,545,462,417,454,445,392,383,345,333,332,348,311,591,475,701,676,567,475,422,375,379,375,373,565,]
450,1,8,with_set,0.1,11,11,201,340,loop_limit,[773,536,489,423,439,386,354,357,325,302,319,312,361,362,311,338,357,324,312,364,302,313,317,336,309,315,305,295,272,337,312,310,468,687,532,556,457,407,378,513,425,415,389,369,358,354,336,344,337,378,359,338,349,328,354,328,371,363,329,305,323,349,355,380,321,347,330,363,317,672,518,448,374,369,605,498,509,498,445,527,447,422,365,387,335,358,346,343,288,292,297,320,302,315,308,287,260,310,332,330,298,288,344,374,354,346,349,362,319,322,323,634,485,677,499,431,379,347,357,339,327,363,352,348,352,358,384,364,318,382,511,441,361,343,410,453,391,399,391,355,294,373,336,359,318,432,369,381,374,361,342,350,390,428,343,362,292,310,281,345,453,424,399,393,712,524,447,403,356,330,359,357,359,371,362,440,409,385,401,399,688,511,535,511,542,461,407,385,351,334,351,329,311,291,266,285,271,414,387,365,340,]
450,1,8,with_set,0.25,28,28,201,345,loop_limit,[773,716,527,632,478,685,540,557,494,453,379,426,589,442,407,362,381,355,349,382,330,354,358,343,352,347,344,397,408,391,386,357,359,352,313,581,499,426,378,378,732,555,464,452,464,425,370,390,332,310,291,412,384,365,552,475,386,365,329,334,327,309,273,279,287,312,328,359,372,576,432,404,357,446,406,399,326,308,338,351,319,369,381,310,328,335,363,335,315,325,340,340,307,314,350,339,360,355,491,453,386,357,335,328,295,282,298,339,353,394,366,343,318,324,405,353,317,327,361,335,342,300,275,310,260,275,278,275,389,360,674,493,410,381,343,360,344,327,320,296,288,289,262,285,294,272,316,334,333,334,416,398,382,390,393,383,351,366,342,372,495,427,518,465,733,553,505,441,381,367,343,349,488,408,359,355,320,310,267,290,397,401,357,329,310,326,329,640,734,518,532,457,421,388,368,340,305,337,305,323,345,]
450,1,16,with_set,0.01,1,1,201,343,loop_limit,[773,508,768,758,524,445,474,424,444,419,741,549,519,432,388,354,300,279,374,329,339,349,624,461,426,411,459,404,679,526,420,353,336,386,336,758,734,544,454,403,384,365,407,473,414,366,379,426,382,373,353,736,523,758,560,479,746,529,761,699,548,593,495,516,754,542,773,758,733,527,424,367,386,343,310,279,285,283,333,291,292,303,306,298,301,292,290,516,434,412,430,373,344,378,773,758,587,499,480,459,423,362,388,367,379,403,346,645,445,753,726,488,727,527,745,499,423,369,338,363,348,636,742,562,773,554,470,465,700,525,444,457,507,412,367,425,728,547,514,575,468,437,365,354,353,664,493,428,379,433,398,371,325,329,323,329,746,570,471,504,471,393,372,369,314,321,310,310,337,323,747,691,495,586,503,426,358,390,354,324,366,353,340,342,378,374,354,637,515,405,408,351,397,758,548,484,413,368,351,282,343,]
450,1,16,with_set,0.05,5,5,201,545,loop_limit,[773,507,760,680,648,546,426,394,367,342,319,737,530,456,386,367,631,614,500,501,419,368,383,442,385,437,387,456,410,718,525,400,364,330,356,377,408,335,365,380,397,413,395,360,331,382,379,715,512,424,396,446,704,756,550,568,443,400,389,340,377,364,333,327,296,355,353,406,408,409,731,758,545,460,404,369,342,363,371,406,385,350,387,359,331,405,346,659,509,483,414,366,320,369,372,377,370,741,558,476,423,397,399,348,331,316,756,758,552,423,429,415,417,406,434,406,383,404,339,316,342,347,303,316,328,327,321,749,543,540,543,454,380,373,397,398,336,307,561,424,375,327,373,344,326,321,325,709,556,602,471,749,545,485,413,385,380,386,330,346,346,590,438,758,698,509,412,393,385,398,366,371,305,308,317,325,324,611,499,399,446,376,427,375,339,382,347,366,333,758,773,536,745,537,515,477,410,387,760,758,545,]
450,1,16,with_set,0.1,11,11,201,318,loop_limit,[773,690,490,466,734,534,535,461,521,398,394,367,318,306,311,350,330,343,316,325,315,313,299,286,740,694,670,497,409,356,331,383,349,349,636,725,535,493,524,750,579,474,435,371,343,285,360,365,339,343,308,311,275,334,343,366,380,382,404,517,488,403,690,533,447,392,397,643,489,428,397,352,328,376,313,714,773,550,571,596,509,537,430,684,694,482,417,337,384,329,330,415,389,371,326,360,351,339,294,307,337,335,604,758,530,429,379,392,455,413,406,405,375,351,695,685,500,388,461,414,366,443,401,364,402,362,328,310,632,469,401,390,372,362,339,312,375,361,695,517,473,388,346,389,761,536,440,398,328,355,349,375,632,494,400,466,400,404,382,363,398,424,377,364,325,384,648,482,536,509,400,386,353,339,718,517,393,445,419,381,361,385,343,344,306,305,299,342,589,469,404,375,363,335,315,333,348,340,377,340,318,]
450,1,16,with_set,0.25,28,28,201,332,loop_limit,[773,680,514,449,398,366,337,315,311,376,335,624,481,453,414,378,357,355,341,391,722,575,445,404,372,350,298,305,322,297,287,306,652,649,492,502,463,490,392,408,379,366,689,513,433,533,434,366,728,758,537,466,409,371,375,747,540,494,418,392,390,413,371,393,394,358,332,319,296,347,297,301,325,354,332,397,404,340,310,280,278,280,290,538,773,758,531,744,525,447,394,380,733,720,557,758,690,499,407,380,388,403,361,361,330,325,293,308,320,325,283,336,773,758,524,436,461,408,453,419,417,386,383,459,447,758,773,733,667,481,520,741,540,457,439,367,339,349,317,303,255,717,547,452,378,383,315,320,558,480,553,485,753,689,530,453,419,365,381,350,767,758,537,451,401,380,322,346,380,378,361,397,347,424,439,389,412,415,333,295,326,368,334,337,352,331,304,360,299,303,311,343,294,284,260,301,298,596,425,390,332,]
450,2,1,with_set,0.01,2,2,201,21,loop_limit,[773,349,217,143,94,66,36,28,19,15,20,15,18,9,16,17,15,18,11,9,4,6,7,13,10,9,8,8,12,12,10,9,13,5,11,12,15,18,17,11,11,13,14,20,13,7,8,9,8,10,13,7,16,13,13,15,11,12,11,12,10,8,9,15,15,18,16,13,10,15,14,13,18,11,11,12,12,9,14,11,15,11,20,16,16,18,13,20,19,20,10,7,6,7,8,7,12,11,9,9,9,8,11,8,7,6,7,5,5,7,8,8,10,12,11,8,9,7,11,17,16,16,18,20,14,16,9,11,9,8,12,15,9,15,18,18,20,7,12,11,11,10,15,14,12,17,15,18,17,10,14,13,12,10,15,11,11,17,14,12,11,12,8,11,12,11,13,10,13,16,17,15,19,19,15,8,8,7,9,11,16,14,18,16,11,6,13,14,17,15,25,23,14,12,14,16,11,12,19,20,21,]
450,2,2,with_set,0.01,2,2,201,16,loop_limit,[773,352,209,127,78,55,54,63,47,30,25,15,12,22,17,18,17,18,14,9,13,16,11,9,11,12,14,17,14,18,20,24,17,18,23,20,16,16,10,17,12,14,17,13,11,10,12,10,9,9,10,8,12,14,8,7,9,13,15,19,15,9,17,10,6,13,13,9,13,13,12,7,16,18,13,7,13,15,12,14,12,12,19,9,15,15,7,7,10,6,13,9,13,16,8,15,17,16,18,15,8,9,13,17,18,8,11,10,12,6,10,13,17,14,15,16,11,13,10,9,14,15,18,15,14,16,17,16,18,15,12,16,11,11,10,12,17,18,19,15,16,19,20,10,11,11,14,12,14,8,13,20,18,15,10,10,10,8,9,15,14,13,15,8,10,11,10,9,9,9,10,14,15,9,7,7,11,17,12,12,10,17,17,10,4,9,14,10,14,16,12,6,7,6,10,18,12,17,19,10,16,]
450,2,4,with_set,0.01,2,2,201,13,loop_limit,[773,358,202,122,81,52,46,45,26,23,23,16,10,18,21,17,10,19,16,22,18,11,12,13,13,15,17,9,11,12,8,17,9,12,10,7,7,7,10,8,9,11,9,10,7,16,14,10,11,16,14,18,15,18,15,15,18,22,16,14,7,12,15,9,8,10,14,15,18,15,18,19,15,18,15,17,14,16,17,19,17,16,16,10,12,18,14,10,13,15,11,8,8,8,4,6,6,11,5,7,4,6,6,9,8,8,11,11,10,21,12,21,15,23,15,14,11,12,11,10,10,9,7,6,6,11,6,11,7,9,9,6,7,7,11,16,14,15,17,20,13,11,13,17,15,13,8,12,16,12,17,14,18,13,11,7,9,8,8,11,10,15,15,11,13,14,15,16,12,10,12,9,9,6,6,10,7,7,10,18,18,17,13,13,16,13,17,22,23,14,19,21,20,18,13,14,16,15,16,14,13,]
450,2,8,with_set,0.01,2,2,201,6,loop_limit,[773,648,313,170,128,68,49,51,33,30,29,20,17,8,16,13,11,9,14,17,21,12,15,12,7,8,8,15,17,16,9,11,16,17,18,5,11,17,13,12,15,10,19,23,19,15,12,14,12,7,8,7,9,17,9,15,11,15,13,18,13,18,14,7,6,8,8,17,14,12,9,9,7,7,12,14,15,15,17,14,19,15,18,15,18,12,12,6,11,7,11,6,11,7,11,9,7,5,11,6,11,15,19,17,20,12,16,18,21,25,17,15,11,8,13,8,7,12,7,11,13,6,7,7,9,8,7,8,12,10,15,13,13,7,11,10,11,7,14,14,21,11,15,13,15,14,8,13,11,13,16,20,15,13,13,8,13,15,14,13,14,19,17,22,17,11,9,7,9,6,5,14,7,13,15,17,15,16,15,9,7,12,14,11,11,11,15,7,15,16,16,18,15,21,18,7,7,6,5,6,6,]
450,2,16,with_set,0.01,2,2,201,9,loop_limit,[773,705,334,215,130,112,69,56,52,38,38,32,40,61,42,42,30,25,17,17,15,27,24,15,14,14,16,8,9,9,8,11,14,10,14,15,18,10,13,16,9,14,12,12,15,19,27,38,28,23,14,21,10,11,7,8,9,7,6,5,4,7,8,8,10,16,18,16,14,10,16,20,24,17,12,16,16,14,4,11,14,12,12,9,13,14,11,17,13,23,20,19,12,7,6,11,13,9,14,11,16,10,8,15,13,8,6,9,7,8,13,14,10,9,10,7,7,9,8,14,6,7,7,7,12,17,16,23,15,17,6,6,11,9,10,14,14,14,11,7,5,11,13,9,17,9,11,8,14,18,17,18,13,9,9,11,9,10,8,11,13,10,9,9,12,14,14,21,17,19,13,18,8,9,14,15,15,15,12,8,10,14,11,7,13,14,8,5,5,13,17,15,12,15,14,7,11,8,17,15,9,]
450,4,1,with_set,0.01,4,4,201,5,loop_limit,[773,223,56,20,19,22,11,5,8,7,7,10,5,5,7,5,6,5,6,7,5,6,4,5,5,4,8,7,7,5,5,7,6,10,7,6,8,9,4,5,5,5,4,9,7,9,6,7,5,5,5,9,8,8,11,10,8,7,11,11,10,9,7,7,6,6,6,7,8,7,8,6,5,4,5,6,4,4,4,5,10,9,7,4,5,7,4,4,5,5,6,7,5,5,8,5,8,7,4,7,6,10,7,5,5,5,6,5,5,4,5,5,8,6,5,7,6,8,8,5,8,9,7,6,9,9,4,5,6,7,5,11,5,6,4,5,6,6,4,5,4,4,8,9,4,5,5,6,8,9,7,8,7,10,8,11,9,7,6,4,5,7,6,5,6,5,6,9,7,6,5,6,5,5,5,10,8,5,4,4,5,7,8,5,5,7,6,10,6,9,4,5,4,4,6,7,8,5,6,5,5,]
450,4,2,with_set,0.01,4,4,201,10,loop_limit,[773,223,93,27,11,9,8,6,6,5,5,9,11,9,7,9,5,7,8,5,6,6,6,10,8,11,7,6,8,6,9,6,6,5,6,6,6,5,6,5,4,9,7,6,6,5,8,6,9,6,8,5,5,10,7,6,5,5,5,5,4,5,5,6,6,5,8,9,7,4,5,9,11,12,10,9,6,9,7,10,4,5,6,4,5,7,6,7,5,5,5,4,5,9,6,5,5,5,5,4,8,5,5,6,4,7,5,5,6,4,8,5,8,6,5,8,7,7,6,6,4,5,8,7,6,5,6,7,5,5,5,7,4,5,8,7,8,5,6,5,6,5,5,7,6,5,4,7,7,10,9,6,9,11,4,5,6,7,6,5,4,5,6,4,8,7,6,5,4,5,5,9,7,5,5,7,7,8,10,7,6,9,7,9,7,8,5,5,5,8,6,8,7,6,8,5,6,6,8,6,10,]
450,4,4,with_set,0.01,4,4,201,4,loop_limit,[773,254,85,32,15,16,6,7,4,7,5,7,4,7,5,9,5,7,6,7,7,5,5,7,6,10,8,9,7,5,5,6,8,8,9,9,6,10,5,9,6,7,7,10,9,11,9,4,5,4,5,4,8,6,5,6,6,7,5,5,6,5,4,5,5,6,6,5,8,8,7,6,5,5,4,5,5,10,5,7,6,7,6,8,8,5,4,9,7,9,7,6,8,8,6,10,7,6,5,4,6,6,6,8,6,5,4,5,5,6,6,5,6,11,7,6,6,7,8,7,6,7,7,7,8,8,9,9,12,8,6,8,10,7,7,7,6,7,9,8,6,8,8,5,6,9,6,5,5,5,5,9,8,10,9,5,5,6,11,6,4,5,6,5,5,7,5,5,5,4,6,10,5,5,6,7,7,4,6,4,8,9,7,10,7,6,5,6,10,6,10,9,6,7,5,5,5,9,5,5,4,]
450,4,8,with_set,0.01,4,4,201,8,loop_limit,[773,193,203,84,25,10,6,6,4,7,6,5,5,5,6,5,4,7,5,7,7,6,7,7,5,8,7,5,6,7,5,5,4,7,6,9,4,7,11,8,11,5,6,6,4,9,7,8,7,7,4,5,6,7,5,7,11,5,4,9,7,10,7,9,7,10,7,5,4,5,5,9,4,5,4,4,5,6,6,5,8,4,4,4,5,5,6,5,5,9,7,6,6,7,7,7,10,5,5,6,4,5,5,5,6,5,4,5,5,6,5,6,6,9,4,7,6,8,8,9,5,5,7,12,8,6,6,7,5,5,5,5,4,7,6,8,6,4,5,8,6,5,5,7,6,6,5,5,5,5,6,7,6,9,8,7,6,4,8,5,10,9,4,5,6,6,6,6,6,7,5,10,7,6,10,8,8,9,12,9,8,5,6,7,6,6,6,4,6,6,6,7,7,7,5,4,6,7,6,10,8,]
454,1,1,with_set,0.01,1,1,201,259,loop_limit,[746,512,425,374,358,320,343,364,330,371,321,326,313,313,320,298,310,294,310,294,304,301,325,301,291,318,299,299,305,291,299,274,297,302,276,271,275,273,244,281,281,317,301,287,306,270,286,301,288,338,328,312,319,342,323,361,332,296,366,296,310,291,285,298,285,320,309,327,312,265,276,304,292,295,298,308,291,292,267,246,262,277,274,265,272,275,275,273,259,260,281,295,283,300,304,274,336,303,305,289,317,337,310,295,299,286,280,266,278,293,289,278,253,267,261,280,248,288,251,228,250,252,255,268,269,269,260,282,290,306,301,301,309,301,308,297,308,280,260,324,312,299,301,330,294,268,261,282,264,294,275,285,256,264,226,264,266,304,265,294,282,303,270,262,274,265,282,281,307,291,346,353,321,331,314,347,312,305,330,315,302,277,261,234,252,233,250,307,261,262,279,276,260,285,281,268,274,275,284,280,259,]
454,1,1,with_set,0.05,5,5,201,233,loop_limit,[746,543,560,468,434,382,358,348,338,315,325,289,275,312,310,321,301,282,261,263,256,308,327,318,312,285,278,274,304,352,353,325,307,293,301,317,305,309,327,363,307,317,313,307,297,295,283,292,308,271,270,272,289,267,255,259,270,324,270,283,289,289,279,330,338,322,333,344,321,317,294,288,283,308,283,308,330,319,368,331,325,319,272,295,278,287,295,278,300,293,317,332,317,283,281,288,283,293,293,290,314,334,297,339,312,319,316,305,348,353,335,348,309,298,281,302,286,295,323,293,292,322,317,331,342,340,308,299,303,263,262,254,293,294,355,313,257,253,253,297,281,290,285,314,292,299,292,281,273,279,293,257,292,322,300,308,310,313,292,298,315,298,282,287,263,304,293,284,291,272,292,292,304,305,304,286,246,285,251,246,269,276,277,304,265,278,276,278,274,283,293,300,263,301,287,261,257,272,238,260,233,]
454,1,1,with_set,0.1,11,11,201,269,loop_limit,[746,549,477,434,407,365,376,360,410,438,431,390,360,344,337,365,354,332,323,319,303,339,341,346,302,309,313,330,318,324,336,327,311,361,309,305,311,301,296,307,285,259,296,297,333,297,296,271,291,335,305,313,314,304,286,296,280,285,269,288,264,290,315,314,304,362,368,355,309,323,301,316,294,312,317,324,318,315,343,332,343,312,316,336,353,336,327,349,364,352,330,319,338,354,319,312,313,328,332,375,332,374,369,345,317,326,354,336,334,331,306,298,291,280,262,288,268,288,247,294,277,282,300,297,325,301,297,294,313,274,292,338,330,313,293,273,266,255,243,246,280,291,274,268,291,274,291,314,321,325,310,304,290,315,269,337,317,345,330,314,304,289,339,316,354,316,295,300,297,268,272,272,288,288,293,323,302,366,322,321,333,320,290,280,272,265,274,267,286,264,252,238,239,253,288,292,288,292,275,287,269,]
454,1,1,with_set,0.25,28,28,201,279,loop_limit,[746,530,565,470,424,389,360,431,404,382,378,391,342,352,345,349,338,309,306,288,289,315,305,321,308,298,314,308,309,294,276,282,336,334,325,322,301,324,325,276,305,302,306,314,299,328,345,347,314,375,347,301,285,337,298,344,347,357,307,332,293,281,276,276,255,267,278,263,301,309,275,294,283,286,279,295,312,305,269,269,271,286,276,291,280,277,272,280,297,339,351,357,309,319,302,302,299,334,321,278,285,290,285,296,276,292,336,332,316,302,311,342,302,322,279,298,285,302,301,301,291,288,323,271,341,271,282,263,269,266,269,273,265,279,292,279,276,291,257,299,270,267,284,277,299,291,270,257,278,307,315,298,314,302,298,313,296,279,267,246,247,268,247,262,288,275,274,266,239,273,256,281,274,300,307,267,289,301,333,334,300,312,297,272,269,274,303,332,298,332,312,297,282,248,299,248,247,247,287,315,279,]
454,1,2,with_set,0.01,1,1,201,253,loop_limit,[746,522,455,396,378,366,358,338,324,320,333,337,322,314,288,279,258,278,264,309,306,287,344,322,300,323,310,299,290,307,299,271,274,315,320,324,323,287,326,287,316,298,301,286,296,280,275,264,270,292,309,303,304,310,279,268,261,272,272,295,312,346,308,297,280,291,284,297,277,247,228,251,234,256,256,259,273,274,275,254,276,264,257,274,257,272,268,247,249,284,281,264,280,286,285,292,261,275,257,258,257,276,257,279,275,301,256,281,245,274,267,272,278,285,275,257,320,324,318,310,335,337,345,353,384,331,323,324,281,351,344,313,340,312,329,319,335,334,353,339,329,329,324,342,324,329,316,281,265,293,280,282,349,288,276,264,309,307,273,270,256,252,242,238,245,293,285,284,249,238,239,254,252,280,266,274,299,317,314,300,293,319,350,302,310,298,278,261,254,252,263,293,293,280,305,308,287,292,308,285,253,]
454,1,2,with_set,0.05,5,5,201,271,loop_limit,[746,512,441,391,398,354,332,336,324,307,318,312,305,291,286,309,276,300,324,288,315,280,274,277,301,272,248,279,274,270,283,257,282,289,287,284,268,295,314,295,281,277,264,304,309,310,298,296,308,351,325,321,312,317,307,284,297,293,288,280,268,254,278,317,304,324,283,254,253,284,252,304,296,310,298,301,292,271,275,307,256,284,267,307,297,292,289,326,307,307,295,306,290,273,299,283,277,336,314,278,294,270,302,320,317,350,335,317,299,280,277,278,284,280,314,328,278,287,281,261,267,286,267,247,237,233,252,255,260,275,252,240,236,240,250,285,279,302,288,279,298,285,299,291,256,275,272,287,285,321,301,269,273,282,270,303,307,316,281,334,288,261,266,258,246,261,292,300,298,283,293,279,307,286,290,309,280,311,319,322,312,325,292,297,284,274,266,255,275,329,310,359,318,325,316,315,312,303,256,290,271,]
454,1,2,with_set,0.1,11,11,201,334,loop_limit,[746,549,456,414,375,315,280,276,243,285,303,280,343,306,270,274,326,274,299,307,315,288,322,288,296,302,321,303,320,309,322,338,307,320,342,355,368,341,355,346,329,335,333,321,309,303,344,306,365,328,340,388,359,331,324,298,321,354,333,329,349,337,310,301,319,306,312,310,323,322,338,301,369,357,364,339,338,356,317,352,339,307,326,314,305,319,328,324,288,349,288,306,303,289,277,284,274,272,300,301,306,359,340,394,346,331,318,314,303,281,295,299,297,297,311,319,313,319,329,344,340,359,340,366,355,310,303,318,308,315,302,355,345,328,388,361,338,339,345,334,311,360,372,374,372,356,317,306,297,305,284,295,287,264,284,270,259,266,268,326,307,314,318,324,381,324,330,314,339,314,285,330,325,320,307,302,287,310,301,299,301,332,296,306,331,325,294,347,305,297,293,300,292,285,323,327,315,308,313,318,334,]
454,1,2,with_set,0.25,28,28,201,319,loop_limit,[746,530,436,467,405,408,373,324,360,336,368,330,351,353,317,332,298,313,318,314,325,350,354,336,338,335,318,311,308,320,327,290,315,351,334,320,307,269,265,308,328,293,306,296,299,299,297,336,325,344,326,361,295,301,292,285,338,335,300,270,303,293,284,278,336,316,333,334,310,272,269,287,281,281,288,328,311,307,303,291,285,278,288,332,299,320,300,304,297,271,297,290,290,290,279,320,297,294,291,294,282,265,268,255,264,271,257,323,294,267,254,249,255,272,265,270,249,252,240,265,292,287,278,296,277,272,267,249,250,250,246,255,253,256,261,255,275,278,311,319,300,304,281,302,306,293,296,294,291,285,294,284,327,297,280,295,281,299,325,299,268,279,281,291,292,295,283,312,303,326,301,261,258,297,332,310,282,306,309,309,300,349,306,318,319,303,305,329,320,316,288,276,296,286,304,290,286,296,298,309,319,]
454,1,4,with_set,0.01,1,1,201,468,loop_limit,[746,627,619,512,441,396,452,621,506,603,459,399,361,521,415,368,348,367,357,393,396,401,365,392,337,311,315,346,314,341,387,376,404,357,429,357,362,335,359,345,318,280,305,334,402,312,320,336,337,445,429,409,376,562,430,390,445,437,584,486,393,395,363,332,327,347,319,316,361,334,332,300,291,311,325,353,353,326,337,354,493,387,447,408,398,315,317,300,305,295,302,312,282,295,273,289,272,284,245,346,342,304,310,317,308,306,295,290,283,409,353,339,345,299,279,305,284,292,298,286,290,281,309,340,318,328,370,362,477,390,458,390,458,484,437,549,450,398,343,301,291,301,311,311,354,515,410,379,329,314,301,287,281,304,308,336,348,305,301,279,335,333,294,328,306,364,370,381,343,338,300,318,351,330,364,333,326,452,415,402,396,567,459,392,359,568,459,489,459,414,407,343,353,347,333,381,385,362,350,329,468,]
454,1,4,with_set,0.05,5,5,201,332,loop_limit,[746,549,626,494,453,445,410,404,371,329,350,362,338,334,319,481,400,368,358,417,473,462,372,362,330,366,337,384,357,335,295,266,293,396,366,397,425,378,345,337,374,563,456,401,568,547,465,505,600,482,452,440,433,377,390,336,312,290,319,318,326,369,355,409,401,325,353,385,353,312,296,284,318,292,317,305,310,311,321,339,309,303,299,295,288,307,271,302,263,312,327,295,257,290,398,407,396,345,336,334,327,333,307,296,301,304,340,506,479,430,534,414,396,377,329,346,339,323,294,326,305,388,355,355,329,301,349,373,357,327,304,346,353,341,342,358,391,356,409,381,361,329,318,304,291,279,291,284,330,284,344,343,336,371,377,343,412,399,431,373,313,313,341,325,330,354,343,323,321,313,359,327,319,352,365,343,330,339,467,417,354,554,526,445,416,407,370,384,354,392,344,314,287,286,302,309,314,344,328,328,332,]
454,1,4,with_set,0.1,11,11,201,314,loop_limit,[746,543,473,402,360,364,309,321,383,351,351,324,331,322,335,564,462,388,368,423,413,406,528,610,488,533,614,481,453,481,429,388,435,377,358,353,361,357,341,489,403,381,369,334,391,379,360,353,468,419,388,486,506,417,383,366,344,488,416,442,484,467,404,435,437,429,368,354,330,323,319,325,367,323,321,313,304,328,328,383,413,385,357,373,358,351,384,342,310,368,413,361,347,386,517,437,405,395,346,332,317,302,362,302,267,289,297,297,269,323,356,341,321,382,368,410,390,372,358,320,348,372,361,359,366,366,516,411,460,425,398,367,407,366,367,320,363,366,337,327,323,352,357,325,292,311,304,317,325,337,351,358,325,315,292,323,303,330,310,298,288,337,291,447,356,424,389,384,396,382,328,308,334,326,305,318,303,320,300,293,338,296,475,395,530,643,581,487,438,446,407,376,384,336,326,387,385,357,369,312,314,]
454,1,4,with_set,0.25,28,28,201,362,loop_limit,[746,521,543,521,632,561,523,478,443,478,424,450,424,465,399,374,336,297,400,374,359,340,323,326,320,353,375,376,340,358,313,335,303,320,369,329,286,303,300,307,310,299,312,303,317,324,322,305,291,277,318,322,307,337,293,434,420,432,349,397,362,397,362,301,372,379,381,385,379,376,384,384,361,348,320,302,305,290,324,327,355,303,332,345,352,379,525,577,477,493,532,468,381,349,426,426,424,407,411,407,382,500,432,405,362,333,349,340,315,304,348,316,354,363,357,308,327,294,278,304,288,282,280,287,301,294,291,314,334,352,333,350,330,370,373,351,349,347,383,337,339,291,333,334,348,321,343,333,327,339,305,300,308,316,308,317,297,311,283,297,413,365,321,313,349,357,330,288,293,306,287,347,366,352,319,340,322,381,528,431,385,356,353,372,330,310,284,311,430,369,349,343,368,342,334,298,371,362,414,387,362,]
454,1,8,with_set,0.01,1,1,201,454,loop_limit,[746,522,430,466,430,463,404,393,436,396,590,493,480,417,457,373,358,432,392,375,367,336,358,324,302,319,336,324,317,639,454,430,374,337,401,371,367,367,347,355,331,302,315,282,273,327,484,394,353,365,371,340,338,362,373,361,366,341,317,324,367,324,338,319,320,285,314,315,340,364,316,362,361,348,360,334,344,308,355,308,277,348,335,518,508,432,390,368,379,330,512,417,426,361,338,316,299,348,495,416,358,344,362,326,332,363,387,347,417,446,414,431,387,382,347,326,334,313,344,369,372,348,373,347,659,481,403,352,316,322,287,344,330,360,340,342,332,352,331,338,317,323,304,396,470,430,465,397,536,473,423,375,433,364,339,349,299,309,403,373,362,344,317,325,478,398,366,430,394,381,356,367,330,387,352,373,357,341,335,629,531,432,415,446,426,492,454,383,374,327,341,335,323,319,333,313,324,309,293,588,454,]
454,1,8,with_set,0.05,5,5,201,529,loop_limit,[746,566,450,523,465,397,525,461,416,474,456,413,390,328,360,338,399,495,458,425,707,538,453,411,371,351,341,366,382,379,406,374,360,338,320,301,316,328,304,340,341,334,315,318,324,363,332,334,297,305,306,304,306,293,317,341,419,386,344,323,325,312,324,325,298,370,326,321,292,321,317,318,294,324,314,344,359,674,553,435,428,414,381,363,418,403,372,401,364,351,367,362,377,370,303,319,324,350,315,323,319,558,439,482,412,413,456,409,394,339,398,376,357,332,341,351,309,347,328,339,354,324,303,311,294,308,294,312,322,305,291,316,326,336,492,429,542,465,497,698,560,737,542,561,470,480,453,409,370,411,413,598,466,721,554,479,400,384,323,326,324,341,311,346,519,560,500,467,565,441,413,401,564,442,401,352,318,324,416,417,714,536,618,489,490,489,438,423,394,350,361,346,341,352,348,434,405,363,367,339,529,]
454,1,8,with_set,0.1,11,11,201,440,loop_limit,[746,566,481,413,327,653,545,454,392,366,343,398,381,359,364,349,303,312,592,470,423,528,470,406,399,653,505,449,405,395,396,626,483,424,396,363,490,397,358,371,362,335,347,380,371,311,396,383,313,323,320,334,305,320,378,364,695,513,488,703,531,440,711,546,470,478,430,382,403,477,561,438,397,357,430,421,431,377,336,344,329,329,318,296,284,306,324,273,305,321,346,359,305,317,290,291,299,305,315,294,321,296,314,333,332,305,322,336,332,328,352,353,365,330,319,325,322,309,307,309,623,656,524,736,585,477,396,375,380,468,435,379,453,425,389,391,363,340,331,299,394,382,365,328,301,291,339,351,530,440,400,372,388,464,400,351,312,420,368,346,292,291,328,650,737,567,493,395,392,703,526,436,421,470,447,416,470,393,324,405,370,466,417,434,404,388,372,405,404,357,318,409,392,370,378,360,643,498,447,429,440,]
454,1,8,with_set,0.25,28,28,201,376,loop_limit,[746,530,483,417,466,401,401,388,344,347,521,421,405,459,386,425,388,365,365,320,317,344,335,382,378,323,308,326,370,326,300,299,279,285,330,358,325,304,522,431,372,374,377,336,354,322,323,296,290,268,266,285,556,434,481,390,677,490,444,388,425,399,377,355,307,348,519,405,348,321,287,324,299,279,341,345,322,546,410,374,337,332,320,300,281,286,277,333,479,394,333,321,271,300,335,324,317,301,306,300,324,317,297,317,291,296,281,318,304,295,366,321,283,350,283,295,320,330,297,544,443,511,454,417,373,683,721,521,463,423,407,357,354,325,414,367,322,324,302,289,340,327,389,374,377,428,429,430,397,370,365,319,356,424,404,388,346,579,460,402,345,359,357,320,342,321,316,334,302,311,301,330,306,350,346,299,313,324,634,479,582,459,423,423,410,404,398,392,401,366,350,355,344,327,340,316,334,297,308,315,376,]
454,1,16,with_set,0.01,1,1,201,343,loop_limit,[746,512,727,549,482,422,371,339,299,360,330,361,337,329,393,415,668,519,470,399,693,661,526,450,716,519,466,734,539,416,428,376,338,313,306,290,311,312,556,425,413,400,360,353,369,319,309,308,323,314,535,751,575,450,375,436,424,708,545,583,596,487,536,453,394,388,381,346,376,382,645,758,548,431,483,418,500,410,375,411,396,390,436,758,519,447,398,385,366,328,335,328,270,316,313,308,278,297,460,379,398,382,345,351,327,342,315,607,494,441,395,377,567,449,474,448,397,388,336,331,547,450,415,375,389,689,515,412,385,432,432,451,437,691,534,533,483,496,454,436,454,397,343,348,358,758,746,693,538,512,460,418,475,416,405,402,384,379,371,662,519,758,571,485,746,693,555,466,406,340,419,405,381,375,363,318,333,358,372,335,402,353,318,370,367,346,333,302,273,329,335,353,318,614,518,406,684,481,410,398,343,]
454,1,16,with_set,0.05,5,5,201,462,loop_limit,[746,758,548,495,428,351,438,484,461,413,402,684,544,466,516,425,403,299,317,339,333,334,363,370,351,337,340,328,336,327,329,354,622,604,495,415,406,390,351,323,310,313,336,351,360,381,432,712,481,403,409,356,356,355,351,348,622,615,502,456,403,357,331,312,346,366,352,333,337,336,322,337,307,330,307,322,314,355,395,364,365,374,365,351,398,342,348,333,393,354,599,750,564,758,675,521,436,399,736,549,509,493,483,417,394,376,367,680,523,506,728,740,551,472,419,343,350,328,300,297,307,317,306,279,292,279,506,427,403,400,361,417,377,357,665,503,548,468,438,411,383,357,673,483,727,541,430,696,532,753,550,469,417,748,543,460,437,459,398,437,515,427,386,343,363,369,380,628,487,443,746,530,448,403,382,339,357,325,333,321,351,366,353,293,332,301,328,746,515,548,428,389,389,362,426,758,571,551,727,511,462,]
454,1,16,with_set,0.1,11,11,201,326,loop_limit,[746,543,419,391,439,372,430,388,365,403,395,364,364,344,353,304,312,587,454,387,369,353,326,611,490,397,377,353,369,335,307,368,746,566,450,408,355,342,325,329,334,305,378,745,549,452,511,428,489,435,402,464,402,369,410,381,378,698,514,457,460,432,365,640,746,522,475,425,385,365,629,517,520,517,520,427,450,409,325,357,630,620,509,400,394,336,342,335,402,376,357,634,517,492,457,408,729,540,566,758,746,558,557,470,436,399,390,358,421,365,423,376,363,337,339,632,484,424,421,384,348,384,659,623,470,403,389,758,746,682,546,455,746,530,546,488,436,403,723,758,519,443,706,503,465,418,401,371,428,398,379,352,672,534,536,439,474,412,397,423,411,404,405,371,379,337,322,585,484,418,395,683,677,525,462,385,355,328,373,363,354,342,334,321,316,323,373,323,633,527,465,427,414,371,625,520,449,415,360,330,326,]
454,1,16,with_set,0.25,28,28,201,578,loop_limit,[746,521,448,414,746,543,476,758,746,522,465,740,557,445,440,450,481,481,472,484,426,361,347,364,374,395,360,326,323,332,746,672,533,742,693,516,741,542,468,405,685,514,746,530,565,507,489,407,375,511,567,464,408,417,707,511,424,425,377,359,362,337,319,280,282,273,261,280,271,277,277,283,453,338,499,677,521,432,400,396,442,411,380,405,394,415,387,358,395,411,702,530,550,454,484,417,477,414,389,391,369,374,365,335,704,476,445,758,560,452,485,443,412,686,721,502,699,735,552,521,729,758,565,569,481,442,650,650,498,729,741,753,674,497,423,457,369,369,375,332,321,330,338,378,336,411,381,320,334,349,346,368,400,758,565,758,571,758,707,516,532,552,440,410,385,396,374,393,368,348,337,333,326,340,330,651,467,370,364,412,396,333,351,359,355,362,380,356,327,281,259,294,296,282,294,337,330,316,613,758,578,]
454,2,1,with_set,0.01,2,2,201,21,loop_limit,[746,346,214,132,103,103,76,48,21,17,22,13,20,15,15,7,13,13,9,8,15,8,12,8,11,17,12,10,11,12,16,12,17,15,18,15,19,12,14,9,12,4,12,8,9,13,15,12,10,5,11,12,21,18,22,16,11,9,13,12,16,16,16,15,9,10,9,10,14,9,9,10,8,6,8,7,9,9,15,11,16,17,10,10,11,9,9,9,9,7,10,12,20,13,13,9,15,8,13,7,8,5,8,10,10,9,16,18,17,15,24,22,27,15,18,9,9,8,9,4,6,11,12,8,9,11,15,11,10,18,11,12,16,15,10,11,11,6,13,15,14,19,18,15,13,10,7,3,8,7,9,13,14,13,18,9,15,15,13,19,16,12,16,10,10,8,15,4,7,7,12,6,6,8,8,8,8,10,10,15,17,13,19,13,19,8,7,5,10,4,9,7,11,7,8,12,22,16,21,18,21,]
454,2,2,with_set,0.01,2,2,201,8,loop_limit,[746,364,234,108,62,39,25,9,8,8,13,13,16,18,17,21,19,14,14,9,10,6,8,10,13,11,16,15,14,10,15,10,18,8,10,9,10,6,9,8,7,8,9,5,8,8,9,8,13,7,6,8,9,6,9,7,8,5,7,8,13,9,12,6,8,5,8,12,15,18,26,10,14,5,7,8,7,8,8,4,8,12,8,5,8,12,11,10,13,14,13,12,18,20,15,22,20,6,14,8,10,8,10,12,10,10,8,5,7,7,7,8,9,4,10,5,11,14,14,8,10,10,7,18,21,21,31,21,20,21,12,21,24,12,17,14,17,15,12,10,14,10,15,14,15,8,12,6,11,11,14,11,21,11,10,15,13,8,7,9,6,7,8,6,10,7,6,3,8,10,12,9,8,14,14,14,14,12,15,11,13,13,11,13,13,6,14,12,12,9,15,8,10,7,8,7,12,11,14,16,8,]
454,2,4,with_set,0.01,2,2,201,17,loop_limit,[746,335,193,109,137,88,66,46,49,34,18,16,15,7,10,8,12,7,10,8,13,9,10,9,11,9,16,15,19,11,14,13,18,28,26,18,25,24,20,8,10,11,17,12,20,16,19,25,15,17,18,15,18,8,8,8,12,11,17,19,17,11,11,14,13,11,10,15,11,6,7,7,7,10,16,17,19,8,14,10,14,15,12,8,11,8,15,10,13,16,20,15,21,27,26,25,26,25,23,29,27,15,18,10,12,10,10,11,16,22,27,25,24,16,24,16,11,9,8,4,7,5,9,9,10,6,16,12,21,14,11,10,14,12,18,21,26,11,13,15,13,6,7,7,13,8,14,9,11,8,13,9,10,7,12,14,18,11,15,14,11,9,10,11,10,8,13,9,9,4,10,7,9,5,11,7,15,10,17,11,12,11,12,17,18,11,13,13,18,26,26,20,19,13,9,9,8,4,13,9,17,]
454,2,8,with_set,0.01,2,2,201,18,loop_limit,[746,374,227,133,156,104,83,64,56,39,28,23,22,21,18,18,16,19,16,15,13,13,10,17,17,8,10,11,15,13,16,15,14,20,12,14,12,7,9,10,11,12,18,19,18,22,18,16,11,9,15,6,9,4,7,6,9,9,9,13,14,14,19,18,18,18,16,13,9,16,9,7,7,3,7,7,9,7,7,9,6,8,7,8,9,6,8,5,11,12,13,11,9,11,9,9,8,5,7,6,9,7,13,7,10,9,13,11,11,16,20,20,19,11,13,10,9,14,17,17,18,12,15,19,15,9,9,11,14,12,14,12,14,16,16,8,11,11,14,11,11,6,8,10,9,8,8,6,10,12,8,12,9,13,12,9,13,12,12,8,10,8,11,8,15,18,18,15,15,15,18,9,10,10,9,8,9,10,21,17,16,9,7,8,8,10,12,11,12,9,10,8,11,15,19,16,17,18,17,23,18,]
454,2,16,with_set,0.01,2,2,201,18,loop_limit,[746,346,214,139,162,139,111,57,50,39,36,37,17,13,10,11,15,13,16,21,19,16,17,13,13,11,10,10,11,18,16,14,23,19,17,15,28,24,30,16,12,11,21,9,10,11,16,9,9,8,7,8,6,8,7,5,7,5,6,7,11,8,8,6,10,6,8,8,8,10,13,7,7,8,11,10,11,10,13,7,11,9,15,4,11,11,13,11,10,8,17,13,17,16,12,18,13,27,13,10,14,11,19,16,14,13,13,10,13,9,13,16,16,14,19,25,19,14,19,9,15,17,12,27,28,18,19,23,17,17,17,9,12,10,14,12,14,12,11,13,16,18,20,21,23,36,32,32,28,25,21,20,17,14,14,6,8,3,6,8,9,6,11,8,14,7,10,9,16,8,14,10,16,10,12,8,10,7,12,9,12,17,22,17,17,18,13,21,14,5,7,9,13,8,15,6,11,8,11,11,18,]
460,1,1,with_set,0.01,1,1,201,7,loop_limit,[371,62,48,13,11,8,7,5,7,6,10,6,8,9,13,7,7,7,7,7,14,6,11,8,10,7,9,6,7,8,8,8,11,8,11,7,11,6,10,5,7,6,7,8,7,5,7,5,9,7,11,10,15,7,13,6,7,6,7,5,7,6,9,5,7,5,6,8,11,11,9,7,11,8,10,8,9,9,8,5,7,8,8,5,7,7,12,6,6,5,7,9,12,5,9,5,7,5,9,5,10,6,9,6,10,7,11,7,9,7,9,8,9,5,7,8,10,7,9,6,10,6,10,6,7,8,6,6,10,6,9,7,8,10,11,11,15,11,10,5,6,8,11,6,6,8,6,5,7,8,11,6,7,7,8,9,11,7,8,6,7,8,11,6,8,6,9,7,8,5,6,6,8,6,13,5,9,8,9,8,13,8,10,5,9,9,11,8,9,6,8,9,11,7,9,5,10,5,10,7,7,]
460,1,2,with_set,0.01,1,1,201,9,loop_limit,[371,55,35,11,8,7,9,5,7,8,11,9,8,8,11,10,13,11,11,8,13,6,7,6,11,7,10,5,6,5,7,6,12,8,9,6,9,5,7,6,9,9,11,9,8,5,6,6,10,8,7,5,7,5,9,5,7,5,7,5,10,5,9,7,9,5,7,6,10,6,6,8,7,8,10,7,11,5,7,6,7,5,7,5,7,6,11,6,7,5,6,6,7,9,8,6,8,6,12,8,10,8,8,7,7,6,10,9,8,7,12,8,11,6,12,7,10,5,7,8,7,8,8,9,11,6,10,6,7,5,7,6,7,8,8,8,11,6,10,6,9,8,9,8,7,5,10,5,9,5,7,6,9,6,8,7,11,6,7,5,7,7,9,6,10,6,11,7,13,7,9,5,7,6,9,5,9,5,7,6,10,9,9,9,8,7,7,7,10,5,7,5,7,5,9,6,8,5,9,5,9,]
460,1,8,with_set,0.01,1,1,201,7,loop_limit,[371,61,36,11,9,12,15,9,12,6,13,7,8,7,10,8,11,5,7,8,9,7,12,8,13,8,17,10,12,6,6,9,10,6,6,6,10,5,6,6,7,6,8,8,19,6,7,5,9,5,9,7,8,6,7,5,7,5,7,6,9,9,8,5,9,5,10,8,11,9,15,6,10,8,10,5,9,5,7,6,9,7,7,5,7,5,7,8,9,6,10,5,8,5,9,10,10,8,8,6,12,11,10,7,8,7,11,8,8,8,11,7,8,7,8,6,10,7,11,5,9,7,13,9,8,9,8,8,8,6,7,5,9,5,7,8,11,6,11,8,8,6,9,5,9,5,7,6,9,5,9,5,6,6,10,5,7,5,10,7,9,6,9,7,9,5,7,5,6,8,11,9,9,5,9,10,11,7,10,8,12,6,11,5,10,5,6,6,11,6,10,5,6,8,11,7,11,10,10,6,7,]
460,1,16,with_set,0.01,1,1,201,6,loop_limit,[371,59,93,17,15,7,9,6,10,8,11,8,9,8,10,9,10,6,7,6,10,8,9,7,10,8,12,5,7,6,6,6,6,6,7,5,6,8,7,6,7,8,11,6,7,5,7,5,7,6,8,5,9,5,7,7,8,6,8,5,9,5,7,5,7,6,8,6,9,7,8,5,7,6,10,9,7,6,10,7,7,5,7,5,10,6,12,6,6,5,7,8,26,9,12,8,10,5,7,6,10,6,10,9,8,7,10,6,10,7,9,6,9,6,10,8,21,9,6,5,6,6,7,5,6,6,9,5,9,6,11,6,10,5,9,5,9,9,12,6,9,5,9,10,14,6,8,8,9,5,7,8,10,8,7,5,9,5,7,6,10,6,10,5,6,5,7,8,7,5,6,6,7,7,8,5,10,8,11,11,9,5,7,8,11,9,6,6,7,5,10,8,10,7,8,8,7,8,8,5,6,]
460,2,8,with_set,0.01,2,2,201,5,loop_limit,[371,29,15,4,7,5,6,5,6,4,5,4,3,5,7,4,5,5,5,6,4,4,3,4,5,5,7,6,4,4,3,6,3,6,7,6,3,6,5,5,7,4,5,4,5,5,6,4,7,5,3,4,7,4,5,4,7,4,5,4,5,5,6,5,6,6,3,4,3,4,5,4,4,5,5,6,4,4,5,5,6,4,3,4,3,6,5,4,5,4,5,7,7,4,5,4,7,4,7,4,3,6,6,5,7,6,5,4,3,5,3,5,3,4,3,5,5,4,3,4,4,5,6,4,5,5,5,4,3,5,6,4,6,4,3,6,6,4,5,5,3,4,4,4,5,4,5,7,4,4,4,5,5,5,3,4,6,4,3,6,5,4,6,4,3,4,4,5,3,4,5,4,3,4,3,5,6,6,7,5,4,5,5,4,3,5,6,5,7,4,3,5,3,5,6,5,3,6,5,4,5,]
460,2,16,with_set,0.01,2,2,201,6,loop_limit,[371,108,36,11,3,4,7,4,3,5,3,4,5,7,4,7,4,4,6,4,4,4,6,4,5,4,3,6,6,4,5,4,4,7,4,7,5,4,3,5,7,5,3,4,6,4,3,4,6,4,3,5,3,4,3,5,6,6,7,7,3,4,4,5,6,4,3,4,5,4,4,4,5,4,3,6,5,4,7,4,6,5,5,4,4,4,3,6,4,7,4,4,7,4,3,4,3,4,5,4,3,4,5,4,5,4,3,4,3,4,4,7,7,4,6,5,6,4,5,7,7,4,7,5,6,4,3,5,5,6,5,4,4,7,6,5,7,5,7,4,3,5,5,7,8,4,3,5,3,6,4,4,3,4,5,4,5,5,7,4,4,5,6,4,5,4,5,4,3,4,3,4,6,4,3,4,5,5,5,5,5,4,6,4,3,4,3,4,5,4,6,6,7,4,7,5,5,4,3,5,6,]
469,1,16,with_set,0.01,1,1,201,2,loop_limit,[111,38,11,5,4,6,3,3,4,3,2,3,2,4,3,3,2,4,2,3,4,5,3,4,4,7,4,4,3,4,2,3,2,2,2,2,2,4,5,4,3,3,2,2,2,2,2,3,4,4,4,4,2,3,3,4,5,4,2,2,2,5,3,3,2,3,2,4,2,4,4,5,2,2,2,2,2,3,3,4,3,5,3,3,2,4,3,4,3,5,3,5,4,3,2,2,2,4,3,4,2,2,2,3,2,5,3,4,2,3,2,5,3,6,3,3,3,4,4,5,2,3,3,2,2,5,3,5,4,6,5,7,3,3,2,5,3,4,3,3,4,3,4,6,3,4,2,5,4,4,3,5,2,3,2,3,2,4,3,5,4,5,4,3,5,3,4,12,3,3,2,5,3,3,3,4,4,2,2,3,3,5,5,5,3,3,3,4,3,4,4,5,2,2,2,2,2,3,2,2,2,]
474,1,2,with_set,0.01,1,1,201,4,loop_limit,[149,45,11,16,10,15,9,12,6,13,6,10,5,12,4,10,5,10,4,10,5,11,7,12,4,11,4,9,6,11,4,12,5,11,4,11,4,11,5,10,4,12,4,9,4,9,5,11,7,10,4,9,4,12,5,10,5,12,5,11,7,13,5,9,5,11,6,10,4,11,4,11,4,9,4,11,4,9,5,9,6,13,6,11,4,11,6,9,5,11,5,9,5,11,4,12,5,9,5,9,4,9,5,9,5,11,4,9,4,11,5,10,4,9,6,9,4,11,4,12,5,9,4,10,5,11,7,11,6,11,5,11,8,9,5,10,4,14,6,13,7,13,5,9,5,14,6,12,4,11,4,9,4,11,4,11,4,9,5,11,5,11,4,10,6,12,4,11,6,15,6,13,6,14,5,15,6,16,6,12,6,9,4,11,4,12,5,9,4,11,5,11,5,12,5,9,4,9,4,10,4,]
474,1,8,with_set,0.01,1,1,201,6,loop_limit,[149,74,14,22,5,12,4,9,5,11,6,9,5,11,5,9,4,9,4,9,5,11,4,11,4,11,5,9,4,9,4,9,5,9,4,12,4,11,4,11,6,10,5,11,4,9,6,12,5,10,6,9,5,12,5,11,4,9,5,16,5,11,7,13,6,13,6,11,4,10,6,14,4,11,5,9,4,10,5,9,4,9,4,9,5,11,4,10,6,9,6,9,5,9,4,9,5,9,4,9,5,11,6,12,4,9,4,11,5,13,6,11,4,12,5,11,6,15,5,14,4,9,4,9,6,9,5,12,5,11,4,10,4,12,6,12,5,11,5,9,4,9,5,9,4,11,4,12,6,12,6,10,4,11,5,9,6,11,6,15,6,12,4,9,5,11,5,11,6,10,4,9,4,9,4,10,5,12,4,9,4,11,5,9,4,10,5,9,5,10,4,11,4,9,5,9,6,12,6,9,6,]
479,1,2,with_set,0.01,1,1,201,4,loop_limit,[167,86,20,16,8,6,6,9,5,9,5,13,5,5,3,5,4,8,4,7,5,5,3,7,3,5,6,9,6,12,6,10,5,11,8,11,8,9,3,5,3,7,4,5,3,4,3,5,4,7,5,6,4,8,5,7,3,5,6,8,5,4,3,7,5,5,4,7,3,7,3,4,3,4,3,6,6,7,6,8,8,7,5,8,5,6,3,7,5,4,3,7,4,8,3,5,3,7,6,7,4,6,3,6,3,5,3,6,3,7,3,5,3,6,3,6,3,7,3,7,4,7,5,8,7,12,6,8,5,7,5,6,3,6,3,7,6,7,5,5,3,6,3,6,3,5,3,7,3,7,3,4,3,4,3,7,3,6,3,5,4,5,3,7,3,4,5,6,3,7,6,8,3,7,4,8,4,4,3,5,5,9,6,7,3,5,6,8,6,8,3,6,4,7,6,9,6,12,7,10,4,]
488,1,2,with_set,0.01,1,1,201,9,loop_limit,[282,72,32,16,14,8,5,5,10,4,6,7,9,6,7,4,6,4,5,4,6,6,5,7,5,5,6,4,5,4,6,4,6,8,8,11,8,6,7,6,6,7,8,6,4,4,5,6,8,7,5,7,5,7,10,5,7,4,7,9,10,5,8,6,7,7,6,4,6,7,11,7,12,8,5,6,7,6,7,7,6,6,5,4,6,7,6,6,6,7,7,9,9,8,10,6,9,4,7,11,9,7,7,7,6,6,5,8,6,6,8,7,7,6,10,9,8,9,9,11,5,7,8,9,10,5,4,6,6,9,9,8,10,9,5,6,5,6,8,7,6,13,13,15,8,10,9,8,8,4,4,6,5,8,5,7,7,9,6,4,5,4,4,6,7,11,6,8,8,4,7,11,9,9,9,6,7,7,5,4,10,10,14,11,8,11,8,8,7,7,7,8,7,10,9,8,6,6,6,6,9,]
488,1,4,with_set,0.01,1,1,201,9,loop_limit,[282,103,110,34,51,27,19,10,8,9,7,9,8,11,8,7,7,5,6,4,6,4,7,4,10,6,6,7,7,10,8,7,8,9,7,6,5,6,6,8,5,8,8,10,10,10,8,4,5,4,7,7,7,7,8,4,5,7,7,7,11,8,10,9,8,7,9,9,8,11,8,11,10,11,7,7,5,6,7,8,7,6,9,10,9,8,7,7,8,8,4,6,6,7,7,11,9,9,8,8,5,7,7,8,11,8,8,8,7,7,7,8,9,8,8,7,11,10,7,6,7,7,6,6,7,7,5,6,7,4,7,4,7,11,7,4,6,7,5,10,10,10,14,11,9,8,11,4,7,6,5,7,5,6,6,5,10,5,7,4,5,5,6,9,9,11,9,4,7,4,7,10,8,10,11,4,5,6,6,4,5,4,4,7,5,6,6,7,6,8,8,9,8,11,10,7,6,6,8,8,9,]
488,1,8,with_set,0.01,1,1,201,7,loop_limit,[282,105,53,22,16,11,7,6,6,6,4,6,5,5,5,7,6,6,5,8,8,7,7,6,10,8,8,11,6,6,5,4,4,4,5,6,6,6,10,8,7,6,8,9,8,14,13,12,9,7,6,8,5,8,8,6,5,7,11,13,6,11,7,6,10,8,6,7,5,4,7,7,7,5,4,7,8,9,7,9,9,5,4,6,7,6,5,7,10,6,7,9,9,8,10,11,10,11,9,11,8,7,8,6,7,5,5,4,7,8,7,8,7,6,6,7,10,11,10,4,10,6,5,5,5,7,8,9,8,8,7,9,5,7,7,6,6,9,10,11,11,11,5,8,10,5,7,8,11,6,7,6,5,7,6,7,7,11,10,6,6,7,8,4,7,4,7,4,6,7,7,7,7,6,5,9,7,6,8,7,5,6,5,7,8,9,8,9,6,7,7,7,6,6,5,6,5,4,6,6,7,]
489,1,4,with_set,0.01,1,1,201,5,loop_limit,[210,28,19,7,10,4,8,2,4,3,5,4,8,6,6,6,5,3,5,2,5,3,5,2,4,3,5,3,4,4,4,3,5,4,4,2,3,3,6,4,5,2,5,2,5,3,3,2,4,4,5,2,4,2,3,2,5,2,4,3,4,3,5,3,7,3,5,3,4,3,4,3,5,3,7,3,6,6,7,3,5,2,3,4,8,3,3,3,4,2,3,4,4,3,7,3,6,4,5,4,6,4,4,2,4,2,3,3,4,3,5,4,5,4,6,3,4,2,5,4,6,2,3,2,3,2,4,3,4,3,3,2,3,2,5,5,5,4,4,2,5,3,5,4,4,3,4,2,7,6,4,2,5,2,4,2,7,3,7,3,6,3,4,6,5,5,5,5,4,3,5,2,4,2,5,3,4,3,4,3,5,4,7,7,7,3,7,7,4,4,5,4,8,3,6,6,5,6,4,3,5,]
493,1,1,with_set,0.01,1,1,201,102,loop_limit,[417,487,217,299,226,354,226,329,167,249,131,248,169,242,147,238,114,191,110,201,125,227,139,227,154,205,111,169,98,149,99,152,100,172,137,240,132,197,149,229,159,229,133,214,134,212,145,230,117,177,111,167,113,189,105,198,125,242,129,227,111,177,106,172,96,180,108,181,99,176,122,175,103,140,80,165,81,134,77,141,103,156,93,136,98,155,92,164,102,159,81,147,96,160,113,164,104,166,103,146,82,148,103,136,89,150,76,127,76,128,85,115,70,128,77,145,101,150,81,144,96,188,101,161,93,154,86,172,87,155,92,146,96,164,107,158,85,132,93,145,96,140,67,129,79,125,101,167,79,125,65,97,69,126,70,103,65,130,76,145,72,133,91,142,81,145,86,131,92,172,83,139,89,161,99,168,123,192,106,189,99,183,99,175,105,162,96,143,89,135,104,186,105,183,114,168,107,170,120,184,102,]
493,1,1,with_set,0.05,5,5,201,88,loop_limit,[417,468,236,347,161,253,132,215,115,209,155,234,143,244,167,289,150,220,162,220,136,229,159,216,135,241,135,207,129,207,140,232,120,247,159,222,167,255,153,250,165,260,183,271,159,234,142,211,121,215,121,197,136,234,132,200,101,171,105,197,131,186,156,233,140,191,116,186,128,218,120,194,120,171,106,189,125,193,143,193,130,202,112,192,134,209,134,201,112,197,123,192,132,199,148,229,150,261,119,209,139,217,140,205,151,225,127,206,127,208,113,161,98,185,117,191,124,173,118,220,126,197,110,165,104,190,110,183,120,221,110,183,117,182,107,170,119,195,123,197,117,179,90,151,123,196,118,172,109,182,109,167,93,162,112,196,130,206,125,205,109,192,124,206,104,197,122,215,119,214,130,203,143,202,130,197,154,241,138,249,175,249,154,199,142,204,163,239,136,180,136,242,131,185,103,173,113,163,102,158,88,]
493,1,1,with_set,0.1,11,11,201,96,loop_limit,[417,481,334,424,218,304,168,247,155,214,117,167,90,139,103,181,118,181,110,183,114,199,129,212,124,219,148,193,123,186,108,181,126,213,126,190,99,149,78,146,90,149,97,146,107,164,102,183,134,222,130,186,124,177,123,198,109,177,114,187,100,186,108,182,122,198,119,223,138,216,114,193,108,193,111,168,126,168,118,200,134,198,127,192,106,162,93,159,106,174,104,162,97,150,91,161,104,171,89,133,78,145,107,145,84,140,74,129,83,120,73,148,77,134,88,171,88,146,103,157,104,192,105,158,89,142,76,122,75,150,98,159,87,148,74,128,69,120,64,108,74,123,68,118,73,129,80,144,101,155,70,116,69,115,77,126,76,148,86,137,73,123,75,153,98,155,81,148,103,181,101,171,87,145,101,170,106,153,107,181,98,162,98,168,103,172,74,152,81,141,106,172,91,160,109,174,107,191,100,170,96,]
493,1,1,with_set,0.25,28,28,201,130,loop_limit,[417,468,235,325,186,246,174,243,165,248,197,249,128,200,125,221,128,206,147,248,149,233,140,218,119,179,124,199,142,226,125,229,126,179,100,174,92,147,81,145,101,177,88,130,78,147,89,155,106,178,106,164,79,127,69,127,74,156,102,196,119,192,93,158,104,158,98,178,99,157,109,175,102,160,92,178,117,164,89,154,107,181,112,183,126,206,125,199,138,223,109,177,107,162,88,129,87,161,86,161,95,163,92,154,104,150,91,136,104,187,102,181,103,176,105,181,116,182,124,221,122,166,119,209,148,184,136,196,124,191,113,197,104,136,105,157,100,179,129,159,109,171,132,208,141,223,154,220,133,224,142,182,120,195,125,218,150,235,141,233,125,162,104,190,99,159,126,159,126,175,137,221,142,198,113,187,123,223,134,227,119,201,125,198,119,205,122,148,92,156,98,158,93,156,107,171,107,160,117,179,130,]
493,1,2,with_set,0.01,1,1,201,84,loop_limit,[417,481,240,353,231,294,171,309,146,214,158,242,139,198,130,188,126,195,123,200,142,217,115,210,111,158,91,171,109,194,127,216,132,202,135,210,139,211,140,232,139,202,123,219,124,171,95,185,107,145,83,159,94,131,88,139,95,159,102,150,103,156,109,157,105,167,106,196,116,183,100,188,107,155,100,163,97,154,101,167,90,143,75,137,95,163,92,143,87,140,86,140,79,120,79,126,87,160,99,155,131,222,140,195,102,169,108,177,106,167,87,137,93,149,97,139,89,184,108,173,72,115,74,109,56,90,53,75,50,93,73,122,75,118,61,131,74,139,70,120,64,92,69,108,63,96,68,103,77,130,96,165,100,168,116,193,110,165,97,123,83,137,99,167,87,155,99,163,70,149,86,151,95,146,101,134,75,160,98,169,102,180,97,153,96,157,107,175,123,175,102,167,83,143,93,172,91,128,92,143,84,]
493,1,2,with_set,0.05,5,5,201,87,loop_limit,[417,521,216,326,170,262,174,257,150,235,158,247,138,225,122,200,110,157,115,171,131,207,132,209,121,201,121,193,109,183,114,179,111,177,118,185,119,177,97,152,99,142,86,169,82,146,91,140,80,150,93,144,85,170,95,168,106,190,95,149,114,179,130,188,124,186,111,168,90,167,92,169,92,138,82,147,86,161,92,152,101,163,92,146,102,142,91,160,84,165,109,144,88,137,103,197,122,191,128,198,107,180,137,199,152,199,100,129,81,137,96,150,78,153,88,148,98,148,106,175,129,175,94,160,102,188,81,120,97,169,108,179,99,152,93,149,94,157,102,142,88,165,107,194,114,203,105,160,108,159,87,141,74,147,75,140,89,141,79,150,95,154,119,167,129,211,134,183,133,221,113,210,163,230,143,229,126,236,160,251,147,215,111,191,97,156,86,137,109,180,120,202,130,207,146,186,120,178,112,190,87,]
493,1,2,with_set,0.1,11,11,201,87,loop_limit,[417,481,334,422,209,263,199,276,137,224,126,196,111,216,139,259,151,227,143,220,127,198,137,236,140,216,128,210,138,222,129,180,114,180,131,178,111,165,93,145,99,132,84,162,106,177,109,178,116,163,117,177,113,182,114,196,96,171,96,165,102,180,122,181,106,170,98,163,87,155,105,155,126,230,142,227,120,191,136,200,119,192,131,224,131,167,103,191,102,151,131,201,116,218,108,173,99,159,116,186,140,218,119,165,89,151,98,177,102,158,80,130,86,155,94,155,82,130,76,124,65,119,54,106,71,117,74,125,77,133,83,127,84,136,99,180,100,191,118,199,138,193,116,154,96,137,97,148,100,171,114,166,107,185,83,123,72,152,82,139,89,161,93,157,90,153,76,135,71,127,82,145,74,143,100,161,88,141,104,170,106,181,107,146,92,170,87,150,93,169,87,154,98,150,101,166,71,118,67,133,87,]
493,1,2,with_set,0.25,28,28,201,91,loop_limit,[417,486,205,346,189,238,143,220,135,208,121,168,79,132,69,123,69,139,88,144,104,178,93,154,98,166,96,172,92,141,83,140,89,150,90,168,98,194,120,171,99,164,106,180,122,204,121,208,141,220,164,258,155,225,129,182,117,206,116,185,95,149,84,147,114,147,88,111,112,111,57,115,71,129,81,120,70,124,66,144,87,134,109,180,136,223,119,227,149,226,111,190,106,162,106,171,92,182,123,204,130,217,117,184,130,184,101,181,101,190,92,162,109,187,108,160,106,171,102,154,108,163,109,177,97,142,84,122,76,118,82,141,90,160,81,156,92,155,86,169,95,147,95,169,98,191,103,198,100,180,112,196,114,160,113,178,103,190,118,181,100,168,113,201,98,153,78,136,87,162,104,180,96,181,114,179,115,161,101,197,112,173,121,209,118,234,119,194,110,207,126,221,131,208,124,175,109,168,99,164,91,]
493,1,4,with_set,0.01,1,1,201,113,loop_limit,[417,447,229,323,184,255,178,270,150,228,125,202,99,203,113,181,89,189,105,166,99,157,130,194,188,240,163,218,115,165,101,167,102,164,90,132,83,161,113,171,90,174,105,177,75,141,80,150,95,167,95,161,100,209,149,219,164,209,128,238,119,194,193,252,147,213,152,234,137,244,126,200,142,203,129,199,123,185,106,180,113,178,101,189,128,204,127,192,167,212,126,192,136,217,118,187,135,196,124,214,157,376,204,280,151,230,137,218,141,203,139,199,110,145,83,147,94,154,94,171,120,206,136,217,120,192,129,192,134,225,104,173,99,156,85,151,98,161,89,163,106,167,100,180,125,172,133,193,108,168,89,161,107,156,103,172,94,176,111,179,105,155,85,135,88,165,91,132,94,151,138,204,117,195,134,210,123,188,107,195,104,156,89,142,97,156,87,148,99,151,94,177,103,280,145,213,121,194,120,204,113,]
493,1,4,with_set,0.05,5,5,201,108,loop_limit,[417,486,229,364,160,242,129,198,230,330,147,219,217,291,137,228,120,155,117,187,100,189,137,242,215,300,160,261,116,205,144,223,157,228,150,257,154,221,121,193,120,185,130,231,185,269,145,225,110,276,140,242,187,265,143,210,115,219,117,287,192,304,189,258,147,212,161,207,124,201,110,210,98,159,99,201,100,170,116,172,105,193,117,189,107,162,100,152,95,157,94,155,100,148,95,160,108,236,129,203,112,178,140,213,118,181,109,197,145,214,123,180,131,273,135,195,145,231,133,194,117,158,91,150,106,148,82,127,78,182,96,159,96,172,103,179,126,193,151,240,111,158,98,185,123,284,125,219,148,219,118,178,112,190,108,174,125,202,133,189,117,175,109,181,105,181,115,204,114,168,105,176,96,140,85,160,98,184,117,187,124,213,116,207,116,187,98,157,94,132,94,175,80,150,101,187,130,204,123,175,108,]
493,1,4,with_set,0.1,11,11,201,115,loop_limit,[417,487,243,388,221,310,220,310,165,242,145,182,179,293,204,316,264,346,192,281,175,308,127,208,123,224,138,302,222,307,160,250,160,273,121,187,113,184,117,190,106,184,119,197,92,153,102,155,98,155,139,231,116,186,119,194,138,219,127,185,112,163,86,148,115,148,94,142,91,163,106,236,146,199,139,215,110,165,104,167,96,237,100,196,124,194,119,203,109,199,131,203,118,186,119,169,113,200,95,150,113,180,171,212,121,199,118,206,96,146,100,173,93,137,85,160,103,168,109,165,100,180,125,189,112,167,91,166,107,193,115,198,135,201,111,187,159,245,151,229,115,191,157,263,147,233,139,221,116,164,111,190,153,235,168,241,128,206,90,160,93,162,109,166,91,165,99,153,100,177,140,215,137,215,143,187,112,143,100,131,83,133,78,124,63,106,67,125,74,101,74,125,71,132,87,148,97,226,149,214,115,]
493,1,4,with_set,0.25,28,28,201,136,loop_limit,[417,486,346,430,201,270,148,209,129,212,188,250,148,313,182,260,164,286,194,301,196,292,150,259,192,277,157,213,152,231,213,284,164,223,130,221,185,337,192,271,190,273,166,259,138,228,125,208,138,202,153,235,144,230,138,185,105,247,134,193,152,234,178,280,157,247,135,218,140,205,130,216,126,211,128,218,150,233,135,202,117,228,143,222,171,254,153,228,127,205,127,183,101,148,79,130,120,199,114,258,158,224,163,355,180,227,135,225,117,173,88,162,87,149,83,164,97,162,110,170,101,170,104,286,164,271,129,218,111,177,119,185,123,193,136,246,146,224,148,205,106,213,127,241,125,239,109,156,95,232,130,218,134,205,132,219,141,213,128,213,107,159,135,188,114,194,128,205,115,161,145,243,205,305,177,278,169,253,162,232,158,206,117,233,142,216,169,241,198,253,149,339,175,286,150,248,145,206,156,236,136,]
493,1,8,with_set,0.01,1,1,201,103,loop_limit,[417,484,214,266,171,220,138,223,137,218,125,228,179,281,146,216,112,176,92,143,98,159,102,162,105,221,128,202,102,168,115,179,174,263,151,244,153,249,136,206,140,236,128,205,127,202,139,212,132,214,146,223,105,185,123,202,132,202,107,286,141,208,122,189,113,186,113,179,130,203,147,220,165,262,130,221,119,176,111,188,117,192,99,180,119,190,115,195,94,155,94,162,89,215,134,215,112,293,158,221,134,180,206,313,352,439,219,271,374,408,232,304,169,272,158,182,222,295,207,512,230,313,233,346,193,300,221,652,251,338,205,293,163,230,145,227,146,251,146,251,144,220,144,240,130,238,185,269,135,213,151,213,151,261,135,261,135,230,125,205,141,231,160,231,146,232,150,260,161,423,208,251,151,214,133,196,128,187,120,191,118,213,113,198,96,161,93,140,96,150,93,179,106,163,91,132,74,163,108,146,103,]
493,1,8,with_set,0.1,11,11,201,129,loop_limit,[417,481,333,773,314,401,233,635,264,363,186,280,200,287,165,230,108,201,135,225,125,203,106,166,104,179,114,247,171,224,136,226,152,265,136,211,113,178,120,179,130,209,144,209,146,195,125,213,129,187,106,168,108,168,102,190,108,182,114,199,121,199,114,175,123,297,145,218,133,212,136,368,190,273,146,215,161,214,119,190,118,212,116,187,111,180,176,269,163,243,329,411,222,312,158,244,130,214,121,216,127,191,117,187,118,193,122,192,137,184,106,177,111,218,120,208,132,177,136,220,128,193,92,242,144,195,127,346,150,205,120,300,179,252,142,216,139,234,147,220,118,190,118,210,126,197,121,227,148,238,131,215,163,210,126,187,117,195,119,216,121,203,137,237,131,220,114,180,105,169,102,159,94,169,113,195,115,186,108,145,150,341,140,242,135,220,128,220,146,221,160,215,148,219,129,198,102,176,122,203,129,]
493,1,8,with_set,0.25,28,28,201,115,loop_limit,[417,486,256,364,247,365,249,329,204,286,167,278,160,221,170,259,144,267,172,556,234,346,152,210,129,202,102,167,99,186,99,161,103,150,95,141,94,138,109,197,217,331,214,317,255,373,171,258,188,258,127,275,137,206,126,353,175,251,132,183,109,306,146,223,146,233,139,224,153,237,158,249,139,220,138,228,121,176,231,292,209,313,145,245,168,230,138,216,152,245,137,185,130,210,117,188,98,161,99,156,90,164,109,169,110,183,123,168,93,206,148,195,123,171,102,177,125,177,99,177,116,172,129,207,134,238,178,256,149,212,109,170,99,155,97,152,94,165,96,145,88,153,88,153,89,157,113,278,181,231,130,187,131,389,201,262,169,263,188,291,160,252,157,269,138,209,132,206,126,194,105,191,113,194,112,158,94,149,100,173,94,162,145,236,106,190,117,209,113,184,100,181,126,218,133,195,151,244,112,191,115,]
493,1,16,with_set,0.01,1,1,201,253,loop_limit,[417,486,417,569,330,429,221,469,234,546,264,336,192,265,142,233,150,239,140,222,123,227,117,188,131,166,103,439,231,264,156,285,156,237,138,186,132,216,153,214,137,203,133,189,112,186,137,197,114,505,226,275,216,326,172,233,141,257,133,214,139,231,129,199,126,509,201,295,145,268,137,199,100,141,118,194,107,161,91,129,85,126,72,129,96,146,87,144,94,139,86,139,98,159,105,150,132,195,94,378,163,221,120,220,117,165,103,175,139,197,133,175,103,161,99,165,111,171,82,151,75,153,98,149,106,154,91,152,76,142,92,137,100,137,79,120,145,209,124,171,100,164,97,138,90,166,364,393,193,266,147,196,146,254,171,696,293,393,250,353,191,250,135,502,197,307,184,262,159,271,144,236,130,196,151,271,129,240,417,468,236,352,243,292,154,230,140,202,155,212,124,563,293,390,208,285,203,710,269,358,253,]
493,1,16,with_set,0.05,5,5,201,385,loop_limit,[417,590,278,425,413,556,266,622,259,424,223,314,170,280,143,189,93,144,86,192,107,174,112,153,99,161,86,404,172,256,243,329,163,242,137,212,143,214,134,237,133,177,114,194,117,184,101,161,77,122,80,137,96,137,96,146,306,367,359,407,353,469,233,273,168,236,137,201,114,180,103,176,99,394,417,530,218,310,377,431,219,311,319,447,287,657,292,384,190,290,211,713,284,388,205,278,145,208,207,296,163,234,148,248,141,230,156,211,136,197,183,282,144,320,161,648,271,644,279,348,185,260,138,250,157,269,124,228,144,213,133,169,105,195,114,157,94,162,113,194,196,364,269,361,255,352,181,782,388,536,268,374,212,313,154,232,127,232,170,268,125,189,105,209,129,215,236,325,222,293,153,254,151,215,126,200,107,198,101,157,102,298,203,332,180,313,180,378,195,292,198,710,384,449,196,260,155,250,174,260,385,]
493,1,16,with_set,0.1,11,11,201,328,loop_limit,[417,486,205,308,334,441,245,292,157,230,273,365,211,297,154,227,120,184,132,203,185,231,141,220,119,603,210,286,156,246,138,231,133,201,105,216,119,200,130,558,243,331,170,248,172,302,174,239,157,251,152,662,310,406,247,339,165,237,156,256,157,241,132,201,107,163,124,181,184,261,383,518,232,312,347,462,287,384,188,337,190,258,150,216,216,314,185,356,190,311,190,257,264,380,248,319,167,320,176,256,139,206,118,162,122,213,116,189,116,182,90,155,91,170,67,139,81,130,72,120,95,148,107,137,88,143,84,130,306,667,282,346,371,438,308,387,191,275,155,247,371,426,240,335,212,312,159,260,260,335,407,477,198,269,310,423,202,304,159,226,137,211,217,306,167,245,152,224,156,222,158,229,128,182,126,531,299,360,179,251,150,234,120,219,139,229,134,238,148,235,125,227,124,220,136,224,130,242,401,473,328,]
493,1,16,with_set,0.25,28,28,201,417,loop_limit,[417,485,246,327,417,486,205,289,175,277,181,230,176,295,160,242,148,242,142,592,212,304,160,250,148,222,168,256,180,253,140,209,129,239,134,177,103,143,89,133,104,170,101,147,96,155,83,160,103,162,148,212,138,197,141,231,152,262,151,248,144,228,174,242,139,229,125,196,137,247,153,630,413,485,257,353,220,321,209,285,169,239,137,236,126,199,103,181,129,227,157,244,170,242,160,238,151,201,168,240,136,191,125,191,105,192,119,194,119,173,142,173,217,309,188,345,183,301,181,357,200,286,161,254,142,225,153,254,137,254,149,235,234,313,188,252,148,253,161,220,143,262,141,261,150,200,222,296,156,251,167,270,175,318,175,263,159,232,151,236,131,213,197,276,152,235,137,276,180,247,264,613,239,312,173,281,158,273,138,258,147,234,239,512,233,452,230,778,332,399,211,305,161,235,178,257,184,249,306,914,417,]
502,1,1,with_set,0.01,1,1,201,9,loop_limit,[251,52,27,27,19,10,10,7,5,4,5,3,3,3,3,3,9,4,9,4,3,4,5,4,5,4,6,5,6,3,5,4,7,7,9,7,7,5,8,5,10,7,11,8,11,5,8,4,7,5,6,7,5,6,3,4,5,3,5,4,7,6,10,7,11,6,7,3,3,4,5,7,4,4,3,4,5,3,5,7,11,7,7,5,5,6,6,4,6,5,3,4,9,5,5,4,5,4,7,3,6,5,7,3,6,7,10,5,11,7,10,5,5,7,13,12,9,6,9,3,3,7,8,5,8,7,5,3,3,3,5,4,6,7,10,5,6,7,5,3,5,4,5,3,5,7,11,14,13,8,11,5,6,5,5,4,6,3,6,7,11,5,5,4,4,8,8,7,11,6,5,4,6,3,3,4,3,6,5,4,4,3,3,3,5,4,6,5,9,5,9,4,4,4,3,4,5,4,5,6,9,]
502,1,2,with_set,0.01,1,1,201,7,loop_limit,[251,56,30,30,30,30,23,9,14,7,8,7,6,7,4,3,3,4,4,5,4,5,6,4,6,7,10,4,7,5,7,7,8,5,8,8,7,5,9,5,8,8,12,14,7,5,6,5,5,4,5,4,6,4,9,7,10,6,7,5,4,4,5,4,9,7,8,7,3,3,3,3,5,6,5,6,6,3,9,5,6,7,11,4,7,5,7,5,9,4,9,4,5,7,5,6,6,6,10,7,6,3,5,3,3,4,9,4,5,4,3,4,5,4,5,4,3,3,6,5,6,6,5,4,5,5,4,5,5,6,6,3,3,7,11,13,6,4,5,4,5,6,10,7,5,3,5,3,5,4,6,7,8,10,8,6,3,7,11,7,6,5,3,4,7,4,9,4,5,4,6,5,7,6,7,8,11,5,5,4,5,3,5,6,6,6,10,4,5,5,5,7,5,9,6,10,6,5,6,7,7,]
502,1,8,with_set,0.01,1,1,201,9,loop_limit,[251,64,70,20,10,9,5,7,12,13,10,9,8,13,13,13,7,6,6,7,4,5,8,10,3,7,11,5,12,6,12,6,8,5,7,5,9,9,10,3,3,4,6,4,6,5,9,4,7,5,9,3,3,8,4,3,3,3,6,7,3,4,3,5,6,5,6,6,10,4,5,3,5,4,4,4,6,7,10,13,4,3,6,3,6,3,3,6,9,3,3,4,7,8,8,5,8,5,11,5,8,5,8,6,8,7,7,3,5,4,5,3,3,7,4,3,5,7,3,4,5,3,5,3,5,4,12,5,11,4,4,6,10,7,10,4,5,7,10,7,8,7,11,6,3,3,5,3,5,4,5,7,4,7,11,12,6,4,5,5,9,5,7,6,5,4,5,6,3,4,3,4,5,6,3,7,5,6,6,5,5,3,5,3,3,4,5,7,3,7,8,7,5,4,5,6,12,5,5,3,9,]
514,1,1,with_set,0.01,1,1,201,1131,loop_limit,[1456,1044,1215,1017,1159,988,1148,944,1144,960,1177,980,1141,955,1156,949,1117,949,1131,1015,1167,971,1157,967,1149,953,1121,918,1131,949,1189,991,1161,931,1117,957,1156,937,1222,982,1146,954,1127,976,1135,942,1200,996,1171,961,1156,935,1109,938,1125,943,1154,982,1222,993,1221,1005,1131,946,1107,910,1138,940,1195,971,1141,944,1154,945,1147,980,1119,941,1149,992,1155,970,1143,969,1227,988,1187,975,1131,913,1137,959,1186,964,1118,945,1152,1006,1149,940,1115,894,1159,957,1208,943,1145,967,1139,966,1169,970,1166,989,1140,931,1151,984,1160,979,1160,949,1137,1003,1170,963,1153,937,1116,906,1136,949,1144,1004,1188,1005,1197,985,1184,971,1192,961,1185,952,1127,977,1141,980,1148,979,1157,988,1169,927,1094,950,1158,982,1227,987,1154,983,1169,937,1154,979,1205,930,1132,922,1144,982,1136,975,1149,953,1154,955,1175,947,1138,943,1134,974,1183,965,1158,953,1119,983,1119,941,1181,951,1231,932,1152,952,1155,946,1131,]
514,1,1,with_set,0.05,5,5,201,1201,loop_limit,[1456,1019,1177,981,1153,991,1151,947,1150,992,1186,1022,1170,977,1135,940,1152,975,1154,909,1171,971,1121,952,1125,967,1148,948,1197,992,1204,1006,1165,954,1169,954,1139,993,1162,952,1143,983,1144,953,1122,962,1133,967,1203,966,1141,954,1187,980,1174,980,1190,933,1130,959,1158,955,1174,991,1212,973,1158,953,1181,918,1171,961,1192,984,1173,966,1155,955,1120,917,1132,924,1209,977,1148,1011,1139,916,1118,961,1200,970,1160,981,1109,962,1136,979,1151,929,1124,963,1146,957,1196,986,1154,974,1193,1012,1128,957,1133,994,1176,987,1170,985,1160,998,1135,971,1105,979,1164,957,1220,974,1150,939,1155,935,1126,950,1139,940,1152,951,1152,979,1139,938,1174,964,1164,935,1225,935,1225,941,1165,996,1223,938,1154,978,1218,967,1186,967,1134,931,1135,950,1126,983,1157,981,1180,952,1167,974,1157,947,1138,975,1151,946,1219,986,1175,946,1230,1007,1150,978,1167,964,1175,975,1188,997,1230,986,1181,925,1128,989,1217,1004,1201,]
514,1,1,with_set,0.1,11,11,201,1195,loop_limit,[1456,1008,1163,955,1197,994,1169,935,1231,931,1152,937,1133,978,1216,976,1141,971,1174,944,1142,990,1164,947,1117,948,1188,957,1156,943,1162,956,1157,985,1180,983,1196,983,1182,985,1173,934,1115,954,1164,953,1149,959,1138,1007,1168,980,1228,988,1177,974,1135,918,1161,918,1147,975,1138,916,1143,966,1142,1001,1187,944,1100,939,1123,961,1190,983,1156,985,1138,889,1160,983,1152,942,1133,964,1129,959,1103,914,1107,939,1107,973,1156,954,1203,996,1197,978,1147,954,1184,976,1149,988,1223,964,1163,983,1165,954,1162,991,1145,1011,1145,974,1184,974,1177,963,1243,970,1159,950,1132,983,1186,972,1179,979,1146,920,1227,989,1152,972,1202,993,1121,994,1151,953,1194,973,1159,1015,1196,975,1158,975,1146,953,1150,976,1180,966,1138,1004,1163,932,1150,913,1094,939,1116,990,1144,928,1182,972,1150,977,1161,956,1149,911,1082,943,1147,937,1132,951,1193,972,1140,942,1143,974,1138,967,1170,997,1166,937,1230,998,1193,992,1195,]
514,1,1,with_set,0.25,28,28,201,1152,loop_limit,[1456,1029,1247,987,1140,968,1117,968,1134,966,1138,972,1154,970,1187,1003,1206,985,1150,953,1111,920,1093,967,1164,916,1139,975,1157,951,1184,930,1142,926,1148,940,1166,955,1145,971,1231,1004,1203,968,1147,937,1130,963,1145,930,1143,917,1164,961,1185,972,1190,1005,1193,918,1133,953,1224,984,1189,937,1157,978,1163,924,1165,987,1189,999,1222,980,1250,939,1136,955,1128,949,1183,979,1118,899,1103,975,1150,919,1148,983,1117,921,1136,945,1126,942,1115,967,1195,958,1184,953,1162,985,1150,986,1224,1001,1195,999,1163,948,1171,992,1197,992,1126,955,1193,950,1189,994,1210,995,1198,997,1221,982,1156,955,1147,914,1139,926,1163,935,1145,941,1204,962,1147,967,1106,889,1057,867,1123,970,1123,948,1136,923,1109,917,1179,965,1146,950,1131,973,1135,932,1148,948,1170,943,1115,939,1112,957,1127,969,1158,988,1167,965,1165,972,1196,937,1141,937,1138,974,1208,944,1161,987,1157,954,1160,958,1138,950,1155,993,1154,983,1152,]
514,1,2,with_set,0.01,1,1,201,1138,loop_limit,[1456,1008,1163,975,1222,975,1169,944,1159,1014,1156,937,1137,974,1138,971,1179,953,1128,970,1161,956,1147,1005,1201,974,1185,978,1204,978,1181,943,1130,961,1112,903,1114,919,1099,948,1110,959,1132,967,1205,1012,1159,965,1139,948,1120,989,1118,944,1118,949,1135,945,1126,994,1186,974,1127,971,1162,970,1204,979,1164,956,1123,968,1210,966,1205,932,1115,979,1149,984,1183,942,1149,980,1230,969,1143,973,1144,968,1148,930,1171,942,1177,973,1167,950,1155,996,1172,943,1171,944,1131,971,1135,932,1110,941,1125,1000,1202,969,1166,953,1121,958,1142,949,1133,986,1167,989,1152,970,1133,999,1156,998,1163,1017,1190,975,1169,1000,1173,940,1128,967,1142,947,1130,939,1138,919,1142,955,1136,989,1148,934,1138,936,1178,962,1122,901,1140,986,1222,986,1144,951,1124,970,1136,963,1205,937,1137,976,1172,983,1146,959,1163,990,1151,970,1141,959,1157,989,1158,926,1148,970,1144,962,1123,947,1149,980,1156,949,1117,948,1172,973,1138,]
514,1,2,with_set,0.05,5,5,201,1114,loop_limit,[1456,978,1152,991,1169,989,1144,947,1131,978,1162,978,1156,977,1228,988,1157,941,1134,923,1157,947,1148,948,1175,993,1175,958,1159,953,1123,958,1160,949,1142,976,1203,960,1159,982,1140,990,1132,954,1143,929,1150,951,1131,970,1218,983,1154,983,1192,977,1141,948,1109,935,1129,949,1122,944,1146,974,1236,988,1177,946,1119,888,1118,920,1123,924,1139,939,1127,967,1158,952,1164,961,1101,930,1105,995,1189,1003,1189,975,1170,978,1133,967,1127,930,1158,957,1144,967,1156,958,1155,992,1161,930,1229,972,1155,928,1162,970,1163,939,1137,925,1119,931,1132,942,1105,949,1190,959,1138,961,1139,907,1074,895,1111,949,1175,924,1126,984,1118,965,1117,993,1181,958,1142,971,1149,965,1192,957,1119,959,1142,964,1114,891,1103,947,1145,978,1168,958,1136,953,1111,957,1157,967,1137,936,1098,942,1179,967,1151,952,1110,912,1103,944,1118,953,1122,976,1166,919,1134,931,1140,969,1176,998,1135,953,1176,984,1164,914,1167,990,1114,]
514,1,2,with_set,0.1,11,11,201,1142,loop_limit,[1456,1029,1161,951,1207,980,1163,941,1116,979,1186,966,1137,964,1162,922,1127,975,1161,957,1152,957,1196,1009,1186,964,1208,993,1141,958,1153,935,1161,957,1207,986,1170,944,1136,972,1156,932,1140,909,1153,936,1129,911,1151,962,1107,934,1151,940,1143,978,1171,962,1203,978,1105,954,1202,998,1169,933,1170,965,1206,928,1152,967,1157,994,1191,989,1204,979,1157,939,1170,1003,1182,985,1236,980,1194,983,1158,986,1193,986,1142,956,1138,958,1108,959,1161,975,1168,998,1130,955,1138,930,1174,934,1142,978,1142,978,1151,953,1193,934,1117,941,1170,955,1174,972,1157,932,1110,959,1203,959,1142,987,1213,971,1251,983,1159,991,1221,964,1186,971,1168,944,1182,1000,1212,1013,1165,936,1157,973,1168,997,1154,945,1154,941,1212,1002,1140,955,1200,948,1106,961,1158,942,1205,981,1105,946,1147,1000,1158,938,1142,998,1142,951,1151,927,1196,961,1139,918,1169,960,1204,994,1160,943,1089,971,1159,953,1153,939,1201,997,1168,977,1142,]
514,1,2,with_set,0.25,28,28,201,1175,loop_limit,[1456,1019,1182,994,1174,974,1169,914,1116,961,1140,975,1129,921,1155,982,1126,964,1158,953,1119,916,1156,992,1210,974,1192,970,1165,946,1140,930,1189,970,1178,973,1179,968,1169,964,1159,952,1201,948,1139,930,1202,981,1196,952,1148,1008,1163,990,1160,964,1148,969,1183,951,1127,970,1114,959,1153,990,1146,991,1211,993,1198,950,1126,946,1122,954,1203,948,1211,961,1168,976,1157,978,1117,950,1130,944,1110,910,1110,961,1147,975,1181,953,1136,979,1132,939,1184,947,1137,946,1139,912,1116,921,1148,932,1156,983,1153,976,1142,942,1168,991,1142,950,1167,983,1127,949,1144,934,1201,965,1188,965,1145,915,1162,940,1109,922,1115,971,1175,945,1111,943,1134,997,1144,945,1121,929,1123,963,1184,989,1157,953,1199,1005,1167,944,1159,985,1156,942,1119,970,1150,946,1163,926,1177,996,1163,978,1182,928,1114,957,1152,934,1146,930,1131,933,1184,965,1126,958,1136,979,1135,942,1137,944,1149,941,1143,967,1174,943,1134,945,1175,]
514,1,4,with_set,0.01,1,1,201,1200,loop_limit,[1456,1044,1242,981,1119,985,1402,1005,1211,979,1339,1002,1147,956,1151,951,1123,1106,1203,976,1150,947,1129,1093,1195,956,1151,982,1379,986,1152,1113,1199,1033,1172,1123,1249,959,1150,955,1152,1104,1237,945,1339,1090,1192,1102,1179,951,1223,1002,1200,999,1165,997,1150,986,1166,993,1215,979,1164,952,1360,959,1109,988,1180,963,1348,1002,1147,954,1124,954,1126,970,1133,1096,1246,990,1154,989,1222,997,1159,1000,1170,957,1147,960,1311,1018,1437,1022,1161,951,1163,963,1154,936,1131,960,1156,955,1151,980,1194,949,1422,1037,1364,1027,1387,1032,1387,1110,1194,956,1151,951,1197,1081,1255,942,1157,937,1176,968,1429,1002,1152,980,1427,1018,1159,961,1197,961,1148,945,1148,945,1130,930,1098,969,1141,943,1145,991,1219,1108,1209,947,1213,992,1114,900,1067,969,1148,942,1148,974,1180,958,1215,997,1331,1021,1224,991,1181,950,1230,988,1185,981,1204,981,1144,941,1135,960,1311,961,1165,1015,1411,974,1147,942,1138,974,1123,1125,1208,978,1200,]
514,1,4,with_set,0.05,5,5,201,1132,loop_limit,[1456,1034,1144,1006,1194,1104,1190,977,1110,951,1153,955,1154,941,1135,950,1222,960,1355,1016,1186,942,1211,992,1139,948,1129,966,1129,1070,1221,1001,1154,958,1384,1111,1204,972,1203,1000,1137,948,1148,1101,1217,957,1150,941,1216,1092,1244,1115,1201,966,1133,938,1196,926,1198,962,1443,978,1157,956,1227,1008,1133,971,1146,979,1115,930,1144,930,1133,958,1145,949,1154,956,1169,981,1433,1040,1215,1121,1203,956,1346,1011,1169,1000,1223,1110,1230,984,1148,993,1210,969,1168,943,1118,940,1144,931,1109,959,1193,984,1193,977,1169,965,1139,929,1098,1111,1208,969,1157,937,1115,963,1214,978,1351,990,1183,972,1194,941,1144,978,1176,989,1124,1099,1240,991,1181,923,1188,987,1430,1033,1189,1106,1225,989,1157,1103,1185,1108,1197,968,1150,938,1295,993,1129,1123,1388,1034,1189,1005,1172,935,1128,967,1114,925,1120,1107,1179,1122,1187,968,1140,916,1120,947,1194,975,1180,932,1145,985,1425,1000,1263,999,1167,963,1123,963,1153,963,1162,918,1132,]
514,1,4,with_set,0.1,11,11,201,1146,loop_limit,[1456,1034,1203,958,1146,944,1149,967,1156,926,1417,1016,1157,944,1111,920,1136,930,1140,927,1135,951,1122,979,1162,965,1187,942,1142,916,1113,916,1339,1013,1164,985,1143,1001,1157,1113,1230,1012,1164,961,1125,962,1381,1023,1177,985,1191,937,1336,1020,1160,990,1221,987,1221,987,1155,970,1414,976,1200,971,1137,1108,1399,996,1154,951,1135,934,1174,1118,1236,990,1133,968,1212,943,1364,1110,1403,994,1245,995,1149,1012,1168,920,1112,959,1136,943,1201,1070,1239,1094,1227,1024,1157,984,1180,968,1133,940,1139,977,1123,969,1149,970,1185,981,1176,968,1338,984,1160,937,1135,929,1216,929,1147,918,1162,1087,1195,1003,1187,936,1180,984,1177,943,1132,929,1103,924,1141,941,1100,1059,1238,991,1160,1100,1240,1028,1177,962,1149,922,1172,965,1141,942,1116,948,1200,980,1166,950,1426,1003,1183,940,1128,928,1109,977,1152,970,1140,958,1133,957,1176,956,1322,1009,1171,974,1158,952,1118,937,1147,1084,1193,981,1151,951,1122,951,1135,955,1146,]
514,1,4,with_set,0.25,28,28,201,1173,loop_limit,[1456,1034,1172,965,1137,932,1329,953,1114,939,1128,968,1121,960,1187,1118,1250,1088,1190,971,1402,1028,1242,979,1161,992,1132,957,1130,941,1337,985,1168,942,1137,944,1129,925,1091,992,1145,981,1418,1025,1187,942,1119,1108,1173,981,1166,971,1159,956,1197,1101,1196,945,1378,1012,1239,986,1422,976,1373,1000,1178,1120,1251,958,1109,960,1158,989,1447,1006,1184,956,1151,989,1183,961,1162,949,1392,987,1160,1096,1189,947,1136,949,1148,917,1141,945,1187,1092,1255,992,1160,961,1146,979,1136,968,1132,936,1137,927,1223,941,1124,994,1160,967,1186,975,1170,984,1156,1012,1229,1109,1266,999,1182,1005,1159,958,1127,937,1150,986,1136,1066,1215,961,1178,923,1135,949,1123,944,1183,941,1209,965,1168,990,1150,1125,1243,973,1230,992,1192,981,1182,926,1155,967,1165,957,1187,1117,1381,1001,1153,926,1171,987,1233,982,1382,1013,1137,962,1349,987,1145,940,1162,940,1222,988,1158,946,1130,934,1217,1005,1146,970,1104,923,1205,959,1157,965,1173,]
514,1,8,with_set,0.01,1,1,201,1129,loop_limit,[1456,1054,1249,998,1451,1008,1206,972,1133,946,1137,937,1128,1005,1175,965,1138,1025,1456,1006,1181,958,1456,1006,1214,1113,1232,1125,1267,1125,1208,969,1200,962,1148,1000,1442,1026,1258,990,1158,991,1444,1013,1412,1001,1456,1006,1170,990,1158,1125,1456,1029,1243,989,1204,957,1225,967,1142,960,1161,981,1119,938,1148,985,1180,1125,1243,991,1183,945,1225,995,1161,1038,1213,1044,1213,972,1176,1033,1173,969,1201,1042,1153,961,1156,1125,1243,979,1181,967,1168,1120,1230,1015,1172,955,1456,1008,1176,1031,1202,1125,1243,1125,1267,1013,1206,982,1146,977,1146,1125,1187,982,1134,957,1241,991,1152,979,1218,988,1164,971,1226,1031,1258,966,1164,1125,1231,960,1132,949,1150,954,1214,935,1430,1085,1249,1032,1187,937,1099,939,1183,966,1129,920,1125,1125,1203,1034,1172,988,1144,956,1156,988,1136,1120,1257,1004,1181,960,1220,964,1210,1021,1233,964,1419,1037,1226,958,1223,991,1213,1121,1208,969,1166,1125,1203,1045,1456,1019,1192,975,1135,995,1135,940,1129,]
514,1,8,with_set,0.05,5,5,201,1173,loop_limit,[1456,1029,1275,966,1135,950,1456,1034,1276,997,1231,965,1168,940,1136,971,1221,950,1221,969,1272,959,1243,993,1442,1027,1161,946,1111,962,1223,1115,1456,1029,1288,1125,1208,979,1118,963,1435,1024,1197,973,1212,988,1152,1015,1170,976,1206,1125,1278,972,1149,1125,1253,959,1173,1029,1181,1071,1243,977,1137,1125,1206,968,1150,954,1187,984,1128,968,1146,943,1146,957,1201,1025,1231,997,1232,968,1456,978,1157,924,1133,940,1140,948,1127,960,1217,985,1124,1125,1231,1037,1256,1010,1162,959,1247,1125,1451,1004,1181,1016,1214,942,1185,972,1135,943,1456,1006,1181,1118,1242,963,1199,980,1191,1029,1156,942,1191,935,1447,1080,1220,1125,1267,1034,1233,1055,1189,973,1160,973,1157,975,1428,974,1152,1125,1267,999,1197,973,1195,941,1219,1007,1201,1125,1243,973,1139,904,1416,994,1167,987,1246,1053,1201,1061,1176,958,1152,975,1177,974,1244,985,1425,1016,1182,948,1143,924,1217,1009,1213,971,1251,994,1245,982,1150,949,1178,943,1164,924,1167,1039,1173,]
514,1,8,with_set,0.1,11,11,201,1430,loop_limit,[1456,1034,1204,969,1441,1026,1204,920,1200,951,1239,942,1150,986,1152,985,1162,987,1437,1034,1140,945,1440,1002,1266,997,1240,957,1142,939,1212,939,1105,971,1107,1125,1267,995,1146,974,1170,1125,1187,1019,1213,1072,1194,969,1411,1024,1167,918,1185,981,1202,944,1438,978,1157,998,1154,982,1185,1052,1456,1085,1225,1039,1198,950,1132,956,1200,964,1418,972,1168,939,1167,958,1232,1041,1218,987,1238,1043,1222,1115,1241,989,1161,953,1155,986,1172,928,1173,969,1154,945,1138,933,1216,1125,1267,994,1250,1001,1223,1013,1165,925,1150,948,1221,979,1182,926,1086,900,1112,1099,1178,982,1163,960,1424,1005,1180,1125,1203,1034,1203,958,1135,1009,1172,931,1142,1019,1204,978,1186,952,1149,981,1144,934,1145,949,1152,965,1129,959,1169,1125,1187,1022,1227,979,1156,981,1253,967,1224,990,1172,968,1124,1125,1208,979,1140,1125,1243,991,1201,1125,1267,989,1147,950,1197,950,1128,976,1241,1008,1151,958,1189,922,1127,909,1230,1006,1250,991,1175,959,1430,]
514,1,8,with_set,0.25,28,28,201,1201,loop_limit,[1456,1064,1456,1057,1226,985,1456,1125,1187,967,1253,971,1422,1027,1209,1000,1448,1047,1183,956,1456,1008,1190,1025,1190,944,1186,951,1159,936,1456,1006,1267,1054,1188,963,1150,954,1129,935,1212,996,1149,1008,1163,956,1160,959,1145,942,1155,987,1237,1002,1153,962,1200,1052,1148,960,1199,960,1124,953,1223,955,1224,996,1155,1125,1187,1019,1187,968,1172,968,1232,1043,1154,950,1119,980,1426,1081,1212,1012,1164,1109,1249,993,1170,937,1134,1125,1187,1013,1118,994,1202,1125,1206,978,1208,1040,1149,945,1219,962,1232,1050,1246,1125,1231,945,1168,1035,1230,987,1182,984,1144,1046,1165,998,1185,942,1160,954,1190,1002,1153,940,1132,1000,1117,962,1256,967,1442,1019,1456,1125,1306,1058,1444,1087,1456,1019,1187,967,1206,967,1193,972,1145,1125,1456,1008,1163,1029,1145,1036,1456,1008,1427,1004,1282,965,1174,960,1126,941,1163,1024,1185,954,1153,942,1202,998,1207,995,1153,1052,1187,1028,1203,962,1138,942,1156,970,1149,963,1189,1125,1253,1034,1189,969,1201,]
514,1,16,with_set,0.01,1,1,201,1200,loop_limit,[1456,1125,1206,1008,1163,916,1164,981,1149,931,1185,1002,1174,1125,1243,963,1456,1019,1196,1109,1234,1031,1142,992,1456,1125,1231,1009,1151,979,1208,1004,1445,1006,1159,958,1159,1125,1456,1125,1187,1019,1177,958,1242,1007,1202,1125,1243,1125,1456,1044,1456,1114,1228,1001,1131,1102,1234,973,1456,1008,1176,1125,1243,979,1177,1125,1231,990,1183,1125,1447,1041,1193,1071,1227,1125,1253,982,1207,952,1456,1034,1432,1125,1208,979,1128,954,1410,978,1208,1009,1414,1125,1253,1009,1456,1125,1208,949,1140,979,1163,995,1230,993,1194,938,1456,1077,1441,1007,1246,1125,1424,1073,1243,1125,1456,1125,1456,1008,1190,1025,1182,968,1175,1122,1456,1079,1203,1004,1456,1044,1257,1017,1187,967,1384,1038,1167,995,1439,1125,1432,1125,1430,1125,1456,1043,1261,941,1191,981,1243,972,1187,978,1110,960,1400,1029,1212,1125,1308,1125,1208,969,1137,912,1456,1008,1170,1019,1151,978,1127,964,1126,1003,1456,1125,1231,1001,1456,1125,1187,982,1456,1044,1225,1125,1208,1113,1420,971,1456,1006,1200,]
514,1,16,with_set,0.05,5,5,201,1200,loop_limit,[1456,1029,1456,1125,1253,970,1256,986,1164,1018,1197,1125,1297,958,1456,1034,1456,1006,1427,1004,1456,1125,1223,1125,1296,1125,1270,976,1182,982,1456,1029,1456,978,1157,980,1250,1115,1239,1036,1420,1015,1159,977,1223,982,1456,1125,1456,1044,1216,1125,1243,1125,1206,973,1142,928,1162,955,1252,1125,1279,1054,1155,979,1131,968,1177,976,1130,974,1367,1041,1197,987,1150,968,1419,1014,1206,1125,1206,1005,1179,1125,1431,1037,1423,1045,1421,1071,1284,1000,1159,1100,1262,1008,1275,1025,1221,985,1456,1044,1215,985,1148,1103,1180,967,1418,1003,1238,1125,1420,1125,1187,922,1137,956,1134,930,1187,1023,1187,1125,1456,1125,1315,1125,1208,1003,1130,916,1200,1026,1211,1125,1316,1046,1260,984,1456,1006,1184,1125,1267,989,1123,961,1163,1125,1208,950,1235,1125,1456,1034,1179,1125,1253,1009,1456,1019,1192,959,1456,1076,1194,1116,1206,973,1425,1005,1243,979,1168,1125,1267,973,1154,943,1456,1125,1328,1004,1160,985,1219,976,1213,997,1178,966,1207,981,1207,1125,1418,990,1200,]
514,1,16,with_set,0.1,11,11,201,1178,loop_limit,[1456,1006,1279,1125,1231,960,1152,1115,1180,978,1178,963,1122,967,1175,935,1165,962,1121,995,1159,996,1140,1125,1206,935,1140,984,1393,1034,1172,942,1186,963,1426,1125,1267,999,1428,1072,1456,1064,1184,1092,1302,1125,1206,978,1456,1044,1179,1014,1242,1125,1430,1034,1179,923,1172,984,1456,1044,1422,1090,1456,1019,1244,984,1205,967,1168,975,1171,1001,1418,1024,1242,989,1418,1030,1187,950,1456,1008,1456,1106,1202,981,1456,1125,1229,1019,1171,938,1174,1116,1264,983,1215,1125,1431,1125,1245,1125,1456,1125,1292,1046,1178,999,1133,955,1195,967,1456,1067,1419,1021,1145,1117,1456,1083,1192,971,1164,939,1179,1125,1206,1105,1449,978,1146,948,1436,1030,1187,963,1179,1008,1229,1014,1162,989,1161,956,1145,978,1157,963,1194,1125,1282,1125,1267,1007,1430,1038,1456,1029,1187,942,1456,1125,1255,947,1383,1076,1456,1034,1144,942,1166,985,1154,960,1408,1019,1155,1011,1195,1123,1230,1043,1456,1060,1202,1125,1187,1125,1187,978,1142,993,1125,984,1198,1125,1267,1032,1178,]
514,1,16,with_set,0.25,28,28,201,1159,loop_limit,[1456,1034,1456,978,1208,990,1154,1125,1311,1125,1456,1006,1202,963,1456,1125,1243,1117,1456,1034,1456,1034,1172,1007,1182,972,1207,984,1456,1076,1201,1032,1243,944,1149,1015,1227,1125,1253,1009,1219,1125,1203,946,1456,1117,1206,985,1125,969,1136,1001,1456,1038,1226,996,1159,944,1141,977,1456,1125,1208,977,1234,1125,1309,1125,1431,1005,1218,978,1147,958,1185,1003,1224,1000,1180,932,1390,1006,1228,1117,1265,1005,1153,940,1193,1117,1270,1116,1432,1125,1206,1125,1456,1119,1187,1011,1166,1125,1206,972,1166,1125,1396,1125,1417,1084,1207,1125,1456,1034,1165,988,1142,1113,1231,1044,1174,942,1131,1006,1133,1125,1208,978,1456,1029,1161,1093,1188,999,1193,1125,1264,1000,1257,1125,1456,1019,1199,970,1254,1023,1241,979,1180,961,1403,1074,1182,967,1151,980,1144,986,1247,980,1456,1035,1206,1021,1248,1125,1243,945,1195,1125,1220,994,1150,993,1419,1046,1414,1078,1211,994,1398,1120,1456,1034,1227,967,1187,1125,1231,950,1274,1028,1174,1120,1187,1125,1253,1125,1456,1019,1159,]
514,2,1,with_set,0.01,2,2,201,147,loop_limit,[1456,812,689,570,696,540,640,460,492,376,403,346,343,313,311,267,301,238,255,186,233,235,286,231,256,181,218,193,227,153,195,160,189,199,258,223,304,257,257,260,297,272,303,236,269,267,319,248,259,199,228,208,202,175,212,207,207,195,261,206,215,172,171,176,206,196,220,203,251,188,216,202,218,190,187,211,247,173,202,166,241,184,194,177,201,185,207,190,223,193,219,173,197,186,212,179,193,174,183,157,188,172,170,156,172,146,168,157,175,186,225,227,269,215,196,186,186,142,159,158,175,178,188,148,146,148,175,149,186,160,185,159,189,166,230,158,214,201,202,181,175,140,188,167,183,169,162,150,152,146,171,162,192,185,208,156,170,196,244,181,208,198,252,207,215,199,225,206,245,195,203,201,211,210,171,144,145,120,129,122,166,147,181,161,196,159,179,146,187,181,238,175,239,225,289,225,235,186,213,186,147,]
514,2,1,with_set,0.05,11,11,201,224,loop_limit,[1456,786,660,478,486,348,373,325,383,313,367,291,301,308,298,231,271,250,345,311,380,291,338,271,300,236,236,213,243,214,213,181,194,204,210,169,221,183,221,214,236,208,245,201,244,182,219,180,212,173,194,191,210,177,200,214,200,214,223,195,224,187,232,161,225,202,274,233,251,246,249,209,240,255,275,220,226,176,232,175,228,201,238,231,226,176,206,197,223,194,205,173,210,180,186,172,221,227,274,201,222,195,185,212,239,199,217,193,208,183,210,186,207,197,225,188,190,204,241,215,174,157,170,155,194,184,214,196,213,197,266,204,214,162,242,162,187,177,196,175,176,169,224,206,230,190,203,177,217,181,215,168,150,120,141,106,144,142,183,163,204,166,220,200,194,176,209,174,213,164,221,170,198,179,205,164,189,158,180,188,197,156,167,135,163,169,175,161,170,159,174,155,190,159,200,201,217,198,231,236,224,]
514,2,1,with_set,0.1,22,22,201,183,loop_limit,[1456,780,685,665,668,463,592,415,476,358,407,346,395,355,343,288,371,291,375,326,353,288,275,275,265,220,236,225,227,229,259,218,222,199,245,210,222,214,200,153,210,166,216,182,225,224,253,249,308,283,318,318,360,289,288,266,299,256,290,251,285,228,256,222,264,188,225,205,221,184,234,211,205,183,219,209,219,180,189,227,189,193,206,180,187,145,176,155,182,167,194,183,211,174,211,193,226,183,213,204,193,203,218,163,209,159,185,173,230,173,198,195,205,220,235,211,228,217,248,185,226,185,208,169,209,180,225,195,216,210,235,191,186,151,184,173,229,184,203,161,193,145,160,144,173,143,163,138,185,169,197,207,273,220,257,194,279,194,220,177,199,203,206,188,209,176,173,149,151,150,135,143,156,154,158,157,208,190,199,195,212,184,192,179,231,194,218,168,180,148,177,163,215,175,230,208,228,199,234,195,183,]
514,2,1,with_set,0.25,56,56,201,219,loop_limit,[1456,758,862,639,585,578,533,373,407,327,374,277,313,267,317,267,317,254,354,327,356,281,339,298,309,245,278,245,262,206,247,224,259,263,259,263,273,228,282,298,280,237,275,263,344,303,307,231,284,240,282,229,252,218,240,199,211,232,280,199,223,206,225,195,186,173,200,170,175,175,194,158,174,137,184,162,184,152,169,166,205,188,202,152,202,195,176,176,224,203,244,224,204,179,203,185,194,189,195,165,180,178,182,171,216,199,227,188,217,181,204,172,186,187,185,156,186,174,188,138,166,166,167,146,170,133,141,132,163,162,170,143,204,162,216,168,222,210,250,206,227,203,266,210,227,179,208,188,184,174,166,151,168,178,225,201,224,191,217,175,230,186,223,186,184,144,184,161,186,175,189,166,193,157,187,181,212,201,217,187,193,135,163,135,168,157,184,158,203,193,186,171,195,165,173,151,175,159,180,174,219,]
514,2,2,with_set,0.01,2,2,201,235,loop_limit,[1456,745,682,519,645,451,479,328,346,287,314,281,284,307,347,281,365,298,310,329,351,328,299,252,256,205,242,209,244,234,263,273,277,230,253,206,228,274,305,274,372,299,296,270,309,287,332,280,337,300,314,265,290,269,290,258,361,339,370,309,348,241,289,263,294,276,307,255,260,287,316,271,311,253,278,238,267,258,243,272,282,228,309,239,294,216,327,264,356,282,325,247,253,234,300,258,268,231,251,212,257,222,238,218,252,192,224,199,230,210,216,168,247,231,216,185,202,165,218,177,238,215,240,238,266,218,237,204,200,210,251,218,252,200,201,181,230,210,246,226,273,223,320,316,315,244,279,231,223,209,240,169,235,216,244,190,217,189,217,230,211,238,281,244,236,168,213,204,251,219,246,223,269,245,227,221,233,188,230,200,218,199,234,196,229,201,261,210,230,212,247,196,217,192,186,168,201,190,206,174,235,]
514,2,2,with_set,0.05,11,11,201,231,loop_limit,[1456,745,707,504,519,411,447,311,308,284,315,253,294,286,368,317,349,315,313,232,251,206,237,162,200,161,235,198,258,173,237,211,242,188,208,176,246,195,233,240,233,205,217,204,225,204,245,229,240,208,203,211,223,200,224,214,211,202,233,196,189,179,190,209,257,204,242,226,263,244,268,224,240,187,195,218,272,249,272,259,252,178,238,178,168,142,141,126,156,142,189,168,189,166,213,188,201,182,204,175,176,171,186,152,171,183,191,167,178,158,168,158,175,169,180,160,166,133,153,147,162,133,133,156,192,183,197,211,254,216,250,239,261,194,265,250,251,233,201,165,208,167,187,184,214,187,254,216,210,208,225,210,242,217,213,148,186,195,193,158,216,201,226,220,254,205,228,222,194,213,259,231,255,197,237,189,208,202,208,176,214,159,184,198,229,168,198,154,195,161,205,182,200,171,220,174,205,183,228,204,231,]
514,2,2,with_set,0.1,22,22,201,299,loop_limit,[1456,786,700,657,631,473,447,353,409,407,448,323,380,320,368,269,282,265,312,265,266,221,264,259,287,244,320,253,272,211,223,202,216,157,194,149,172,144,169,163,184,171,179,145,197,186,219,202,214,179,220,182,237,216,227,236,261,229,256,211,257,190,217,208,270,198,210,187,189,187,222,201,243,194,223,191,189,186,257,187,214,188,207,171,197,183,201,193,190,171,204,179,198,160,187,164,178,166,207,201,206,146,207,208,255,166,204,163,192,160,179,170,193,174,195,175,194,162,179,168,203,189,219,229,246,211,243,196,227,189,231,179,181,169,196,189,207,199,193,150,177,169,184,160,177,160,171,176,168,138,181,150,139,131,166,143,180,178,185,190,234,198,235,191,268,232,253,221,254,215,216,196,239,231,274,216,237,213,248,228,265,221,245,258,354,293,331,314,366,273,310,267,302,229,245,259,349,274,312,250,299,]
514,2,2,with_set,0.25,56,56,201,229,loop_limit,[1456,760,678,494,500,360,478,388,488,387,394,292,307,264,294,251,275,247,279,272,285,231,251,214,283,214,259,253,315,281,307,262,275,225,276,228,258,213,249,214,284,259,327,268,356,304,364,304,342,279,321,262,306,277,324,260,279,309,323,297,325,267,287,239,251,213,271,230,256,197,235,213,252,259,266,219,237,241,258,193,236,192,225,172,206,176,224,183,180,171,166,169,182,192,227,228,294,253,233,206,267,215,241,203,222,204,222,216,233,191,233,208,271,234,259,234,232,253,242,208,224,207,216,203,213,212,234,179,190,154,148,155,194,158,182,152,220,218,220,182,211,207,214,175,254,215,252,195,214,166,174,165,192,152,172,154,181,150,180,132,170,125,160,124,153,149,194,152,198,159,184,155,164,136,150,148,180,154,184,132,156,164,191,199,206,167,178,170,192,180,191,201,235,184,205,178,226,209,231,204,229,]
514,2,4,with_set,0.01,2,2,201,258,loop_limit,[1456,1042,842,568,568,664,606,473,457,491,508,361,406,329,338,323,382,345,341,292,295,261,243,282,327,237,274,287,300,320,343,276,287,295,296,234,306,310,320,269,316,264,342,262,302,253,254,221,242,216,347,262,373,289,302,222,267,276,297,312,318,292,320,317,320,241,352,324,332,276,374,365,359,276,324,252,290,251,261,290,393,313,373,325,365,302,307,239,287,226,373,293,446,345,351,287,293,231,229,254,289,268,333,289,322,292,329,254,335,285,320,275,243,258,260,225,258,280,274,230,260,244,263,263,272,244,278,210,234,244,295,250,332,275,312,248,254,196,335,270,312,231,354,269,431,318,321,264,280,345,328,319,313,248,409,292,307,237,239,200,226,185,241,212,246,197,227,199,216,246,229,230,252,267,252,251,259,227,247,189,265,231,214,201,216,181,203,189,218,223,258,216,210,189,221,177,223,227,283,220,258,]
514,2,4,with_set,0.05,11,11,201,228,loop_limit,[1456,780,683,473,483,448,444,347,377,280,357,288,313,253,275,266,261,212,238,191,295,191,235,198,272,211,230,203,281,225,268,335,362,289,295,222,283,206,269,224,244,208,233,279,298,303,346,263,295,248,245,216,228,191,310,256,283,276,277,254,283,245,276,223,251,236,264,245,387,387,423,296,375,305,349,336,444,392,405,322,354,292,344,260,312,406,429,351,404,327,427,326,357,472,536,398,414,321,326,303,348,306,346,277,328,258,288,305,312,247,273,223,252,206,234,236,271,222,297,251,307,228,292,237,304,236,280,225,233,196,237,177,213,258,308,236,278,338,318,258,260,232,275,254,254,249,277,225,266,235,254,208,236,209,248,214,298,226,246,237,261,197,267,207,231,198,219,186,207,201,207,199,215,210,245,208,302,237,254,225,234,190,217,204,185,172,205,201,260,210,327,279,322,262,283,248,255,216,223,202,228,]
514,2,4,with_set,0.1,22,22,201,287,loop_limit,[1456,760,687,485,472,352,451,338,367,310,331,391,549,422,437,348,377,309,337,285,315,399,387,336,553,422,620,443,447,550,502,510,475,482,607,444,475,375,500,447,705,508,466,441,444,325,468,342,370,313,405,331,421,365,377,307,327,252,290,352,359,272,339,288,388,343,383,403,364,264,286,239,301,377,364,270,317,218,310,267,299,226,261,220,244,201,336,249,264,233,256,219,242,205,211,247,280,307,331,263,300,249,295,251,297,269,274,237,280,248,269,224,243,230,245,187,197,159,177,145,224,176,231,182,238,216,221,208,244,226,285,246,291,283,372,350,369,354,369,354,376,310,313,244,271,240,262,235,291,251,318,260,303,261,270,209,231,243,299,228,359,374,466,345,372,273,277,257,350,285,444,422,387,312,323,269,456,310,330,243,269,253,345,395,481,429,437,428,448,472,452,459,499,401,509,414,470,357,347,267,287,]
514,2,4,with_set,0.25,56,56,201,225,loop_limit,[1456,760,714,518,532,411,517,606,545,443,422,339,416,355,467,345,420,330,349,294,337,258,281,231,260,351,405,302,386,309,316,280,340,327,328,262,288,248,260,207,252,297,339,262,284,235,291,239,235,213,223,195,228,170,206,176,182,205,238,260,280,269,230,181,218,165,205,173,182,164,271,201,222,191,219,226,218,167,206,171,216,185,214,181,195,161,243,262,321,269,254,228,261,226,249,194,213,153,178,153,183,195,189,164,222,215,291,233,297,240,376,261,391,280,361,296,298,250,286,218,259,217,276,213,246,245,315,248,271,215,218,218,229,189,213,212,218,208,247,209,234,217,247,191,183,206,223,193,229,190,225,214,263,234,289,222,230,205,246,248,367,314,328,267,238,230,379,322,369,276,312,233,238,217,222,205,223,216,197,227,197,184,177,164,179,171,192,174,201,163,199,181,212,192,157,138,157,179,204,178,225,]
514,2,8,with_set,0.01,2,2,201,427,loop_limit,[1456,795,870,598,600,467,937,631,594,414,448,444,449,400,390,298,541,408,372,310,490,381,489,406,409,334,332,305,297,284,308,517,430,371,385,309,338,343,334,266,388,309,344,327,324,319,355,265,296,246,274,230,227,178,211,328,324,226,265,223,271,242,282,273,310,303,363,298,338,250,277,256,275,222,272,224,255,225,281,228,258,200,245,388,389,292,376,318,328,274,329,249,333,249,274,250,271,258,282,232,249,209,258,227,216,218,377,265,297,246,263,270,273,255,261,233,275,259,248,222,234,235,239,248,288,242,269,232,219,171,209,210,217,216,291,216,230,163,196,182,189,171,197,193,216,193,221,211,222,238,232,188,204,169,197,188,181,202,253,178,224,177,249,196,198,195,229,187,289,207,246,222,251,216,232,303,269,249,262,250,275,214,295,243,255,244,243,207,207,200,373,266,300,260,295,230,377,389,334,275,427,]
514,2,8,with_set,0.05,11,11,201,358,loop_limit,[1456,786,700,474,604,783,752,525,1106,601,559,377,395,381,409,372,401,322,320,293,298,310,304,265,273,257,310,413,425,314,359,300,323,264,260,229,269,214,237,217,221,192,228,194,239,186,210,297,290,217,253,194,232,206,191,165,172,136,155,168,180,169,170,139,183,139,185,168,226,254,245,221,232,247,271,233,316,291,276,369,373,303,367,322,371,322,349,285,498,375,391,331,346,310,331,283,333,307,333,511,475,805,716,498,522,393,511,392,522,458,464,347,429,347,387,319,306,256,303,260,279,227,328,245,292,289,547,409,828,548,576,551,1132,674,650,466,460,361,353,261,326,238,329,330,399,303,332,277,311,255,276,249,282,215,310,228,241,198,244,269,244,217,254,242,270,200,211,184,199,175,196,176,176,173,180,154,177,165,189,285,275,234,248,178,276,251,223,189,228,182,232,199,267,235,265,232,328,302,339,326,358,]
514,2,8,with_set,0.1,22,22,201,266,loop_limit,[1456,795,870,817,719,538,485,425,408,621,750,536,1038,601,596,427,543,390,424,425,381,388,399,320,372,274,286,247,255,229,264,187,284,220,303,240,276,261,304,243,327,346,749,433,414,297,303,301,302,252,291,233,321,254,317,501,500,346,473,321,358,282,311,272,307,243,261,221,329,267,291,287,334,269,315,248,271,231,268,194,231,195,236,230,264,219,234,184,214,227,238,222,283,420,369,289,312,268,296,228,231,196,319,255,277,235,244,274,294,304,609,389,440,308,430,316,429,343,358,273,364,278,313,255,272,493,425,334,318,309,331,324,783,503,499,494,497,354,375,315,361,287,340,301,320,257,502,360,468,399,478,315,334,281,314,242,291,225,232,214,204,179,208,216,231,178,218,177,173,176,231,215,226,221,220,199,258,206,225,191,224,196,191,197,234,180,237,197,221,183,234,197,225,205,215,185,309,236,324,236,266,]
514,2,8,with_set,0.25,56,56,201,234,loop_limit,[1456,822,740,474,520,416,443,357,372,296,337,225,559,458,440,312,359,291,338,336,363,265,284,265,276,218,422,302,345,341,345,278,323,318,323,262,288,251,291,256,259,228,268,234,315,267,294,270,283,220,248,224,296,243,477,348,357,270,295,251,268,243,285,235,278,206,216,193,241,198,204,198,242,214,248,241,248,183,196,184,254,205,227,192,196,163,178,165,199,178,219,188,172,168,201,191,227,206,259,204,225,183,183,173,198,189,177,134,175,161,171,148,193,173,187,168,142,114,121,126,135,199,334,246,275,212,222,185,258,242,249,217,246,239,240,206,204,166,223,195,186,155,208,290,307,245,281,256,327,244,270,234,271,223,264,447,418,309,432,358,702,489,456,332,386,317,354,342,349,299,388,308,268,259,242,230,270,223,252,228,247,194,240,219,268,400,384,370,374,293,342,295,275,430,387,304,294,237,246,230,234,]
514,2,16,with_set,0.01,2,2,201,994,loop_limit,[1456,1125,887,575,523,375,399,490,693,481,1246,666,595,398,400,299,332,268,297,637,600,434,446,415,433,361,353,297,336,378,524,387,387,309,408,302,271,231,652,447,430,383,355,284,771,514,463,376,405,338,388,391,401,290,312,272,297,247,284,223,258,231,273,247,249,255,304,261,358,279,280,222,331,251,274,220,300,256,326,254,283,239,281,273,249,242,234,217,671,466,1100,624,640,400,399,524,479,360,402,318,317,291,792,622,664,494,474,487,447,310,460,354,372,286,352,290,326,265,272,228,289,248,289,496,405,338,345,257,358,332,314,269,254,216,254,255,324,276,319,269,283,267,301,276,263,230,291,252,347,291,280,310,322,564,568,524,589,520,573,522,556,418,521,444,419,308,352,322,340,294,349,284,319,309,425,333,339,275,307,304,842,476,508,462,530,419,445,637,545,414,450,372,367,467,438,370,369,331,336,343,994,]
514,2,16,with_set,0.05,11,11,201,343,loop_limit,[1456,745,713,506,514,385,440,376,404,318,361,751,681,535,502,337,353,284,994,565,555,389,425,363,330,273,320,837,796,542,544,402,420,360,353,363,353,263,285,233,256,233,276,230,230,212,239,213,284,244,283,662,543,447,452,444,429,375,427,338,359,495,455,355,380,287,332,658,647,506,619,475,587,474,1098,674,1426,1008,1429,771,702,956,766,1072,847,572,584,456,485,411,1111,672,605,445,1328,717,645,415,438,329,364,288,327,275,333,951,778,617,617,442,468,389,1258,670,656,451,455,355,546,369,406,341,338,361,430,340,357,270,321,263,894,539,522,371,394,515,553,423,405,435,464,347,374,282,303,607,577,396,408,283,300,238,273,238,272,231,249,203,234,174,254,174,210,454,449,308,327,252,328,309,337,263,351,244,300,237,289,243,328,241,291,264,295,247,263,239,698,461,533,352,371,855,1451,1015,839,546,499,408,447,344,343,]
514,2,16,with_set,0.1,22,22,201,679,loop_limit,[1456,810,746,571,576,569,552,474,569,826,700,1028,821,585,580,423,405,332,371,303,327,242,295,287,347,295,350,286,374,301,778,1023,832,1040,833,537,513,392,397,328,345,264,331,226,247,210,230,442,465,337,378,305,387,294,401,354,379,313,342,405,387,737,687,489,468,391,412,341,365,315,296,277,280,251,242,263,339,261,286,305,331,280,312,695,575,443,561,449,447,377,390,369,390,369,381,321,1073,604,623,467,497,340,385,385,398,302,345,296,300,269,262,194,267,241,252,240,273,266,306,265,294,254,293,282,338,325,360,261,305,286,279,236,272,247,259,209,237,228,241,236,275,206,306,727,695,1098,856,568,551,422,407,300,330,293,1063,659,610,995,816,567,527,402,401,303,318,255,251,299,843,550,497,362,466,441,514,391,603,441,428,572,539,457,456,355,370,383,392,305,305,284,336,298,356,639,1356,754,850,567,1369,761,679,]
514,2,16,with_set,0.25,56,56,201,386,loop_limit,[1456,798,1300,744,684,453,448,328,380,652,636,426,416,317,449,834,871,565,528,378,471,594,546,419,454,350,458,363,877,579,515,380,512,750,679,509,483,938,740,588,565,941,766,513,629,504,528,713,644,494,489,376,373,463,466,361,414,335,912,590,1149,712,675,593,597,428,473,472,864,534,565,662,672,613,572,394,673,507,538,385,400,293,359,279,431,351,382,307,440,340,354,338,349,272,300,245,269,204,223,179,571,392,415,500,449,361,349,275,367,294,331,315,703,486,521,399,433,330,343,274,325,716,744,504,524,1039,844,591,552,391,393,532,1193,730,837,593,600,446,487,365,370,300,297,352,379,321,343,270,298,257,269,263,268,249,274,602,534,414,1056,1125,1114,1115,1066,652,775,1075,852,548,544,431,1075,637,1229,737,831,560,516,526,491,418,400,306,379,283,293,718,1456,786,887,575,545,553,566,386,698,483,469,446,467,380,386,]
515,1,1,with_set,0.01,1,1,201,55,loop_limit,[667,249,249,195,249,125,144,84,108,59,58,43,54,36,58,27,32,20,33,17,38,30,45,40,58,32,43,41,47,44,54,28,34,26,26,17,25,19,36,30,58,31,55,33,53,36,38,31,54,36,44,31,58,40,53,34,50,53,70,67,72,44,52,37,64,42,45,26,47,31,43,33,36,35,63,43,50,35,41,24,35,23,31,33,52,27,43,27,41,26,43,18,23,19,28,17,27,25,36,38,58,39,46,32,42,32,39,32,38,38,45,45,56,39,50,49,58,42,50,43,62,51,63,58,63,45,53,52,69,51,75,53,65,56,63,46,49,43,47,34,38,29,33,25,32,26,43,16,25,25,32,25,28,23,34,19,36,18,30,19,25,18,29,23,34,28,34,26,48,29,40,32,41,39,67,48,56,41,49,30,40,35,43,34,53,39,42,34,49,31,48,33,47,35,57,39,57,40,53,40,55,]
515,1,1,with_set,0.05,5,5,201,23,loop_limit,[667,244,223,132,188,104,119,64,76,51,73,36,50,39,60,36,58,36,41,32,51,42,57,38,53,31,39,33,39,21,40,37,50,39,65,44,63,31,39,24,44,27,32,35,58,31,41,27,27,23,31,24,36,29,47,29,40,27,37,29,31,24,26,26,28,21,19,20,29,25,27,23,39,25,46,38,49,43,42,31,34,36,54,30,46,37,54,35,47,34,34,38,47,36,55,36,63,39,62,47,59,35,56,42,56,50,56,38,50,35,64,44,57,43,49,34,50,42,43,27,29,29,36,33,41,26,38,31,39,32,55,29,43,33,43,32,47,33,39,28,37,30,38,33,58,27,29,26,42,30,56,27,35,27,26,28,35,19,45,32,42,27,44,33,39,37,50,41,65,53,66,37,53,28,48,37,43,34,42,24,29,24,27,18,28,31,41,34,40,32,51,38,51,22,35,27,38,27,45,22,23,]
515,1,1,with_set,0.1,11,11,201,42,loop_limit,[667,231,211,112,109,71,81,60,78,64,65,53,78,47,63,36,54,30,41,38,40,25,27,21,36,32,51,28,56,31,50,34,45,31,48,32,47,40,48,37,53,44,56,26,32,28,33,32,35,35,44,37,59,44,47,34,39,34,53,42,40,29,52,46,63,33,36,35,43,27,31,26,38,32,51,37,41,40,64,34,42,40,54,45,52,46,63,33,46,33,62,30,41,28,37,32,44,27,30,25,37,28,55,43,50,30,51,50,62,38,33,26,33,29,28,21,27,17,23,20,24,24,34,26,50,24,51,29,35,20,27,22,33,29,45,28,42,35,48,29,57,29,34,27,41,32,48,32,61,41,73,42,65,34,45,41,56,25,26,25,44,33,51,29,47,41,47,28,48,26,36,27,36,22,34,28,50,37,41,31,38,31,47,33,46,32,41,27,41,21,34,26,30,28,34,29,48,42,63,42,42,]
515,1,2,with_set,0.01,1,1,201,40,loop_limit,[667,249,206,107,136,79,91,49,56,46,67,57,86,57,67,48,65,43,52,35,44,30,42,33,31,31,42,34,39,40,46,41,56,38,51,37,51,43,48,35,41,30,36,25,46,25,46,35,57,41,57,33,54,39,57,45,71,43,64,50,61,33,57,38,51,37,47,37,70,38,47,43,44,34,43,24,37,26,43,30,35,26,44,46,51,46,53,37,48,45,53,36,32,36,41,26,35,26,41,28,45,42,57,38,49,33,35,24,32,16,25,33,42,41,55,31,66,33,42,27,52,38,67,48,65,35,43,32,46,34,50,28,32,24,33,33,43,22,38,26,34,28,33,28,38,34,48,39,58,38,53,39,48,36,48,28,51,31,33,28,38,26,42,38,51,42,53,43,59,39,55,37,54,44,70,33,53,37,50,37,46,36,42,36,53,30,48,28,38,35,38,35,51,35,56,41,37,27,35,30,40,]
515,1,2,with_set,0.05,5,5,201,55,loop_limit,[667,244,252,120,138,110,138,63,79,64,79,61,84,50,78,50,59,32,46,27,33,24,44,25,37,32,53,32,45,35,59,38,49,41,50,29,54,30,36,28,36,18,25,19,26,24,29,22,26,22,27,20,32,29,37,23,29,30,40,28,42,31,46,37,57,33,47,28,49,35,47,39,57,34,45,30,37,30,48,39,56,34,41,28,42,26,46,30,40,37,42,33,46,31,41,40,45,42,57,41,54,46,52,38,54,38,51,34,39,37,40,31,46,35,49,55,56,43,53,29,49,40,45,42,44,42,59,52,60,47,70,52,62,34,49,34,49,35,42,36,40,40,45,32,43,25,37,24,29,17,27,17,25,15,20,17,32,31,38,20,23,23,35,22,25,16,28,28,37,32,47,27,46,32,42,33,52,31,32,28,25,24,41,30,49,38,64,40,43,41,62,37,53,40,68,47,61,45,62,42,55,]
515,1,2,with_set,0.1,11,11,201,40,loop_limit,[667,227,227,125,129,73,92,55,75,48,63,39,62,45,56,40,48,40,50,39,56,40,51,34,46,42,61,48,68,48,66,59,68,61,68,47,54,32,44,38,44,34,42,30,34,41,37,33,45,35,52,40,55,29,40,25,33,24,32,23,28,27,38,31,37,28,33,26,34,26,41,30,37,31,46,38,57,40,42,32,40,24,36,29,44,42,53,42,61,39,41,28,28,29,50,33,48,34,58,37,41,32,40,31,44,28,37,27,39,24,32,22,36,25,36,25,38,34,52,38,57,50,72,38,57,33,45,30,40,28,44,37,36,45,59,39,53,35,49,33,44,35,37,34,40,28,31,34,49,48,49,37,52,35,47,34,44,32,46,35,43,40,49,28,50,33,38,31,48,32,45,34,49,41,43,39,60,37,41,26,34,26,21,29,21,19,27,24,27,25,29,23,24,29,53,33,40,28,34,31,40,]
515,1,4,with_set,0.01,1,1,201,30,loop_limit,[667,244,267,136,134,58,86,52,62,43,67,60,72,62,72,46,57,41,54,53,68,59,73,43,63,48,64,39,58,42,60,35,55,46,50,28,43,29,40,40,43,34,48,55,48,33,27,32,27,22,31,24,27,28,45,35,36,27,24,19,35,27,42,27,44,27,44,32,50,32,41,25,41,16,25,27,31,27,41,25,38,39,65,45,42,31,47,45,51,37,46,30,34,29,50,42,43,32,45,31,55,33,38,23,46,31,47,29,45,34,41,31,34,23,35,32,46,21,28,28,38,24,27,27,27,20,29,26,34,28,45,37,43,44,43,27,41,37,48,37,44,29,35,32,47,29,58,44,73,43,44,38,65,46,57,40,59,40,50,39,60,45,55,43,58,40,48,23,29,16,19,17,29,25,28,17,29,18,24,19,22,25,28,26,42,31,54,35,58,42,65,40,59,31,48,34,43,29,29,20,30,]
515,1,4,with_set,0.05,5,5,201,52,loop_limit,[667,249,343,249,246,182,213,172,181,143,164,89,126,65,86,48,71,44,54,33,38,33,42,34,31,17,33,31,45,36,44,40,56,30,42,29,41,33,46,38,62,30,45,34,47,32,44,25,47,25,37,19,38,19,30,26,37,35,54,43,60,51,69,34,40,44,55,37,42,37,47,37,47,41,68,38,54,40,53,39,60,55,65,52,71,56,79,37,44,40,51,40,48,37,52,42,54,29,49,24,37,37,51,33,40,18,22,24,39,28,35,31,44,32,41,36,44,38,46,31,40,34,50,34,52,41,33,45,47,36,40,27,29,25,34,32,43,32,34,25,37,31,40,32,39,27,42,13,22,20,25,22,25,28,36,31,47,28,49,34,52,44,56,37,56,35,54,46,55,30,38,31,47,29,59,47,64,32,50,43,59,31,45,37,54,34,56,29,37,28,45,24,35,32,46,34,46,21,50,40,52,]
515,1,4,with_set,0.1,11,11,201,67,loop_limit,[667,246,214,113,137,69,80,44,60,41,64,52,64,43,54,37,54,33,38,36,64,31,51,31,46,24,38,35,43,44,65,54,62,53,72,45,63,36,39,35,53,26,41,38,60,43,65,43,54,24,36,31,48,29,41,33,42,33,36,31,35,29,31,28,40,22,44,33,53,26,35,24,26,35,36,39,46,31,42,32,47,28,31,29,41,36,52,33,46,33,33,22,33,23,28,26,37,29,44,31,44,35,55,50,65,44,70,33,36,29,40,38,53,39,52,39,49,49,72,39,65,42,57,37,55,32,49,35,50,38,57,51,57,47,61,53,74,70,85,40,58,46,57,39,50,40,49,33,45,42,61,38,58,37,57,48,73,44,55,39,75,43,74,50,67,41,60,30,38,30,46,40,49,35,49,35,49,34,52,34,40,36,42,39,52,37,55,41,48,33,57,43,55,36,64,50,63,42,62,42,67,]
515,1,8,with_set,0.01,1,1,201,29,loop_limit,[667,369,309,150,157,89,108,53,77,50,56,31,35,30,33,23,36,17,24,25,31,31,33,39,51,30,55,40,34,29,33,33,41,34,49,36,43,34,45,34,48,37,49,36,46,35,47,30,45,26,33,29,39,26,36,32,43,38,56,35,51,38,46,32,39,30,38,26,38,26,31,27,34,22,31,31,47,36,43,16,21,23,31,28,36,31,47,34,49,40,61,42,64,33,39,26,33,31,34,24,36,20,32,23,31,16,31,24,39,41,52,41,51,45,53,35,57,45,55,34,60,33,33,33,48,41,54,46,64,52,65,41,67,59,77,47,62,47,69,33,53,39,55,44,43,40,59,36,56,45,72,48,52,57,71,44,52,40,43,29,25,24,42,36,49,36,40,29,33,30,58,38,64,50,71,37,57,32,46,41,55,35,45,24,48,36,52,38,54,36,61,49,50,40,55,40,40,38,40,28,29,]
515,1,8,with_set,0.05,5,5,201,36,loop_limit,[667,244,218,136,170,171,169,84,102,96,123,75,88,47,73,51,60,45,47,35,47,33,41,39,56,34,39,37,57,26,43,31,58,36,48,41,39,25,31,21,34,23,29,17,32,25,38,30,47,29,55,40,50,38,47,30,48,31,48,24,32,23,30,32,45,36,48,38,53,45,60,38,49,36,47,34,48,37,43,32,49,34,46,44,53,39,59,31,32,32,47,32,36,25,34,23,44,40,52,41,53,41,46,44,58,46,50,39,64,53,63,46,58,46,74,45,61,40,45,43,38,31,40,24,39,26,39,28,42,31,50,40,53,40,42,40,54,41,47,40,51,28,41,34,46,37,46,23,33,22,31,28,49,37,48,31,48,33,45,31,51,38,47,33,65,51,57,37,44,27,46,32,52,33,45,33,46,31,40,26,47,24,32,28,38,26,52,32,45,32,58,48,56,60,67,44,42,23,30,28,36,]
515,1,8,with_set,0.1,11,11,201,44,loop_limit,[667,246,306,136,143,70,102,41,54,38,47,35,36,24,37,29,42,30,31,20,32,23,40,31,57,31,49,27,38,34,37,28,40,29,51,40,52,35,42,39,57,38,57,35,58,44,52,28,41,26,43,27,44,24,38,36,38,30,42,27,42,20,35,30,37,35,60,37,39,38,39,38,56,31,39,23,21,23,26,28,49,33,49,24,51,32,56,40,69,41,65,42,66,33,49,35,38,38,38,37,57,47,63,43,56,40,59,40,44,33,47,35,54,35,65,44,65,37,66,50,72,40,62,38,50,31,58,41,66,44,54,34,51,28,38,21,26,31,36,28,29,29,37,34,47,44,53,39,51,46,42,36,65,42,59,47,64,39,52,44,51,36,59,47,58,41,53,45,41,43,65,36,67,44,67,44,53,45,57,42,60,40,70,39,67,57,58,37,43,29,43,33,42,38,43,23,36,31,45,31,44,]
515,1,16,with_set,0.01,1,1,201,56,loop_limit,[667,243,229,120,135,110,117,71,93,49,60,35,46,33,46,44,64,46,57,34,55,36,45,30,37,29,46,47,72,52,70,41,58,41,61,38,45,32,44,46,93,61,68,41,58,40,66,46,69,63,69,51,111,63,83,56,59,56,70,50,62,32,49,32,43,37,49,51,61,56,70,38,57,44,48,50,64,43,78,41,31,48,48,27,23,24,37,27,38,34,42,32,46,41,52,39,47,26,27,20,31,27,39,38,35,55,61,39,64,30,49,43,51,38,51,47,51,30,55,46,67,44,47,29,45,29,50,29,29,20,31,29,38,34,43,43,58,33,46,48,70,38,70,47,49,37,52,51,59,52,56,40,68,44,59,33,39,25,36,31,44,34,30,28,40,29,36,27,37,30,43,58,75,42,62,37,61,49,61,56,111,55,62,46,65,41,55,34,80,43,62,40,53,34,40,34,47,26,36,34,56,]
515,1,16,with_set,0.05,5,5,201,54,loop_limit,[667,247,225,112,136,77,92,67,86,52,147,83,94,64,61,43,55,49,55,45,56,39,64,36,48,34,46,26,53,27,43,27,37,35,50,35,42,27,37,29,32,25,36,33,55,34,88,49,61,46,69,46,69,50,50,35,48,41,63,48,66,44,59,47,56,43,55,39,34,20,31,29,36,22,31,23,23,22,43,21,33,13,19,18,27,23,30,20,33,27,49,30,48,25,53,61,63,38,59,44,53,34,64,40,65,35,42,40,56,31,53,44,56,37,42,38,49,41,64,40,55,52,55,32,46,40,60,102,111,53,79,57,62,43,51,37,65,42,59,33,59,37,120,61,61,57,70,56,75,39,45,32,74,49,58,39,51,40,46,37,53,38,35,35,41,38,48,37,55,49,62,23,32,34,38,36,49,26,30,33,55,41,69,51,77,50,56,33,42,40,57,35,34,25,43,33,51,41,69,35,54,]
515,1,16,with_set,0.1,11,11,201,31,loop_limit,[667,249,229,110,115,81,88,77,86,58,108,79,94,57,79,56,79,57,66,44,56,37,40,29,40,32,44,33,50,36,46,48,59,46,56,37,55,37,61,40,44,32,43,40,43,29,38,30,43,29,45,30,55,36,45,36,46,32,46,34,53,41,59,40,54,31,43,40,50,36,36,25,30,25,32,31,47,27,41,35,46,37,51,28,38,35,50,47,40,44,40,33,49,36,62,35,48,37,42,28,40,20,25,20,26,34,44,36,45,36,42,36,44,30,57,36,42,38,56,36,56,72,72,39,48,39,42,40,60,46,57,52,48,32,57,43,59,40,49,44,62,34,37,38,55,39,42,31,48,29,46,34,56,27,38,25,38,23,36,32,50,43,62,42,62,40,63,43,60,45,49,31,44,33,46,36,49,38,64,49,60,47,45,52,70,52,58,54,58,36,54,55,69,41,48,29,45,30,48,26,31,]
515,2,1,with_set,0.01,2,2,201,16,loop_limit,[667,150,73,31,16,11,14,9,14,8,8,7,15,10,16,9,14,8,10,11,18,10,14,10,19,13,17,12,12,14,14,8,18,11,16,10,14,16,11,11,17,11,10,9,17,9,20,12,23,13,17,14,12,11,8,11,17,11,12,9,8,8,12,10,18,12,9,9,15,10,18,11,12,12,10,7,11,9,14,11,11,12,16,8,8,10,16,16,17,11,17,14,15,11,18,7,13,10,12,12,20,14,13,9,18,11,18,14,9,10,17,11,16,13,15,8,14,10,12,9,9,12,14,9,16,13,11,12,22,16,14,9,8,12,23,13,16,8,13,13,16,14,16,9,8,8,10,8,10,11,8,8,16,11,8,7,8,8,10,9,10,8,8,10,14,10,14,10,15,10,22,11,8,8,14,10,15,12,20,8,13,13,20,12,10,7,13,8,11,10,10,11,12,14,17,13,23,11,16,9,16,]
515,2,2,with_set,0.01,2,2,201,18,loop_limit,[667,160,105,26,23,11,15,12,15,11,14,10,20,11,17,15,12,8,12,8,13,11,9,9,13,9,9,11,18,10,17,13,19,12,17,7,12,10,16,10,12,10,17,11,14,10,13,12,15,7,11,11,15,9,14,9,11,7,13,9,18,11,18,16,21,15,16,12,9,8,8,7,8,8,14,9,12,10,19,15,17,13,9,9,14,12,11,10,18,11,10,10,16,10,11,10,14,9,18,11,18,11,16,12,12,9,10,10,18,16,14,9,8,7,15,7,15,13,18,11,11,9,16,7,11,10,12,8,15,11,11,10,11,8,13,9,16,9,17,11,16,12,18,13,16,11,15,10,17,7,11,8,18,11,21,13,15,11,15,9,17,11,19,8,11,14,17,12,15,12,11,11,17,14,20,12,18,11,18,7,15,11,15,8,10,9,14,10,12,12,8,12,8,11,15,11,15,8,10,9,18,]
515,2,4,with_set,0.01,2,2,201,10,loop_limit,[667,162,74,31,33,27,39,20,23,18,22,16,17,11,15,12,9,15,22,13,18,8,8,10,18,9,16,12,14,10,10,8,14,9,13,14,12,11,11,9,18,11,18,12,11,11,11,9,18,11,16,16,14,12,18,12,16,9,8,7,12,12,14,9,10,9,12,8,12,12,13,11,18,11,18,16,15,10,17,8,17,16,15,13,16,12,22,13,16,14,23,13,22,13,14,11,17,11,18,11,17,13,21,18,14,14,17,15,14,14,18,18,21,12,12,10,10,10,15,13,15,9,16,10,8,11,14,9,13,12,9,12,9,9,19,12,16,12,18,10,18,11,18,12,9,10,16,10,11,10,10,10,14,12,12,10,14,10,12,8,10,13,16,9,18,9,13,10,12,8,11,9,10,9,10,8,15,8,16,12,12,7,11,7,17,11,16,13,17,14,11,12,16,12,16,10,12,7,15,8,10,]
515,2,8,with_set,0.01,2,2,201,13,loop_limit,[667,284,165,53,36,38,45,27,27,15,17,12,16,8,15,12,23,17,18,14,14,10,17,12,12,14,14,17,21,12,19,9,13,11,14,10,15,10,16,9,12,8,16,15,14,12,14,12,14,11,15,8,12,7,12,10,10,7,11,9,16,18,20,10,12,8,8,8,10,10,11,11,10,13,23,11,24,18,26,22,16,17,16,18,20,8,9,10,13,9,17,9,11,13,15,13,16,11,14,10,13,10,11,8,16,7,17,11,11,11,14,10,14,10,12,10,12,8,18,11,14,9,19,11,18,10,13,8,14,8,11,7,12,9,18,11,17,12,15,12,23,13,18,9,18,11,14,10,9,7,15,8,17,11,19,11,15,8,15,10,16,15,19,15,20,12,14,9,16,9,11,11,12,11,15,8,19,12,10,10,14,11,8,8,13,8,8,8,15,13,19,16,16,12,20,11,17,11,21,8,13,]
515,2,16,with_set,0.01,2,2,201,12,loop_limit,[667,360,165,53,47,43,35,26,26,17,17,13,18,11,13,10,12,13,15,14,14,10,15,10,12,10,11,12,17,11,16,11,12,8,14,9,19,7,11,8,14,10,14,12,16,7,8,12,10,8,10,11,10,8,18,16,11,10,16,12,16,11,20,16,29,12,19,14,11,8,15,13,20,14,18,14,15,14,15,11,18,9,20,15,26,20,19,10,22,16,16,13,15,11,17,7,12,9,17,11,16,13,16,9,21,10,10,11,16,12,18,14,18,13,8,10,18,10,14,8,8,8,12,8,10,9,16,14,24,13,16,10,10,10,10,14,20,14,9,8,18,11,14,12,18,10,13,10,16,14,16,14,13,7,12,12,9,10,12,9,9,10,8,8,11,10,9,10,14,9,12,12,23,9,15,14,14,10,14,13,10,13,15,18,16,13,18,13,17,11,14,13,24,11,18,11,16,12,8,7,12,]
515,4,2,with_set,0.01,4,4,201,12,loop_limit,[667,88,41,32,41,12,9,11,6,8,10,11,10,5,8,6,11,8,8,5,10,5,8,6,9,8,6,11,10,14,10,8,6,5,8,8,8,9,8,12,8,6,10,5,6,11,10,5,8,10,6,8,8,5,7,8,11,5,7,6,8,9,7,9,8,11,10,5,6,5,8,8,10,6,7,13,11,7,8,6,8,6,9,11,12,6,8,5,8,11,10,6,9,6,11,8,9,7,7,8,9,6,8,6,8,5,9,10,9,6,9,8,9,6,6,8,8,5,8,6,9,8,7,5,8,12,10,5,10,5,6,11,7,11,11,7,6,5,9,6,11,8,7,6,7,8,6,8,12,12,12,8,8,9,10,8,7,6,7,8,6,6,6,5,9,5,7,13,9,5,9,8,8,5,9,11,12,5,6,8,6,8,8,8,6,8,8,5,8,5,8,6,9,6,9,8,8,5,8,8,12,]
515,4,4,with_set,0.01,4,4,201,8,loop_limit,[667,90,35,10,15,12,11,10,7,8,11,11,9,6,8,9,7,8,8,9,10,6,9,5,7,5,6,6,7,8,8,8,8,8,6,11,7,11,8,8,11,11,6,5,8,9,12,9,7,14,7,8,7,5,8,9,10,10,8,8,8,6,8,12,11,11,9,6,9,5,7,13,9,9,7,5,8,8,10,9,7,8,6,5,6,6,11,8,9,7,8,9,10,8,9,8,7,5,9,8,8,6,8,6,7,8,8,8,7,6,6,11,12,13,8,9,11,11,6,5,6,8,8,8,8,13,10,8,11,10,9,9,10,8,9,6,11,6,6,6,9,5,10,11,9,5,8,9,8,5,10,6,12,5,8,5,10,5,7,13,10,8,6,8,10,6,8,12,10,5,6,5,6,6,9,6,6,8,10,8,9,6,7,14,11,6,6,11,7,11,10,8,8,12,8,8,8,7,8,8,8,]
521,1,1,with_set,0.01,1,1,201,1172,loop_limit,[1466,1023,1190,918,1188,915,1139,946,1198,985,1155,1015,1154,965,1180,949,1132,901,1108,953,1157,904,1167,970,1151,954,1206,961,1210,975,1214,975,1144,926,1136,928,1143,946,1152,930,1182,923,1117,892,1182,986,1191,925,1159,967,1198,923,1193,924,1164,974,1173,923,1200,959,1172,987,1119,999,1214,974,1177,929,1160,931,1130,927,1135,949,1149,918,1152,945,1134,990,1109,882,1197,970,1110,927,1210,948,1178,931,1181,986,1187,945,1187,943,1187,985,1183,939,1183,931,1173,972,1203,921,1188,974,1172,957,1175,956,1213,987,1172,956,1204,969,1140,969,1148,939,1214,926,1180,959,1182,926,1203,953,1174,931,1142,905,1111,957,1113,991,1169,922,1204,928,1134,951,1137,943,1157,943,1127,920,1133,938,1199,982,1144,958,1195,940,1163,969,1232,999,1166,923,1212,945,1171,981,1205,980,1254,941,1188,929,1185,915,1187,948,1116,924,1136,997,1204,984,1185,964,1160,925,1185,954,1223,930,1110,893,1083,919,1124,1002,1124,918,1172,]
521,1,1,with_set,0.05,5,5,201,1193,loop_limit,[1466,1043,1186,980,1167,952,1157,944,1122,886,1151,950,1199,947,1116,997,1194,963,1179,957,1147,914,1205,936,1159,930,1159,956,1179,936,1162,926,1142,910,1154,1004,1200,995,1131,906,1147,948,1136,966,1141,945,1120,973,1164,921,1165,969,1207,968,1183,933,1114,913,1144,1006,1222,980,1107,928,1145,937,1141,965,1167,921,1116,899,1150,970,1172,937,1141,934,1211,972,1204,983,1160,971,1111,886,1117,911,1194,980,1169,936,1146,913,1133,929,1175,977,1173,961,1121,947,1157,949,1176,934,1171,977,1158,954,1150,924,1177,955,1145,926,1184,922,1172,978,1184,939,1117,919,1201,929,1206,963,1152,896,1199,962,1192,974,1187,936,1184,983,1182,968,1097,930,1113,892,1171,918,1156,969,1179,925,1154,929,1162,922,1155,957,1168,939,1118,995,1127,929,1150,918,1188,954,1165,948,1174,948,1141,969,1176,961,1209,961,1182,1015,1195,967,1182,957,1160,911,1173,937,1203,978,1195,938,1207,974,1147,915,1198,925,1161,959,1199,916,1193,]
521,1,1,with_set,0.1,11,11,201,1117,loop_limit,[1466,1043,1186,949,1141,944,1189,980,1172,937,1151,930,1153,926,1179,990,1206,978,1182,926,1203,969,1108,889,1138,909,1204,943,1167,935,1137,932,1157,974,1202,966,1141,975,1245,937,1197,969,1201,969,1160,930,1174,964,1088,915,1136,944,1151,919,1120,916,1121,992,1210,990,1155,935,1118,938,1207,946,1225,953,1159,931,1144,890,1140,968,1167,913,1142,949,1168,964,1135,956,1203,927,1120,941,1217,981,1195,979,1196,943,1195,977,1193,977,1126,973,1196,982,1206,977,1124,939,1163,928,1178,972,1194,973,1149,904,1195,944,1160,957,1181,968,1163,946,1168,921,1181,922,1142,945,1161,965,1158,971,1136,955,1118,996,1185,939,1154,927,1102,924,1113,900,1087,980,1226,964,1131,903,1097,941,1145,945,1158,964,1174,984,1165,933,1154,932,1188,923,1109,893,1176,932,1157,954,1138,911,1149,969,1238,940,1196,961,1169,928,1151,925,1144,925,1187,952,1187,988,1179,941,1201,983,1174,918,1154,973,1172,939,1205,969,1168,988,1117,]
521,1,1,with_set,0.25,28,28,201,1143,loop_limit,[1466,973,1219,970,1190,953,1200,940,1206,927,1136,905,1148,962,1158,1011,1195,931,1180,957,1157,929,1158,926,1104,942,1187,997,1201,928,1118,923,1160,935,1219,938,1086,893,1163,960,1113,928,1100,896,1124,921,1130,929,1116,930,1182,928,1129,970,1196,962,1181,954,1182,966,1197,955,1198,955,1211,978,1106,917,1162,932,1219,980,1189,965,1149,916,1110,917,1160,964,1184,915,1134,913,1122,923,1135,1002,1123,885,1160,885,1081,876,1109,912,1117,971,1193,944,1175,952,1229,926,1159,944,1145,979,1169,968,1105,948,1189,970,1187,960,1133,968,1198,990,1184,981,1238,1009,1238,988,1222,971,1165,938,1132,916,1121,947,1161,974,1198,961,1157,932,1164,1012,1189,965,1191,963,1188,941,1155,923,1180,925,1138,957,1174,965,1203,945,1198,982,1195,952,1185,934,1206,957,1220,987,1173,970,1225,950,1221,953,1158,974,1154,1008,1206,989,1176,907,1164,907,1156,957,1177,976,1099,930,1209,967,1180,955,1171,988,1213,969,1213,969,1143,]
521,1,2,with_set,0.01,1,1,201,1094,loop_limit,[1466,1043,1229,946,1164,975,1142,936,1186,979,1167,923,1112,918,1161,925,1196,912,1155,929,1160,965,1179,934,1184,1004,1184,1004,1187,923,1132,888,1128,976,1111,892,1173,1008,1182,951,1165,946,1136,960,1170,914,1139,909,1191,961,1220,951,1139,971,1187,972,1169,922,1151,928,1151,931,1221,959,1165,1002,1189,943,1214,926,1150,941,1181,927,1112,895,1185,963,1148,951,1159,933,1118,967,1163,927,1169,918,1171,926,1188,939,1135,926,1205,952,1199,966,1199,981,1205,987,1163,935,1156,972,1206,944,1186,937,1224,971,1203,963,1173,966,1181,965,1191,941,1143,963,1143,963,1157,947,1156,970,1165,956,1159,911,1147,902,1200,977,1107,957,1141,933,1205,947,1227,929,1114,946,1121,960,1171,927,1130,938,1185,932,1159,969,1109,936,1216,986,1168,940,1169,938,1164,911,1153,916,1142,949,1162,968,1208,1027,1184,915,1151,966,1182,968,1174,931,1108,893,1163,938,1087,983,1224,955,1167,943,1157,945,1140,928,1119,928,1125,893,1094,]
521,1,2,with_set,0.05,5,5,201,1201,loop_limit,[1466,1023,1195,937,1165,927,1186,917,1139,964,1172,972,1181,939,1153,962,1077,889,1125,926,1142,964,1179,989,1220,936,1161,926,1204,948,1169,984,1178,929,1123,928,1197,928,1197,950,1213,993,1152,946,1137,939,1155,931,1163,956,1143,964,1234,932,1130,945,1137,934,1182,936,1159,926,1178,925,1210,985,1130,913,1160,913,1160,921,1126,926,1177,935,1147,966,1194,972,1142,944,1164,943,1198,961,1178,935,1115,895,1178,948,1146,965,1176,966,1140,965,1103,898,1094,925,1170,925,1206,994,1135,951,1170,938,1161,944,1191,950,1221,927,1143,943,1100,925,1177,977,1173,982,1191,940,1140,962,1195,978,1155,916,1156,1000,1226,965,1180,968,1146,914,1155,956,1153,955,1153,916,1178,924,1161,971,1237,991,1186,952,1211,961,1166,911,1177,967,1232,967,1132,951,1165,968,1205,963,1169,920,1117,994,1179,924,1166,982,1167,976,1177,921,1151,942,1189,935,1139,921,1154,920,1148,928,1214,942,1108,895,1165,971,1247,997,1190,992,1201,]
521,1,2,with_set,0.1,11,11,201,1201,loop_limit,[1466,1040,1185,975,1132,898,1130,927,1167,945,1158,924,1182,963,1148,985,1161,969,1129,1000,1190,944,1225,967,1172,988,1149,904,1168,916,1187,962,1197,958,1144,908,1179,972,1209,963,1140,886,1115,939,1141,957,1111,886,1169,933,1119,965,1134,941,1215,923,1186,963,1174,947,1176,1006,1163,943,1145,967,1187,936,1205,986,1240,1004,1139,954,1161,924,1197,973,1172,972,1202,928,1146,950,1213,958,1115,955,1130,913,1146,935,1159,953,1138,916,1143,976,1145,904,1146,924,1193,933,1155,924,1158,927,1125,944,1192,927,1140,950,1181,960,1162,913,1108,936,1156,928,1170,982,1151,973,1106,988,1213,993,1185,983,1165,969,1185,976,1176,964,1176,964,1126,900,1089,946,1100,936,1184,972,1174,952,1190,925,1159,944,1193,981,1237,958,1164,943,1189,978,1189,962,1162,939,1178,977,1205,939,1189,927,1104,995,1195,971,1176,980,1132,935,1168,974,1198,959,1168,922,1191,956,1191,981,1163,936,1223,940,1171,940,1168,971,1150,973,1201,]
521,1,2,with_set,0.25,28,28,201,1187,loop_limit,[1466,990,1228,988,1120,954,1138,941,1185,974,1207,938,1157,929,1167,974,1159,930,1169,954,1177,974,1169,968,1244,948,1205,975,1171,1019,1171,928,1159,973,1159,930,1125,927,1154,968,1163,919,1198,981,1197,979,1159,960,1210,935,1175,926,1144,928,1166,918,1130,888,1115,911,1194,991,1217,933,1132,930,1148,907,1117,961,1146,937,1137,958,1173,937,1163,955,1180,943,1163,976,1246,963,1164,970,1206,993,1175,913,1154,955,1176,970,1205,939,1198,940,1136,1007,1185,950,1175,941,1108,1000,1108,945,1218,958,1163,975,1163,919,1204,967,1210,943,1170,952,1213,995,1135,931,1112,894,1127,949,1223,991,1154,946,1137,1008,1233,969,1237,929,1135,941,1167,974,1198,959,1184,935,1128,924,1137,938,1152,928,1166,952,1155,978,1198,936,1209,983,1194,960,1199,923,1169,997,1244,969,1188,927,1189,927,1135,926,1172,918,1157,978,1174,950,1174,982,1222,944,1154,923,1187,938,1151,971,1158,932,1113,922,1211,986,1190,939,1187,985,1187,]
521,1,4,with_set,0.01,1,1,201,1118,loop_limit,[1466,1122,1275,964,1159,974,1321,965,1135,919,1159,941,1210,977,1449,988,1127,929,1206,945,1144,936,1209,952,1175,1098,1243,994,1189,955,1432,1122,1246,950,1187,973,1176,978,1176,960,1163,969,1245,958,1225,1095,1227,947,1204,977,1335,968,1169,959,1206,987,1150,896,1354,967,1197,966,1136,908,1206,945,1190,983,1369,1038,1196,976,1205,974,1106,997,1106,953,1340,1007,1447,976,1178,1015,1229,1114,1234,970,1341,974,1393,996,1222,1088,1381,1014,1272,963,1222,973,1164,945,1185,921,1130,1034,1146,1107,1178,942,1185,922,1207,946,1225,1097,1157,937,1433,989,1418,983,1181,935,1099,930,1146,957,1156,929,1183,1011,1190,970,1179,957,1138,915,1182,972,1144,932,1176,917,1200,975,1192,939,1195,930,1173,944,1136,938,1115,927,1127,897,1132,939,1139,920,1339,1124,1251,949,1135,941,1200,972,1140,897,1128,920,1353,959,1164,948,1130,898,1120,942,1381,1035,1222,989,1174,972,1185,1117,1447,1118,1246,938,1196,963,1110,891,1164,964,1118,]
521,1,4,with_set,0.05,5,5,201,1182,loop_limit,[1466,990,1183,973,1180,960,1141,956,1107,942,1186,963,1186,1109,1170,985,1144,944,1152,927,1122,1070,1159,1118,1246,969,1148,1121,1390,992,1200,1071,1403,1024,1184,926,1175,929,1452,987,1127,957,1165,957,1165,920,1124,938,1448,983,1183,976,1189,967,1171,942,1207,1100,1245,978,1188,937,1137,912,1441,1038,1216,984,1429,1124,1278,949,1393,973,1388,1114,1275,1010,1171,914,1191,943,1192,920,1111,899,1327,979,1214,980,1182,929,1152,970,1188,1088,1253,965,1392,1101,1242,999,1189,964,1371,1009,1433,968,1359,997,1188,930,1133,896,1116,977,1148,958,1159,985,1187,945,1225,959,1226,929,1154,949,1154,930,1166,973,1200,939,1171,1114,1245,949,1118,952,1166,959,1354,1000,1170,966,1120,964,1157,947,1182,932,1160,1076,1184,949,1134,899,1174,960,1165,957,1466,990,1190,950,1153,929,1204,907,1179,926,1415,1027,1224,924,1114,900,1166,1112,1170,957,1130,972,1184,972,1176,954,1158,929,1178,976,1159,1071,1254,1112,1213,937,1132,934,1182,]
521,1,4,with_set,0.1,11,11,201,1102,loop_limit,[1466,973,1226,1118,1224,982,1441,1027,1217,1093,1229,989,1178,973,1128,955,1163,956,1371,1102,1213,948,1357,1006,1387,973,1145,949,1154,978,1171,941,1380,1018,1162,920,1171,916,1436,993,1176,923,1162,959,1179,941,1156,925,1148,953,1158,1074,1180,918,1215,941,1162,920,1176,1120,1250,996,1189,966,1231,1108,1272,981,1172,916,1213,945,1133,922,1178,979,1132,903,1132,942,1169,930,1183,963,1186,926,1161,1086,1228,967,1228,948,1133,900,1130,910,1191,948,1348,992,1169,963,1083,956,1189,960,1174,987,1225,978,1113,933,1213,968,1201,985,1418,1029,1220,971,1198,968,1107,955,1168,935,1168,935,1150,1118,1220,1119,1227,989,1238,965,1164,971,1202,971,1142,1113,1181,942,1156,906,1410,976,1223,1083,1232,946,1133,960,1201,962,1214,973,1167,944,1150,954,1175,913,1164,964,1213,953,1115,891,1195,958,1145,1101,1213,958,1157,1102,1235,1122,1276,966,1167,1079,1210,983,1213,1000,1213,961,1220,1002,1205,956,1428,975,1188,931,1114,913,1102,]
521,1,4,with_set,0.25,28,28,201,1233,loop_limit,[1466,1023,1184,918,1166,953,1204,993,1175,922,1153,972,1192,940,1203,945,1190,968,1153,1094,1223,980,1132,929,1169,1119,1212,985,1120,954,1163,948,1165,954,1417,977,1246,993,1389,1117,1245,943,1197,946,1189,952,1164,936,1210,971,1331,983,1205,933,1217,949,1191,960,1143,960,1165,933,1163,975,1452,981,1185,932,1120,887,1171,965,1146,987,1139,914,1332,1127,1404,987,1145,897,1128,946,1411,1035,1438,1040,1146,1076,1230,969,1181,971,1166,946,1212,981,1118,1053,1264,941,1205,979,1205,979,1157,922,1115,1066,1150,938,1178,1127,1184,916,1134,942,1319,1088,1261,962,1167,955,1219,957,1451,1042,1148,1105,1213,954,1195,980,1202,977,1124,933,1176,905,1135,958,1119,973,1211,930,1185,1103,1224,939,1430,986,1376,983,1196,974,1116,1118,1246,945,1161,969,1179,943,1357,1026,1212,962,1345,1001,1180,920,1206,991,1156,965,1174,956,1207,1099,1229,1117,1274,971,1185,974,1170,931,1212,929,1142,1002,1227,935,1133,903,1344,972,1212,972,1233,]
521,1,8,with_set,0.01,1,1,201,1159,loop_limit,[1466,1056,1254,967,1445,971,1311,1022,1163,1119,1220,929,1459,1039,1316,990,1182,1127,1225,1112,1218,952,1100,889,1133,925,1153,961,1258,1127,1184,1127,1278,949,1267,963,1165,929,1134,1127,1228,1004,1305,1041,1240,969,1186,968,1159,954,1153,985,1206,927,1180,947,1137,1127,1278,1026,1466,1127,1253,990,1178,989,1466,990,1154,1127,1225,996,1232,966,1164,953,1156,949,1172,959,1466,1000,1147,960,1292,976,1459,971,1134,910,1178,930,1127,956,1115,1127,1329,964,1213,940,1147,960,1262,991,1199,980,1157,941,1142,931,1219,977,1218,998,1213,971,1174,930,1133,898,1097,1002,1126,957,1437,971,1166,1007,1181,956,1139,933,1151,954,1197,937,1114,1127,1229,946,1213,973,1173,939,1194,962,1152,916,1152,940,1267,953,1167,919,1235,1004,1149,929,1439,985,1190,950,1194,944,1152,921,1101,881,1108,986,1159,909,1163,1127,1352,1056,1184,962,1456,990,1228,990,1466,1023,1305,970,1169,930,1089,937,1232,973,1259,956,1188,1127,1184,916,1184,923,1159,]
521,1,8,with_set,0.05,5,5,201,1466,loop_limit,[1466,1066,1197,1001,1315,1011,1184,933,1088,927,1156,957,1075,987,1187,942,1163,1013,1163,959,1214,1054,1239,1013,1208,965,1225,933,1261,981,1466,1127,1225,1024,1442,1019,1185,971,1270,993,1179,987,1168,954,1161,978,1466,1000,1225,962,1163,1127,1253,950,1454,1024,1277,1024,1151,1008,1409,996,1310,997,1232,959,1466,1000,1189,921,1153,1116,1224,968,1170,919,1206,918,1185,937,1209,973,1104,921,1156,1126,1225,990,1284,995,1453,999,1466,1052,1150,958,1171,975,1176,923,1111,927,1203,1127,1246,1026,1167,933,1174,933,1235,970,1169,955,1176,1003,1221,941,1145,914,1164,927,1209,953,1277,1009,1143,929,1198,989,1198,945,1218,1127,1330,1030,1175,945,1129,905,1138,1010,1466,990,1238,1025,1454,989,1127,1002,1214,1127,1229,941,1169,1127,1253,1127,1352,967,1252,995,1410,1127,1229,1016,1147,1034,1233,989,1138,959,1195,933,1466,1043,1229,1127,1225,940,1159,950,1194,938,1142,1127,1253,993,1198,943,1216,955,1120,887,1455,990,1190,950,1164,957,1466,]
521,1,8,with_set,0.1,11,11,201,1150,loop_limit,[1466,1026,1217,929,1138,1127,1251,1004,1209,915,1191,949,1162,911,1208,1119,1175,913,1094,941,1123,962,1139,899,1448,1014,1216,1127,1228,932,1152,1011,1213,941,1259,990,1177,965,1155,1127,1343,991,1188,940,1155,955,1466,1040,1446,1021,1466,990,1165,954,1466,1026,1225,1000,1228,954,1220,1022,1276,941,1205,973,1131,919,1194,945,1225,931,1145,919,1275,1127,1228,930,1190,1127,1466,1084,1466,1043,1148,1010,1190,997,1466,1000,1205,962,1453,988,1146,930,1251,959,1164,975,1163,1119,1222,1007,1466,1043,1466,990,1190,955,1154,975,1196,962,1171,972,1200,1127,1225,968,1292,1006,1167,1120,1431,1127,1228,975,1165,968,1148,973,1126,998,1216,1127,1253,968,1186,1018,1212,991,1165,963,1224,987,1294,943,1094,948,1143,913,1208,1127,1228,930,1430,1047,1189,1006,1190,934,1183,929,1246,946,1208,954,1184,985,1172,1009,1190,963,1218,976,1179,1127,1253,976,1230,995,1444,986,1184,929,1159,1012,1239,992,1194,1124,1277,964,1190,936,1268,952,1156,947,1150,]
521,1,8,with_set,0.25,28,28,201,1167,loop_limit,[1466,1127,1184,944,1447,983,1127,1127,1278,983,1283,998,1132,969,1108,903,1171,908,1165,946,1466,973,1134,1006,1160,973,1137,1127,1228,991,1187,924,1157,936,1182,923,1145,946,1134,939,1118,954,1105,1127,1225,981,1102,994,1102,949,1114,1127,1225,1000,1189,1109,1218,1127,1251,1004,1206,979,1142,944,1158,955,1158,1121,1181,1042,1203,934,1145,966,1130,999,1186,989,1180,928,1156,958,1199,988,1174,931,1141,934,1184,998,1266,974,1167,927,1138,920,1200,1029,1140,1127,1229,1014,1160,1019,1229,1029,1198,1120,1243,1017,1466,990,1466,1043,1219,941,1217,996,1431,1024,1160,917,1138,944,1153,950,1457,1032,1245,947,1208,959,1174,910,1107,898,1136,901,1197,956,1148,977,1180,975,1219,979,1151,967,1128,967,1146,993,1189,925,1160,949,1190,980,1110,955,1164,922,1126,955,1197,991,1133,953,1466,1047,1206,953,1181,964,1167,956,1142,978,1248,955,1248,983,1187,987,1252,1127,1466,1083,1208,1008,1199,927,1115,930,1148,946,1148,969,1275,983,1167,]
521,1,16,with_set,0.01,1,1,201,1460,loop_limit,[1466,973,1466,990,1189,1024,1466,1127,1257,973,1219,996,1207,969,1270,956,1222,1127,1251,1018,1124,1127,1228,939,1172,1127,1310,1008,1466,1127,1466,1127,1253,993,1172,928,1466,1026,1190,1020,1452,1127,1466,1000,1236,925,1466,990,1466,1026,1187,1027,1466,1026,1430,989,1466,1043,1148,938,1180,1127,1466,1023,1466,1127,1350,1026,1466,1040,1466,990,1242,991,1214,974,1176,977,1171,927,1466,1023,1206,999,1466,1043,1466,973,1219,1002,1303,942,1427,1127,1466,1055,1466,990,1418,1061,1278,1002,1213,968,1458,1060,1217,920,1169,965,1130,905,1205,954,1184,951,1466,1040,1285,1127,1452,1040,1253,938,1210,973,1455,972,1173,1127,1466,1040,1263,962,1171,935,1185,1127,1356,980,1214,1127,1300,990,1294,972,1212,975,1224,993,1181,1120,1227,961,1220,1127,1246,1018,1466,1127,1257,1037,1466,1070,1208,938,1112,905,1206,1127,1309,1001,1142,947,1214,946,1132,1127,1466,1127,1225,1020,1221,976,1452,1127,1229,1020,1303,997,1219,984,1208,955,1165,1116,1229,1127,1312,1127,1460,]
521,1,16,with_set,0.05,5,5,201,1177,loop_limit,[1466,1040,1227,1127,1229,1127,1248,1016,1187,979,1159,1127,1466,990,1403,990,1466,1127,1466,973,1180,1102,1466,1043,1148,941,1191,957,1224,1007,1426,994,1422,1026,1221,1127,1273,1030,1240,932,1160,973,1466,1073,1261,997,1466,990,1255,992,1195,937,1404,999,1466,1064,1466,990,1238,1127,1278,1007,1421,1060,1222,1032,1431,1016,1189,991,1209,1127,1251,1010,1466,1079,1254,1127,1222,1120,1457,1020,1183,1127,1230,920,1144,1020,1466,1026,1187,1127,1246,1001,1303,983,1177,1127,1251,1127,1246,1103,1229,1127,1184,944,1453,986,1178,989,1466,1127,1452,1022,1242,1127,1278,1018,1307,972,1229,1033,1188,948,1192,935,1143,1085,1466,990,1451,970,1186,1002,1215,1019,1176,968,1457,1127,1253,1000,1222,1005,1225,973,1432,972,1414,1017,1453,1027,1185,1127,1457,1075,1314,1127,1251,934,1466,990,1195,964,1170,992,1438,1019,1280,1009,1134,968,1230,983,1146,1014,1222,1127,1213,1127,1466,1054,1466,1043,1232,1119,1278,971,1187,923,1185,959,1466,1030,1290,1127,1369,1009,1190,976,1177,]
521,1,16,with_set,0.1,11,11,201,1244,loop_limit,[1466,1000,1300,1012,1225,965,1188,988,1185,1127,1466,990,1449,973,1134,1127,1341,1127,1253,996,1218,996,1223,1127,1329,1127,1339,1017,1237,988,1241,993,1173,927,1154,1127,1268,973,1222,981,1466,990,1178,975,1443,988,1449,1023,1189,951,1466,1043,1466,1023,1189,928,1216,982,1214,939,1200,956,1203,956,1163,915,1167,936,1466,1040,1306,1127,1184,1127,1266,1007,1341,1016,1204,984,1459,1127,1466,973,1215,932,1149,950,1180,974,1205,988,1235,1127,1229,946,1225,934,1097,899,1466,1027,1213,982,1160,1029,1204,963,1214,1017,1175,988,1182,943,1466,1127,1225,1127,1246,1001,1190,1127,1460,1127,1253,968,1201,981,1285,1016,1466,1040,1201,1010,1237,1005,1452,972,1421,1123,1225,940,1147,960,1139,906,1466,1000,1225,982,1162,929,1208,962,1148,907,1415,1127,1466,1066,1328,1038,1466,1043,1466,1127,1278,968,1172,1003,1192,941,1450,1034,1321,1047,1266,958,1199,947,1466,1127,1225,968,1170,919,1139,953,1466,1127,1229,961,1154,942,1167,956,1242,1127,1466,1118,1244,]
521,1,16,with_set,0.25,28,28,201,1225,loop_limit,[1466,1127,1278,1014,1299,1127,1229,988,1466,1000,1278,1116,1466,1127,1246,969,1203,967,1188,1127,1246,999,1280,1018,1233,992,1233,1008,1196,1127,1246,988,1169,932,1224,971,1160,993,1142,1127,1301,1127,1333,973,1466,1127,1242,921,1466,1040,1466,1026,1216,1009,1173,924,1395,992,1466,1064,1210,1006,1186,933,1180,1011,1174,1110,1244,945,1089,956,1214,930,1162,1101,1452,1127,1290,1115,1251,1041,1443,988,1466,1043,1252,1127,1278,981,1186,960,1216,1127,1246,1009,1466,1026,1162,1010,1167,1127,1466,1043,1300,1005,1466,1023,1189,1015,1188,937,1200,1027,1173,1007,1193,1015,1180,929,1403,1015,1271,1127,1466,990,1182,975,1177,1127,1457,1040,1227,977,1202,956,1143,961,1145,934,1219,967,1183,1127,1253,996,1160,899,1138,1114,1179,968,1252,989,1219,988,1239,1127,1246,973,1219,990,1249,971,1178,940,1101,954,1144,967,1191,947,1200,957,1187,1106,1273,1000,1444,989,1227,1127,1274,943,1202,1127,1309,1127,1342,982,1183,1012,1223,1032,1267,973,1162,900,1221,1127,1225,]
521,2,1,with_set,0.01,2,2,201,188,loop_limit,[1466,746,689,477,501,466,494,345,379,320,339,340,357,291,319,256,292,222,261,230,261,234,265,200,208,164,225,182,197,172,216,166,212,174,184,162,205,164,191,195,191,160,197,156,224,156,151,146,174,148,143,152,180,157,174,157,186,143,180,158,173,147,174,142,179,158,183,154,182,179,224,159,213,216,219,192,191,165,200,180,199,164,200,204,230,176,240,215,270,220,234,215,247,251,241,217,259,196,225,218,243,177,208,171,209,187,234,195,222,168,221,193,234,195,242,188,229,187,235,189,188,170,217,179,223,170,217,207,207,172,215,182,182,150,178,166,194,171,219,171,173,199,233,183,242,174,188,154,193,174,201,187,204,222,256,180,199,172,189,175,226,188,181,173,189,161,184,149,156,122,129,156,167,135,148,108,132,129,155,144,190,179,216,183,190,192,218,170,203,215,216,195,223,227,227,199,260,212,215,169,188,]
521,2,1,with_set,0.05,11,11,201,196,loop_limit,[1466,742,690,462,467,365,388,272,286,301,332,270,288,220,248,208,238,216,253,212,246,194,262,193,235,206,246,208,232,198,210,193,259,210,234,191,193,183,213,156,172,178,207,181,219,194,231,200,280,229,247,220,288,242,251,219,220,188,232,184,237,182,201,144,166,133,183,167,207,191,230,176,247,209,213,196,198,165,195,216,251,225,229,180,213,191,190,225,275,234,238,184,220,180,231,190,211,172,207,186,197,216,233,206,247,200,240,215,246,198,224,174,216,173,205,179,179,141,189,170,211,167,162,139,208,198,191,167,203,158,207,191,198,178,158,147,154,143,178,168,189,176,211,190,214,195,232,213,274,201,244,207,297,236,265,217,286,239,277,218,305,218,246,245,256,214,243,206,226,198,247,205,256,199,230,177,215,181,195,162,200,180,224,180,216,202,242,222,262,202,228,171,192,197,192,197,250,223,208,169,196,]
521,2,1,with_set,0.1,22,22,201,225,loop_limit,[1466,742,876,742,688,473,479,372,373,301,327,252,283,242,242,205,263,205,206,171,200,192,224,210,206,180,225,181,223,182,226,200,211,169,194,206,236,197,226,199,214,181,208,209,231,187,195,154,177,161,184,157,182,160,185,172,194,191,203,192,292,232,265,247,320,252,283,288,393,305,335,337,361,300,343,283,355,309,402,301,316,251,285,288,296,260,273,201,247,216,227,196,215,172,219,184,212,195,248,179,228,218,234,168,188,154,194,178,222,245,232,201,222,191,205,229,271,227,265,276,299,225,251,268,348,287,313,253,284,211,247,211,235,213,245,204,228,205,228,190,249,224,262,227,243,205,235,203,234,198,230,210,260,236,266,190,242,194,211,170,232,198,216,170,171,150,167,152,209,195,234,243,256,204,220,178,171,154,192,183,206,172,215,162,234,162,175,167,199,143,156,160,188,200,217,160,203,191,225,220,225,]
521,2,1,with_set,0.25,56,56,201,283,loop_limit,[1466,758,705,506,548,517,595,408,416,405,395,300,311,258,353,258,353,285,406,306,329,270,367,306,334,241,279,225,250,186,230,177,188,185,206,168,191,161,216,194,199,180,209,203,243,238,288,239,264,204,256,189,226,223,261,204,232,200,235,212,270,216,246,206,216,192,213,182,240,186,228,192,267,230,270,222,262,226,235,253,244,197,217,201,189,180,216,185,187,158,170,138,180,151,195,180,227,180,204,168,176,146,155,145,178,176,173,146,174,136,155,146,184,171,211,164,198,161,166,167,187,216,243,198,274,228,264,211,327,258,302,229,278,222,261,202,218,185,264,188,195,182,214,183,224,185,224,187,201,192,229,185,211,211,222,188,205,183,210,189,207,203,238,198,240,177,194,200,255,206,257,196,233,188,209,175,212,174,199,162,173,155,170,170,220,180,217,191,256,217,245,197,249,197,278,212,279,220,248,227,283,]
521,2,2,with_set,0.01,2,2,201,214,loop_limit,[1466,746,728,470,501,338,371,286,297,262,306,251,306,208,252,254,282,211,258,201,234,204,219,195,259,195,228,207,279,207,284,219,262,208,220,204,234,206,231,182,224,233,262,196,221,181,277,181,216,179,214,167,196,161,221,204,221,186,206,196,187,176,229,225,252,215,286,235,245,208,301,208,211,167,221,192,234,199,267,212,258,202,243,232,263,267,305,267,315,247,290,262,317,277,279,266,292,230,263,198,236,197,240,215,241,183,228,198,241,208,227,161,191,177,203,186,198,176,226,175,199,179,186,178,186,209,223,209,269,205,220,242,271,267,271,222,250,225,266,235,239,194,196,161,168,159,170,166,210,179,176,172,176,167,183,179,225,149,219,195,231,195,210,181,198,188,210,179,169,171,173,163,179,154,201,178,220,204,233,200,243,195,223,217,239,186,208,188,217,182,211,187,250,198,275,216,223,206,220,172,214,]
521,2,2,with_set,0.05,11,11,201,208,loop_limit,[1466,767,760,493,472,350,382,295,328,240,338,288,326,328,347,263,305,301,336,258,329,279,286,256,312,247,285,275,285,225,272,205,224,177,212,214,240,171,206,166,226,194,251,169,180,168,204,215,240,218,225,234,234,193,239,202,218,176,231,221,248,224,252,212,215,163,183,130,173,174,188,155,176,173,207,162,203,185,184,154,201,190,218,168,207,174,192,187,212,174,208,209,246,214,229,213,251,202,253,238,304,252,254,229,265,224,224,183,216,170,206,199,223,184,222,194,246,199,235,223,233,206,222,194,210,196,209,179,178,194,211,181,190,166,172,170,183,180,187,175,178,154,180,176,184,170,199,165,176,147,142,128,160,154,178,161,206,165,179,168,209,171,246,225,238,214,232,188,252,209,289,207,233,210,246,185,216,193,262,240,277,217,229,194,197,223,197,178,244,220,238,203,232,192,278,192,239,180,248,211,208,]
521,2,2,with_set,0.1,22,22,201,247,loop_limit,[1466,767,722,467,489,382,464,357,364,268,315,262,278,216,260,246,255,213,248,194,223,197,233,198,239,219,230,209,261,222,263,214,248,176,232,185,251,199,231,203,240,197,230,184,218,227,252,250,279,236,247,229,299,258,316,261,290,252,296,237,270,217,250,212,210,170,227,218,216,180,275,219,231,221,239,196,269,198,309,225,249,199,207,183,210,190,202,180,257,201,288,244,277,248,341,248,245,212,261,214,252,196,252,210,277,218,256,192,238,197,238,217,255,215,254,224,269,263,291,244,260,187,223,202,244,183,207,191,192,168,179,159,188,140,147,113,142,141,137,115,133,130,164,158,205,151,227,223,264,220,271,209,285,232,268,280,277,241,255,231,216,202,223,245,255,219,258,288,311,238,254,217,202,176,244,190,201,171,227,178,215,185,206,163,189,148,156,151,204,181,202,166,184,188,205,191,237,202,228,220,247,]
521,2,2,with_set,0.25,56,56,201,305,loop_limit,[1466,763,719,481,513,353,480,363,396,282,312,240,271,266,294,251,286,286,326,257,361,334,411,309,327,279,313,247,279,249,271,232,257,242,248,194,230,191,223,210,240,195,259,232,259,193,275,216,226,201,235,189,213,200,222,193,253,218,245,244,272,221,273,250,239,198,237,212,229,209,283,227,244,212,266,208,227,257,282,244,261,281,329,288,336,323,357,321,339,328,377,277,262,206,215,186,224,199,257,233,225,193,210,189,253,222,227,218,304,239,287,235,227,207,236,216,240,261,339,279,329,345,384,304,303,242,273,209,256,260,298,221,257,249,274,239,267,229,251,250,284,284,298,304,346,288,280,237,250,216,212,160,195,152,184,160,192,156,190,147,168,130,199,178,223,206,258,210,263,214,226,179,197,183,196,150,218,179,193,145,211,184,279,218,249,202,225,202,236,226,266,205,255,199,227,212,271,238,265,225,305,]
521,2,4,with_set,0.01,2,2,201,255,loop_limit,[1466,767,708,476,637,448,586,501,628,714,636,568,540,422,533,356,404,297,396,311,332,275,303,235,254,214,231,199,222,196,197,162,214,202,227,242,295,242,246,276,297,253,282,278,282,278,299,314,422,434,432,306,312,250,291,252,299,250,287,234,416,356,394,358,394,298,388,298,358,255,291,270,290,297,294,269,294,297,303,252,268,239,257,229,230,200,256,271,457,381,394,480,473,449,473,449,427,319,304,309,377,304,333,251,306,374,377,279,494,371,516,381,498,369,383,276,300,247,307,252,497,337,378,314,340,354,337,262,341,414,413,327,318,338,421,303,313,266,357,374,416,374,428,390,562,422,536,565,806,569,762,514,512,599,579,367,388,397,677,469,471,385,675,444,441,355,352,364,379,482,462,330,334,288,291,213,254,232,305,227,248,257,333,270,241,204,233,197,211,174,219,170,193,153,178,160,188,153,241,180,255,]
521,2,4,with_set,0.05,11,11,201,343,loop_limit,[1466,928,798,695,671,766,694,458,459,376,427,301,424,327,356,287,375,282,294,301,356,290,342,277,295,243,280,224,299,242,325,251,275,223,248,191,240,205,197,179,203,180,220,211,223,189,311,252,337,267,271,227,249,183,307,257,256,212,219,232,272,261,299,293,445,288,318,264,302,260,283,246,262,224,286,224,237,225,239,213,254,223,230,183,250,268,303,241,260,233,233,204,220,192,226,175,247,207,265,210,290,222,225,245,293,210,362,279,314,314,356,267,290,209,272,227,395,387,375,293,339,260,284,219,254,214,244,223,344,275,302,243,262,224,248,212,246,282,312,237,251,219,291,247,286,282,287,231,262,228,234,215,259,218,259,210,275,237,339,237,339,307,347,307,357,436,472,597,540,390,397,315,385,351,381,295,326,254,301,218,263,196,197,177,288,217,302,247,289,249,293,221,265,228,408,323,347,299,347,327,343,]
521,2,4,with_set,0.1,22,22,201,402,loop_limit,[1466,763,923,558,568,429,459,317,376,483,697,461,605,440,471,347,359,303,402,322,389,285,333,284,331,251,322,234,292,218,218,181,241,193,258,215,252,198,230,239,281,203,317,250,274,401,398,293,348,351,384,349,361,301,519,363,408,440,440,323,367,288,293,332,337,268,316,250,258,211,314,211,243,217,276,243,375,313,327,416,423,328,456,335,383,352,410,403,466,562,568,388,400,303,345,334,381,294,314,236,259,185,209,169,193,179,193,186,238,224,284,212,239,205,221,199,214,158,164,137,188,152,195,163,189,174,200,157,173,221,238,189,227,184,232,194,230,248,230,191,221,196,248,193,281,193,224,185,206,186,217,176,251,202,222,189,294,275,287,234,258,223,258,220,326,283,291,238,290,280,470,400,433,439,572,401,414,395,408,295,338,256,270,225,271,361,550,389,423,289,309,263,315,308,326,281,305,256,433,368,402,]
521,2,4,with_set,0.25,56,56,201,270,loop_limit,[1466,767,704,485,477,616,582,632,622,564,622,564,622,405,444,317,441,351,394,474,486,350,594,529,528,420,471,426,458,428,470,347,363,299,315,332,414,311,322,317,322,250,313,320,373,288,316,257,267,211,255,198,198,266,296,242,293,408,414,319,309,326,448,493,471,438,697,468,451,575,583,406,412,397,421,320,363,411,429,524,531,475,502,477,508,339,456,336,345,301,314,263,305,249,305,254,314,265,358,281,301,379,384,392,389,445,575,423,430,309,299,301,348,270,308,256,276,233,264,209,245,251,316,280,316,264,367,329,389,317,340,257,277,210,256,276,318,281,306,246,269,218,296,240,314,253,265,225,319,244,302,229,280,235,266,206,232,185,215,228,290,378,387,305,324,279,298,262,248,235,260,265,271,212,205,192,180,186,225,228,247,250,473,339,349,334,349,267,265,212,251,239,266,211,331,273,279,227,243,234,270,]
521,2,8,with_set,0.01,2,2,201,239,loop_limit,[1466,1110,913,582,719,497,519,449,471,379,371,305,361,281,656,430,416,329,356,312,314,250,264,235,236,198,240,197,224,187,213,216,272,284,274,230,287,235,299,202,172,153,207,177,219,204,216,209,234,201,230,254,247,208,220,202,268,247,275,222,245,418,378,265,299,237,304,247,280,231,278,220,281,241,293,288,307,202,312,275,329,246,288,223,252,263,311,273,329,235,272,224,268,209,258,224,260,237,299,231,479,356,375,372,389,314,320,255,280,216,276,224,293,366,347,238,298,214,241,181,210,176,197,169,188,168,212,176,207,200,269,244,308,267,339,262,274,218,279,228,290,216,250,191,232,159,197,171,168,171,180,152,186,182,225,179,209,173,230,193,215,207,225,212,238,207,250,220,244,208,195,189,246,204,222,193,225,182,201,156,220,181,182,160,164,232,244,217,243,210,222,168,187,180,211,159,158,148,204,198,239,]
521,2,8,with_set,0.05,11,11,201,274,loop_limit,[1466,746,681,468,613,451,468,325,384,336,382,267,294,201,301,217,244,257,267,203,230,212,267,195,199,172,210,194,266,246,538,601,518,622,545,470,465,366,380,318,337,300,317,253,297,230,246,176,215,183,223,190,230,223,257,204,232,215,257,223,216,158,186,159,217,210,205,169,183,155,185,133,176,136,161,154,155,137,229,222,273,224,287,249,312,269,272,255,346,309,352,259,274,202,279,203,235,186,228,183,217,228,249,224,253,184,228,183,227,167,189,146,166,122,149,120,141,142,195,172,219,186,229,174,199,166,221,195,233,194,202,179,215,182,277,216,325,216,235,196,455,331,374,331,313,390,423,326,427,349,372,313,349,289,323,514,460,458,456,425,415,561,571,415,442,331,470,345,337,279,284,240,249,191,227,186,224,266,304,240,281,226,325,272,290,248,269,193,218,250,321,277,347,272,319,259,292,247,286,242,274,]
521,2,8,with_set,0.1,22,22,201,239,loop_limit,[1466,810,896,581,805,711,783,514,1138,635,588,411,461,349,393,326,413,337,388,292,308,259,485,345,406,277,312,234,281,228,283,226,272,339,372,326,332,253,281,297,321,262,275,211,306,241,293,232,243,191,264,216,218,165,203,165,194,155,214,182,181,154,160,148,160,165,171,163,185,176,219,248,277,248,257,235,256,201,221,201,192,197,425,351,374,309,337,267,297,246,314,284,304,488,476,348,376,290,278,238,269,227,294,250,251,209,252,207,226,197,224,226,279,233,287,225,251,196,226,178,181,153,185,153,217,153,215,190,224,187,208,173,220,147,196,156,202,174,234,204,209,211,222,206,222,189,247,224,409,365,404,315,402,316,419,316,343,292,332,273,306,264,273,235,279,362,374,316,367,355,390,263,327,227,260,237,264,378,410,306,415,323,336,279,331,253,258,198,235,184,205,276,336,301,329,274,326,224,255,210,239,]
521,2,8,with_set,0.25,56,56,201,249,loop_limit,[1466,746,689,485,494,354,392,271,322,527,488,358,372,306,321,270,300,311,358,292,332,260,273,241,284,217,253,200,228,245,259,193,264,238,524,352,351,267,301,267,546,392,393,287,321,317,331,248,265,183,203,227,253,293,334,302,340,289,349,250,301,225,244,191,250,193,246,223,249,199,225,214,259,216,232,213,353,288,313,237,281,251,276,227,297,213,194,186,228,324,361,289,333,246,273,232,287,227,426,355,346,270,313,251,306,246,277,236,276,245,279,253,330,268,312,233,277,211,267,189,210,164,209,249,276,233,280,195,240,245,315,228,268,228,259,240,284,231,245,205,251,217,243,318,318,255,292,270,342,286,298,238,260,259,248,202,254,208,249,186,224,172,246,260,305,213,277,196,226,182,206,193,210,212,210,174,200,185,269,199,238,212,217,190,244,263,303,258,298,246,285,234,283,264,283,245,312,229,244,219,249,]
521,2,16,with_set,0.01,2,2,201,325,loop_limit,[1466,763,905,555,558,421,443,896,775,603,589,398,462,346,388,299,384,321,849,774,624,470,1415,1127,1166,898,1016,602,551,535,528,378,477,347,383,397,1006,589,573,806,736,591,592,401,434,333,365,295,303,305,369,285,312,244,662,452,422,313,307,236,338,297,291,253,309,246,299,243,280,223,686,452,509,376,363,285,334,243,308,654,567,394,430,399,497,353,372,306,390,300,322,309,344,262,298,212,266,215,330,257,332,246,361,269,384,302,320,262,266,208,233,252,233,579,538,387,406,303,297,284,305,247,263,241,280,219,663,424,409,337,337,811,701,472,489,362,395,331,360,769,709,630,639,465,480,349,366,359,357,248,304,264,301,222,324,258,334,274,282,254,351,265,309,279,278,227,798,1042,1450,767,717,470,503,467,479,346,388,307,307,692,576,767,642,448,460,362,390,379,396,425,468,348,357,263,268,287,399,325,364,279,325,]
521,2,16,with_set,0.05,11,11,201,813,loop_limit,[1466,1127,886,564,570,518,540,384,415,469,442,436,441,312,827,547,523,390,1332,711,773,643,620,435,448,341,1114,633,776,475,487,372,418,311,444,304,357,351,404,446,455,331,365,292,424,292,424,287,325,247,347,283,287,243,263,285,322,331,391,343,334,236,277,211,253,576,807,492,827,486,457,325,354,360,548,416,411,321,322,249,949,736,725,930,807,515,1405,730,684,474,498,923,762,500,522,384,408,329,369,277,288,258,322,256,267,192,227,229,271,193,233,189,242,201,225,174,193,580,488,442,406,317,336,256,287,232,239,202,210,176,192,160,206,177,191,170,199,215,276,671,802,553,481,363,357,277,291,294,331,336,568,428,452,352,392,321,1133,614,658,1076,890,569,1284,693,764,503,491,337,418,324,344,287,444,332,589,441,464,359,470,326,466,992,1063,644,608,443,485,366,404,302,445,853,741,493,658,512,972,576,1126,665,813,]
521,2,16,with_set,0.1,22,22,201,399,loop_limit,[1466,758,702,624,580,429,438,326,349,287,341,271,325,310,353,275,379,295,323,407,450,374,459,346,366,288,356,270,332,260,267,229,246,190,219,185,224,181,248,202,237,216,263,261,344,310,300,296,366,321,341,299,346,290,413,339,340,283,324,259,255,229,215,183,225,188,236,237,280,281,942,649,642,1039,864,561,1113,1127,901,594,568,392,985,1127,901,572,568,398,450,361,404,367,388,303,350,902,772,495,520,383,722,517,547,404,423,323,348,362,404,271,296,241,276,234,223,229,289,243,286,218,242,259,296,257,361,303,317,250,306,259,296,225,261,238,930,553,707,469,509,391,465,356,413,403,388,294,310,233,289,259,280,661,552,420,423,343,374,286,1036,599,560,372,415,294,453,335,490,381,409,282,317,318,341,275,734,454,810,503,493,346,385,270,302,769,707,488,616,1040,1466,767,682,535,511,352,397,450,485,473,522,396,399,]
521,2,16,with_set,0.25,56,56,201,280,loop_limit,[1466,784,726,501,664,522,523,411,450,350,374,294,334,748,613,428,389,427,527,383,1352,737,694,524,529,363,398,316,364,280,282,242,289,271,299,248,289,231,280,218,261,246,276,219,240,204,237,198,578,652,615,424,419,318,339,271,346,253,285,279,327,228,270,248,331,294,329,332,399,301,291,247,275,291,313,246,346,264,301,303,301,237,274,272,829,512,473,438,473,349,382,415,589,418,456,329,474,339,358,308,297,230,254,244,268,274,931,659,626,420,569,420,472,441,475,345,389,299,346,243,301,231,275,216,280,628,630,423,443,339,434,348,329,354,355,320,361,260,380,298,311,261,796,597,539,369,377,285,430,313,304,264,258,249,287,237,294,274,362,312,409,297,421,327,1195,658,647,447,455,362,409,315,339,255,298,223,321,273,294,225,260,216,246,664,552,361,370,355,446,345,403,435,443,329,333,375,381,277,287,284,280,]
525,1,16,with_set,0.01,1,1,201,8,loop_limit,[144,16,9,2,6,2,2,2,8,2,2,2,5,2,8,2,6,2,3,2,2,2,5,3,6,2,3,2,2,2,6,2,3,2,6,2,6,2,8,2,3,2,3,4,2,2,2,2,8,2,5,2,6,4,5,2,6,4,6,2,3,2,6,2,5,2,2,4,2,2,3,2,3,2,6,2,5,2,8,2,5,4,2,2,2,2,6,2,5,2,5,5,4,2,5,5,5,2,3,2,3,2,5,5,2,2,2,2,3,2,3,2,5,2,8,2,5,2,5,2,2,4,8,4,5,4,6,3,3,2,2,2,2,2,5,2,5,2,2,4,3,2,8,4,5,2,2,4,6,2,2,4,3,2,3,2,2,2,3,2,2,2,6,2,8,4,3,2,5,2,5,3,6,4,3,2,3,4,5,3,6,2,6,4,2,2,3,2,2,4,5,3,5,2,5,3,5,2,2,2,8,]
533,1,1,with_set,0.01,1,1,201,28,loop_limit,[575,313,190,151,106,93,82,68,58,43,47,36,35,32,35,39,29,28,28,40,26,37,38,40,26,44,35,44,33,35,32,29,33,29,26,17,18,14,13,12,10,16,14,18,14,21,25,22,26,25,25,32,26,22,19,13,14,24,26,28,36,35,34,27,18,20,22,22,22,24,16,19,14,17,22,28,21,28,28,22,22,21,10,9,8,7,19,22,23,29,33,29,39,38,27,25,26,34,29,16,20,32,30,28,19,22,21,20,14,25,21,22,25,30,21,12,18,20,26,18,19,15,22,21,20,34,27,34,27,18,27,33,24,22,28,20,15,13,18,25,23,25,19,25,17,19,21,28,17,17,21,17,18,22,20,13,20,22,26,19,17,22,30,42,35,31,18,40,38,34,27,35,26,31,29,30,24,27,32,26,24,34,28,36,29,35,33,38,37,34,32,42,32,30,39,29,24,28,27,41,28,]
533,1,2,with_set,0.01,1,1,201,13,loop_limit,[575,303,293,303,191,133,115,82,72,54,63,48,50,48,35,22,14,16,18,16,14,13,16,19,21,21,27,28,29,27,26,22,21,35,27,40,35,24,31,23,22,23,19,17,16,16,14,19,16,17,25,17,25,22,29,29,20,43,33,39,29,32,33,27,29,20,27,25,18,26,21,13,10,15,16,20,15,15,15,20,16,22,26,21,26,21,23,26,30,32,27,25,27,26,24,36,26,28,13,8,9,14,14,22,20,22,22,24,24,26,22,22,20,22,26,26,29,41,27,36,22,25,18,20,22,15,12,8,8,10,19,29,19,28,17,19,16,11,11,23,24,20,22,25,18,19,22,23,19,15,14,13,16,31,25,15,14,16,24,16,16,26,16,18,21,19,16,19,21,18,20,23,20,26,23,23,23,26,20,23,29,34,30,38,22,21,19,31,26,27,17,19,20,15,14,9,15,13,10,13,13,]
533,1,4,with_set,0.01,1,1,201,23,loop_limit,[575,358,229,196,154,116,153,103,87,72,59,52,58,41,39,27,37,19,29,24,19,21,20,29,33,29,20,44,33,41,34,24,26,23,40,31,34,37,26,36,20,11,12,12,11,12,20,20,16,20,26,21,25,20,30,24,23,24,12,13,13,11,17,21,18,20,16,19,19,18,12,15,10,13,6,7,7,19,22,18,22,21,22,20,17,26,32,24,23,21,29,23,24,49,32,31,18,25,22,27,22,39,32,36,26,22,20,14,14,19,23,31,21,18,17,17,18,26,17,22,17,30,32,27,32,26,21,27,16,16,20,15,12,23,27,33,38,29,35,39,33,26,17,29,26,23,30,32,34,29,30,22,23,23,19,33,32,32,25,21,21,16,8,10,13,12,17,21,12,10,19,15,18,20,19,16,13,13,14,13,16,31,25,21,22,21,28,33,29,37,41,35,21,18,23,19,25,29,26,26,23,]
533,1,4,with_set,0.05,5,5,201,16,loop_limit,[575,449,301,170,152,114,108,103,74,53,35,34,35,27,29,33,31,29,29,36,26,26,25,26,29,21,21,22,19,31,34,20,25,22,16,11,14,12,26,29,25,28,27,23,26,26,21,24,13,11,11,18,23,22,14,14,21,14,12,13,14,9,17,16,14,12,17,14,13,13,16,16,16,26,9,14,12,18,20,31,21,16,17,14,18,15,15,23,22,24,14,13,10,13,12,19,18,29,27,25,17,17,19,18,19,21,16,23,26,20,22,23,23,19,20,20,18,23,17,21,15,12,17,19,15,29,24,42,30,25,25,31,28,40,28,29,39,47,40,47,47,47,47,34,33,27,26,23,21,26,33,32,33,39,22,29,34,31,28,35,32,30,26,29,35,27,21,23,27,23,23,20,20,17,21,22,17,22,20,22,30,32,23,27,19,14,18,14,12,22,13,23,10,11,14,11,13,13,16,21,16,]
533,1,8,with_set,0.01,1,1,201,28,loop_limit,[575,303,226,159,148,112,85,65,42,56,68,66,50,49,37,32,26,37,27,24,21,27,15,21,26,29,20,20,28,24,22,27,23,19,12,20,11,20,21,22,17,13,23,17,17,18,24,15,15,12,14,14,20,19,17,21,23,31,42,40,34,33,34,31,28,26,24,34,36,34,34,44,30,38,36,35,23,31,25,43,35,30,31,35,33,29,20,23,14,24,18,17,15,11,13,19,27,27,21,23,25,23,19,23,20,16,13,26,29,23,34,41,39,22,29,30,34,35,22,34,27,24,17,20,20,27,26,22,17,20,13,17,14,27,27,17,19,21,23,21,29,31,21,19,18,20,20,34,31,22,14,14,16,20,17,16,13,16,22,19,21,14,20,22,24,17,24,26,12,22,13,17,17,21,27,29,18,27,26,32,24,30,26,32,14,19,18,13,17,22,15,17,15,12,16,19,17,16,18,33,28,]
533,1,8,with_set,0.05,5,5,201,24,loop_limit,[575,299,225,158,108,131,119,112,90,71,64,59,46,45,33,32,26,23,25,15,14,13,11,12,7,7,8,15,12,12,15,13,21,20,15,15,18,28,23,42,44,42,45,38,37,30,17,19,22,22,15,11,14,15,16,23,14,19,14,14,16,15,16,15,20,23,15,18,30,26,22,23,21,32,26,27,14,14,15,17,13,14,13,19,15,13,8,11,20,20,19,21,14,20,23,31,25,35,28,26,22,16,17,19,18,17,13,21,13,14,18,17,24,19,22,25,27,23,23,28,23,32,34,28,30,29,36,28,31,33,31,31,40,37,27,36,33,34,23,22,19,21,21,24,27,34,40,35,40,37,44,37,28,22,21,21,16,20,16,17,25,23,27,25,24,34,22,21,12,12,14,13,20,20,25,20,25,30,24,25,20,24,19,17,19,21,18,18,15,16,21,23,18,21,18,21,19,18,32,32,24,]
533,1,16,with_set,0.01,1,1,201,30,loop_limit,[575,393,286,196,154,89,76,64,59,57,54,55,56,73,61,44,45,53,40,28,37,35,31,36,31,25,23,28,21,25,25,39,27,23,23,23,17,20,21,14,13,12,12,19,23,17,17,11,14,19,17,21,28,33,33,31,28,19,23,22,23,16,22,11,16,16,21,14,21,18,8,13,13,34,24,21,24,22,21,16,14,13,13,10,8,10,11,15,16,28,29,33,29,40,29,35,31,45,51,36,36,42,33,34,29,29,38,45,28,36,33,24,25,25,23,18,24,24,19,29,18,28,18,27,18,12,12,14,18,19,16,24,21,22,21,22,21,24,22,25,28,28,29,28,27,24,22,23,21,26,23,23,21,23,25,25,17,14,16,18,12,11,9,10,14,12,13,16,12,12,14,12,14,14,14,10,14,19,21,22,20,19,16,21,18,13,13,23,22,24,17,18,16,24,20,16,15,13,24,31,30,]
533,1,16,with_set,0.05,5,5,201,10,loop_limit,[575,484,275,209,262,193,327,389,209,166,120,88,78,81,70,51,38,98,57,53,50,30,44,31,33,22,21,17,15,15,23,26,59,43,36,43,27,45,39,29,71,62,40,28,25,26,20,65,46,51,55,45,37,37,109,79,72,57,48,46,40,34,37,34,25,24,25,15,14,17,20,18,21,25,22,15,20,18,22,21,21,18,14,15,14,21,15,21,18,27,19,15,16,13,15,12,11,8,7,9,8,7,7,13,12,13,19,21,16,24,16,23,16,18,32,25,24,29,30,21,28,26,31,26,29,32,15,26,20,27,16,24,17,21,19,20,21,30,23,32,16,24,14,14,14,21,15,27,25,19,21,18,24,28,24,17,12,18,20,16,14,18,18,20,12,27,19,18,20,24,17,13,14,21,13,17,10,9,8,13,17,14,18,18,22,18,13,10,17,29,16,20,19,13,13,13,15,10,12,12,10,]
538,1,1,with_set,0.01,1,1,201,2,loop_limit,[208,42,13,4,4,3,3,2,2,2,5,5,3,2,2,2,5,3,3,3,3,3,2,3,2,2,4,3,3,3,4,3,3,3,2,2,3,3,3,2,2,3,2,2,3,2,2,3,2,3,3,2,2,3,3,3,3,2,2,2,4,2,5,2,3,3,6,4,2,2,3,2,2,2,3,4,5,6,4,3,3,2,2,2,4,2,2,2,3,4,3,4,4,2,5,2,2,2,3,2,2,2,3,2,2,2,3,2,2,3,4,2,5,5,3,2,5,5,3,2,3,2,2,2,3,2,5,3,3,2,3,2,4,2,4,2,3,3,4,2,5,4,4,3,2,2,2,3,3,4,6,3,4,2,3,2,5,5,5,2,2,3,2,2,3,3,6,4,4,2,2,3,4,2,5,3,2,3,3,4,5,2,2,2,2,3,3,3,4,3,7,5,6,3,4,3,2,3,3,2,2,]
547,1,1,with_set,0.01,1,1,201,4,loop_limit,[384,206,90,89,44,67,43,45,42,42,23,20,12,7,13,17,20,13,5,4,5,3,8,4,4,5,7,4,2,3,2,1,1,5,2,3,3,5,4,2,5,4,4,2,3,4,6,6,4,5,4,5,7,7,8,7,4,5,2,4,4,5,6,9,8,8,8,7,12,10,15,15,19,13,13,13,9,14,19,12,10,6,9,8,4,2,3,2,2,2,7,7,6,4,3,6,5,4,3,6,4,4,3,2,3,5,5,5,6,5,4,5,6,7,14,5,5,6,4,4,7,5,5,5,7,11,8,9,11,11,13,5,2,1,1,2,1,1,1,5,6,4,10,7,4,6,9,6,10,7,7,8,6,10,5,3,5,5,3,6,5,4,3,2,6,2,6,7,7,4,5,7,8,11,9,9,7,4,5,6,6,4,4,5,3,2,2,2,5,5,3,5,4,6,4,4,2,4,7,3,4,]
547,1,2,with_set,0.01,1,1,201,12,loop_limit,[384,217,125,78,67,54,35,28,23,14,17,15,8,13,16,5,7,6,7,7,5,3,5,3,5,9,10,9,14,10,16,8,12,7,13,8,7,7,6,5,6,3,2,2,2,4,7,6,2,3,5,5,5,1,1,1,3,3,6,5,7,4,6,7,9,8,6,8,14,9,6,12,7,8,10,7,6,5,2,5,5,4,5,3,2,4,3,2,4,4,2,3,3,5,5,4,5,4,4,4,4,3,2,2,5,2,3,3,4,4,7,5,4,3,2,2,3,5,6,6,6,4,3,1,2,4,5,4,5,4,6,8,8,4,5,6,7,8,3,5,4,3,1,1,3,1,2,1,1,3,4,4,11,4,11,4,6,10,11,10,13,13,13,12,13,8,2,1,2,3,3,3,6,7,8,8,11,7,13,13,10,11,15,11,9,11,4,1,3,5,8,8,8,8,15,11,11,4,12,11,12,]
547,1,4,with_set,0.01,1,1,201,6,loop_limit,[384,175,108,97,81,56,36,19,18,10,14,6,12,6,7,7,5,3,8,6,7,5,3,3,2,4,5,3,3,3,5,2,1,1,2,1,2,2,6,3,2,2,6,4,4,8,9,5,5,6,7,7,6,7,8,7,7,5,9,3,3,3,7,4,5,6,9,8,7,4,8,9,15,7,5,6,9,3,8,3,3,1,1,2,3,2,2,1,1,1,3,6,12,8,12,5,6,3,8,7,10,8,14,15,21,14,8,6,4,4,7,3,6,4,5,2,3,2,2,2,2,5,4,1,3,1,3,2,3,1,1,1,1,1,2,3,6,3,4,5,5,4,6,6,6,4,3,4,5,6,7,11,14,14,10,12,20,16,13,8,12,5,5,7,9,2,3,2,5,5,5,7,13,9,8,7,6,5,7,6,2,4,5,4,3,5,7,2,5,5,6,1,3,2,3,4,4,5,2,6,6,]
547,1,16,with_set,0.01,1,1,201,5,loop_limit,[384,182,103,64,48,38,43,33,19,12,9,6,7,7,6,4,5,9,10,8,7,2,3,3,2,3,1,1,3,3,4,3,2,1,3,4,3,4,5,4,5,2,2,3,3,6,5,3,4,3,6,3,4,4,5,4,2,3,8,5,7,5,3,6,15,9,9,9,11,6,13,3,3,4,5,5,2,1,1,1,3,2,5,3,4,6,6,6,7,2,1,1,1,1,2,4,7,9,10,9,14,8,6,7,3,3,4,3,4,2,3,1,1,1,2,4,4,5,6,6,5,2,3,2,2,1,3,4,4,6,4,7,6,4,3,4,4,5,2,3,4,6,4,4,4,4,5,6,8,2,4,3,3,3,1,1,3,6,5,4,6,4,6,5,7,4,5,3,3,8,3,2,1,3,3,3,1,1,1,1,2,2,3,6,5,5,8,4,2,3,4,5,5,6,4,4,3,2,2,2,5,]
560,1,1,with_set,0.01,1,1,201,10,loop_limit,[441,73,49,15,8,10,8,10,8,5,3,3,7,8,7,3,3,2,3,4,4,3,8,3,6,3,6,4,9,6,8,4,5,5,9,5,9,7,8,3,8,3,3,3,5,3,4,3,4,2,3,3,4,3,4,2,4,3,10,6,3,2,6,3,3,2,6,3,4,3,3,2,4,3,6,3,4,3,7,3,5,3,10,5,6,5,6,2,4,3,7,4,14,3,4,3,7,5,8,3,7,5,11,6,10,7,9,4,4,3,6,3,4,3,9,6,10,4,8,8,9,8,9,5,6,7,7,3,7,5,5,3,3,3,4,4,9,4,5,3,7,5,4,3,3,3,10,4,4,3,7,3,3,3,4,3,4,6,12,7,6,4,12,8,11,9,9,7,14,8,9,3,6,3,9,5,4,3,4,3,7,3,9,4,4,3,14,4,4,3,4,3,8,8,15,6,9,5,12,7,10,]
560,1,2,with_set,0.01,1,1,201,6,loop_limit,[441,78,63,21,30,10,14,8,5,4,4,4,4,2,6,3,6,4,5,3,3,3,4,3,3,2,6,3,6,4,14,4,14,6,11,7,9,5,7,6,4,3,7,6,7,4,5,3,3,2,7,4,4,3,5,4,5,3,7,7,7,4,8,4,8,4,15,4,9,4,4,3,7,3,5,3,7,3,7,7,6,5,11,8,8,3,4,2,3,3,3,2,3,3,3,3,14,4,5,5,6,3,3,2,4,3,4,3,14,4,5,5,5,4,7,3,3,3,3,4,6,3,3,2,6,4,7,5,5,3,10,6,9,4,6,3,6,4,6,3,3,3,8,3,7,4,6,2,4,3,4,3,10,6,9,4,5,3,10,6,7,4,9,5,4,3,7,2,3,3,6,4,10,5,9,4,7,5,4,4,4,3,3,2,5,3,6,4,10,3,5,3,4,3,7,7,6,5,11,3,6,]
560,1,4,with_set,0.01,1,1,201,3,loop_limit,[441,76,43,20,13,7,7,4,14,4,6,4,6,4,3,2,7,4,7,8,8,5,14,4,7,5,4,3,6,5,9,5,5,3,9,5,4,2,3,3,4,3,6,3,4,2,6,2,7,3,6,6,6,4,7,4,9,8,9,8,11,5,8,4,12,4,5,3,3,2,3,3,4,3,9,5,5,4,9,5,6,4,4,3,6,3,4,4,9,5,9,4,10,4,5,4,6,4,8,3,10,3,10,6,7,4,3,3,10,6,3,2,4,3,4,2,4,3,4,3,7,3,10,6,7,5,5,3,3,3,8,3,9,4,6,3,7,4,4,3,3,3,7,5,10,5,8,3,5,3,7,6,7,2,3,2,5,4,4,4,11,7,8,4,8,5,8,4,7,4,6,2,5,3,4,2,6,3,6,4,11,5,8,5,3,3,10,3,6,6,8,4,10,6,6,3,5,5,4,2,3,]
560,1,8,with_set,0.01,1,1,201,8,loop_limit,[441,76,43,9,12,8,9,5,10,6,9,4,7,7,7,2,6,4,6,5,7,5,4,4,4,3,9,5,15,6,9,8,7,3,4,2,5,3,6,4,5,5,7,2,3,4,9,5,9,5,6,3,5,5,8,5,7,5,6,2,6,2,6,3,3,3,5,5,9,8,11,6,7,6,11,7,10,4,3,2,6,4,8,4,10,4,9,5,7,5,8,5,7,6,12,4,4,4,6,7,7,6,7,4,4,4,4,2,4,3,4,3,7,5,6,3,5,3,6,5,4,3,3,2,6,2,5,3,6,4,4,3,5,4,3,3,14,3,14,5,7,3,4,3,3,3,6,4,8,5,10,3,4,4,6,6,11,6,9,4,4,3,4,3,10,7,8,3,5,3,4,3,6,4,3,2,4,3,3,2,3,3,4,3,3,2,3,2,6,3,4,4,6,4,11,5,9,3,4,3,8,]
570,1,1,with_set,0.01,1,1,201,20,loop_limit,[312,165,141,98,89,81,41,41,22,36,21,33,17,10,6,12,12,15,12,18,19,27,23,27,15,21,15,19,9,19,9,22,12,11,11,23,10,18,19,26,12,26,17,23,16,23,16,21,19,27,18,38,20,26,16,24,16,23,12,21,19,16,13,11,11,24,12,22,8,14,8,16,11,12,10,12,10,11,10,10,8,14,10,17,14,15,14,12,10,16,10,16,11,16,9,21,14,13,13,15,10,11,9,14,12,20,20,16,9,26,15,30,14,23,10,15,19,14,10,12,13,20,13,22,12,26,21,31,18,21,15,21,18,25,15,22,17,18,19,22,17,19,17,22,19,24,14,19,9,22,12,17,15,16,13,24,14,12,12,11,12,24,19,25,18,34,17,26,17,26,23,21,10,14,14,23,13,22,10,22,10,18,12,26,10,23,12,15,9,25,9,17,7,15,8,15,9,18,20,29,20,]
570,1,1,with_set,0.05,5,5,201,11,loop_limit,[312,148,87,54,47,50,22,32,19,19,17,18,17,25,15,20,28,25,16,29,15,14,14,22,14,19,13,12,13,13,7,15,12,19,14,26,16,32,14,24,22,29,13,19,12,26,13,25,19,19,16,22,9,18,16,26,11,20,15,23,10,25,20,14,6,13,11,10,11,24,17,21,10,27,15,14,6,12,10,16,13,12,14,17,14,22,12,22,15,22,13,23,11,14,13,18,14,18,15,16,13,26,19,26,17,28,15,12,6,14,14,12,8,20,12,31,17,22,12,13,8,16,8,18,15,22,15,29,17,24,12,13,8,16,10,26,13,14,8,20,12,26,10,23,10,16,6,16,10,15,10,19,19,24,13,18,14,21,9,21,16,13,10,18,16,25,11,13,10,19,15,23,12,28,13,20,15,23,22,22,12,15,18,28,18,18,15,13,7,23,12,17,10,12,10,11,9,22,16,27,11,]
570,1,2,with_set,0.01,1,1,201,20,loop_limit,[312,153,66,58,28,24,18,38,12,28,19,19,19,13,8,16,9,20,16,25,10,19,13,22,15,28,14,23,16,28,24,25,14,21,18,17,14,24,19,27,19,15,9,13,13,19,13,23,16,19,7,14,9,14,10,17,15,31,18,27,16,15,15,18,14,26,17,25,17,16,11,21,8,18,13,13,10,18,13,26,10,25,9,16,10,10,7,20,12,12,14,18,12,19,10,18,18,16,10,16,13,14,13,11,12,13,11,27,15,19,22,25,16,27,11,29,13,27,16,18,11,19,18,21,13,21,16,18,16,16,15,23,13,29,12,14,11,19,7,13,10,18,15,14,13,18,11,20,14,22,12,11,6,11,10,18,11,11,9,26,15,30,15,21,14,41,24,27,13,15,14,26,14,21,12,14,11,22,12,19,17,34,22,36,22,26,20,38,24,30,18,18,20,23,15,14,14,17,15,18,20,]
570,1,2,with_set,0.05,5,5,201,18,loop_limit,[312,153,71,60,42,34,20,29,12,20,13,22,15,19,15,23,10,14,12,21,17,22,8,17,12,15,14,22,7,16,13,17,9,19,10,17,14,23,19,15,12,22,19,24,17,14,11,10,8,22,8,22,15,13,10,24,10,21,15,25,20,29,18,21,13,20,17,18,16,14,11,17,14,18,14,12,7,28,11,19,13,17,12,23,19,30,18,30,18,27,17,14,12,12,8,16,11,13,12,23,13,20,16,17,8,13,10,13,14,16,15,25,15,20,19,21,19,24,19,12,9,21,18,34,13,24,16,25,18,26,8,15,8,17,10,12,14,14,11,18,13,23,19,14,10,18,14,13,14,16,11,28,17,19,14,24,10,13,16,14,10,18,14,12,10,19,6,20,11,14,9,15,9,17,12,13,13,20,13,29,22,25,18,16,12,21,12,15,10,20,14,19,13,17,13,17,16,20,14,22,18,]
570,1,4,with_set,0.01,1,1,201,11,loop_limit,[312,165,141,121,92,69,40,50,28,43,17,29,20,25,19,17,14,22,13,18,14,13,13,17,10,22,20,23,10,19,16,20,23,28,14,30,10,15,10,21,16,20,17,31,19,22,18,15,12,20,23,27,20,35,27,27,10,15,10,15,9,23,15,15,9,13,6,13,7,15,13,15,13,19,12,14,7,12,14,24,17,28,17,27,11,28,21,33,14,16,10,22,9,20,13,14,10,29,19,25,18,25,18,24,15,13,7,12,9,22,10,18,13,16,14,11,13,21,8,10,8,16,17,26,18,28,15,33,19,21,16,29,20,29,18,31,21,30,16,26,16,30,11,15,10,34,21,30,14,22,21,21,16,25,11,19,14,21,22,20,11,23,12,18,13,24,17,11,6,15,12,18,10,18,16,17,14,20,12,21,10,18,12,26,28,24,11,15,14,13,13,25,12,12,13,16,13,20,17,26,11,]
570,1,4,with_set,0.05,5,5,201,16,loop_limit,[312,165,141,165,75,85,47,36,22,30,20,18,14,20,10,11,10,24,8,16,10,21,11,12,7,15,10,21,13,18,7,21,7,21,13,23,18,19,10,17,12,18,10,24,11,12,9,14,17,18,12,14,14,31,18,31,19,30,19,26,23,26,14,23,11,23,16,25,10,20,12,18,15,15,18,21,16,36,16,27,14,17,12,23,16,27,18,13,7,18,9,20,12,25,10,20,14,22,14,19,12,16,11,24,18,20,15,25,13,11,8,19,14,32,25,34,18,21,12,25,11,24,13,17,10,13,9,20,18,22,15,24,14,17,15,15,6,15,7,12,13,16,11,11,7,14,9,14,10,21,19,23,15,24,10,11,8,22,7,17,13,19,10,23,15,20,15,24,16,21,17,26,13,20,17,18,16,31,17,25,19,36,19,24,24,25,21,25,17,23,13,22,16,17,12,14,10,17,14,14,16,]
570,1,8,with_set,0.01,1,1,201,8,loop_limit,[312,150,53,61,29,44,27,24,16,23,11,19,9,30,24,31,13,22,12,18,18,15,10,17,14,14,15,21,11,14,9,15,13,18,13,17,12,26,17,29,21,29,17,22,13,18,16,28,29,41,24,19,19,25,16,17,13,18,15,15,12,15,9,22,16,21,11,14,12,25,19,29,16,27,23,41,17,26,17,27,12,33,21,17,14,20,17,15,14,20,10,18,11,17,15,10,5,9,8,16,9,16,11,22,16,12,6,18,16,12,10,16,15,18,6,15,12,24,14,17,14,14,11,21,13,20,14,23,18,24,30,28,25,31,22,31,17,17,14,22,17,21,10,28,19,22,19,22,12,13,7,16,13,17,12,13,14,16,13,27,11,14,8,15,11,15,10,17,16,26,16,25,12,20,9,16,5,9,6,13,8,27,19,27,18,19,10,16,8,16,14,27,20,19,10,18,9,12,7,13,8,]
570,1,8,with_set,0.05,5,5,201,8,loop_limit,[312,189,74,98,74,98,77,81,51,56,50,43,35,66,35,66,36,39,22,32,13,18,19,22,14,15,14,23,14,23,16,23,13,21,19,26,13,12,10,16,16,22,19,21,19,25,20,23,11,26,11,26,11,22,19,22,18,30,18,30,23,26,16,18,11,23,14,18,17,21,12,23,9,16,14,23,12,21,9,14,9,16,9,13,9,16,12,10,10,25,18,16,19,19,12,16,9,17,10,14,9,18,14,24,13,19,14,24,14,30,21,33,15,24,16,22,22,27,18,15,14,15,7,18,8,16,8,22,8,19,15,23,12,17,13,17,13,18,16,26,18,28,28,39,22,22,15,15,12,22,19,18,12,21,14,17,6,17,6,21,8,14,13,13,13,15,12,13,9,15,6,10,8,16,16,21,12,24,16,13,10,17,12,12,11,19,13,26,10,20,10,18,14,26,14,24,21,26,22,25,8,]
570,1,16,with_set,0.01,1,1,201,10,loop_limit,[312,388,287,350,125,101,44,38,28,26,26,33,17,29,8,11,10,14,9,16,13,12,14,18,13,21,19,37,15,23,19,28,23,31,13,22,10,18,7,17,8,21,16,25,16,12,10,12,6,12,14,26,18,21,16,22,12,23,15,22,14,21,14,27,11,24,15,19,11,19,13,17,12,24,24,22,13,22,12,13,11,18,19,26,15,19,14,16,12,16,17,14,10,15,15,23,17,26,19,14,12,20,11,16,12,24,16,30,16,20,16,25,19,38,19,37,21,24,12,19,16,34,19,26,22,19,12,16,15,22,15,43,23,33,31,41,29,36,16,18,9,13,10,16,19,16,11,22,17,26,12,13,11,18,11,16,10,16,12,29,18,30,9,15,12,13,10,12,13,20,17,19,13,25,13,17,13,18,15,23,12,24,16,27,19,27,22,25,14,15,15,27,19,19,10,17,14,18,15,23,10,]
570,1,16,with_set,0.05,5,5,201,10,loop_limit,[312,150,149,78,25,33,22,24,14,18,12,16,16,16,11,14,11,16,7,24,14,24,20,21,19,24,22,17,10,17,21,37,17,22,15,25,14,24,18,17,11,20,8,12,9,34,16,19,14,23,12,19,18,26,22,22,10,13,8,13,12,17,8,21,12,19,13,20,19,24,11,19,13,23,19,31,15,24,12,27,11,19,15,15,8,17,15,29,17,24,20,28,15,24,13,25,12,21,20,25,25,20,8,9,8,16,8,20,22,16,16,20,16,24,18,18,19,13,14,19,12,16,13,18,18,22,19,19,18,24,25,37,23,35,23,22,23,35,20,15,20,14,6,13,12,13,10,11,8,14,9,18,27,25,14,20,12,16,15,17,10,18,9,15,11,18,13,18,13,28,17,15,14,32,15,23,15,24,16,19,9,20,19,27,16,17,10,15,9,17,13,23,12,17,15,13,11,17,10,16,10,]
570,2,2,with_set,0.01,2,2,201,6,loop_limit,[312,78,25,14,6,13,4,13,5,11,9,12,8,15,9,13,5,12,8,10,6,14,7,13,5,13,5,9,4,13,6,10,9,13,6,9,4,10,9,9,7,9,5,9,6,9,6,12,5,11,5,9,9,15,4,9,4,9,8,13,9,13,9,14,4,11,5,9,5,11,7,14,4,10,4,11,4,10,6,11,5,10,6,11,6,9,4,9,4,9,6,12,6,9,4,10,5,10,6,9,6,11,9,9,4,10,7,14,5,10,5,13,6,11,5,9,4,11,6,12,6,9,4,9,7,12,8,11,5,11,8,13,7,10,5,10,7,12,7,10,4,11,5,12,6,12,7,12,10,11,9,11,8,9,4,13,6,11,6,10,5,10,6,10,4,9,4,11,4,10,7,9,6,9,4,9,5,14,7,11,4,11,8,12,9,11,4,9,5,9,4,10,4,10,5,14,6,11,4,13,6,]
570,2,8,with_set,0.01,2,2,201,4,loop_limit,[312,100,28,21,6,9,4,11,7,11,5,14,6,12,7,11,6,13,6,11,6,11,7,9,5,14,9,10,6,10,5,11,4,11,8,11,4,11,9,10,4,10,4,13,9,9,4,13,9,13,9,14,5,11,6,11,6,13,9,10,9,12,7,18,9,18,6,10,5,14,6,11,6,13,7,11,7,12,5,10,5,9,6,12,9,14,6,9,5,10,5,14,7,9,6,9,4,9,4,9,6,13,11,10,6,9,5,9,6,9,6,12,5,12,6,9,4,11,6,13,6,11,7,12,5,14,8,11,5,14,5,9,8,9,4,9,4,9,6,9,5,10,5,11,9,14,5,11,7,10,5,16,5,10,9,13,5,9,4,11,4,10,4,10,5,11,6,11,7,9,4,10,6,11,6,9,4,9,4,11,7,13,8,12,5,10,9,11,6,9,5,10,4,11,9,12,9,9,4,9,4,]
570,2,16,with_set,0.01,2,2,201,7,loop_limit,[312,78,28,15,11,13,14,16,6,9,6,11,7,11,6,12,6,13,9,11,6,10,4,10,7,14,7,9,4,11,4,11,4,13,5,11,7,12,5,10,5,13,6,14,6,12,8,12,6,9,4,11,6,13,7,10,6,10,4,10,9,9,4,9,5,10,7,11,5,9,5,11,5,9,4,9,4,13,5,9,4,9,9,10,5,10,5,10,7,10,5,11,7,11,7,11,10,13,6,12,6,11,5,10,4,10,6,10,4,9,9,10,4,9,4,9,4,11,5,9,4,10,7,12,7,12,9,16,15,16,15,13,9,14,9,11,5,11,9,10,4,11,4,10,9,14,9,9,4,9,4,11,4,13,9,11,6,11,5,10,7,11,4,10,6,11,8,9,9,13,9,12,4,10,5,9,8,11,5,9,8,13,9,9,6,12,5,10,4,9,4,13,9,14,8,9,4,9,8,11,7,]
580,1,1,with_set,0.01,1,1,201,33,loop_limit,[395,228,142,148,96,77,64,41,34,30,26,24,12,17,15,16,9,6,9,7,10,8,6,7,16,11,11,20,14,23,19,16,13,24,22,16,15,16,11,18,11,16,11,8,9,13,9,20,9,18,13,17,12,15,21,21,25,28,13,13,8,8,9,7,13,9,15,12,8,9,19,12,16,20,21,23,27,32,27,18,21,21,15,10,16,11,15,10,9,16,17,26,20,11,17,11,7,12,19,11,6,11,13,10,11,14,8,10,11,11,9,16,15,24,17,28,16,28,21,25,19,18,20,20,16,14,12,9,16,20,18,11,10,22,14,28,22,11,21,28,11,14,9,11,15,13,14,12,9,8,10,17,15,27,14,10,13,9,16,11,10,9,7,7,8,11,17,15,14,15,21,13,11,11,11,16,10,10,16,20,9,10,9,12,10,10,9,10,9,8,12,23,20,18,14,16,21,30,30,28,33,]
580,1,2,with_set,0.01,1,1,201,14,loop_limit,[395,234,121,108,69,51,29,34,23,25,30,15,12,10,9,6,5,8,16,11,7,11,9,7,4,9,8,15,19,22,22,21,10,11,6,3,11,6,10,9,11,8,13,10,8,8,7,13,17,13,10,6,8,11,21,14,20,17,23,18,22,25,22,24,26,22,12,10,9,10,7,9,6,10,4,3,4,8,10,16,14,8,7,14,11,10,6,9,19,15,14,20,23,27,18,18,24,26,19,28,20,18,15,14,15,15,16,10,12,10,11,18,11,12,19,17,12,27,17,20,16,12,8,12,15,21,10,11,9,5,5,8,7,3,9,3,4,8,6,8,6,7,15,11,12,9,9,8,11,12,12,16,10,15,11,23,14,16,9,10,12,20,16,20,23,17,14,15,20,16,15,22,21,24,28,24,22,17,14,18,18,18,10,20,9,11,14,16,8,10,8,13,12,14,13,8,12,14,10,9,14,]
580,1,4,with_set,0.01,1,1,201,9,loop_limit,[395,244,125,118,61,72,56,52,43,38,26,26,29,29,16,13,7,8,10,9,14,19,23,24,16,16,8,11,13,19,22,19,25,19,29,21,32,27,21,20,17,16,12,16,13,11,9,14,10,5,14,11,9,15,21,28,21,17,13,14,9,15,10,11,8,13,9,3,11,6,13,9,7,6,13,9,12,13,11,11,11,5,6,9,17,16,10,11,15,9,18,11,20,12,11,6,8,6,9,6,11,8,9,10,9,7,7,3,4,3,7,11,11,14,21,19,28,22,15,20,12,12,10,8,11,11,13,13,19,9,11,12,14,12,12,20,15,20,15,11,6,9,7,21,15,23,10,4,7,11,12,20,16,21,22,9,7,12,10,6,13,10,13,13,14,16,24,16,21,16,18,17,7,14,19,21,18,18,14,9,8,6,10,9,16,11,15,12,7,10,8,11,7,7,4,7,17,9,9,13,9,]
580,1,8,with_set,0.01,1,1,201,10,loop_limit,[395,270,141,122,104,82,68,71,73,57,41,26,24,18,14,15,10,12,10,10,14,16,11,16,13,13,15,21,26,35,16,12,16,15,17,21,23,25,15,14,10,7,9,10,12,11,12,20,17,15,9,15,10,11,17,17,22,30,26,36,26,23,17,13,6,10,10,12,16,22,19,29,27,24,11,5,13,10,13,8,13,10,9,9,11,11,9,3,7,17,14,14,15,10,11,17,14,21,23,24,25,19,15,17,12,15,12,11,11,11,7,8,6,9,10,7,4,7,12,10,7,12,16,8,10,12,11,7,10,7,7,6,14,7,16,10,9,13,7,9,18,9,7,11,12,13,12,19,18,8,11,5,8,19,12,14,11,10,13,5,4,8,13,7,10,12,12,13,11,8,9,14,18,16,9,12,10,12,11,15,8,13,17,11,10,6,8,11,10,7,10,22,13,13,9,7,9,12,10,14,10,]
580,1,16,with_set,0.01,1,1,201,13,loop_limit,[395,183,135,112,79,59,30,46,35,46,33,23,10,26,18,19,17,15,11,18,10,15,18,9,17,14,9,10,12,5,7,11,12,9,11,11,12,7,5,10,9,9,10,8,7,6,9,6,17,8,11,10,8,6,9,14,11,12,10,11,12,20,12,16,10,13,16,7,14,9,11,15,11,9,10,4,8,11,11,17,17,8,10,6,5,6,16,11,13,15,21,22,19,16,17,7,7,11,10,11,5,7,12,10,8,9,9,4,7,9,7,10,14,16,11,10,21,15,18,16,8,9,12,18,12,9,12,12,8,9,13,9,13,13,13,13,8,7,11,11,4,7,9,20,10,18,11,15,13,12,7,12,11,11,8,10,7,9,11,9,27,23,18,27,16,14,22,11,16,11,12,9,11,14,12,14,8,7,8,8,10,10,9,13,14,22,16,26,16,19,17,23,23,8,13,22,19,24,29,17,13,]
580,2,2,with_set,0.01,2,2,201,5,loop_limit,[395,151,40,22,15,10,6,6,6,6,5,3,9,4,3,3,4,4,5,5,6,3,6,6,6,4,4,4,3,3,5,4,4,4,4,3,9,4,4,3,5,5,10,5,10,5,4,3,9,4,6,7,7,7,8,8,8,6,4,3,3,4,3,5,5,4,7,4,5,5,5,6,6,4,6,6,5,3,9,4,4,3,6,3,6,3,5,4,3,4,4,3,4,3,3,4,4,3,9,5,5,3,4,3,6,4,6,9,5,4,6,3,4,3,6,3,9,3,5,3,6,3,9,4,6,3,4,5,6,4,4,6,7,5,5,6,6,3,5,4,6,4,6,4,4,3,5,5,6,4,6,3,4,4,3,3,9,3,3,3,3,5,4,6,7,7,10,3,4,6,7,7,5,4,7,5,4,5,10,5,3,3,4,4,6,3,5,3,6,6,7,4,4,3,6,5,4,3,5,6,5,]
580,2,4,with_set,0.01,2,2,201,6,loop_limit,[395,168,81,33,14,8,4,5,5,4,9,4,6,6,5,4,5,3,6,6,11,4,4,3,5,3,3,4,7,3,5,6,4,5,5,5,5,6,6,3,3,4,4,3,5,6,4,5,4,4,5,5,10,3,4,3,3,3,6,7,6,4,3,3,9,4,9,4,4,4,7,3,4,5,10,3,3,4,6,5,7,4,10,4,4,4,4,4,7,5,5,6,7,3,5,4,3,5,4,3,4,3,5,6,10,3,5,4,9,5,6,4,9,3,9,5,6,4,6,3,5,6,4,5,7,3,4,3,6,6,6,7,8,8,8,7,7,4,6,7,9,7,7,4,8,11,9,4,6,6,5,3,5,3,4,4,8,6,6,4,3,5,3,3,6,6,10,5,4,4,4,4,6,6,3,4,3,4,5,5,10,3,6,6,7,4,6,6,4,5,9,6,6,8,9,6,6,4,6,7,6,]
580,2,8,with_set,0.01,2,2,201,5,loop_limit,[395,142,58,37,18,18,18,12,15,13,15,5,7,5,4,5,4,5,6,6,6,6,9,5,7,3,9,3,3,4,3,4,6,3,4,4,3,5,5,6,4,6,7,7,8,4,6,3,6,5,6,4,9,3,4,3,3,4,5,3,6,7,9,7,5,4,3,4,4,4,6,5,6,6,4,3,6,7,6,6,7,6,10,3,7,3,6,4,3,3,6,3,5,3,9,4,3,4,4,5,10,6,4,3,9,4,5,4,6,7,6,3,3,3,5,4,5,5,5,5,7,7,6,4,6,3,3,4,6,6,6,5,6,4,3,4,6,3,6,6,6,6,6,5,3,4,9,4,7,4,5,5,5,4,6,6,7,5,12,4,6,4,3,4,6,3,4,3,6,7,8,6,6,4,5,4,4,3,9,5,5,3,6,5,10,3,9,3,5,5,6,6,9,4,3,3,4,3,4,4,5,]
599,1,1,with_set,0.01,1,1,201,2,loop_limit,[332,95,114,34,17,19,23,9,14,9,15,10,11,7,6,8,7,7,6,5,7,6,7,4,2,3,6,5,6,3,5,6,3,5,3,6,3,3,2,3,4,3,2,2,2,3,5,6,7,5,3,4,4,3,6,3,2,6,7,2,2,2,5,4,4,7,3,3,2,2,2,6,7,6,4,5,4,3,4,3,6,5,4,4,2,2,6,2,4,4,2,6,2,3,2,6,2,3,3,3,6,3,7,4,6,3,2,2,6,5,7,4,7,6,2,3,6,5,6,6,7,6,6,6,7,7,2,3,5,4,7,4,6,2,2,2,2,3,3,5,3,3,4,6,2,3,2,3,5,4,5,5,2,6,6,6,8,5,5,6,8,2,2,3,3,2,5,6,2,2,2,3,3,4,2,6,7,5,5,5,4,3,3,2,4,4,5,2,2,4,2,3,2,3,3,3,4,3,2,3,2,]
599,1,2,with_set,0.01,1,1,201,7,loop_limit,[332,95,52,27,16,3,5,4,4,7,3,3,3,4,4,2,2,6,2,3,6,2,6,6,2,3,3,6,6,2,5,3,6,6,3,8,3,5,6,9,5,4,11,3,2,3,5,6,3,3,4,3,3,5,4,5,3,5,2,4,2,2,2,3,3,3,4,4,2,5,2,2,2,2,5,2,3,5,6,3,6,8,2,3,2,4,5,2,2,2,6,2,6,5,7,4,6,4,2,2,5,4,6,5,3,4,4,3,5,4,6,5,6,6,3,5,6,8,3,2,4,5,3,5,7,6,7,5,6,6,2,3,5,5,2,6,2,6,3,3,3,3,3,6,4,4,9,3,4,6,2,4,2,2,2,2,2,6,3,8,5,4,2,4,7,6,3,5,6,5,9,6,5,5,4,4,2,3,2,3,4,4,5,4,5,3,3,4,5,3,3,3,2,3,2,3,4,7,7,6,7,]
599,1,8,with_set,0.01,1,1,201,4,loop_limit,[332,72,46,13,16,5,6,3,2,2,3,2,6,6,2,3,2,3,6,3,6,2,2,3,6,6,2,2,2,3,2,3,5,3,6,5,2,6,7,5,9,5,3,3,3,3,2,3,6,4,5,6,3,2,4,3,5,3,3,3,5,6,2,2,3,5,2,3,5,3,4,3,3,3,2,2,4,3,3,4,7,5,9,3,5,3,4,4,2,3,5,6,5,5,3,2,6,5,10,6,4,5,7,6,6,6,7,4,5,3,5,5,9,3,6,4,2,2,3,4,9,3,2,4,2,4,2,2,4,2,2,6,2,3,3,3,2,3,2,4,2,3,3,5,2,3,5,4,3,5,4,5,7,6,4,5,9,5,6,6,9,2,6,6,9,7,7,6,7,6,2,4,2,4,3,3,6,4,3,4,7,3,3,5,6,5,6,5,3,6,7,7,7,4,5,3,6,2,6,6,4,]
599,1,16,with_set,0.01,1,1,201,4,loop_limit,[332,80,54,15,10,6,7,6,4,3,5,3,5,3,6,3,3,3,5,6,7,2,2,4,2,2,2,4,2,2,6,6,2,3,3,3,6,5,6,5,7,4,4,4,7,5,18,7,5,5,8,6,5,8,4,4,7,3,9,7,6,4,5,2,4,3,5,6,3,8,2,4,3,5,4,3,4,4,5,3,5,2,2,6,7,2,5,2,2,2,3,6,7,5,3,5,7,4,5,2,2,3,5,6,5,6,3,6,7,5,3,5,6,3,2,3,3,2,2,3,6,6,2,3,3,4,5,3,4,5,7,4,6,2,2,6,3,3,2,3,4,5,2,2,2,6,2,4,2,2,2,2,3,3,3,3,2,3,2,3,5,8,5,4,11,8,3,3,7,6,3,4,3,2,2,4,2,3,2,3,2,2,4,6,2,2,2,3,2,2,2,3,4,2,5,6,4,5,2,6,4,]
606,1,1,with_set,0.01,1,1,201,2,loop_limit,[170,56,24,11,4,5,3,4,3,3,5,6,4,4,3,4,3,2,2,2,3,4,2,2,3,2,2,2,3,4,5,7,4,3,4,4,2,2,2,2,3,4,2,4,3,3,5,4,2,3,2,3,3,2,3,2,2,3,2,4,4,4,4,4,3,4,6,7,3,2,2,2,4,5,2,2,2,2,3,2,2,3,2,4,2,2,3,4,3,2,2,3,2,3,2,4,4,4,3,5,3,4,3,3,2,4,4,4,5,7,3,3,3,4,4,4,2,2,3,2,2,4,3,2,2,2,3,3,2,3,5,5,3,4,3,4,4,4,3,4,3,3,3,4,3,4,3,3,2,2,2,2,3,3,2,2,4,5,2,3,3,4,2,3,3,4,3,2,4,2,4,6,4,3,4,4,2,3,3,2,2,2,2,3,2,2,4,5,3,4,5,5,2,4,3,3,3,4,5,3,2,]
616,1,8,with_set,0.01,1,1,201,4,loop_limit,[84,12,6,3,3,2,4,3,4,3,2,4,2,2,2,2,3,3,3,2,2,3,2,3,3,3,2,3,2,2,2,2,2,3,3,2,2,3,2,3,4,2,2,4,4,2,3,3,5,2,2,3,3,4,2,3,2,2,3,4,2,2,2,4,2,3,2,3,4,3,3,3,4,2,3,2,4,5,2,2,3,2,4,5,3,3,3,4,2,2,4,2,2,2,3,2,2,2,2,4,2,3,2,3,4,2,3,4,2,3,3,4,3,2,3,3,3,2,3,2,2,3,2,3,4,2,3,3,2,3,3,3,4,3,4,3,2,2,2,3,4,3,4,5,4,5,4,3,3,2,3,2,2,2,3,3,4,2,2,3,2,3,3,4,4,5,3,3,3,3,2,2,2,3,3,2,3,4,4,3,2,3,3,3,2,2,3,3,5,4,4,3,3,2,2,2,3,2,2,2,4,]
626,1,16,with_set,0.01,1,1,201,2,loop_limit,[189,38,11,17,6,3,2,2,2,3,2,3,2,2,2,3,3,2,2,2,3,3,3,2,3,3,2,4,3,3,2,3,2,3,3,3,2,3,2,2,3,3,2,4,2,4,2,3,3,4,3,3,2,3,3,2,3,3,3,3,3,2,2,4,2,3,3,4,3,5,3,2,2,3,3,2,3,2,2,3,2,3,3,4,4,2,2,2,2,4,3,6,2,3,2,2,3,3,3,2,3,2,2,2,2,3,3,2,3,5,5,5,3,3,3,2,2,4,3,2,3,2,3,6,5,7,2,2,2,2,2,3,4,3,2,3,2,3,3,3,2,4,2,2,2,2,3,5,3,4,2,3,2,2,2,2,2,3,3,3,3,2,2,3,3,5,2,4,2,2,3,4,2,4,2,3,2,2,2,2,2,3,2,2,2,2,2,3,3,2,3,2,2,3,3,4,3,6,3,2,2,]
634,1,1,with_set,0.01,1,1,201,53,loop_limit,[526,219,150,71,54,40,52,44,36,37,37,36,40,37,51,41,34,34,33,38,47,25,34,40,51,35,42,44,46,42,52,29,27,40,46,45,52,51,58,40,44,34,32,35,37,37,36,37,36,32,41,31,42,29,33,39,52,42,46,47,37,39,39,29,36,31,25,36,30,26,30,34,39,31,33,32,36,42,37,40,46,44,41,29,30,33,42,39,41,31,37,35,41,43,51,44,41,34,34,32,44,44,50,56,60,38,33,31,38,41,45,38,26,45,42,39,43,40,47,34,34,43,29,47,48,53,60,52,55,38,38,36,30,25,32,31,37,27,39,43,45,41,27,39,30,32,29,35,43,37,46,37,36,35,50,47,51,52,47,44,48,46,44,28,32,35,46,33,41,37,42,44,43,25,32,38,47,24,27,42,39,31,24,36,31,32,37,32,43,34,40,30,34,44,42,38,43,38,40,41,53,]
634,1,1,with_set,0.05,5,5,201,38,loop_limit,[526,209,143,74,63,55,52,60,43,43,38,44,48,32,35,48,50,36,46,26,35,33,30,27,33,36,36,39,40,37,32,24,31,32,24,29,36,34,47,42,49,37,29,33,34,28,30,39,41,36,37,40,46,39,42,37,42,44,45,28,47,53,43,41,46,29,23,28,24,32,36,35,42,39,46,51,48,40,50,40,40,37,31,43,45,42,40,44,30,40,36,34,36,30,39,30,38,35,48,43,51,41,50,38,39,43,28,29,31,45,39,43,49,38,41,50,46,55,49,40,47,36,40,43,55,47,35,34,33,35,31,30,29,27,33,30,35,34,31,28,28,31,37,34,37,41,46,50,51,30,35,42,35,30,41,39,32,28,32,34,41,26,24,35,36,38,31,31,40,36,39,38,41,34,27,24,31,32,30,45,43,33,36,36,31,38,45,46,43,41,40,44,59,43,48,28,36,31,37,33,38,]
634,1,2,with_set,0.01,1,1,201,55,loop_limit,[526,206,155,87,58,60,61,44,52,30,31,34,34,26,34,36,42,32,36,47,41,33,38,33,39,42,50,42,39,36,45,44,33,36,40,29,28,41,39,48,50,49,54,55,47,39,46,43,46,40,36,40,48,53,42,39,49,47,47,42,40,40,42,30,33,39,40,45,48,38,45,43,51,40,45,35,27,35,36,44,40,33,31,26,26,34,44,30,31,35,28,35,32,33,43,30,36,45,47,43,40,40,37,33,30,42,44,46,38,32,42,32,30,29,24,28,38,41,54,52,59,36,45,36,50,36,50,50,54,30,38,38,38,35,41,33,29,26,26,28,27,30,32,28,35,26,35,34,35,43,38,38,48,39,27,40,26,30,34,32,35,33,36,33,35,31,39,36,29,30,37,44,40,41,49,39,44,36,47,43,34,30,36,47,58,46,47,40,33,30,38,30,44,41,52,39,48,29,43,44,55,]
634,1,2,with_set,0.05,5,5,201,38,loop_limit,[526,221,143,162,114,90,70,69,48,45,48,43,38,37,38,36,32,39,39,38,33,30,36,33,29,28,41,37,39,47,42,36,37,35,31,34,33,41,40,30,38,30,40,36,42,35,49,50,49,44,45,35,46,48,49,33,39,38,25,25,33,32,38,30,30,37,45,35,30,36,22,35,33,33,53,39,40,40,31,42,42,46,38,32,43,40,46,28,39,35,38,41,30,45,44,43,43,37,39,44,38,35,34,48,47,54,31,48,52,34,36,38,38,41,41,29,39,35,34,36,44,42,44,35,40,38,35,27,30,42,25,36,42,25,37,28,21,27,27,35,33,36,33,30,35,37,26,35,35,31,35,44,44,40,45,35,26,24,31,35,43,40,34,29,27,34,29,31,39,39,33,27,27,34,30,38,43,38,43,34,43,37,57,45,47,42,48,42,37,37,44,40,48,47,48,45,41,25,35,46,38,]
634,1,2,with_set,0.1,11,11,201,45,loop_limit,[526,221,191,110,83,54,43,31,31,34,32,31,49,37,47,50,52,51,60,39,34,43,42,34,39,35,37,39,40,29,30,26,40,43,35,27,37,30,27,31,33,33,31,34,36,29,28,32,40,34,38,31,25,34,40,48,37,44,46,37,37,39,45,32,37,47,50,40,43,37,46,38,38,35,35,36,47,41,38,37,34,33,33,31,32,27,26,32,44,46,38,27,29,23,43,31,34,36,38,33,47,29,31,34,24,24,31,24,32,34,39,35,35,31,36,33,43,34,40,37,32,32,48,41,32,30,32,26,27,36,30,30,28,27,28,20,37,35,36,46,40,38,43,51,40,36,39,28,45,37,42,51,53,36,46,40,31,44,38,45,50,53,55,49,48,52,54,41,40,43,54,41,34,28,34,34,39,37,33,40,39,47,40,31,37,46,41,42,40,37,42,26,36,26,36,32,26,26,34,37,45,]
634,1,4,with_set,0.01,1,1,201,40,loop_limit,[526,324,212,119,89,72,61,64,50,62,56,52,52,42,42,48,60,39,34,38,46,42,49,33,37,33,37,30,47,40,38,37,40,44,44,46,48,47,56,67,59,52,51,53,48,39,44,33,34,28,22,28,34,38,41,42,50,46,38,30,38,31,29,26,27,43,45,41,39,36,38,49,54,44,53,59,50,44,40,50,38,37,34,32,31,39,26,38,24,29,25,33,32,40,39,38,42,44,35,36,36,29,29,31,27,30,44,28,37,44,43,39,38,51,48,50,51,49,58,51,64,39,45,55,50,60,34,47,34,40,45,46,47,43,50,49,44,41,34,45,38,40,34,39,28,35,41,29,39,29,43,34,35,37,46,38,40,38,37,30,43,39,46,45,47,35,37,29,42,42,47,40,42,38,44,43,39,35,32,46,45,36,43,39,39,39,37,45,37,38,37,30,37,44,39,49,58,54,49,40,40,]
634,1,4,with_set,0.05,5,5,201,45,loop_limit,[526,206,193,105,88,64,56,48,42,32,40,39,45,42,35,43,50,48,37,42,50,45,37,44,38,40,43,56,53,41,60,46,46,40,37,40,36,28,40,29,29,37,30,44,32,31,25,30,29,31,43,39,46,42,40,26,39,43,30,36,40,49,45,46,67,52,41,39,33,31,33,35,38,30,38,35,44,42,44,30,35,40,41,31,38,39,39,44,36,39,42,38,49,39,45,38,40,48,50,34,36,30,34,31,37,39,34,56,58,64,92,61,58,45,38,38,38,29,29,26,24,36,42,39,48,42,47,42,42,46,27,27,31,28,36,47,51,35,42,46,31,39,33,40,54,47,49,40,43,41,33,43,34,34,54,53,38,51,50,48,49,42,45,41,41,36,35,29,40,33,34,33,31,39,50,50,55,52,42,42,49,33,39,31,41,42,41,35,42,38,41,45,40,46,45,35,41,33,39,35,45,]
634,1,4,with_set,0.1,11,11,201,40,loop_limit,[526,216,223,139,121,105,104,79,53,41,43,37,41,48,42,27,37,33,44,22,34,29,37,31,36,30,43,33,49,44,41,33,41,41,45,31,32,38,44,44,33,36,35,31,45,38,39,26,35,26,27,34,39,31,31,32,32,41,45,38,57,41,49,36,38,27,34,33,32,32,29,32,29,28,35,38,42,42,42,37,45,37,39,34,39,45,51,33,38,51,55,46,52,52,46,37,46,37,47,30,30,38,43,40,48,35,47,50,53,52,54,46,50,45,34,36,37,26,24,35,48,51,41,45,52,43,47,26,34,37,37,51,44,37,40,33,31,27,27,29,30,33,33,33,40,23,35,41,44,42,32,33,36,36,25,42,44,35,49,49,43,53,44,53,55,31,41,32,41,40,43,39,42,41,48,51,34,34,33,48,51,41,42,41,36,50,67,41,48,38,43,48,50,37,45,31,37,36,32,34,40,]
634,1,8,with_set,0.01,1,1,201,42,loop_limit,[526,216,161,90,80,69,52,34,39,42,45,39,34,48,45,52,41,45,41,34,39,26,36,38,39,38,45,46,50,32,36,39,42,44,42,37,48,33,36,41,41,37,47,37,52,44,47,39,36,37,41,41,40,43,41,42,42,39,37,45,43,44,29,39,38,39,35,44,43,51,45,35,39,44,42,25,39,41,46,48,45,36,35,30,26,38,21,34,33,25,25,26,31,34,38,29,26,34,38,43,38,45,52,38,40,33,45,42,40,43,46,52,39,46,46,46,62,40,49,46,41,38,23,30,26,31,27,33,39,42,43,44,36,35,36,31,32,31,37,30,36,30,41,23,32,39,41,39,57,35,40,44,40,43,45,32,30,38,41,38,46,41,46,37,44,48,48,39,34,38,49,50,31,31,38,39,32,34,34,41,44,51,48,36,29,29,37,32,39,45,50,53,47,60,76,60,42,53,48,35,42,]
634,1,8,with_set,0.05,5,5,201,56,loop_limit,[526,206,147,98,66,88,65,46,50,51,29,30,30,30,28,26,25,28,34,27,40,44,41,33,40,47,47,47,54,25,31,32,31,37,48,27,49,40,51,63,65,37,34,35,38,25,32,33,27,41,39,45,45,54,49,45,45,41,59,51,51,38,42,43,68,41,50,49,61,45,39,44,45,44,44,28,39,40,44,39,38,34,38,34,39,39,34,29,41,37,37,44,47,52,46,31,43,48,47,44,46,34,43,50,51,52,41,41,43,32,24,34,46,44,62,44,39,36,39,37,35,29,26,45,42,43,48,51,48,29,31,32,37,46,48,44,36,39,36,34,39,41,39,42,42,38,39,55,61,64,65,62,43,29,38,34,41,42,55,53,51,59,44,50,46,50,60,51,57,41,36,33,40,25,29,39,45,44,58,50,47,35,39,42,48,41,47,67,57,69,46,41,52,51,42,31,39,39,43,46,56,]
634,1,8,with_set,0.1,11,11,201,40,loop_limit,[526,219,142,101,74,58,64,41,53,63,60,51,34,36,29,43,41,36,31,38,42,50,41,34,41,44,46,39,40,42,43,32,36,32,38,50,52,39,42,33,47,40,51,54,49,40,47,50,40,43,33,47,44,38,41,39,49,46,34,44,39,47,38,41,38,44,49,37,32,43,52,55,47,48,60,33,56,67,69,51,54,42,51,38,54,39,39,41,40,52,30,36,38,39,41,32,27,29,31,38,35,40,35,46,42,47,44,39,38,30,38,36,36,34,41,34,34,44,41,35,43,36,38,32,25,32,25,39,38,36,40,44,57,32,45,33,30,31,39,48,33,35,33,32,46,36,44,36,38,35,40,43,40,41,50,50,54,48,50,60,58,64,36,36,41,32,38,30,36,28,34,24,32,22,31,24,28,28,34,31,35,36,24,38,43,48,39,35,35,36,23,27,32,31,24,30,26,35,30,36,40,]
634,1,16,with_set,0.01,1,1,201,44,loop_limit,[526,274,224,216,133,97,101,97,68,43,36,34,37,42,47,49,35,34,44,45,43,29,46,35,31,28,35,30,42,37,35,34,38,32,42,35,40,30,23,21,37,25,24,30,24,22,30,40,40,39,34,39,36,35,44,42,43,46,40,58,52,44,46,40,44,43,43,45,34,41,35,38,34,28,32,26,37,40,34,32,39,47,51,44,51,44,52,32,38,33,36,42,46,39,42,41,39,22,20,24,24,22,36,39,45,44,49,46,47,48,34,38,32,27,30,24,32,32,43,35,46,43,39,29,30,40,49,38,43,54,46,48,48,50,53,51,52,56,56,41,35,48,49,51,46,46,44,46,35,39,41,44,39,28,36,22,35,43,40,43,46,40,42,41,48,24,39,30,37,24,28,32,38,35,49,29,30,35,42,45,43,46,39,38,47,40,84,56,46,32,33,35,44,40,50,50,49,43,30,34,44,]
634,1,16,with_set,0.05,5,5,201,33,loop_limit,[526,374,223,123,98,62,56,42,38,39,43,31,38,36,41,36,48,64,52,41,27,29,25,26,27,29,37,25,39,32,76,45,47,47,45,40,48,31,38,43,42,39,42,49,50,37,37,34,41,31,41,55,44,41,46,43,42,45,52,52,47,41,39,45,44,61,52,55,47,30,35,46,29,29,37,31,36,35,34,37,45,50,42,37,38,36,26,23,30,38,41,37,38,29,63,35,39,31,37,28,34,36,43,43,46,49,52,55,56,45,52,61,66,73,75,51,45,47,55,48,38,27,37,47,48,33,31,28,35,33,41,42,37,37,41,35,44,40,39,32,47,29,34,30,33,30,36,39,30,30,35,29,44,45,45,44,45,38,39,36,31,41,32,34,36,36,37,37,37,34,35,28,44,37,34,27,35,39,34,36,68,81,56,49,48,44,33,41,38,41,48,45,48,51,35,41,30,22,40,25,33,]
634,1,16,with_set,0.1,11,11,201,38,loop_limit,[526,219,135,84,79,85,99,61,51,47,49,46,54,40,34,42,38,33,36,28,47,36,42,40,42,30,37,30,23,33,22,31,27,30,26,31,24,26,24,36,43,43,45,39,48,38,47,36,43,41,44,49,47,45,55,53,53,52,47,36,44,41,46,26,34,33,37,41,41,37,39,41,41,51,59,45,56,42,35,44,45,30,35,27,37,34,31,35,38,34,40,40,35,39,41,38,49,24,30,24,34,33,24,32,38,30,28,26,32,37,40,40,41,40,51,37,42,37,42,31,38,35,38,44,49,45,40,39,51,53,51,50,45,34,37,45,52,37,49,31,42,41,49,37,46,43,74,45,46,45,52,53,54,37,33,36,36,31,34,40,46,49,44,33,39,26,35,28,25,31,36,40,41,44,80,73,61,46,56,62,56,29,44,32,37,27,33,28,23,28,33,39,40,42,34,38,42,41,44,37,38,]
634,2,1,with_set,0.01,2,2,201,11,loop_limit,[526,111,33,24,13,12,16,15,6,7,10,7,10,4,6,4,10,7,10,3,3,6,6,3,4,6,4,4,5,9,7,6,10,5,5,8,4,4,10,4,3,6,7,6,4,5,5,9,4,3,5,4,5,6,4,7,5,11,11,8,8,9,6,5,5,6,5,6,9,9,5,5,3,5,3,7,11,10,5,3,3,3,5,9,9,4,3,6,3,3,5,4,6,4,3,4,3,6,3,4,3,4,10,8,7,8,5,8,11,6,11,6,4,6,7,4,5,3,3,6,5,7,5,6,10,7,6,4,3,7,4,4,10,5,6,6,5,5,6,6,3,3,3,5,11,11,9,8,4,3,4,4,10,8,6,8,7,5,4,4,13,7,10,11,11,7,19,10,13,7,7,6,10,6,4,6,3,3,3,3,5,7,10,8,5,6,4,4,6,8,5,5,11,9,10,8,10,8,11,9,11,]
634,2,8,with_set,0.01,2,2,201,3,loop_limit,[526,111,33,18,8,9,9,9,3,4,5,4,4,3,10,4,10,5,6,6,6,4,3,6,5,7,6,7,12,8,8,3,3,6,3,5,4,4,4,3,3,6,6,11,3,3,3,6,4,4,5,9,5,3,3,6,11,8,6,6,3,6,6,7,11,5,9,5,10,5,4,8,4,6,4,6,6,11,5,6,10,8,4,5,4,3,3,6,5,7,4,7,4,4,3,7,3,7,11,6,6,8,5,4,3,6,6,7,6,3,3,3,3,6,9,6,5,4,5,7,4,6,4,8,5,4,10,8,7,6,5,6,4,5,7,10,8,4,6,7,6,6,5,3,5,9,5,4,3,11,5,4,8,9,11,8,10,6,4,6,5,6,9,5,5,6,4,6,9,5,3,3,10,10,5,6,3,3,3,6,4,4,3,5,3,4,3,6,4,6,3,7,5,3,3,4,3,6,5,4,3,]
634,2,16,with_set,0.01,2,2,201,10,loop_limit,[526,131,40,50,30,15,18,15,7,7,7,4,6,9,6,6,5,6,7,6,10,5,6,5,6,8,9,5,4,5,4,4,4,5,3,3,3,4,3,4,5,6,6,4,7,9,9,8,7,9,6,4,5,6,6,10,6,10,5,4,6,8,4,5,4,6,11,13,10,10,8,10,12,6,6,4,4,5,11,6,4,6,3,3,3,5,4,6,4,5,4,4,10,5,7,6,4,5,4,4,4,8,4,6,5,4,5,4,3,4,4,5,3,6,3,4,3,6,3,4,10,8,11,8,4,9,5,4,6,4,5,8,11,10,5,10,5,3,5,6,3,5,5,6,5,3,4,6,4,4,3,7,8,8,12,8,4,6,4,7,11,10,5,9,7,4,5,3,3,3,3,3,10,6,4,4,5,3,4,6,3,6,4,3,3,3,3,4,6,6,5,9,3,5,3,6,4,4,5,4,10,]
643,1,1,with_set,0.01,1,1,201,27,loop_limit,[449,305,154,129,111,104,102,83,64,72,36,48,40,51,49,43,29,45,25,30,18,19,20,28,27,21,23,27,35,32,31,35,34,25,23,23,23,23,25,25,25,14,22,22,23,19,16,21,20,26,19,19,21,20,21,19,15,12,12,17,18,21,17,21,19,22,28,26,28,30,20,16,15,12,8,14,13,14,15,20,17,16,14,14,19,19,19,15,15,11,14,10,13,9,8,10,14,13,16,21,20,26,24,19,22,33,22,33,25,52,31,30,25,32,24,25,21,27,25,17,23,19,13,19,18,14,18,21,15,15,13,17,14,15,18,20,13,20,20,29,31,30,31,32,20,21,14,18,18,21,19,19,15,20,12,12,10,15,14,17,18,17,12,19,11,16,19,26,25,12,12,22,12,15,13,12,13,14,11,15,16,16,15,14,15,19,24,23,20,24,21,19,13,21,19,17,27,26,22,30,27,]
643,1,1,with_set,0.05,5,5,201,17,loop_limit,[449,274,168,148,105,137,113,103,71,60,47,53,48,48,35,30,27,21,16,22,22,29,27,21,24,28,29,18,16,17,13,21,20,26,23,22,24,18,21,24,17,19,17,17,17,27,22,28,21,28,26,32,28,30,24,25,27,26,20,24,24,27,24,32,22,20,26,35,35,34,32,30,24,18,22,28,24,28,28,33,22,24,22,17,22,25,20,16,20,21,27,35,23,32,15,22,17,19,20,22,22,22,18,19,23,27,25,17,16,21,21,28,23,15,27,33,29,28,33,21,18,21,13,13,15,16,19,22,24,23,28,28,21,23,22,19,23,36,37,37,26,21,19,27,28,28,24,27,30,41,31,35,30,37,22,21,20,20,17,16,13,19,14,22,19,22,24,35,35,33,26,26,23,21,19,24,23,16,25,25,22,12,12,15,16,16,18,13,10,11,18,30,18,11,14,8,16,15,16,16,17,]
643,1,2,with_set,0.01,1,1,201,38,loop_limit,[449,305,175,121,91,94,60,54,54,51,47,51,31,46,34,40,30,46,41,46,40,29,21,26,18,26,16,21,18,15,14,24,15,28,20,26,29,29,27,29,21,20,27,26,24,32,38,37,28,30,22,22,18,24,23,19,23,25,27,27,27,22,17,22,17,23,17,16,16,12,15,17,17,18,13,19,19,32,44,31,20,24,31,20,35,33,25,20,18,25,20,29,17,20,22,29,29,39,29,31,20,19,18,15,22,28,27,24,28,33,31,36,37,23,18,36,27,44,43,51,38,29,37,35,33,35,17,18,24,24,26,38,25,29,17,23,17,29,25,22,27,31,33,24,22,29,25,24,24,40,29,24,21,37,28,25,28,24,19,14,12,22,17,25,22,31,27,30,21,23,27,28,21,25,23,27,24,24,23,26,25,25,28,38,28,32,21,21,22,21,24,30,22,23,22,29,33,32,34,36,38,]
643,1,2,with_set,0.05,5,5,201,19,loop_limit,[449,289,167,126,91,94,84,71,41,39,36,36,31,37,47,78,54,46,39,28,25,33,32,33,42,47,34,33,27,25,16,21,15,18,21,22,21,23,27,25,30,43,25,28,29,40,27,27,29,34,31,28,36,41,29,31,19,24,24,32,28,37,36,36,33,37,28,29,34,46,36,37,39,32,35,30,42,41,37,30,30,35,29,29,27,40,48,51,46,43,36,43,34,27,19,22,17,19,18,19,12,16,13,24,13,16,12,14,17,17,13,24,18,21,18,22,29,26,19,24,25,31,24,20,33,23,25,18,20,22,28,27,26,22,24,22,17,16,17,13,8,9,9,12,15,13,19,19,20,21,16,15,17,32,17,15,17,16,17,25,23,20,19,18,19,17,21,10,12,13,8,9,10,11,13,16,19,20,26,33,24,20,24,35,23,29,17,23,14,15,16,15,13,19,21,21,20,25,20,30,19,]
643,1,4,with_set,0.01,1,1,201,23,loop_limit,[449,348,209,136,89,76,81,74,66,67,44,57,44,37,25,46,37,56,37,27,18,19,17,18,15,15,14,22,28,21,23,24,17,23,23,20,19,29,23,24,18,24,17,28,27,32,16,22,21,20,22,29,21,17,30,30,24,23,25,30,27,30,26,31,41,33,23,31,37,44,30,26,23,33,24,24,27,25,15,13,14,22,23,34,30,33,19,24,20,24,24,29,24,28,16,25,17,18,18,21,15,24,19,22,14,15,16,19,20,23,20,26,16,17,12,24,27,21,28,35,29,29,30,31,31,40,31,26,17,17,13,15,12,27,24,25,16,17,18,17,31,34,27,32,36,29,26,18,19,28,24,12,11,21,27,35,30,36,46,34,28,37,29,29,35,46,36,57,32,33,37,46,41,39,28,21,14,16,26,31,35,20,18,18,14,14,22,27,20,29,32,39,29,31,20,19,17,20,20,22,23,]
643,1,4,with_set,0.05,5,5,201,22,loop_limit,[449,348,187,151,104,104,92,72,48,46,49,31,29,34,33,31,26,32,29,30,25,17,14,15,17,19,26,29,41,55,53,31,23,34,28,38,32,24,18,17,22,17,13,12,15,18,14,22,32,28,35,33,27,21,26,22,21,21,16,16,10,11,11,17,23,24,18,27,22,19,18,22,16,17,21,17,16,20,22,23,23,34,14,17,14,17,15,27,21,15,19,18,14,14,21,20,28,36,37,45,22,33,16,18,16,31,22,21,21,20,19,23,18,27,24,29,23,23,27,22,28,27,23,17,20,18,14,14,21,10,21,23,21,22,22,27,28,16,13,10,16,11,9,10,12,16,24,26,17,16,20,29,18,22,27,16,14,17,14,21,26,25,32,29,22,19,18,16,28,30,28,22,20,21,26,27,26,27,13,13,22,25,25,46,45,43,37,44,41,38,35,45,29,28,31,37,21,28,28,22,22,]
643,1,8,with_set,0.01,1,1,201,11,loop_limit,[449,299,282,206,204,161,128,123,85,68,55,54,45,46,42,49,47,69,47,49,38,35,26,26,29,22,22,17,20,23,21,15,23,18,32,25,24,25,21,28,33,40,16,16,16,17,20,27,28,17,11,9,10,9,10,13,15,16,23,23,21,20,16,25,24,25,30,34,30,31,24,32,24,24,18,19,12,17,14,22,16,21,18,21,14,12,8,6,10,6,11,10,12,14,15,16,21,34,25,20,20,20,14,25,13,12,14,17,19,30,26,26,16,16,15,10,12,13,17,30,25,22,13,20,23,26,30,32,26,35,23,30,21,30,24,32,34,36,42,45,39,41,35,43,38,36,36,31,28,32,27,39,56,49,44,56,50,46,49,33,24,18,23,25,24,28,33,35,34,30,28,37,30,31,41,31,28,29,35,34,18,17,15,13,15,10,13,16,17,22,23,23,26,30,32,23,12,9,9,7,11,]
643,1,8,with_set,0.05,5,5,201,20,loop_limit,[449,311,353,224,145,92,58,48,33,59,35,46,47,42,32,28,21,17,24,31,27,25,24,36,29,33,27,30,29,25,17,18,17,19,21,24,36,33,37,42,31,37,39,31,34,44,34,29,34,26,33,31,33,34,34,27,25,25,15,15,19,22,21,22,14,17,20,19,21,19,26,20,19,22,22,31,23,17,19,20,18,25,26,25,21,17,21,21,13,27,21,21,23,26,26,28,36,39,30,25,36,37,24,20,14,23,19,30,26,23,28,30,22,29,23,26,32,32,27,29,29,21,19,27,26,31,31,17,17,21,29,19,21,27,24,30,22,27,13,16,17,30,24,15,22,17,12,16,15,21,25,25,18,14,9,15,24,24,24,13,28,26,25,23,29,18,13,13,8,13,12,11,11,14,10,11,12,19,18,21,23,23,22,18,25,22,17,25,15,19,17,20,20,13,18,12,9,18,18,27,20,]
643,1,16,with_set,0.01,1,1,201,23,loop_limit,[449,299,321,252,149,139,103,118,68,90,46,71,56,75,47,44,40,43,44,134,151,130,104,91,70,55,58,66,51,53,43,45,46,61,41,31,25,26,19,31,28,34,29,23,29,33,28,28,22,19,23,22,21,32,26,32,25,26,28,29,26,24,29,25,29,23,23,24,20,27,17,21,19,18,19,23,18,20,31,41,30,34,29,32,27,23,24,13,22,24,27,31,28,70,57,49,50,126,64,60,53,34,31,31,36,39,41,32,25,20,14,43,26,33,34,26,29,30,39,36,26,24,18,17,16,19,20,19,24,22,19,25,30,33,41,28,26,39,27,33,43,41,26,19,20,21,20,21,14,28,19,16,16,20,24,27,15,15,17,19,16,26,15,15,20,26,18,13,17,21,19,16,13,12,14,15,17,24,30,23,19,15,19,25,25,24,22,20,19,18,28,35,32,27,33,30,30,25,28,27,23,]
643,1,16,with_set,0.05,5,5,201,42,loop_limit,[449,591,282,186,122,112,63,58,29,35,28,15,18,19,25,35,57,47,29,32,30,27,28,35,32,40,50,56,39,38,30,23,23,15,15,17,17,16,15,24,18,34,27,29,32,38,31,26,23,35,30,33,24,24,23,22,29,30,33,30,23,27,28,34,60,48,37,41,21,24,21,29,22,21,16,14,13,12,19,15,24,37,26,20,22,23,26,29,25,35,21,18,17,27,23,18,31,59,37,46,35,42,31,35,24,33,24,16,10,18,16,20,16,23,24,34,38,33,29,38,38,81,54,37,32,29,25,33,35,33,31,41,24,21,15,21,17,16,17,18,17,20,17,23,37,30,24,25,20,19,20,18,15,17,17,20,20,21,23,16,16,23,19,19,24,22,24,29,22,52,42,46,38,43,25,27,31,25,31,37,47,44,52,44,41,49,48,43,50,61,56,51,40,30,34,37,33,35,26,26,42,]
651,1,1,with_set,0.01,1,1,201,12,loop_limit,[319,102,61,38,24,18,17,17,12,10,8,10,10,10,9,16,11,11,11,12,11,11,8,16,10,15,11,16,14,21,18,21,10,13,7,10,11,14,11,17,9,16,11,11,14,20,18,15,10,13,16,20,14,12,12,14,16,20,12,16,12,16,12,13,9,11,10,12,12,14,13,20,14,11,9,12,10,8,10,15,13,19,16,10,10,14,12,12,10,13,13,12,10,10,10,9,7,14,8,11,11,12,10,15,9,17,9,18,8,14,13,15,15,19,10,10,8,14,13,17,13,16,10,15,10,15,8,8,9,10,8,15,11,16,13,17,16,17,11,12,12,15,14,10,9,10,9,12,12,15,17,17,10,16,13,16,8,8,8,10,8,11,10,15,14,18,13,12,14,13,10,12,10,19,11,13,10,10,10,10,9,15,9,17,13,12,11,14,11,16,13,17,14,10,13,13,11,11,12,14,12,]
651,1,1,with_set,0.05,5,5,201,12,loop_limit,[319,99,49,28,25,17,17,17,26,17,13,15,13,20,14,14,11,14,20,17,12,11,10,14,11,11,12,16,10,19,13,15,13,12,11,12,10,15,9,17,16,18,15,20,13,12,12,17,11,11,10,11,9,13,10,10,9,10,11,15,10,12,10,15,9,13,11,12,10,11,10,12,12,17,11,14,9,14,13,12,11,16,11,16,19,24,13,15,13,10,9,10,10,12,11,11,10,11,8,10,8,12,15,12,11,12,10,11,11,15,11,14,14,13,9,12,10,10,9,12,11,14,9,14,10,11,12,18,15,27,19,18,14,19,11,19,13,14,8,10,10,17,10,15,10,16,9,14,11,14,11,13,10,15,15,13,12,22,9,15,12,11,10,10,9,15,14,13,12,10,10,14,12,13,12,14,12,16,12,10,10,10,8,9,7,14,11,9,8,10,9,18,11,18,13,16,14,18,11,14,12,]
651,1,2,with_set,0.05,5,5,201,13,loop_limit,[319,102,61,30,28,18,13,10,7,10,10,13,10,11,9,11,14,12,9,11,9,11,10,10,8,11,11,11,11,16,9,11,8,11,10,15,16,19,12,17,12,10,10,17,14,13,12,14,8,11,9,14,13,13,8,11,10,18,13,10,12,11,9,13,8,14,11,11,10,10,9,12,10,14,9,16,9,12,11,14,9,11,13,18,17,18,12,14,10,14,10,17,12,16,14,18,17,13,11,17,10,18,12,14,9,14,10,16,15,15,14,16,14,16,12,12,11,11,9,9,8,10,8,10,9,14,11,19,12,12,13,16,9,11,12,15,13,19,16,17,12,14,13,18,18,17,22,17,12,13,10,17,15,23,18,12,12,13,10,10,7,16,11,14,10,12,9,15,12,20,16,22,12,12,9,16,11,11,10,14,9,18,9,12,11,11,9,15,9,15,12,18,16,22,15,13,11,12,8,15,13,]
651,1,4,with_set,0.01,1,1,201,12,loop_limit,[319,108,50,31,29,27,17,16,12,16,17,18,16,22,13,18,13,18,12,12,10,10,9,10,10,11,12,12,12,15,15,17,10,18,12,17,10,13,14,14,12,14,11,16,11,11,12,20,9,14,15,13,10,10,8,10,8,13,12,10,10,14,12,11,12,15,16,22,19,25,17,19,18,12,13,17,14,14,11,16,9,10,8,14,9,15,12,20,16,16,12,19,15,9,8,11,13,13,9,13,10,12,9,11,12,14,10,11,10,10,8,8,8,10,8,15,12,17,13,13,15,15,11,12,12,13,11,11,10,13,12,10,8,15,14,11,17,23,13,24,12,19,12,17,13,12,9,12,12,14,9,11,10,15,9,15,9,14,14,18,16,11,10,14,13,19,15,20,16,12,12,16,10,11,10,10,8,10,9,12,9,10,9,10,8,9,7,15,14,14,14,18,14,14,13,20,14,16,11,17,12,]
651,1,4,with_set,0.05,5,5,201,14,loop_limit,[319,117,94,90,94,36,41,33,26,30,19,19,19,18,16,17,17,14,14,17,17,18,14,15,17,15,17,12,10,11,11,12,9,14,12,10,10,11,9,15,9,9,7,8,12,12,11,11,11,13,10,14,13,11,10,11,10,17,9,17,11,16,11,12,11,12,12,15,11,13,10,13,12,12,12,14,13,10,12,11,10,11,10,15,12,19,13,12,12,12,12,16,10,10,9,13,9,13,9,9,11,10,12,10,10,11,11,17,11,14,12,15,9,11,9,13,12,16,10,17,12,18,14,14,14,12,11,14,14,13,8,11,9,12,9,10,9,12,11,10,9,17,13,15,12,12,11,11,9,13,9,13,11,14,9,15,17,20,14,13,12,14,8,9,11,18,11,14,9,13,14,18,14,19,13,12,9,14,16,15,12,14,10,15,12,17,10,11,10,15,14,10,7,14,15,20,17,19,15,18,14,]
651,1,8,with_set,0.01,1,1,201,14,loop_limit,[319,178,101,40,28,17,18,21,18,18,10,11,11,10,9,13,14,12,10,15,9,16,17,21,15,13,12,14,8,12,11,14,12,12,10,11,10,10,9,10,10,14,15,21,15,13,13,12,12,19,9,15,12,10,10,15,11,14,11,11,10,12,9,14,10,16,11,11,9,13,8,14,11,9,11,11,11,12,12,12,11,18,13,18,13,13,11,12,11,14,9,17,13,14,9,12,10,12,11,15,9,10,8,15,8,10,10,11,9,12,10,11,8,13,11,12,8,17,13,13,13,14,10,16,15,20,12,17,12,11,9,13,9,17,11,14,12,14,8,14,12,20,16,14,13,19,18,13,14,11,10,15,11,15,14,12,10,16,10,12,9,12,8,10,8,12,11,18,15,11,8,10,10,10,12,15,9,18,11,18,9,16,12,11,11,14,14,11,8,9,10,14,9,11,12,10,10,16,13,16,14,]
651,1,8,with_set,0.05,5,5,201,8,loop_limit,[319,110,106,44,21,25,18,17,11,17,8,10,9,15,8,15,8,12,7,10,7,14,15,12,11,19,11,12,11,16,8,16,8,10,8,8,10,17,11,16,8,13,10,14,14,10,7,14,15,15,12,13,11,13,13,12,10,12,9,11,11,14,8,14,9,15,14,11,9,11,10,12,12,13,10,10,10,15,9,10,7,11,9,16,9,15,17,17,17,12,10,15,11,18,14,17,11,12,8,14,13,17,10,13,12,19,10,11,8,11,10,11,9,11,10,14,13,11,8,10,8,10,9,10,10,12,10,10,12,11,9,16,11,13,14,15,10,14,10,19,9,10,10,10,9,18,14,16,14,14,10,11,10,13,14,15,13,13,12,15,7,9,10,10,8,15,8,11,11,12,11,16,13,17,14,16,14,17,14,12,11,15,9,16,13,15,14,12,9,8,8,14,8,10,7,11,9,11,12,11,8,]
651,1,16,with_set,0.01,1,1,201,15,loop_limit,[319,217,94,52,41,20,19,17,15,15,11,25,16,14,9,15,10,18,13,12,10,13,13,16,14,17,14,12,10,15,9,14,11,12,9,11,10,10,9,10,8,8,8,11,8,12,10,18,10,17,14,11,10,14,12,12,10,15,16,14,9,11,10,11,12,13,9,11,9,17,9,10,9,12,14,16,12,18,16,19,9,14,12,15,13,15,13,11,8,12,7,12,11,12,11,18,8,10,11,17,14,17,13,13,10,19,14,15,10,16,10,15,10,16,8,9,7,10,8,9,9,10,9,16,11,15,11,10,10,11,8,10,10,11,7,16,9,10,10,16,10,14,11,11,10,9,13,12,8,16,10,11,8,16,11,12,12,19,17,19,18,11,14,13,12,17,14,17,14,10,10,15,9,17,17,18,14,12,12,11,12,15,9,14,12,15,12,11,12,20,12,11,9,12,9,16,13,19,16,18,15,]
651,1,16,with_set,0.05,5,5,201,8,loop_limit,[319,122,64,36,22,21,21,19,15,15,10,16,14,18,12,12,12,16,12,12,8,14,9,11,12,15,12,12,15,14,10,8,8,8,9,10,12,11,11,20,15,16,9,10,11,17,12,10,10,10,12,12,11,12,11,11,8,15,15,20,12,12,10,10,7,16,10,11,10,15,12,17,10,11,10,10,7,9,7,14,8,15,9,12,11,10,8,10,10,14,11,11,10,19,13,14,10,8,8,9,8,10,8,11,10,10,8,10,10,11,9,13,15,13,12,20,20,19,18,21,9,16,16,12,11,12,12,10,10,11,10,26,10,17,14,15,16,13,8,10,9,15,11,14,12,18,13,17,13,11,12,11,9,12,9,12,9,16,26,20,14,17,12,12,11,18,18,20,19,11,8,14,13,12,13,17,15,14,9,14,9,14,13,12,7,10,10,11,10,15,12,14,11,12,12,16,13,13,8,14,8,]
660,1,1,with_set,0.01,1,1,201,230,loop_limit,[1022,387,490,283,434,242,359,200,332,207,327,187,324,233,393,241,349,227,347,179,275,200,289,191,259,181,294,210,320,205,309,162,227,160,251,176,284,207,295,203,289,203,305,192,262,176,276,183,307,185,271,185,295,200,290,182,287,183,291,180,283,180,275,199,304,208,321,189,313,185,302,202,307,213,317,194,274,192,286,180,276,191,278,189,279,195,272,191,319,178,292,168,322,208,313,167,276,168,286,219,306,235,373,194,298,199,310,172,259,144,239,156,256,163,230,184,278,191,347,177,276,200,298,197,287,187,283,196,345,197,319,186,283,172,271,181,251,179,268,184,258,185,275,186,269,172,282,208,344,191,288,206,302,190,291,167,260,160,234,167,282,168,263,181,267,172,254,162,245,163,254,147,234,143,238,157,255,177,273,216,279,155,283,219,304,196,275,168,301,177,269,153,233,137,212,159,259,185,289,165,230,]
660,1,1,with_set,0.05,5,5,201,311,loop_limit,[1022,381,514,278,349,247,316,212,289,174,284,172,273,185,304,213,312,206,318,204,311,171,284,167,256,195,305,228,344,224,366,224,324,196,316,196,290,213,337,209,301,197,293,211,322,213,327,196,303,189,264,180,262,191,276,172,276,200,341,208,305,226,363,225,350,220,335,190,287,190,293,172,339,243,388,220,345,198,315,191,305,183,262,168,224,180,286,168,259,190,308,191,298,223,335,213,315,204,383,220,340,216,330,195,287,212,333,203,346,208,322,185,288,161,252,173,310,184,296,192,317,206,278,183,274,183,277,183,298,192,308,238,362,196,289,186,299,202,312,204,341,193,294,184,290,195,311,212,302,200,291,192,264,202,313,197,311,208,311,214,340,221,317,208,298,178,301,209,332,217,312,180,264,162,267,182,254,161,238,154,262,174,262,173,273,196,284,173,237,201,322,216,373,216,296,199,292,182,303,190,311,]
660,1,1,with_set,0.1,11,11,201,265,loop_limit,[1022,387,491,333,440,270,469,269,416,275,375,268,365,198,301,232,367,202,313,196,267,183,328,209,297,183,283,181,268,203,278,169,263,164,282,174,256,181,268,187,298,206,324,201,295,208,308,187,320,206,326,190,299,186,324,207,286,191,254,207,292,217,292,169,259,172,252,184,332,191,274,180,276,184,303,197,298,205,324,224,327,210,328,220,324,208,311,190,290,217,336,204,338,242,379,228,335,208,304,193,322,235,333,211,315,201,304,181,291,201,312,194,324,194,303,207,341,226,332,219,327,192,290,180,257,161,264,171,300,203,292,187,360,190,281,167,250,186,252,166,270,200,273,231,347,191,290,177,293,158,259,157,246,163,261,187,283,204,310,204,292,193,340,187,282,148,296,148,262,171,259,166,260,158,262,156,254,155,241,164,272,169,272,191,293,199,299,184,266,167,262,176,331,217,315,187,281,187,272,178,265,]
660,1,1,with_set,0.25,28,28,201,316,loop_limit,[1022,387,474,270,383,212,353,259,383,268,396,247,344,222,312,221,315,222,332,204,311,210,316,202,294,175,270,184,261,181,293,167,251,169,280,165,269,172,260,187,270,152,239,145,225,162,264,166,300,180,282,180,280,215,307,215,334,191,305,190,285,200,300,188,327,200,336,176,272,178,245,186,278,165,278,182,248,179,266,209,338,196,290,204,315,194,293,185,267,183,278,159,283,189,282,198,316,192,305,214,325,240,338,184,308,206,321,210,315,222,315,194,308,177,275,171,254,146,295,146,233,135,204,164,253,152,255,189,262,160,233,142,232,143,250,175,288,183,295,175,256,174,251,178,271,164,261,188,290,174,323,185,293,167,253,168,257,170,241,185,316,179,298,204,306,178,332,186,365,197,306,185,291,213,300,222,323,214,302,195,292,179,330,219,295,192,265,160,238,143,218,153,230,151,217,165,259,143,256,191,316,]
660,1,2,with_set,0.01,1,1,201,294,loop_limit,[1022,387,491,263,377,242,411,250,327,218,333,235,326,186,308,209,311,195,278,202,278,180,307,197,298,189,258,166,256,178,301,190,328,185,278,209,297,202,296,180,292,177,271,202,315,204,308,206,328,194,316,186,314,190,296,225,333,193,351,211,302,202,312,215,309,194,265,200,279,162,242,154,261,169,269,176,276,183,276,197,312,201,294,209,294,173,236,190,282,197,312,196,288,200,300,215,339,227,327,199,298,194,270,189,281,179,318,211,332,190,304,191,280,201,302,220,328,213,350,187,280,187,272,176,263,154,257,167,255,187,285,184,284,198,314,193,298,177,266,193,286,183,291,158,239,169,266,193,303,216,300,209,310,185,254,171,270,167,250,153,237,187,237,147,275,180,264,173,272,157,311,191,286,214,336,190,286,167,283,187,290,189,260,171,276,158,234,154,253,175,268,178,270,171,257,164,258,194,313,217,294,]
660,1,2,with_set,0.05,5,5,201,291,loop_limit,[1022,395,503,271,399,249,382,246,377,246,371,224,394,249,347,197,301,202,313,180,268,176,290,168,283,194,315,189,315,202,288,205,292,176,270,185,295,186,285,199,279,186,296,194,302,217,334,204,270,158,255,155,264,194,269,188,268,190,292,184,303,178,281,182,282,208,300,198,328,233,298,182,291,183,274,162,270,161,293,198,316,204,321,180,286,202,306,187,296,152,223,171,301,179,303,187,266,159,243,171,241,206,296,189,295,164,249,171,267,162,233,195,283,201,322,223,330,217,393,207,374,226,346,191,283,150,231,165,281,184,273,171,292,185,253,157,257,183,264,191,278,183,290,204,313,223,316,223,326,197,308,211,321,244,399,210,311,179,312,218,313,184,262,163,256,178,289,211,321,181,328,173,278,187,305,201,308,177,272,174,267,180,279,209,286,165,243,172,278,188,293,183,283,205,325,198,316,171,272,196,291,]
660,1,2,with_set,0.1,11,11,201,330,loop_limit,[1022,390,527,287,379,222,367,230,358,215,330,188,282,177,319,188,280,188,361,242,318,190,278,165,244,178,297,171,278,151,226,156,259,173,276,177,278,190,296,197,267,172,254,173,269,161,265,209,265,209,309,194,306,178,293,174,295,197,318,182,279,160,229,173,256,206,312,179,299,176,271,165,269,175,325,202,306,182,293,202,297,237,329,198,327,183,335,224,335,214,369,230,348,203,301,199,315,206,380,221,347,222,383,228,386,251,364,222,352,199,314,197,322,199,312,204,294,181,332,205,281,179,253,188,262,164,240,177,284,180,271,179,297,173,336,182,269,189,268,174,289,193,291,171,317,235,338,198,304,179,304,208,367,208,314,198,305,173,271,192,267,200,324,194,347,214,318,192,364,216,335,230,341,217,392,204,305,194,296,204,309,180,285,178,275,183,273,198,273,195,276,185,292,193,292,191,264,173,263,210,330,]
660,1,2,with_set,0.25,28,28,201,285,loop_limit,[1022,379,587,318,475,300,429,246,353,236,394,230,333,184,296,166,251,170,274,191,289,190,303,196,336,197,289,180,278,177,303,172,275,153,234,125,210,161,314,232,364,226,340,223,334,208,322,214,337,220,326,170,236,176,259,192,290,184,282,223,323,213,341,205,310,196,312,192,287,173,290,191,299,211,296,186,275,179,278,178,336,178,269,198,278,207,274,171,273,188,281,192,285,161,256,168,256,174,307,175,269,161,276,177,277,179,252,178,272,186,305,190,300,187,281,208,306,215,339,244,354,201,303,209,303,176,260,182,278,193,307,168,239,160,246,175,302,229,335,233,337,198,307,186,307,176,309,196,307,203,323,197,341,195,315,205,316,180,280,215,350,213,303,197,305,171,249,178,287,197,293,226,325,217,323,195,306,180,278,187,320,170,247,171,315,210,285,195,270,190,288,175,276,178,275,156,293,195,332,211,285,]
660,1,4,with_set,0.01,1,1,201,301,loop_limit,[1022,387,529,297,505,254,348,206,301,201,322,232,350,315,525,310,414,340,443,247,344,197,315,174,249,204,298,229,329,208,305,196,288,198,310,207,334,194,285,186,300,294,429,220,322,211,304,206,303,198,316,188,328,179,277,215,321,192,360,218,318,191,308,184,308,206,276,179,279,181,311,216,335,208,314,218,343,195,294,175,267,190,281,189,274,196,278,169,246,267,531,278,378,372,490,269,366,229,340,176,288,217,310,197,271,177,261,196,315,181,304,201,306,182,276,152,225,167,266,167,370,230,317,218,328,183,354,230,366,213,336,214,351,226,319,302,442,255,388,202,341,217,307,210,343,198,373,234,346,233,547,285,401,264,367,227,519,274,367,196,309,171,279,176,250,180,293,191,293,183,311,199,306,199,321,221,321,199,320,213,332,175,283,182,293,229,359,242,435,216,310,208,288,209,297,202,353,204,307,197,301,]
660,1,4,with_set,0.05,5,5,201,282,loop_limit,[1022,488,579,294,430,280,400,199,311,214,334,223,322,222,324,334,439,320,430,273,409,372,463,265,470,272,389,281,375,227,353,324,440,244,409,204,289,173,290,197,334,214,328,200,318,229,358,205,315,191,305,184,312,206,319,213,311,193,348,195,309,228,329,188,267,183,265,190,281,206,282,174,270,206,424,243,357,205,326,231,324,207,308,174,257,157,306,200,317,189,311,189,433,235,325,242,367,237,311,238,405,240,341,211,319,211,314,187,464,240,370,228,410,247,378,344,475,302,412,241,340,237,340,237,302,222,364,210,310,258,383,218,319,229,350,274,375,266,392,351,496,257,430,226,331,304,431,243,441,243,363,220,393,224,346,192,305,183,340,266,359,214,344,204,501,286,413,249,362,243,357,219,329,210,426,242,337,249,337,317,453,265,391,248,365,236,349,215,311,202,328,261,387,211,512,276,342,209,333,190,282,]
660,1,4,with_set,0.1,11,11,201,283,loop_limit,[1022,395,521,279,403,250,373,253,364,229,358,234,397,255,351,207,378,223,302,208,303,178,276,200,328,218,301,178,469,270,448,274,368,256,368,215,360,351,441,256,384,238,345,262,376,233,331,197,308,205,297,212,301,284,368,231,332,236,360,211,329,203,299,246,367,205,314,185,304,195,289,246,360,285,381,240,344,220,330,227,354,237,406,251,369,237,596,290,421,279,455,290,611,314,428,268,395,237,386,222,313,185,295,226,335,213,297,220,297,287,387,236,343,250,410,235,369,257,360,219,369,228,311,173,257,172,271,170,255,175,376,232,334,266,363,205,309,176,331,198,304,194,287,175,308,208,305,162,261,199,327,248,530,295,431,258,363,319,445,258,380,212,326,326,417,260,363,255,631,326,433,264,425,235,330,221,341,241,346,217,336,218,333,200,307,175,231,176,285,168,274,171,254,177,285,184,312,177,278,175,283,]
660,1,4,with_set,0.25,28,28,201,336,loop_limit,[1022,416,810,354,594,311,536,282,384,258,363,338,464,279,399,233,361,222,296,240,366,226,348,211,321,212,350,237,370,225,317,198,310,195,281,204,316,214,294,206,297,203,303,187,354,215,333,210,374,367,471,325,471,279,427,254,366,233,296,231,344,210,314,217,348,225,274,169,268,183,276,180,283,215,302,209,319,189,333,205,331,209,300,191,273,198,305,224,299,220,297,183,282,177,256,172,271,206,277,187,291,208,292,190,261,180,305,176,261,176,282,190,299,199,346,220,316,189,267,177,260,199,317,185,309,180,272,178,326,186,285,247,363,229,347,220,301,242,347,213,360,252,317,203,430,265,557,275,413,241,355,214,530,280,492,274,372,229,399,236,363,209,332,224,332,224,353,225,334,237,349,211,318,191,338,207,330,213,281,172,358,239,373,210,331,200,314,200,325,189,279,187,282,210,359,221,343,212,334,215,336,]
660,1,8,with_set,0.01,1,1,201,315,loop_limit,[1022,493,590,317,430,294,415,240,335,266,378,231,346,233,325,236,336,268,429,256,400,255,400,255,425,234,413,245,375,272,375,215,331,235,312,199,292,192,296,179,291,189,307,188,298,198,352,202,324,197,297,183,277,210,335,346,430,254,369,240,340,230,311,201,296,170,288,187,301,198,361,231,319,219,319,215,681,278,410,294,404,325,429,233,375,225,392,232,342,226,327,187,281,163,260,179,267,174,295,183,437,229,320,218,323,224,333,190,288,389,497,340,458,279,419,351,463,249,384,248,325,280,429,349,452,263,381,229,320,200,309,209,333,198,372,202,303,205,354,212,323,204,319,326,434,267,374,217,377,221,327,218,345,208,284,232,330,189,291,173,509,292,770,355,570,320,429,267,357,280,357,224,338,273,473,254,380,215,341,174,322,200,360,209,333,224,355,211,311,180,266,199,329,217,376,209,292,230,327,203,315,]
660,1,8,with_set,0.05,5,5,201,423,loop_limit,[1022,454,558,275,419,242,438,244,336,220,319,205,346,241,389,244,361,295,440,260,351,233,334,194,283,243,329,193,313,195,285,175,252,192,312,221,748,452,539,283,413,221,715,359,486,430,538,274,380,257,349,222,338,225,350,211,316,263,375,200,287,210,359,235,368,220,325,190,296,213,361,236,361,225,340,230,332,225,325,214,327,198,320,181,295,217,283,174,270,160,244,190,270,208,286,176,290,208,320,376,490,264,387,239,337,185,294,229,350,240,372,255,364,244,372,250,372,379,487,264,352,208,682,295,420,470,580,430,523,283,402,259,404,255,396,241,362,246,355,218,340,191,320,194,369,237,792,363,507,285,832,363,465,420,564,345,462,358,511,295,429,234,444,237,352,208,324,206,312,195,594,253,382,282,397,228,331,195,305,194,287,206,297,209,360,225,335,215,328,196,323,199,289,207,293,219,300,183,276,327,423,]
660,1,8,with_set,0.1,11,11,201,459,loop_limit,[1022,414,516,297,398,245,388,234,713,419,559,283,416,294,419,310,437,269,398,248,356,211,316,197,294,198,299,357,475,295,424,392,500,392,538,288,505,357,494,329,454,247,446,262,371,234,725,320,428,244,339,288,385,239,365,217,318,201,303,197,287,217,374,239,340,217,332,203,304,180,332,211,307,203,355,205,311,198,277,215,331,235,365,428,515,399,927,359,497,384,537,300,440,239,385,212,315,202,280,202,293,216,326,205,303,207,328,196,323,204,333,179,344,238,335,333,449,225,345,206,340,325,439,263,442,218,416,218,322,408,561,357,503,270,391,278,369,206,325,186,300,220,384,244,347,247,359,209,415,237,364,365,738,368,477,266,419,252,440,272,369,236,334,271,361,234,395,255,372,241,379,380,492,451,560,302,391,237,778,338,446,253,390,227,338,267,374,192,361,241,359,221,377,240,354,216,330,209,292,241,459,]
660,1,8,with_set,0.25,28,28,201,393,loop_limit,[1022,381,514,263,394,274,414,252,363,209,337,235,344,227,369,238,337,216,406,233,317,258,329,223,320,198,357,239,362,241,379,371,501,289,489,281,366,198,592,271,411,245,408,246,376,220,335,282,386,259,411,439,559,367,559,316,431,263,482,261,404,265,861,354,563,299,855,368,492,309,443,241,336,219,364,217,384,204,307,196,284,181,551,261,384,229,357,254,682,330,443,254,338,241,342,216,349,245,329,211,312,351,738,318,446,286,420,273,386,239,358,210,316,199,303,203,325,202,315,197,305,196,323,210,303,214,286,178,283,176,522,300,412,293,434,280,387,244,424,227,339,205,324,198,323,442,517,286,390,433,531,287,385,228,365,217,396,219,321,225,335,198,313,192,307,176,266,188,453,262,381,240,347,228,635,311,517,316,420,262,358,224,361,222,329,201,306,177,298,202,325,194,278,172,262,231,342,192,367,212,393,]
660,1,16,with_set,0.01,1,1,201,275,loop_limit,[1022,387,944,495,1022,414,997,407,525,298,422,274,360,214,553,279,431,230,354,235,344,349,815,344,460,269,384,258,374,222,328,202,291,186,285,348,435,272,370,258,410,238,378,232,341,218,311,228,344,213,535,291,483,288,430,292,383,276,432,255,364,268,363,420,519,332,464,253,450,291,410,291,439,275,386,311,416,276,393,253,377,253,377,210,318,207,329,253,345,244,772,303,432,241,360,236,386,312,431,288,376,293,403,287,446,223,411,476,579,375,570,390,532,495,587,317,443,287,450,285,405,221,321,187,365,187,897,482,580,299,379,231,328,483,666,439,542,495,587,495,589,318,429,269,371,182,288,205,288,194,320,197,265,189,281,196,305,231,343,196,440,454,547,299,457,253,375,247,366,226,365,247,356,200,296,167,250,157,222,149,233,145,230,173,256,160,257,173,278,159,254,147,252,172,298,170,248,166,279,177,275,]
660,1,16,with_set,0.05,5,5,201,391,loop_limit,[1022,379,512,303,444,315,429,271,719,425,616,309,410,317,405,460,703,495,1022,495,581,490,1022,481,610,301,440,259,634,495,581,294,498,284,806,346,486,248,806,335,472,246,355,225,377,220,369,266,610,345,927,397,522,301,440,251,387,214,408,253,441,292,433,242,367,495,606,309,425,258,860,352,478,488,615,323,450,326,448,245,354,213,352,419,649,341,524,290,390,204,294,198,299,171,265,166,264,162,560,214,355,206,313,187,349,198,311,188,299,196,463,252,423,211,330,193,301,167,259,169,287,171,271,192,271,194,321,178,271,207,294,187,278,175,286,162,238,165,288,313,381,251,358,231,368,218,572,409,498,280,475,298,439,263,393,233,335,211,337,228,347,202,539,275,422,415,979,366,967,388,519,274,406,266,362,229,598,439,587,292,403,234,354,259,360,202,953,382,485,302,397,258,372,223,588,432,549,297,408,281,391,]
660,1,16,with_set,0.1,11,11,201,573,loop_limit,[1022,416,533,280,408,253,611,417,646,329,547,306,421,228,353,209,896,389,571,288,405,265,429,249,372,236,342,246,352,212,373,212,380,421,534,487,580,293,427,261,378,486,1022,387,516,280,895,495,717,355,464,288,388,236,323,413,536,276,381,273,413,209,393,256,385,235,569,385,995,396,501,487,577,305,505,298,389,257,369,210,332,178,295,189,315,213,331,203,309,189,352,198,311,192,282,177,339,230,327,216,556,369,472,278,410,224,324,391,510,288,414,325,448,249,361,231,308,200,306,209,314,190,294,193,321,196,260,177,252,177,292,167,308,211,319,224,378,224,271,161,247,190,303,181,267,177,301,196,308,355,448,308,413,217,316,186,264,174,270,183,288,206,303,182,287,161,274,189,278,210,278,156,234,165,243,183,316,479,592,279,406,230,343,229,304,170,282,346,500,249,550,284,412,296,424,241,349,429,530,480,573,]
660,1,16,with_set,0.25,28,28,201,589,loop_limit,[1022,416,541,495,606,323,405,220,323,360,492,363,550,495,587,351,504,281,399,249,435,232,354,234,349,227,358,199,278,212,350,394,458,368,479,261,388,247,315,385,523,282,462,279,420,236,335,195,315,194,298,202,305,185,677,435,567,308,439,301,418,243,940,495,615,324,499,269,429,293,439,282,446,257,373,269,372,221,409,249,400,224,342,223,335,191,280,186,343,176,272,168,270,188,306,181,269,168,275,197,456,265,375,425,643,342,490,354,502,342,536,477,586,297,420,239,335,228,389,229,358,223,390,495,587,320,442,287,434,461,569,316,430,276,390,256,357,242,357,242,336,211,353,197,315,209,311,189,421,243,375,471,578,287,491,288,404,447,566,495,626,328,448,250,341,202,342,203,304,181,249,211,249,171,671,304,449,241,385,264,433,249,359,245,416,244,382,250,932,377,1022,397,516,495,589,316,406,248,615,463,589,]
660,2,1,with_set,0.01,2,2,201,4,loop_limit,[1022,268,216,91,78,33,38,12,6,5,3,2,7,6,11,9,10,5,10,8,17,10,14,13,8,6,11,5,7,11,16,8,8,8,5,2,2,2,2,2,9,2,3,3,4,3,4,4,2,2,3,2,9,4,3,3,2,3,8,2,5,2,3,8,6,6,9,4,9,4,8,10,9,6,15,10,13,9,8,8,10,18,23,8,4,2,9,2,9,17,17,4,7,6,14,8,10,8,10,11,14,6,15,18,18,10,19,9,13,14,18,12,15,8,15,9,9,9,18,5,4,5,7,6,5,2,4,3,7,8,8,9,8,6,10,18,23,13,11,8,17,6,10,4,10,11,14,7,8,12,20,7,13,6,6,3,3,7,13,5,4,2,3,2,5,2,5,9,9,10,21,12,16,9,21,11,18,9,7,6,10,4,2,2,5,3,5,6,5,3,2,5,9,5,7,4,4,6,6,4,4,]
660,2,2,with_set,0.01,2,2,201,6,loop_limit,[1022,261,217,99,80,70,65,70,59,37,47,17,18,7,15,5,10,9,15,9,7,7,14,6,6,9,18,9,9,5,10,2,4,2,5,3,5,3,7,6,12,7,17,6,7,11,18,13,6,7,8,3,4,3,4,3,3,3,9,5,15,7,7,9,13,11,12,5,4,2,9,7,9,4,4,4,4,3,5,3,9,17,16,9,9,3,4,8,14,7,10,5,13,5,5,4,2,3,4,5,8,3,8,3,8,2,3,2,4,3,3,8,10,4,10,6,6,9,9,7,4,4,5,7,13,5,7,2,4,6,10,7,8,5,4,3,5,5,4,6,4,4,5,4,14,5,6,9,14,13,19,12,25,15,23,12,16,11,16,10,9,8,20,6,12,10,12,8,11,4,6,5,9,5,15,6,8,8,13,7,7,4,3,2,2,2,3,3,2,5,4,6,4,3,6,4,7,6,11,7,6,]
660,2,4,with_set,0.01,2,2,201,7,loop_limit,[1022,341,240,115,99,38,34,35,36,18,13,8,9,4,10,10,16,6,9,4,6,6,5,3,3,5,4,7,5,4,5,4,4,4,9,10,6,4,5,3,8,9,12,12,22,10,10,4,9,6,15,9,16,12,10,14,16,10,19,20,24,11,8,10,14,3,7,3,4,3,4,5,13,7,11,5,11,6,12,7,6,4,5,6,5,2,5,3,3,3,3,2,3,5,5,9,5,5,16,7,7,4,7,4,10,4,4,8,4,3,3,4,7,5,8,3,9,6,7,3,4,8,13,3,7,6,10,10,13,9,9,9,15,7,14,7,13,9,11,3,3,4,8,7,9,4,13,13,13,8,6,3,5,4,8,4,10,5,7,4,6,6,4,3,9,4,4,4,9,6,13,12,13,9,11,3,2,5,3,2,4,3,8,10,14,5,10,6,6,6,10,7,8,10,11,7,7,4,9,5,7,]
660,2,8,with_set,0.01,2,2,201,16,loop_limit,[1022,268,234,92,91,35,31,10,17,15,19,10,16,18,21,12,10,11,16,6,4,3,9,2,4,3,9,3,6,4,8,4,12,7,9,6,11,9,16,25,18,7,15,6,6,3,2,2,2,2,2,3,3,8,15,10,18,11,17,14,11,5,7,8,6,12,18,11,16,11,16,6,13,8,13,7,3,5,8,3,2,2,7,9,15,6,10,7,8,5,11,4,4,4,4,5,10,5,10,14,23,12,10,8,10,9,16,13,24,13,19,8,6,6,10,2,2,4,11,9,16,22,21,7,17,8,11,11,7,6,11,2,5,6,5,5,5,7,13,6,10,5,7,6,3,2,2,3,5,3,9,2,7,4,10,6,10,2,3,2,7,4,8,5,8,7,6,9,12,6,11,8,10,11,10,14,20,8,17,22,14,8,8,15,22,13,12,7,6,7,8,10,7,3,3,2,4,6,10,18,16,]
668,1,1,with_set,0.01,1,1,201,10,loop_limit,[441,342,234,200,147,130,147,130,94,79,61,72,61,83,84,115,87,89,65,68,76,83,58,77,59,49,48,43,39,45,47,67,50,58,49,62,45,43,33,39,45,47,30,53,49,61,42,40,22,26,23,31,20,25,19,27,17,21,17,20,9,10,13,17,19,16,16,13,13,9,7,6,7,7,7,5,6,10,8,13,12,13,5,4,2,6,7,8,1,4,7,8,5,5,2,3,1,4,3,4,2,3,4,1,1,2,1,1,1,4,4,7,5,7,5,7,7,10,8,9,10,13,14,10,15,11,10,8,5,5,7,5,4,4,6,2,3,2,1,1,1,4,6,5,4,4,1,4,5,8,8,6,4,3,4,5,3,8,10,7,7,7,5,6,4,8,4,6,7,7,7,6,7,10,11,13,11,10,11,13,10,11,14,8,6,9,13,15,7,6,3,6,9,8,10,7,6,5,7,11,10,]
668,1,2,with_set,0.01,1,1,201,15,loop_limit,[441,296,179,199,177,157,167,167,116,133,111,112,73,79,84,82,65,59,37,38,24,26,28,36,34,38,29,36,23,28,35,33,29,37,33,46,40,45,43,66,56,62,50,67,56,56,68,85,56,57,50,52,45,52,51,59,40,50,33,51,33,42,34,38,35,33,25,50,25,42,32,41,26,42,25,34,22,24,20,29,17,24,21,20,31,40,43,48,29,39,35,44,37,43,42,49,35,36,35,35,25,23,25,28,27,34,24,28,18,22,23,43,29,35,39,51,31,41,41,49,40,28,45,51,41,65,45,45,45,48,36,47,31,30,29,40,32,53,38,33,39,63,32,34,49,34,29,43,29,32,31,44,37,62,36,48,31,43,29,39,26,38,27,29,25,22,23,25,14,15,17,21,22,35,28,35,15,18,20,16,17,19,11,18,13,23,16,19,14,17,15,22,24,35,34,39,30,31,22,23,15,]
668,1,4,with_set,0.01,1,1,201,2,loop_limit,[441,342,306,251,182,149,161,187,120,104,71,79,57,69,52,76,47,66,59,66,45,51,31,30,45,36,36,45,29,46,44,32,25,31,31,40,31,29,28,27,22,21,27,33,33,39,40,47,39,36,22,25,25,30,14,21,15,33,25,29,25,32,21,29,35,42,24,28,29,26,37,40,37,37,27,39,37,40,35,46,36,53,48,34,45,48,38,35,41,43,48,43,38,45,56,62,37,43,34,43,30,31,22,29,18,32,33,33,31,42,36,32,22,20,36,41,27,24,13,12,12,12,9,10,12,12,12,14,10,10,10,11,6,6,8,8,7,8,3,4,3,2,3,8,7,8,9,13,10,8,5,8,7,4,5,6,9,12,12,6,4,2,1,1,4,5,3,6,6,2,3,4,6,5,4,5,2,4,1,1,7,2,2,3,5,7,9,9,9,10,9,7,5,7,8,6,3,2,1,2,2,]
668,1,8,with_set,0.01,1,1,201,21,loop_limit,[441,342,181,165,159,154,203,199,136,146,83,76,68,86,104,105,85,84,64,56,47,56,40,53,41,33,28,32,31,40,48,58,44,62,44,45,42,65,48,50,32,47,47,41,37,47,41,55,31,38,23,27,11,11,15,19,17,17,21,20,10,9,10,10,13,19,21,32,28,20,13,17,19,21,21,26,19,29,26,28,22,15,10,13,15,18,15,14,16,20,21,24,20,29,25,23,21,14,12,11,12,11,19,29,18,23,20,23,17,24,16,19,15,24,11,23,31,37,32,27,25,24,21,15,20,15,16,17,22,25,29,42,33,41,28,35,31,41,25,28,25,30,33,41,34,42,43,55,50,56,48,43,40,35,34,31,28,28,24,28,19,17,17,19,20,21,16,19,23,24,24,21,20,20,29,20,15,27,19,30,21,21,27,29,29,42,34,33,35,46,31,28,29,35,26,33,28,30,25,23,21,]
668,1,16,with_set,0.01,1,1,201,16,loop_limit,[441,292,434,306,200,187,151,148,94,127,97,179,124,135,94,83,85,117,102,108,108,99,68,63,83,87,58,70,54,74,49,61,63,68,56,51,35,29,24,19,34,41,39,39,33,32,30,35,26,24,25,25,22,24,12,11,14,21,24,23,19,22,43,48,29,34,43,53,45,38,30,35,27,31,31,33,30,29,34,26,41,36,31,37,32,37,27,30,18,17,17,33,14,20,19,22,15,16,9,11,9,9,11,11,15,17,14,19,16,17,22,20,18,16,19,26,17,24,11,16,15,16,24,31,26,31,29,36,24,28,26,28,16,26,28,30,20,24,19,27,21,16,17,22,15,16,20,31,21,33,28,32,25,27,20,26,23,28,21,30,33,40,27,27,25,28,26,42,37,35,35,36,23,25,14,18,18,20,16,20,17,20,19,29,33,40,26,29,22,23,19,20,17,25,15,30,23,29,24,34,16,]
672,1,1,with_set,0.01,1,1,201,15,loop_limit,[506,111,93,51,39,21,18,5,12,7,9,5,11,6,12,8,11,5,9,5,9,6,10,4,10,9,17,11,14,10,10,9,13,5,11,8,14,10,15,10,13,6,13,8,19,8,16,10,10,5,9,5,11,7,13,8,17,11,17,9,14,9,18,6,15,6,13,11,13,11,15,5,11,7,12,9,13,8,13,6,10,8,11,10,14,9,15,10,13,9,13,9,13,7,14,11,21,11,14,13,18,13,12,9,18,7,10,9,13,6,17,12,17,11,15,8,12,9,12,9,21,8,11,9,13,9,15,10,14,9,21,12,15,7,8,5,12,6,14,5,12,9,14,6,8,5,12,7,12,9,17,5,12,5,9,8,8,8,10,5,12,8,10,6,13,8,15,8,13,9,14,8,15,9,15,8,12,4,13,6,13,8,13,9,17,9,13,6,8,4,8,6,14,9,14,6,16,6,14,10,15,]
672,1,2,with_set,0.01,1,1,201,11,loop_limit,[506,110,82,30,28,12,16,12,16,10,14,6,13,9,15,8,10,8,12,10,14,9,11,5,11,7,8,7,9,9,11,5,12,7,12,7,9,10,15,13,15,8,15,5,12,8,12,7,8,5,13,8,15,9,13,10,16,9,12,6,10,6,12,7,15,7,13,4,9,5,12,5,9,5,11,7,12,8,11,7,13,5,8,5,8,6,10,9,11,10,17,10,18,5,13,7,10,7,16,8,13,5,14,11,12,5,13,18,22,12,24,11,19,8,20,9,12,9,15,8,12,8,11,6,10,5,14,9,11,10,15,9,13,8,12,9,17,8,15,8,19,7,12,7,11,7,14,18,22,17,20,12,21,6,14,9,13,6,14,7,13,11,17,11,14,7,12,4,11,5,11,6,12,7,12,5,9,6,10,8,8,4,12,7,10,5,11,8,9,5,9,8,10,5,12,13,13,6,10,9,11,]
672,1,8,with_set,0.01,1,1,201,19,loop_limit,[506,96,79,33,34,11,16,14,18,10,15,14,17,11,13,7,10,10,15,8,19,15,20,14,16,14,12,6,12,5,13,8,19,15,20,10,15,15,13,8,12,8,11,4,9,5,13,8,12,5,14,9,14,10,16,6,12,11,14,9,14,6,13,8,14,7,11,9,9,9,12,5,16,10,15,8,13,11,16,14,12,9,21,14,19,17,17,8,10,6,10,5,9,5,8,5,11,9,19,8,12,10,15,7,18,12,15,7,18,11,15,11,12,8,12,9,14,5,14,11,12,6,8,5,11,8,17,6,10,6,13,8,15,8,14,8,16,8,12,9,16,12,12,7,12,7,15,8,10,11,11,7,11,7,14,8,16,6,12,8,11,7,12,6,13,6,13,8,18,9,15,9,13,7,18,7,12,10,17,18,21,13,21,12,17,8,9,5,10,9,13,6,10,9,19,18,20,15,21,14,19,]
672,1,16,with_set,0.01,1,1,201,13,loop_limit,[506,110,86,30,31,16,26,13,25,14,26,8,18,15,15,18,17,7,13,9,15,12,12,8,13,11,18,15,19,8,11,8,18,12,18,11,15,12,19,6,13,8,17,7,16,10,19,19,22,20,26,8,16,8,11,8,10,7,12,7,8,5,12,7,9,5,9,4,8,9,14,9,11,5,9,21,16,7,11,5,11,5,28,14,19,4,11,9,13,10,12,9,13,6,13,12,22,9,13,6,12,7,17,8,12,9,14,9,12,4,12,9,10,4,13,18,16,6,8,4,10,8,11,10,12,5,12,8,12,4,11,7,14,5,12,8,8,6,10,5,10,10,18,12,18,10,18,7,15,9,18,6,12,7,10,11,16,10,15,9,15,4,13,9,16,14,18,8,21,11,21,9,14,8,14,9,13,10,15,11,13,11,16,8,17,9,13,7,9,6,15,10,20,13,19,10,16,5,8,8,13,]
672,2,4,with_set,0.01,2,2,201,4,loop_limit,[506,69,34,32,13,5,6,3,7,4,6,2,6,2,5,2,4,2,6,2,8,2,6,2,4,2,4,3,7,4,6,2,4,2,5,2,4,3,6,2,4,2,6,3,4,2,6,2,6,3,5,2,4,3,7,3,5,3,4,2,8,2,6,3,6,2,4,3,8,4,5,2,6,3,5,3,6,3,6,2,4,3,6,3,6,2,8,3,4,2,6,2,8,2,4,2,8,2,6,3,4,2,4,3,5,5,9,3,6,3,8,3,5,2,5,2,6,2,4,3,8,2,4,2,4,2,5,2,5,3,4,2,5,2,5,3,4,3,4,3,7,3,7,3,5,3,5,3,4,2,4,2,4,3,4,2,4,3,4,3,5,2,5,4,10,3,7,3,5,3,5,3,6,3,5,2,5,2,6,2,5,3,6,3,5,3,6,3,5,5,9,4,4,3,5,3,8,2,5,3,4,]
675,1,1,with_set,0.01,1,1,201,88,loop_limit,[613,430,304,300,228,231,168,185,146,137,107,153,103,109,114,123,98,131,103,147,107,114,89,121,78,89,72,76,52,67,66,78,64,78,73,89,60,86,58,84,62,97,64,68,54,87,70,97,66,92,72,109,68,86,75,92,67,115,71,103,74,90,65,67,56,81,50,77,59,78,54,64,54,84,69,83,68,94,72,93,66,95,76,102,85,121,92,117,102,107,90,96,70,67,70,107,94,110,91,96,97,122,91,88,72,90,79,87,79,85,54,87,66,78,80,103,79,96,78,107,79,89,61,74,63,73,64,82,62,65,48,68,48,55,49,78,62,100,77,119,83,110,82,93,59,69,58,75,66,75,54,76,62,85,56,69,56,78,57,83,73,98,88,101,70,83,63,82,57,89,77,104,64,92,71,84,63,93,70,86,64,87,67,98,87,95,65,100,79,103,75,100,79,109,77,98,81,89,65,99,88,]
675,1,1,with_set,0.05,5,5,201,85,loop_limit,[613,430,313,356,254,248,187,178,138,145,127,119,102,129,97,130,97,146,111,156,106,125,90,136,90,101,83,90,54,76,53,91,53,71,74,85,65,77,59,75,81,95,80,120,93,132,96,103,87,85,73,110,78,73,69,78,65,54,61,73,52,66,54,70,74,71,72,98,89,119,86,131,97,127,87,125,71,96,74,100,68,119,111,143,109,130,96,147,101,128,120,144,125,123,85,109,77,88,72,106,80,102,64,100,64,75,50,59,48,54,49,62,38,59,47,42,48,49,36,56,40,47,40,45,44,47,40,76,64,73,75,121,99,119,86,106,77,116,93,118,87,115,87,103,75,74,67,75,62,98,72,128,80,88,85,91,71,80,61,69,58,72,62,98,70,100,107,126,91,118,83,80,90,123,93,95,68,109,92,127,107,109,97,113,79,102,71,103,87,100,89,122,99,129,118,130,112,130,88,99,85,]
675,1,1,with_set,0.1,11,11,201,94,loop_limit,[613,405,290,352,240,239,183,198,143,139,120,118,108,119,88,99,101,111,109,123,83,76,65,99,71,86,59,100,67,85,78,119,80,120,86,112,89,112,93,113,79,110,98,104,90,99,68,102,84,106,77,108,98,132,77,106,75,93,70,98,65,81,64,78,50,80,56,88,73,107,86,104,80,115,77,94,82,135,93,142,98,153,96,119,95,96,84,103,86,108,84,109,95,116,86,100,81,103,70,90,71,102,81,107,95,125,95,107,99,110,85,112,102,149,113,143,101,100,80,85,76,82,60,98,60,96,69,91,62,90,65,104,75,93,75,98,66,67,52,91,74,99,68,87,71,84,67,80,83,92,59,83,60,88,64,87,60,66,59,96,73,92,73,94,74,103,80,96,84,94,66,80,62,88,56,103,62,77,61,63,61,83,56,97,66,91,63,87,70,92,70,101,82,102,89,109,101,118,97,108,94,]
675,1,1,with_set,0.25,28,28,201,72,loop_limit,[613,405,278,250,204,186,156,160,138,149,113,157,135,161,134,130,131,179,136,157,122,133,111,129,107,143,112,139,120,122,102,111,102,133,121,123,95,113,79,93,95,132,99,124,114,143,90,107,63,90,71,81,78,92,75,96,94,96,85,104,89,106,91,97,86,97,80,88,68,66,55,83,63,89,64,84,64,78,64,97,56,85,69,75,77,104,72,92,76,113,81,95,68,88,53,65,55,79,74,72,71,91,69,98,91,103,69,90,66,91,69,82,65,88,61,66,54,72,62,88,62,90,69,110,72,85,72,92,88,108,86,94,72,87,72,87,63,89,67,99,64,104,64,104,70,89,72,90,70,87,79,105,77,82,72,101,89,112,85,80,61,87,62,97,67,78,54,83,59,99,73,92,64,89,64,96,63,80,68,97,68,79,57,87,74,102,97,104,88,138,88,85,63,63,50,99,50,99,86,97,72,]
675,1,2,with_set,0.01,1,1,201,79,loop_limit,[613,415,301,246,176,201,189,217,184,189,132,139,110,152,133,138,108,109,97,120,98,133,125,156,121,135,95,103,88,115,94,127,84,101,92,125,96,108,84,136,99,123,83,101,84,101,63,92,64,99,79,106,71,123,71,103,87,105,72,81,53,87,72,90,78,109,79,100,68,95,83,97,84,104,75,91,93,146,89,115,85,111,75,93,90,114,94,114,106,121,111,122,103,122,80,104,54,82,69,96,83,94,75,113,81,127,81,91,70,99,79,96,91,96,66,77,60,71,66,114,83,116,88,102,84,96,72,89,61,91,78,93,67,114,78,99,76,121,90,103,71,104,95,123,112,149,113,127,109,113,87,127,100,113,73,110,84,93,76,122,109,136,84,100,66,99,81,91,80,106,84,92,80,103,77,99,76,89,54,67,54,92,69,83,76,93,67,70,63,73,60,76,49,64,53,64,50,57,64,75,79,]
675,1,2,with_set,0.05,5,5,201,55,loop_limit,[613,430,409,337,255,278,253,215,176,149,124,141,135,183,153,164,121,152,117,169,116,132,87,109,92,92,77,102,97,141,110,138,117,153,139,183,139,175,162,175,134,151,119,136,100,154,93,108,95,100,88,100,79,103,82,98,77,94,80,88,75,101,63,84,67,94,77,90,75,113,71,108,84,115,92,112,85,109,77,103,93,112,89,107,82,89,83,111,77,85,83,96,72,98,76,94,70,89,66,83,63,96,90,141,114,133,114,139,118,153,108,137,113,134,119,135,101,127,97,116,98,155,98,160,111,133,92,136,109,118,111,158,128,155,128,138,100,141,111,139,76,91,72,99,88,116,107,129,103,98,85,101,90,87,95,112,102,119,107,119,98,130,114,127,77,100,80,84,67,96,73,102,75,113,74,88,74,94,75,93,70,86,70,89,74,96,71,100,91,116,91,132,84,100,74,110,70,115,75,94,55,]
675,1,2,with_set,0.1,11,11,201,77,loop_limit,[613,428,299,243,189,236,190,192,177,162,167,174,132,191,156,141,113,143,127,131,118,105,103,102,73,79,98,124,111,157,110,116,119,164,125,152,105,122,106,112,96,96,76,86,53,62,48,75,62,84,64,100,88,90,64,87,66,73,58,84,58,104,72,116,72,108,71,108,69,106,85,92,87,95,69,73,58,72,42,53,49,82,57,82,55,96,67,92,72,94,72,86,67,92,89,117,88,101,94,97,84,106,73,102,85,119,99,112,69,94,74,88,69,95,80,93,90,101,100,167,124,157,102,133,108,125,78,114,77,102,86,101,71,88,63,113,90,118,69,91,62,102,78,79,63,94,62,86,69,91,68,92,77,104,83,120,94,120,96,109,111,124,93,119,74,104,72,89,77,110,86,100,85,109,74,87,63,76,71,83,82,92,85,108,80,90,77,107,90,107,87,95,76,106,81,96,81,78,60,88,77,]
675,1,2,with_set,0.25,28,28,201,70,loop_limit,[613,405,265,282,225,222,160,224,173,184,144,172,114,170,129,154,114,126,106,127,112,136,99,118,96,127,102,153,130,161,138,146,131,180,144,195,129,164,122,128,140,201,165,156,133,129,106,149,127,142,122,169,131,155,166,164,132,135,115,110,119,110,119,115,128,160,129,153,122,147,106,105,102,126,100,98,102,138,118,119,93,116,103,135,99,143,104,131,103,102,80,103,90,112,93,110,100,115,89,144,116,168,116,141,110,129,111,103,112,143,114,113,108,131,104,113,113,110,112,106,79,125,97,113,90,115,103,137,107,158,116,135,85,128,97,113,87,122,81,129,102,127,83,130,88,116,77,91,61,84,76,80,65,79,65,85,64,77,50,60,52,70,58,69,67,99,77,114,77,107,61,88,61,121,96,107,95,103,61,90,80,96,74,97,81,114,78,105,70,82,60,93,77,94,90,128,89,107,65,100,70,]
675,1,4,with_set,0.01,1,1,201,50,loop_limit,[613,414,306,252,194,189,270,309,269,265,207,200,168,187,167,166,121,216,173,193,133,153,206,242,187,214,151,140,105,125,110,128,127,128,110,122,116,122,86,93,94,103,71,85,64,96,122,200,136,163,127,154,125,146,135,133,124,142,160,168,199,200,159,175,148,139,122,131,91,90,62,58,38,76,67,84,68,84,65,101,88,149,104,118,106,130,107,122,120,126,113,122,81,92,66,85,88,125,140,143,114,141,111,113,88,105,92,114,88,127,104,133,105,122,105,126,103,189,117,130,95,104,126,151,121,128,98,113,89,116,71,116,96,90,83,100,70,86,57,123,83,97,73,86,74,88,63,65,58,64,48,60,62,83,71,74,56,70,73,83,54,84,68,89,61,72,54,78,55,66,65,90,71,75,59,88,62,96,67,89,61,84,59,85,78,165,95,108,118,137,114,149,89,139,76,74,54,79,57,84,50,]
675,1,4,with_set,0.05,5,5,201,92,loop_limit,[613,428,287,261,207,248,207,199,169,132,94,119,123,172,131,157,114,130,113,122,99,122,105,136,119,140,104,137,112,143,110,140,103,137,139,178,133,158,114,169,118,157,127,151,193,201,134,151,130,126,91,97,97,128,92,92,78,88,75,96,134,160,114,146,174,174,157,163,141,218,156,160,123,204,141,168,123,136,107,138,108,154,99,121,92,125,92,125,103,113,109,116,108,148,106,113,111,113,124,153,109,140,98,107,129,152,121,149,137,160,117,140,116,118,82,116,127,131,85,181,127,163,102,141,90,107,73,107,81,108,85,108,71,127,96,124,107,107,80,110,80,95,78,98,84,98,93,97,131,213,135,188,117,137,121,170,119,129,106,135,95,112,86,153,125,134,88,126,80,96,89,109,106,110,79,94,68,89,73,114,97,123,82,118,88,119,97,113,96,106,86,108,98,147,119,153,131,158,131,130,92,]
675,1,4,with_set,0.1,11,11,201,59,loop_limit,[613,415,264,235,233,244,227,244,197,207,160,168,186,285,208,243,220,227,153,162,126,137,112,152,131,150,131,145,110,137,86,84,90,95,74,111,102,110,88,142,112,153,145,150,162,213,137,142,130,143,164,175,153,145,137,158,126,163,126,153,159,216,157,166,138,151,142,161,203,241,155,163,183,219,158,247,168,181,160,180,148,193,242,214,221,295,263,231,196,242,148,171,196,252,195,172,139,172,127,126,132,165,237,207,165,241,201,192,149,172,155,172,128,148,123,173,154,165,128,190,260,218,209,199,151,218,178,230,145,147,192,225,172,217,152,173,163,218,177,177,141,168,131,152,140,148,151,171,124,115,169,187,187,181,186,196,155,152,105,152,148,128,102,127,129,119,109,117,93,112,87,94,77,99,75,101,83,88,56,63,55,71,61,78,58,100,64,91,71,76,54,93,65,83,61,83,61,85,66,97,59,]
675,1,4,with_set,0.25,28,28,201,78,loop_limit,[613,414,394,492,370,371,256,247,151,157,116,173,224,219,251,189,143,164,112,123,96,128,99,125,123,143,114,212,148,179,129,130,99,108,106,197,166,169,200,222,148,172,129,160,167,166,133,142,140,182,154,169,160,184,160,145,141,144,142,147,106,108,87,92,77,100,78,87,73,76,70,83,80,110,100,110,74,90,70,92,80,113,90,95,91,110,69,77,75,85,62,79,67,98,90,81,68,83,75,93,87,93,70,83,77,113,80,90,86,90,69,86,72,97,71,73,60,80,58,69,70,79,62,70,57,73,60,82,84,95,77,99,85,105,77,125,98,165,103,133,102,105,115,147,110,148,105,106,79,102,69,89,85,110,86,135,111,126,94,85,63,84,58,100,79,94,66,81,70,94,79,111,96,125,101,156,82,123,88,124,103,128,98,110,104,127,103,130,112,101,95,102,95,106,95,113,73,86,58,87,78,]
675,1,8,with_set,0.01,1,1,201,120,loop_limit,[613,437,309,280,198,183,150,153,139,156,135,150,153,167,167,183,147,390,239,234,236,268,213,200,170,203,152,165,117,194,181,202,271,257,220,220,172,201,149,164,121,161,129,123,122,142,119,141,100,124,106,106,85,254,151,165,114,141,103,160,103,115,95,125,90,99,84,105,92,119,86,123,103,98,76,90,69,92,73,83,78,73,55,112,92,105,67,88,75,126,75,94,67,84,78,85,63,105,78,102,78,108,82,90,75,79,65,85,71,96,69,80,61,109,61,79,79,82,72,94,68,77,58,104,75,91,69,79,52,77,66,112,67,79,121,143,110,140,99,120,80,99,94,129,83,85,80,94,70,87,75,80,77,98,80,171,112,144,105,163,139,157,106,200,202,185,136,154,157,174,185,283,297,288,183,148,185,202,215,200,142,181,136,141,137,125,104,131,122,134,108,114,97,125,105,171,149,153,117,133,120,]
675,1,8,with_set,0.05,5,5,201,73,loop_limit,[613,430,308,350,350,285,221,214,143,211,162,220,178,164,172,164,132,151,113,129,110,127,89,95,74,98,80,104,124,107,116,143,137,173,137,166,151,174,142,159,212,262,193,238,403,314,332,259,228,449,436,342,217,439,265,258,256,259,202,211,176,177,146,254,196,181,197,206,162,171,164,171,134,152,133,124,117,154,118,132,114,149,125,169,119,132,117,136,104,91,76,114,110,118,106,124,116,178,116,126,191,266,202,260,173,172,132,197,132,132,99,117,103,140,120,120,98,99,66,107,94,114,101,111,109,114,110,150,125,144,113,117,138,117,110,112,115,112,96,128,85,100,57,65,46,61,61,64,49,74,71,105,76,97,93,97,107,151,111,155,111,166,116,135,116,135,140,135,107,132,102,94,90,98,70,86,113,137,102,103,104,109,98,128,107,110,94,130,94,105,85,126,97,126,101,123,88,101,66,77,73,]
675,1,8,with_set,0.1,11,11,201,89,loop_limit,[613,415,301,260,184,213,219,209,321,314,284,287,192,180,145,199,176,203,150,144,118,132,114,119,100,113,99,142,99,111,88,110,101,110,80,103,81,131,101,129,111,117,79,178,116,138,115,148,88,103,87,91,57,95,75,124,90,117,87,125,86,87,69,75,61,76,68,104,97,114,89,105,170,176,157,174,115,120,104,143,104,136,111,105,93,107,102,132,93,116,92,116,82,92,84,97,72,92,82,88,70,87,62,82,68,77,63,82,64,79,75,128,91,142,173,170,122,130,134,213,114,154,115,128,194,211,132,185,129,167,114,165,126,134,118,153,95,124,121,161,104,129,110,136,115,139,110,244,189,179,148,150,106,124,111,131,91,97,75,83,89,87,79,101,92,90,77,129,105,114,115,131,92,106,98,129,100,128,96,131,117,243,184,245,191,211,151,164,157,164,121,139,116,114,99,112,84,115,100,113,89,]
675,1,8,with_set,0.25,28,28,201,106,loop_limit,[613,433,311,367,311,258,176,385,221,225,173,179,144,152,138,158,116,130,100,108,95,93,68,101,88,101,93,118,80,107,80,87,60,84,67,86,63,80,72,116,76,109,96,103,76,90,96,94,78,96,82,109,82,128,100,120,153,171,186,200,142,164,110,123,221,227,209,196,157,163,124,285,255,254,185,225,156,169,178,163,172,205,132,143,108,126,99,130,105,117,101,108,95,101,96,153,140,139,114,121,115,152,102,88,84,91,70,104,89,107,98,109,91,94,98,117,107,143,105,124,77,100,80,114,87,105,80,101,122,126,95,111,60,98,67,108,94,130,81,122,91,119,93,95,83,123,101,123,98,155,109,130,112,130,95,100,75,114,89,124,93,130,85,128,89,106,94,106,84,108,89,102,83,129,85,101,86,91,71,82,69,92,70,97,78,96,73,101,95,113,82,90,70,139,103,130,91,122,82,134,106,]
675,1,16,with_set,0.01,1,1,201,143,loop_limit,[613,438,601,426,358,308,239,609,375,318,261,234,188,250,575,383,291,249,189,171,141,163,352,332,226,251,164,170,131,134,110,126,116,139,107,114,103,120,110,139,116,122,125,152,104,121,114,121,85,116,104,125,98,113,207,210,135,181,131,158,122,131,110,142,117,148,108,110,93,136,126,129,114,134,105,94,90,109,86,103,74,75,47,68,52,187,112,121,83,90,64,81,70,87,67,86,97,120,97,132,102,127,102,146,122,172,136,136,112,108,86,84,81,94,87,96,94,127,77,80,54,100,70,108,94,108,89,99,69,98,63,86,56,76,79,95,71,85,62,71,60,75,65,93,62,72,74,81,64,188,122,109,84,112,87,121,87,119,91,100,91,82,76,92,76,92,74,71,85,82,97,111,118,306,542,670,394,435,327,295,261,255,194,196,166,162,125,125,120,137,131,357,277,219,189,198,172,227,183,162,143,]
675,1,16,with_set,0.05,5,5,201,163,loop_limit,[613,438,298,264,197,252,204,197,173,167,123,126,96,146,158,177,122,157,114,177,163,179,205,221,169,202,130,201,144,166,153,169,128,141,110,130,120,125,118,151,133,145,145,162,133,114,84,104,103,115,84,112,80,85,72,84,63,76,64,94,63,107,71,102,72,118,293,260,175,203,136,155,115,146,107,116,87,104,72,98,83,138,92,89,80,96,163,178,141,158,110,133,101,128,104,137,96,116,112,130,122,169,147,166,110,160,130,148,116,116,89,103,78,91,82,125,91,139,99,149,102,113,109,142,379,277,214,195,391,340,255,235,186,179,543,676,510,369,286,283,209,226,170,180,127,126,85,140,118,139,116,140,93,105,77,87,73,110,94,95,71,87,77,88,69,250,123,154,145,141,80,97,72,82,61,162,81,112,73,119,84,120,80,107,85,206,163,198,145,163,124,187,248,204,183,204,384,346,261,246,163,]
675,1,16,with_set,0.1,11,11,201,139,loop_limit,[613,686,350,632,331,394,265,279,273,247,213,328,208,286,212,224,213,200,143,140,102,119,119,115,337,274,193,180,139,130,125,133,138,175,175,179,219,204,200,222,179,186,181,234,539,415,300,283,279,270,209,189,133,451,493,591,351,327,245,295,245,239,191,256,459,393,283,249,232,228,201,248,201,189,156,137,98,122,113,156,124,364,281,226,201,168,150,170,122,134,102,300,242,219,201,187,142,193,190,140,150,157,164,179,132,142,120,164,124,190,135,359,206,264,198,216,167,166,182,221,179,192,142,158,105,130,121,142,124,163,131,147,100,128,112,114,113,118,111,113,248,423,253,253,191,180,118,121,98,350,198,196,133,402,220,616,377,342,260,241,190,246,196,200,165,172,136,131,96,110,79,127,93,120,335,258,211,238,172,294,209,223,223,215,192,197,171,164,136,196,143,147,124,166,136,150,108,136,139,153,139,]
675,1,16,with_set,0.25,28,28,201,119,loop_limit,[613,423,412,412,288,256,211,204,148,156,131,150,142,147,101,113,122,150,132,158,117,125,99,118,76,101,73,162,129,146,322,313,207,219,162,158,152,153,139,153,127,180,128,148,98,95,73,87,63,92,66,81,60,80,56,96,69,100,80,76,89,94,89,111,92,99,88,99,104,118,114,151,95,114,81,87,90,100,82,100,85,117,98,145,100,100,101,114,179,184,122,117,123,138,102,111,88,98,82,127,87,112,88,116,84,122,74,89,64,90,65,96,74,110,77,103,73,87,76,92,122,138,121,134,113,142,119,148,136,163,116,132,121,288,201,191,160,152,137,125,111,104,86,119,292,257,162,186,138,213,146,166,146,187,139,190,126,136,93,135,355,297,201,230,182,497,363,310,272,247,231,227,181,176,144,478,280,315,215,204,157,221,204,226,295,275,235,279,227,225,182,193,207,214,167,204,136,152,124,174,119,]
675,2,1,with_set,0.01,2,2,201,5,loop_limit,[613,248,222,133,65,34,28,15,8,10,10,9,5,11,7,8,9,7,8,9,3,6,3,6,3,9,2,2,2,2,3,3,5,6,4,9,13,17,3,2,2,2,2,2,3,9,5,4,4,4,3,3,2,6,8,9,7,6,3,4,2,4,6,6,3,2,3,9,5,4,6,9,4,4,7,10,4,6,3,5,4,4,3,2,2,6,3,5,3,4,3,2,4,6,3,6,3,6,6,5,2,4,2,4,3,5,8,4,3,4,2,3,4,5,4,4,2,5,4,2,4,2,4,5,5,6,3,2,2,7,2,2,4,5,7,6,10,8,4,6,4,2,4,6,5,5,2,6,2,2,2,2,3,2,2,7,3,7,6,2,2,6,3,6,6,11,8,7,8,10,11,10,8,6,4,4,6,9,2,4,4,6,6,7,2,6,3,7,12,14,8,9,8,11,4,9,5,8,6,9,5,]
675,2,2,with_set,0.01,2,2,201,4,loop_limit,[613,264,119,74,31,44,18,13,10,5,3,3,5,9,8,8,6,9,8,10,5,7,3,3,6,5,5,4,2,3,3,4,3,5,6,5,2,7,3,5,5,3,5,5,3,4,4,9,2,2,2,7,5,7,8,3,5,8,5,10,6,7,4,5,8,9,4,3,6,3,2,4,2,4,3,2,3,5,4,2,2,3,3,4,4,6,5,6,6,6,3,4,3,5,2,2,2,5,5,8,6,8,10,6,2,7,5,4,4,9,4,8,4,5,4,5,7,5,9,6,6,2,2,7,3,5,3,4,3,6,2,2,3,4,4,5,6,5,6,9,9,9,6,5,4,7,8,5,3,9,3,3,6,7,3,7,2,3,5,7,6,8,4,6,8,7,7,5,3,3,3,6,6,7,4,6,5,9,5,3,2,4,2,6,8,13,6,6,2,7,2,4,2,7,2,2,3,5,2,2,4,]
675,2,4,with_set,0.01,2,2,201,5,loop_limit,[613,248,120,76,23,35,14,15,10,7,8,11,6,6,4,8,6,2,2,2,2,4,3,2,2,5,2,3,6,8,6,8,6,6,4,6,3,4,5,7,6,6,3,2,2,7,5,9,4,7,4,5,3,9,2,5,5,3,3,7,4,6,7,4,3,4,3,6,3,2,2,3,2,2,2,4,2,3,3,5,7,8,7,6,3,3,3,2,2,2,2,7,4,4,6,5,6,8,6,7,3,9,6,8,3,2,3,2,2,4,5,3,2,2,2,6,2,4,2,3,6,4,7,6,3,7,5,9,6,7,9,6,5,7,6,6,4,5,4,3,6,3,4,11,3,4,2,4,3,5,3,5,3,3,2,4,4,10,6,6,7,11,4,6,6,9,2,4,3,4,4,5,7,11,9,8,5,7,3,7,8,13,8,7,4,5,2,3,6,9,8,6,4,6,5,8,2,6,3,8,5,]
675,2,8,with_set,0.01,2,2,201,3,loop_limit,[613,263,100,81,29,45,19,17,13,10,6,5,6,6,5,5,2,3,3,5,4,6,4,4,4,8,3,7,5,8,3,4,3,6,4,6,4,4,5,6,6,8,5,10,6,7,5,8,3,6,3,7,2,2,2,8,4,3,2,2,6,8,8,11,6,8,3,5,5,6,3,3,2,5,3,9,7,6,6,9,4,4,2,4,2,6,3,6,6,9,9,5,4,7,5,8,4,2,2,5,3,2,2,5,4,5,3,4,2,3,4,4,2,2,4,3,2,4,3,5,5,7,4,8,5,9,6,4,6,3,4,5,6,9,2,7,3,5,5,5,4,4,3,6,6,5,4,9,5,5,5,7,4,4,4,5,2,2,3,4,6,9,3,3,3,4,4,5,8,11,3,5,2,4,2,7,2,4,3,3,4,3,6,4,3,4,3,7,4,9,3,2,2,4,2,2,3,4,2,5,3,]
675,2,16,with_set,0.01,2,2,201,2,loop_limit,[613,248,112,76,78,46,31,21,16,8,6,5,4,3,3,6,8,8,10,7,5,2,2,2,4,7,4,4,5,3,2,4,6,5,3,3,3,3,3,9,3,4,6,7,8,5,7,4,2,4,4,6,4,3,2,2,3,5,3,5,3,3,2,2,3,4,3,4,2,7,3,7,3,2,3,4,3,9,5,7,4,9,4,3,2,4,3,5,3,3,4,4,2,5,2,4,2,2,2,3,2,6,8,6,3,5,3,3,5,7,4,8,3,7,6,5,4,2,2,6,6,8,6,6,6,11,6,7,4,9,3,4,2,2,2,4,3,5,3,5,6,8,3,5,2,4,2,5,2,6,6,8,4,5,5,8,4,4,4,5,4,8,2,4,2,2,4,6,3,4,3,8,5,8,2,7,11,9,2,7,3,5,3,7,3,6,8,6,3,7,9,5,3,3,5,6,6,9,2,2,2,]
695,1,1,with_set,0.01,1,1,201,48,loop_limit,[544,417,258,246,170,153,115,121,78,100,76,86,64,85,63,81,59,74,62,74,59,55,61,65,66,65,57,73,59,79,56,66,64,74,62,84,81,84,86,93,78,97,79,105,68,105,68,95,76,87,63,82,76,77,75,84,77,81,60,52,50,60,32,61,50,66,46,55,47,60,44,33,27,40,30,35,30,35,30,36,34,52,36,47,40,48,39,47,44,50,35,49,44,62,39,66,46,58,37,66,36,52,39,46,42,56,36,39,30,49,33,57,47,67,44,55,43,56,49,55,47,68,61,62,46,49,45,65,46,56,43,49,36,57,48,42,35,48,42,54,44,71,58,60,46,64,57,63,42,59,45,75,45,67,52,72,65,88,81,75,53,70,56,64,40,46,49,48,47,56,44,54,42,49,38,56,43,69,51,52,42,29,31,44,31,31,23,36,24,29,22,30,35,41,39,55,38,51,42,61,48,]
695,1,1,with_set,0.05,5,5,201,65,loop_limit,[544,405,239,210,151,163,131,156,122,128,140,131,107,121,106,141,107,108,87,114,80,118,110,114,104,111,95,93,105,110,100,111,90,104,99,108,92,138,123,116,132,116,95,94,115,121,92,103,84,76,65,80,64,90,79,83,76,79,57,76,60,81,56,56,54,72,52,76,58,71,40,48,54,58,47,54,38,65,49,43,30,26,33,45,42,50,30,38,36,41,36,44,38,44,45,37,29,34,29,32,33,58,37,57,47,58,41,51,48,61,40,56,29,44,30,48,43,38,41,38,37,46,46,47,46,49,50,47,38,45,48,64,49,51,47,66,58,84,53,68,55,63,52,63,62,53,50,68,50,54,39,50,46,68,58,70,55,80,50,77,59,64,48,53,52,70,50,55,45,56,38,45,35,60,49,55,30,39,49,44,35,55,40,46,40,50,40,46,35,40,39,64,51,65,56,76,56,74,55,81,65,]
695,1,1,with_set,0.1,11,11,201,67,loop_limit,[544,380,255,237,163,175,140,123,115,102,74,67,50,63,67,67,73,95,79,93,74,97,64,63,60,68,67,72,76,75,79,74,57,62,48,57,47,59,43,50,45,55,48,53,57,55,68,86,67,97,67,81,56,70,53,75,59,76,64,74,63,81,70,71,62,61,53,55,57,61,39,57,48,49,49,71,54,64,60,78,48,51,63,88,64,75,68,87,67,86,64,73,53,58,53,70,55,66,64,58,62,71,60,83,62,65,44,66,77,76,55,70,73,69,63,87,59,77,58,47,42,53,51,69,60,71,58,83,63,76,46,59,64,74,59,74,75,86,72,93,72,79,65,72,71,77,72,98,65,77,53,84,61,73,63,74,74,90,72,84,65,76,80,111,97,94,71,86,82,95,70,77,66,76,70,78,64,78,70,78,89,98,83,87,77,103,92,98,95,103,83,69,57,54,41,46,54,53,62,62,67,]
695,1,2,with_set,0.01,1,1,201,54,loop_limit,[544,417,224,297,182,166,120,143,128,153,141,137,124,98,86,103,88,96,78,95,91,109,78,87,72,94,61,63,64,68,47,55,54,78,47,81,67,83,72,76,70,79,71,71,74,69,83,69,83,103,103,100,96,98,81,76,63,69,65,70,68,78,52,58,53,60,59,55,68,83,70,88,71,84,55,58,29,54,40,57,40,57,51,68,62,69,50,76,62,76,62,79,62,63,56,54,47,47,38,38,40,50,44,53,42,60,62,69,62,74,56,77,57,58,43,54,43,57,48,73,41,52,44,53,54,74,61,81,80,97,66,83,58,86,58,63,59,64,45,56,50,73,58,79,73,76,69,64,64,84,79,73,74,84,90,86,65,79,56,64,50,70,70,73,55,61,49,58,51,67,53,75,71,64,65,71,61,58,54,59,62,72,58,63,61,88,76,73,58,74,65,79,63,78,58,74,61,67,45,62,54,]
695,1,2,with_set,0.05,5,5,201,53,loop_limit,[544,388,247,234,168,170,141,145,103,130,103,118,99,99,81,95,72,71,64,70,74,75,63,75,59,78,74,64,88,64,55,57,54,59,47,56,43,57,44,55,45,71,45,57,35,39,37,45,40,41,31,37,36,55,46,60,39,53,38,54,41,41,44,61,48,58,48,58,48,45,55,66,59,47,64,92,62,66,57,86,63,65,66,94,80,102,75,97,66,79,45,69,40,50,40,64,40,50,35,49,45,53,51,58,52,58,42,65,42,47,42,62,62,60,65,60,53,72,55,61,52,50,51,54,50,62,34,37,29,44,31,46,41,61,56,56,43,58,43,60,36,43,48,67,48,71,62,75,67,85,60,60,65,87,66,91,64,87,66,79,59,79,56,74,53,51,52,51,55,64,62,98,78,69,70,65,74,96,62,71,64,72,54,64,31,51,37,51,35,49,36,51,44,58,47,67,47,59,60,72,53,]
695,1,2,with_set,0.1,11,11,201,80,loop_limit,[544,405,269,284,267,246,241,258,188,185,154,127,121,117,128,141,101,102,97,111,113,130,121,125,97,118,75,63,72,71,70,77,77,79,55,72,81,86,97,86,75,81,68,69,62,51,50,73,67,79,84,69,62,75,47,64,47,59,42,53,49,66,67,79,76,76,85,105,95,103,102,109,94,84,73,77,73,83,67,88,84,95,73,78,61,82,61,83,75,81,68,83,82,99,88,103,94,117,93,81,84,94,77,89,68,63,58,85,62,94,65,68,53,76,58,84,59,86,74,93,62,85,66,68,61,77,79,78,73,73,67,83,69,99,80,73,69,85,64,101,85,112,77,107,83,99,83,87,78,74,70,66,69,82,71,70,93,97,75,83,83,82,74,60,50,73,63,89,70,96,88,105,95,107,97,97,83,83,75,73,78,85,74,76,59,74,71,92,77,93,82,80,82,69,64,72,75,80,74,94,80,]
695,1,4,with_set,0.01,1,1,201,73,loop_limit,[544,417,257,237,184,242,210,183,142,127,98,129,110,148,104,113,84,98,100,139,115,129,132,120,93,119,85,101,88,87,69,74,53,54,59,78,53,67,72,93,90,101,89,70,97,87,73,87,80,90,80,85,75,76,60,89,75,66,59,53,62,56,51,68,57,65,60,59,45,59,63,73,59,79,62,55,48,66,53,76,35,46,30,60,49,60,45,62,61,72,34,53,47,60,45,67,56,72,56,65,58,62,63,62,71,81,58,58,40,63,40,53,44,60,47,65,43,60,45,62,45,62,40,48,44,41,37,40,31,34,36,49,41,49,44,55,65,73,63,70,44,55,44,52,53,68,68,86,83,95,97,109,75,84,62,59,52,77,60,71,50,64,55,88,59,73,60,73,63,72,62,75,81,90,74,102,80,91,76,78,55,72,54,73,58,66,45,43,37,50,51,49,42,60,35,55,57,73,64,89,73,]
695,1,4,with_set,0.05,5,5,201,37,loop_limit,[544,417,258,246,170,224,170,166,137,140,89,101,79,87,62,94,63,88,75,87,76,92,88,89,69,76,65,76,68,88,73,81,77,81,65,83,73,72,52,66,49,71,66,77,63,58,49,59,50,59,61,64,49,80,67,68,66,77,64,101,70,79,75,80,64,78,72,79,85,90,73,84,64,67,59,61,53,66,48,65,45,54,55,69,77,96,95,106,86,99,101,88,94,126,125,112,146,146,104,103,84,93,82,76,86,66,56,85,77,95,90,109,88,106,81,94,125,105,95,88,80,86,56,76,72,77,80,78,84,97,89,83,62,78,72,81,68,62,52,70,64,99,80,99,79,73,60,64,57,75,75,85,76,77,82,80,59,84,61,89,83,93,91,93,76,64,46,67,51,76,50,46,47,59,51,67,54,71,58,68,44,47,42,49,37,43,36,49,38,55,47,57,55,74,50,62,48,69,44,51,37,]
695,1,4,with_set,0.1,11,11,201,36,loop_limit,[544,405,401,387,254,255,173,168,120,108,82,112,83,97,94,110,99,110,102,125,127,138,137,125,98,129,112,117,120,106,89,93,68,75,68,78,61,73,74,102,86,87,72,84,66,82,62,66,53,84,78,94,81,95,66,70,53,55,45,59,43,60,53,57,41,59,75,81,72,86,63,66,66,73,70,86,90,101,63,77,55,46,39,53,69,68,58,61,48,83,74,79,74,77,81,95,81,103,65,75,63,73,57,85,75,94,88,105,85,94,84,74,69,75,69,73,72,90,80,80,74,92,84,84,97,101,100,102,98,97,71,101,81,80,72,91,57,81,44,44,35,44,49,61,42,49,38,43,41,47,35,46,43,60,51,70,55,75,50,73,59,78,57,64,37,44,37,39,36,40,32,31,37,31,32,49,45,56,45,53,36,48,29,39,34,43,27,40,32,49,40,73,52,53,43,57,44,52,44,65,36,]
695,1,8,with_set,0.01,1,1,201,40,loop_limit,[544,388,367,583,332,387,248,224,210,196,176,173,131,119,83,95,86,103,73,66,53,81,61,78,74,109,93,78,73,56,54,79,61,61,60,81,55,67,58,74,61,76,75,69,50,92,57,78,68,85,67,76,81,90,79,87,65,70,55,65,47,65,51,62,47,48,38,58,36,61,51,62,42,74,55,74,55,68,53,55,48,66,56,73,52,69,45,51,36,58,35,59,37,38,39,57,47,60,44,37,26,43,39,50,37,41,35,49,57,65,51,56,39,46,36,46,46,47,45,66,57,64,43,66,64,63,48,66,48,55,54,82,66,81,46,86,54,65,61,64,64,64,56,58,35,48,43,63,37,47,44,87,62,93,75,81,63,96,67,70,65,74,52,69,55,77,44,71,40,39,40,38,36,34,33,50,54,65,55,60,36,44,39,54,44,43,42,57,55,68,63,52,42,61,50,72,50,69,54,59,40,]
695,1,8,with_set,0.05,5,5,201,37,loop_limit,[544,379,255,208,171,335,204,170,194,170,127,107,112,111,85,170,108,96,140,169,135,153,116,130,131,143,104,114,166,175,125,125,94,125,73,74,67,80,63,88,71,84,68,71,72,124,113,100,139,142,105,146,119,117,95,156,124,178,140,142,116,117,112,123,83,94,94,91,96,84,71,93,78,74,59,71,66,67,60,81,69,59,57,78,69,64,59,78,69,69,54,59,55,69,75,82,68,77,81,87,80,90,56,64,50,65,39,54,50,58,58,74,50,52,43,43,39,69,51,66,43,59,40,43,46,49,29,46,39,43,51,57,47,56,47,56,50,80,71,82,55,74,54,70,66,69,66,64,58,86,62,81,73,87,77,88,66,91,66,56,41,53,30,31,30,41,44,46,45,62,43,66,47,71,47,79,65,74,52,74,61,63,55,65,47,47,49,63,50,63,45,64,60,64,60,86,53,59,33,36,37,]
695,1,8,with_set,0.1,11,11,201,42,loop_limit,[544,405,239,297,209,203,149,170,129,115,102,107,90,90,79,103,90,91,143,141,107,114,103,128,88,86,100,119,173,136,120,223,175,150,114,100,99,95,73,86,98,118,109,95,63,93,68,80,66,69,74,77,70,81,74,75,67,97,84,85,93,103,81,103,90,124,103,96,71,129,104,134,123,108,101,115,185,194,293,278,219,240,192,172,143,148,116,139,114,121,120,127,230,199,195,184,149,153,143,153,137,137,106,102,115,122,112,108,97,93,83,107,115,107,96,102,73,78,73,68,38,46,39,53,56,69,65,55,48,61,41,78,47,72,50,54,54,66,53,53,51,63,48,56,47,61,39,42,32,45,43,60,39,48,42,42,33,27,21,23,21,33,29,43,39,53,58,60,38,42,36,50,38,75,38,47,40,60,58,79,62,66,69,66,53,67,46,48,42,48,41,46,44,59,51,63,64,72,55,60,42,]
695,1,16,with_set,0.01,1,1,201,49,loop_limit,[544,379,233,216,395,298,198,197,143,431,338,289,191,179,143,179,143,124,124,126,94,94,96,88,59,61,48,52,42,46,42,69,61,62,62,83,71,95,69,80,64,62,57,61,49,56,95,120,89,110,62,67,62,55,39,62,48,69,55,77,50,59,54,62,39,51,43,75,67,69,48,65,60,72,59,62,54,52,40,37,30,43,55,66,59,66,39,53,30,36,40,41,38,53,50,60,54,79,59,75,49,71,51,53,48,59,54,61,36,54,50,59,59,70,44,53,36,60,33,42,33,41,38,39,29,33,29,49,31,45,42,55,54,79,48,74,140,125,93,96,63,74,65,74,58,59,62,83,64,70,58,76,60,228,111,169,99,103,103,103,70,93,59,71,54,67,49,56,45,47,47,61,45,58,52,46,47,65,54,73,53,42,37,46,32,56,40,60,53,57,61,57,55,60,32,48,31,40,43,61,49,]
695,1,16,with_set,0.05,5,5,201,83,loop_limit,[544,388,240,228,163,426,511,373,350,373,240,292,226,224,409,287,393,321,425,330,250,212,154,167,162,164,158,147,308,225,181,156,130,149,137,140,113,130,115,93,83,112,79,83,71,68,75,90,78,98,162,153,107,116,80,88,81,77,69,78,59,66,61,75,70,80,84,68,60,77,137,140,143,184,127,132,122,382,285,310,220,240,175,216,148,145,112,104,82,98,92,105,75,100,69,80,78,85,77,78,70,87,69,86,89,80,61,75,68,78,76,67,50,57,55,59,59,73,56,56,64,89,94,80,67,82,77,197,147,136,227,221,202,195,197,209,207,572,280,312,266,234,154,167,155,159,108,301,245,226,180,175,146,165,127,146,133,134,120,140,120,107,93,88,82,88,91,109,78,254,148,139,106,112,104,325,224,264,470,351,468,369,230,217,163,168,128,133,105,104,79,113,87,96,92,94,67,85,72,93,83,]
695,1,16,with_set,0.1,11,11,201,66,loop_limit,[544,379,248,255,180,558,391,382,237,223,170,445,258,208,168,135,112,112,120,126,84,78,68,86,73,71,75,83,68,66,72,195,146,128,99,107,90,76,77,80,86,95,60,101,78,75,65,65,69,66,47,75,72,69,68,66,60,66,58,78,61,78,59,71,65,75,57,70,54,59,40,60,47,64,50,76,69,84,69,77,70,77,56,59,42,65,44,51,50,63,55,67,61,57,50,61,76,70,85,91,63,118,84,103,89,88,82,96,85,91,60,79,79,97,81,89,62,93,68,84,68,97,83,79,69,166,120,121,94,98,83,164,114,132,92,98,77,68,61,79,73,80,71,101,71,87,66,84,80,84,188,404,240,199,153,155,109,119,111,125,116,127,127,131,95,109,77,119,85,92,64,102,86,131,96,109,72,95,81,99,85,96,67,67,70,79,137,139,91,80,62,82,79,70,62,83,78,84,68,74,66,]
695,1,16,with_set,0.25,28,28,201,88,loop_limit,[544,686,544,405,527,378,252,457,259,260,245,241,221,238,426,326,302,257,331,294,197,267,195,195,158,162,121,141,108,115,98,109,91,109,99,101,70,96,65,88,65,80,68,78,64,63,54,65,62,64,47,58,42,37,43,53,46,50,52,72,64,75,78,100,84,96,71,80,54,75,46,67,61,67,59,70,54,61,50,48,49,69,63,68,51,171,98,102,72,82,76,98,87,214,132,148,119,153,98,102,66,93,74,111,74,78,63,82,68,86,72,218,118,105,79,89,69,86,63,70,66,76,64,44,40,52,49,47,38,51,42,124,65,72,60,65,48,68,53,54,59,73,62,71,62,137,88,88,57,60,45,139,89,96,70,71,57,78,88,146,94,303,210,194,175,224,153,148,144,152,124,132,117,123,109,102,101,105,87,132,113,150,116,131,109,147,119,115,93,120,87,96,93,116,105,89,86,100,98,93,88,]
695,2,1,with_set,0.01,2,2,201,13,loop_limit,[544,241,111,70,52,40,31,24,19,15,12,7,7,7,12,14,14,15,9,16,17,15,10,9,10,9,10,14,14,14,11,11,9,8,7,15,11,16,11,8,8,9,8,9,19,20,9,17,16,18,13,14,9,11,8,12,7,15,14,18,18,15,13,15,14,11,7,11,13,9,13,13,11,9,8,10,6,11,11,15,11,11,11,13,13,11,14,23,11,8,12,11,8,10,12,11,15,13,12,19,19,10,9,24,13,16,15,16,15,15,9,8,10,11,12,15,14,15,9,10,11,11,10,13,11,17,17,18,17,12,10,9,7,9,13,13,17,15,21,18,18,19,14,12,11,10,10,10,8,17,13,17,11,15,8,9,8,10,11,11,11,16,10,16,15,15,15,15,9,15,9,12,14,19,12,14,9,14,12,16,12,11,9,11,7,8,14,16,10,10,12,10,11,13,20,14,13,14,10,12,13,]
695,2,2,with_set,0.01,2,2,201,13,loop_limit,[544,240,105,124,56,42,34,20,14,20,20,15,14,13,9,11,9,11,11,16,12,15,10,14,9,11,10,9,11,13,8,9,16,12,13,16,12,9,7,9,11,12,11,16,15,18,15,13,14,18,11,15,14,10,12,10,8,7,15,17,21,20,17,12,14,11,14,13,8,9,8,8,10,10,9,9,7,9,8,8,10,8,8,12,13,14,12,16,14,20,14,15,11,11,11,13,11,9,11,15,13,19,14,12,14,10,12,11,13,14,18,20,9,11,13,15,10,12,13,10,9,10,13,11,9,16,9,18,15,13,7,9,11,10,13,15,17,13,13,9,9,14,12,8,8,10,11,14,11,13,13,20,13,14,10,9,12,13,12,12,13,13,16,14,12,11,13,10,11,13,20,16,9,9,8,9,15,11,7,15,14,8,15,14,12,10,8,14,10,14,14,10,12,16,12,15,13,13,14,14,13,]
695,2,4,with_set,0.01,2,2,201,18,loop_limit,[544,240,80,60,28,35,14,19,18,18,9,18,11,15,14,18,18,18,14,13,11,9,11,16,13,12,8,11,8,11,13,11,9,11,14,19,11,12,13,13,8,10,9,11,11,17,16,20,16,19,12,11,9,10,13,15,10,11,10,14,15,11,14,15,16,19,11,11,15,19,16,17,11,11,11,15,10,11,11,13,15,21,10,13,9,16,14,14,10,9,7,8,11,15,15,19,13,17,14,20,9,11,13,13,11,18,9,12,9,14,9,12,8,9,13,19,11,9,8,14,10,12,13,9,12,11,12,11,14,18,14,15,10,11,11,15,14,14,13,16,18,15,13,18,12,16,18,20,16,9,8,12,12,15,12,14,10,8,7,12,13,13,12,11,7,7,12,9,15,17,15,13,14,10,7,9,12,11,9,10,12,11,9,10,7,10,6,10,8,9,7,9,8,15,15,11,12,18,14,20,18,]
695,2,8,with_set,0.01,2,2,201,7,loop_limit,[544,235,228,235,99,53,54,50,31,27,24,20,17,21,16,18,14,16,14,12,6,9,8,15,9,11,11,16,9,15,11,12,8,17,14,15,15,15,17,25,11,12,8,11,9,12,11,12,6,10,12,15,9,13,13,14,11,9,8,8,13,12,7,11,10,10,21,24,11,15,16,14,8,7,8,10,11,17,16,17,11,9,7,10,7,14,14,11,14,15,11,9,19,18,21,14,17,19,10,9,15,14,11,13,13,15,17,15,17,17,14,13,14,18,12,16,12,12,9,16,14,10,12,15,8,14,11,16,15,14,7,9,11,10,15,18,11,13,10,12,10,8,9,8,8,7,7,10,19,18,15,9,15,17,10,22,10,11,13,19,18,12,11,16,15,12,13,17,10,13,14,9,10,12,13,15,7,11,13,13,13,14,14,14,10,9,11,14,13,11,7,11,9,15,15,18,13,14,15,14,7,]
695,2,16,with_set,0.01,2,2,201,9,loop_limit,[544,255,118,69,43,35,33,30,19,19,27,19,16,14,16,13,19,20,16,21,13,12,8,11,8,9,10,11,14,20,9,12,11,11,11,14,11,12,10,10,7,7,12,11,13,14,11,23,18,14,13,16,16,12,13,15,20,16,13,18,15,16,15,12,13,12,11,12,11,9,13,16,12,15,9,9,12,8,11,17,11,15,13,19,17,14,12,16,13,15,10,9,10,11,14,14,14,22,14,14,12,12,9,7,13,9,7,10,8,14,10,11,11,13,9,11,8,7,12,11,11,13,9,14,17,17,14,14,8,14,9,10,12,14,13,20,12,12,10,9,19,16,17,11,12,16,17,16,15,15,15,17,11,11,8,13,14,16,18,16,15,12,13,14,14,13,14,17,15,19,17,15,6,14,10,13,17,19,21,18,22,21,7,15,13,17,12,12,13,13,13,20,11,9,12,11,12,9,12,9,9,]
695,4,1,with_set,0.01,4,4,201,8,loop_limit,[544,130,124,46,15,15,12,8,8,11,7,9,6,12,9,7,8,12,9,15,9,8,7,7,10,11,7,13,8,6,8,7,6,9,7,13,13,11,6,9,8,9,9,13,12,12,7,10,6,12,9,11,7,13,13,13,7,7,8,8,6,9,6,8,8,10,8,9,8,8,8,9,6,8,8,8,6,9,6,10,8,8,10,9,8,8,6,8,6,6,8,9,7,13,10,13,8,8,7,11,7,9,8,6,10,11,8,9,8,12,9,8,6,8,6,8,9,9,8,9,9,9,8,10,6,8,8,6,6,9,10,13,8,10,6,8,10,10,8,8,6,8,7,8,6,6,8,12,7,9,9,10,8,9,10,11,11,8,8,9,6,9,7,13,9,9,8,9,6,8,6,7,11,9,6,7,6,9,10,9,8,10,6,12,8,10,9,11,8,6,8,9,7,9,10,8,9,8,9,9,8,]
695,4,2,with_set,0.01,4,4,201,8,loop_limit,[544,133,38,44,17,8,6,10,10,11,11,7,8,10,9,11,10,13,13,11,8,7,10,11,6,10,6,8,8,12,8,12,8,10,8,10,7,9,7,8,7,7,8,9,7,8,8,10,7,9,10,11,9,11,9,9,8,8,6,10,7,9,8,13,13,7,10,11,10,11,8,9,9,10,8,10,11,9,8,10,8,12,7,12,9,10,6,8,7,13,7,12,13,13,7,9,7,13,6,8,10,10,7,7,6,12,7,12,9,7,9,9,7,8,7,11,8,9,6,8,15,13,8,10,6,6,8,9,8,10,10,9,8,12,9,13,10,9,6,8,15,11,9,8,8,12,13,12,11,7,6,8,6,10,10,13,9,13,10,11,12,10,9,11,8,13,9,7,7,9,6,9,7,8,11,11,6,8,10,9,12,11,8,6,6,6,7,8,7,13,8,10,11,9,11,8,7,13,9,8,8,]
695,4,4,with_set,0.01,4,4,201,6,loop_limit,[544,145,43,20,7,7,11,12,7,8,11,13,9,9,8,8,8,10,8,12,15,15,10,13,9,13,8,8,8,12,9,9,7,13,9,11,7,13,9,13,6,10,7,8,8,9,8,9,9,9,8,10,8,9,7,8,6,10,6,10,10,13,9,8,6,9,7,8,8,13,9,8,9,8,10,13,8,10,8,9,7,8,8,12,8,12,11,9,8,10,7,8,8,8,6,9,9,9,8,12,10,11,7,8,6,8,6,8,8,9,6,8,8,6,6,8,15,8,8,8,8,12,8,8,7,13,9,8,15,12,6,10,8,9,7,7,7,9,6,8,8,9,8,9,6,6,8,12,8,10,8,10,8,11,10,9,11,9,8,10,7,12,8,8,7,8,10,16,6,8,8,9,6,10,8,10,10,11,7,8,6,8,8,8,8,13,13,11,6,10,10,11,6,7,10,11,12,9,6,8,6,]
695,4,8,with_set,0.01,4,4,201,8,loop_limit,[544,145,22,9,12,11,8,6,6,10,8,9,7,10,8,9,8,10,9,11,8,6,10,8,8,12,13,13,8,12,7,9,8,12,8,9,7,8,8,12,9,10,6,6,8,10,9,9,7,8,8,9,7,12,8,9,8,6,6,10,8,6,8,9,11,20,9,9,8,11,7,9,10,8,10,7,8,10,8,9,8,8,8,9,6,9,9,8,8,10,8,8,6,12,9,13,10,11,9,13,10,10,9,12,9,10,7,9,9,9,9,9,6,7,6,9,8,10,6,10,6,8,7,9,7,13,11,9,8,10,7,13,13,13,9,8,7,13,7,8,10,9,8,12,8,9,9,12,9,9,9,12,9,7,10,13,8,9,6,7,6,6,8,9,7,7,6,9,7,8,6,9,6,9,9,8,9,14,10,11,6,9,8,12,9,9,7,8,8,8,8,12,8,8,6,12,9,10,15,8,8,]
695,4,16,with_set,0.01,4,4,201,7,loop_limit,[544,145,35,26,13,7,8,8,11,8,8,8,10,8,10,13,8,12,7,9,6,8,6,10,8,7,8,10,8,9,7,11,10,7,6,7,10,8,10,11,7,11,7,13,8,10,7,13,10,13,8,10,7,9,10,7,6,7,6,12,9,12,9,10,11,10,8,12,9,9,9,10,12,15,8,10,8,12,13,11,6,6,6,8,9,8,6,6,8,9,9,8,8,6,6,8,11,13,7,12,9,13,10,11,12,15,12,15,8,10,12,11,11,8,6,6,8,9,9,9,11,9,7,8,15,13,10,11,9,13,8,8,10,13,9,8,6,8,8,9,6,7,8,10,10,9,9,9,7,9,9,8,9,11,8,8,8,9,6,8,6,7,11,10,9,9,7,8,6,9,9,12,8,8,6,6,8,8,8,10,8,12,8,9,6,10,10,11,6,7,6,12,9,9,9,10,6,9,7,9,7,]
698,1,1,with_set,0.01,1,1,201,194,loop_limit,[618,489,350,345,289,296,235,259,194,243,197,270,229,263,218,251,208,239,208,246,207,247,209,301,241,259,205,231,183,221,205,236,193,236,214,273,202,230,204,226,170,237,191,230,219,275,219,268,230,239,250,305,221,294,211,276,230,263,205,241,185,217,166,204,163,208,174,229,169,219,185,214,180,245,210,227,176,245,217,245,185,204,172,274,225,262,230,253,209,254,222,303,270,270,227,274,220,256,186,210,169,196,169,214,168,213,182,191,180,209,209,218,175,219,166,204,194,230,213,240,190,261,218,280,237,248,224,222,179,246,192,258,203,259,208,285,220,276,233,278,237,269,246,283,252,301,208,251,197,248,185,239,173,237,194,243,198,260,198,257,219,227,202,242,205,241,176,220,175,239,213,247,208,264,241,271,209,232,195,223,173,196,160,178,142,184,180,218,173,258,214,255,187,214,183,241,183,227,197,249,194,]
698,1,1,with_set,0.05,5,5,201,208,loop_limit,[618,489,354,351,351,374,270,284,240,272,231,260,211,222,202,252,233,273,236,273,227,237,246,284,262,295,268,316,256,291,205,312,270,310,224,274,212,266,183,235,207,238,180,212,180,257,247,273,261,324,275,316,237,299,227,285,197,221,220,244,188,210,162,216,183,207,187,233,198,225,177,210,192,201,209,259,213,290,213,248,224,232,252,291,225,239,187,229,208,253,199,255,234,280,238,283,242,284,220,249,202,239,207,267,207,288,225,264,212,254,216,253,203,248,203,265,227,233,189,225,187,235,218,266,204,265,186,247,243,247,208,243,200,202,209,202,167,224,202,263,182,283,182,221,196,224,183,200,177,217,187,206,185,216,185,238,212,225,185,213,173,227,179,201,180,211,171,200,151,234,180,230,188,261,210,252,205,274,260,343,274,282,268,290,295,311,239,286,239,282,198,276,235,233,182,248,193,221,178,222,208,]
698,1,1,with_set,0.1,11,11,201,253,loop_limit,[618,526,346,341,276,288,226,276,255,307,260,277,274,311,241,256,222,291,270,316,263,286,210,268,218,259,204,282,229,261,250,313,275,313,240,276,239,265,193,234,185,224,195,246,179,235,187,211,168,219,190,223,183,236,227,251,206,225,200,267,201,253,199,212,188,270,219,285,256,266,213,245,203,279,213,281,248,303,237,268,224,283,245,279,250,327,294,348,285,319,252,272,231,277,246,250,220,292,203,238,191,230,184,211,168,243,192,234,198,232,198,229,172,223,184,254,215,266,203,259,194,244,198,252,252,272,229,246,221,294,204,260,230,269,198,218,188,276,236,250,208,265,206,289,245,279,240,292,259,309,249,318,249,271,229,278,218,237,200,232,188,268,249,294,207,218,220,317,248,317,211,263,212,275,200,247,164,198,174,238,195,221,178,215,212,259,231,307,254,277,214,308,229,264,227,249,211,318,239,271,253,]
698,1,1,with_set,0.25,28,28,201,196,loop_limit,[618,509,390,460,351,378,280,296,277,296,220,287,218,290,240,267,266,307,262,289,260,353,297,333,249,359,289,330,275,328,248,339,254,287,278,287,278,273,233,314,282,291,225,280,223,291,231,310,248,268,253,317,242,277,209,271,185,199,170,228,192,215,180,230,161,194,178,226,161,235,201,239,184,210,190,239,167,177,156,195,162,170,153,199,174,239,231,236,193,247,223,283,261,283,261,285,208,264,195,234,173,180,154,165,149,198,176,213,174,238,186,277,210,261,210,266,201,235,251,267,263,278,275,315,275,300,266,282,221,268,211,269,213,280,213,280,237,265,191,232,199,227,178,238,185,224,182,235,177,213,168,203,163,179,186,233,185,275,195,220,199,285,220,252,257,262,239,240,184,229,170,235,205,262,221,257,234,310,244,275,244,280,271,292,262,296,292,368,288,303,305,303,238,272,228,256,233,278,218,251,196,]
698,1,2,with_set,0.01,1,1,201,217,loop_limit,[618,526,379,372,284,325,314,361,265,295,207,236,199,280,199,206,178,237,201,231,216,234,206,247,220,251,200,204,156,206,183,254,163,211,204,228,192,224,212,274,198,253,195,211,213,237,207,232,173,190,169,213,209,250,207,299,216,288,218,260,238,287,238,286,236,275,281,296,291,296,242,292,234,275,212,293,278,319,292,322,284,317,252,278,217,313,260,290,225,274,280,331,304,325,279,333,296,353,270,296,284,296,271,297,218,243,259,243,191,233,197,244,210,246,236,277,236,267,251,281,228,266,201,228,201,236,203,214,206,232,179,242,183,213,172,235,203,216,182,218,175,196,212,244,218,280,260,306,232,302,247,298,261,279,204,256,249,242,191,204,178,211,190,217,219,253,223,280,223,257,240,301,253,304,231,251,220,244,247,281,234,282,212,231,202,257,220,241,188,246,206,259,217,259,229,239,221,234,205,253,217,]
698,1,2,with_set,0.05,5,5,201,224,loop_limit,[618,493,370,378,307,301,227,299,239,297,230,282,243,284,231,273,227,273,261,269,208,239,207,247,211,267,209,260,208,254,207,252,205,218,196,235,228,291,233,267,191,250,204,238,208,257,216,251,197,228,183,238,222,262,204,225,142,193,166,277,223,277,218,245,227,287,283,287,242,314,250,311,226,304,226,255,226,286,221,246,215,278,233,273,252,310,221,256,247,285,244,259,262,267,256,299,226,273,213,237,219,274,201,229,168,232,219,235,193,236,158,183,146,189,163,195,149,204,179,224,182,229,205,244,218,294,245,285,229,288,225,274,235,282,250,321,256,355,271,297,238,249,226,287,240,303,223,257,230,256,220,245,181,200,184,221,188,230,177,206,176,246,212,231,196,210,177,243,211,249,229,220,186,222,170,187,166,209,182,196,157,188,152,187,167,186,160,218,179,214,170,197,188,224,197,241,197,255,194,265,224,]
698,1,2,with_set,0.1,11,11,201,228,loop_limit,[618,489,448,443,291,304,285,304,230,257,233,245,195,238,199,260,222,260,210,254,183,227,218,281,215,276,236,275,238,281,270,268,229,288,238,256,208,257,196,242,236,288,242,271,263,280,222,261,204,235,185,206,187,209,158,216,194,214,178,195,164,239,199,239,173,211,159,221,182,210,182,267,206,267,202,254,211,227,184,218,189,220,196,236,208,253,214,254,232,243,215,266,245,320,273,326,244,252,220,267,208,250,199,282,232,314,260,282,217,235,182,209,200,247,177,222,179,201,186,222,192,240,179,258,213,232,189,227,179,228,220,233,188,244,218,267,229,267,213,248,188,246,198,219,187,231,186,230,174,196,152,201,163,244,175,221,176,205,168,214,178,215,176,222,152,246,216,274,205,233,189,242,191,263,190,250,209,227,165,208,167,194,188,250,188,250,239,268,194,227,173,254,183,221,189,199,176,254,204,242,228,]
698,1,2,with_set,0.25,28,28,201,159,loop_limit,[618,464,319,294,240,232,195,274,214,253,198,247,193,240,192,253,224,313,224,245,190,276,222,249,213,249,194,260,222,244,211,277,201,268,194,282,182,202,183,205,205,256,206,240,206,221,181,236,200,248,193,218,192,227,196,232,190,244,188,286,261,293,231,274,241,306,226,278,211,289,233,302,211,217,185,221,201,268,185,220,175,249,201,209,172,250,216,274,194,242,214,255,211,267,207,257,220,233,202,261,228,268,252,315,274,281,216,302,216,288,239,294,227,265,209,240,211,222,178,192,161,181,194,252,232,307,236,294,264,324,275,349,291,347,269,283,244,234,198,226,191,212,190,203,186,271,202,303,202,245,193,239,204,233,184,235,205,251,261,317,299,308,231,246,238,263,211,236,212,258,209,284,225,264,233,273,214,273,205,242,219,267,259,314,277,298,225,236,208,260,205,231,186,232,202,235,181,221,174,209,159,]
698,1,4,with_set,0.01,1,1,201,210,loop_limit,[618,464,478,405,289,312,230,278,193,259,216,268,260,257,272,384,460,419,376,365,283,396,320,374,258,283,206,279,277,319,245,253,202,248,198,286,275,350,266,333,342,341,253,441,326,356,275,313,225,285,225,251,210,281,244,286,201,254,259,281,214,267,231,279,217,243,242,308,225,218,220,261,215,249,181,235,178,204,201,230,175,237,194,219,205,269,237,282,225,381,276,345,361,380,270,310,246,278,248,329,260,278,284,364,295,520,340,369,285,319,263,275,216,266,347,370,254,467,276,331,245,328,273,297,237,296,237,268,249,295,237,266,252,322,264,267,225,250,315,327,242,271,237,275,217,245,177,202,182,229,181,215,187,231,218,229,286,312,248,304,256,322,256,266,267,284,276,312,278,323,252,290,346,345,252,337,235,296,253,337,286,370,283,379,306,318,230,281,245,266,225,295,205,239,224,248,213,270,222,287,210,]
698,1,4,with_set,0.05,5,5,201,164,loop_limit,[618,487,340,380,285,325,401,501,422,368,270,320,259,307,275,310,326,341,270,414,314,326,316,344,246,295,245,283,336,356,256,313,256,305,262,500,327,366,408,405,320,345,277,329,314,519,385,363,304,316,285,339,264,284,228,279,217,239,181,232,303,324,299,348,248,274,271,305,231,264,213,260,223,280,244,270,263,312,288,324,257,294,261,294,233,283,363,364,336,343,307,378,321,434,332,329,293,340,255,267,239,260,245,283,214,271,245,292,256,324,253,305,210,262,248,262,223,311,260,353,280,310,230,379,273,305,253,317,285,362,273,302,288,295,233,297,237,276,233,386,313,330,336,327,241,257,213,231,216,273,227,281,235,280,218,254,212,251,231,242,213,306,266,277,249,277,203,240,218,236,190,222,185,220,198,205,200,261,200,248,235,261,215,236,176,204,176,208,161,191,162,217,172,193,132,166,138,182,173,203,164,]
698,1,4,with_set,0.1,11,11,201,246,loop_limit,[618,464,338,338,252,302,263,303,240,303,286,344,267,286,222,252,218,278,255,334,274,284,241,296,366,351,291,292,226,297,245,257,211,276,197,212,152,190,158,192,195,192,150,180,151,270,208,237,322,333,246,251,242,290,233,284,211,260,300,303,279,327,255,271,251,285,240,294,243,447,307,297,250,266,207,273,214,267,214,293,213,248,195,247,233,256,199,246,204,254,204,235,183,202,208,256,203,240,192,234,192,239,191,258,168,229,167,212,182,239,153,192,172,221,172,190,189,237,241,323,238,262,183,228,323,351,229,272,231,276,211,284,212,236,225,275,217,254,189,220,275,299,243,284,222,267,335,315,243,259,229,240,267,317,259,291,257,349,272,309,219,286,236,238,201,292,233,298,233,252,232,271,229,334,262,309,216,262,203,301,254,296,225,252,217,270,234,250,216,308,279,292,240,272,242,293,247,268,209,226,246,]
698,1,4,with_set,0.25,28,28,201,196,loop_limit,[618,536,354,449,481,468,481,437,316,370,272,331,257,324,232,258,209,223,212,269,251,307,242,426,292,362,258,306,225,339,274,295,258,281,276,442,344,414,300,322,253,269,227,408,283,404,442,455,495,432,330,500,364,460,319,361,309,343,310,343,268,311,236,294,260,332,271,305,199,210,177,256,216,290,266,437,286,315,257,298,252,380,280,293,261,349,263,328,253,334,253,274,271,284,213,227,312,326,243,342,247,296,254,463,300,383,342,332,255,305,244,430,305,333,241,293,258,369,280,327,322,345,246,291,234,295,256,330,297,326,247,273,233,319,235,336,250,288,224,291,218,261,214,258,325,300,244,271,212,244,180,224,212,352,273,371,299,314,249,259,221,267,214,275,203,231,240,244,213,311,212,237,179,236,183,252,162,219,200,236,206,226,230,283,229,248,235,228,192,284,225,294,231,268,225,286,204,260,204,246,196,]
698,1,8,with_set,0.01,1,1,201,163,loop_limit,[618,489,350,363,347,394,273,322,231,269,225,258,486,409,303,332,239,269,230,274,221,289,241,286,227,237,197,259,207,220,199,238,206,234,337,365,316,311,248,239,262,282,239,238,209,238,192,258,218,478,311,408,316,327,258,283,246,526,360,388,546,663,405,382,289,342,250,358,308,357,448,399,365,363,281,327,251,298,226,549,355,458,305,296,240,300,236,253,227,276,224,281,236,295,281,303,230,251,241,269,236,269,213,249,243,300,253,340,272,309,240,265,273,346,304,304,252,287,235,272,225,279,241,401,287,293,240,244,207,282,213,237,226,251,258,317,247,252,235,280,262,318,324,616,382,401,269,340,277,394,306,352,333,648,431,467,380,346,272,297,295,344,241,291,250,335,253,318,236,276,224,240,214,236,198,472,360,340,265,283,233,225,189,254,278,332,248,323,262,291,230,279,220,251,189,261,187,205,159,203,163,]
698,1,8,with_set,0.05,5,5,201,182,loop_limit,[618,519,350,352,293,399,284,305,410,377,358,356,280,342,278,337,249,516,473,460,330,371,321,335,296,310,242,288,243,289,200,254,174,232,194,204,225,272,259,302,279,565,340,379,340,393,324,355,537,496,341,364,282,328,273,270,208,232,198,449,322,459,347,414,297,311,243,269,227,267,274,356,276,378,282,340,262,300,297,342,274,295,236,536,386,369,255,277,208,240,210,268,198,256,208,272,220,288,224,277,230,271,201,223,185,258,199,238,189,214,163,203,156,229,346,344,277,302,283,310,313,556,375,357,259,303,282,333,274,314,398,376,284,335,250,300,263,308,248,292,213,231,346,325,282,342,297,371,251,272,216,259,219,247,258,265,240,262,216,262,207,457,300,357,286,316,242,302,315,328,219,229,196,268,220,280,244,371,294,333,239,289,250,314,238,291,228,286,194,225,190,226,172,203,164,188,266,267,208,241,182,]
698,1,8,with_set,0.1,11,11,201,213,loop_limit,[618,464,325,365,272,335,265,360,311,327,274,295,236,300,276,298,239,330,248,286,251,279,253,305,265,302,455,390,284,341,257,278,218,251,407,350,495,434,333,379,269,311,291,282,235,335,421,400,308,325,241,260,201,243,209,238,193,265,193,218,171,371,279,292,293,381,325,361,288,359,563,500,459,414,286,318,273,331,281,358,285,312,297,290,245,284,231,269,197,224,180,227,256,281,229,229,210,228,206,256,213,242,182,203,185,208,166,244,194,242,213,232,221,294,234,252,189,218,167,256,371,644,391,532,395,408,309,340,275,298,231,508,321,321,257,292,240,300,250,265,204,257,204,246,182,208,166,236,211,260,215,220,197,239,197,225,201,212,184,210,177,203,210,249,205,250,397,572,343,352,335,331,250,286,226,269,199,223,180,236,198,249,248,297,220,270,188,232,185,216,185,187,183,233,172,243,199,248,225,258,213,]
698,1,8,with_set,0.25,28,28,201,231,loop_limit,[618,489,349,381,274,318,246,252,218,288,277,337,274,280,253,342,281,291,308,308,248,516,483,452,342,315,253,254,239,295,500,457,392,376,289,316,293,513,425,415,306,349,569,487,335,345,282,303,233,254,201,236,189,236,216,226,169,231,232,251,258,280,283,307,240,261,247,300,240,295,226,271,228,289,277,311,250,481,295,337,252,257,237,281,252,365,291,311,304,332,231,269,243,281,197,264,236,266,194,294,237,260,210,254,212,248,218,297,213,307,233,274,227,243,238,311,249,267,209,264,274,272,239,310,240,283,230,289,246,253,225,262,200,268,241,482,304,346,304,306,225,237,364,325,306,348,290,373,294,357,267,371,267,296,230,245,249,245,218,259,356,361,275,373,318,412,315,334,416,359,257,284,215,283,243,307,228,317,255,283,223,297,236,297,252,496,338,388,329,325,264,292,467,418,291,324,286,392,282,299,231,]
698,1,16,with_set,0.01,1,1,201,394,loop_limit,[618,536,340,386,267,656,378,328,274,657,374,716,402,351,277,370,336,401,372,401,279,286,226,268,226,315,245,300,261,314,223,289,208,257,189,290,220,718,427,388,322,327,270,326,284,503,355,386,276,338,498,437,390,488,618,464,319,325,313,297,240,295,235,294,235,263,197,275,219,295,259,286,224,253,250,335,274,280,300,335,279,314,238,277,201,264,222,266,203,242,231,252,246,260,200,240,185,222,193,214,181,212,189,247,208,248,214,260,208,262,224,264,213,266,415,353,289,359,305,353,255,285,201,338,265,719,422,769,440,422,410,404,367,352,271,316,250,281,214,239,230,252,216,278,220,468,308,342,338,342,608,499,352,358,509,470,322,334,232,258,356,409,310,321,255,257,208,285,377,364,327,363,278,339,264,312,264,305,250,270,199,366,290,313,264,518,429,416,302,335,248,302,469,428,387,418,282,409,314,646,394,]
698,1,16,with_set,0.05,5,5,201,253,loop_limit,[618,489,367,686,412,381,291,299,240,254,240,243,209,244,215,270,208,240,357,404,332,325,249,273,222,259,239,318,265,288,280,300,247,254,232,276,541,460,326,338,249,326,316,326,259,305,478,454,329,369,286,669,414,435,399,404,581,496,331,348,297,357,464,433,326,356,268,285,224,592,335,368,311,329,286,303,247,515,370,683,418,397,355,331,290,303,233,312,285,537,363,409,319,339,282,351,489,428,334,345,258,295,279,288,227,272,209,563,364,382,364,413,399,726,563,462,319,338,258,643,380,411,332,389,326,302,224,304,241,484,386,704,419,396,318,681,407,449,407,413,368,383,281,769,440,422,410,404,283,328,283,732,423,514,347,350,265,314,235,276,208,543,336,411,321,329,491,438,322,376,322,320,289,333,230,244,229,277,305,323,250,294,230,317,263,308,230,278,218,247,262,247,229,279,238,260,206,383,324,314,253,]
698,1,16,with_set,0.1,11,11,201,256,loop_limit,[618,676,408,725,437,398,280,313,250,288,197,245,198,256,187,213,182,223,181,224,165,198,164,210,168,266,192,486,271,363,227,242,198,245,189,221,187,235,268,319,275,362,293,306,234,246,234,253,194,288,194,270,220,281,211,236,207,275,229,285,237,311,223,268,589,769,428,447,324,351,513,769,488,450,390,341,506,409,306,334,273,317,304,281,237,685,408,391,274,373,317,366,312,408,303,355,506,447,402,419,618,769,586,510,353,363,272,543,372,394,274,643,414,458,618,549,479,550,583,495,340,400,572,474,335,364,335,373,279,280,231,250,252,311,248,528,343,356,364,356,281,302,328,302,257,280,209,601,519,496,406,412,618,769,618,759,445,394,282,374,555,516,370,689,454,421,336,327,255,279,227,295,198,260,203,519,317,636,375,466,303,364,308,311,276,308,240,276,242,339,233,283,213,272,212,258,267,321,238,337,256,]
698,1,16,with_set,0.25,28,28,201,233,loop_limit,[618,660,415,450,317,422,297,317,246,273,199,269,221,310,259,348,267,250,218,297,216,295,286,346,275,316,287,347,258,264,223,276,237,266,222,235,195,382,333,343,521,479,333,355,281,356,273,284,196,246,176,287,561,478,369,381,288,663,403,513,375,387,515,769,428,745,439,435,375,392,568,644,396,430,318,332,240,269,246,291,250,352,291,751,583,444,329,365,310,301,241,458,316,354,287,486,331,343,253,312,257,314,241,285,218,276,433,440,335,365,273,301,250,292,261,265,251,300,441,423,381,370,294,358,320,374,253,323,259,605,347,364,272,276,218,218,183,215,273,340,262,307,295,321,250,288,224,284,254,356,281,341,273,275,216,373,268,307,241,293,237,285,240,275,240,310,284,758,570,497,377,382,254,290,607,486,618,489,350,352,290,692,454,511,618,520,372,361,276,316,308,316,267,278,230,249,207,347,281,282,233,]
698,2,1,with_set,0.01,2,2,201,5,loop_limit,[618,326,141,98,54,54,25,43,20,20,14,9,4,8,4,4,5,8,5,6,3,6,7,9,9,11,6,7,3,5,4,8,3,7,5,6,3,4,4,7,4,5,5,5,3,4,4,5,3,4,3,3,3,3,2,4,4,5,3,5,3,5,5,4,3,6,3,5,4,3,3,6,3,5,4,4,4,3,2,4,4,3,2,5,3,6,3,4,4,7,5,9,8,8,7,7,6,7,9,8,4,8,6,5,4,7,4,3,2,3,2,4,4,7,4,6,4,5,4,7,3,6,3,6,4,7,3,7,4,5,3,14,4,11,7,10,6,12,8,9,4,7,6,9,5,8,5,10,3,7,3,3,3,5,4,4,3,5,4,7,3,5,5,4,3,5,4,6,5,5,5,9,6,14,9,9,9,4,3,3,2,3,2,5,4,4,3,7,3,7,3,4,4,8,2,4,4,5,4,7,5,]
698,2,2,with_set,0.01,2,2,201,3,loop_limit,[618,295,143,86,85,71,70,58,28,11,5,7,3,6,3,4,4,8,5,15,6,13,6,19,9,14,9,15,9,12,9,7,5,5,4,6,4,4,4,8,4,11,3,5,4,16,7,15,6,13,7,7,6,5,3,6,6,7,6,9,6,8,3,6,3,5,3,4,4,3,3,6,5,4,3,8,2,4,4,7,7,7,3,8,6,14,6,9,3,6,3,6,2,4,3,4,5,8,3,7,6,5,4,7,6,11,6,8,7,9,10,10,5,8,4,5,2,5,3,5,5,11,5,8,5,8,3,5,7,7,4,10,4,4,3,6,5,6,3,6,3,7,4,6,5,9,6,5,4,4,5,4,5,7,5,5,4,8,5,5,4,10,6,11,8,13,13,13,6,3,2,4,4,6,6,3,5,8,5,8,6,7,5,6,6,9,6,7,8,15,6,15,6,4,2,4,4,7,5,6,3,]
698,2,16,with_set,0.01,2,2,201,2,loop_limit,[618,303,143,89,51,34,15,7,8,7,6,8,4,6,6,8,3,5,3,4,4,4,3,5,5,6,5,8,3,8,4,6,2,5,5,9,3,4,5,4,9,7,6,6,3,9,5,9,5,7,5,5,3,14,4,4,3,5,5,5,4,3,2,4,3,5,3,6,3,5,2,5,4,7,5,8,5,8,7,7,3,6,6,5,4,4,5,4,5,4,3,6,3,6,4,4,5,7,4,13,5,16,5,4,4,7,6,10,6,6,5,9,5,7,3,6,5,6,3,3,2,3,3,5,3,7,5,9,6,7,4,6,3,5,7,5,3,7,4,4,3,5,3,7,2,5,4,7,5,4,4,5,2,5,3,6,5,7,4,9,4,7,4,6,3,14,5,8,4,6,2,5,4,5,3,7,3,5,2,4,3,5,4,7,3,4,2,3,4,7,4,6,3,6,3,5,3,6,3,3,2,]
701,1,1,with_set,0.01,1,1,201,186,loop_limit,[825,377,396,228,242,205,263,229,256,166,185,141,149,126,170,128,152,131,165,174,200,188,207,165,189,141,211,165,200,134,161,148,167,112,146,118,153,139,195,146,206,140,181,137,196,137,190,153,186,140,173,142,195,131,173,157,207,176,227,158,201,166,213,180,202,185,238,164,220,150,181,168,212,141,169,129,185,150,208,144,195,166,175,134,167,125,168,139,184,151,206,162,190,156,200,158,213,150,172,124,164,150,197,188,252,191,252,199,246,176,210,139,186,184,232,216,250,167,220,157,189,166,183,178,233,161,168,133,164,142,183,160,230,192,250,181,235,162,228,182,261,199,235,194,213,168,221,171,200,144,185,151,189,156,192,142,207,162,197,161,202,165,205,140,203,177,212,170,207,161,214,167,219,160,176,160,206,138,211,185,203,145,193,199,240,178,225,179,203,146,199,140,210,168,203,164,208,164,217,159,186,]
701,1,1,with_set,0.05,5,5,201,186,loop_limit,[825,377,456,273,343,288,343,243,273,216,249,199,201,164,201,176,210,162,186,126,188,151,192,168,246,191,229,167,187,128,165,162,165,148,187,141,192,160,237,177,208,171,202,171,214,158,194,154,172,156,186,144,212,169,224,168,207,164,206,166,203,167,202,156,190,148,172,131,176,145,185,158,224,158,195,165,229,182,201,150,187,170,218,170,190,159,199,150,187,148,162,140,194,113,156,168,205,193,227,194,233,199,216,177,207,164,213,164,179,152,181,182,238,173,237,194,273,191,206,202,261,214,234,197,227,191,243,195,248,188,205,150,202,178,236,167,208,169,196,180,228,202,217,171,206,197,217,190,208,171,208,151,176,183,213,187,201,216,263,157,195,170,204,157,176,143,192,171,213,155,192,136,177,146,197,177,227,168,194,193,232,169,250,212,286,193,226,177,216,150,172,182,172,158,211,162,231,165,189,149,186,]
701,1,1,with_set,0.1,11,11,201,212,loop_limit,[825,380,368,252,274,192,244,190,245,174,208,163,213,144,182,155,206,155,176,146,188,161,193,153,190,156,193,164,182,157,212,162,208,184,243,182,236,193,233,203,207,169,186,161,201,164,231,157,221,167,199,155,184,153,202,192,244,169,244,160,204,169,210,168,197,139,213,187,249,181,223,190,227,166,213,170,213,191,214,162,203,164,190,169,193,137,177,148,197,174,195,157,207,151,217,151,182,174,214,170,208,171,214,168,240,180,224,168,216,195,237,187,212,156,218,177,234,208,251,199,231,182,271,190,238,170,219,185,221,150,213,150,171,145,199,149,221,140,177,129,191,155,210,154,191,167,210,161,184,160,188,154,171,132,156,139,171,117,162,127,203,127,171,151,166,142,174,148,183,157,170,148,192,184,215,163,207,188,214,162,197,158,175,159,182,151,197,167,226,189,232,166,213,175,212,181,230,180,212,159,212,]
701,1,1,with_set,0.25,28,28,201,194,loop_limit,[825,358,376,247,316,247,316,187,231,176,214,154,206,160,200,150,172,153,185,163,240,195,243,196,223,178,220,137,200,169,210,154,236,150,166,159,184,141,179,126,184,143,181,166,206,155,197,198,218,157,202,161,185,151,194,164,225,157,225,166,176,131,183,163,190,165,204,162,228,181,206,154,201,175,249,203,216,174,188,158,199,145,197,142,189,161,224,175,229,177,202,154,201,177,211,177,221,185,198,145,179,149,192,144,203,161,182,157,206,164,254,186,257,161,199,137,193,150,187,156,194,157,221,177,240,177,186,150,181,172,245,178,234,176,204,162,204,162,219,174,214,151,193,157,186,160,166,188,247,197,283,215,255,176,269,208,237,205,258,197,208,161,228,173,217,184,232,185,180,158,178,166,202,156,182,151,200,155,226,146,206,190,238,168,249,193,227,169,217,162,223,151,179,146,197,139,210,145,161,148,194,]
701,1,2,with_set,0.01,1,1,201,189,loop_limit,[825,380,385,253,310,219,232,213,245,191,257,211,277,202,252,185,237,178,226,175,223,171,242,166,196,139,196,161,236,161,206,158,212,144,177,139,178,152,229,165,194,166,207,155,200,166,194,155,178,177,185,151,230,175,200,156,197,168,172,142,198,133,190,151,188,156,229,178,243,172,244,182,244,184,210,181,238,153,166,147,208,161,225,170,226,186,231,169,215,188,209,214,247,180,251,180,263,204,284,182,200,175,217,193,227,152,188,151,168,141,180,149,171,139,184,143,181,166,212,150,193,162,200,143,185,139,182,187,241,183,230,166,210,206,269,217,257,193,250,156,194,151,213,162,206,148,211,182,214,185,211,164,180,194,229,160,210,169,224,187,231,175,202,159,206,173,225,172,227,171,221,180,201,167,213,167,210,143,195,146,185,161,191,183,219,192,236,183,201,156,240,170,220,192,233,176,228,189,223,173,189,]
701,1,2,with_set,0.05,5,5,201,210,loop_limit,[825,381,387,265,299,240,296,193,221,163,219,165,224,180,234,186,221,205,221,154,213,163,202,162,177,187,215,167,219,181,255,197,303,192,255,192,223,182,236,223,294,195,288,193,233,189,226,186,218,162,193,170,189,177,229,166,213,157,214,164,202,164,197,166,220,141,164,139,180,140,167,147,193,173,193,186,205,149,209,179,241,181,241,179,245,165,208,157,201,161,204,155,188,150,212,196,212,167,190,191,251,199,221,165,183,160,189,164,196,135,169,133,172,166,216,186,233,162,200,167,192,158,194,174,240,151,219,161,223,172,217,154,232,192,218,160,209,190,246,193,240,196,246,202,233,215,260,196,237,225,277,245,286,202,244,183,228,174,235,167,205,159,186,140,177,135,182,160,182,139,182,142,162,139,161,137,172,111,143,119,163,119,160,117,153,117,185,142,173,143,210,168,222,187,209,164,196,167,198,159,210,]
701,1,2,with_set,0.1,11,11,201,231,loop_limit,[825,370,353,238,266,241,247,200,251,215,274,204,259,175,219,184,232,202,288,199,236,197,241,201,231,179,258,186,219,175,228,166,199,169,233,180,204,167,219,181,198,156,216,183,216,160,192,186,220,174,220,184,221,177,233,174,198,163,228,182,218,161,185,136,172,143,182,132,184,154,208,164,189,192,222,165,249,200,228,179,235,180,243,187,225,177,209,156,202,171,201,167,188,142,183,151,179,139,180,147,184,148,228,149,169,169,189,135,182,127,171,145,192,171,222,150,184,165,204,162,198,156,194,165,226,187,219,182,240,180,215,163,229,171,207,170,214,179,196,165,189,184,220,155,201,154,202,167,188,137,182,163,198,162,173,158,207,154,173,171,207,179,216,186,229,177,234,157,185,166,207,153,179,180,215,168,220,164,197,145,159,126,155,142,184,171,207,177,200,146,173,143,192,147,197,148,197,156,232,196,231,]
701,1,2,with_set,0.25,28,28,201,181,loop_limit,[825,380,371,247,290,213,287,219,239,185,233,189,228,176,258,171,181,167,191,170,191,187,256,153,187,157,174,162,203,173,233,173,233,179,231,173,233,164,236,157,218,161,210,174,221,173,173,148,184,158,227,171,228,166,187,153,187,168,222,154,209,167,251,220,256,192,219,184,221,210,225,185,225,184,251,195,228,181,208,177,224,160,225,183,215,211,269,229,258,244,274,207,247,172,213,194,196,165,180,129,169,135,152,153,203,171,212,166,232,160,191,195,191,167,212,162,203,162,222,162,175,138,168,132,185,132,185,163,189,166,198,183,253,169,226,183,213,168,214,156,178,137,171,161,236,162,191,133,180,159,214,180,231,206,233,163,208,149,207,165,221,155,196,170,211,154,169,138,184,136,171,151,183,159,194,185,227,170,195,175,199,139,191,144,178,156,197,156,191,158,225,158,196,147,186,133,181,154,197,133,181,]
701,1,4,with_set,0.01,1,1,201,235,loop_limit,[825,381,470,292,316,220,262,204,294,202,209,195,213,187,221,187,229,158,239,168,227,186,242,182,202,172,194,161,212,165,194,165,184,148,174,148,161,135,166,129,169,150,192,141,174,139,173,171,173,141,178,160,200,135,158,130,254,202,221,207,240,185,256,210,273,221,232,268,363,263,314,221,271,291,302,233,274,332,353,250,337,203,292,204,250,193,223,202,223,196,233,207,232,283,303,315,344,301,297,230,253,191,234,179,196,160,204,192,242,185,223,187,246,190,223,187,229,176,222,181,216,179,231,191,223,192,260,197,232,190,247,167,233,166,206,172,235,174,214,168,209,159,192,144,188,167,214,162,216,204,239,189,231,227,234,208,245,176,284,232,260,170,189,192,220,241,300,209,239,187,227,189,238,213,257,178,261,197,197,172,213,172,213,205,239,173,193,202,276,204,249,196,243,191,230,179,229,172,304,212,235,]
701,1,4,with_set,0.05,5,5,201,277,loop_limit,[825,371,392,256,277,317,344,243,276,177,347,232,263,180,258,179,223,182,232,196,229,228,328,231,305,227,271,202,267,185,240,175,242,218,286,182,210,177,218,174,256,195,261,308,340,236,277,206,268,203,256,202,300,221,250,237,281,194,406,252,277,213,251,204,226,249,269,190,204,157,197,171,222,180,196,157,217,160,192,161,208,144,191,142,167,143,173,148,197,248,257,210,261,200,239,272,366,258,312,233,267,237,405,250,334,254,313,239,277,208,256,184,225,174,222,152,213,159,226,191,232,181,201,159,197,134,161,136,182,167,220,204,226,190,243,238,310,268,319,241,274,195,280,202,236,187,254,193,257,195,273,178,216,167,199,154,169,139,277,180,205,172,244,196,241,168,213,165,191,189,258,195,253,180,345,227,271,196,265,194,243,193,249,185,211,170,208,167,212,230,258,234,274,307,327,259,316,230,288,208,277,]
701,1,4,with_set,0.1,11,11,201,224,loop_limit,[825,380,645,362,388,238,289,249,297,221,306,217,282,225,289,200,259,196,250,186,248,173,222,191,248,184,235,196,220,174,197,173,215,196,220,169,211,186,207,171,219,171,199,182,223,167,235,173,214,177,199,170,196,163,208,156,197,172,209,177,243,192,223,178,201,180,202,152,225,170,221,154,161,139,184,153,222,268,351,259,316,213,239,187,224,176,241,186,227,186,213,255,269,194,237,182,218,204,253,176,231,204,270,194,230,184,242,188,201,175,211,175,200,138,178,165,210,155,199,141,200,170,211,172,226,170,238,170,212,159,227,168,185,169,204,154,207,197,248,158,308,201,237,284,328,233,291,212,263,214,248,194,235,213,268,200,245,220,245,178,221,163,201,162,215,176,201,165,224,175,206,195,238,195,256,199,267,205,248,221,253,192,221,202,260,186,241,186,241,192,241,199,257,213,243,189,248,178,229,160,224,]
701,1,4,with_set,0.25,28,28,201,193,loop_limit,[825,391,409,265,295,208,307,229,270,238,327,214,234,195,270,174,225,198,225,187,229,301,323,218,262,201,268,220,240,186,211,169,222,184,238,172,191,176,193,240,265,184,248,188,244,189,216,150,171,173,209,211,262,198,244,189,274,211,270,264,296,233,271,188,237,196,229,198,236,166,228,185,209,141,151,116,158,182,297,200,307,229,270,218,287,209,249,193,267,192,217,191,217,167,230,163,218,187,217,178,199,150,215,180,221,260,275,203,250,190,242,152,230,173,193,148,194,167,206,161,211,187,259,224,259,201,232,174,228,163,351,242,338,245,343,210,289,224,260,197,245,179,205,173,233,197,289,198,269,222,281,181,198,201,237,192,247,176,259,164,242,209,278,185,221,153,191,153,172,133,191,143,210,165,222,171,218,212,260,205,255,188,214,158,207,170,206,167,236,150,190,182,190,148,218,153,189,147,194,143,193,]
701,1,8,with_set,0.01,1,1,201,420,loop_limit,[825,381,407,245,289,207,261,192,211,144,194,157,184,159,209,165,209,176,202,150,189,158,388,248,283,185,220,161,210,156,202,167,218,179,224,193,223,178,389,257,263,204,259,169,200,151,171,145,197,174,224,177,201,171,208,198,232,177,227,170,206,160,198,150,174,136,178,177,214,158,215,147,172,171,172,152,201,174,456,260,283,220,253,210,258,187,288,182,244,181,467,255,296,258,278,194,272,192,224,181,207,158,358,241,247,176,195,200,234,173,246,173,246,173,206,179,194,174,374,233,265,173,219,168,213,171,221,159,222,181,237,176,197,166,218,149,193,145,185,143,162,143,156,153,215,155,162,129,170,127,135,115,144,112,155,121,184,171,201,174,214,144,176,144,163,124,181,157,202,172,428,261,292,234,284,389,682,356,354,244,327,214,245,191,238,198,234,191,256,184,246,154,190,326,300,240,301,244,297,386,420,]
701,1,8,with_set,0.05,5,5,201,281,loop_limit,[825,380,397,252,322,289,331,235,315,209,456,280,573,314,372,296,307,206,229,180,206,162,186,133,166,128,157,139,152,134,165,144,165,155,192,165,199,167,216,154,227,154,193,159,208,159,210,175,238,184,237,189,241,201,208,175,223,186,217,174,219,157,208,155,201,165,193,182,210,156,209,176,220,204,251,208,230,180,199,169,229,187,267,194,254,212,241,192,222,167,212,170,238,195,280,198,218,316,303,213,264,241,266,217,296,244,297,228,262,197,221,158,196,148,221,196,222,174,187,160,174,139,342,235,268,207,258,188,469,274,290,209,224,170,220,164,209,324,318,291,318,280,271,401,391,220,245,356,375,214,331,215,312,224,262,201,498,287,388,236,242,181,254,188,261,185,218,169,201,175,237,172,217,168,174,164,207,186,220,175,248,178,253,194,225,179,241,182,221,194,209,182,229,182,210,204,287,245,273,227,281,]
701,1,8,with_set,0.1,11,11,201,337,loop_limit,[825,380,368,334,348,246,275,199,265,174,241,202,242,170,212,164,212,158,210,184,460,271,298,225,254,186,249,192,237,177,231,133,179,140,191,143,216,163,223,323,317,222,269,176,225,174,193,174,256,180,212,174,220,323,302,212,229,175,243,160,231,183,226,159,183,160,198,147,188,170,208,167,195,186,225,180,246,225,273,349,358,286,336,229,285,213,259,362,346,270,320,365,341,247,270,184,222,167,188,163,197,281,299,207,267,198,235,227,272,186,241,156,384,256,299,203,200,146,169,136,182,140,199,152,196,153,194,154,213,173,227,200,243,191,408,261,274,353,369,444,406,268,312,197,466,280,328,283,552,304,376,243,278,216,249,208,227,228,347,229,244,189,243,180,223,190,213,159,219,163,212,159,193,157,208,153,208,149,191,137,210,162,349,241,262,186,218,182,213,165,196,170,181,224,265,255,263,394,376,253,337,]
701,1,8,with_set,0.25,28,28,201,368,loop_limit,[825,381,407,261,328,420,405,433,398,262,692,330,346,256,300,203,524,283,310,206,230,160,220,169,198,162,190,168,208,153,202,158,190,169,232,163,207,180,206,177,206,177,215,176,193,146,209,156,186,154,401,261,279,252,255,184,236,201,224,170,190,178,223,183,202,183,240,184,223,199,216,186,237,216,248,187,236,162,201,158,183,156,204,146,224,170,206,150,182,168,222,170,185,147,199,179,239,182,240,181,217,162,212,176,194,150,397,251,298,214,214,160,190,179,213,165,197,180,197,137,184,160,180,124,200,151,217,147,181,143,150,140,171,127,145,158,195,150,187,177,229,170,423,253,305,209,292,383,372,240,254,326,341,423,415,337,365,258,286,211,253,191,215,323,343,240,319,242,269,187,257,172,214,183,215,175,227,172,199,163,206,153,206,167,238,207,241,175,215,199,237,223,298,207,281,236,267,202,584,310,368,]
701,1,16,with_set,0.01,1,1,201,404,loop_limit,[825,460,452,253,323,231,277,190,232,179,226,150,228,202,275,201,254,226,253,237,285,215,408,255,300,214,266,244,293,196,230,413,366,265,283,198,263,169,308,214,285,209,252,176,229,442,825,375,365,250,282,192,237,157,168,135,187,140,164,136,181,163,203,218,251,194,217,159,186,147,194,217,254,250,241,180,212,146,150,133,174,148,189,147,188,151,224,169,230,188,226,181,226,165,196,186,211,371,345,301,318,221,245,185,226,166,474,288,371,460,443,439,427,422,403,513,456,283,627,416,469,274,285,212,222,202,246,188,228,175,205,151,198,180,217,163,484,294,289,205,229,174,237,241,270,199,229,183,241,200,273,431,398,248,304,209,533,301,333,381,351,455,437,359,372,418,444,282,367,275,346,223,291,189,241,183,249,401,387,269,298,228,250,451,414,457,825,391,508,296,344,291,330,222,574,320,371,232,744,364,404,]
701,1,16,with_set,0.05,5,5,201,413,loop_limit,[825,513,472,297,403,254,281,182,249,195,243,167,189,198,233,162,210,172,209,165,214,161,168,127,436,277,305,237,252,180,207,165,212,150,158,139,159,144,583,304,343,287,320,226,547,301,375,311,300,349,334,226,305,366,337,211,309,211,248,193,242,194,236,163,216,172,438,255,310,379,321,406,381,247,292,201,202,165,183,146,172,367,348,297,624,316,322,228,302,225,277,215,238,174,242,168,190,161,199,162,229,193,249,198,262,203,224,212,251,196,241,180,236,217,257,223,251,194,251,182,231,181,232,176,183,199,207,177,222,235,383,281,816,513,800,503,459,281,318,413,401,273,309,494,443,378,438,496,465,280,280,229,266,240,299,167,213,174,279,214,279,226,269,202,222,181,216,198,230,171,222,161,214,152,202,152,617,503,464,279,328,218,243,237,263,211,268,222,243,205,274,174,204,159,206,154,198,193,199,207,413,]
701,1,16,with_set,0.1,11,11,201,247,loop_limit,[825,358,459,461,426,277,291,225,248,502,451,258,293,221,256,191,233,200,237,231,305,179,237,176,225,170,293,212,279,172,213,177,695,336,417,267,313,237,576,313,357,300,349,235,276,198,223,176,235,181,249,158,222,164,250,448,551,392,400,221,277,218,287,212,258,171,206,177,214,140,199,183,224,164,222,172,235,160,188,146,181,160,198,181,224,198,240,194,231,158,197,157,209,184,238,238,269,211,260,207,241,189,344,240,461,285,698,370,368,225,326,227,239,301,344,272,312,207,235,179,244,245,291,208,263,208,245,186,219,225,284,471,593,315,371,244,261,199,283,202,234,149,565,264,317,201,274,177,268,195,230,196,268,222,436,262,341,245,282,347,582,319,403,262,283,208,278,199,283,206,254,205,235,195,235,168,215,150,218,182,225,168,304,244,253,168,191,174,208,165,287,204,258,192,207,174,201,171,198,174,247,]
701,1,16,with_set,0.25,28,28,201,470,loop_limit,[825,385,410,284,311,230,290,200,221,177,232,179,209,164,224,197,261,211,252,191,213,215,242,169,228,146,196,149,217,181,213,204,790,369,438,285,345,238,285,440,423,318,326,243,271,213,248,204,229,267,434,295,339,214,466,278,641,348,367,220,261,225,251,386,337,217,280,218,238,173,721,343,422,246,338,209,429,401,380,235,299,260,294,269,321,230,237,192,231,480,438,280,315,209,264,195,261,215,242,196,230,170,202,177,202,198,220,179,622,342,428,273,359,230,274,215,245,442,573,310,333,219,719,358,365,234,300,209,400,300,674,368,395,242,313,196,223,180,242,181,231,167,219,155,199,392,371,386,453,269,325,231,247,175,221,184,260,189,267,187,265,417,558,312,317,222,274,199,225,167,217,155,202,138,196,155,204,163,206,176,212,174,195,149,184,160,530,329,367,422,442,345,372,242,289,252,280,201,732,505,470,]
701,2,1,with_set,0.01,2,2,201,14,loop_limit,[825,239,176,85,64,41,40,31,24,35,21,32,22,30,23,15,11,17,11,17,14,19,17,19,16,18,13,19,14,27,15,17,14,27,15,16,10,15,13,28,24,17,11,18,14,13,11,17,16,16,14,19,13,13,11,15,9,21,12,17,14,14,13,14,11,15,10,16,10,14,13,16,14,18,16,30,14,13,9,14,11,13,11,17,14,19,15,20,14,16,11,14,10,18,13,19,13,16,11,14,11,14,11,19,16,35,20,20,15,14,13,15,19,17,14,16,17,22,13,19,14,18,14,18,20,23,18,15,12,18,14,18,17,16,13,16,14,22,12,22,21,21,17,21,14,14,8,27,11,16,20,13,12,17,15,18,12,15,10,19,16,23,16,16,14,15,13,15,21,14,9,17,13,18,12,18,17,17,13,16,11,17,13,13,12,13,12,16,12,13,8,15,12,13,12,18,12,13,12,19,14,]
701,2,2,with_set,0.01,2,2,201,13,loop_limit,[825,239,170,75,66,53,50,30,17,14,12,17,14,31,21,22,19,30,21,22,20,17,14,19,15,27,11,18,13,19,11,27,18,22,18,18,18,17,22,33,16,17,15,34,29,21,14,17,17,13,11,18,15,20,19,22,24,23,21,18,15,19,22,22,22,30,17,22,17,18,18,19,24,18,19,16,13,14,11,14,13,29,16,21,20,34,13,20,19,15,14,14,13,19,13,18,20,17,19,17,13,18,13,19,17,23,20,26,15,20,11,15,11,17,14,17,10,17,11,14,11,16,11,18,21,32,19,19,14,13,8,15,13,18,13,29,14,15,21,18,17,19,11,15,11,15,11,19,13,15,9,17,13,15,12,15,13,14,12,15,12,15,21,21,15,18,15,19,12,13,12,18,11,15,11,18,21,21,14,14,13,16,11,19,13,19,11,19,13,17,9,16,13,21,17,18,15,17,16,14,13,]
701,2,4,with_set,0.01,2,2,201,12,loop_limit,[825,252,193,78,48,45,25,35,19,15,11,27,13,18,16,21,15,18,14,16,11,20,15,15,9,15,12,28,11,14,12,15,16,19,14,14,11,28,13,28,18,18,12,15,9,19,12,29,17,19,16,18,15,17,14,21,15,21,22,16,9,15,12,17,15,26,10,14,12,16,13,14,15,16,10,16,14,19,11,16,14,14,13,17,14,18,18,15,14,19,12,15,13,23,21,18,11,18,12,26,17,21,11,18,15,17,13,20,13,20,18,20,17,20,25,30,18,20,15,19,17,17,22,16,11,16,13,30,14,16,16,20,14,29,13,17,14,17,10,16,11,17,12,17,14,21,14,29,20,22,18,17,19,18,22,22,13,17,14,17,15,20,13,14,10,20,11,14,9,26,15,27,13,19,14,32,21,19,16,20,23,16,14,19,21,20,19,18,21,18,19,22,18,18,12,27,18,22,13,17,12,]
701,2,8,with_set,0.01,2,2,201,16,loop_limit,[825,266,158,82,71,34,25,22,25,32,20,20,19,18,14,22,17,18,17,23,20,16,14,15,15,15,13,15,13,16,15,18,12,28,12,28,12,16,11,17,21,29,12,13,11,19,18,14,12,15,15,32,29,17,14,20,12,13,10,16,19,20,19,15,12,14,12,17,15,18,21,21,19,17,13,17,14,23,22,19,16,25,22,21,23,18,12,17,14,28,16,17,13,17,14,21,15,14,8,14,9,17,11,13,11,15,14,15,19,18,13,15,14,15,10,18,14,22,15,15,14,18,17,20,14,19,20,16,11,18,12,27,19,25,15,28,15,17,14,16,13,13,11,21,12,17,14,14,12,18,16,29,19,19,12,16,20,17,22,20,18,19,14,28,11,27,12,28,12,28,13,19,17,20,12,13,12,17,12,14,12,27,12,15,9,17,17,17,16,17,15,22,21,21,17,15,13,17,13,15,16,]
701,2,16,with_set,0.01,2,2,201,13,loop_limit,[825,228,288,113,150,71,49,37,40,22,16,22,16,17,15,17,15,15,14,18,12,15,13,17,11,15,12,20,19,23,22,18,12,18,12,26,10,13,9,28,13,28,18,14,12,16,20,15,10,15,13,14,14,15,9,29,20,15,14,19,12,16,13,17,20,23,15,16,14,18,17,29,19,16,11,16,13,27,18,17,17,31,21,30,16,22,15,19,22,25,20,17,15,16,8,16,11,18,15,19,16,17,13,17,17,17,22,18,12,28,18,14,12,28,14,27,13,19,15,19,15,18,15,16,11,18,14,14,14,16,11,27,13,16,19,27,13,16,15,17,13,31,13,15,14,18,16,23,17,18,13,13,10,20,11,26,15,15,11,16,21,22,28,30,16,28,15,22,13,18,13,17,11,13,12,16,11,17,14,26,11,19,13,17,11,22,14,29,18,20,14,18,22,19,13,19,15,15,12,16,13,]
701,4,16,with_set,0.01,4,4,201,8,loop_limit,[825,134,39,19,12,16,8,12,6,11,8,12,7,12,6,11,6,12,8,12,8,25,12,13,8,13,9,13,9,12,6,12,10,13,9,11,6,13,8,12,6,11,9,12,9,12,6,11,7,12,8,13,10,13,8,12,8,25,8,25,11,12,6,25,9,11,6,11,6,12,6,11,8,12,6,25,10,12,8,25,9,11,8,12,8,12,7,12,9,14,7,13,8,11,7,25,6,12,6,11,7,12,6,12,8,15,10,16,11,14,8,15,8,14,6,12,7,13,8,12,8,13,8,12,10,13,12,16,10,16,11,12,8,11,8,26,11,12,8,12,7,12,8,12,7,12,8,11,8,12,6,25,8,12,7,12,8,13,8,12,9,12,8,12,7,13,9,12,6,13,8,13,8,12,7,26,12,16,11,12,8,12,10,13,8,12,8,12,6,12,7,13,7,13,11,12,10,14,8,12,8,]
703,1,16,with_set,0.01,1,1,201,3,loop_limit,[197,173,122,79,25,18,7,6,4,5,4,5,3,5,5,5,3,5,3,4,3,5,5,9,4,6,5,7,3,5,5,5,5,5,6,6,5,14,10,7,5,6,6,4,3,4,3,3,3,5,5,9,5,5,3,4,3,4,4,4,5,5,4,5,4,5,5,6,5,7,3,4,3,5,4,3,3,4,3,4,3,3,3,5,4,5,5,5,3,4,7,9,5,4,5,4,3,5,3,3,3,3,5,4,3,5,4,7,5,4,3,5,5,6,5,5,7,4,5,5,7,5,4,6,5,5,5,5,3,5,4,11,4,3,3,4,4,3,3,4,3,3,3,5,4,6,4,4,4,5,5,5,4,5,3,5,3,4,5,4,3,5,4,5,3,6,6,5,4,4,4,3,4,5,5,4,5,5,4,11,4,3,3,5,5,6,5,5,4,9,5,6,3,5,4,6,4,7,9,6,3,]
712,1,16,with_set,0.01,1,1,201,3,loop_limit,[114,28,11,5,3,3,2,3,4,2,2,2,4,4,2,3,2,2,4,2,3,3,2,4,4,2,2,3,3,2,3,3,2,2,3,2,2,2,2,3,3,4,3,3,3,3,2,2,4,6,3,2,2,3,2,2,2,3,2,2,4,2,2,2,3,2,2,2,4,4,2,4,3,4,4,9,3,3,3,2,4,2,2,2,3,4,2,4,2,3,4,3,2,2,3,3,4,4,3,4,4,3,2,3,3,3,2,2,2,3,2,4,2,2,3,3,3,3,4,3,2,2,2,3,2,4,2,3,2,7,2,4,3,2,3,4,3,3,2,3,3,4,2,3,3,3,3,2,2,4,4,4,3,7,2,3,2,2,2,2,4,4,4,9,2,2,3,9,2,3,3,2,3,2,2,3,2,2,2,3,2,3,2,2,2,4,3,3,2,2,2,3,3,3,3,4,6,5,4,3,3,]
715,1,1,with_set,0.01,1,1,201,6,loop_limit,[169,116,22,16,9,16,6,10,7,6,3,3,3,7,3,2,4,5,3,10,4,3,4,4,3,2,5,10,5,12,8,14,6,6,6,12,7,8,8,6,3,3,5,4,3,8,2,2,2,6,2,2,2,2,4,9,7,4,2,4,4,4,6,6,4,2,5,2,4,3,6,3,3,5,2,3,2,4,3,4,2,2,3,2,2,2,2,2,3,3,3,6,2,9,6,8,3,10,6,3,3,3,2,6,6,7,6,2,5,7,3,4,3,7,5,5,5,3,5,7,3,2,3,4,3,9,6,4,4,4,2,9,6,4,6,6,3,2,3,3,2,3,2,2,5,4,3,2,4,3,5,3,2,2,4,3,6,5,3,8,7,5,2,3,6,8,4,3,2,2,5,2,2,4,5,7,5,9,3,2,3,3,3,2,3,3,2,2,2,6,5,14,3,3,2,4,3,4,3,12,6,]
715,1,8,with_set,0.01,1,1,201,5,loop_limit,[169,104,36,15,7,3,4,5,3,2,2,9,3,2,3,2,2,2,2,2,3,7,6,6,8,11,6,13,3,2,2,4,3,9,3,10,2,2,3,9,4,4,5,9,2,6,2,2,5,9,3,9,3,2,3,3,3,3,3,7,6,8,5,10,6,15,8,10,7,3,5,3,5,2,5,7,3,9,6,8,3,8,2,2,4,9,7,7,2,2,2,2,5,7,2,2,2,2,3,3,6,3,6,4,5,10,6,5,3,2,2,6,5,5,7,5,4,4,5,8,5,9,6,7,4,4,3,3,4,3,4,4,2,2,4,3,3,12,4,9,5,6,4,6,7,12,6,9,7,13,6,5,4,3,3,4,3,3,4,5,3,2,3,9,6,12,6,9,5,7,9,12,6,9,2,6,2,3,4,4,5,2,3,5,2,2,3,9,4,4,2,2,5,2,3,2,2,6,2,3,5,]
715,1,16,with_set,0.01,1,1,201,3,loop_limit,[169,104,33,32,17,14,7,4,5,7,3,10,4,10,7,9,6,5,7,7,3,10,7,14,12,13,6,5,8,9,5,5,5,13,7,14,10,7,4,4,2,2,5,2,2,2,2,2,5,2,3,5,2,2,4,3,2,3,2,6,5,6,4,2,3,3,4,6,2,2,3,2,2,2,5,9,3,12,3,15,8,14,3,3,5,3,3,8,5,6,3,2,5,9,6,12,6,7,4,6,7,13,6,12,4,8,7,14,7,8,6,9,4,2,3,5,4,3,3,4,6,5,3,3,2,2,4,9,4,6,6,16,11,19,6,5,4,3,6,14,6,3,5,10,6,8,7,7,2,6,5,9,3,6,4,3,4,3,2,9,2,4,5,2,4,5,2,4,5,19,3,3,6,7,3,8,2,2,5,4,4,11,7,5,3,6,5,11,4,8,7,6,4,3,5,2,2,4,4,4,3,]
726,1,1,with_set,0.01,1,1,201,59,loop_limit,[934,340,373,206,280,215,299,240,304,158,199,154,191,168,191,111,160,95,118,68,143,75,127,82,119,83,105,54,98,68,90,61,85,62,88,79,122,79,115,96,123,82,134,79,143,95,112,82,105,63,106,66,92,65,80,51,79,61,98,72,115,70,94,65,82,49,67,53,79,45,55,42,63,52,62,50,89,57,98,92,110,82,103,64,139,64,92,62,106,59,81,57,92,47,76,42,62,58,91,52,78,78,103,70,64,64,75,58,59,42,83,54,111,66,85,45,73,45,59,50,74,50,55,38,74,34,57,36,53,44,61,42,70,46,58,44,52,28,32,28,35,23,40,41,70,30,57,39,69,40,44,35,57,39,57,36,69,41,60,37,46,40,63,42,67,44,62,32,55,36,61,33,52,39,66,39,78,55,85,50,71,50,79,33,43,17,29,23,46,19,32,26,36,25,39,24,36,27,42,38,59,]
726,1,1,with_set,0.05,5,5,201,35,loop_limit,[934,332,398,282,335,198,220,124,175,92,174,111,157,128,175,105,176,99,189,111,144,93,129,76,123,91,121,100,137,80,112,62,83,58,83,57,92,63,109,88,109,70,112,72,107,64,107,66,119,75,119,80,103,69,106,78,102,96,136,102,121,79,108,66,137,82,132,97,153,85,134,82,115,86,112,74,86,60,88,54,87,57,50,29,50,31,32,32,38,39,53,37,65,56,94,72,87,51,91,52,90,70,96,62,80,53,70,58,62,51,78,55,80,67,82,69,86,73,98,60,86,49,78,39,61,35,51,32,46,32,45,34,41,34,61,46,55,31,27,19,30,14,22,16,20,16,31,28,45,33,42,25,47,25,49,29,50,33,36,32,51,39,48,52,89,52,69,52,61,37,48,42,73,63,73,50,55,38,54,38,59,38,60,36,45,44,70,57,71,48,63,42,47,34,49,37,49,28,37,20,35,]
726,1,1,with_set,0.1,11,11,201,55,loop_limit,[934,340,378,290,352,170,236,146,205,101,145,98,170,96,144,90,104,76,129,71,100,65,91,70,91,79,124,66,94,73,108,67,94,60,94,60,98,71,132,90,125,62,84,61,105,67,105,78,122,67,114,62,119,58,109,63,101,82,139,79,91,78,121,78,104,70,108,94,108,88,139,75,82,55,78,82,132,74,130,93,142,121,138,94,131,64,110,79,110,64,107,64,92,70,103,76,104,72,115,52,98,66,114,54,87,56,87,68,90,69,92,82,117,83,117,71,97,53,77,60,97,68,103,74,118,54,82,52,88,54,82,54,86,67,110,70,91,74,117,76,98,45,71,50,98,60,111,57,98,58,103,74,118,80,114,73,120,95,139,75,128,62,99,51,83,59,69,44,59,50,82,68,100,57,100,39,75,58,95,45,75,40,67,43,62,37,59,32,47,42,42,25,37,24,32,22,33,22,31,39,55,]
726,1,2,with_set,0.01,1,1,201,56,loop_limit,[934,330,362,179,253,145,176,107,134,77,117,71,105,63,100,46,86,54,102,41,84,70,110,72,129,54,82,60,88,72,113,67,111,62,105,61,109,67,129,76,135,84,149,88,139,81,117,79,133,72,109,76,128,88,168,86,172,85,151,69,123,77,119,68,107,73,111,51,114,51,79,39,73,49,95,62,105,67,94,52,74,54,77,53,78,44,71,43,57,35,54,35,69,45,81,48,63,40,54,36,49,31,56,43,57,33,36,21,38,19,44,23,44,27,49,29,43,24,47,36,48,32,42,32,48,34,46,46,68,41,59,46,85,54,64,59,78,53,81,52,66,71,87,56,85,64,92,54,78,68,93,56,85,62,81,50,88,42,60,40,74,47,74,39,57,37,61,40,47,36,54,45,68,51,90,48,70,49,62,61,73,45,65,53,88,55,63,40,46,26,41,18,41,30,42,40,69,44,59,39,56,]
726,1,2,with_set,0.05,5,5,201,99,loop_limit,[934,331,399,208,268,149,204,120,150,149,218,116,163,111,173,130,220,126,173,115,180,134,189,92,151,102,145,107,131,81,140,107,135,84,141,76,111,78,117,92,148,127,168,97,162,141,206,132,172,135,189,107,160,106,141,102,164,90,172,111,161,89,137,67,94,69,95,48,79,50,77,42,68,43,57,45,57,38,60,44,56,39,60,43,70,39,48,36,62,31,45,26,37,23,42,25,44,42,64,39,88,39,52,41,66,37,38,29,39,38,46,41,44,40,63,39,64,39,47,28,51,31,62,43,57,46,63,49,76,54,88,47,77,49,72,53,70,38,66,31,56,23,47,24,25,21,30,36,46,45,81,67,89,48,75,54,61,33,49,24,42,35,39,38,62,49,65,39,47,35,54,44,70,38,62,50,62,65,86,47,84,44,57,40,53,30,39,33,60,56,69,33,74,61,73,59,86,33,70,40,99,]
726,1,2,with_set,0.1,11,11,201,83,loop_limit,[934,354,399,217,265,215,324,181,252,160,213,113,177,140,182,107,155,86,156,85,134,88,128,74,89,61,93,48,84,61,88,45,77,39,65,33,51,37,45,35,59,31,50,37,50,22,32,24,43,28,48,33,76,56,81,52,79,52,102,72,109,67,89,54,110,64,105,67,79,43,75,39,66,57,88,44,65,53,101,53,77,48,55,40,72,50,69,49,70,54,79,54,85,67,101,87,134,79,173,94,133,96,143,85,123,77,117,72,136,80,128,78,125,83,123,59,106,61,79,60,95,65,121,63,101,63,108,65,109,64,90,54,76,61,113,52,84,50,82,49,71,51,74,38,58,43,54,37,66,50,85,50,79,56,90,52,89,70,78,56,102,75,95,55,98,66,109,43,65,46,63,35,66,44,73,47,72,56,78,50,69,38,46,26,45,26,55,26,54,32,64,54,78,46,52,48,69,50,72,49,83,]
726,1,4,with_set,0.01,1,1,201,94,loop_limit,[934,347,381,209,272,214,252,150,203,205,257,162,238,154,262,194,252,132,162,98,152,161,223,141,185,118,159,82,101,102,166,89,112,79,130,91,124,102,170,94,147,104,163,90,131,79,94,65,97,65,96,45,63,41,83,48,82,45,87,52,89,51,80,52,93,64,99,64,92,58,121,76,130,73,137,89,131,72,129,68,114,83,158,84,121,79,112,64,114,74,120,80,129,69,112,56,76,51,80,61,98,65,99,72,116,78,113,66,130,77,110,61,104,68,133,110,159,83,152,89,152,82,116,74,125,65,174,90,138,72,102,55,77,69,77,55,91,51,75,50,101,53,69,43,64,37,54,45,53,33,46,29,44,25,45,38,71,46,54,49,43,39,48,24,26,12,21,14,23,20,41,38,59,35,50,34,70,49,60,32,69,44,57,39,48,32,62,45,75,49,65,60,77,40,71,51,108,71,97,58,94,]
726,1,4,with_set,0.05,5,5,201,114,loop_limit,[934,332,385,302,345,276,363,181,242,159,210,123,179,117,153,81,122,78,112,86,130,70,94,66,95,74,140,76,129,88,129,71,109,69,98,51,99,60,94,55,96,52,90,56,83,47,78,48,72,56,78,43,76,55,80,44,80,59,94,61,99,79,118,68,107,71,90,52,100,69,90,58,85,64,103,74,101,68,109,68,105,54,129,73,114,65,93,54,89,63,84,60,108,67,100,60,96,56,86,50,99,69,125,121,167,93,158,80,114,105,114,78,145,99,167,93,140,97,180,119,177,108,166,106,142,78,109,64,117,71,127,78,113,63,116,75,101,78,114,85,128,89,138,80,126,87,135,93,114,64,97,54,84,62,83,55,109,72,109,73,79,59,92,66,78,55,84,52,70,42,77,55,82,45,68,48,58,43,51,34,69,49,72,53,73,54,83,63,77,48,93,73,124,68,121,67,127,76,88,72,114,]
726,1,4,with_set,0.1,11,11,201,55,loop_limit,[934,331,374,276,315,185,236,137,165,140,165,117,149,100,127,90,131,77,126,82,108,69,123,82,110,71,93,92,146,107,163,90,124,100,165,106,165,85,134,75,129,74,114,51,86,57,83,58,98,59,109,67,109,71,119,53,79,70,105,56,108,93,125,85,136,82,140,99,133,84,85,49,79,40,69,48,80,55,78,47,58,35,38,27,45,35,78,48,82,62,87,60,85,66,102,61,106,58,98,50,76,45,75,57,88,70,111,92,139,80,119,79,104,64,86,57,96,62,73,78,129,80,125,68,113,93,143,92,155,98,147,85,93,72,109,89,108,67,103,72,129,63,104,81,106,68,83,61,92,63,99,65,98,90,128,86,123,111,158,110,156,78,120,90,151,93,147,86,125,86,121,92,115,67,101,81,118,104,131,119,202,97,146,85,126,64,103,73,124,73,117,68,87,51,76,48,89,60,89,48,55,]
726,1,4,with_set,0.25,28,28,201,62,loop_limit,[934,330,376,204,366,169,380,190,245,144,165,88,138,109,164,117,164,132,180,167,186,173,223,123,189,108,146,126,158,109,205,100,140,116,162,95,146,122,146,86,215,139,185,98,155,111,163,119,154,104,232,128,205,127,182,121,177,145,179,113,160,79,121,86,119,64,111,66,116,68,92,54,74,55,104,72,88,82,106,71,121,69,120,98,125,96,120,86,99,69,108,76,112,92,147,88,138,108,128,78,92,89,118,83,109,69,120,74,107,68,149,97,167,85,136,78,103,100,103,70,111,75,126,71,75,51,55,67,93,65,103,66,82,57,66,38,62,51,66,43,70,43,55,31,46,43,56,51,58,54,60,43,73,49,87,45,103,80,99,60,88,50,85,54,87,55,97,54,90,65,86,66,104,58,88,57,88,45,56,35,55,58,75,38,58,40,56,33,63,42,72,38,56,49,54,42,64,40,63,41,62,]
726,1,8,with_set,0.01,1,1,201,46,loop_limit,[934,340,422,208,308,158,211,143,201,123,204,116,152,119,168,93,145,84,160,84,160,84,128,81,107,74,123,66,95,66,117,67,98,50,104,69,104,69,137,81,239,133,192,200,276,139,231,108,155,98,130,82,135,102,162,84,127,76,133,131,350,145,223,110,167,93,142,139,187,96,190,177,226,108,149,67,107,77,118,64,107,75,115,63,99,68,90,119,172,95,144,163,227,98,152,114,152,94,170,93,151,92,156,94,146,95,132,128,167,99,116,73,71,48,82,60,76,63,101,80,102,74,84,64,87,66,80,62,111,80,94,81,113,100,115,90,126,82,97,80,112,73,109,70,112,65,82,56,107,62,106,67,107,66,73,52,86,56,71,57,78,64,78,44,77,48,74,40,67,40,62,44,45,30,34,32,35,24,25,22,37,32,51,35,53,44,47,31,44,28,31,30,49,29,49,31,63,35,44,34,46,]
726,1,8,with_set,0.05,5,5,201,62,loop_limit,[934,340,366,308,371,211,247,226,253,129,188,136,215,135,206,132,197,112,147,80,114,104,153,93,156,100,134,86,126,75,117,60,86,62,109,133,210,95,148,97,138,73,88,58,151,94,118,80,119,98,128,81,122,82,128,129,179,103,176,117,179,90,123,80,130,51,107,65,108,82,100,55,111,87,129,65,88,55,80,48,73,56,94,67,107,50,84,62,79,55,120,70,118,66,114,66,100,87,124,70,121,82,120,84,110,74,111,79,114,81,116,63,92,66,98,75,161,86,125,72,132,93,144,75,89,85,89,64,110,73,109,69,98,63,127,61,103,81,122,71,86,44,88,29,65,45,65,32,58,34,61,59,79,57,76,59,92,55,93,77,125,78,128,82,122,81,129,63,94,92,130,92,148,93,159,117,178,96,147,106,162,103,189,145,220,121,189,111,167,101,152,95,142,85,125,59,99,50,56,34,62,]
726,1,8,with_set,0.1,11,11,201,141,loop_limit,[934,313,387,197,284,168,260,168,218,122,173,125,173,115,150,94,158,98,164,106,142,78,138,91,94,72,108,76,112,61,72,52,84,56,90,58,112,55,91,61,92,62,105,64,89,71,90,57,66,50,114,55,116,60,140,79,140,65,98,64,100,68,92,60,87,52,76,48,74,88,125,67,99,61,85,50,90,58,82,60,78,48,100,70,114,69,105,62,68,42,75,44,60,45,58,31,61,33,40,42,70,55,80,48,71,52,98,69,94,56,65,55,60,75,99,58,94,52,82,57,83,98,112,102,119,111,132,100,140,92,224,131,148,83,119,88,124,76,119,97,121,95,136,110,124,75,104,67,100,83,106,102,131,100,144,102,122,87,111,74,116,85,108,140,189,102,136,92,142,107,152,218,269,150,166,100,127,82,122,82,106,73,87,74,107,67,104,78,115,66,113,58,110,55,155,74,113,73,120,81,141,]
726,1,16,with_set,0.01,1,1,201,77,loop_limit,[934,439,569,354,469,217,463,204,266,280,328,359,399,209,266,158,212,145,165,144,176,92,120,77,103,57,96,73,125,75,125,77,114,63,89,51,85,52,62,39,53,41,75,52,82,52,75,43,73,58,74,51,67,51,69,59,89,35,52,46,71,62,111,75,103,72,92,48,79,61,104,64,88,67,104,75,77,71,116,86,110,191,219,203,249,375,425,201,245,161,210,246,306,208,257,377,416,207,251,316,357,194,254,401,418,222,465,436,914,439,571,261,291,166,224,105,133,76,106,52,96,69,90,54,67,64,77,46,59,36,59,37,48,38,63,41,60,41,67,40,59,40,71,32,61,31,45,28,45,32,40,26,40,29,51,32,58,51,68,50,94,54,82,52,67,39,67,43,76,47,91,54,74,53,71,57,74,45,73,47,75,54,67,59,88,61,91,56,83,66,91,43,83,49,86,59,149,73,101,64,77,]
726,1,16,with_set,0.05,5,5,201,85,loop_limit,[934,439,455,226,277,234,281,146,197,109,131,251,309,217,288,230,321,180,239,137,243,124,175,102,129,122,152,107,147,99,158,116,165,95,308,147,184,142,194,108,173,122,175,103,133,89,132,89,150,90,381,157,254,143,199,102,206,129,153,104,450,416,876,340,370,208,264,171,249,140,193,112,200,124,188,349,411,213,280,162,242,137,196,134,180,144,190,244,316,138,200,139,200,139,244,125,162,90,140,92,130,81,125,77,237,211,258,167,258,125,198,113,180,93,165,121,165,88,110,77,103,76,101,75,97,71,116,70,103,79,282,129,169,101,135,105,154,115,162,84,138,83,110,62,95,50,82,60,102,61,98,53,66,48,67,60,82,55,90,62,90,62,67,39,54,40,59,91,104,64,106,79,89,66,91,70,122,69,95,53,73,42,89,74,122,67,93,58,94,51,102,79,110,87,135,97,145,73,80,56,85,]
726,1,16,with_set,0.25,28,28,201,436,loop_limit,[934,439,472,413,473,219,307,169,233,136,189,109,140,111,158,118,159,89,131,89,127,95,134,106,153,95,151,106,148,81,117,97,146,90,144,70,112,68,106,172,247,392,417,301,727,306,355,189,714,283,329,172,629,361,395,215,266,149,209,114,184,103,388,237,248,310,349,212,293,174,206,355,365,198,274,159,234,309,359,206,276,166,230,128,254,145,170,117,167,111,165,101,119,84,136,121,153,143,176,105,161,82,109,157,217,122,153,123,155,132,205,117,164,293,354,185,237,153,261,159,210,108,161,103,142,83,133,89,118,73,97,83,111,51,103,85,133,91,110,195,252,150,214,145,178,243,295,146,211,111,414,227,264,147,213,125,159,109,172,96,113,67,91,68,80,56,78,61,226,104,199,112,155,94,149,98,132,91,141,117,141,117,175,100,147,67,108,60,108,66,179,93,126,65,109,200,250,120,187,407,436,]
727,1,1,with_set,0.01,1,1,201,3,loop_limit,[190,17,8,1,2,2,4,2,1,1,3,2,2,1,2,2,1,1,3,1,2,2,1,2,2,2,1,2,4,1,2,1,1,1,2,1,1,1,1,1,2,2,1,1,3,2,2,1,2,2,4,2,1,2,4,3,2,1,2,2,3,1,1,2,2,2,2,2,1,2,2,2,2,2,3,1,1,1,2,2,1,2,1,1,2,1,2,2,1,1,2,1,1,1,2,1,3,1,3,1,2,1,2,2,1,2,2,2,2,2,1,2,3,2,4,2,3,1,3,1,1,1,2,2,1,2,4,2,4,2,2,2,4,2,1,2,2,2,2,1,1,2,1,2,1,1,2,1,1,2,1,1,3,3,1,2,2,1,2,1,2,2,1,1,1,1,2,1,3,1,2,2,1,1,1,2,3,2,1,1,1,2,1,1,1,2,3,1,3,3,2,1,2,2,1,1,2,2,2,2,3,]
732,1,1,with_set,0.01,1,1,201,24,loop_limit,[489,280,197,130,83,66,55,47,36,39,28,28,38,45,28,29,27,27,21,24,22,23,12,15,20,22,11,19,20,19,15,23,25,31,28,36,26,26,31,39,26,26,21,25,20,31,29,24,20,21,22,26,31,23,20,24,29,38,23,27,20,28,20,21,14,23,28,30,28,28,21,32,30,43,44,57,48,53,32,37,34,45,42,51,32,34,34,27,23,24,28,24,37,41,34,40,44,39,33,24,24,34,27,33,20,24,14,14,9,16,18,24,14,19,23,18,13,16,17,22,24,20,12,12,13,26,15,22,19,19,19,33,22,20,20,22,14,19,25,26,31,28,28,31,28,33,34,26,21,29,17,26,17,26,20,32,24,30,26,31,27,40,37,27,36,47,39,42,41,37,27,28,20,20,15,19,19,23,21,17,21,17,21,29,29,26,18,22,26,32,16,23,16,17,10,17,12,18,17,20,24,]
732,1,2,with_set,0.01,1,1,201,36,loop_limit,[489,268,184,140,84,74,95,81,70,77,70,53,65,52,59,58,49,50,57,48,46,46,31,37,32,38,24,29,21,23,17,21,26,34,29,32,33,31,23,34,28,37,31,33,27,34,21,25,17,28,31,41,36,24,17,20,19,23,24,34,37,41,31,38,34,31,23,43,28,34,28,28,33,28,31,34,22,19,16,8,17,15,15,23,22,21,27,22,28,29,28,40,42,41,46,55,53,51,30,38,30,36,34,33,28,24,25,23,16,19,21,23,15,23,22,25,30,45,40,34,15,19,17,30,28,30,31,28,29,35,45,47,45,35,35,32,24,20,24,33,22,25,29,36,28,29,25,18,19,24,22,31,17,19,21,19,16,22,22,32,28,29,23,25,22,12,14,19,13,23,14,12,14,23,23,29,31,37,29,28,36,34,25,30,24,27,28,32,34,25,19,23,22,18,24,31,20,28,27,33,36,]
732,1,2,with_set,0.05,5,5,201,37,loop_limit,[489,313,219,155,134,105,91,69,50,50,37,36,24,41,31,32,24,33,29,48,31,22,21,14,17,26,20,25,27,34,18,17,19,10,8,13,12,20,18,25,13,15,15,24,20,27,41,45,28,41,34,41,26,39,26,33,38,44,37,43,31,37,34,30,28,34,35,48,40,25,33,36,18,25,25,29,34,30,33,30,27,21,27,24,16,21,19,37,21,31,37,23,29,32,35,29,31,26,21,23,15,24,19,27,20,22,27,22,21,30,30,25,19,30,30,30,11,14,11,19,14,20,24,37,30,35,27,35,30,28,18,21,16,21,14,26,25,27,21,34,32,27,27,31,30,32,31,26,16,21,22,23,17,20,20,23,18,19,18,26,31,33,20,25,31,37,35,28,27,29,28,31,26,27,30,25,24,33,24,25,25,26,21,23,25,30,29,29,26,31,31,27,22,13,21,21,20,20,27,32,37,]
732,1,4,with_set,0.01,1,1,201,23,loop_limit,[489,259,147,112,90,75,60,75,54,47,31,35,31,25,31,33,22,30,30,24,16,14,15,36,37,32,38,41,37,40,40,35,27,33,30,24,27,31,27,27,27,27,28,35,25,28,27,28,23,26,23,22,20,25,25,37,30,29,30,37,26,30,24,37,21,34,28,35,23,26,25,34,44,42,43,45,21,27,30,35,37,43,28,23,19,28,27,26,21,31,23,27,29,30,32,38,30,55,43,58,44,34,38,37,33,37,24,20,24,24,13,19,15,22,13,15,21,21,17,21,10,10,20,12,8,14,11,10,12,19,13,24,26,35,21,34,38,37,42,38,25,26,24,33,28,34,33,38,30,26,26,23,20,27,28,42,23,23,30,33,37,31,13,14,9,9,13,21,17,19,10,10,14,19,20,19,24,12,13,14,9,13,20,26,22,24,21,24,16,21,15,18,27,37,32,47,26,38,24,36,23,]
732,1,4,with_set,0.05,5,5,201,17,loop_limit,[489,268,272,172,100,79,55,56,61,64,52,52,42,59,53,47,32,32,23,20,23,20,16,18,14,12,14,19,6,15,13,15,18,21,24,22,22,20,22,20,18,22,25,24,23,30,23,24,18,23,19,18,22,22,25,23,17,31,20,39,31,33,22,44,38,54,35,34,29,34,25,36,22,43,27,27,22,30,36,26,34,30,30,31,21,24,26,31,23,25,25,18,17,21,26,21,13,21,19,31,27,36,25,28,13,24,19,26,19,28,28,28,20,23,22,25,23,27,27,33,29,33,28,36,29,37,43,40,27,31,31,29,31,27,21,17,15,22,24,27,23,17,24,22,28,35,41,35,42,44,52,53,43,38,24,30,26,23,24,37,38,26,30,37,26,28,22,29,36,49,36,33,36,30,13,21,23,30,26,27,30,20,22,31,26,32,30,34,32,41,34,36,26,35,18,16,17,27,23,24,17,]
732,1,8,with_set,0.01,1,1,201,34,loop_limit,[489,313,195,237,212,150,129,103,66,65,45,46,52,57,56,59,63,72,47,51,46,52,48,37,27,26,49,44,31,30,26,21,23,21,18,19,17,24,17,17,18,23,20,29,24,18,22,23,25,32,22,27,26,22,28,24,21,24,28,33,29,47,50,39,31,44,34,37,41,43,34,42,34,50,36,35,37,23,25,29,23,32,30,23,27,26,19,28,26,29,30,40,49,41,22,29,28,42,30,31,25,38,35,38,28,23,22,25,27,27,16,16,13,8,9,15,15,21,23,20,11,19,8,8,12,19,18,29,25,45,44,39,39,40,39,40,41,47,30,34,30,35,28,34,41,47,33,26,27,29,35,34,29,30,39,27,23,26,28,24,25,29,24,20,17,17,17,21,20,20,18,19,12,16,13,18,30,44,34,34,16,18,18,20,23,36,28,19,25,30,29,22,25,22,27,27,27,48,33,48,34,]
732,1,8,with_set,0.05,5,5,201,15,loop_limit,[489,313,294,208,199,127,92,177,102,84,63,74,69,70,65,44,47,59,53,43,30,24,28,38,23,29,28,23,17,23,24,21,9,22,18,21,28,29,27,30,25,39,32,34,24,25,32,25,32,24,26,29,14,25,15,24,21,17,10,13,18,29,22,24,18,16,8,13,12,16,13,15,20,23,25,23,23,38,20,27,17,35,27,25,23,14,19,16,18,25,27,21,19,21,25,30,12,11,15,23,15,22,18,28,22,28,20,26,19,20,17,20,18,20,17,15,18,21,18,21,24,31,24,39,24,27,22,30,11,13,11,28,22,25,17,21,13,23,25,27,32,30,20,28,28,23,24,33,27,18,27,35,36,40,47,43,31,37,39,37,39,46,41,41,19,18,19,20,21,22,22,24,26,31,15,18,19,19,26,23,25,19,20,20,17,25,19,27,23,26,25,26,32,33,22,17,14,16,11,14,15,]
732,1,16,with_set,0.01,1,1,201,55,loop_limit,[489,289,265,289,212,164,99,126,134,115,77,68,65,57,78,58,47,117,84,54,55,46,40,45,40,52,49,119,74,66,44,37,35,45,38,45,30,35,28,18,13,24,16,21,21,34,25,37,29,41,44,49,50,59,27,27,20,24,21,28,19,40,23,24,64,57,56,41,32,29,33,45,34,41,27,38,43,93,50,64,49,60,61,65,39,40,30,30,62,46,48,54,40,48,44,45,31,38,36,40,39,39,21,23,30,19,25,30,32,26,28,40,36,37,29,40,36,47,33,35,27,33,32,33,27,23,54,50,35,36,35,34,30,36,37,31,23,23,13,11,18,26,16,17,19,22,19,23,22,34,27,32,25,20,21,28,33,27,29,32,22,23,40,26,24,27,24,27,23,16,12,15,13,16,18,28,26,31,32,30,24,31,28,24,23,38,32,30,33,32,22,30,29,39,32,22,13,21,24,62,55,]
732,1,16,with_set,0.05,5,5,201,22,loop_limit,[489,280,183,155,136,162,111,99,71,80,66,52,49,53,42,40,56,40,26,27,22,28,18,26,24,34,28,25,25,21,15,18,11,15,8,16,11,18,12,11,13,23,23,19,23,27,16,25,41,41,31,32,27,39,34,49,40,47,40,39,37,34,31,35,41,39,31,48,35,52,50,45,32,37,24,68,42,53,56,48,47,113,45,60,29,46,29,78,41,80,46,46,47,54,37,41,48,52,35,34,26,32,27,34,23,25,24,31,37,48,57,51,43,47,49,36,45,37,81,73,39,40,31,36,25,38,24,41,32,36,22,29,30,24,26,24,17,24,24,23,25,25,22,30,12,22,19,26,28,34,20,26,22,28,28,45,27,39,22,26,26,34,20,33,36,46,32,50,32,30,28,33,33,32,33,43,20,24,19,24,31,27,11,19,18,25,19,17,19,28,22,26,13,21,21,29,31,31,28,35,22,]
732,2,1,with_set,0.01,2,2,201,4,loop_limit,[489,188,55,34,10,17,7,10,5,7,3,4,4,7,7,10,3,7,3,6,3,5,2,7,7,6,2,7,2,3,3,5,2,3,7,9,5,7,3,7,4,4,3,4,7,7,7,4,4,5,4,7,3,4,4,4,5,6,9,5,5,9,5,5,4,8,5,5,3,5,4,4,7,6,5,10,7,4,3,9,4,7,4,6,3,5,4,4,5,9,4,6,2,4,3,4,3,4,2,4,5,7,7,10,5,6,9,5,2,7,2,4,2,6,2,3,3,6,8,4,4,4,7,10,5,4,3,7,3,4,2,7,7,9,3,10,7,10,5,11,8,8,4,7,2,7,3,10,5,4,2,7,4,7,3,5,4,10,5,7,3,7,4,6,5,4,2,5,3,5,2,9,3,4,4,7,2,5,7,3,4,3,7,9,8,4,4,7,4,7,4,10,5,9,5,9,6,6,3,6,4,]
732,2,2,with_set,0.01,2,2,201,8,loop_limit,[489,158,54,30,12,13,5,7,2,4,3,7,3,5,2,9,5,7,3,8,4,10,3,4,2,5,2,4,3,5,3,8,5,5,3,6,2,9,5,7,2,4,2,9,3,5,4,4,2,5,3,7,5,8,7,3,7,3,4,7,3,10,5,7,5,5,3,6,3,7,5,6,7,10,3,4,5,5,2,9,4,11,7,6,7,9,4,8,8,6,2,3,3,4,2,6,9,6,2,4,3,4,3,4,7,6,3,6,3,10,5,7,7,6,7,4,3,10,7,6,6,7,4,8,4,5,2,6,2,5,4,9,4,4,4,3,3,4,3,5,7,4,4,7,3,4,2,3,3,7,5,9,2,6,8,9,2,4,7,9,8,10,6,4,3,8,3,6,3,9,3,8,3,5,2,3,3,5,2,3,5,4,3,6,3,7,3,5,7,10,3,5,3,9,5,7,2,5,3,7,8,]
732,2,4,with_set,0.01,2,2,201,4,loop_limit,[489,188,67,42,16,6,3,5,3,7,2,5,3,7,3,9,4,11,7,3,2,7,3,6,6,6,6,7,6,6,3,5,2,4,3,4,3,7,7,7,3,7,2,4,3,8,4,8,6,8,4,5,3,5,2,7,4,9,5,7,7,9,5,7,5,7,4,7,4,7,2,4,2,7,3,5,5,7,2,7,4,6,5,4,7,7,4,5,4,7,6,11,3,9,6,9,6,10,5,7,2,9,4,11,7,3,3,4,7,7,7,7,3,4,3,7,4,11,6,10,3,5,6,5,2,3,3,10,5,5,3,9,2,7,2,7,2,4,3,5,5,8,5,9,3,3,4,9,4,11,3,5,3,6,3,7,4,5,4,5,2,4,3,6,3,4,7,8,8,10,3,9,7,7,2,6,8,8,4,7,2,3,3,10,3,9,4,7,6,10,3,12,7,5,2,5,7,9,5,4,4,]
733,1,8,with_set,0.01,1,1,201,10,loop_limit,[691,67,85,13,19,9,17,7,9,8,9,5,6,5,8,5,19,6,9,6,10,9,18,8,13,7,22,9,11,6,14,8,13,9,18,10,15,9,17,9,18,6,9,7,8,5,8,7,6,5,8,5,6,7,12,6,9,7,13,5,8,7,14,6,12,5,6,6,8,6,19,6,10,7,10,9,22,7,10,5,10,6,13,6,14,6,11,8,11,6,9,5,19,9,8,5,8,6,9,9,15,13,12,5,10,6,12,5,8,5,8,6,12,7,11,6,9,5,10,5,8,6,19,7,9,9,17,10,12,6,8,5,10,9,27,14,14,6,19,9,8,6,8,7,10,6,9,5,8,5,11,7,8,5,8,7,16,7,10,6,13,7,9,5,19,9,13,8,20,9,13,8,7,5,8,5,8,6,12,6,9,9,22,9,11,9,28,9,11,7,20,9,10,5,8,6,8,5,8,8,10,]
733,1,16,with_set,0.01,1,1,201,12,loop_limit,[691,94,328,35,38,10,14,6,14,6,7,7,9,5,19,6,10,7,16,6,8,5,6,5,19,6,12,6,13,7,13,9,13,5,19,9,11,6,8,9,16,9,17,7,8,5,10,6,12,7,12,6,9,6,10,6,9,7,10,6,8,5,8,5,8,7,10,5,8,5,8,5,6,5,8,7,10,6,19,6,10,5,10,7,10,5,8,6,8,5,8,11,13,8,8,5,8,5,6,5,19,6,7,5,8,5,8,6,10,9,19,7,9,5,8,6,13,9,18,7,22,7,11,7,12,6,9,6,9,6,8,5,11,5,8,6,8,5,8,6,9,6,14,5,19,9,21,7,6,5,8,5,19,9,8,6,10,7,21,6,9,5,6,5,19,6,14,10,20,10,24,9,28,7,10,9,10,6,9,9,22,9,21,6,7,5,8,6,14,6,14,5,10,6,12,9,23,8,23,6,12,]
741,1,1,with_set,0.05,5,5,201,6,loop_limit,[85,23,7,12,6,12,6,9,8,12,7,14,6,13,8,11,7,9,6,14,6,9,8,10,6,14,6,11,6,11,8,10,7,11,6,11,8,11,6,13,7,12,8,11,8,10,8,11,7,11,6,13,7,13,6,11,7,10,9,11,7,14,8,14,6,9,6,11,8,10,6,9,6,13,6,11,7,13,7,11,6,9,6,11,8,11,8,11,7,10,8,10,7,10,7,13,7,11,7,11,6,14,7,9,7,11,6,12,6,9,6,9,8,11,7,13,6,12,6,13,6,9,8,11,8,9,6,14,6,13,6,14,6,12,6,14,8,14,6,11,8,15,6,13,7,10,7,15,6,13,8,13,6,11,8,11,7,9,7,13,8,10,6,13,8,14,8,11,8,11,8,13,7,11,7,12,8,14,7,9,6,9,7,11,8,12,7,11,8,11,7,14,6,9,6,14,7,13,6,14,6,]
741,1,2,with_set,0.01,1,1,201,9,loop_limit,[85,24,7,11,6,14,8,14,6,12,7,11,8,14,8,14,6,9,6,14,6,9,6,9,7,15,8,11,6,11,6,9,8,10,7,11,8,11,8,11,7,11,6,12,8,11,8,11,7,10,7,10,6,11,7,9,7,10,7,11,6,13,7,14,7,13,7,10,8,10,9,11,9,10,8,14,6,13,6,9,6,11,7,13,6,9,8,13,6,11,7,11,7,14,8,13,6,12,6,9,6,9,6,12,6,11,6,14,8,12,6,12,6,14,7,12,6,11,7,11,8,9,8,11,8,13,6,11,7,11,8,12,6,14,8,10,7,10,6,11,7,10,8,10,6,11,6,12,7,12,6,9,6,9,6,11,7,9,7,9,7,13,6,11,7,13,7,14,7,11,7,13,7,11,7,13,6,11,8,10,8,11,8,13,7,10,7,11,7,14,7,9,6,13,7,10,7,11,7,10,9,]
741,1,2,with_set,0.05,5,5,201,8,loop_limit,[85,24,12,10,7,11,7,10,8,12,8,10,7,11,6,9,6,11,6,9,6,13,6,12,6,14,8,11,6,11,7,9,7,11,6,11,6,11,7,14,8,14,9,11,6,13,7,10,6,11,7,11,6,13,6,11,6,14,6,11,7,13,7,13,8,14,7,11,7,13,9,11,6,11,7,11,7,9,8,11,7,10,6,12,8,11,6,11,9,14,7,11,8,11,6,13,8,11,8,10,7,13,8,13,7,14,7,10,7,9,7,13,6,11,8,12,7,11,7,13,8,11,6,13,7,11,7,14,8,11,6,9,6,14,8,11,8,11,7,9,7,13,7,13,9,13,7,10,6,11,6,13,8,11,6,12,6,11,8,9,6,12,8,11,7,9,6,13,6,11,7,9,6,11,6,9,7,13,8,11,8,14,7,13,8,9,6,12,6,9,7,14,8,13,8,14,6,13,7,11,8,]
741,1,8,with_set,0.05,5,5,201,7,loop_limit,[85,23,7,14,6,13,7,13,6,11,6,9,8,14,8,14,6,9,6,14,6,12,6,14,6,11,8,11,8,11,7,10,8,11,7,11,7,13,6,9,8,10,8,10,6,12,6,14,7,12,7,10,8,11,6,14,6,14,8,11,6,13,8,12,6,11,7,11,8,11,7,10,8,10,8,13,6,11,6,13,8,11,8,11,6,9,7,13,7,11,8,11,6,12,7,11,6,13,7,11,8,11,8,9,6,14,6,9,7,13,6,14,6,12,6,12,7,13,6,9,6,11,7,9,6,9,7,12,6,11,7,9,6,11,6,11,7,9,6,14,7,15,8,11,6,9,7,13,6,11,8,9,8,10,8,13,6,11,8,11,6,9,7,12,6,11,8,15,8,13,8,15,6,13,7,13,8,10,6,11,9,14,7,15,6,13,8,11,6,9,6,11,7,11,6,11,7,9,8,14,7,]
741,1,16,with_set,0.01,1,1,201,6,loop_limit,[85,24,18,16,7,15,8,12,7,11,7,9,7,10,8,15,8,11,8,11,7,13,7,14,6,14,6,9,6,12,6,9,8,9,6,11,7,11,8,14,6,14,6,11,6,14,7,11,6,11,7,14,6,13,7,11,7,15,7,11,6,11,7,11,6,9,6,9,6,13,6,11,7,11,8,10,8,14,6,11,7,12,6,12,6,11,6,11,8,11,7,13,8,11,6,13,8,14,6,11,7,9,6,13,6,11,6,11,8,14,6,11,6,11,7,11,7,14,6,12,6,12,8,10,8,11,9,11,7,10,7,9,7,14,7,12,6,9,6,11,8,11,6,13,7,13,7,10,6,12,6,11,6,9,6,11,6,11,7,13,8,10,8,15,8,9,7,9,7,14,7,11,6,12,8,14,9,12,6,11,8,14,8,12,6,13,7,13,6,12,6,13,6,11,8,13,7,11,7,14,6,]
743,1,1,with_set,0.01,1,1,201,2,loop_limit,[246,41,18,5,8,7,7,4,4,3,4,6,2,2,2,2,4,2,3,6,6,4,7,6,3,3,2,2,2,2,2,3,2,6,3,6,4,4,3,2,4,2,2,2,2,3,2,2,4,2,3,3,3,6,3,6,2,2,2,3,4,6,3,2,2,2,2,6,2,2,3,6,4,5,2,6,2,6,3,3,2,6,2,2,4,4,4,3,5,7,6,3,2,2,2,2,3,2,2,2,3,6,4,2,2,3,2,6,3,2,4,2,2,2,2,6,2,3,2,2,2,6,2,6,3,2,3,3,4,3,5,3,3,6,2,2,4,6,3,3,2,6,7,4,2,2,2,2,3,6,3,2,4,4,4,3,4,6,2,3,4,6,3,2,2,2,2,6,3,3,4,3,4,6,3,3,2,2,2,6,5,3,4,3,2,2,2,6,3,2,2,6,2,6,3,2,2,6,2,2,2,]
744,1,4,with_set,0.01,1,1,201,6,loop_limit,[184,48,21,6,7,4,5,5,7,5,7,5,6,5,4,3,4,5,5,5,5,4,4,5,6,3,6,4,6,3,4,4,4,5,5,4,5,4,6,4,6,4,4,3,6,6,7,3,4,5,6,4,6,5,8,6,7,4,4,4,6,4,4,4,6,3,4,5,4,3,4,6,7,6,4,4,6,4,4,3,4,4,4,4,4,5,5,4,6,5,6,4,4,4,4,3,4,6,4,5,6,3,6,7,4,6,4,4,4,4,4,5,5,4,6,5,6,3,4,4,4,4,6,4,5,7,5,4,5,5,6,6,5,5,3,4,6,3,4,4,3,4,6,7,7,4,4,4,6,6,4,4,3,4,5,7,8,7,7,6,8,8,5,3,4,4,4,3,3,5,4,4,5,6,6,5,4,3,4,3,6,3,4,5,4,5,5,4,6,6,4,4,5,4,6,3,3,4,4,3,6,]
749,1,1,with_set,0.01,1,1,201,19,loop_limit,[255,71,45,22,20,16,16,11,15,12,15,11,14,7,13,12,13,10,14,11,13,10,15,15,16,14,14,7,14,15,15,12,17,8,13,12,17,11,14,11,18,9,14,12,17,10,13,10,12,8,13,14,17,14,15,10,16,11,17,11,14,10,14,10,19,10,13,11,16,7,12,10,13,12,15,10,15,11,13,10,12,13,20,14,17,14,16,7,10,7,13,7,13,12,18,14,17,16,19,12,18,13,13,11,17,11,16,11,14,10,19,14,12,10,14,13,16,11,16,13,13,10,14,14,15,9,12,7,15,12,15,13,14,10,15,10,16,13,14,15,16,12,15,11,14,10,15,10,15,14,14,14,15,12,15,10,17,10,17,16,18,11,14,7,10,10,14,14,12,14,15,12,16,13,15,11,14,8,12,13,13,11,16,13,15,11,14,11,14,10,14,9,13,8,15,9,13,12,19,13,19,]
749,1,1,with_set,0.05,5,5,201,15,loop_limit,[255,63,39,26,24,10,12,12,19,12,17,13,14,11,14,13,14,11,16,10,14,13,19,12,16,8,15,13,18,11,13,10,14,14,15,12,14,12,15,13,20,11,14,12,16,11,15,10,13,12,15,11,14,13,20,16,17,11,13,13,14,8,12,8,14,14,16,10,16,15,16,12,21,14,21,12,14,12,15,11,16,12,16,7,13,13,19,14,19,14,17,11,15,14,13,10,12,13,15,10,17,13,14,9,15,9,13,11,17,9,17,15,15,15,14,11,16,14,20,15,23,15,14,13,17,11,14,10,15,12,15,10,12,11,13,12,11,10,12,11,13,10,13,10,13,11,16,12,15,13,13,10,13,12,15,9,13,10,13,11,17,9,17,14,16,11,16,8,10,9,14,7,14,9,15,12,18,10,10,12,13,12,15,12,13,10,19,16,16,15,17,11,13,12,13,14,16,10,19,10,15,]
749,1,2,with_set,0.01,1,1,201,19,loop_limit,[255,63,40,27,25,13,15,7,12,13,14,10,15,11,13,10,15,15,16,11,16,12,16,12,17,13,16,9,10,10,14,10,13,11,16,11,15,11,16,11,14,11,19,9,11,11,17,12,18,14,21,11,17,12,17,15,20,14,14,14,16,7,15,10,13,12,14,9,16,10,15,10,16,14,23,15,20,9,16,11,16,14,19,14,18,14,15,14,15,13,14,14,17,8,15,9,14,12,13,11,13,10,12,9,15,12,16,11,15,15,16,15,16,13,20,12,13,13,13,13,16,11,17,12,16,11,17,15,15,10,17,11,16,11,14,12,15,10,14,8,14,9,12,10,11,7,14,9,15,12,15,12,20,12,14,13,13,14,16,7,15,8,15,9,13,12,15,9,14,13,19,8,12,12,16,13,14,8,14,9,15,11,16,8,15,10,15,12,15,14,19,11,16,15,14,14,16,15,16,10,19,]
749,1,2,with_set,0.05,5,5,201,15,loop_limit,[255,71,50,39,36,15,21,11,16,15,13,9,13,13,16,14,19,12,16,8,12,10,13,12,13,12,16,12,15,11,13,13,16,11,16,11,15,12,17,9,17,11,13,8,12,11,15,12,18,14,21,12,18,15,20,10,15,8,13,8,15,11,15,9,14,12,15,7,13,7,12,12,13,13,14,16,17,12,18,16,17,15,26,11,23,15,26,20,24,12,17,14,15,13,20,12,17,14,17,11,19,12,15,8,16,11,15,7,14,14,16,16,15,17,16,11,19,13,18,14,17,11,17,10,16,12,13,11,15,8,15,9,12,9,12,9,13,10,15,10,12,12,13,13,19,17,15,14,16,10,14,10,14,10,16,10,14,12,12,7,14,11,16,10,12,10,14,7,10,7,13,7,13,7,14,9,16,10,15,14,14,11,16,10,15,8,10,8,14,11,16,12,14,7,15,12,13,12,19,12,15,]
749,1,4,with_set,0.01,1,1,201,16,loop_limit,[255,71,60,35,31,20,27,15,18,11,17,10,12,11,13,12,11,10,17,10,13,10,16,11,19,11,16,14,13,10,15,7,10,10,12,10,14,10,15,15,15,8,12,12,16,13,15,9,16,13,16,9,13,12,17,11,16,12,13,7,14,7,14,7,15,12,16,11,15,14,15,11,13,7,12,10,13,12,15,11,15,15,21,17,17,10,14,7,12,13,13,10,13,12,15,9,11,10,15,11,15,11,19,13,15,11,13,9,13,12,13,10,15,9,15,10,14,9,12,13,13,13,17,12,13,12,13,11,17,12,16,14,17,8,13,12,13,9,15,10,16,15,15,12,15,12,13,12,15,12,13,11,16,10,13,10,11,10,13,9,13,12,13,12,15,14,16,12,15,11,15,15,17,14,14,8,15,8,12,8,16,12,11,10,11,11,18,11,12,13,15,9,12,8,12,7,12,7,13,10,16,]
749,1,4,with_set,0.05,5,5,201,15,loop_limit,[255,71,50,25,40,25,20,10,19,9,12,13,13,17,16,11,13,11,12,10,14,11,18,11,13,12,19,12,19,10,14,9,10,7,10,10,13,12,15,10,13,10,15,10,14,11,18,8,15,9,10,10,17,17,17,14,18,16,14,13,14,13,19,12,19,10,15,14,13,12,18,14,15,12,13,12,14,13,16,14,19,13,19,14,17,13,14,11,15,9,17,11,13,8,12,7,13,10,16,11,16,12,13,13,19,15,18,14,20,14,13,9,15,12,15,11,15,14,19,13,13,11,16,7,10,11,13,13,20,9,17,7,15,11,16,11,14,7,10,8,15,9,13,13,12,10,13,8,10,11,13,13,19,12,13,12,15,11,13,11,15,14,19,10,12,10,14,11,15,10,13,11,16,11,14,7,12,7,14,11,16,15,19,15,19,12,16,13,14,14,20,9,14,11,16,12,18,14,18,12,15,]
749,1,8,with_set,0.01,1,1,201,13,loop_limit,[255,77,45,23,24,18,21,14,20,12,17,11,15,11,16,13,18,13,20,8,12,11,18,13,19,14,17,9,15,10,13,13,15,14,15,10,16,8,14,10,13,11,16,11,13,13,13,11,14,10,14,11,15,11,15,10,14,12,15,10,15,12,13,11,13,12,16,12,15,10,15,12,19,9,17,7,10,12,18,13,13,12,16,12,14,12,13,12,16,11,13,13,16,10,16,11,16,10,13,10,13,8,12,7,10,10,16,10,16,11,19,10,17,15,15,13,20,13,13,10,19,16,16,11,16,8,12,8,12,7,12,9,12,14,18,13,18,12,20,9,14,14,19,14,13,14,20,13,14,8,12,12,15,15,17,11,14,11,14,10,15,9,13,8,15,12,13,13,20,10,14,13,13,14,15,12,16,8,15,11,16,14,13,14,13,12,14,8,18,14,17,9,16,11,15,11,16,14,15,13,13,]
749,1,8,with_set,0.05,5,5,201,19,loop_limit,[255,77,47,14,17,13,13,11,16,11,14,10,14,14,12,11,13,10,14,11,16,14,20,14,20,14,15,10,15,17,20,17,18,15,15,13,14,14,17,16,19,15,17,9,16,12,16,13,15,13,13,7,13,12,15,9,12,12,13,10,14,12,14,13,16,13,15,8,12,13,13,11,15,11,15,7,12,12,13,13,16,12,13,14,17,12,13,11,16,16,17,14,17,14,15,14,15,9,15,12,19,14,15,10,17,12,17,11,15,14,15,15,20,11,14,7,15,8,15,14,19,11,18,14,14,7,12,7,14,9,16,13,14,10,12,12,18,14,16,10,13,12,14,9,15,12,15,10,15,11,15,10,17,13,15,12,20,9,15,11,15,10,16,7,15,12,16,8,12,12,16,12,13,12,15,15,14,14,17,14,16,8,12,10,12,12,15,15,15,8,13,12,13,10,15,10,14,14,15,10,19,]
749,1,16,with_set,0.05,5,5,201,13,loop_limit,[255,77,47,22,28,17,16,9,13,8,12,13,19,13,15,10,17,17,19,11,16,14,16,15,14,10,19,11,16,11,16,10,14,15,13,12,15,8,16,11,13,10,19,11,16,13,13,13,16,14,15,10,15,9,12,11,15,8,15,9,15,13,15,11,17,17,17,14,15,11,16,11,13,11,12,12,11,10,15,12,18,12,13,12,19,19,17,15,16,12,16,7,13,12,18,13,15,8,13,8,15,11,15,13,15,12,16,12,13,11,13,10,16,12,16,8,12,12,13,13,15,15,17,12,16,12,16,12,15,11,16,12,19,12,17,11,17,11,16,15,16,12,13,7,14,7,15,12,15,9,15,9,11,7,12,8,12,12,16,19,18,10,14,11,16,16,16,11,18,12,14,10,12,9,13,8,12,10,16,12,13,11,14,10,14,9,15,10,15,10,14,12,16,12,16,11,13,8,16,11,13,]
754,1,1,with_set,0.01,1,1,201,208,loop_limit,[839,461,452,283,311,236,234,191,220,188,238,197,237,180,198,176,214,169,240,191,228,205,228,177,198,174,220,169,199,157,205,178,263,196,251,203,241,211,249,203,245,179,230,198,213,148,210,172,192,191,234,203,236,210,225,217,267,219,246,201,263,186,232,221,287,236,260,194,238,173,239,198,234,174,227,186,232,183,200,174,208,153,188,160,238,212,243,231,281,212,267,214,251,213,249,206,246,214,262,200,255,198,219,160,203,182,220,226,247,208,258,188,215,179,189,167,206,175,192,186,211,179,211,151,240,185,225,208,245,199,227,180,220,208,235,188,224,186,199,181,209,163,184,163,219,203,263,202,231,177,221,208,244,203,267,188,221,190,258,200,219,212,242,201,264,212,266,189,235,218,248,207,222,159,216,182,238,193,261,173,274,218,253,252,281,210,259,196,262,194,244,206,229,198,224,165,218,161,203,174,208,]
754,1,1,with_set,0.05,5,5,201,227,loop_limit,[839,410,413,342,372,325,374,259,268,200,230,228,265,220,225,210,248,201,271,200,250,205,233,171,210,170,217,194,216,191,236,185,221,171,214,207,219,182,237,195,270,195,224,188,216,209,268,239,261,200,252,208,225,169,216,200,257,194,253,216,262,244,262,176,248,190,225,171,220,197,220,160,187,180,219,182,205,148,216,202,278,216,271,236,259,178,216,168,207,173,205,164,226,194,219,189,234,192,237,201,239,201,230,207,276,207,232,170,215,167,216,178,211,173,206,178,212,173,222,179,197,156,172,172,182,196,244,205,211,165,212,187,223,136,217,182,247,210,261,214,275,207,229,212,209,205,232,188,233,170,230,176,218,178,211,161,229,182,216,190,218,201,237,178,228,205,233,195,235,211,255,220,274,210,231,223,262,217,239,211,250,200,224,224,267,220,262,216,233,226,253,203,206,168,204,166,208,202,276,201,227,]
754,1,1,with_set,0.1,11,11,201,254,loop_limit,[839,410,417,308,343,329,330,260,297,245,297,219,255,210,286,245,282,233,283,195,212,183,223,159,223,189,219,191,224,214,239,200,225,171,183,199,229,183,214,192,214,164,204,200,218,184,221,219,269,214,247,206,252,227,237,200,225,186,261,179,255,217,247,190,213,169,201,172,195,194,195,172,205,205,235,166,211,156,207,182,198,189,213,172,204,191,219,168,214,167,229,195,265,208,223,201,214,199,246,171,245,221,260,199,227,184,244,198,241,152,196,168,211,200,225,189,215,190,236,188,237,183,242,207,216,192,217,165,235,186,201,184,253,193,226,155,206,160,191,170,208,167,200,160,181,177,215,155,206,162,196,181,229,181,265,193,285,222,253,204,264,180,264,196,206,171,250,247,269,221,254,209,286,222,240,200,233,164,259,208,240,209,214,205,273,205,273,214,219,165,224,195,248,188,221,163,232,159,201,178,254,]
754,1,1,with_set,0.25,28,28,201,231,loop_limit,[839,453,418,296,331,257,327,238,295,249,276,216,305,226,264,220,257,218,254,227,271,195,216,170,220,191,222,169,221,185,223,190,241,194,231,189,255,181,217,185,262,184,246,209,222,201,245,205,252,174,261,217,271,207,238,197,253,211,294,211,294,255,287,223,322,235,265,208,215,159,193,185,202,193,199,177,248,186,207,193,273,216,243,187,229,173,199,186,191,167,193,170,239,185,247,200,304,233,278,229,246,181,220,179,219,185,217,189,233,190,239,200,221,179,234,196,247,203,233,213,243,190,232,188,222,175,218,197,238,195,203,167,232,211,236,193,268,218,247,234,239,191,219,191,233,199,215,192,277,192,230,199,238,183,252,204,298,227,265,230,254,201,247,193,219,209,253,196,239,185,240,206,238,205,233,182,261,235,280,247,290,265,301,257,299,254,308,224,332,219,292,223,243,180,230,191,252,194,222,185,231,]
754,1,2,with_set,0.01,1,1,201,217,loop_limit,[839,439,441,290,314,303,336,310,344,244,280,220,266,230,274,214,255,208,243,164,234,195,224,180,213,179,224,176,214,168,206,165,177,145,194,150,224,168,186,161,226,189,217,187,239,218,251,248,265,223,249,206,225,187,222,197,231,209,279,188,239,186,220,184,185,160,203,170,225,193,207,200,190,182,220,205,229,192,247,229,249,209,266,183,214,162,191,144,213,185,242,200,222,186,218,181,224,190,233,193,242,196,219,189,207,197,230,196,237,211,258,177,229,206,241,218,252,183,214,184,200,195,250,200,230,192,211,182,232,198,253,197,230,210,245,202,224,164,193,144,213,169,198,185,199,164,199,164,209,195,244,197,242,189,221,174,207,196,218,173,230,232,286,214,265,177,215,182,231,180,250,193,227,186,262,223,257,201,229,173,186,166,201,175,175,166,189,174,194,138,176,172,222,210,261,202,228,183,220,184,217,]
754,1,2,with_set,0.05,5,5,201,269,loop_limit,[839,441,420,278,296,238,269,185,225,203,223,150,235,203,238,181,218,174,260,248,312,262,252,200,241,221,260,199,236,205,268,225,263,201,222,190,228,193,236,192,235,217,271,220,264,192,228,195,246,206,228,176,269,230,282,231,309,279,270,264,315,273,299,246,270,232,255,207,237,198,231,220,253,177,215,186,226,190,220,201,228,195,207,171,265,204,236,202,278,228,260,251,301,246,256,163,207,181,211,201,239,172,247,215,223,178,203,194,232,214,233,192,215,183,223,152,206,178,208,188,248,186,213,200,229,244,267,190,256,217,271,221,261,184,229,203,248,185,218,170,223,201,240,182,235,188,226,211,275,207,238,209,217,189,200,181,203,210,251,175,238,205,234,183,227,216,225,165,215,186,215,174,222,198,224,182,228,199,244,200,242,224,272,222,304,217,255,215,282,249,293,240,248,228,269,207,244,203,241,219,269,]
754,1,2,with_set,0.1,11,11,201,184,loop_limit,[839,410,419,279,282,222,265,216,247,211,251,197,291,206,226,182,214,188,213,173,214,169,186,146,196,160,207,172,204,157,205,148,198,169,191,186,215,207,247,233,287,220,238,203,243,199,228,178,205,197,228,199,253,186,233,181,218,181,222,176,241,198,220,192,272,182,279,182,240,187,235,202,225,186,251,184,283,207,259,239,264,231,259,202,242,205,254,200,226,188,263,188,263,207,230,211,234,198,256,193,220,215,260,240,260,229,241,188,219,215,219,190,223,214,263,203,269,203,220,218,206,150,195,147,157,143,177,162,187,172,218,195,222,184,235,189,261,190,231,218,294,231,255,185,217,229,247,193,190,195,216,192,229,178,231,195,242,215,241,211,233,184,232,167,205,186,223,193,206,205,228,176,219,208,235,195,209,179,192,174,193,167,212,155,196,161,199,144,173,162,188,164,211,181,213,175,214,208,214,171,184,]
754,1,2,with_set,0.25,28,28,201,197,loop_limit,[839,459,541,354,392,351,347,268,372,278,308,275,316,242,275,227,281,206,250,193,241,204,188,186,181,129,187,147,178,144,171,165,218,160,257,254,279,185,221,190,231,181,234,171,206,173,218,190,209,208,254,199,273,183,226,188,227,182,242,180,208,197,209,179,225,204,234,190,263,204,309,204,237,197,236,209,263,210,273,228,274,216,263,189,223,200,273,236,241,208,245,170,226,203,232,174,208,210,208,191,234,175,204,201,226,198,222,194,239,202,234,165,256,215,251,194,277,236,287,202,273,192,226,195,237,174,224,171,200,176,223,177,219,176,224,221,269,200,224,196,238,202,257,204,262,231,253,213,257,191,258,200,258,212,237,163,205,182,210,183,217,189,253,223,230,195,264,173,224,173,265,218,263,240,281,217,248,189,246,168,207,163,237,204,226,207,235,186,222,175,199,169,226,220,241,202,247,186,204,168,197,]
754,1,4,with_set,0.01,1,1,201,294,loop_limit,[839,527,481,330,296,204,262,210,374,254,290,236,254,328,350,309,486,300,333,249,320,217,270,226,261,222,261,200,241,199,250,180,201,183,213,186,232,216,233,231,289,207,217,205,199,184,230,157,214,202,214,191,196,306,311,285,313,266,341,266,341,235,307,243,350,298,316,215,238,198,298,226,305,220,268,217,265,249,397,282,300,224,248,196,244,195,223,179,354,249,285,242,278,229,256,219,241,213,242,250,242,174,190,265,290,231,303,337,353,274,353,248,311,205,241,213,256,184,216,192,216,194,234,177,242,206,253,201,234,221,226,192,195,165,199,182,197,250,274,191,246,287,325,228,333,323,363,280,334,237,291,363,364,263,355,280,313,241,309,238,280,236,286,239,254,225,262,205,241,211,231,200,236,192,235,208,246,304,326,216,275,247,243,229,243,202,254,188,218,199,213,190,198,155,293,216,258,205,253,210,294,]
754,1,4,with_set,0.05,5,5,201,222,loop_limit,[839,453,428,273,382,431,422,322,524,362,374,295,531,312,316,235,279,203,223,184,238,184,233,206,288,223,244,209,223,199,221,198,222,210,312,233,255,201,231,209,226,187,232,203,246,203,243,203,236,221,226,225,272,208,253,189,224,182,205,193,217,173,190,174,241,185,236,200,228,272,392,278,365,278,502,331,360,269,297,244,288,237,250,207,231,187,219,185,254,208,268,190,307,260,488,326,337,309,380,268,304,249,316,390,372,282,288,293,288,228,388,286,374,286,367,257,350,257,298,208,272,203,219,195,416,269,516,362,375,345,352,327,353,244,358,259,288,224,252,201,282,206,277,220,239,215,256,248,278,189,242,225,260,208,213,186,234,217,224,199,240,195,234,195,234,217,246,194,224,171,221,187,186,160,226,175,225,200,224,186,205,191,225,186,261,336,391,370,369,287,300,245,363,244,287,221,281,227,269,183,222,]
754,1,4,with_set,0.1,11,11,201,305,loop_limit,[839,410,407,306,556,337,355,301,324,241,288,274,298,243,316,243,242,240,275,210,255,213,239,217,242,208,234,312,325,223,305,244,339,238,296,234,295,210,328,253,303,211,246,312,317,246,272,199,240,201,225,176,206,180,242,166,259,230,236,176,233,203,235,197,369,284,291,226,298,226,242,198,217,204,241,198,245,223,235,209,233,187,203,177,186,193,272,241,274,304,335,258,284,356,355,394,415,259,298,210,265,222,266,188,267,330,330,212,241,216,231,224,255,173,234,194,251,237,247,192,280,224,253,219,236,233,236,233,288,220,271,213,404,287,336,242,302,229,268,246,269,232,276,258,308,233,249,217,231,196,352,246,291,225,303,216,260,208,264,220,257,227,255,251,317,251,460,327,595,382,400,302,340,265,273,249,272,224,376,248,282,355,369,288,311,250,267,226,274,268,465,312,322,313,339,257,513,447,391,286,305,]
754,1,4,with_set,0.25,28,28,201,185,loop_limit,[839,434,396,284,339,422,434,314,316,306,326,254,313,308,351,264,311,236,288,246,273,193,215,187,248,177,227,181,266,181,246,220,307,208,269,215,259,218,263,217,259,238,276,263,324,251,316,245,279,214,255,193,263,218,247,244,247,186,233,192,228,223,254,221,265,198,247,207,227,188,220,189,254,207,256,204,273,217,255,209,224,193,233,196,235,232,282,233,296,236,262,192,232,162,321,290,410,296,317,269,287,263,285,273,299,247,272,242,259,327,539,350,325,249,292,255,293,221,253,213,240,200,388,278,297,246,261,197,267,188,200,193,224,168,238,198,254,197,226,174,253,207,252,301,332,232,257,209,232,292,322,295,324,269,312,351,358,293,286,223,275,240,315,228,237,237,237,200,403,296,361,370,358,270,342,254,312,418,402,407,412,374,410,299,329,252,329,224,242,218,253,239,286,235,269,194,222,182,216,147,185,]
754,1,8,with_set,0.01,1,1,201,219,loop_limit,[839,439,535,360,377,290,336,286,303,228,241,246,312,236,278,208,262,218,270,197,198,150,183,152,184,165,183,144,181,153,412,238,269,237,479,325,331,254,609,570,521,307,426,279,329,251,526,334,414,306,319,294,340,228,278,216,249,221,243,411,673,405,497,328,360,255,266,214,245,214,223,410,381,280,334,246,297,213,245,204,222,166,221,166,255,394,368,281,303,236,262,225,257,196,220,201,279,215,206,224,269,219,270,214,270,392,410,303,308,284,328,234,270,240,274,238,261,202,232,191,202,175,175,135,194,167,199,152,209,188,253,188,200,143,188,172,188,169,211,154,241,190,233,163,223,183,228,199,226,193,211,215,211,215,239,226,274,223,303,252,264,232,272,225,271,420,406,284,427,301,346,243,275,230,247,236,256,224,251,217,252,207,258,200,218,186,263,191,227,184,213,184,216,190,246,212,279,212,240,221,219,]
754,1,8,with_set,0.05,5,5,201,216,loop_limit,[839,439,431,381,397,285,304,249,293,227,237,211,235,188,212,188,264,196,254,199,200,160,195,175,219,201,251,208,246,373,386,277,293,201,242,189,233,208,263,226,288,191,272,210,490,311,340,264,299,254,274,210,268,215,234,185,236,173,219,198,220,185,229,218,243,370,365,264,344,226,264,217,271,206,246,194,235,192,223,194,267,207,281,230,319,223,308,227,273,223,236,223,256,193,203,187,252,208,255,228,248,202,225,182,218,199,251,184,227,203,264,218,227,199,250,213,220,193,226,358,355,404,382,285,303,240,257,243,256,213,249,221,234,161,197,190,237,180,232,208,253,367,362,246,301,197,225,201,256,228,279,204,258,214,269,395,355,244,279,213,232,169,223,386,396,298,356,330,372,306,349,251,287,225,272,252,272,231,247,252,269,277,264,202,260,196,210,170,230,197,278,216,264,243,281,171,210,192,219,184,216,]
754,1,8,with_set,0.1,11,11,201,286,loop_limit,[839,459,448,410,393,260,312,292,330,249,302,414,392,263,308,268,285,239,245,201,228,180,269,187,234,419,419,265,297,279,290,261,256,221,284,210,258,409,411,281,313,528,487,352,358,226,267,221,252,266,273,220,248,232,252,215,257,215,277,222,526,343,408,290,372,279,328,455,418,355,382,461,451,302,332,269,355,254,331,236,282,245,322,233,267,378,395,282,332,220,258,209,242,203,436,311,327,269,261,495,469,301,345,230,285,244,297,231,288,239,317,501,449,302,393,264,321,445,442,327,463,317,348,282,314,216,249,177,194,182,181,245,246,212,250,201,231,187,231,166,198,186,204,177,214,183,231,185,216,197,237,202,273,245,247,257,247,257,281,203,298,402,505,329,422,304,321,264,306,229,287,446,417,295,311,239,274,203,505,350,441,329,682,374,377,408,420,309,416,302,326,323,405,284,296,247,253,220,249,196,286,]
754,1,8,with_set,0.25,28,28,201,274,loop_limit,[839,410,435,292,425,324,336,255,295,237,344,237,298,548,479,313,339,230,288,236,249,220,244,208,229,184,217,194,197,210,243,185,225,172,210,172,203,182,235,204,247,193,228,186,227,191,232,202,287,203,247,213,215,187,246,188,230,185,221,202,220,191,216,193,416,267,274,346,341,232,254,211,271,224,241,196,425,274,295,242,249,234,275,223,263,212,241,177,219,200,409,301,387,259,518,361,320,247,269,202,293,251,276,221,245,355,372,264,299,235,267,227,262,247,267,203,292,215,249,383,368,258,300,238,256,200,253,376,363,312,720,417,421,302,322,274,334,236,278,254,278,220,261,188,228,231,298,222,269,225,247,225,270,237,290,242,265,388,393,259,327,256,306,278,306,241,240,217,272,211,236,194,247,217,241,216,381,278,306,222,261,237,294,406,413,273,318,261,283,236,273,409,396,265,601,334,507,321,350,279,274,]
754,1,16,with_set,0.01,1,1,201,239,loop_limit,[839,613,701,499,449,300,374,303,345,267,271,295,271,221,315,254,325,254,255,269,485,320,341,280,327,221,261,574,512,326,350,328,395,372,364,329,342,278,318,260,295,350,387,288,307,370,382,281,330,257,267,214,255,180,217,182,253,210,235,190,231,210,241,204,248,169,265,224,271,213,726,613,510,338,669,373,409,258,290,232,265,207,729,444,528,350,353,277,309,210,229,187,222,185,221,217,238,176,222,167,184,157,200,171,198,177,237,243,302,211,231,217,313,271,301,224,267,323,368,244,547,339,355,283,341,285,633,583,525,305,343,310,353,248,306,279,326,306,326,267,529,545,461,307,338,268,240,224,245,202,231,197,241,172,203,188,211,175,258,204,295,190,270,199,223,190,229,196,229,215,238,185,211,214,373,260,291,233,338,263,279,225,292,208,528,327,330,237,215,191,530,302,343,256,285,274,283,230,240,198,239,]
754,1,16,with_set,0.05,5,5,201,351,loop_limit,[839,457,765,422,415,297,336,250,307,222,280,241,302,184,260,197,203,178,242,223,250,245,257,215,243,173,673,388,399,323,356,471,467,317,315,276,606,463,444,286,316,245,296,236,267,253,312,244,280,226,237,241,237,190,234,196,250,201,225,197,207,190,221,156,191,159,194,167,202,144,179,379,363,257,302,273,343,427,526,330,353,457,449,324,325,278,348,298,314,233,277,257,322,251,261,193,258,210,236,203,261,204,246,240,229,385,362,239,266,255,274,168,244,223,241,171,213,180,222,186,248,196,261,196,328,250,289,220,249,199,213,205,250,197,228,217,266,197,233,200,232,212,245,193,266,225,266,222,247,225,244,205,352,250,327,280,303,219,245,189,239,206,228,169,272,221,260,247,273,215,370,266,316,300,324,590,828,613,544,315,422,295,328,475,797,438,428,590,829,438,454,313,724,406,399,315,345,263,465,327,351,]
754,1,16,with_set,0.1,11,11,201,349,loop_limit,[839,441,426,562,515,328,338,598,839,458,795,403,420,363,390,285,323,271,275,229,280,204,315,237,303,260,268,334,338,236,335,311,332,259,348,246,292,228,230,207,186,180,213,152,195,167,188,394,360,282,332,274,289,280,328,246,263,203,226,192,239,199,250,239,531,336,416,278,307,266,286,301,347,540,496,559,499,422,522,324,431,262,282,333,356,287,257,204,260,201,527,335,345,267,286,254,794,574,664,378,407,375,426,355,762,596,510,349,732,554,511,423,399,291,324,613,544,444,426,311,351,260,302,234,267,266,289,220,270,224,263,213,244,200,250,190,242,206,254,233,294,207,390,260,558,506,468,317,334,213,272,229,293,191,225,223,245,209,259,227,303,222,256,226,265,199,240,181,222,161,221,199,215,205,299,601,532,372,384,251,683,384,395,278,291,243,311,237,261,224,234,198,542,319,600,358,374,305,303,306,349,]
754,1,16,with_set,0.25,28,28,201,491,loop_limit,[839,441,428,274,324,255,291,259,277,205,250,190,267,366,381,271,294,238,265,202,704,372,390,272,307,492,445,308,346,247,310,224,296,231,560,305,405,283,356,522,489,355,372,276,345,237,314,270,267,216,272,229,450,297,347,258,738,398,413,367,395,310,745,547,498,325,335,293,299,232,255,203,716,411,406,578,495,338,343,259,338,234,312,248,275,216,254,232,252,244,268,219,244,190,241,210,228,191,221,166,186,168,234,213,278,239,262,228,259,224,276,224,290,221,317,231,241,255,241,192,239,298,320,248,270,190,221,212,248,198,231,166,189,152,206,171,196,166,488,287,309,226,245,198,209,575,489,337,340,232,270,227,452,499,463,337,417,337,359,262,288,358,380,288,793,431,426,296,279,502,467,582,518,340,346,263,289,234,257,207,288,236,304,208,241,216,277,210,287,236,306,208,233,187,229,182,263,334,353,494,491,]
754,2,1,with_set,0.01,2,2,201,6,loop_limit,[839,304,182,91,127,51,46,31,33,19,14,9,9,6,8,4,8,2,4,3,3,3,6,5,5,5,5,5,6,4,10,4,9,4,5,3,4,5,7,10,6,5,6,5,9,6,5,3,4,4,5,4,5,4,6,8,7,7,6,9,9,9,8,5,8,3,3,2,3,2,5,5,5,5,6,5,7,11,13,8,7,5,8,4,6,5,5,5,5,4,10,6,8,3,6,5,6,6,5,5,6,5,6,11,5,2,5,2,4,4,10,6,4,7,8,3,5,5,4,5,6,6,4,3,5,5,11,6,7,6,12,8,12,11,12,7,7,3,7,3,4,3,6,3,5,3,5,3,4,6,5,5,6,4,5,2,2,3,5,6,7,4,5,4,6,5,6,4,4,5,7,5,4,2,5,2,5,3,4,4,6,3,6,4,4,5,2,4,10,7,4,7,7,16,6,6,6,4,12,6,6,]
754,2,4,with_set,0.01,2,2,201,8,loop_limit,[839,286,292,112,84,43,41,32,27,18,20,14,6,5,2,2,2,4,4,4,5,6,11,4,10,11,11,14,4,4,6,3,5,4,5,6,6,5,4,7,8,8,5,11,7,5,6,4,2,2,3,4,4,2,4,6,7,12,3,4,3,3,3,4,3,3,3,4,3,2,2,3,2,2,6,8,7,4,4,6,4,3,11,8,10,8,8,9,7,2,4,2,5,5,7,7,10,4,3,6,10,7,4,4,7,5,4,5,6,5,9,8,5,6,7,5,11,7,3,2,2,3,6,3,3,4,3,5,6,4,3,2,4,6,5,3,2,2,6,4,6,4,7,10,7,9,7,10,9,10,4,10,8,8,4,5,4,3,9,8,5,3,3,3,4,5,6,8,9,6,6,4,6,3,8,7,7,9,15,7,9,12,3,4,10,5,5,5,3,3,4,5,4,2,4,4,7,3,8,6,8,]
754,2,16,with_set,0.01,2,2,201,12,loop_limit,[839,286,165,75,84,43,32,26,25,15,18,16,15,7,10,3,7,6,8,4,6,2,3,4,3,4,6,2,4,2,6,3,2,2,4,4,5,6,7,4,7,9,7,8,6,3,6,2,4,2,2,2,3,3,3,2,6,11,9,2,5,3,3,6,5,4,9,4,4,6,5,3,8,3,6,8,8,6,6,7,5,4,6,3,3,3,6,6,6,4,7,9,8,4,4,5,4,3,3,2,2,2,3,4,3,7,4,3,2,2,6,3,6,4,6,4,4,6,7,3,7,2,4,3,6,4,5,6,11,5,5,3,5,4,10,6,7,3,7,8,6,5,7,7,6,3,3,2,7,3,5,3,5,2,3,4,4,3,8,5,6,6,5,4,8,5,3,3,8,5,8,5,7,4,6,4,4,5,9,7,5,3,3,2,2,2,4,4,4,3,3,4,9,4,11,4,12,4,5,6,12,]
765,1,16,with_set,0.01,1,1,201,3,loop_limit,[459,146,85,59,58,55,31,12,12,5,6,4,8,6,4,2,3,3,3,2,5,4,9,7,7,5,4,4,4,4,5,2,1,2,5,1,3,3,3,1,1,2,5,1,1,2,5,6,10,5,3,5,5,3,4,3,3,2,5,2,1,2,1,1,3,2,3,1,6,5,5,4,3,1,1,2,5,3,6,7,5,3,7,3,1,2,1,2,5,3,2,1,1,2,5,6,10,10,10,8,11,13,8,4,6,4,10,4,5,5,2,1,4,1,1,2,5,6,9,5,7,7,11,2,2,4,3,4,3,3,7,1,1,2,3,4,5,3,7,3,3,6,12,8,9,7,7,4,6,3,7,2,5,2,2,2,2,1,4,1,1,1,1,2,2,4,5,4,8,6,3,8,7,12,14,15,15,8,5,4,2,1,1,1,1,2,2,4,3,4,1,2,1,1,1,2,1,1,1,2,3,]
777,1,4,with_set,0.01,1,1,201,4,loop_limit,[258,113,54,48,30,15,19,13,9,10,8,18,6,8,7,5,5,4,3,4,5,11,9,11,8,11,6,4,5,4,5,6,4,6,5,4,4,3,5,5,5,4,5,7,7,7,4,4,4,4,6,9,5,6,8,9,7,6,5,4,5,5,5,5,4,5,5,6,6,5,4,5,5,5,5,10,5,6,6,5,3,4,5,4,4,6,4,4,4,4,7,7,8,10,9,11,6,7,5,5,4,5,3,4,5,5,8,6,4,2,4,4,3,4,6,3,4,5,6,5,5,5,5,4,5,6,6,5,5,6,5,6,7,5,5,5,4,6,4,5,5,5,8,5,7,6,6,5,5,5,6,6,6,11,5,5,7,5,7,8,7,6,4,4,4,5,5,4,4,5,5,6,8,10,10,9,7,5,6,4,4,4,3,2,4,4,3,4,6,7,5,4,4,4,5,5,6,6,4,4,4,]
777,1,16,with_set,0.01,1,1,201,3,loop_limit,[258,118,55,38,27,18,10,13,9,4,3,4,6,6,8,4,3,4,5,6,7,7,7,7,5,5,5,5,6,5,6,7,5,4,6,5,5,6,6,3,4,6,4,4,6,6,5,5,6,5,6,4,4,4,4,3,3,4,4,4,5,4,3,2,3,4,6,5,5,6,7,7,5,4,4,3,3,4,5,4,3,3,5,12,5,10,4,5,4,4,4,4,5,3,3,3,5,5,5,4,4,5,5,6,3,4,3,2,3,4,4,4,3,4,5,5,8,6,6,7,8,5,4,5,8,5,4,4,3,4,3,4,6,3,5,5,4,5,5,3,3,3,3,4,4,4,5,4,4,5,7,5,7,3,3,4,5,5,6,4,3,3,5,5,4,4,4,4,4,7,4,6,5,20,7,4,4,3,4,6,5,5,6,6,6,5,5,6,6,9,8,8,5,4,4,4,3,4,3,4,3,]
785,1,1,with_set,0.01,1,1,201,7,loop_limit,[335,189,90,59,42,35,10,16,10,10,11,7,7,9,8,6,4,7,3,9,9,6,4,5,4,3,4,5,6,7,3,5,5,8,5,6,6,6,5,6,3,4,3,5,4,5,8,8,7,7,5,3,2,2,2,2,3,3,4,3,2,4,5,4,2,2,2,4,4,4,4,3,4,5,6,5,3,3,3,2,4,2,3,2,2,3,2,2,2,2,3,4,2,4,5,6,4,6,5,8,3,2,2,2,2,4,2,2,2,2,3,5,5,6,6,5,4,4,6,6,3,6,5,7,4,2,3,5,4,6,2,4,4,6,5,6,4,7,3,2,2,3,3,3,3,5,8,10,3,3,4,3,5,5,5,6,3,2,4,6,4,5,4,6,11,9,10,9,9,9,8,2,3,2,2,2,2,4,4,8,3,4,6,6,4,3,2,2,2,2,3,7,5,7,10,13,9,14,7,11,7,]
785,1,16,with_set,0.01,1,1,201,6,loop_limit,[335,472,175,321,121,112,62,71,42,21,14,17,9,13,6,9,8,12,8,9,3,3,3,3,5,8,6,6,5,4,4,2,2,2,2,3,5,5,2,4,2,4,3,4,4,3,2,2,3,2,3,5,4,6,2,2,3,4,2,4,4,6,5,5,4,4,4,5,7,7,9,9,5,4,4,5,4,6,6,4,3,4,5,7,5,6,7,11,7,12,9,10,8,13,8,9,6,4,2,2,2,3,5,11,7,11,3,2,3,6,5,6,6,8,5,2,3,2,3,4,2,2,2,4,2,4,3,7,3,2,2,2,2,2,4,5,4,3,5,4,3,2,3,5,7,8,2,3,5,3,4,6,5,3,3,4,3,5,2,4,4,5,5,8,10,6,4,4,3,3,4,3,5,6,5,4,7,7,8,9,6,9,6,5,5,10,7,9,8,9,5,9,5,10,7,9,6,9,6,6,6,]
788,1,1,with_set,0.01,1,1,201,11,loop_limit,[951,141,219,51,85,13,17,9,22,10,22,15,25,19,35,16,36,17,34,16,38,15,32,15,22,9,11,7,14,6,7,4,8,3,5,2,11,4,11,5,7,6,19,8,8,4,12,4,11,3,7,3,11,6,12,8,11,9,16,3,11,8,11,9,11,6,12,5,6,2,3,3,3,2,3,4,5,2,11,8,23,8,35,15,27,13,33,16,27,7,13,3,7,4,17,5,8,4,14,3,5,4,10,3,8,2,5,2,5,2,3,2,6,2,6,2,3,2,5,2,8,3,15,6,11,4,12,8,11,9,16,8,7,4,8,5,6,4,7,3,3,2,5,3,7,2,7,6,8,8,22,15,32,8,17,8,24,7,18,8,18,8,23,8,12,4,6,5,10,4,12,4,4,2,3,2,5,5,11,4,9,7,10,9,21,12,18,9,20,8,10,7,17,10,15,5,11,5,12,5,11,]
788,1,2,with_set,0.01,1,1,201,15,loop_limit,[951,141,195,49,110,32,52,13,21,8,22,12,26,10,19,8,22,6,20,6,16,6,10,5,8,7,8,5,20,7,18,8,15,4,8,2,3,4,7,5,21,6,13,5,7,8,21,10,19,11,25,9,22,7,19,10,16,12,25,6,10,4,14,7,15,5,16,5,15,4,10,4,6,4,8,4,8,2,6,8,9,2,5,4,8,3,17,5,13,5,11,6,12,5,5,2,3,2,5,2,7,3,15,5,17,6,19,4,6,2,5,2,3,4,8,2,7,6,11,4,7,2,7,4,8,6,11,6,10,5,14,8,17,2,5,4,15,5,8,5,9,4,11,5,6,6,19,13,33,11,30,12,23,11,23,8,14,5,12,4,12,6,14,9,18,12,23,10,22,9,20,9,16,5,9,7,16,12,22,11,23,8,12,5,12,6,12,3,7,3,6,3,6,6,11,10,18,10,18,9,15,]
788,1,4,with_set,0.01,1,1,201,15,loop_limit,[951,139,270,69,123,61,123,26,53,26,37,16,43,8,15,7,26,9,10,8,12,4,11,6,17,9,22,10,14,6,7,4,6,4,14,4,8,2,8,2,8,3,9,6,17,8,12,7,12,8,15,4,9,5,17,4,6,5,6,6,6,4,21,8,17,4,7,4,14,10,14,12,21,10,14,6,14,9,19,5,7,5,6,6,14,10,18,6,25,8,18,9,16,5,10,5,12,5,8,3,6,5,11,5,11,4,12,6,12,4,8,5,5,3,14,4,12,3,6,3,9,8,24,13,30,6,12,6,9,2,8,2,5,3,9,2,3,2,5,2,5,3,6,3,9,5,9,4,14,7,12,4,9,6,8,6,10,5,8,5,16,4,13,4,11,4,10,5,9,5,14,7,10,5,13,7,14,6,10,6,10,4,6,5,12,4,10,4,5,8,16,3,7,4,15,3,5,5,8,6,15,]
788,1,8,with_set,0.01,1,1,201,5,loop_limit,[951,179,264,55,88,22,49,19,55,26,54,10,18,6,14,6,11,3,10,5,10,4,19,8,17,4,10,4,7,4,8,2,5,2,3,3,6,2,8,4,11,8,18,6,9,6,10,6,17,5,14,7,13,4,11,6,10,7,11,6,9,2,6,2,5,3,11,6,11,6,13,2,3,2,3,3,7,7,22,7,17,5,9,9,25,8,18,6,18,6,17,8,22,6,17,7,24,10,16,10,11,6,18,11,12,10,22,6,13,3,6,2,7,7,17,4,12,4,7,7,10,7,10,6,16,5,13,7,26,11,25,11,25,12,25,10,32,12,25,11,24,9,23,4,15,4,14,4,10,3,9,3,8,4,8,4,9,6,17,4,6,4,9,6,8,3,14,9,20,10,16,11,18,8,15,7,13,7,11,6,13,3,9,4,8,4,12,6,11,7,7,2,11,2,8,3,11,2,5,2,5,]
788,1,16,with_set,0.01,1,1,201,17,loop_limit,[951,145,230,118,222,126,193,59,86,23,47,24,41,10,29,13,24,7,14,5,14,7,19,2,5,4,8,5,6,2,3,3,5,3,16,4,10,2,11,4,8,5,9,8,20,9,19,8,17,10,15,14,21,12,18,12,26,12,18,10,23,10,22,7,13,7,14,5,14,7,14,6,18,5,5,4,14,6,8,4,12,6,14,6,16,7,18,6,10,7,27,8,21,10,92,21,40,17,46,15,24,10,47,12,19,14,33,12,24,11,18,9,13,7,16,5,8,4,9,4,8,4,4,2,11,8,16,7,22,7,14,9,16,5,14,10,15,4,7,5,8,5,15,8,18,8,18,7,18,5,13,9,24,10,23,7,19,9,31,10,27,10,22,8,14,10,23,6,17,9,17,7,16,3,13,6,10,4,6,3,7,4,11,4,8,3,10,11,22,10,24,7,20,6,13,8,23,11,23,9,17,]
803,1,1,with_set,0.01,1,1,201,6,loop_limit,[498,294,208,127,115,90,67,95,73,61,57,51,34,35,32,35,25,22,18,17,17,9,5,5,5,5,3,5,8,11,11,10,11,12,15,15,18,19,13,16,19,10,9,19,26,19,17,15,13,20,18,14,15,12,16,23,27,17,24,25,17,26,20,14,10,9,14,15,12,9,17,8,20,11,5,5,4,5,7,9,11,24,23,13,19,13,16,9,13,17,17,18,17,19,15,12,7,11,10,9,9,7,7,6,7,8,7,5,6,11,12,17,21,18,12,5,10,6,8,6,10,4,4,6,9,7,7,5,4,4,2,3,6,3,5,3,5,8,8,5,5,5,8,13,17,13,10,9,10,13,20,14,11,7,7,13,14,10,11,19,11,14,14,9,10,14,14,18,12,9,13,10,10,13,12,13,12,7,12,15,14,8,13,9,14,10,13,9,8,6,10,12,9,7,10,8,10,6,4,3,6,]
803,1,2,with_set,0.01,1,1,201,9,loop_limit,[498,247,185,145,102,59,32,26,17,22,15,13,14,17,20,27,20,17,13,17,16,26,25,27,24,20,25,18,12,11,8,9,9,5,5,7,8,7,9,6,8,9,7,8,6,3,5,4,3,2,4,3,2,5,8,4,6,3,6,4,4,3,5,8,7,6,11,14,15,5,8,7,8,7,10,10,10,6,9,8,5,5,3,7,9,8,11,14,15,14,16,23,23,13,17,18,13,14,8,6,9,7,10,5,9,11,12,6,8,6,10,11,10,14,15,12,17,10,15,17,11,11,12,9,11,8,8,13,12,8,12,8,13,13,9,13,16,10,16,19,14,15,20,29,26,20,22,18,21,15,15,10,9,10,16,9,18,14,9,12,10,9,16,23,20,14,17,11,13,12,16,15,10,8,5,5,7,5,6,2,6,4,2,5,5,3,6,6,6,6,10,8,17,11,10,8,10,8,13,11,9,]
803,1,4,with_set,0.01,1,1,201,24,loop_limit,[498,294,277,204,145,151,133,129,99,147,100,91,64,60,45,49,37,28,32,34,25,24,26,16,24,27,27,15,10,11,11,9,8,6,7,8,6,6,8,6,10,9,5,3,2,5,5,9,6,5,8,4,6,4,6,7,5,4,6,3,5,6,11,7,13,12,11,12,11,11,16,9,8,9,12,13,11,16,10,11,10,9,6,8,6,7,8,12,10,16,11,8,13,14,17,13,20,15,9,8,13,13,13,17,13,15,14,15,15,11,14,16,14,14,17,11,19,12,15,10,13,15,14,9,15,10,12,12,12,12,9,12,7,11,11,12,15,15,14,15,6,5,7,7,7,6,7,10,9,6,7,5,6,12,7,6,4,2,3,6,12,7,9,11,12,14,21,16,20,15,23,23,32,23,25,14,12,13,20,14,18,22,18,11,18,18,17,20,18,12,13,11,8,9,10,10,12,21,24,33,24,]
803,1,8,with_set,0.01,1,1,201,22,loop_limit,[498,297,278,192,127,89,87,79,123,98,75,91,75,65,49,58,51,72,53,54,38,59,52,64,53,64,51,42,35,35,34,44,35,43,37,50,49,39,29,28,27,37,32,31,26,34,43,37,24,37,26,21,20,31,22,16,13,17,11,18,12,8,13,17,19,30,28,27,28,37,29,24,22,18,13,14,10,10,18,17,20,18,13,9,5,3,5,3,7,9,9,9,6,10,9,13,9,10,8,8,7,10,7,8,13,16,14,8,7,7,7,14,16,20,15,6,9,11,9,6,5,4,6,11,10,10,10,13,9,10,9,13,15,14,17,9,8,8,12,8,12,15,13,15,11,12,10,10,10,13,7,6,9,4,9,9,12,8,13,10,6,7,5,6,5,3,4,6,6,6,7,8,5,6,11,8,16,11,15,11,8,16,16,10,13,12,15,14,14,15,17,14,14,8,11,6,10,11,10,12,22,]
803,1,8,with_set,0.05,5,5,201,15,loop_limit,[498,314,207,359,332,221,150,187,139,120,112,74,56,56,53,60,47,23,21,24,14,8,12,10,13,19,17,16,17,13,13,13,12,16,11,8,10,7,5,6,7,7,10,7,8,6,8,5,10,12,15,15,16,22,22,13,15,17,19,27,28,25,25,20,29,17,13,16,11,13,17,17,15,16,11,13,7,11,7,8,9,11,10,16,17,13,18,15,14,11,21,10,15,10,11,21,22,8,13,6,6,9,11,7,9,15,24,19,24,28,25,18,15,10,9,12,8,11,21,24,29,28,33,23,31,23,25,28,31,22,19,24,19,15,12,10,10,16,15,12,9,7,7,14,10,8,6,9,8,6,12,11,8,7,11,12,12,15,16,16,14,21,14,23,21,20,23,22,23,26,20,27,19,26,27,26,24,25,22,26,19,27,26,23,21,22,24,15,11,16,11,16,12,18,22,17,20,20,24,20,15,]
803,1,16,with_set,0.01,1,1,201,4,loop_limit,[498,380,197,152,106,103,81,94,59,51,42,33,35,27,24,26,21,26,23,30,35,19,19,22,17,20,20,12,12,16,15,17,17,17,16,13,15,8,10,17,18,18,24,16,22,19,19,18,15,14,10,11,12,9,12,6,8,10,8,10,10,6,7,10,8,8,9,3,6,4,6,9,13,15,11,9,16,12,13,9,21,21,12,24,19,9,9,15,21,24,18,10,19,12,6,5,5,5,8,11,13,14,14,18,19,12,10,8,7,7,7,6,8,12,13,12,17,19,9,9,14,15,20,23,22,17,19,18,18,13,10,13,18,16,10,11,9,7,6,11,27,16,21,15,14,15,18,22,28,27,20,31,39,30,32,21,26,24,21,20,15,16,18,19,23,15,13,6,6,7,13,10,6,7,6,8,11,13,12,11,15,9,23,22,22,19,21,15,11,10,11,8,10,9,7,3,5,4,4,3,4,]
806,1,1,with_set,0.01,1,1,201,2,loop_limit,[297,123,125,62,40,25,20,6,8,7,7,6,4,4,6,3,5,3,4,4,4,5,4,6,6,6,4,4,7,5,2,5,6,6,6,9,7,6,6,6,4,6,3,4,5,2,5,7,10,6,4,3,4,3,3,4,4,6,4,7,2,3,3,5,3,2,2,2,4,3,3,4,4,4,4,5,9,9,5,4,5,4,3,5,5,2,2,3,2,5,2,2,3,4,5,7,11,10,5,8,3,3,2,3,3,2,4,5,2,4,3,4,4,3,3,4,6,7,4,3,3,3,3,2,5,4,5,6,5,3,3,3,5,4,6,5,4,5,7,4,2,5,2,4,2,3,5,6,5,8,8,9,2,4,4,2,2,2,2,5,4,5,6,6,6,6,7,8,6,3,3,3,7,6,7,3,9,6,6,7,5,7,7,5,6,6,10,5,6,6,2,5,6,6,4,5,3,7,4,7,2,]
806,1,8,with_set,0.01,1,1,201,3,loop_limit,[297,108,50,20,17,15,17,13,11,7,9,6,3,3,2,5,8,8,8,9,3,3,4,5,3,2,5,6,8,6,4,6,7,5,4,5,2,4,2,4,2,3,4,6,5,3,4,7,9,8,4,4,4,6,9,4,4,5,5,4,5,4,6,4,4,5,4,3,3,4,4,5,4,4,8,5,3,5,4,8,4,4,3,3,6,6,6,5,5,5,6,7,8,8,8,6,6,3,5,3,6,6,10,5,7,7,2,5,2,4,3,3,5,5,4,4,4,5,9,6,4,4,5,6,4,3,7,5,5,2,2,4,3,5,4,3,5,6,4,5,10,11,3,3,4,3,3,4,2,3,3,5,3,3,3,2,4,5,6,7,10,9,11,11,9,11,9,7,3,2,4,4,3,3,6,5,6,6,6,4,4,4,5,2,3,2,5,6,4,6,7,8,8,8,8,8,6,9,8,6,3,]
806,1,16,with_set,0.01,1,1,201,7,loop_limit,[297,123,47,26,21,20,13,6,8,7,7,4,3,4,5,4,5,3,3,3,5,5,5,4,5,3,3,3,4,5,3,4,4,5,4,6,8,6,4,8,2,3,3,5,10,8,3,4,3,5,6,6,3,4,4,3,6,7,4,7,7,4,2,5,5,5,5,4,5,7,7,7,9,7,5,5,4,4,4,4,5,2,4,5,4,3,5,4,4,3,4,6,3,3,5,3,6,7,2,3,3,5,2,5,4,8,7,5,5,4,5,7,8,9,7,6,9,9,10,6,4,4,3,3,2,5,3,3,4,5,2,3,5,3,4,5,3,4,5,2,2,5,10,11,8,6,2,5,2,3,2,2,2,3,4,4,3,2,4,7,4,3,2,3,5,6,6,5,5,5,6,4,3,5,7,6,3,3,5,2,3,3,2,4,3,7,5,7,4,6,10,6,10,9,16,9,16,15,8,5,7,]
813,1,1,with_set,0.01,1,1,201,9,loop_limit,[504,148,183,80,68,28,14,8,8,11,6,8,7,9,9,3,3,3,6,3,3,6,8,11,8,9,7,8,14,12,18,12,12,11,10,6,6,6,5,5,3,6,7,3,3,3,2,2,2,3,7,5,6,6,6,5,6,5,7,3,3,3,5,6,6,9,8,6,7,4,4,3,7,4,2,6,7,4,8,6,9,3,7,3,2,3,7,3,7,6,7,8,12,9,4,5,10,5,10,5,3,3,7,6,7,4,5,7,8,8,4,3,4,7,5,6,7,6,4,5,10,5,2,3,2,3,4,4,4,6,5,4,8,3,7,3,7,6,7,4,5,6,7,6,10,12,13,11,8,7,9,10,12,13,9,7,5,4,6,7,8,7,14,7,5,6,6,8,12,10,13,9,4,7,5,6,5,9,12,8,10,9,9,10,10,7,14,4,7,6,7,8,8,8,6,5,5,3,7,8,9,]
813,1,2,with_set,0.01,1,1,201,10,loop_limit,[504,159,92,48,48,21,24,9,13,9,14,3,10,6,8,6,3,7,11,8,6,11,5,5,7,5,11,5,5,6,5,3,7,3,2,3,6,10,7,10,17,12,10,10,12,4,9,5,4,5,5,7,3,4,6,3,3,3,2,3,3,6,6,7,10,10,11,8,7,10,13,10,13,13,13,16,11,6,7,8,6,5,6,3,3,7,4,7,10,7,6,6,7,5,7,9,7,3,6,3,5,10,4,3,3,6,13,10,6,4,5,10,12,8,8,5,3,5,3,4,7,3,6,2,2,3,5,5,3,4,3,6,5,5,8,4,3,3,4,7,9,8,8,4,7,3,7,3,2,2,3,4,5,9,13,8,22,13,13,11,16,14,9,11,17,17,12,4,8,8,8,8,4,7,9,10,10,9,9,8,8,10,14,9,10,6,13,5,5,7,16,4,5,6,9,10,18,8,10,6,10,]
813,1,4,with_set,0.01,1,1,201,5,loop_limit,[504,160,128,71,49,27,40,22,14,10,12,7,9,7,5,4,7,5,5,5,4,8,9,6,10,6,5,3,6,3,3,3,3,5,3,4,10,9,5,6,5,5,3,3,4,7,6,2,4,6,6,8,10,7,21,6,12,5,9,5,8,9,8,8,6,10,6,9,9,12,11,9,15,9,11,10,10,3,2,3,7,8,6,5,10,5,12,5,11,7,4,8,14,10,7,6,7,6,7,8,11,8,6,6,13,5,10,5,12,5,5,7,9,8,13,10,12,8,7,3,7,5,4,6,5,6,12,4,2,3,2,6,8,4,6,6,6,6,9,4,10,8,6,5,7,9,8,3,4,3,7,2,2,6,7,3,10,3,7,8,9,4,12,4,3,3,2,3,3,4,8,5,8,2,2,5,7,4,3,7,8,6,10,7,13,11,13,10,11,7,6,8,12,7,7,3,2,3,6,3,5,]
813,1,16,with_set,0.01,1,1,201,7,loop_limit,[504,148,87,48,46,21,20,10,10,16,16,17,17,12,10,4,7,3,7,3,2,3,3,4,6,7,7,7,8,7,7,3,6,4,7,3,2,3,7,3,2,3,5,8,15,11,16,11,8,9,10,8,6,9,11,10,10,10,11,9,14,5,8,8,4,6,7,5,6,5,4,4,3,6,8,10,6,7,9,6,5,4,8,3,10,8,4,7,12,7,6,3,2,6,5,8,10,5,6,2,7,4,11,6,11,6,9,13,13,11,10,10,10,9,7,6,10,7,6,3,3,3,3,3,5,3,3,7,6,6,7,4,7,3,3,6,6,6,10,11,9,3,2,3,7,4,10,5,5,4,12,9,9,10,15,6,8,7,11,9,13,6,5,3,2,3,7,4,5,6,7,3,2,6,7,3,3,4,3,7,9,6,5,7,16,13,10,9,11,11,15,7,4,4,4,6,7,5,7,4,7,]
813,2,1,with_set,0.01,2,2,201,3,loop_limit,[504,107,56,16,20,6,6,3,2,3,2,2,2,3,2,4,3,4,3,3,2,2,2,5,10,3,6,2,6,2,2,3,2,2,6,3,2,3,6,4,2,3,2,3,4,4,3,5,2,4,3,3,2,5,10,3,3,2,2,5,10,2,6,3,2,5,10,5,2,4,3,2,3,3,3,4,6,6,3,4,8,2,6,3,3,2,2,4,5,4,2,3,2,2,2,2,2,3,2,2,2,3,2,2,2,2,3,2,2,2,2,5,3,5,3,2,3,3,2,3,4,5,3,3,2,3,7,6,3,6,3,4,3,3,2,3,2,2,6,3,2,2,2,5,3,3,4,5,3,3,3,2,6,2,2,5,3,3,2,5,4,2,2,4,4,4,7,4,6,4,5,3,3,2,2,4,6,3,4,4,3,4,8,6,10,5,2,3,3,3,6,3,2,2,2,3,3,5,4,3,3,]
820,1,2,with_set,0.01,1,1,201,9,loop_limit,[410,79,56,9,24,12,8,8,5,6,5,3,6,2,3,2,6,3,5,4,6,6,6,5,9,3,4,3,5,3,3,5,6,3,5,3,3,2,5,2,3,3,5,3,4,5,5,6,8,5,4,2,8,5,5,5,5,3,8,5,12,7,6,5,8,6,6,2,5,4,9,2,5,2,3,2,4,2,8,4,6,6,6,2,4,6,6,4,6,2,5,4,9,3,5,3,4,3,5,5,10,2,3,3,6,6,9,7,6,3,6,2,5,5,6,5,3,2,4,2,4,3,5,6,11,6,12,5,4,4,5,3,5,2,3,2,5,3,6,4,8,5,8,5,4,4,5,5,4,2,5,3,8,3,5,3,4,3,5,2,5,2,4,3,6,2,8,3,5,5,9,7,6,4,5,5,6,6,8,3,3,2,3,5,6,5,9,3,3,3,7,5,3,2,5,4,9,4,8,4,9,]
824,1,16,with_set,0.01,1,1,201,3,loop_limit,[158,38,11,10,9,4,5,4,5,7,4,5,5,3,3,4,3,5,5,6,5,3,3,2,3,4,4,3,3,2,4,8,5,2,3,2,3,2,4,5,4,4,6,2,3,3,3,7,3,3,5,4,3,3,3,2,2,2,3,4,6,3,4,3,3,2,3,3,3,4,3,5,7,6,6,7,6,7,6,10,6,9,5,8,4,3,3,2,3,6,4,6,3,3,5,4,5,3,3,8,5,8,5,2,3,4,3,6,8,4,2,2,3,4,5,5,4,3,4,2,4,5,3,6,2,2,3,4,5,2,3,3,5,5,7,5,4,3,3,5,4,4,6,10,8,7,4,4,2,3,4,5,4,6,5,5,4,5,5,6,8,7,5,7,7,3,4,2,2,4,3,2,3,6,4,4,2,7,3,6,7,7,3,4,4,4,4,2,4,7,3,5,6,6,4,8,3,2,2,2,3,]
827,1,1,with_set,0.01,1,1,201,3,loop_limit,[507,148,101,99,74,37,28,14,4,6,4,7,5,9,9,7,7,12,17,7,4,5,2,4,5,7,2,7,3,7,6,4,5,9,10,6,9,7,9,9,12,6,10,5,10,7,12,8,4,6,3,5,8,8,13,11,14,9,2,5,2,4,2,5,10,9,10,9,2,4,2,5,2,6,2,4,2,5,6,7,3,7,9,7,7,9,10,9,10,12,13,7,6,10,14,7,9,9,5,7,10,9,10,6,4,4,2,4,5,5,4,6,8,10,5,5,5,7,9,8,4,11,4,9,8,10,10,9,8,11,10,10,5,9,10,11,13,11,7,5,6,4,2,5,6,4,5,7,2,5,2,4,2,5,2,4,5,5,2,5,2,5,3,5,2,5,6,7,12,10,5,7,9,6,2,4,3,5,5,7,8,8,16,11,10,8,5,9,11,6,3,6,3,5,4,7,9,8,6,6,3,]
827,1,2,with_set,0.01,1,1,201,4,loop_limit,[507,134,113,51,33,20,19,10,4,6,3,7,3,5,4,7,6,8,8,11,15,11,8,6,2,5,2,4,2,5,2,5,6,8,9,9,11,11,15,13,10,12,10,7,4,5,6,5,4,6,3,4,2,7,2,4,5,6,6,6,6,9,3,5,2,5,2,4,3,5,3,5,2,7,2,7,9,6,6,7,2,5,4,6,4,10,9,5,7,5,2,4,5,5,6,7,2,4,2,4,3,5,5,5,2,5,4,5,2,4,5,7,4,6,2,5,3,5,4,7,10,5,6,5,3,5,3,4,5,7,10,10,10,6,7,5,4,7,9,8,4,5,4,5,6,6,9,7,9,7,3,7,6,6,8,5,6,6,6,6,5,11,2,5,5,7,5,8,3,8,10,6,6,8,4,7,3,5,3,5,8,9,9,9,10,9,11,6,7,9,10,13,12,11,5,7,6,9,6,8,4,]
827,1,16,with_set,0.01,1,1,201,5,loop_limit,[507,156,123,57,68,47,50,26,16,16,11,15,6,9,10,9,5,4,2,5,5,9,6,6,13,10,5,10,2,7,9,10,10,10,9,11,13,11,9,11,9,11,6,4,5,7,2,4,2,6,9,5,4,6,6,9,3,6,8,8,8,5,7,6,7,10,8,10,13,12,10,5,7,6,7,9,3,6,3,5,11,6,3,5,3,4,5,6,6,9,14,7,7,5,6,9,4,9,4,6,6,6,6,5,5,7,3,7,9,9,3,4,3,6,2,6,3,8,17,9,3,4,5,6,6,5,11,10,8,12,10,7,8,8,8,10,4,7,9,8,9,4,2,5,2,5,8,7,9,7,9,12,9,8,3,5,6,9,10,7,3,5,11,7,6,7,4,6,9,12,10,10,12,9,10,9,5,6,7,6,9,9,5,6,11,9,10,12,11,7,7,13,9,9,9,10,9,12,12,9,5,]
828,1,1,with_set,0.01,1,1,201,5,loop_limit,[312,79,44,19,15,16,14,15,8,11,5,9,5,8,10,12,9,9,5,8,7,8,6,9,7,10,9,14,8,8,6,8,4,8,5,8,4,9,5,9,5,9,4,9,12,11,4,9,7,9,5,8,5,9,8,8,6,8,10,10,8,11,5,8,4,8,7,7,6,9,5,9,7,8,8,13,8,14,8,11,9,10,7,8,6,10,7,7,10,12,10,13,7,8,4,9,7,7,6,13,7,8,7,7,5,9,9,14,5,9,5,8,10,13,5,13,9,7,6,13,12,9,8,8,4,12,11,9,5,12,5,8,6,8,8,9,6,9,6,9,12,9,6,7,4,8,4,7,5,10,4,9,4,9,5,8,4,9,11,13,7,8,4,9,8,11,7,8,12,13,9,9,7,8,6,8,5,9,10,8,12,8,7,10,7,9,9,9,5,9,7,8,10,7,6,9,8,9,4,9,5,]
828,1,2,with_set,0.01,1,1,201,6,loop_limit,[312,79,44,21,20,17,12,17,11,10,7,10,10,9,7,8,8,8,6,10,7,10,14,11,12,9,8,8,7,10,8,9,7,9,10,11,9,11,8,7,5,8,4,9,8,13,14,13,7,11,12,11,15,10,6,13,7,9,7,10,11,8,10,9,8,8,7,10,12,9,4,9,10,8,6,9,4,7,8,9,7,11,7,9,9,9,6,8,4,9,7,14,9,13,11,8,5,9,7,10,6,11,4,9,8,8,4,9,7,10,8,9,10,10,10,9,8,11,10,15,11,12,6,11,7,8,6,8,7,10,10,9,5,7,7,10,7,10,9,11,11,14,11,14,8,12,11,9,7,7,4,9,4,9,7,8,4,8,5,13,7,10,7,9,13,8,6,9,7,10,7,8,4,8,5,10,6,9,6,10,6,13,7,13,9,10,7,9,7,8,4,8,6,8,10,12,8,16,5,9,6,]
828,1,4,with_set,0.01,1,1,201,4,loop_limit,[312,74,43,18,13,15,10,13,12,8,6,8,4,9,10,10,5,12,11,8,5,9,11,8,8,8,6,9,6,9,12,8,7,9,6,8,7,13,5,13,8,8,8,11,9,11,8,9,6,9,6,8,6,10,10,10,5,8,4,9,7,9,7,8,6,10,9,14,8,10,9,9,9,8,11,13,8,7,6,9,5,9,8,11,5,11,5,9,7,8,5,10,4,9,5,7,7,13,11,10,5,7,6,9,6,10,14,13,10,7,5,10,7,7,6,13,7,11,7,13,10,11,6,9,5,9,7,7,4,8,8,14,9,8,6,9,7,13,11,12,8,9,5,8,6,9,5,13,7,9,6,11,10,12,7,12,7,9,7,9,4,7,7,8,10,9,5,10,5,9,9,7,5,12,7,10,5,8,6,13,8,11,8,10,4,8,5,10,5,9,4,12,4,8,4,9,6,9,7,8,4,]
828,1,16,with_set,0.01,1,1,201,7,loop_limit,[312,71,47,46,24,18,14,13,9,10,5,8,10,8,5,12,7,11,5,9,8,9,6,13,12,14,9,8,5,12,4,8,10,8,4,12,11,10,13,12,5,9,13,8,6,9,6,11,8,11,9,8,6,8,7,10,12,8,7,13,8,11,5,12,5,9,7,8,7,9,5,12,4,9,6,10,10,11,8,11,5,8,8,8,8,11,10,10,8,11,11,12,4,12,7,11,6,8,10,10,5,7,5,9,8,13,7,9,5,8,7,8,7,9,10,12,9,9,10,9,6,8,4,8,6,11,7,9,6,8,6,7,10,9,4,8,7,8,6,9,6,10,9,12,7,9,7,13,8,8,7,7,5,8,6,8,6,8,8,8,8,11,8,9,13,16,12,10,10,15,10,8,5,9,7,10,8,9,5,8,8,9,6,8,4,8,7,14,8,11,8,14,9,11,8,10,8,11,7,11,7,]
828,2,1,with_set,0.01,2,2,201,3,loop_limit,[312,46,13,5,5,5,4,6,6,6,5,7,6,4,5,3,5,4,5,7,3,4,4,3,3,6,4,5,3,6,5,6,3,6,4,4,3,5,3,3,6,7,5,5,6,4,3,4,6,4,5,4,6,4,3,4,5,4,6,4,3,3,6,7,5,5,3,6,6,4,4,4,3,4,4,5,3,3,4,3,3,5,6,3,4,4,4,6,3,6,3,5,4,3,3,4,4,4,3,3,4,7,5,3,3,3,4,3,4,4,3,6,5,6,4,3,5,4,5,4,6,3,3,4,4,3,3,3,4,4,5,5,3,3,3,3,5,4,3,3,3,4,4,4,3,4,4,3,3,3,4,3,4,3,6,7,5,5,4,5,5,4,4,5,5,6,5,4,4,5,7,4,5,4,4,5,4,4,3,3,4,4,3,3,3,3,6,4,5,4,3,4,7,4,5,3,3,6,4,6,3,]
831,1,1,with_set,0.01,1,1,201,6,loop_limit,[240,68,31,15,13,7,9,8,12,7,8,6,8,6,4,6,6,5,6,6,15,7,8,6,8,5,4,4,6,5,4,5,8,5,6,4,6,4,7,8,11,4,6,4,9,5,9,6,8,4,6,7,7,8,13,9,9,4,6,6,9,4,7,7,8,6,8,6,11,4,6,5,6,5,4,5,8,5,6,4,4,4,6,6,4,8,7,6,10,6,16,4,6,5,8,4,4,4,6,4,6,4,8,4,8,8,7,8,7,5,14,8,10,8,7,6,11,4,6,4,4,8,7,6,4,4,7,4,4,5,8,6,6,4,4,4,6,5,13,6,6,8,7,7,13,7,9,4,8,6,4,4,6,5,13,4,6,11,17,4,4,4,6,8,11,5,7,5,7,7,4,8,7,11,11,4,13,10,13,5,13,4,7,4,6,4,8,6,13,6,4,5,7,4,8,5,7,6,4,4,6,]
831,1,2,with_set,0.01,1,1,201,7,loop_limit,[240,66,36,19,7,8,11,10,18,11,5,6,5,5,6,5,8,4,4,4,6,4,9,6,13,4,6,4,7,6,15,4,6,5,9,4,8,5,4,4,7,10,12,11,11,6,6,5,6,5,6,4,9,4,6,8,6,7,7,7,6,5,6,4,7,7,4,4,4,4,9,8,7,5,14,6,13,6,6,8,6,4,9,6,8,5,6,6,13,5,4,5,13,6,6,7,4,8,6,6,9,5,6,4,4,5,10,6,7,4,4,5,8,5,7,7,4,4,13,4,4,4,13,4,8,5,6,4,6,8,15,4,13,6,8,8,11,8,6,4,6,4,9,6,8,6,6,11,6,6,8,5,6,5,11,8,10,6,9,8,11,5,7,6,8,8,11,10,10,5,7,5,10,5,9,8,13,6,15,8,6,7,7,11,6,5,9,6,10,6,9,5,6,5,6,6,6,4,13,10,7,]
831,1,8,with_set,0.01,1,1,201,13,loop_limit,[240,89,37,21,14,12,8,4,6,5,8,4,8,4,6,4,6,6,8,6,7,5,6,5,9,4,6,11,6,8,6,8,7,8,8,6,8,5,14,6,8,6,13,6,6,4,7,7,8,5,6,4,6,6,11,4,7,11,11,9,9,6,15,6,15,4,6,6,8,6,8,6,10,6,9,5,6,6,5,4,4,4,7,5,7,6,4,4,4,8,15,4,4,5,8,4,9,5,6,4,6,6,8,6,11,7,8,6,9,4,4,4,6,5,9,8,7,6,6,5,6,5,11,4,9,5,7,7,8,6,7,4,9,6,8,6,8,7,10,7,9,6,16,8,8,5,8,4,10,6,8,4,13,10,8,8,10,4,7,6,10,5,6,9,7,7,11,4,9,4,6,4,6,4,13,5,13,6,6,4,6,7,7,6,10,10,7,5,10,4,6,8,7,4,6,4,9,4,6,4,13,]
831,1,16,with_set,0.01,1,1,201,14,loop_limit,[240,68,29,18,17,10,8,4,6,6,6,8,7,5,5,6,7,11,6,4,7,6,10,6,4,4,8,4,6,4,8,6,8,8,8,5,6,6,5,5,6,4,6,6,6,4,6,8,7,6,9,11,11,6,9,4,8,5,6,6,7,5,6,5,5,6,9,4,6,4,13,6,6,6,6,7,11,4,4,4,6,5,7,6,10,6,10,5,7,6,8,5,7,4,6,4,8,8,6,6,8,4,8,5,8,4,6,7,11,9,11,7,6,4,9,5,6,4,8,5,4,4,13,4,13,5,6,4,6,4,9,4,6,5,7,5,10,5,13,7,7,8,15,4,6,8,7,5,6,11,17,7,17,7,9,8,8,9,11,5,4,8,11,4,9,8,6,8,7,7,11,6,8,4,6,5,10,8,8,4,7,7,11,8,21,9,13,8,7,13,17,8,13,5,9,5,7,4,7,5,14,]
835,1,1,with_set,0.01,1,1,201,10,loop_limit,[407,163,81,42,58,43,31,12,4,2,5,3,7,9,8,3,6,5,6,2,5,6,6,2,4,2,5,3,4,5,6,6,7,4,7,4,8,4,3,4,7,5,6,2,4,2,5,3,4,4,7,6,8,3,4,2,4,5,7,5,3,2,7,9,9,6,9,6,3,2,5,11,6,9,10,8,7,6,8,6,7,4,5,5,5,3,3,2,4,2,3,2,4,4,5,6,3,2,3,3,3,4,7,4,5,5,7,6,5,2,5,2,4,2,7,9,4,2,7,2,4,4,4,2,4,5,6,2,3,4,9,2,4,4,6,4,6,5,4,2,3,2,4,5,5,11,8,6,5,3,5,3,7,5,12,19,7,4,7,3,6,2,7,2,5,4,4,3,5,2,7,2,4,4,8,5,8,7,12,5,8,5,7,4,4,5,6,7,8,4,5,3,3,4,9,8,8,12,7,3,10,]
835,1,16,with_set,0.01,1,1,201,7,loop_limit,[407,185,128,65,53,28,27,20,14,17,12,37,18,17,10,4,8,4,7,4,4,4,4,4,3,4,5,2,5,3,5,3,3,2,3,4,9,8,10,7,6,3,4,5,8,12,4,2,3,4,4,5,8,9,7,6,8,5,7,9,8,6,7,3,4,3,4,15,18,7,8,3,4,3,4,2,4,4,4,4,4,5,7,6,6,3,5,33,18,14,8,5,7,5,9,6,8,3,6,6,8,6,6,3,6,5,6,6,3,2,4,2,4,4,4,2,7,4,4,4,4,3,4,3,4,2,4,3,5,6,5,5,5,5,5,4,3,2,5,3,4,2,3,4,7,5,4,5,7,3,6,3,5,4,3,2,7,2,4,3,6,6,4,5,8,5,6,3,4,11,8,6,10,2,3,4,4,2,4,2,4,5,7,5,5,3,4,5,7,4,8,6,7,5,9,8,9,9,6,5,7,]
839,1,1,with_set,0.01,1,1,201,4,loop_limit,[267,163,56,38,23,15,8,7,7,7,3,4,3,4,4,5,3,6,3,6,5,5,4,7,3,2,4,7,4,6,3,4,3,4,3,5,3,2,4,4,4,9,6,8,8,7,5,9,9,11,4,8,7,6,3,4,4,4,3,5,3,4,4,5,4,5,5,6,4,10,3,4,5,5,8,6,8,5,5,7,5,5,7,2,3,2,3,4,4,6,5,11,9,5,4,5,5,4,4,6,3,4,3,2,3,5,3,4,3,4,3,6,5,13,3,4,3,5,3,5,4,10,3,2,3,7,6,2,4,7,3,2,3,4,4,4,3,4,4,5,4,5,3,7,3,5,4,5,3,5,4,6,4,2,4,7,5,6,6,6,4,5,3,7,6,2,3,6,5,5,4,6,5,2,3,4,6,7,5,8,4,5,5,6,8,10,9,14,10,14,7,8,5,3,5,5,5,2,3,7,4,]
839,1,2,with_set,0.01,1,1,201,5,loop_limit,[267,145,70,59,21,17,12,17,9,15,12,12,8,9,7,7,5,10,7,13,12,10,8,7,3,4,3,6,4,4,3,2,3,4,7,8,9,8,4,7,5,5,4,5,4,7,4,5,7,2,3,2,3,5,5,9,9,12,11,10,8,8,4,8,5,8,3,6,5,5,6,4,4,5,4,6,4,5,4,7,5,7,6,7,5,7,4,2,6,2,5,7,5,4,3,4,3,2,3,4,5,5,4,5,7,7,11,8,8,9,6,7,6,7,3,5,3,5,4,7,6,7,5,10,5,3,5,3,3,4,4,7,6,7,10,13,12,12,10,15,7,10,8,18,9,8,7,12,8,14,8,10,5,7,7,5,11,8,3,2,3,4,4,4,4,5,3,7,8,7,3,4,8,5,3,6,3,2,3,2,6,7,3,4,4,7,3,5,5,5,8,6,5,6,4,5,5,5,6,6,5,]
839,1,4,with_set,0.01,1,1,201,5,loop_limit,[267,167,69,48,35,36,17,17,16,18,19,26,13,19,15,5,3,2,4,4,3,4,3,2,3,4,3,6,5,8,6,5,3,4,4,6,3,4,4,5,6,7,8,11,7,7,9,11,5,7,6,11,6,14,5,7,6,7,3,4,3,5,3,2,3,2,5,7,3,2,4,5,7,8,4,9,8,15,4,2,3,5,5,5,5,4,5,7,5,8,4,2,3,7,8,6,6,11,8,6,11,3,5,9,7,5,5,9,7,7,10,14,6,7,6,14,10,6,4,6,3,4,6,7,5,9,4,7,3,4,3,7,6,8,9,10,6,5,3,5,4,2,3,5,4,6,6,7,5,5,8,2,4,7,5,7,3,4,3,2,3,7,8,10,3,5,3,2,4,5,5,7,3,2,3,2,3,4,3,6,6,2,4,5,3,2,3,2,3,5,3,5,4,4,4,5,3,7,4,6,5,]
839,1,8,with_set,0.01,1,1,201,4,loop_limit,[267,182,177,114,75,54,24,19,15,17,11,8,4,2,3,5,4,5,3,2,3,5,4,6,7,5,3,5,4,9,4,7,4,2,4,6,4,10,8,14,6,9,4,7,6,6,8,9,7,5,11,10,9,10,6,8,4,7,5,7,4,5,5,9,5,7,6,5,6,7,3,6,6,6,5,3,4,5,4,6,6,7,6,6,5,5,8,12,10,8,6,6,5,7,5,4,6,5,7,7,13,11,10,14,12,14,17,17,11,6,4,6,7,6,4,5,3,7,6,7,5,5,4,6,5,6,5,10,9,9,10,13,9,8,6,10,6,9,6,10,4,3,3,4,4,5,8,7,13,3,4,5,4,10,3,4,3,4,6,7,6,6,4,2,6,2,3,4,4,5,8,9,8,6,3,4,3,2,3,6,6,5,11,3,5,7,6,11,6,8,3,6,3,2,4,5,3,6,5,7,4,]
839,1,16,with_set,0.01,1,1,201,5,loop_limit,[267,378,145,102,42,37,26,32,20,26,25,26,25,18,8,10,10,15,7,3,4,3,4,7,4,7,5,4,3,5,4,6,3,5,4,5,5,7,7,6,4,9,5,9,5,7,6,6,4,6,5,6,5,7,4,6,4,5,4,10,3,6,6,5,3,6,3,7,8,10,8,13,11,13,8,10,4,7,4,6,5,7,3,6,4,4,6,6,10,6,4,9,9,10,7,9,4,8,6,11,11,12,11,8,4,2,3,6,4,4,3,7,7,6,5,6,5,5,3,5,4,10,8,8,9,7,6,5,4,6,3,5,3,4,4,9,4,7,6,7,7,8,7,5,5,8,5,10,6,11,9,8,4,6,6,9,10,4,3,7,6,11,8,6,3,5,4,4,3,7,8,6,3,4,3,4,4,5,3,2,3,7,8,5,8,9,6,9,5,7,6,5,11,8,4,3,3,5,4,9,5,]
858,1,1,with_set,0.01,1,1,201,118,loop_limit,[632,395,304,272,226,204,163,147,144,132,123,148,120,143,107,155,122,105,102,116,112,131,111,114,78,96,97,116,111,127,96,113,117,123,112,104,109,119,118,150,139,145,121,118,149,118,115,105,93,94,84,92,91,94,85,113,122,135,127,122,109,124,110,132,135,149,114,114,109,99,102,110,114,104,114,119,103,99,96,94,84,110,101,109,114,127,121,135,114,123,99,96,80,94,95,91,97,101,79,91,83,147,144,154,121,149,134,125,141,153,137,114,92,115,107,139,126,146,124,162,118,106,141,160,125,125,105,94,86,105,108,116,106,101,91,89,100,124,103,117,116,114,140,146,142,144,140,160,142,145,136,155,134,136,129,132,103,116,97,90,88,112,102,108,112,121,116,122,125,112,122,122,115,120,107,117,94,110,101,110,90,120,105,114,110,133,114,124,125,124,111,149,119,138,126,129,116,125,115,138,118,]
858,1,1,with_set,0.05,5,5,201,123,loop_limit,[632,430,298,285,283,285,283,243,220,191,193,238,193,173,153,137,148,159,148,169,140,144,135,172,155,157,155,162,155,149,150,144,140,154,154,150,154,144,138,168,138,126,148,119,149,135,129,159,129,145,133,132,120,132,165,150,123,143,130,134,120,125,116,133,118,120,106,89,86,104,97,85,76,87,89,70,66,83,90,105,112,139,136,140,128,163,145,164,152,154,129,159,143,164,140,139,118,109,95,102,91,115,104,116,100,124,130,121,116,141,116,141,126,141,122,148,139,150,121,142,122,107,141,156,150,137,140,158,136,171,140,170,136,157,126,110,101,125,88,109,113,141,133,122,124,141,129,147,149,147,127,125,120,134,114,130,120,117,117,162,138,183,142,148,124,147,152,178,161,149,161,149,135,126,128,112,127,115,102,106,89,103,103,121,115,122,98,119,115,121,97,111,121,123,121,140,106,135,106,139,123,]
858,1,1,with_set,0.1,11,11,201,81,loop_limit,[632,395,329,244,208,192,185,181,162,135,130,103,111,151,134,132,108,108,110,120,125,140,131,135,115,133,120,108,103,144,103,91,96,111,97,114,115,112,98,115,119,131,115,141,140,122,120,134,128,119,113,128,106,134,112,120,102,120,119,101,116,132,119,130,119,114,84,95,71,82,78,89,106,108,98,111,113,118,120,116,109,103,103,92,88,94,77,70,67,78,72,73,72,84,84,82,85,84,103,106,120,135,122,125,131,130,110,127,125,119,125,104,106,120,103,121,100,99,106,140,125,134,134,130,126,138,117,136,119,148,123,122,115,103,85,103,107,95,85,108,116,127,134,155,132,146,138,133,108,119,117,144,128,151,133,144,139,124,133,140,124,125,118,130,112,122,119,123,97,128,99,138,116,125,116,107,88,100,118,114,117,101,98,108,93,98,84,92,84,121,89,106,93,104,109,135,118,159,115,114,81,]
858,1,1,with_set,0.25,28,28,201,96,loop_limit,[632,400,306,234,212,203,172,247,172,172,141,157,124,117,125,122,130,145,143,136,112,97,86,104,93,104,101,113,127,132,128,135,115,136,120,112,111,119,119,109,105,116,115,125,112,121,124,141,122,135,115,111,109,115,95,114,114,107,86,106,104,103,107,93,116,123,112,130,114,105,100,96,126,130,117,165,166,168,193,201,166,187,172,178,153,163,124,152,137,176,129,152,131,134,128,148,141,177,160,197,173,184,161,149,143,141,157,159,137,148,116,147,133,155,136,154,145,184,145,154,132,111,99,105,104,109,106,139,130,146,126,133,144,137,118,125,98,93,88,102,113,129,108,107,86,108,93,109,112,109,90,114,103,117,115,155,116,132,118,126,132,136,103,122,114,118,114,113,113,119,128,140,144,155,139,151,136,123,105,120,113,104,100,110,114,112,94,88,82,85,101,91,93,99,94,107,87,108,92,94,96,]
858,1,2,with_set,0.01,1,1,201,110,loop_limit,[632,395,319,260,220,189,162,150,137,165,137,125,136,125,124,127,122,105,95,100,96,107,91,98,101,88,72,100,84,92,99,89,93,120,119,130,123,114,119,120,104,99,98,105,98,115,110,102,96,99,99,105,92,91,88,118,103,127,113,126,130,118,112,119,112,129,124,147,124,123,149,164,170,164,133,130,123,177,182,173,150,164,150,141,118,112,97,120,109,105,108,122,115,124,106,112,92,107,100,103,121,112,113,115,117,101,85,103,106,109,105,120,110,133,122,121,149,174,124,119,115,131,123,134,131,111,138,151,143,147,129,141,152,139,132,169,156,155,111,107,114,128,110,155,151,163,128,137,131,154,143,137,124,150,140,135,118,123,114,125,109,115,88,87,95,102,112,114,84,96,92,109,104,114,123,120,128,141,119,132,131,122,116,111,113,147,132,134,106,111,101,106,92,114,112,118,118,129,137,126,110,]
858,1,2,with_set,0.05,5,5,201,86,loop_limit,[632,376,279,332,273,241,194,250,216,261,239,220,191,168,215,231,194,214,186,187,133,195,133,116,102,101,118,110,129,136,126,133,141,153,155,147,128,125,135,140,110,165,139,137,125,119,117,120,124,131,111,120,115,114,102,112,105,147,105,166,160,161,141,154,135,144,141,129,129,121,108,130,136,140,123,129,123,140,129,147,157,147,146,148,151,149,122,161,157,177,154,161,143,122,116,104,87,87,75,82,74,74,71,62,68,82,91,77,76,88,80,125,114,120,104,106,93,105,120,157,124,114,101,114,110,121,116,107,125,153,126,146,135,150,121,151,124,131,115,130,101,121,114,127,114,94,92,108,98,118,108,147,124,114,112,138,130,123,161,140,147,143,152,144,126,122,117,121,118,116,94,97,89,110,112,114,116,131,112,126,124,132,122,116,112,106,89,98,80,114,101,104,89,112,113,138,135,121,113,97,86,]
858,1,2,with_set,0.1,11,11,201,101,loop_limit,[632,376,308,345,281,219,205,215,186,181,153,161,158,140,141,112,107,127,129,139,131,143,127,139,108,155,128,134,128,131,141,142,133,134,138,115,118,120,102,107,119,105,116,112,104,143,137,144,149,116,127,138,107,133,124,132,135,141,143,139,127,126,129,115,113,135,118,113,107,94,107,88,91,89,97,109,141,127,128,128,127,122,99,117,102,106,94,124,108,107,93,107,93,96,86,108,103,86,94,102,101,118,108,124,121,134,107,141,132,143,135,150,136,133,113,123,121,128,99,122,105,115,118,115,121,139,120,116,110,114,119,143,127,124,117,125,118,119,147,119,116,138,124,129,140,129,126,131,115,125,114,107,98,109,109,130,118,125,132,127,131,157,129,123,112,127,129,172,148,148,130,128,117,151,123,141,118,167,129,127,127,141,121,124,109,132,122,143,99,105,88,139,117,131,117,117,119,118,116,121,101,]
858,1,2,with_set,0.25,28,28,201,136,loop_limit,[632,395,317,281,227,204,182,158,150,141,130,158,133,106,117,128,129,122,113,122,114,119,99,107,117,99,92,123,119,122,114,129,115,94,87,88,91,96,100,86,101,91,100,126,115,128,121,120,97,108,97,101,96,114,109,109,114,111,132,111,110,123,123,114,125,135,137,127,125,135,107,155,152,145,113,138,108,155,111,130,107,134,130,155,151,161,140,188,137,149,148,150,135,127,105,128,142,155,145,145,137,128,124,131,126,130,108,142,107,127,79,82,93,121,97,129,109,108,89,111,113,143,113,131,125,166,142,142,132,142,103,132,129,108,114,111,105,103,110,120,95,140,123,108,98,128,119,138,133,159,141,116,135,120,103,108,119,126,102,119,133,131,122,129,122,136,137,138,139,133,108,105,97,120,112,139,122,129,108,144,123,142,106,166,162,174,129,146,110,139,149,173,145,147,116,145,132,148,151,156,136,]
858,1,4,with_set,0.01,1,1,201,135,loop_limit,[632,376,290,252,223,221,173,230,289,223,167,174,267,217,205,208,197,188,176,276,222,202,179,173,137,149,119,146,114,105,141,144,132,117,102,108,108,126,112,104,137,145,133,118,117,142,117,120,107,215,138,166,143,161,152,133,208,236,169,175,144,143,135,159,141,118,106,117,105,114,117,112,119,121,116,151,134,165,125,127,108,114,92,102,103,102,95,111,97,165,160,148,131,142,124,127,118,170,170,170,148,194,145,138,132,116,103,93,88,107,114,128,106,91,72,94,83,99,83,101,111,135,127,133,119,147,127,124,117,197,148,154,147,139,94,91,94,83,83,100,101,117,120,130,112,117,131,153,141,135,119,110,122,138,113,124,116,143,170,145,156,188,140,143,135,157,149,229,186,169,159,152,119,135,132,155,131,138,140,125,123,111,110,121,118,123,170,153,130,174,150,168,153,154,166,190,157,170,131,166,135,]
858,1,4,with_set,0.05,5,5,201,135,loop_limit,[632,395,295,224,184,186,169,180,247,246,236,246,310,284,291,242,193,203,169,186,150,141,129,133,111,115,124,137,140,177,140,234,277,263,248,212,179,148,161,166,150,154,141,154,132,112,148,127,109,153,108,108,104,115,127,143,130,126,121,117,115,134,138,139,136,144,112,101,134,163,176,143,166,157,200,202,176,209,206,208,203,233,180,243,212,232,237,292,235,250,256,225,195,241,198,211,179,177,156,215,167,174,177,147,137,135,158,141,140,154,136,150,144,144,157,179,159,170,145,200,180,156,148,144,130,160,170,183,149,169,138,132,116,131,157,162,133,145,128,133,123,148,133,172,149,147,141,125,136,133,134,116,130,145,134,153,141,136,123,108,114,124,107,131,105,96,111,123,128,131,129,132,120,117,100,120,91,104,77,119,145,150,134,140,116,98,104,153,156,167,166,153,173,179,155,176,140,166,133,116,135,]
858,1,4,with_set,0.1,11,11,201,135,loop_limit,[632,395,417,311,307,276,240,210,193,137,130,111,141,145,173,128,154,166,182,161,157,153,188,198,229,198,162,162,140,166,132,145,135,114,121,110,97,124,114,126,116,134,105,149,123,174,197,179,152,180,158,142,142,147,147,150,127,141,122,123,116,123,106,127,101,105,151,154,143,157,152,143,135,180,166,152,143,147,143,148,130,136,125,109,86,93,100,99,72,90,86,114,116,147,121,140,125,147,152,147,159,156,136,138,106,98,70,80,71,78,57,71,74,100,97,106,119,110,98,106,164,141,136,226,152,190,175,166,159,171,155,154,132,133,121,115,107,134,132,156,129,128,133,105,124,142,149,162,149,152,132,190,175,159,162,163,137,152,137,180,222,215,219,248,210,198,202,175,213,190,168,143,131,111,144,117,130,133,133,126,117,143,115,117,111,105,98,102,95,129,104,146,127,112,102,152,130,117,126,120,135,]
858,1,4,with_set,0.25,28,28,201,179,loop_limit,[632,420,293,430,369,429,313,275,207,192,194,181,155,148,148,208,203,183,248,230,175,152,159,168,156,152,133,133,169,137,128,124,133,124,130,114,109,99,101,129,136,141,107,132,124,129,121,119,136,177,147,173,153,179,155,164,149,155,132,161,130,163,131,122,138,136,203,219,182,174,142,154,145,132,120,143,110,132,106,109,123,193,157,174,137,169,156,143,127,130,137,181,152,160,128,126,140,134,135,135,109,118,126,118,129,137,111,118,157,141,115,122,108,118,95,101,88,91,109,106,112,98,82,91,91,110,123,154,125,126,124,127,108,130,108,135,109,100,121,125,104,108,99,100,103,99,178,197,193,196,168,209,149,175,150,162,139,161,154,133,141,126,116,144,151,125,164,157,149,166,150,138,143,139,148,151,134,162,147,144,135,167,160,148,160,256,203,238,213,197,163,151,163,177,166,181,157,216,168,211,179,]
858,1,8,with_set,0.01,1,1,201,103,loop_limit,[632,395,292,281,291,292,228,304,226,228,183,168,175,168,264,226,217,179,170,194,181,215,191,170,158,159,165,192,336,280,199,168,162,159,131,141,115,121,108,111,119,115,136,125,119,138,125,174,185,168,145,212,177,210,167,169,180,161,167,217,218,221,177,227,188,182,261,246,213,227,186,158,153,131,129,135,115,142,139,145,124,161,156,163,128,174,151,163,138,154,131,115,96,106,94,102,101,88,97,95,84,79,93,130,119,144,119,110,98,116,106,105,81,130,124,150,136,132,135,139,117,112,103,99,116,145,141,180,164,176,150,156,123,137,127,150,124,140,136,160,132,155,139,155,132,144,140,134,137,151,130,123,98,125,101,112,90,205,165,146,136,149,123,149,145,241,298,240,201,169,174,195,180,195,299,292,240,265,356,299,251,220,198,196,168,186,168,164,140,143,131,144,128,146,109,114,112,126,107,114,103,]
858,1,8,with_set,0.05,5,5,201,377,loop_limit,[632,405,318,296,210,267,238,180,160,153,159,160,122,174,190,167,190,156,157,153,122,129,112,117,110,134,192,173,154,169,139,312,204,185,152,161,167,156,137,156,126,140,112,270,186,160,135,133,113,111,99,126,111,115,89,247,189,246,169,203,180,186,158,155,143,146,150,173,147,128,129,137,137,135,139,132,114,101,102,113,91,115,104,136,123,129,122,129,142,119,139,117,145,150,124,113,100,110,101,92,96,95,95,103,107,111,131,111,96,109,103,91,92,108,110,104,104,121,122,134,256,332,246,290,249,196,192,211,158,164,163,142,140,149,157,154,149,223,184,182,156,162,159,166,151,185,144,179,167,366,234,288,226,226,187,201,191,207,310,242,213,191,175,160,190,181,138,170,151,139,264,219,176,363,295,267,221,210,211,226,200,192,173,155,129,103,111,169,150,219,172,168,183,276,224,222,189,353,259,228,377,]
858,1,8,with_set,0.1,11,11,201,121,loop_limit,[632,604,405,311,263,274,263,227,182,171,332,272,265,223,201,180,156,183,156,175,306,274,230,210,187,153,147,182,176,183,135,168,142,139,121,123,133,124,136,138,106,116,133,258,235,217,210,200,182,176,168,187,158,334,218,197,181,183,141,142,123,148,143,140,123,144,134,136,133,149,147,145,141,261,196,199,170,184,183,161,144,134,139,137,101,145,133,139,143,137,129,147,146,152,142,146,121,123,101,118,112,125,101,122,108,113,122,123,117,107,124,140,117,135,134,147,136,188,166,180,148,141,106,115,88,95,95,92,78,88,81,206,156,167,123,135,106,117,130,161,163,155,241,223,180,189,191,191,157,158,133,115,144,159,124,136,134,153,146,175,154,172,150,167,116,120,115,155,147,266,188,237,186,234,206,183,174,203,164,314,210,214,210,214,186,159,181,171,143,134,100,98,100,107,111,128,118,112,107,120,121,]
858,1,8,with_set,0.25,28,28,201,97,loop_limit,[632,395,285,209,194,152,147,139,131,151,141,142,127,143,143,149,145,165,142,143,139,235,201,211,159,144,140,129,123,122,114,135,129,117,108,113,97,83,62,79,68,79,78,97,101,104,100,113,85,91,104,121,108,126,107,122,108,113,117,130,105,116,89,105,98,105,100,96,92,90,97,110,117,140,127,123,112,133,131,128,171,300,228,219,153,179,143,148,139,148,139,145,126,160,127,151,119,129,119,111,109,131,113,124,227,215,156,165,230,175,135,163,147,152,125,122,211,174,178,159,269,261,229,197,159,182,148,151,131,135,108,120,112,123,139,142,148,137,166,190,153,129,131,129,112,103,96,104,98,112,104,132,234,199,166,157,141,303,211,190,173,195,180,186,187,246,180,179,129,156,140,157,145,123,111,129,119,257,287,250,214,188,162,179,135,123,193,167,168,140,151,141,131,139,118,165,128,129,113,115,97,]
858,1,16,with_set,0.01,1,1,201,115,loop_limit,[632,400,316,448,624,395,318,517,380,379,300,233,199,186,177,179,148,147,122,121,109,108,225,220,180,157,157,187,148,171,135,134,125,126,127,130,107,103,99,98,97,90,94,93,88,99,90,98,92,114,115,134,118,136,133,170,142,168,128,160,257,254,327,396,252,244,204,182,138,118,124,109,113,132,125,100,109,114,110,108,308,253,186,231,186,170,153,159,152,139,118,94,115,135,118,150,118,179,344,389,260,212,168,167,138,180,210,195,167,408,273,255,422,310,210,181,174,160,145,129,122,126,113,119,117,308,254,192,211,167,188,553,356,324,290,239,246,206,220,194,181,173,159,140,125,109,121,113,133,188,400,245,221,245,228,172,163,154,143,147,137,146,166,167,173,167,148,137,157,137,122,119,122,349,241,231,223,190,159,143,136,159,141,141,122,121,103,134,142,152,313,246,169,172,127,122,109,97,103,125,115,]
858,1,16,with_set,0.05,5,5,201,110,loop_limit,[632,395,292,293,275,231,219,500,346,302,233,200,162,145,129,183,488,334,318,332,252,196,191,499,624,400,296,273,245,217,207,171,149,149,326,291,194,171,156,187,145,141,128,140,119,150,141,146,114,172,114,118,111,90,98,85,78,85,86,85,86,88,70,82,76,85,74,123,74,65,83,65,64,73,83,231,148,147,115,107,117,117,111,108,114,148,311,241,245,604,402,281,495,331,369,272,252,214,289,253,208,209,169,164,152,146,126,130,121,149,156,147,153,197,164,173,155,148,135,165,316,233,354,289,373,300,250,236,189,194,167,156,160,160,132,160,127,156,333,303,205,212,159,172,164,167,412,317,249,205,176,199,284,258,209,230,198,180,171,181,150,150,171,165,323,248,193,240,185,389,255,210,171,142,130,144,325,449,425,303,236,408,267,255,221,204,186,177,177,173,177,378,244,237,200,159,131,125,101,115,110,]
858,1,16,with_set,0.1,11,11,201,127,loop_limit,[632,405,615,401,382,294,259,243,214,219,193,219,190,143,312,277,221,192,374,286,237,205,240,214,176,378,354,285,375,290,228,211,185,181,165,156,313,235,202,219,178,167,163,144,123,137,126,434,630,405,380,255,247,186,158,184,150,137,124,109,110,125,117,134,118,115,125,106,111,109,81,106,90,109,117,116,109,134,112,118,99,97,83,96,101,109,111,128,111,119,106,119,95,125,105,105,104,127,126,385,273,246,403,348,298,249,217,479,330,273,554,384,354,320,253,219,234,219,179,190,181,190,143,149,124,134,141,136,130,133,104,112,130,135,119,133,104,117,126,100,93,122,132,131,134,129,122,121,99,80,106,111,103,119,142,134,118,169,149,153,142,161,145,141,138,129,110,120,128,156,161,162,155,158,174,169,147,149,123,119,117,130,109,111,274,249,196,196,144,157,132,136,104,129,104,100,126,141,129,134,127,]
858,1,16,with_set,0.25,28,28,201,278,loop_limit,[632,402,618,374,300,235,247,229,204,298,234,376,304,250,251,219,196,162,228,203,200,204,174,189,166,167,158,207,162,179,141,139,135,155,136,123,120,128,439,310,312,230,281,290,240,227,226,209,204,183,171,198,176,243,244,198,187,180,192,163,437,604,425,416,375,380,310,243,205,345,297,209,192,177,165,173,131,138,127,123,125,129,118,116,108,108,96,117,98,79,80,109,94,118,128,144,127,111,106,114,93,83,79,78,151,156,327,276,206,338,262,253,211,186,179,174,174,191,174,166,172,212,171,153,142,129,129,122,296,236,245,199,215,395,238,250,178,176,151,184,141,146,121,162,143,141,304,262,171,171,155,161,153,143,154,160,305,242,186,158,139,132,127,164,133,143,118,114,104,126,120,127,113,126,294,266,216,324,266,233,220,218,182,214,201,182,178,569,388,374,353,286,240,206,207,215,165,161,131,295,278,]
858,2,1,with_set,0.01,2,2,201,4,loop_limit,[632,263,128,76,43,24,17,23,10,7,5,7,7,5,3,6,7,10,7,10,9,6,6,4,6,6,5,6,7,4,7,6,7,2,3,3,5,5,9,5,4,5,6,4,3,4,3,5,5,3,3,5,3,2,4,3,4,5,4,3,3,2,3,3,3,5,5,5,3,3,5,5,8,7,4,5,5,10,7,3,7,9,7,3,4,5,3,3,5,3,4,5,4,3,5,12,6,10,9,10,5,5,5,5,6,6,3,5,5,3,4,2,3,6,4,3,4,5,4,5,3,3,3,3,5,5,5,3,4,5,4,6,4,6,4,3,3,2,3,2,2,5,8,6,6,3,3,6,6,5,5,5,5,2,3,5,4,5,5,2,3,5,5,8,5,5,4,6,3,7,3,6,3,3,2,5,6,4,9,6,6,7,9,6,7,3,2,2,3,3,3,5,9,5,4,5,4,3,4,7,4,]
858,2,2,with_set,0.01,2,2,201,6,loop_limit,[632,251,116,63,53,27,30,34,25,18,13,8,5,6,8,6,7,6,5,6,4,3,6,5,7,3,2,4,3,4,3,5,6,3,6,4,4,4,6,9,6,6,7,6,6,8,6,7,5,6,7,6,4,2,4,5,6,5,3,3,4,3,4,8,6,5,3,7,3,5,6,7,6,6,6,10,5,3,4,6,7,7,6,5,4,2,5,5,4,5,5,3,4,3,3,5,4,4,9,5,6,5,3,6,6,4,4,3,4,3,5,2,3,3,3,2,3,2,3,6,6,7,10,12,6,7,5,9,7,8,7,8,6,4,6,3,5,8,6,9,7,10,4,6,6,10,8,5,3,4,3,6,6,4,4,5,5,4,3,2,4,3,4,5,4,5,4,3,3,5,3,2,3,6,7,8,6,4,8,8,5,7,6,5,5,5,4,4,4,6,7,4,4,3,3,3,5,3,3,6,6,]
858,2,8,with_set,0.01,2,2,201,4,loop_limit,[632,251,126,70,26,50,43,25,21,12,8,5,5,3,4,7,6,7,6,4,5,2,4,3,3,5,7,6,7,3,4,3,3,2,3,6,3,3,5,6,6,3,5,4,4,2,3,5,8,6,6,3,3,3,3,2,5,3,6,9,6,8,8,3,5,3,4,2,3,6,3,3,3,2,5,5,5,5,4,5,4,3,5,4,6,7,7,3,3,2,5,5,4,4,3,6,4,5,4,2,3,2,3,4,6,9,9,10,5,5,5,5,4,3,2,4,3,7,5,5,3,5,3,2,5,8,3,5,5,5,4,10,8,7,9,8,9,4,4,6,5,6,6,3,4,5,6,5,5,4,5,3,3,3,3,2,3,2,3,8,5,8,5,6,4,5,8,7,4,8,6,10,6,5,3,5,3,6,3,3,4,8,6,6,4,2,3,2,2,3,2,5,5,8,3,2,3,5,9,8,4,]
858,2,16,with_set,0.01,2,2,201,7,loop_limit,[632,531,604,234,370,167,63,29,15,5,4,6,5,5,5,8,5,5,3,3,3,2,2,5,4,4,3,2,4,2,4,2,3,4,3,6,3,6,6,8,6,9,6,6,2,3,4,3,4,4,8,3,3,5,4,5,4,4,4,2,3,3,4,6,3,5,5,4,5,2,3,5,4,2,3,5,3,3,3,3,5,3,3,6,4,3,4,5,3,3,5,4,2,5,4,8,4,4,3,5,5,3,3,3,3,3,5,4,3,3,5,7,3,6,3,4,4,6,5,2,3,3,3,5,5,10,5,4,3,2,3,6,4,5,4,5,8,4,6,5,5,8,6,9,7,11,10,8,8,12,9,6,4,7,6,5,5,3,3,5,5,6,6,8,5,9,5,6,3,3,3,6,3,3,3,5,4,3,4,8,4,5,2,3,5,2,3,2,5,2,3,2,4,5,3,2,5,3,4,5,7,]
862,1,1,with_set,0.01,1,1,201,18,loop_limit,[683,134,145,56,64,24,51,15,16,13,8,4,12,10,16,13,18,8,16,10,17,6,13,5,10,8,15,9,10,9,12,5,19,9,25,9,21,15,23,7,12,7,16,10,15,9,10,9,13,5,13,5,11,6,9,8,22,7,16,8,11,5,9,6,12,3,7,4,6,5,10,5,10,5,19,10,19,6,7,7,20,7,13,8,11,7,17,8,14,10,9,10,9,7,13,4,7,9,22,10,24,10,19,13,20,15,17,10,18,6,16,7,10,5,6,7,15,5,13,6,10,4,9,3,6,5,11,11,23,12,18,15,19,9,14,9,10,11,27,7,18,7,10,5,13,5,10,11,23,4,7,6,15,12,22,14,29,12,26,10,22,9,15,9,11,5,14,9,9,8,10,9,18,11,7,4,11,7,13,6,5,6,7,5,11,5,16,4,10,6,13,8,7,6,10,6,9,5,8,9,18,]
862,1,2,with_set,0.01,1,1,201,9,loop_limit,[683,138,152,56,93,29,44,16,25,16,36,16,25,11,28,13,30,11,28,11,25,11,30,10,25,11,19,11,13,6,13,7,17,5,11,4,8,7,4,4,9,6,7,9,15,5,13,9,9,6,11,6,15,6,17,10,13,5,11,11,9,7,5,5,11,7,14,7,15,8,15,14,17,8,14,7,13,7,12,8,7,7,8,4,8,5,11,10,12,5,12,7,15,9,11,8,14,3,11,8,11,5,16,6,10,10,13,8,9,7,14,8,15,5,13,5,9,10,20,11,14,8,16,9,14,8,20,10,20,13,20,8,12,8,11,5,7,4,5,5,5,4,12,7,14,6,12,8,15,8,14,12,20,9,14,9,7,3,7,4,7,6,14,7,14,9,22,10,18,10,22,8,19,9,18,11,11,4,9,10,12,7,9,5,7,7,8,4,10,5,7,6,8,6,17,7,11,6,10,5,9,]
862,1,4,with_set,0.01,1,1,201,23,loop_limit,[683,134,159,42,57,26,42,18,9,8,15,12,23,10,17,9,17,12,17,9,9,7,24,9,20,9,16,9,10,11,18,7,16,7,17,8,15,8,21,10,16,10,16,8,9,7,5,4,7,7,21,4,7,7,13,6,11,8,7,4,4,5,12,7,11,6,4,3,5,6,7,4,7,6,7,4,5,4,4,6,10,6,5,5,8,9,17,12,16,12,10,6,18,10,18,10,14,9,16,9,16,9,12,8,18,7,12,7,8,5,9,4,6,7,13,6,11,7,17,5,10,4,7,5,15,8,21,13,34,20,25,17,27,8,14,7,18,7,13,7,12,10,19,10,7,5,13,4,7,6,14,5,12,9,18,11,26,9,12,9,19,7,5,4,8,8,10,5,16,7,14,10,13,5,12,6,16,6,12,7,7,5,13,5,8,6,11,5,9,8,17,6,15,9,15,8,14,10,25,11,23,]
862,1,8,with_set,0.01,1,1,201,6,loop_limit,[683,134,148,52,65,22,43,17,25,11,17,8,15,11,34,16,31,12,19,12,22,12,27,9,12,10,18,12,23,9,10,4,13,7,13,9,6,7,12,5,12,5,10,7,10,7,19,9,24,5,6,4,8,5,7,6,7,4,6,6,15,6,7,6,8,6,11,5,9,5,14,6,5,4,10,7,14,8,12,4,6,7,6,4,5,4,7,5,11,6,13,5,8,7,19,6,10,7,8,7,13,7,17,10,15,9,14,5,8,7,14,7,17,10,21,11,27,11,23,11,21,13,29,11,24,12,16,5,7,7,15,9,11,6,19,7,13,5,6,4,12,5,9,5,9,5,12,7,4,5,8,4,10,5,11,5,5,6,15,6,12,7,10,7,10,8,16,5,6,5,10,9,22,11,19,10,23,14,22,10,11,9,26,9,12,7,14,11,12,9,17,10,11,8,15,6,11,4,5,6,6,]
862,1,16,with_set,0.01,1,1,201,7,loop_limit,[683,218,224,76,111,30,38,23,42,14,15,20,54,23,37,17,20,14,23,17,19,7,12,11,11,7,12,7,13,9,15,7,11,4,7,7,15,6,12,8,17,10,11,7,11,5,17,4,10,5,13,10,23,9,24,10,16,11,22,8,17,4,11,6,9,4,11,6,17,6,11,8,15,8,14,8,12,9,18,5,12,6,10,5,8,6,17,7,14,10,27,8,12,5,9,10,23,12,16,5,9,6,8,6,14,7,8,5,13,12,18,5,12,4,11,7,13,6,13,6,9,6,12,4,11,9,14,6,14,6,10,5,8,5,8,8,6,4,12,4,7,5,9,9,17,10,17,14,27,11,17,8,14,5,6,6,10,5,7,6,11,5,20,9,13,8,12,7,14,6,15,6,15,6,11,5,12,8,17,7,9,5,9,4,11,7,17,6,13,8,13,5,13,5,11,7,6,4,7,8,7,]
867,1,16,with_set,0.01,1,1,201,4,loop_limit,[395,210,110,35,26,8,4,6,5,5,8,5,4,5,4,4,5,5,10,5,3,4,4,5,3,2,4,7,10,6,7,4,2,2,4,6,8,3,6,9,3,4,6,9,3,4,6,4,2,2,4,4,5,4,7,2,6,5,5,8,7,4,5,6,4,5,4,4,7,3,4,6,4,4,4,3,3,3,3,2,4,5,2,4,3,3,3,5,5,4,9,5,6,4,4,6,5,6,4,2,4,4,4,3,6,3,3,4,7,6,7,6,3,3,8,9,5,6,3,3,8,5,4,4,4,4,4,3,4,2,4,3,4,5,3,4,6,4,4,4,6,5,5,7,6,5,4,4,8,8,10,11,7,2,4,4,8,3,7,5,5,6,5,2,4,5,5,5,3,4,4,4,9,5,2,3,7,5,7,9,3,3,4,4,8,4,4,3,4,3,3,3,4,5,6,5,3,4,6,2,4,]
871,1,1,with_set,0.01,1,1,201,793,loop_limit,[1251,679,882,606,766,551,735,543,681,530,689,531,683,560,746,546,697,532,709,546,694,531,666,586,780,569,737,560,713,559,770,598,714,585,742,560,757,592,789,563,691,534,706,522,674,574,791,552,703,494,666,520,718,544,765,573,709,555,714,536,739,574,761,566,724,549,704,560,712,571,722,562,701,524,669,513,666,513,780,569,748,584,742,550,727,557,716,554,706,545,747,548,700,545,713,539,718,587,728,591,752,576,735,531,724,576,781,556,775,572,720,609,777,572,719,528,654,517,728,534,734,536,635,481,637,527,665,558,700,545,683,535,706,539,754,588,751,643,751,550,724,544,812,581,714,543,725,537,719,537,715,519,750,551,747,538,692,573,715,604,734,544,702,527,669,516,705,538,692,536,706,600,748,538,704,548,718,599,750,584,736,570,710,550,662,546,753,563,718,540,767,566,729,536,740,536,694,576,763,585,793,]
871,1,1,with_set,0.05,5,5,201,758,loop_limit,[1251,684,793,579,720,610,731,568,690,531,682,531,666,547,725,576,800,566,729,586,765,552,743,575,757,595,822,591,747,602,756,558,739,545,718,533,744,601,760,573,769,568,747,552,689,515,674,569,710,539,746,532,676,588,720,558,780,571,807,596,748,574,764,584,716,561,672,529,707,534,743,554,716,571,720,543,662,553,701,612,780,563,729,568,745,557,675,543,744,561,712,578,710,536,748,589,772,534,689,555,676,508,666,511,740,549,778,565,714,510,668,547,736,611,736,571,754,544,730,587,770,558,679,540,696,534,661,532,695,588,747,558,730,590,759,562,738,562,789,565,735,542,683,523,721,545,659,527,707,600,732,540,732,560,793,559,753,567,730,565,755,583,768,555,758,580,755,607,759,580,736,568,684,530,714,549,712,531,694,546,787,589,765,556,731,535,740,574,725,574,738,552,702,601,777,574,743,532,758,571,758,]
871,1,1,with_set,0.1,11,11,201,700,loop_limit,[1251,692,823,598,712,549,769,550,735,582,730,556,730,553,703,560,743,639,794,590,702,585,764,589,750,624,750,624,750,565,715,599,746,575,753,569,749,581,747,598,817,559,727,554,691,550,737,583,768,629,739,543,693,546,731,570,683,498,707,542,736,563,760,558,692,567,755,590,796,615,758,612,773,615,757,570,696,514,649,509,694,517,670,543,707,561,760,554,776,554,702,549,668,560,708,590,732,555,716,531,733,606,732,568,725,545,701,546,720,567,716,610,777,620,766,572,704,585,728,538,736,555,730,598,795,593,762,538,726,554,690,525,675,532,701,560,705,544,725,566,762,561,736,541,696,546,660,534,666,579,720,538,730,580,748,575,733,553,755,564,715,571,768,561,727,606,768,561,731,553,726,543,717,596,738,540,707,594,759,550,732,597,758,598,757,582,738,563,746,541,774,586,780,565,715,535,694,528,683,530,700,]
871,1,1,with_set,0.25,28,28,201,687,loop_limit,[1251,679,800,596,755,565,708,519,710,532,649,584,736,571,779,600,741,553,698,593,798,564,735,570,726,531,694,532,707,565,749,628,800,569,749,585,800,568,748,597,724,511,654,533,708,588,781,569,700,494,739,554,702,537,708,568,796,560,735,533,810,619,777,566,781,555,714,551,714,601,714,560,724,563,747,567,709,563,719,522,736,573,760,565,729,598,761,577,711,549,685,546,696,553,705,608,705,531,735,530,704,550,715,553,750,641,776,580,741,608,746,558,687,583,715,558,709,553,709,562,704,551,750,562,679,515,711,548,718,521,683,534,706,527,691,524,645,557,718,579,735,571,759,571,704,551,732,556,741,545,711,588,752,574,716,589,750,570,747,550,700,527,684,542,706,536,724,556,729,571,728,534,698,542,749,574,749,574,762,590,770,605,788,587,744,579,780,579,780,579,709,536,698,548,671,492,632,471,679,538,687,]
871,1,2,with_set,0.01,1,1,201,670,loop_limit,[1251,675,839,604,741,582,763,586,745,571,711,556,692,524,700,558,736,569,723,597,765,554,685,553,712,555,698,547,689,524,711,618,711,561,706,536,723,576,700,588,778,556,756,636,727,519,685,492,722,535,675,532,722,538,664,536,675,530,738,558,725,513,757,592,725,569,727,558,767,550,693,526,665,519,731,588,763,570,728,554,711,553,693,522,694,557,716,542,672,592,782,552,730,567,710,552,777,607,785,537,724,530,691,550,769,572,723,572,781,552,723,520,658,548,676,500,736,560,748,570,741,601,774,572,786,558,733,557,771,606,782,583,757,590,743,580,706,517,727,560,747,564,744,565,755,583,766,567,788,587,719,578,689,537,653,552,673,590,751,577,741,570,706,551,677,525,649,516,650,582,729,562,761,556,742,553,705,511,658,518,660,494,753,567,688,539,731,544,756,592,747,589,761,565,768,595,749,578,728,532,670,]
871,1,2,with_set,0.05,5,5,201,706,loop_limit,[1251,679,779,566,740,600,741,544,713,561,748,540,703,562,787,557,710,556,692,591,801,569,796,569,764,556,718,569,702,513,716,550,705,537,697,545,753,589,752,549,655,561,722,528,736,540,766,557,745,583,787,567,774,568,707,569,680,525,682,520,725,549,741,565,706,554,673,549,689,538,706,539,722,567,744,547,743,557,719,517,693,555,743,536,685,571,711,542,747,572,725,557,740,575,779,565,751,548,670,513,723,589,733,564,685,546,670,597,772,559,676,550,695,556,678,516,687,591,687,552,721,564,746,568,745,558,700,548,697,511,654,506,705,550,718,558,774,558,710,513,669,523,738,555,715,591,715,553,714,607,743,565,777,599,691,535,738,575,698,544,653,502,650,563,722,572,746,551,717,569,695,524,659,575,717,560,686,528,669,523,675,559,712,510,708,558,792,571,762,646,799,590,810,617,766,559,742,555,723,566,706,]
871,1,2,with_set,0.1,11,11,201,738,loop_limit,[1251,684,798,572,784,582,757,555,801,621,800,587,784,556,689,588,755,559,737,532,674,540,676,580,727,564,689,598,701,515,675,539,714,556,756,575,739,602,766,572,766,577,703,597,782,557,784,577,796,588,768,580,798,607,767,647,767,647,767,581,758,549,689,539,692,527,669,551,691,528,672,543,683,565,739,567,762,550,710,556,720,542,745,625,795,645,778,601,803,587,751,563,741,527,686,500,642,537,688,527,690,528,686,537,693,552,709,556,744,576,759,555,748,581,736,588,710,532,771,601,736,549,721,550,693,549,739,553,711,573,770,554,668,539,673,547,754,558,787,579,708,561,735,601,744,529,678,537,745,564,695,568,745,558,780,586,792,576,728,571,716,550,704,559,689,547,662,541,722,564,725,559,694,533,730,543,720,569,732,560,695,542,688,541,763,555,701,550,682,561,682,528,713,543,700,550,735,560,741,619,738,]
871,1,2,with_set,0.25,28,28,201,717,loop_limit,[1251,720,832,595,764,540,710,539,659,529,754,583,810,568,773,557,730,548,727,564,758,546,712,565,691,575,712,537,734,543,719,543,721,586,733,557,730,539,667,522,749,626,766,536,724,547,676,532,695,524,679,551,713,555,707,554,687,589,800,614,797,593,759,578,740,545,741,577,717,553,757,565,736,544,747,629,758,637,793,584,762,575,723,573,783,571,768,588,766,577,733,559,751,571,726,597,786,566,766,577,779,562,722,605,722,548,742,549,660,533,664,526,709,531,649,496,690,551,688,528,728,575,734,538,699,545,700,542,687,550,668,522,719,527,643,530,698,593,698,559,722,550,722,592,786,633,815,599,782,624,749,546,707,545,764,563,736,568,689,532,719,572,769,605,771,579,792,579,725,565,795,567,726,566,745,557,751,597,750,571,720,536,691,555,731,576,684,562,750,583,730,569,720,545,737,541,730,545,704,546,717,]
871,1,4,with_set,0.01,1,1,201,838,loop_limit,[1251,681,774,570,774,561,721,529,687,521,712,594,749,553,886,632,813,584,775,563,734,561,739,561,740,598,766,582,744,620,918,597,733,552,735,596,733,552,906,611,859,593,733,566,686,539,729,558,847,568,727,551,742,601,742,536,702,532,652,517,678,526,736,538,714,601,731,558,737,554,725,563,788,590,916,696,794,686,859,617,787,698,819,576,750,545,925,610,731,569,740,543,750,552,760,577,747,592,756,575,846,596,784,576,758,551,783,749,837,601,726,569,761,561,728,525,765,591,755,583,703,559,694,544,709,551,716,552,722,727,816,586,734,549,730,552,690,544,740,602,726,660,770,589,740,562,676,527,675,534,661,513,673,554,756,541,715,542,700,535,672,648,828,580,759,623,768,583,754,546,693,620,742,555,722,581,726,559,721,586,755,587,739,548,1124,657,770,564,718,558,815,604,791,580,765,560,681,596,1075,658,838,]
871,1,4,with_set,0.05,5,5,201,829,loop_limit,[1251,681,931,605,761,576,700,553,714,548,695,540,792,540,732,535,694,528,718,540,738,739,868,607,743,591,750,556,694,526,727,567,748,579,719,511,665,552,892,625,795,598,747,702,802,659,802,764,891,717,886,597,781,753,880,582,1081,668,799,602,769,572,722,568,1101,671,791,577,719,570,721,566,769,575,731,547,714,523,723,575,734,539,763,535,707,728,852,605,750,562,892,618,1065,655,830,570,806,586,736,695,802,583,748,636,784,579,758,548,778,598,1067,652,796,586,785,586,746,556,747,772,897,609,854,600,752,573,722,594,722,553,722,559,763,572,747,738,861,609,949,610,792,572,779,558,1032,677,774,542,900,596,741,550,755,547,742,608,742,560,733,552,755,657,787,564,1113,678,849,600,736,614,797,603,742,580,726,530,761,530,661,525,650,504,710,564,686,538,756,564,710,552,716,551,711,745,842,589,711,750,882,682,829,]
871,1,4,with_set,0.1,11,11,201,671,loop_limit,[1251,692,1007,638,790,559,720,680,825,782,848,731,1153,674,991,631,812,597,759,634,757,588,730,567,779,750,882,586,750,537,670,533,679,572,718,562,742,557,749,577,728,537,898,606,826,575,813,591,778,737,839,712,1143,661,852,583,987,622,814,698,818,571,746,549,927,629,808,576,802,557,1020,641,823,587,819,598,894,579,726,571,679,552,712,530,711,597,754,540,1099,660,775,570,727,596,1117,678,844,592,1100,680,799,550,1074,657,1017,631,833,566,700,563,667,524,657,510,662,638,743,571,731,614,752,581,736,549,731,537,694,515,664,521,1104,651,850,599,779,552,701,521,706,536,687,667,780,571,740,582,751,749,845,587,724,556,679,562,748,566,781,564,711,648,894,604,777,563,1113,654,846,587,753,580,756,570,1058,648,796,759,830,589,1093,674,879,674,781,684,813,596,770,537,1097,675,837,591,762,605,717,549,699,568,732,537,671,]
871,1,4,with_set,0.25,28,28,201,673,loop_limit,[1251,675,784,539,699,517,673,528,734,739,837,608,797,572,805,586,774,556,736,578,725,549,678,497,664,526,986,629,777,554,728,673,807,597,716,528,681,540,687,545,698,535,738,578,788,570,790,773,851,607,769,578,723,553,705,606,755,561,740,569,709,527,787,527,687,520,1107,695,819,606,1088,680,855,595,822,598,817,621,739,619,763,559,707,532,1070,661,762,584,767,579,711,546,740,572,734,727,844,611,768,570,727,546,710,546,683,524,689,545,706,560,749,638,945,645,1142,786,894,586,704,616,759,734,867,595,756,561,745,565,756,745,848,598,905,699,845,590,766,586,745,625,779,755,833,660,825,599,750,553,708,564,1095,661,813,786,854,607,739,576,750,556,699,546,694,541,696,590,746,621,807,746,881,680,840,598,1101,776,878,593,758,616,750,542,737,740,831,572,727,572,751,628,751,628,828,573,730,536,712,544,734,538,673,]
871,1,8,with_set,0.01,1,1,201,784,loop_limit,[1251,684,793,723,871,789,905,595,793,571,745,583,721,560,754,560,755,554,721,569,738,553,701,550,1164,683,828,578,744,535,717,538,1204,670,862,615,788,796,869,778,863,672,1190,796,899,664,823,594,699,538,720,574,768,566,774,590,725,782,859,609,1044,636,778,585,702,561,763,603,787,585,1106,656,789,765,915,656,1245,679,793,558,726,578,699,542,801,582,754,540,725,574,713,604,745,574,727,753,951,629,763,572,695,779,906,621,795,621,822,583,735,561,723,558,749,538,675,528,679,792,899,788,1251,688,836,613,720,569,773,588,773,574,743,527,742,538,766,578,781,632,828,579,798,574,767,783,840,579,991,621,832,586,758,760,915,644,805,621,777,572,730,537,712,565,765,570,778,597,738,537,731,755,919,674,811,582,715,752,847,769,1159,700,1121,796,907,619,835,576,1071,655,851,585,775,625,754,750,867,689,836,576,806,569,784,]
871,1,8,with_set,0.05,5,5,201,735,loop_limit,[1251,675,869,616,721,553,747,570,755,792,900,689,832,602,760,561,781,618,779,752,842,577,774,557,661,519,662,507,643,515,731,598,727,557,963,631,1098,670,855,793,869,675,863,772,833,782,907,602,784,584,793,572,780,569,706,525,720,595,735,572,721,544,748,572,699,527,735,594,759,575,723,796,856,792,907,595,808,585,753,555,767,588,728,615,1230,683,863,579,765,754,1251,730,866,615,770,605,764,606,739,796,912,673,836,601,767,574,737,580,710,531,710,557,721,674,827,652,836,773,844,683,782,568,715,601,1077,663,820,671,793,576,1046,627,777,565,733,781,862,609,792,796,907,619,1243,683,869,651,862,796,907,639,767,554,828,577,708,547,667,542,680,576,724,611,755,564,662,519,680,513,671,532,738,566,792,760,901,695,800,778,845,680,1178,744,837,792,869,604,709,620,787,589,781,589,781,608,794,570,736,536,784,587,735,]
871,1,8,with_set,0.1,11,11,201,904,loop_limit,[1251,681,806,668,828,665,819,776,855,585,734,553,754,545,714,536,695,774,836,583,739,519,754,519,697,537,1175,671,1243,673,791,584,759,559,733,569,783,563,1030,634,834,600,1149,673,827,760,931,689,1129,796,846,796,1235,681,774,654,789,603,780,612,804,565,741,518,762,558,1071,641,770,556,710,553,703,538,759,759,1251,692,1247,688,818,575,712,540,805,540,736,560,827,625,788,578,776,565,811,604,750,755,832,675,1251,796,860,615,787,553,1062,640,1172,672,812,583,728,611,795,618,761,574,730,555,749,568,722,553,703,790,850,598,1061,648,793,617,811,793,906,691,802,630,754,606,829,609,794,792,1208,683,1163,794,912,665,856,578,766,561,728,541,741,569,781,617,832,600,784,581,742,621,771,603,797,593,749,560,707,554,1022,629,796,579,792,588,784,570,745,559,732,549,964,619,786,566,712,545,722,574,1068,704,877,768,834,792,904,]
871,1,8,with_set,0.25,28,28,201,773,loop_limit,[1251,684,798,639,1058,637,825,610,854,600,727,586,1114,674,864,778,844,603,786,621,786,580,773,564,718,552,766,562,744,567,820,567,820,577,753,607,729,609,768,573,803,578,730,542,797,592,811,642,833,795,1251,679,866,601,804,572,774,574,699,564,758,786,922,631,821,561,1107,665,829,662,1079,633,805,593,999,646,827,603,1111,796,860,599,789,588,716,556,719,552,749,592,759,560,1006,642,770,554,772,627,756,607,740,512,677,542,736,562,759,571,703,594,805,597,788,604,802,563,772,566,681,595,737,636,1106,697,1133,661,827,575,746,588,787,775,852,782,841,590,736,796,899,705,802,634,822,591,767,558,774,568,1085,706,842,636,817,639,836,784,901,787,958,634,755,543,681,534,676,561,744,739,872,676,872,605,751,608,734,627,795,562,750,552,781,577,739,588,784,614,817,587,1178,708,924,678,799,608,774,598,794,563,700,588,773,]
871,1,16,with_set,0.01,1,1,201,860,loop_limit,[1251,675,811,605,929,796,869,599,701,510,776,553,702,543,1234,690,929,761,892,763,893,796,931,615,934,623,782,583,737,609,737,558,1251,697,841,582,765,569,738,565,738,590,1251,796,1251,684,793,615,788,557,720,796,912,760,1149,675,809,761,1147,780,852,598,921,587,1251,679,846,645,770,796,1096,684,1050,775,944,626,1251,679,889,735,885,751,881,617,1251,675,1251,707,849,605,1251,720,841,610,762,557,690,550,713,555,758,599,762,550,747,586,802,601,756,579,723,536,710,732,1251,696,812,562,799,796,1167,657,836,796,899,796,856,749,931,796,966,625,1251,795,912,611,746,626,744,550,841,617,756,572,701,565,1251,795,866,626,893,613,1251,710,1076,796,899,777,1124,792,866,586,753,573,729,796,912,631,848,617,816,721,833,572,1251,675,873,614,759,574,689,532,850,608,780,563,1185,682,792,747,880,613,819,737,900,639,1015,796,1153,796,860,]
871,1,16,with_set,0.05,5,5,201,795,loop_limit,[1251,796,1251,688,867,579,712,538,1197,668,830,576,812,576,812,594,748,575,729,559,717,609,748,796,846,573,704,540,932,618,962,629,809,796,1163,776,889,603,708,544,1144,694,783,618,990,639,803,568,800,569,859,634,806,567,756,796,1228,677,1058,678,1019,660,791,796,869,626,751,630,758,796,1251,684,807,574,850,748,810,578,774,596,741,574,725,543,729,556,710,538,684,681,797,567,739,566,1251,684,1251,688,856,582,736,576,722,796,912,630,1018,632,799,571,915,609,814,665,810,636,788,544,1251,704,866,796,860,608,1251,787,927,796,1251,692,876,741,840,593,722,559,732,796,1251,692,823,614,812,600,778,689,865,620,911,796,856,688,836,574,760,601,795,594,806,572,697,527,663,515,857,602,712,564,716,535,754,579,719,546,739,796,1233,679,774,585,730,545,1251,720,853,610,784,574,822,626,778,571,1251,712,824,601,1209,775,891,627,795,]
871,1,16,with_set,0.1,11,11,201,897,loop_limit,[1251,704,802,719,834,602,707,616,836,595,804,600,779,584,759,588,734,615,708,548,696,519,672,520,909,573,768,713,882,739,907,666,907,796,860,607,1208,674,1057,657,1251,688,818,587,1251,787,1251,720,1076,679,1251,796,860,585,694,688,833,619,987,636,1251,777,942,766,856,613,770,566,706,593,956,640,792,796,856,598,754,796,846,597,881,629,1251,710,825,759,880,606,760,572,731,796,860,581,763,576,767,725,839,658,820,581,1251,679,797,582,737,653,842,796,1186,656,838,572,972,634,795,634,774,726,1251,792,1194,681,1251,789,949,628,1030,610,1219,700,870,652,801,572,903,741,892,796,953,639,1042,675,841,611,1020,637,775,563,1251,684,869,733,899,598,773,624,797,593,745,584,739,525,822,629,769,582,762,780,847,684,1056,642,1251,708,1251,692,1251,792,928,625,799,566,688,560,728,522,668,678,874,754,1100,666,861,586,736,548,908,755,897,]
871,1,16,with_set,0.25,28,28,201,843,loop_limit,[1251,688,812,580,714,548,698,796,958,623,849,609,840,575,723,545,707,690,860,796,1251,796,888,629,753,596,1251,692,890,747,816,575,698,547,697,569,845,584,773,593,750,572,820,576,750,548,686,555,676,534,694,569,802,579,710,545,987,638,820,796,856,750,853,796,869,599,820,591,1251,720,832,711,1068,669,875,585,991,646,864,585,1251,703,1251,792,908,622,779,729,823,606,775,567,780,543,705,562,731,532,651,503,683,514,1191,694,825,710,1108,699,820,610,837,595,763,573,1251,684,869,621,1251,710,809,748,1251,679,1214,796,912,617,778,796,933,657,981,615,1251,679,793,577,778,594,800,594,772,564,702,553,721,597,721,556,1222,784,912,612,844,623,754,733,1061,765,1123,796,869,606,832,619,777,720,840,604,800,608,759,576,961,645,863,614,781,564,716,615,758,796,1251,675,791,574,935,652,858,598,989,634,762,565,920,587,1251,684,843,]
871,2,1,with_set,0.01,2,2,201,45,loop_limit,[1251,518,404,236,204,147,126,106,114,69,83,55,57,36,35,37,57,34,56,35,43,30,45,30,43,38,53,34,45,39,43,25,32,19,22,10,16,17,29,21,25,26,44,28,55,26,41,30,47,30,48,30,59,30,43,21,23,15,15,15,24,23,25,28,40,21,30,25,28,16,22,21,27,31,40,40,52,30,33,27,41,27,48,30,36,36,50,38,54,50,60,38,56,36,37,19,44,23,34,20,38,18,30,21,23,21,19,17,15,20,29,29,43,18,45,30,60,26,30,19,35,22,30,13,28,24,35,27,39,31,29,37,38,34,35,31,25,23,33,25,34,31,32,22,41,32,36,34,49,32,38,34,39,23,40,21,28,16,25,27,26,22,40,30,37,35,51,37,29,19,29,16,28,14,30,19,19,19,25,18,38,32,35,23,32,20,37,25,37,33,44,27,44,37,37,37,38,23,37,20,45,]
871,2,2,with_set,0.01,2,2,201,30,loop_limit,[1251,503,461,252,256,172,151,124,126,75,75,50,59,51,61,49,44,25,40,26,28,29,26,14,21,15,26,25,23,18,20,12,29,25,29,19,19,12,23,13,28,26,38,23,36,15,19,23,45,29,53,25,25,19,29,17,21,13,34,25,36,12,24,17,38,25,36,21,23,20,26,12,21,20,22,20,37,23,22,19,20,19,25,23,35,30,35,24,31,15,23,21,32,29,30,30,41,37,46,37,40,24,26,30,42,40,41,28,30,16,20,16,19,21,31,25,35,23,26,25,34,11,18,12,32,25,33,18,16,16,15,17,19,16,21,18,31,25,32,31,40,25,36,19,34,27,49,30,49,36,39,26,39,26,41,33,55,49,48,38,58,42,56,53,47,29,41,32,39,28,38,33,38,25,34,20,25,33,63,34,34,41,56,44,54,36,45,27,57,35,42,34,35,36,40,27,28,28,34,30,30,]
871,2,4,with_set,0.01,2,2,201,52,loop_limit,[1251,524,412,376,343,196,210,128,141,79,86,61,77,47,62,38,56,39,57,47,70,35,50,48,42,34,57,57,75,56,87,41,54,42,40,26,30,29,44,30,29,27,31,20,27,24,28,32,36,29,46,29,42,25,40,32,46,34,45,40,53,39,38,24,37,34,40,37,38,26,41,35,35,39,42,46,52,32,34,24,24,24,34,29,32,29,45,26,43,37,47,44,55,47,58,44,40,40,51,32,40,34,49,43,39,34,41,24,25,24,36,23,36,25,36,25,36,18,31,25,32,22,43,25,46,31,55,39,63,36,50,53,99,58,72,69,75,42,49,32,43,31,24,22,20,22,26,23,22,14,16,11,26,23,40,33,45,35,59,38,46,41,44,35,36,26,22,17,24,15,26,20,36,26,34,25,35,20,38,22,22,30,43,30,36,32,36,32,36,22,33,21,32,30,43,30,31,26,42,32,52,]
871,2,4,with_set,0.05,11,11,201,39,loop_limit,[1251,499,448,389,354,217,200,127,132,83,123,89,88,58,81,64,71,45,32,24,32,32,38,25,23,13,21,15,13,18,16,14,34,26,43,37,51,39,50,32,50,21,27,19,18,17,32,22,33,35,52,45,65,37,52,31,48,34,47,36,41,27,23,18,35,24,36,27,34,23,22,24,42,29,38,22,41,22,28,24,29,14,27,19,28,19,17,22,17,14,14,14,33,15,27,18,33,23,24,18,41,29,32,23,26,16,28,15,27,26,34,24,33,32,44,18,33,19,34,24,36,22,43,27,42,27,29,22,25,20,34,26,37,26,32,28,50,28,27,34,40,32,33,22,26,34,36,28,37,24,27,16,24,28,28,16,30,18,29,27,51,26,50,25,27,27,35,22,34,22,21,18,26,21,31,23,28,15,16,16,17,21,32,29,39,28,37,32,45,27,52,33,47,40,46,32,44,26,34,30,39,]
871,2,8,with_set,0.01,2,2,201,18,loop_limit,[1251,493,556,353,320,209,181,111,136,123,160,99,140,91,81,50,59,37,46,30,35,33,49,32,39,27,40,29,40,23,31,20,23,19,29,21,27,13,22,21,40,27,42,25,42,26,31,21,25,27,30,27,26,22,12,9,11,13,13,10,26,21,32,24,33,36,37,22,27,17,23,11,25,13,21,17,29,14,24,19,19,14,21,24,40,28,51,35,43,27,48,33,51,28,30,22,32,22,33,20,39,33,40,29,30,36,52,27,38,24,24,18,22,15,18,9,12,14,17,22,31,25,26,21,31,20,41,26,41,27,25,23,19,22,21,17,23,19,18,27,18,16,37,33,48,29,41,28,37,28,30,32,33,23,44,38,43,45,65,39,28,30,43,33,37,23,28,27,32,28,27,23,32,22,42,24,21,16,32,13,9,8,11,13,23,18,26,24,21,17,32,13,22,17,16,14,22,17,22,14,18,]
871,2,16,with_set,0.01,2,2,201,42,loop_limit,[1251,796,613,330,881,386,349,220,206,122,211,124,298,189,193,125,144,99,178,107,105,78,113,76,82,60,74,62,70,55,66,34,45,40,48,40,44,36,60,41,52,37,53,44,50,29,42,39,41,36,44,23,22,19,30,22,30,26,38,32,47,30,26,20,24,18,21,17,31,21,39,16,17,15,23,22,21,19,36,50,52,36,47,33,51,33,29,23,26,33,49,48,58,58,51,41,52,30,37,16,42,21,39,27,43,28,43,31,38,16,22,21,25,27,26,17,37,24,45,21,26,20,23,14,22,17,23,12,18,14,27,12,27,19,17,14,26,23,26,20,22,18,25,14,37,16,32,26,24,13,15,18,19,17,30,24,35,21,20,20,36,27,36,22,48,31,40,27,59,29,29,18,31,13,23,20,38,24,26,15,30,17,39,20,24,17,28,22,40,19,31,21,34,19,34,27,43,24,42,36,42,]
891,1,1,with_set,0.01,1,1,201,18,loop_limit,[429,157,102,59,42,22,37,16,22,16,18,12,22,17,15,8,11,10,14,13,12,13,12,13,21,22,17,12,14,13,12,16,19,16,13,11,11,9,11,8,13,12,12,8,11,16,15,13,14,14,12,9,13,9,19,17,22,15,21,15,12,13,16,17,17,17,16,16,20,11,21,12,21,18,19,16,19,12,13,13,12,13,13,16,17,9,11,10,15,17,15,13,14,13,11,10,12,13,14,14,13,14,11,10,14,14,18,17,22,19,21,16,19,14,12,13,13,10,15,17,19,10,17,15,12,12,14,11,24,15,15,12,20,15,12,19,17,19,13,13,14,9,13,11,13,10,12,13,11,12,14,16,19,16,12,12,17,14,17,11,15,14,13,14,22,17,18,20,19,13,18,14,13,15,16,12,14,12,14,16,20,17,18,11,15,8,14,16,14,15,13,10,11,12,12,19,17,14,20,17,18,]
891,1,1,with_set,0.05,5,5,201,19,loop_limit,[429,162,104,51,44,32,29,16,13,13,17,9,11,11,12,11,13,15,11,14,16,13,15,12,16,14,14,13,16,11,16,11,11,11,12,17,14,11,14,11,11,11,16,13,13,12,14,11,13,13,26,17,25,14,13,9,11,11,16,13,15,11,14,18,19,10,11,9,11,11,13,13,15,14,17,9,13,11,13,11,13,17,15,14,20,17,12,16,22,14,18,14,15,14,16,16,13,13,15,13,16,19,16,19,24,23,21,17,20,17,17,9,19,17,14,13,11,12,14,12,13,15,17,13,18,15,18,14,17,13,21,16,20,20,22,18,25,16,18,15,13,16,17,11,13,11,21,11,13,14,11,11,13,9,13,14,16,16,15,12,13,14,28,20,13,16,15,16,23,21,15,16,17,15,20,13,12,16,14,16,19,17,19,21,16,11,13,11,15,16,19,15,21,20,18,12,15,13,12,14,19,]
891,1,2,with_set,0.01,1,1,201,14,loop_limit,[429,149,84,54,31,26,33,27,26,19,26,20,21,21,21,15,14,16,12,12,16,14,15,8,14,16,21,15,16,10,13,15,16,24,19,12,14,12,14,12,24,16,25,20,18,13,25,17,26,19,31,23,31,22,25,25,24,17,17,18,19,15,16,12,21,22,14,14,19,13,14,19,19,14,11,11,17,11,14,16,16,17,24,16,18,16,23,18,19,14,21,20,22,15,15,14,20,11,20,9,13,15,11,13,21,20,24,19,21,19,17,11,12,11,12,17,16,16,13,14,11,11,12,14,16,18,14,12,21,22,21,11,12,11,21,18,17,14,12,12,12,13,21,22,15,18,14,13,19,15,12,13,19,14,14,9,16,15,20,13,18,16,17,12,13,12,11,12,18,14,17,13,14,10,14,13,15,11,11,13,11,12,19,13,20,13,18,13,18,15,18,11,14,13,19,12,16,12,11,16,14,]
891,1,2,with_set,0.05,5,5,201,11,loop_limit,[429,149,104,59,58,26,28,23,12,13,17,16,19,17,24,18,17,17,16,16,20,18,15,20,16,17,13,15,13,14,14,15,15,17,14,18,19,15,16,14,24,23,19,16,20,15,27,19,19,16,19,15,14,14,15,14,24,14,20,19,15,11,16,10,11,10,12,14,12,11,11,12,14,16,27,19,18,19,14,13,11,10,14,12,12,11,11,14,22,21,23,17,22,15,17,17,16,19,15,12,12,12,14,18,19,10,14,13,14,18,15,17,19,17,22,13,15,10,12,13,14,16,15,15,17,10,14,9,13,8,11,17,13,13,11,16,15,13,16,17,15,15,14,14,24,14,23,22,17,19,23,25,14,11,12,14,20,12,15,14,16,11,15,9,11,12,13,13,12,11,16,14,14,14,20,11,16,13,12,11,12,12,21,15,21,18,15,15,17,13,13,13,17,18,17,16,16,17,16,13,11,]
891,1,4,with_set,0.01,1,1,201,13,loop_limit,[429,154,170,70,73,44,39,22,17,12,13,13,21,14,12,12,18,18,16,12,13,12,26,11,13,11,12,15,11,12,11,10,15,9,11,14,24,20,19,17,15,12,11,14,11,17,13,13,11,9,15,13,20,20,20,18,12,17,17,20,16,9,15,12,13,11,24,20,20,17,19,16,23,15,18,10,13,20,18,13,25,9,11,13,14,14,13,9,11,8,13,11,11,14,12,9,15,8,11,11,21,22,20,18,13,11,24,19,21,17,13,11,13,10,19,13,14,15,26,17,18,22,22,16,15,13,11,14,12,14,28,18,24,23,19,11,14,9,13,11,16,17,14,14,24,23,24,19,21,16,21,19,24,17,23,19,13,9,11,13,18,13,17,13,19,21,12,13,26,17,16,15,19,23,15,17,25,15,14,19,17,14,16,13,15,8,11,9,11,9,11,12,14,11,12,14,11,11,13,11,13,]
891,1,4,with_set,0.05,5,5,201,14,loop_limit,[429,149,133,61,76,57,74,55,33,24,22,17,28,20,19,13,20,13,19,17,19,24,25,15,14,9,14,17,15,12,14,12,17,17,19,16,14,14,11,10,11,16,12,17,19,16,21,11,11,12,13,19,14,13,17,10,21,15,19,14,17,15,16,19,22,17,20,13,13,11,17,11,12,13,17,13,21,20,22,17,22,13,12,11,13,16,14,12,12,11,16,12,13,8,11,10,15,19,17,19,16,17,15,16,13,19,15,14,19,11,11,11,17,12,17,11,13,14,19,13,11,10,12,13,13,8,11,12,12,12,15,11,14,18,19,17,13,19,11,11,14,9,11,11,12,12,14,13,19,15,18,13,14,13,22,22,19,15,19,17,21,20,15,8,11,11,12,14,21,13,14,21,22,19,14,17,15,12,14,14,20,11,19,11,11,12,11,10,16,10,13,11,12,17,14,11,12,12,19,11,14,]
891,1,8,with_set,0.01,1,1,201,26,loop_limit,[429,148,106,45,41,30,27,14,15,13,14,13,15,9,11,12,15,17,15,12,12,11,17,12,13,15,11,12,11,17,15,11,13,17,19,13,18,14,15,20,16,16,20,14,16,17,18,11,17,16,12,13,21,20,22,17,14,19,14,17,15,11,11,11,11,12,17,14,14,16,12,13,14,11,17,11,14,16,17,11,21,20,22,14,13,13,24,19,26,17,16,15,22,15,12,13,16,17,15,15,21,15,16,17,21,14,17,11,16,11,14,14,11,17,17,11,16,8,15,11,12,12,15,11,16,9,14,10,14,14,11,11,15,12,13,11,13,12,15,13,14,14,12,13,19,13,18,23,21,13,15,14,18,19,21,19,27,23,25,16,21,14,21,17,22,12,13,9,11,11,14,12,14,9,11,9,15,17,19,20,18,13,14,12,11,11,13,16,19,15,17,9,11,13,14,9,11,12,15,14,26,]
891,1,8,with_set,0.05,5,5,201,21,loop_limit,[429,151,101,69,47,52,38,19,17,23,21,19,24,18,25,11,22,21,17,17,17,17,18,12,14,18,21,15,16,16,15,17,24,11,15,13,24,9,11,10,16,11,11,12,11,11,12,16,25,20,26,24,12,12,16,14,26,17,15,11,16,9,11,11,13,11,11,11,12,11,11,12,15,11,12,12,14,13,15,8,11,13,14,15,11,11,11,16,14,11,14,14,20,14,25,15,25,16,21,16,15,13,12,12,11,12,11,14,21,24,21,13,14,11,13,13,13,12,18,18,19,10,15,11,12,9,12,12,11,9,11,11,14,12,12,13,17,13,17,17,19,18,18,10,11,11,14,12,14,14,17,16,19,13,18,13,21,18,19,15,16,11,21,14,16,14,21,15,14,17,20,18,16,15,20,17,12,11,17,18,14,14,21,15,11,13,14,11,15,13,12,12,13,13,13,13,12,9,11,14,21,]
891,1,16,with_set,0.01,1,1,201,13,loop_limit,[429,151,104,45,41,22,30,21,15,17,28,21,21,19,15,16,16,16,14,11,12,12,11,13,11,13,14,12,18,15,13,10,13,14,22,20,22,12,19,19,15,13,17,17,15,14,20,9,14,16,14,14,24,15,21,17,21,19,16,14,13,10,16,14,11,10,14,11,13,10,14,13,14,14,11,11,13,14,11,17,15,15,24,11,13,15,13,19,15,17,12,12,16,11,12,16,17,15,12,12,18,15,17,15,15,14,25,22,29,17,21,14,13,14,19,10,13,12,18,17,12,12,15,13,24,18,23,17,12,13,11,16,15,12,13,9,13,11,13,13,12,16,22,24,25,15,21,14,20,18,22,12,14,16,14,16,19,23,21,15,27,13,24,20,23,19,21,22,20,13,13,9,19,18,19,18,20,19,19,17,14,11,19,15,25,14,18,11,16,16,25,22,25,25,16,17,15,15,14,11,13,]
891,1,16,with_set,0.05,5,5,201,11,loop_limit,[429,152,299,117,91,84,158,83,45,21,34,24,18,12,11,8,14,13,17,17,16,15,16,16,16,15,32,21,25,21,28,12,11,13,18,13,15,13,16,14,19,18,14,8,11,13,12,14,11,11,12,16,25,25,21,16,12,13,13,9,11,9,11,9,19,15,15,14,17,15,11,10,12,13,24,16,17,20,13,13,16,13,17,14,19,15,25,21,25,22,14,11,13,11,13,16,14,14,12,9,15,9,15,11,13,8,14,16,17,11,15,9,13,11,12,9,17,11,14,9,13,18,14,14,12,13,13,9,13,12,14,10,16,11,11,11,11,12,14,14,12,9,17,9,13,18,19,22,16,9,19,13,12,10,12,10,12,12,12,11,13,13,15,13,24,11,11,12,21,22,15,15,17,16,12,13,15,11,13,13,17,18,13,13,17,12,11,8,13,11,15,8,14,14,15,16,17,17,15,13,11,]
891,2,1,with_set,0.01,2,2,201,9,loop_limit,[429,88,41,14,12,10,12,10,9,9,12,8,10,7,7,8,11,9,13,8,10,7,12,11,6,12,6,7,8,5,5,5,6,5,5,6,7,11,8,6,9,8,9,6,8,6,9,6,8,5,5,11,8,8,11,6,7,8,6,6,8,11,6,6,6,6,8,6,8,8,6,8,8,10,11,7,7,8,10,8,9,5,8,5,5,6,5,5,6,8,6,7,8,5,6,7,9,6,6,6,9,6,9,8,12,9,13,6,9,6,6,7,6,7,9,6,6,6,7,5,8,8,10,8,9,9,10,5,8,5,5,5,8,6,7,12,10,6,6,6,7,5,5,5,6,6,8,11,8,8,6,11,8,5,5,5,6,6,7,5,8,11,6,7,9,5,8,6,8,7,9,7,9,12,9,6,11,11,8,9,10,6,7,11,8,6,7,6,8,6,7,6,9,5,8,7,10,6,11,6,9,]
891,2,2,with_set,0.01,2,2,201,10,loop_limit,[429,108,39,24,12,7,8,12,10,12,10,7,9,10,10,6,7,6,9,7,8,6,9,8,11,8,10,8,9,7,10,8,12,12,7,8,7,7,9,7,7,8,11,11,8,6,8,6,6,11,8,6,7,6,8,6,6,5,6,6,8,8,10,6,11,8,11,6,7,8,10,5,5,6,8,6,6,6,11,12,12,6,10,6,8,6,8,5,8,5,8,8,5,7,9,6,8,11,6,5,6,6,8,6,7,6,6,5,6,6,8,8,6,9,12,5,8,5,6,5,5,6,8,6,6,5,5,7,10,9,10,7,8,8,10,7,12,11,12,6,7,8,7,7,10,7,7,6,9,6,9,7,9,5,5,6,6,5,8,5,5,5,8,7,6,6,7,5,6,8,8,11,9,6,11,7,7,8,6,6,8,11,9,6,9,8,10,8,11,6,9,7,5,5,8,6,7,7,7,7,10,]
891,2,4,with_set,0.01,2,2,201,8,loop_limit,[429,95,48,14,16,13,8,7,9,7,7,7,12,10,9,10,7,8,12,6,6,8,6,6,7,8,11,7,7,8,9,7,8,6,7,7,9,6,11,11,7,9,8,6,8,9,8,5,8,11,8,11,8,5,6,11,6,6,8,11,6,5,5,5,6,6,5,7,9,5,5,5,6,8,6,5,5,6,7,10,6,9,7,5,5,5,8,7,8,6,7,8,7,7,9,5,5,11,6,5,5,11,8,6,9,9,7,13,9,5,6,5,8,7,10,5,8,6,6,7,8,5,5,6,7,13,9,11,8,6,11,6,6,7,11,7,9,7,10,7,7,7,7,10,9,8,5,11,6,6,8,11,8,6,9,8,9,7,10,6,9,6,7,8,7,8,7,10,7,8,6,7,9,7,7,7,8,6,6,7,8,7,9,7,6,7,7,6,11,6,6,6,7,6,10,7,5,11,8,6,8,]
903,1,1,with_set,0.01,1,1,201,2,loop_limit,[123,24,2,3,3,3,4,4,3,5,4,4,4,5,4,3,3,3,3,5,4,5,5,5,4,4,4,5,4,4,2,4,4,5,4,5,3,3,4,4,4,3,4,4,4,4,5,4,5,6,4,5,2,3,2,4,3,5,3,4,4,5,2,3,4,4,4,3,2,3,3,3,4,4,4,6,5,5,4,4,2,4,3,3,2,4,3,4,4,4,2,4,3,3,2,3,2,4,2,3,2,3,3,4,4,3,2,3,4,3,2,4,4,4,3,3,4,4,4,5,4,3,4,3,4,4,4,4,5,3,3,4,5,4,3,5,3,4,3,5,3,4,3,4,2,3,4,5,3,3,2,3,2,4,2,3,4,4,2,3,3,3,2,4,2,4,3,4,5,3,3,4,3,3,4,4,2,4,2,3,2,3,4,3,4,3,2,4,4,3,3,4,5,3,3,3,4,4,3,3,2,]
903,1,8,with_set,0.01,1,1,201,2,loop_limit,[123,22,4,5,4,3,3,4,2,3,2,3,4,4,3,4,3,3,4,3,3,3,4,3,3,5,4,3,4,3,3,3,2,3,2,4,4,3,4,4,3,4,2,3,4,6,6,5,2,4,4,6,3,3,4,4,3,5,4,3,4,3,4,4,3,4,3,3,2,4,3,5,3,4,2,3,4,4,3,3,4,3,4,5,3,4,5,6,3,3,2,3,3,5,4,3,4,6,4,5,5,4,3,3,2,4,3,4,2,3,4,4,2,4,2,3,4,3,3,3,4,4,3,3,2,4,2,4,3,4,3,4,5,3,3,4,2,4,4,5,4,3,3,5,2,3,4,5,5,5,4,4,4,3,3,4,2,3,4,4,4,3,4,4,2,3,4,4,4,3,3,3,4,3,3,3,2,4,3,4,2,4,4,3,4,3,3,4,4,6,3,3,2,4,3,3,2,3,4,4,2,]
934,1,2,with_set,0.01,1,1,201,6,loop_limit,[349,87,52,57,42,40,31,14,12,6,9,10,10,5,10,5,6,4,8,4,8,6,5,4,9,7,6,4,8,5,5,6,8,6,16,9,9,8,9,6,10,5,8,5,9,6,8,5,9,5,9,7,9,5,6,4,9,6,9,4,8,8,13,8,8,6,9,6,12,7,9,6,9,8,6,4,9,8,7,7,9,5,9,9,6,6,8,9,10,7,10,6,8,7,8,7,9,4,7,4,6,8,10,5,8,6,7,4,7,4,6,4,6,5,7,5,11,8,11,8,8,6,9,6,13,9,5,4,6,5,8,8,9,5,5,4,7,5,10,6,5,4,9,4,8,4,5,4,9,7,5,5,6,5,5,5,8,4,8,10,8,5,5,6,9,7,10,6,10,7,6,7,7,4,8,5,11,7,10,6,8,5,11,8,12,7,6,6,11,9,8,5,9,6,7,5,9,5,7,5,6,]
934,1,4,with_set,0.01,1,1,201,5,loop_limit,[349,103,48,17,13,6,9,6,6,8,10,10,10,6,8,6,9,6,11,8,6,4,7,9,6,4,9,8,9,6,10,7,9,9,9,5,9,4,6,6,6,8,5,4,8,4,6,4,5,4,6,6,7,4,7,5,11,6,8,8,7,9,9,6,16,6,8,5,9,6,9,8,10,6,8,6,7,6,9,5,6,6,9,6,7,5,5,4,8,8,6,6,5,6,16,8,9,9,10,7,9,6,6,4,8,5,10,5,9,4,7,4,6,5,8,6,7,5,8,6,10,6,5,4,6,5,9,6,8,6,7,4,7,6,9,5,7,6,9,6,10,11,7,5,9,6,13,7,7,8,7,5,7,5,9,5,10,4,6,4,7,4,9,8,8,9,8,5,8,6,8,5,8,5,8,6,9,6,8,8,9,5,9,5,5,4,9,7,9,5,5,4,9,6,11,8,8,5,9,5,5,]
934,1,16,with_set,0.01,1,1,201,6,loop_limit,[349,232,105,37,25,14,10,8,12,9,12,5,6,4,9,6,7,4,5,4,9,8,6,4,7,6,9,6,9,5,9,4,6,4,6,4,9,5,7,4,5,4,9,5,8,4,7,6,10,9,8,6,9,7,9,8,10,7,14,11,21,8,10,6,9,5,9,6,16,9,9,4,6,4,6,4,11,6,9,7,9,4,5,4,8,4,6,6,5,4,15,6,10,8,11,8,9,8,8,6,5,4,7,6,9,5,6,7,11,4,8,8,6,5,5,4,9,4,8,4,6,6,8,4,6,6,6,4,9,9,16,6,15,8,5,4,8,6,5,4,9,10,10,7,10,6,16,6,8,6,9,5,11,6,10,6,8,6,5,4,6,4,8,6,5,5,6,4,5,4,7,4,6,4,6,8,6,5,7,4,8,5,5,4,7,5,8,8,8,5,8,9,5,6,9,6,11,7,10,6,6,]
936,1,4,with_set,0.01,1,1,201,5,loop_limit,[250,70,36,12,8,8,6,4,3,2,3,4,4,2,4,2,3,3,4,3,3,4,5,3,3,3,5,2,3,3,3,2,5,3,5,5,6,4,4,2,4,2,5,3,4,2,5,3,4,4,6,4,6,5,6,3,4,4,6,3,6,3,3,3,4,2,3,4,4,3,4,3,8,5,3,4,6,6,6,3,4,4,4,5,8,4,4,4,4,4,5,3,4,4,6,4,4,4,6,3,6,5,5,3,4,2,4,2,3,4,6,3,4,3,6,4,4,3,3,3,6,5,4,4,6,2,5,3,3,2,4,3,4,3,5,4,4,3,8,5,5,5,5,2,4,3,3,3,6,4,4,4,7,4,3,3,3,3,5,5,7,3,3,4,3,3,4,2,6,4,7,4,4,3,3,4,3,3,4,3,4,2,3,2,3,4,5,5,4,4,5,5,6,4,6,5,5,2,4,4,5,]
938,1,2,with_set,0.01,1,1,201,5,loop_limit,[254,47,25,11,10,7,5,6,6,5,6,7,3,4,7,7,5,7,4,9,10,8,4,5,6,4,3,4,4,6,7,7,11,8,13,8,7,9,6,5,3,5,6,5,5,5,4,4,5,6,7,9,7,7,6,7,7,7,7,8,7,11,12,7,8,6,7,5,4,4,3,4,5,7,4,7,8,7,4,4,5,7,6,5,5,8,6,10,7,5,5,6,7,6,7,5,6,5,4,6,9,7,6,4,5,6,6,7,6,7,5,7,6,6,5,6,7,6,5,4,3,4,3,5,3,6,4,7,6,5,5,7,4,4,4,4,3,5,7,7,6,6,9,7,4,6,7,5,4,7,3,5,6,7,3,4,5,7,4,6,5,6,8,5,6,6,6,4,6,6,4,5,6,4,6,4,6,5,6,6,7,9,7,4,5,7,6,5,9,7,7,4,6,7,8,7,4,6,3,5,5,]
938,1,4,with_set,0.01,1,1,201,9,loop_limit,[254,50,31,11,8,6,5,4,3,7,4,5,5,4,6,7,5,4,5,4,3,4,6,6,6,5,5,7,6,5,5,4,6,5,5,5,4,4,6,6,10,6,4,7,6,5,9,7,4,4,5,6,7,7,9,7,8,6,5,6,5,5,3,7,3,6,4,7,6,4,5,4,6,5,3,5,5,6,5,4,4,7,6,5,7,5,5,4,3,7,4,5,6,7,3,7,3,5,6,8,6,8,11,6,6,8,4,7,7,8,9,5,5,7,4,5,5,6,7,5,6,5,9,5,7,6,8,8,10,6,5,6,7,9,7,6,4,5,3,7,6,6,7,7,7,6,7,7,5,5,5,5,5,7,3,5,6,5,5,6,6,7,6,5,6,6,4,7,6,4,6,4,6,6,9,7,5,5,6,7,5,6,7,4,6,5,5,4,6,7,4,5,5,4,6,7,4,7,4,6,9,]
938,1,8,with_set,0.01,1,1,201,9,loop_limit,[254,45,26,10,10,8,6,7,6,6,6,4,6,6,6,5,5,6,6,4,5,4,4,7,3,6,5,7,6,6,10,8,7,5,9,6,3,5,6,6,5,5,3,4,5,4,5,8,3,7,6,8,3,5,9,7,6,5,6,5,5,5,5,7,6,6,7,5,5,7,3,5,5,5,4,6,9,6,7,7,4,5,7,6,5,5,5,7,6,7,3,6,4,4,4,6,6,5,9,7,6,4,6,5,3,5,4,6,9,7,6,5,5,6,3,5,9,5,7,8,7,5,6,7,6,5,3,4,3,7,3,5,4,7,3,5,5,6,7,4,6,4,6,5,4,5,3,7,5,4,4,4,4,7,6,7,6,7,7,5,6,5,3,5,7,6,3,7,3,5,3,7,3,4,6,4,7,9,7,5,4,6,7,5,5,7,4,4,6,4,6,6,7,5,9,7,4,6,7,5,9,]
942,1,2,with_set,0.01,1,1,201,6,loop_limit,[260,61,19,11,18,10,11,4,5,5,12,6,7,4,8,3,2,2,4,3,6,2,3,4,2,2,6,3,4,2,8,3,7,4,7,2,4,2,8,2,2,2,2,2,6,3,7,6,2,3,5,4,7,6,8,2,2,3,6,3,4,4,4,2,6,2,2,3,7,4,10,3,8,4,5,5,7,4,2,2,2,3,7,6,5,4,5,4,5,2,4,2,2,4,9,2,4,3,2,3,4,3,7,5,11,7,6,3,2,3,9,2,2,2,2,4,3,4,9,5,10,3,2,2,2,2,8,2,4,6,4,3,2,2,4,3,3,3,2,2,2,3,2,3,9,2,4,2,8,4,5,6,5,2,3,4,8,4,3,4,3,3,4,2,2,2,2,2,4,3,2,3,2,2,2,2,4,3,5,5,2,2,4,3,8,3,8,4,4,2,2,2,6,2,2,3,2,4,2,2,6,]
947,1,1,with_set,0.01,1,1,201,4,loop_limit,[295,187,92,67,68,78,39,32,24,23,21,14,10,9,8,12,8,5,6,6,5,4,5,7,6,7,4,2,3,3,3,4,6,7,3,6,4,4,4,7,5,8,4,4,6,4,2,4,3,2,3,5,3,6,4,5,5,7,8,7,11,8,10,9,10,6,5,5,3,2,5,9,14,12,5,8,8,7,7,12,7,6,6,11,4,4,4,6,8,8,7,7,7,7,5,7,7,10,4,3,2,2,3,4,2,3,3,5,5,6,6,5,4,5,2,3,4,4,3,3,3,6,3,5,5,6,3,3,5,5,7,10,11,14,6,7,3,6,4,5,6,8,7,3,3,5,5,9,10,10,5,5,6,6,11,6,7,6,2,3,5,6,5,6,2,2,2,2,2,4,3,5,4,7,5,8,7,4,6,8,6,5,3,3,3,2,3,5,4,7,5,11,3,2,4,3,4,3,5,6,4,]
947,1,2,with_set,0.01,1,1,201,3,loop_limit,[295,188,90,66,63,54,46,31,22,17,9,4,5,6,6,9,4,4,4,2,3,5,3,2,4,6,4,3,2,3,3,2,3,4,3,5,5,5,5,4,6,8,7,7,7,5,7,5,7,9,14,8,5,5,5,9,9,7,5,7,7,8,5,6,4,4,9,6,6,7,9,6,6,9,12,10,8,5,7,7,3,2,2,3,3,7,5,7,2,4,6,6,6,4,6,5,5,2,5,6,7,4,2,4,4,3,5,5,3,6,3,4,6,8,6,9,3,6,6,8,8,6,6,10,10,8,9,12,9,7,6,9,4,3,6,7,6,4,6,8,6,3,3,7,12,12,4,3,3,4,3,2,3,6,3,5,3,6,3,4,9,6,5,3,5,7,6,8,3,2,3,4,2,2,2,3,6,5,6,2,2,2,2,4,6,7,6,8,6,7,5,6,7,7,5,6,7,16,12,10,3,]
947,1,4,with_set,0.01,1,1,201,7,loop_limit,[295,192,82,68,37,31,17,15,16,15,16,13,16,16,15,14,14,12,12,12,11,13,15,13,11,12,9,10,8,6,9,13,9,10,11,5,3,6,3,6,3,3,3,2,2,2,2,3,3,4,3,4,3,7,7,7,13,8,6,10,5,11,8,11,4,5,6,4,6,3,6,3,3,7,5,9,15,11,11,12,11,11,7,7,5,7,8,9,9,10,9,13,5,5,5,8,3,6,3,7,4,7,6,3,4,4,4,7,3,5,5,6,6,6,5,4,4,5,6,6,6,7,10,6,9,4,7,6,5,3,5,3,2,2,2,4,6,7,13,13,11,12,9,12,9,12,7,8,9,5,3,7,4,3,2,4,6,5,5,4,3,6,4,3,4,5,9,4,4,4,6,3,2,4,9,6,6,5,5,4,4,5,2,2,2,4,3,6,3,3,5,6,7,9,7,9,10,15,8,7,7,]
947,1,8,with_set,0.01,1,1,201,6,loop_limit,[295,188,88,75,47,45,28,28,20,19,13,17,15,15,9,8,7,10,7,5,6,11,14,7,10,11,9,9,8,10,10,10,7,10,7,7,2,4,5,4,3,3,4,5,5,6,4,7,8,11,9,9,5,3,2,2,2,4,4,10,15,6,4,3,4,6,2,3,4,4,4,2,4,6,4,5,6,4,4,7,9,7,6,6,2,3,5,2,2,2,2,4,6,6,5,12,4,6,6,9,4,6,7,2,2,4,6,6,3,6,7,4,8,6,5,4,7,8,11,11,11,9,8,8,6,5,6,13,9,11,7,5,3,5,5,3,4,7,13,8,13,12,9,10,8,7,5,7,11,8,7,8,10,6,4,8,10,12,10,12,5,3,3,6,10,7,4,6,6,4,5,5,5,10,6,10,5,8,4,7,4,6,5,5,4,2,2,7,3,2,3,6,2,2,2,2,5,6,2,3,6,]
947,1,16,with_set,0.01,1,1,201,3,loop_limit,[295,438,146,102,62,56,35,31,36,26,23,18,17,24,10,8,15,16,17,16,11,6,5,5,6,4,3,5,4,4,2,4,3,6,4,7,2,3,3,5,7,3,3,4,4,7,2,3,3,3,6,3,4,5,6,8,11,10,4,4,7,7,6,10,3,5,5,7,7,7,5,6,5,3,3,4,3,5,4,6,3,4,3,3,2,2,5,7,7,5,6,11,8,9,8,11,11,6,3,4,9,4,4,5,6,10,6,9,4,6,3,7,4,7,3,4,3,4,5,5,5,9,5,14,4,6,3,3,4,3,3,8,4,4,5,7,6,2,2,3,4,4,4,6,3,4,5,8,4,5,7,8,8,9,9,9,5,4,3,2,4,7,4,5,3,3,6,11,10,10,5,3,2,6,3,3,2,2,3,5,5,4,4,6,6,8,6,4,6,8,9,6,12,10,11,9,7,7,8,5,3,]
949,1,1,with_set,0.01,1,1,201,8,loop_limit,[406,217,130,98,59,53,36,43,44,34,40,27,24,21,22,20,20,13,18,11,5,4,7,5,11,10,8,8,12,9,12,7,4,5,7,8,5,4,4,3,7,10,4,3,6,5,9,7,4,3,2,3,3,4,3,2,7,1,1,3,4,6,1,3,2,3,3,4,4,6,4,7,12,11,10,6,11,8,3,5,6,3,2,2,2,3,1,1,2,3,4,3,3,4,2,3,4,5,12,8,12,7,3,2,3,3,2,3,7,3,4,3,1,2,6,3,7,5,9,8,10,11,8,7,7,4,8,3,2,4,2,5,5,3,6,6,6,6,12,7,10,4,6,4,6,5,5,6,14,10,12,4,6,3,4,1,2,3,5,4,3,1,2,2,7,4,2,1,2,2,3,4,9,4,6,6,8,4,9,11,15,11,10,10,10,11,18,13,16,8,5,3,3,3,2,4,6,8,5,6,8,]
949,1,4,with_set,0.01,1,1,201,7,loop_limit,[406,217,154,115,94,63,56,41,46,37,28,27,30,21,22,21,14,6,8,3,3,2,2,3,7,5,9,13,9,7,7,6,7,3,7,7,9,8,6,7,8,11,8,4,6,7,8,6,4,4,8,6,11,9,5,7,7,6,4,3,1,3,1,3,9,5,7,6,6,4,5,7,10,4,7,5,7,3,3,1,5,3,2,4,6,6,10,9,14,11,15,11,13,15,20,17,14,10,8,12,9,8,13,12,6,6,8,6,11,7,11,10,8,11,10,5,7,4,5,3,4,3,5,4,2,3,5,3,2,2,2,3,3,3,9,10,14,10,9,6,8,3,3,6,5,5,2,2,8,7,7,2,5,3,5,1,6,4,7,10,9,5,6,1,2,3,9,10,6,4,6,6,9,5,10,4,12,11,13,12,18,12,12,8,9,17,12,11,8,7,9,9,10,12,19,8,6,9,8,5,7,]
949,1,8,with_set,0.01,1,1,201,9,loop_limit,[406,235,318,188,120,84,66,47,42,23,27,17,13,3,2,1,1,1,2,2,6,2,6,4,3,2,1,2,1,3,3,4,4,7,3,1,5,2,1,3,7,3,3,3,9,5,8,5,5,3,1,1,2,2,2,2,1,2,2,2,1,1,2,3,4,5,3,2,8,3,9,9,11,8,9,11,13,13,13,11,19,9,12,8,12,10,10,8,8,5,7,5,8,3,7,2,1,1,2,1,2,2,5,3,3,5,3,2,5,2,2,2,2,1,1,3,2,1,2,4,2,2,6,4,6,3,3,3,2,1,5,3,2,4,7,11,10,7,10,8,12,11,5,4,4,3,9,5,6,4,6,4,5,9,11,4,9,4,4,6,10,9,16,13,11,7,15,11,3,8,6,6,5,4,3,3,5,4,2,1,2,1,1,1,2,1,1,2,6,6,8,5,10,6,9,9,8,8,9,10,9,]
949,1,16,with_set,0.01,1,1,201,9,loop_limit,[406,211,202,329,312,183,113,200,136,98,84,157,96,75,83,74,57,41,48,35,51,33,22,11,14,11,17,21,19,27,27,20,20,12,10,10,11,11,6,4,8,5,5,4,5,4,3,2,4,2,3,2,5,3,3,3,3,5,2,4,6,6,6,5,6,7,11,6,15,5,2,2,3,4,2,2,5,4,2,1,5,3,4,3,2,3,3,3,10,7,14,7,8,3,5,4,8,6,10,10,14,12,14,17,11,8,9,7,4,1,1,3,6,4,1,2,2,3,9,9,4,4,4,5,1,1,1,1,2,4,5,4,3,2,6,1,1,2,1,1,2,3,3,5,6,4,7,7,3,2,3,3,3,5,12,16,13,8,11,13,9,5,11,8,15,7,5,4,7,2,4,5,4,4,11,6,7,3,7,4,6,6,8,10,11,13,11,10,10,9,10,4,5,4,8,11,12,13,14,7,9,]
950,1,1,with_set,0.01,1,1,201,592,loop_limit,[1029,623,680,533,641,533,602,473,544,500,619,492,540,464,553,451,515,435,493,421,490,466,550,462,571,462,560,492,565,455,526,492,555,481,546,443,509,425,512,490,550,466,554,454,539,464,528,459,526,460,506,523,581,521,561,541,588,536,583,505,614,535,581,470,549,479,552,429,564,429,510,475,562,486,552,454,527,478,573,450,522,425,480,469,536,438,526,455,532,489,536,455,522,469,512,491,547,432,523,454,511,454,509,459,519,425,472,432,468,447,510,405,482,431,541,475,559,482,532,456,497,447,562,471,499,479,501,453,530,469,520,445,520,451,494,426,492,445,531,500,531,459,560,494,538,451,500,438,527,463,551,461,490,456,521,436,504,438,536,501,595,512,568,468,516,455,498,445,536,474,537,440,499,462,523,475,555,505,553,480,523,472,558,478,574,465,532,452,535,458,539,452,517,452,563,491,568,512,583,476,592,]
950,1,1,with_set,0.05,5,5,201,512,loop_limit,[1029,639,641,495,576,489,588,519,580,487,616,501,559,440,531,452,485,424,476,439,447,446,509,440,542,515,564,503,559,479,565,476,530,472,522,498,554,510,558,458,544,522,568,502,568,515,612,493,615,499,583,546,622,534,613,506,580,484,542,446,519,508,519,432,495,417,487,468,564,439,531,468,523,457,538,444,530,469,589,473,544,465,545,482,596,502,577,482,519,470,579,467,526,474,492,444,505,455,526,455,533,459,541,453,519,472,489,420,533,474,565,468,524,470,558,491,568,500,564,466,579,551,585,500,557,485,564,450,506,487,568,481,545,497,561,462,520,442,518,454,513,509,513,461,475,407,507,482,525,492,545,501,542,488,547,509,518,433,511,451,534,466,535,447,514,465,521,467,546,463,539,465,537,451,551,516,580,495,531,502,583,453,540,455,504,456,484,436,528,469,551,493,551,489,593,520,567,492,549,462,512,]
950,1,1,with_set,0.1,11,11,201,508,loop_limit,[1029,605,652,519,548,507,537,467,499,471,517,464,504,428,484,432,507,447,499,472,529,456,579,545,602,470,515,441,554,454,558,527,570,554,613,507,580,515,577,472,515,472,505,455,532,472,535,507,535,467,586,477,552,475,520,448,504,464,564,507,576,511,588,532,591,509,559,483,526,460,568,471,585,501,594,525,612,485,574,481,560,469,555,478,538,441,511,460,531,478,569,525,597,494,553,485,509,484,541,460,543,462,530,526,553,480,557,467,550,454,509,431,516,432,505,456,513,480,570,471,492,445,543,473,510,475,553,430,537,450,526,470,478,416,466,406,528,467,578,454,582,495,514,475,546,473,544,444,525,492,551,485,560,523,560,490,542,543,595,563,591,501,506,481,572,476,531,523,577,485,536,464,511,433,538,483,538,523,538,448,522,413,563,531,588,502,526,452,539,467,566,481,561,474,560,470,548,460,526,459,508,]
950,1,1,with_set,0.25,28,28,201,554,loop_limit,[1029,652,662,488,630,536,619,485,544,467,531,500,554,476,516,434,511,461,556,507,556,436,525,516,629,518,571,497,620,519,550,496,554,501,569,531,570,487,536,472,565,441,545,497,526,453,522,485,559,494,544,539,573,493,528,472,530,448,524,451,486,479,486,462,566,462,523,493,511,463,526,425,471,421,464,446,479,443,540,476,527,475,545,460,497,449,518,431,516,482,546,465,553,518,602,521,607,512,634,506,569,498,540,447,520,431,506,425,488,431,486,435,492,456,517,450,516,474,493,467,513,425,480,453,525,464,578,475,537,470,543,473,579,475,575,495,560,472,560,497,560,472,508,445,517,410,492,429,514,445,476,468,539,427,495,456,550,476,592,492,548,479,551,543,551,458,550,486,554,514,537,464,534,470,558,497,569,483,528,449,517,440,550,447,539,476,583,527,565,490,562,469,549,476,484,469,540,460,562,490,554,]
950,1,2,with_set,0.01,1,1,201,545,loop_limit,[1029,639,647,507,550,484,554,503,578,503,539,508,533,477,525,462,534,483,558,483,523,455,524,442,504,437,491,436,503,418,452,418,504,475,555,469,533,458,563,471,538,448,571,538,577,478,563,493,542,493,549,510,506,429,513,451,484,436,566,507,554,453,570,512,553,478,539,481,529,457,518,460,529,474,546,477,541,472,525,449,548,449,519,435,516,438,497,428,527,463,584,507,546,517,568,511,568,496,528,473,503,487,532,440,472,463,539,501,585,478,528,450,537,463,527,463,517,464,549,467,535,462,499,434,519,482,519,441,512,469,531,453,521,494,561,461,525,422,484,469,510,444,526,426,524,455,532,488,517,473,516,474,553,486,523,452,528,442,555,467,560,462,511,423,483,455,530,468,579,468,525,458,570,458,532,447,546,512,560,494,515,473,538,460,567,444,535,491,548,465,561,473,542,528,573,480,563,549,563,474,545,]
950,1,2,with_set,0.05,5,5,201,506,loop_limit,[1029,605,613,491,566,481,590,503,548,474,596,474,526,487,514,466,566,479,584,486,563,474,537,475,527,474,594,474,522,435,524,439,515,454,531,452,535,511,538,482,545,453,542,445,505,455,503,455,509,455,528,450,498,429,530,460,547,475,555,469,529,464,519,453,528,441,511,432,514,468,549,472,518,461,542,459,534,473,566,462,515,461,536,467,536,512,536,463,580,463,537,491,559,547,559,430,517,459,566,459,558,473,525,490,511,444,512,451,505,450,526,481,581,479,539,498,544,469,487,460,549,480,549,476,502,468,536,536,611,527,615,503,547,456,509,475,556,475,528,446,519,441,572,490,528,485,579,471,547,494,587,494,585,500,546,487,596,488,529,463,535,470,502,415,540,481,562,478,579,469,522,453,515,497,563,492,514,443,520,443,535,444,554,476,551,460,518,432,496,431,519,473,511,414,519,466,533,486,541,445,506,]
950,1,2,with_set,0.1,11,11,201,526,loop_limit,[1029,634,668,626,636,503,561,514,579,510,556,470,508,438,488,431,520,494,520,494,553,533,568,524,593,491,559,493,543,491,545,487,561,478,526,463,539,495,558,463,558,462,500,452,518,452,533,452,507,470,535,465,563,507,540,510,575,475,529,467,522,433,510,437,555,506,540,495,511,456,547,492,578,468,564,480,548,477,612,500,568,472,543,473,529,426,495,435,522,508,547,452,526,426,515,456,541,463,570,484,549,542,586,488,530,460,562,494,532,444,530,459,559,494,544,497,550,491,595,452,515,463,500,437,512,443,522,478,560,478,526,459,498,490,563,483,497,453,564,524,584,549,611,553,634,474,588,481,570,457,537,457,541,518,575,482,539,488,557,485,584,468,563,478,550,452,523,454,532,480,542,474,553,462,530,481,521,443,535,498,546,445,572,507,571,538,571,483,586,482,584,451,590,503,526,462,520,454,571,452,526,]
950,1,2,with_set,0.25,28,28,201,551,loop_limit,[1029,605,626,508,612,563,601,468,523,466,510,473,564,517,526,474,556,477,516,437,543,503,573,489,546,501,536,447,509,457,509,468,532,522,589,500,588,561,608,514,629,524,624,492,528,497,526,541,587,478,571,478,525,461,546,483,521,525,619,497,517,504,554,540,636,476,553,458,510,454,539,506,530,475,516,501,608,527,570,481,546,500,553,478,556,481,563,514,575,510,544,459,498,471,524,454,533,489,560,484,575,516,531,479,584,477,559,535,557,486,553,461,515,468,532,457,515,467,570,524,581,505,594,522,541,475,533,489,533,475,576,526,542,479,536,466,531,460,539,514,565,513,573,466,599,466,538,521,578,483,568,485,564,492,557,515,514,516,514,445,522,461,540,460,533,456,549,524,560,550,610,552,611,517,608,507,538,511,562,466,525,417,552,455,516,444,534,461,571,481,542,485,545,476,540,481,544,483,562,460,551,]
950,1,4,with_set,0.01,1,1,201,649,loop_limit,[1029,605,652,654,673,743,719,649,656,514,588,500,597,485,563,525,599,559,599,459,526,474,579,475,546,521,602,509,687,532,551,456,527,447,536,479,532,454,572,484,569,473,580,464,555,462,543,462,556,471,499,468,531,460,496,415,517,572,614,522,580,463,563,450,562,515,562,472,532,530,695,511,832,578,890,618,607,546,615,485,555,480,593,499,705,540,663,524,581,485,591,465,578,480,554,675,663,503,584,464,536,493,542,464,494,443,551,470,502,444,672,584,583,572,583,487,561,504,567,475,563,478,540,462,539,452,569,526,610,499,579,454,522,451,581,451,533,443,516,553,579,457,542,444,569,494,573,525,595,476,582,482,594,482,543,442,553,517,576,714,822,747,696,549,570,522,560,487,552,532,626,543,594,476,591,472,594,523,549,557,616,702,673,546,551,459,527,465,529,584,608,492,580,715,940,605,648,494,608,533,649,]
950,1,4,with_set,0.05,5,5,201,571,loop_limit,[1029,639,641,517,561,483,563,506,511,464,539,431,518,646,645,514,558,541,596,694,665,554,589,537,591,556,577,505,560,523,598,489,562,467,670,510,568,701,686,687,915,585,611,694,939,629,654,517,643,517,558,463,547,549,547,475,540,469,556,542,572,480,559,471,535,484,871,610,645,722,705,563,608,499,559,492,550,472,594,467,548,446,508,474,597,463,520,421,517,429,491,435,529,448,504,676,663,551,574,505,582,474,546,475,527,647,647,543,611,467,860,593,622,513,623,491,541,481,506,519,573,532,597,604,606,488,571,495,594,500,604,481,570,514,617,532,588,487,544,464,511,504,568,478,524,703,682,535,524,537,597,488,836,586,602,472,552,522,708,599,586,476,526,580,619,487,541,515,578,536,612,490,553,493,577,514,592,685,703,528,581,489,577,578,637,527,567,490,547,435,633,492,523,473,882,599,643,527,571,506,571,]
950,1,4,with_set,0.1,11,11,201,536,loop_limit,[1029,605,785,567,693,574,606,519,564,473,710,502,551,464,598,464,512,512,595,493,553,500,590,468,545,491,566,487,510,498,564,465,815,576,642,516,574,512,575,572,613,510,553,446,526,464,540,463,531,444,522,452,512,462,500,437,522,457,545,456,521,465,509,454,538,459,557,459,537,453,531,485,558,485,516,598,950,614,724,541,567,472,513,574,599,495,560,471,541,447,537,562,631,533,568,560,592,541,609,498,558,484,548,477,599,509,600,507,573,527,587,523,723,708,678,723,700,535,576,523,575,445,510,436,490,454,525,566,606,477,527,580,592,470,600,595,621,626,653,507,807,564,858,605,615,482,538,493,547,471,621,664,685,502,566,473,520,478,550,477,786,558,618,505,563,524,601,489,529,525,589,496,571,495,634,527,879,596,627,498,548,484,554,495,522,595,642,625,646,485,577,475,597,485,602,532,570,485,536,464,536,]
950,1,4,with_set,0.25,28,28,201,757,loop_limit,[1029,639,765,576,745,519,871,589,631,506,563,471,598,471,555,530,614,547,879,595,613,496,497,479,526,473,624,486,571,464,492,439,516,441,519,442,649,515,561,484,496,478,571,500,574,695,820,576,650,513,591,495,838,587,702,535,615,539,592,484,843,592,708,653,648,540,839,576,632,498,564,480,521,501,561,498,596,606,752,539,661,534,589,493,509,667,667,522,597,478,569,597,626,591,643,528,580,447,517,472,811,590,629,506,566,525,598,553,610,483,569,479,551,461,486,567,789,560,592,675,674,689,700,525,638,532,579,493,534,442,799,579,639,525,574,481,515,652,893,596,624,608,607,494,796,586,696,538,593,505,577,503,546,482,588,487,528,467,548,502,572,467,563,485,545,463,546,481,575,471,568,468,563,459,547,471,534,449,780,572,612,513,580,546,575,489,519,429,506,505,851,603,608,498,554,589,614,488,833,568,757,]
950,1,8,with_set,0.01,1,1,201,521,loop_limit,[1029,619,664,515,860,584,618,494,570,692,700,541,588,470,546,444,490,452,551,499,546,479,826,588,650,564,1018,638,663,514,851,576,854,574,1017,634,973,620,624,524,588,505,570,482,534,439,810,552,597,545,597,770,766,577,947,755,979,614,653,514,601,481,550,457,516,453,525,470,525,464,571,468,498,442,527,454,543,492,902,610,716,553,589,490,820,560,874,594,618,482,568,482,571,453,561,457,556,698,686,533,587,500,548,545,581,570,584,479,543,528,589,484,594,494,607,490,590,478,544,468,535,683,668,538,561,497,580,485,558,687,738,551,985,638,674,615,655,550,1006,643,692,760,712,755,717,725,705,561,583,503,568,485,540,493,522,489,522,450,560,475,535,442,500,437,796,588,637,494,624,729,723,543,601,514,643,514,643,546,996,666,662,517,562,475,545,504,535,537,573,546,632,741,716,745,719,509,582,470,539,444,521,]
950,1,8,with_set,0.05,5,5,201,584,loop_limit,[1029,619,664,595,639,501,576,457,521,520,621,469,568,508,530,468,521,447,521,445,507,454,507,451,528,453,544,760,729,558,564,498,548,465,532,708,684,547,678,517,593,465,526,445,550,469,572,734,719,559,612,750,722,747,726,535,587,508,566,468,526,472,500,474,687,576,594,556,628,500,549,461,735,552,596,744,724,632,662,553,1006,674,744,612,640,540,583,498,610,517,559,482,563,685,670,550,914,777,753,575,597,507,562,484,560,771,764,582,938,639,655,520,573,528,593,570,567,486,498,433,511,449,540,479,569,479,566,453,596,459,531,525,598,465,556,528,556,462,550,477,581,490,562,461,546,449,510,483,1000,629,671,517,567,473,757,515,655,496,562,491,546,473,569,475,578,468,545,465,772,565,623,573,877,599,633,538,608,488,575,462,545,473,523,680,684,526,603,728,677,503,587,465,536,488,548,456,1001,675,673,523,584,]
950,1,8,with_set,0.1,11,11,201,618,loop_limit,[1029,634,662,777,983,601,653,588,653,515,613,530,590,680,673,526,561,455,546,469,538,471,577,475,547,504,687,536,610,488,524,497,560,481,544,465,781,550,595,512,591,472,556,496,546,530,572,461,519,642,1004,631,661,505,596,457,527,461,526,441,524,472,581,761,711,575,617,507,644,504,575,505,609,535,566,555,890,747,751,632,636,536,640,508,598,497,586,542,580,767,733,513,584,482,546,499,560,485,528,493,523,452,522,447,523,508,851,586,632,602,632,511,586,501,582,490,542,676,651,537,583,486,514,451,501,721,973,653,730,545,555,492,825,749,713,555,629,558,594,510,563,468,564,469,579,516,575,516,574,516,580,487,566,465,548,492,585,482,585,467,541,434,563,434,514,458,839,617,638,735,695,550,597,479,588,510,912,604,716,544,615,773,711,562,665,548,594,732,703,508,570,470,577,449,534,715,718,619,660,525,618,]
950,1,8,with_set,0.25,28,28,201,586,loop_limit,[1029,623,729,623,630,512,988,621,666,499,573,474,561,705,660,762,730,758,713,533,571,481,553,469,513,426,481,458,530,465,555,477,754,599,622,716,708,548,601,484,553,444,531,466,579,470,538,647,976,613,877,608,632,510,565,468,823,608,642,533,1005,777,735,543,625,715,708,722,715,524,606,475,587,531,592,663,678,491,589,516,996,770,740,743,724,711,707,515,571,480,579,467,538,476,566,485,719,523,564,481,567,514,535,461,500,498,547,468,582,466,832,559,600,519,574,475,601,475,532,504,573,467,554,456,589,447,520,678,652,612,635,504,535,460,535,494,722,529,592,479,606,533,1012,618,726,564,605,487,569,654,647,517,580,500,586,522,568,749,732,554,875,639,705,517,590,476,523,463,528,510,902,588,605,496,540,459,882,615,873,585,663,513,557,519,585,487,598,760,757,564,676,528,614,511,800,571,677,571,614,498,586,]
950,1,16,with_set,0.01,1,1,201,990,loop_limit,[1029,765,719,645,1029,658,735,717,1029,605,711,777,722,777,1029,656,658,524,556,482,546,753,697,572,631,495,534,536,1009,637,727,777,721,544,784,595,660,512,693,777,735,560,585,766,909,628,636,606,626,506,952,646,828,777,728,559,582,480,535,472,570,487,559,483,517,773,739,544,607,521,914,633,816,731,715,511,584,530,579,509,1018,654,849,585,1029,646,671,614,640,514,608,518,534,473,488,760,729,626,645,777,761,777,958,721,732,513,579,665,661,622,661,512,571,499,1029,634,851,608,687,608,633,520,1029,661,698,566,965,634,663,667,675,526,532,449,545,476,557,458,501,450,956,616,1001,635,1029,777,742,554,625,563,592,454,690,540,606,486,1029,657,735,542,652,513,1029,657,1029,605,639,541,582,729,687,777,711,648,1029,623,682,519,545,469,558,449,526,462,576,505,570,469,634,501,575,469,557,471,530,470,527,449,510,521,990,]
950,1,16,with_set,0.05,5,5,201,529,loop_limit,[1029,662,1015,648,680,520,1004,666,1017,763,728,557,613,488,549,469,550,571,993,605,617,509,622,777,729,584,596,777,948,659,661,556,623,551,989,667,635,498,548,541,590,502,608,499,557,777,711,552,611,530,614,494,1002,619,818,573,647,527,567,507,560,494,553,459,590,777,735,533,1029,623,631,667,690,777,722,721,698,608,803,550,615,549,574,531,583,497,681,500,583,762,734,548,669,528,604,501,599,494,589,485,660,560,587,496,665,486,688,552,1012,643,639,777,1029,619,628,529,585,557,1029,623,633,515,601,487,600,497,551,454,520,461,696,553,611,491,531,458,1029,777,757,556,602,777,758,580,758,734,1029,623,630,478,606,483,683,539,596,495,577,475,569,472,536,512,595,489,603,631,650,506,562,495,683,513,591,478,589,456,519,493,574,502,1029,657,660,511,582,533,615,556,612,519,612,521,611,508,705,533,620,515,571,477,529,]
950,1,16,with_set,0.1,11,11,201,614,loop_limit,[1029,641,1029,652,640,509,572,590,629,543,1015,768,751,548,596,492,571,494,533,458,527,451,525,444,488,451,952,643,635,573,603,580,1017,656,653,617,635,522,579,621,640,606,1029,668,674,566,631,649,683,555,589,462,592,473,968,655,719,536,570,553,627,553,618,503,554,464,557,702,677,637,676,553,617,777,721,573,624,533,616,656,850,630,828,564,746,678,691,615,654,502,551,467,498,539,688,514,586,501,991,643,811,601,779,592,588,643,658,503,1018,602,854,606,646,666,685,563,613,501,555,462,581,479,548,481,534,458,544,455,477,753,720,519,1029,639,868,569,612,528,564,580,629,565,623,503,559,482,529,428,551,497,527,503,539,464,654,530,605,495,740,578,581,542,581,507,578,562,638,754,778,693,683,532,610,540,548,777,750,623,680,675,679,502,700,549,611,777,756,722,731,560,620,532,559,767,749,580,644,656,867,618,614,]
950,1,16,with_set,0.25,28,28,201,721,loop_limit,[1029,634,1015,652,667,503,539,472,559,483,563,497,547,464,543,452,976,625,661,524,611,497,590,506,562,766,1020,646,1029,657,1029,666,666,506,588,471,584,494,573,472,543,475,550,480,539,448,567,476,516,487,534,468,573,493,573,769,728,552,1029,653,1029,675,676,493,576,777,955,641,650,512,591,505,566,456,534,442,564,559,1029,652,718,530,611,753,910,606,808,571,693,542,1029,762,916,731,721,703,1029,777,742,575,663,566,660,562,622,527,754,541,605,559,608,522,579,582,623,764,722,697,912,605,985,777,728,652,666,541,544,474,554,473,615,777,735,513,580,607,659,641,1029,777,1029,659,735,777,761,564,659,513,571,484,584,485,537,537,597,492,1029,619,804,580,652,499,543,501,524,449,633,536,572,593,642,513,642,529,666,520,631,503,545,777,751,551,619,570,839,564,619,601,649,519,707,777,722,572,606,644,634,656,633,777,721,]
950,2,1,with_set,0.01,2,2,201,8,loop_limit,[1029,451,330,316,250,159,141,101,93,61,64,55,57,62,60,48,61,43,50,38,31,19,20,21,9,15,17,16,23,19,18,14,19,16,17,11,11,9,10,10,11,10,11,13,14,10,10,12,7,4,7,8,5,7,5,9,4,6,9,6,8,10,8,5,9,9,7,4,3,5,8,6,6,7,5,8,11,9,9,10,12,6,4,5,7,5,4,9,9,6,8,7,8,7,3,4,3,5,5,6,5,6,3,6,6,3,3,5,4,4,5,3,5,6,5,4,6,4,9,5,6,4,5,5,4,4,3,6,4,3,5,3,3,5,7,8,15,6,3,6,6,6,9,12,11,11,4,10,7,8,10,8,8,6,9,9,9,5,3,4,3,5,9,7,8,9,16,8,8,6,3,6,7,8,17,8,5,6,5,5,5,4,5,7,5,5,8,7,8,6,9,9,11,13,21,14,8,7,8,7,8,]
950,2,2,with_set,0.01,2,2,201,10,loop_limit,[1029,451,322,204,172,102,97,65,79,77,74,63,44,37,36,25,22,27,29,27,23,25,22,26,22,21,15,16,18,21,14,18,10,12,18,15,18,8,8,10,14,14,16,17,25,19,15,11,13,11,9,12,15,8,3,4,3,5,6,3,3,5,5,6,5,6,9,9,9,6,5,4,7,8,13,8,7,8,9,4,7,3,5,5,9,4,8,14,11,13,18,13,11,15,28,28,28,15,14,16,15,22,19,11,7,8,5,7,11,7,7,10,13,10,14,11,12,17,13,22,18,23,22,29,22,24,16,7,13,15,15,23,23,24,23,22,25,23,23,15,21,7,5,6,4,6,6,5,5,6,3,4,3,5,6,5,4,7,7,6,5,6,4,4,8,7,10,9,13,5,8,9,10,12,15,12,20,13,17,12,11,10,11,9,9,7,5,5,5,6,7,6,5,5,7,6,7,5,5,6,10,]
950,2,4,with_set,0.01,2,2,201,13,loop_limit,[1029,447,391,243,172,191,183,122,85,57,59,41,40,29,22,17,12,8,8,9,15,11,6,9,7,8,16,10,10,6,8,10,8,7,6,3,4,6,6,3,5,7,10,9,18,14,10,4,4,7,10,12,9,8,19,9,11,7,13,9,12,10,13,6,8,6,3,4,3,5,4,6,6,6,10,7,7,6,4,8,8,8,8,14,8,5,8,7,6,9,10,6,6,5,6,9,6,9,10,4,5,8,5,6,8,8,7,9,7,7,11,10,14,14,15,10,6,5,5,5,9,6,9,6,6,7,12,10,10,12,12,16,8,7,4,7,5,7,7,5,7,7,5,4,5,6,3,3,3,5,4,6,5,8,8,7,8,10,10,6,9,5,7,6,9,8,4,5,5,9,4,4,3,4,7,3,3,5,6,6,4,6,5,7,7,16,7,7,7,3,3,5,6,6,6,5,10,10,9,8,13,]
950,2,8,with_set,0.01,2,2,201,13,loop_limit,[1029,447,264,168,132,113,109,99,102,66,54,51,41,41,41,40,48,41,35,42,44,35,30,25,31,20,16,19,17,22,38,25,22,11,15,17,13,12,13,10,9,7,6,4,5,4,10,7,8,7,8,9,12,7,7,5,4,4,10,7,9,5,3,5,4,4,8,7,7,4,6,6,6,10,8,8,7,8,9,5,6,7,5,5,7,9,11,12,17,9,16,13,19,16,17,13,11,12,18,13,12,12,12,8,8,7,8,5,9,5,6,6,12,7,8,9,8,6,6,5,4,4,5,6,7,9,8,8,11,8,7,9,12,16,14,15,12,12,14,11,10,7,3,6,3,4,4,7,7,7,4,6,12,12,8,5,7,5,4,5,5,5,5,7,6,7,8,3,5,5,6,6,6,8,9,9,9,5,9,6,10,4,8,4,4,4,8,7,5,4,4,5,5,6,7,8,8,7,10,9,13,]
950,2,16,with_set,0.01,2,2,201,4,loop_limit,[1029,455,321,344,232,154,101,66,60,45,53,28,25,17,22,8,7,10,13,11,8,12,8,8,10,7,11,5,4,5,6,5,6,6,4,6,9,10,17,12,9,9,8,10,15,9,5,7,3,6,5,5,7,5,4,4,6,7,5,6,4,4,3,4,6,5,5,6,9,4,3,4,5,5,6,7,6,6,5,4,6,9,3,4,5,4,10,7,8,7,9,10,16,11,9,14,7,9,7,9,10,9,11,13,20,14,7,5,9,9,13,14,17,13,10,11,9,4,9,7,5,6,4,3,3,6,3,5,6,6,5,7,5,7,10,6,4,6,6,6,9,7,5,6,12,7,12,10,26,16,14,14,16,5,8,10,12,9,15,10,8,11,14,9,7,6,8,8,8,5,8,9,12,7,5,5,8,7,7,8,6,8,10,6,10,12,7,4,3,5,5,8,8,6,9,9,8,8,8,5,4,]
962,1,1,with_set,0.01,1,1,201,9,loop_limit,[333,180,103,55,33,47,27,28,17,18,22,20,15,11,8,4,6,6,13,13,14,10,6,9,8,7,6,10,8,11,8,5,7,8,6,5,6,6,8,7,6,6,3,5,7,6,5,9,7,10,6,8,8,7,6,6,7,12,13,14,13,13,9,7,10,7,11,12,17,15,12,12,9,12,13,9,10,13,13,17,8,17,12,11,6,8,8,10,5,4,4,5,8,9,17,11,15,10,14,16,8,14,9,9,12,11,6,6,7,6,3,5,7,13,11,6,7,7,6,7,6,8,16,10,14,10,12,7,5,10,8,9,8,8,10,14,10,6,10,12,10,13,15,12,14,13,18,11,6,9,6,7,6,7,13,8,11,15,14,13,5,10,10,10,10,8,6,11,8,7,10,9,9,11,11,14,12,12,10,15,15,11,11,13,14,10,10,7,3,5,5,14,12,13,8,7,8,11,9,7,9,]
962,1,2,with_set,0.01,1,1,201,9,loop_limit,[333,180,84,59,40,28,18,16,17,16,15,14,24,14,20,15,21,24,25,17,21,13,9,11,11,11,13,11,6,10,6,6,7,8,7,6,8,8,8,8,7,10,10,13,9,13,16,14,8,7,7,9,11,13,9,7,3,4,6,6,6,6,15,13,15,12,7,9,6,8,9,6,8,8,15,9,9,8,14,7,6,5,6,6,15,11,6,6,8,10,10,13,11,13,9,12,11,9,8,6,5,5,4,6,6,7,8,10,9,9,8,5,8,6,8,9,10,13,8,4,6,6,8,12,15,9,10,7,5,6,7,8,8,12,10,12,13,11,12,11,9,16,15,7,4,7,5,8,12,10,12,7,9,6,7,8,15,11,9,10,13,9,12,10,11,17,8,8,8,10,15,13,6,10,9,11,5,6,5,9,6,9,8,11,14,12,10,11,14,7,5,9,9,10,4,11,11,15,9,12,9,]
962,1,4,with_set,0.01,1,1,201,8,loop_limit,[333,266,124,138,69,45,34,31,19,16,15,15,10,15,13,7,6,8,14,7,15,15,11,11,9,7,5,9,17,11,15,11,9,11,15,14,9,10,12,15,14,18,9,6,6,11,9,5,8,8,5,5,5,6,4,8,4,6,5,6,5,6,7,8,8,8,4,5,3,5,6,6,11,16,15,14,14,13,8,8,7,10,8,8,10,10,10,12,8,10,5,6,5,12,5,8,15,17,21,17,16,11,12,17,17,21,14,13,8,9,9,11,13,10,6,6,5,6,8,6,3,5,5,7,10,11,7,9,4,8,7,10,9,8,12,11,7,11,10,10,13,11,11,8,5,9,14,15,11,9,8,8,7,8,9,14,15,8,6,9,14,11,9,5,13,13,20,19,16,16,9,11,5,5,3,6,5,6,12,6,8,9,12,11,12,6,14,9,4,8,4,8,12,11,10,7,5,6,7,10,8,]
962,1,8,with_set,0.01,1,1,201,13,loop_limit,[333,170,173,100,52,59,34,24,16,10,15,11,10,12,10,15,8,8,7,9,9,7,5,6,14,11,10,17,17,8,15,13,16,13,10,9,13,13,6,10,9,11,15,8,7,11,13,11,6,7,6,7,9,8,8,13,6,4,3,5,7,6,7,9,9,9,7,9,4,9,12,6,15,17,17,13,7,11,5,5,4,6,7,9,13,9,7,9,9,6,10,12,12,12,13,12,10,17,18,13,12,11,11,11,9,12,7,7,4,6,3,7,6,6,8,10,13,10,7,10,4,7,6,9,10,7,7,6,7,6,8,9,9,9,18,13,5,8,6,9,10,9,5,12,8,10,7,7,8,9,12,10,16,10,4,8,10,9,9,12,15,12,6,8,8,7,19,18,15,13,10,13,19,19,13,8,6,5,6,5,4,5,7,6,4,4,4,9,6,8,8,10,10,10,5,6,14,11,17,13,13,]
962,1,16,with_set,0.01,1,1,201,6,loop_limit,[333,180,96,56,44,43,47,54,36,38,21,16,24,14,15,11,9,12,5,8,15,11,10,11,18,11,9,11,13,11,18,14,9,8,7,9,4,8,10,13,11,9,9,8,5,9,7,7,9,12,10,9,7,6,6,6,7,7,6,12,9,13,8,9,6,6,5,5,7,8,6,10,27,22,12,13,14,13,13,13,12,11,9,17,19,13,13,13,13,17,6,14,21,11,14,13,22,13,13,7,8,11,12,12,6,7,5,5,3,5,4,6,6,10,9,10,12,14,10,8,7,6,6,7,8,9,15,11,9,9,5,12,14,10,11,11,11,12,12,9,12,7,4,5,6,6,8,12,13,12,17,13,20,18,17,20,11,10,8,12,8,13,12,15,9,12,29,15,46,33,15,9,10,9,6,13,19,13,15,13,11,9,10,8,10,9,12,7,7,5,5,5,4,8,6,7,10,7,7,6,6,]
962,2,1,with_set,0.01,2,2,201,4,loop_limit,[333,109,32,18,5,12,3,3,3,3,3,5,7,6,4,5,6,3,3,3,3,4,3,4,3,3,4,4,4,4,6,9,8,5,6,5,7,4,3,3,3,6,6,5,5,3,3,3,6,5,7,5,3,5,5,4,3,4,4,5,4,5,8,7,5,5,3,5,4,5,7,7,3,5,4,8,5,5,5,4,3,3,3,5,4,4,6,5,3,5,4,4,6,5,3,3,3,4,3,4,5,4,3,3,3,3,4,4,6,5,3,5,4,3,4,5,6,5,6,9,3,6,5,7,8,7,7,3,3,5,4,7,5,5,3,6,6,5,6,3,6,3,4,6,5,6,5,4,3,5,6,4,4,5,4,5,4,4,3,5,6,5,6,5,5,4,3,5,7,4,3,5,3,5,3,6,5,5,4,5,4,4,3,3,4,4,3,5,5,6,6,5,6,4,3,5,7,6,5,8,4,]
962,2,16,with_set,0.01,2,2,201,3,loop_limit,[333,145,91,107,41,15,11,16,11,6,4,5,3,3,3,5,5,5,5,5,3,5,3,3,4,6,5,6,6,3,3,3,3,4,3,5,8,8,14,6,7,4,6,4,3,5,4,4,7,6,7,3,6,5,3,5,4,6,5,4,3,3,6,3,3,5,3,6,6,5,6,5,7,6,5,3,6,5,4,6,6,5,4,4,3,3,3,5,6,9,6,5,6,5,4,5,4,5,6,3,3,4,3,5,6,8,6,6,5,4,7,5,4,7,5,5,5,4,4,7,4,4,5,5,6,6,6,6,6,3,4,3,3,6,3,4,3,4,6,5,3,3,4,6,5,5,4,4,7,3,3,3,3,5,5,4,4,5,3,4,5,5,3,4,4,4,5,5,4,4,3,3,3,5,4,5,3,3,3,5,4,5,3,5,4,5,6,3,3,6,5,5,6,4,6,5,10,8,5,3,3,]
967,1,1,with_set,0.01,1,1,201,9,loop_limit,[199,70,33,23,13,10,11,10,6,5,9,7,6,8,9,6,8,6,8,15,9,12,13,12,10,6,8,9,6,6,9,13,13,7,7,6,7,6,6,5,8,11,7,8,8,11,8,6,9,8,9,8,7,7,10,10,9,14,8,8,9,11,7,8,9,9,9,9,8,10,9,9,11,14,7,5,6,8,9,9,7,8,7,6,9,12,10,8,10,11,10,12,10,6,7,11,6,7,6,8,6,7,6,10,10,7,7,6,8,6,9,7,9,13,9,9,11,10,7,11,11,12,11,10,6,7,8,15,12,9,10,12,13,11,12,14,10,20,14,11,10,13,9,14,10,11,9,15,10,12,7,5,6,6,6,6,9,8,6,6,6,6,9,11,10,7,9,12,10,12,8,8,6,9,8,9,7,9,9,6,9,12,7,8,6,8,9,7,8,6,8,5,6,8,6,7,5,6,7,6,9,]
967,1,1,with_set,0.05,5,5,201,10,loop_limit,[199,93,26,21,13,14,7,8,7,6,7,9,7,7,6,8,6,7,9,11,9,7,9,12,10,8,11,13,8,8,10,12,11,14,9,10,14,17,8,10,6,5,6,9,6,6,8,11,10,8,9,7,12,7,9,13,12,10,6,6,9,6,9,7,5,6,5,8,8,9,6,6,7,7,10,16,12,9,13,11,7,8,9,13,10,8,5,7,9,12,12,10,7,7,10,8,9,7,9,7,6,8,9,13,9,10,8,6,5,8,9,10,9,11,5,7,7,9,9,8,11,8,10,12,6,7,9,12,9,11,10,7,9,7,7,12,7,7,9,14,11,15,9,11,8,10,9,11,10,12,11,10,12,8,12,11,7,6,7,8,9,10,9,6,9,9,6,6,9,10,10,12,10,12,10,9,10,11,5,5,6,8,7,7,9,14,11,13,7,8,9,9,7,6,9,12,7,8,6,9,10,]
967,1,2,with_set,0.01,1,1,201,10,loop_limit,[199,80,29,32,13,13,8,9,8,6,8,8,9,13,8,10,9,12,7,7,6,6,8,8,13,8,10,7,9,7,8,6,6,6,8,9,9,7,10,8,12,11,5,7,6,11,6,7,9,8,8,11,10,10,7,8,9,9,8,6,9,6,8,11,10,13,11,8,10,12,9,9,7,5,6,8,9,9,7,8,7,11,6,6,6,8,9,11,7,8,7,6,7,6,6,8,6,6,8,10,9,6,6,6,9,12,10,8,10,12,8,7,6,8,6,6,9,12,10,12,6,7,6,10,6,6,8,11,7,8,6,6,9,6,6,10,7,6,6,6,6,10,6,8,6,9,12,9,7,8,10,10,9,11,11,7,9,11,10,12,10,10,10,14,11,14,10,7,10,11,11,11,11,15,9,9,9,9,9,11,7,6,8,6,8,7,9,13,10,10,9,8,8,8,9,10,7,10,12,12,10,]
967,1,2,with_set,0.05,5,5,201,10,loop_limit,[199,77,29,11,11,14,12,7,12,13,10,8,8,7,7,10,10,10,9,8,6,7,9,16,12,12,8,9,8,8,6,6,9,9,6,6,9,6,7,7,8,7,9,10,6,6,8,8,9,7,6,8,9,12,9,8,6,8,9,8,6,6,8,11,7,10,6,8,9,12,9,11,10,7,9,11,9,10,7,5,6,6,9,11,7,7,7,9,9,12,10,9,9,10,11,10,9,10,9,11,13,11,8,6,6,9,8,5,8,5,6,9,9,8,10,8,8,7,9,10,6,7,7,12,7,6,7,12,9,7,8,5,5,5,6,5,8,9,6,8,9,8,7,7,6,6,9,6,9,8,11,7,6,8,7,9,8,9,6,8,9,10,8,9,7,10,8,6,5,8,7,15,12,11,6,8,7,7,10,10,8,6,9,6,8,6,7,8,7,10,6,6,9,6,6,10,11,13,11,11,10,]
967,1,4,with_set,0.01,1,1,201,8,loop_limit,[199,64,35,21,25,19,8,10,9,14,11,8,8,8,9,7,8,5,7,7,6,6,7,5,9,12,7,7,8,6,8,7,7,6,6,6,9,6,7,5,8,9,8,11,8,8,8,6,6,8,8,8,8,7,9,11,7,7,7,7,9,9,9,7,8,9,9,6,7,6,7,10,8,9,8,8,10,10,10,9,8,6,6,9,9,8,9,11,10,10,8,8,10,14,10,12,9,10,9,6,10,7,5,6,8,7,6,8,9,7,9,6,8,11,10,7,6,8,8,9,8,6,9,11,7,5,9,9,14,16,13,13,8,13,6,6,9,12,8,15,8,15,12,9,8,9,10,9,9,11,7,15,12,11,9,7,8,6,9,10,9,13,9,8,7,6,5,6,9,8,8,10,9,9,12,14,7,9,8,11,9,6,8,6,6,7,6,7,7,6,6,9,12,9,9,11,10,8,8,10,8,]
967,1,4,with_set,0.05,5,5,201,5,loop_limit,[199,82,34,22,14,15,11,13,11,7,9,7,10,6,8,11,10,11,9,9,10,9,11,6,7,8,6,7,6,6,6,5,9,12,10,6,5,6,6,9,10,10,6,6,6,8,6,8,9,9,9,11,7,6,9,8,5,5,7,15,11,13,7,8,9,15,10,11,7,8,8,9,9,12,10,13,10,8,8,12,13,12,7,6,8,9,8,5,7,8,6,8,9,6,9,7,9,11,9,7,5,6,9,6,9,13,7,7,8,9,6,6,5,5,9,7,12,15,11,9,9,8,9,6,6,9,10,11,7,16,11,12,10,7,9,11,8,9,8,9,7,10,6,8,9,11,6,6,6,8,9,7,8,13,9,6,6,5,8,9,5,6,9,13,11,12,8,7,9,13,10,14,14,12,11,14,8,9,6,8,9,9,7,10,7,6,6,7,7,8,9,7,9,13,10,9,12,13,6,5,5,]
967,1,8,with_set,0.05,5,5,201,9,loop_limit,[199,93,33,12,10,11,7,12,10,12,8,8,8,8,8,10,8,10,9,11,10,12,10,8,12,11,7,8,8,8,9,10,9,8,8,8,6,7,9,7,12,7,9,7,6,6,7,7,10,7,11,11,6,6,5,6,6,7,9,7,9,8,9,6,5,7,6,5,9,8,6,5,8,9,10,10,10,7,9,9,6,6,6,7,9,8,8,8,11,8,6,6,8,9,8,9,9,7,11,9,7,6,6,6,5,6,8,12,7,9,8,11,10,9,9,6,8,6,6,8,9,6,5,6,7,15,11,12,9,6,8,8,13,8,6,7,9,11,7,6,7,6,8,9,8,5,6,8,6,10,6,8,9,6,9,6,7,7,7,7,5,9,7,16,13,12,10,11,10,11,7,8,7,7,9,7,11,9,11,9,10,6,9,11,7,8,6,6,8,6,9,12,10,14,7,5,6,6,5,7,9,]
967,1,16,with_set,0.01,1,1,201,9,loop_limit,[199,213,68,29,15,17,9,17,13,14,9,8,8,9,6,8,7,6,8,5,8,7,8,7,6,6,9,7,12,8,11,17,11,7,6,11,9,8,9,13,7,8,9,7,9,8,9,13,6,12,6,6,6,8,6,5,7,8,7,8,6,12,10,9,12,6,12,20,10,11,10,10,9,7,11,8,9,9,11,16,9,8,6,8,7,15,9,21,16,14,10,9,10,9,7,12,10,14,7,6,7,8,6,7,7,6,8,5,9,7,12,12,12,10,6,6,7,15,13,12,11,7,5,6,9,11,9,7,6,11,9,8,7,6,8,12,9,6,5,8,6,6,6,6,9,11,8,10,9,8,10,9,14,15,10,10,7,8,5,5,9,13,6,6,9,6,9,8,8,9,8,5,6,6,9,6,6,6,8,8,13,7,7,8,9,10,7,6,7,10,8,8,9,15,11,8,11,16,8,12,9,]
967,1,16,with_set,0.05,5,5,201,7,loop_limit,[199,77,31,14,10,10,9,10,12,7,9,13,6,9,12,14,10,10,12,10,8,8,5,6,7,7,6,7,9,7,8,6,8,10,7,12,7,9,8,8,9,7,10,12,6,5,6,8,9,13,9,6,9,13,9,7,9,13,7,13,10,9,8,8,10,7,5,6,6,5,7,12,9,9,8,5,9,8,9,8,7,6,8,8,6,9,11,10,9,7,6,10,8,7,8,8,6,7,7,7,6,9,5,6,9,9,9,9,10,14,7,7,6,10,11,7,9,9,7,8,9,11,9,10,10,9,9,13,9,6,9,9,6,5,8,6,8,7,9,8,10,6,6,9,9,12,8,12,10,8,8,13,9,9,7,15,8,7,8,6,9,8,12,6,6,6,6,8,6,9,8,16,7,10,7,6,7,6,9,8,7,8,7,6,9,11,10,13,9,9,6,8,9,9,11,11,7,7,9,7,7,]
975,1,1,with_set,0.01,1,1,201,6,loop_limit,[268,109,117,57,32,20,14,14,10,7,9,5,9,6,4,5,4,7,9,7,9,6,8,6,5,4,4,7,5,9,8,11,10,9,10,9,5,8,6,3,3,4,4,5,7,8,11,13,14,13,10,7,11,6,8,7,7,6,4,3,4,8,5,6,4,5,8,4,6,6,3,3,5,4,8,6,6,9,7,8,7,10,9,4,9,5,7,4,5,8,4,6,4,5,7,9,9,6,4,7,6,5,7,7,3,7,9,5,10,11,5,7,5,7,5,5,6,7,4,8,9,4,4,7,5,5,4,7,10,10,9,7,7,6,4,5,7,7,6,5,3,3,8,6,8,5,6,7,6,6,6,3,8,7,9,11,10,8,9,4,9,8,7,5,4,5,8,5,5,8,6,6,7,7,6,8,9,5,6,3,3,4,4,7,5,5,4,7,9,4,4,6,5,4,3,4,8,4,4,5,6,]
975,1,4,with_set,0.01,1,1,201,5,loop_limit,[268,102,59,39,26,21,10,9,6,6,7,6,5,6,8,8,8,8,11,12,7,10,7,9,8,7,5,8,7,9,5,3,3,6,8,6,9,5,7,10,9,6,8,6,8,11,12,12,9,6,5,4,3,4,8,6,5,6,5,8,8,5,4,6,8,5,5,5,8,6,5,6,5,8,7,8,12,9,9,8,8,6,4,4,8,3,4,5,5,6,4,5,8,8,6,5,3,4,6,9,5,4,6,4,7,4,4,5,7,9,9,7,8,7,3,4,6,4,8,7,9,4,8,4,3,4,4,8,7,8,3,5,8,7,10,6,4,6,4,5,4,5,7,9,7,8,8,4,4,4,4,5,6,4,4,5,6,8,9,8,5,8,8,9,9,10,15,10,5,5,4,5,5,7,4,5,3,4,7,7,8,4,6,8,5,5,6,9,8,8,7,8,4,8,9,10,9,6,4,5,5,]
975,1,8,with_set,0.01,1,1,201,4,loop_limit,[268,115,61,33,17,8,4,4,11,5,5,6,3,6,5,4,4,5,8,7,5,5,12,6,8,5,4,4,3,4,3,6,3,3,4,7,5,9,6,7,5,8,9,7,4,4,4,7,4,7,9,7,9,9,12,8,8,8,7,7,6,4,6,5,6,6,7,10,9,4,5,6,5,5,8,9,5,7,6,7,9,7,11,6,7,8,4,6,8,6,3,3,4,5,3,4,4,5,9,6,10,7,14,7,13,6,7,5,6,6,7,8,7,8,5,5,4,5,5,3,6,7,7,8,10,12,6,5,4,5,10,6,3,4,3,3,3,6,4,5,4,7,4,7,9,6,9,8,10,7,6,6,5,5,5,4,6,8,4,3,3,4,6,8,4,6,6,3,6,7,11,5,6,8,10,4,6,4,3,4,5,8,5,9,9,7,10,7,9,9,8,4,3,5,7,8,10,8,7,6,4,]
975,1,16,with_set,0.01,1,1,201,8,loop_limit,[268,102,50,28,22,15,10,10,13,6,9,7,8,5,7,6,5,5,7,5,5,6,8,4,6,15,14,8,12,9,7,4,6,10,6,5,5,9,6,8,6,9,9,5,6,5,5,3,3,5,5,4,9,11,12,13,9,6,3,3,4,7,3,3,4,5,4,4,10,4,4,5,6,7,7,8,11,6,4,5,5,4,4,7,8,5,3,3,4,6,5,4,5,5,7,4,6,8,7,10,5,9,7,4,5,4,4,7,5,7,5,7,9,7,12,8,8,5,7,7,10,4,3,7,7,10,6,9,7,7,6,7,12,7,8,6,7,8,7,5,8,7,4,5,5,4,3,4,5,6,7,7,5,8,5,6,3,5,5,4,4,7,12,7,6,7,9,9,7,5,7,4,4,8,7,7,8,7,4,3,4,7,4,7,5,7,6,5,5,5,5,5,10,6,8,6,5,5,6,7,8,]
979,1,1,with_set,0.01,1,1,201,14,loop_limit,[424,139,90,52,44,20,27,17,22,16,21,15,22,20,28,19,31,16,15,12,21,12,13,13,15,10,23,16,22,19,21,12,15,12,23,13,27,18,38,18,20,13,28,16,34,17,28,21,28,23,23,19,35,28,20,14,23,11,19,15,17,13,20,11,15,12,20,11,17,12,15,11,23,14,26,14,20,14,15,12,20,10,23,14,15,11,13,16,15,11,17,14,30,14,26,16,15,12,15,11,22,10,14,10,15,11,13,8,14,9,17,12,14,10,21,13,19,16,17,12,14,11,23,14,19,10,18,14,29,17,16,7,15,14,19,12,18,9,14,12,22,12,15,13,13,10,17,9,14,14,18,13,14,9,22,16,18,11,22,16,22,15,25,10,15,11,19,15,29,18,16,11,17,16,17,11,15,12,16,13,25,18,25,16,22,13,24,15,21,18,31,13,25,10,23,10,17,11,16,10,14,]
979,1,1,with_set,0.05,5,5,201,14,loop_limit,[424,131,83,56,52,44,56,26,27,23,27,16,30,17,28,17,18,16,16,12,13,14,18,14,25,18,21,18,22,13,17,15,16,12,17,9,19,11,12,9,22,14,26,16,28,11,22,12,14,17,17,14,18,15,24,16,17,13,16,12,20,12,21,13,21,18,18,17,26,19,25,15,21,14,19,12,19,11,15,9,12,12,24,12,18,15,27,20,39,16,22,14,16,10,21,13,25,19,25,15,19,10,14,14,15,9,15,16,17,17,24,17,22,15,16,15,18,16,28,17,28,21,29,19,15,12,16,14,18,15,30,18,24,17,21,13,17,16,17,9,19,10,17,9,19,14,18,12,18,8,16,15,20,16,21,13,13,11,16,11,18,13,15,16,19,10,17,8,13,11,15,10,19,11,12,8,13,11,14,9,14,15,26,19,28,16,17,12,24,12,14,10,20,11,13,10,18,13,14,8,14,]
979,1,2,with_set,0.01,1,1,201,16,loop_limit,[424,138,103,62,62,38,49,29,32,15,14,11,22,13,18,12,16,14,27,17,28,20,26,20,30,20,23,16,23,16,28,14,24,22,24,15,27,18,22,18,34,20,28,13,20,14,16,11,20,13,22,17,19,17,17,9,18,13,14,8,16,11,14,12,13,10,22,14,25,18,25,19,17,17,30,19,28,19,22,15,17,13,25,15,21,14,20,16,20,13,22,18,18,16,20,14,16,11,19,12,20,11,23,17,29,13,17,13,16,14,31,17,27,18,17,15,23,12,27,21,32,13,18,14,21,12,19,14,26,17,18,14,14,14,14,16,20,14,16,7,11,9,11,10,23,13,19,14,14,7,16,8,16,9,17,12,14,10,15,12,23,10,13,9,11,7,16,8,12,10,16,12,25,19,16,15,31,13,24,17,24,14,16,12,15,10,14,15,24,16,23,13,24,10,21,19,25,14,13,13,16,]
979,1,2,with_set,0.05,5,5,201,22,loop_limit,[424,138,104,84,84,41,48,27,29,14,24,18,24,20,21,10,16,10,26,19,36,17,24,16,17,11,12,9,20,11,21,12,17,12,17,12,22,18,15,14,16,14,20,15,23,20,31,20,31,15,27,14,19,17,28,18,34,22,34,18,28,16,20,12,19,14,21,11,18,13,20,10,17,9,13,10,11,9,11,8,18,15,29,12,21,13,16,13,18,20,30,12,24,14,16,11,15,15,19,17,24,13,20,20,32,25,24,16,24,19,21,15,20,12,15,13,13,9,17,12,18,10,16,13,29,16,31,17,31,22,35,21,27,11,13,14,14,15,19,11,12,10,19,10,16,15,16,14,14,10,13,8,12,9,16,11,21,11,17,15,23,10,24,17,24,11,16,12,17,15,28,15,16,12,19,15,31,23,31,26,38,23,21,17,16,9,19,13,25,16,15,10,24,13,24,10,20,14,18,12,22,]
979,1,4,with_set,0.01,1,1,201,15,loop_limit,[424,170,110,57,43,27,26,14,19,18,22,17,30,13,15,11,24,13,15,12,21,9,18,11,12,9,12,14,24,15,22,13,17,12,20,9,14,12,19,16,25,13,21,13,27,11,15,8,20,10,21,11,16,11,22,13,17,10,16,13,16,10,20,11,19,11,15,14,26,16,18,14,24,17,21,13,23,19,27,20,23,16,23,15,20,12,19,13,15,11,21,13,26,15,25,14,25,11,13,8,16,12,16,12,16,9,14,9,22,16,19,17,19,11,19,12,17,12,23,12,23,12,15,14,26,12,16,13,18,20,29,16,18,13,16,11,17,10,15,11,13,8,14,12,25,19,30,15,15,11,15,17,30,22,33,24,32,18,28,16,25,21,24,26,31,18,30,21,32,14,21,13,23,16,28,13,24,17,32,17,24,14,23,15,16,10,21,14,23,15,23,17,25,17,18,10,19,14,14,10,15,]
979,1,4,with_set,0.05,5,5,201,19,loop_limit,[424,210,129,69,87,44,43,42,33,27,26,16,23,15,20,12,13,12,14,10,13,8,12,8,18,11,15,14,19,15,17,11,21,14,16,17,24,16,18,11,18,14,13,9,20,14,16,10,12,8,12,10,12,9,22,15,18,21,28,22,23,19,24,14,27,14,27,18,21,14,17,14,19,13,17,9,18,11,18,15,26,20,35,23,24,17,26,18,31,16,19,9,18,9,19,11,14,15,16,15,21,9,18,11,19,17,21,17,22,11,20,14,21,17,26,17,26,16,24,16,14,11,15,16,15,12,16,12,18,10,11,9,14,10,17,15,24,10,14,11,23,11,15,10,15,11,19,16,23,15,25,15,20,14,27,11,15,9,22,10,23,13,22,18,22,14,19,11,21,12,21,11,21,14,27,16,29,15,23,16,16,14,13,12,17,15,23,12,19,12,14,10,14,13,24,19,28,15,21,14,19,]
979,1,8,with_set,0.01,1,1,201,16,loop_limit,[424,140,101,48,51,25,25,22,32,19,22,17,18,13,18,12,22,11,16,9,23,11,14,11,14,10,14,10,16,13,17,12,17,11,19,15,24,11,15,14,16,16,25,14,24,8,20,12,16,8,20,10,20,9,18,8,20,12,22,14,15,14,15,14,18,14,12,7,16,13,18,12,17,11,13,12,22,15,22,19,23,14,31,18,20,15,25,23,42,22,26,22,26,22,30,20,20,15,21,15,27,19,23,16,17,15,17,12,15,12,23,13,13,9,12,14,14,11,17,14,27,15,27,13,26,16,17,11,16,11,15,15,22,15,20,17,24,15,30,15,24,16,22,12,19,13,16,14,17,11,24,13,26,14,22,19,24,16,21,12,24,16,27,18,23,16,16,12,18,17,24,16,24,16,18,9,17,15,19,10,17,11,14,12,23,11,17,15,18,15,24,20,22,19,28,15,17,13,16,10,16,]
979,1,8,with_set,0.05,5,5,201,21,loop_limit,[424,132,93,85,64,38,36,28,36,23,23,16,23,15,24,13,19,16,19,10,20,14,23,17,17,9,13,8,13,11,14,10,13,8,15,13,22,14,19,15,21,15,22,13,17,13,19,10,13,8,16,11,19,11,22,8,20,11,16,12,20,19,16,11,12,9,12,12,14,8,15,11,23,12,12,9,13,9,18,12,18,12,20,15,19,11,25,14,19,11,20,13,18,13,19,13,15,12,15,13,27,19,31,20,35,14,31,17,27,22,33,16,27,17,27,13,27,20,26,19,19,12,16,15,21,14,21,15,21,12,23,14,16,18,24,17,16,19,28,14,17,11,22,14,26,13,24,8,20,10,21,10,16,15,24,15,25,12,19,12,17,12,15,16,16,12,14,16,16,12,20,12,16,13,19,13,21,14,20,12,15,11,16,10,22,12,18,13,17,11,15,13,16,13,20,13,26,18,19,20,21,]
979,1,16,with_set,0.01,1,1,201,14,loop_limit,[424,132,103,69,103,54,50,32,26,15,18,17,22,15,24,15,22,15,30,19,28,24,27,19,24,11,19,12,14,12,15,15,24,15,16,11,16,13,24,14,20,13,24,16,17,11,26,15,23,15,13,11,17,10,22,15,27,13,26,19,34,29,31,16,25,15,27,16,21,19,20,14,32,15,21,15,21,10,20,10,13,9,20,14,25,20,20,13,16,11,17,12,16,9,19,11,15,10,20,13,13,7,11,8,18,9,20,11,13,9,13,11,22,10,22,10,18,12,19,10,21,16,18,9,18,13,18,10,16,15,24,12,21,10,14,9,15,10,16,13,18,16,26,18,30,16,17,12,26,20,26,14,25,19,31,19,28,12,17,15,28,25,25,16,23,19,18,10,19,13,18,11,20,18,21,19,18,11,13,12,20,11,13,9,13,8,17,8,12,9,22,10,29,20,25,20,26,15,21,14,14,]
979,1,16,with_set,0.05,5,5,201,22,loop_limit,[424,172,124,51,81,43,50,29,36,23,20,12,16,17,20,14,25,12,25,16,17,10,12,8,16,7,17,14,22,17,20,14,16,13,26,13,24,14,14,9,12,10,19,11,20,10,22,12,20,13,15,10,19,14,27,16,17,8,16,15,16,14,20,18,20,11,11,10,19,11,14,10,15,10,23,11,19,12,15,15,16,15,26,14,26,18,18,18,24,15,19,12,16,14,20,16,22,17,19,13,15,14,21,12,22,16,30,15,20,13,25,15,32,18,24,11,13,11,20,15,32,14,28,23,34,14,21,12,19,13,24,11,22,13,28,14,31,14,25,15,19,11,15,10,13,13,23,12,16,11,17,14,15,9,22,10,15,9,17,9,12,9,12,8,19,11,14,13,23,18,20,13,18,12,12,11,17,13,20,13,26,19,28,21,30,21,28,15,31,18,26,19,25,17,29,20,30,19,21,16,22,]
979,2,4,with_set,0.01,2,2,201,3,loop_limit,[424,87,29,13,5,5,9,7,7,3,3,3,4,3,7,3,5,5,5,4,5,4,7,3,4,4,5,4,4,3,4,3,3,3,4,3,5,3,3,4,4,4,7,4,4,4,3,4,5,5,5,6,9,8,10,6,5,4,3,4,4,3,4,4,5,5,6,7,6,7,10,5,8,5,3,3,3,4,4,4,3,4,5,5,5,5,4,4,3,3,7,6,6,4,3,4,4,4,5,4,9,4,5,4,3,4,4,3,4,4,5,4,5,4,4,3,5,4,7,7,3,4,3,4,4,4,4,5,6,4,5,4,3,3,4,4,4,5,10,4,3,4,5,5,4,3,4,3,4,4,5,6,3,3,5,4,3,4,3,4,4,3,3,5,4,4,4,4,3,4,4,5,5,4,4,4,10,7,5,3,3,3,4,4,5,5,7,5,3,5,5,5,5,4,3,5,3,4,5,6,3,]
979,2,16,with_set,0.01,2,2,201,4,loop_limit,[424,146,157,85,33,12,6,4,7,7,5,5,4,6,4,4,7,4,3,4,5,4,4,4,5,4,4,5,10,4,5,5,6,4,5,5,3,4,5,4,3,5,5,5,5,4,6,5,5,4,4,4,5,4,5,3,3,5,10,6,5,5,6,4,3,5,4,3,4,4,3,3,5,4,4,5,6,4,4,4,3,3,7,3,7,3,4,4,4,3,7,6,5,4,4,4,3,4,4,4,4,4,3,4,7,7,4,5,6,5,5,6,6,5,6,5,5,4,4,4,3,5,5,5,4,4,4,4,3,3,3,3,4,5,6,5,7,4,5,5,7,7,6,6,3,4,5,5,4,6,4,3,4,4,4,4,3,4,5,4,4,5,4,4,4,4,3,3,4,3,4,4,3,5,10,6,10,3,4,4,4,4,5,4,3,4,5,6,3,3,7,3,4,5,3,4,4,3,4,3,4,]
986,1,1,with_set,0.01,1,1,201,24,loop_limit,[487,192,136,95,107,69,51,33,40,25,29,29,36,18,26,19,31,21,30,22,31,28,25,17,25,24,24,24,27,17,22,22,27,19,25,20,39,25,32,23,28,20,30,17,34,23,32,29,44,39,44,39,39,28,24,27,24,15,31,21,25,15,16,20,23,20,24,22,28,16,22,18,33,25,28,24,30,24,35,20,27,24,34,24,33,25,27,25,31,13,26,15,25,17,22,15,20,17,30,18,29,15,24,19,35,30,40,29,32,28,29,17,23,16,29,14,15,13,16,12,24,14,24,23,39,26,30,19,33,19,25,18,28,26,26,19,32,25,28,26,32,24,29,18,22,26,30,28,31,15,23,25,29,27,29,25,21,14,19,13,23,23,30,16,27,26,29,19,24,21,24,16,28,22,24,18,32,33,37,29,37,25,26,28,41,30,35,23,27,22,27,19,27,15,34,27,33,22,31,15,24,]
986,1,1,with_set,0.05,5,5,201,29,loop_limit,[487,215,131,131,98,50,54,28,38,24,36,22,31,18,33,23,27,27,34,30,28,30,37,35,26,26,26,30,34,23,32,20,35,20,26,14,21,26,30,21,35,30,32,22,35,22,30,24,34,32,41,24,23,22,30,20,20,17,20,22,23,19,18,15,25,22,29,30,23,19,25,25,39,29,30,29,32,18,21,16,32,15,24,13,16,19,25,15,28,20,28,17,29,23,28,23,26,26,30,25,21,18,23,25,26,23,21,22,29,26,36,33,28,31,30,24,26,24,31,27,31,31,37,31,23,24,37,34,36,34,35,27,36,30,38,28,37,33,34,26,27,31,36,27,28,25,37,17,31,21,29,20,25,18,29,26,24,26,27,23,37,26,37,29,31,33,43,35,46,33,40,31,33,29,36,30,28,19,28,24,34,27,41,27,34,29,38,26,33,19,28,23,39,25,22,17,31,18,28,24,29,]
986,1,2,with_set,0.01,1,1,201,29,loop_limit,[487,215,147,135,146,75,64,42,49,35,37,26,25,20,33,18,27,22,28,27,32,30,34,25,30,24,27,34,30,27,25,16,22,15,29,23,37,20,29,27,21,23,27,24,30,29,32,30,33,25,32,22,30,19,28,14,19,13,22,18,27,15,24,24,28,24,37,25,36,21,27,24,28,22,26,25,19,19,21,24,41,34,37,35,44,29,37,20,27,17,20,13,20,18,28,28,29,32,36,22,28,18,29,17,25,20,23,20,27,26,29,27,24,24,34,16,21,24,34,26,28,26,24,18,23,21,33,22,31,22,31,23,28,21,31,26,32,28,38,25,35,23,32,20,28,20,23,17,27,19,31,17,25,22,39,36,39,35,41,29,42,47,54,40,42,36,39,19,32,20,29,24,35,32,36,27,42,27,38,22,28,20,28,19,21,16,25,19,18,11,15,17,24,16,24,20,29,19,26,19,29,]
986,1,2,with_set,0.05,5,5,201,33,loop_limit,[487,192,136,77,67,43,50,37,38,29,32,25,35,19,31,27,30,18,29,25,32,29,36,28,38,23,28,23,33,17,23,26,31,22,31,29,36,30,36,28,43,25,25,24,27,22,28,28,23,27,32,30,28,16,15,18,20,18,20,24,27,15,21,21,25,22,41,16,24,13,33,20,29,15,23,14,23,15,32,26,36,41,36,22,33,27,28,27,26,27,28,18,26,19,24,15,21,18,15,13,21,13,21,13,18,12,21,15,23,20,26,18,24,20,25,27,26,24,21,13,21,16,30,23,21,19,35,29,34,17,30,17,26,21,24,21,25,19,23,12,21,13,29,17,29,17,25,21,26,21,28,23,36,30,31,24,31,24,32,24,28,23,31,23,26,27,33,34,41,31,30,36,29,22,33,30,42,33,27,28,36,35,31,33,30,24,37,30,23,13,16,21,33,20,32,35,41,31,40,27,33,]
986,1,2,with_set,0.1,11,11,201,25,loop_limit,[487,215,233,133,77,58,66,38,30,20,39,26,29,29,34,34,27,29,38,28,37,28,37,24,33,34,31,24,28,19,25,15,22,25,27,28,29,20,27,24,30,21,29,15,25,22,29,21,26,22,26,20,26,18,21,16,34,23,22,20,25,23,19,15,22,22,34,29,48,36,38,30,38,30,36,33,33,22,28,24,35,19,21,17,28,26,28,17,25,19,22,13,21,22,35,32,35,29,26,15,26,29,34,17,26,21,19,21,27,20,20,18,25,21,23,22,28,18,27,28,19,20,22,16,28,17,20,18,27,25,34,22,28,22,28,16,26,15,33,28,26,14,26,17,20,25,29,25,33,32,30,24,30,19,24,23,30,23,33,28,31,17,27,21,34,27,29,22,26,24,28,26,28,23,31,22,29,25,22,15,21,28,26,27,26,31,27,21,22,26,33,26,38,27,31,32,33,24,28,26,25,]
986,1,4,with_set,0.01,1,1,201,31,loop_limit,[487,192,212,115,83,33,40,32,41,26,33,26,41,28,30,32,30,33,48,28,39,29,36,23,29,23,31,29,29,34,39,32,33,28,35,30,30,23,40,35,31,37,36,28,27,26,30,22,27,17,24,27,39,28,31,32,27,30,30,26,31,21,34,26,38,24,38,31,38,32,30,18,27,26,29,26,32,24,33,25,37,30,41,32,39,32,33,24,28,23,37,28,34,31,24,18,29,18,33,17,31,16,26,14,22,19,20,17,27,29,30,26,33,30,41,23,36,23,30,27,39,36,36,30,29,26,27,18,30,17,30,25,30,30,23,18,26,25,39,25,35,30,24,22,24,26,34,25,39,20,25,23,31,36,47,25,28,14,28,25,30,20,28,16,21,21,28,15,15,12,27,20,30,23,29,33,40,24,27,30,35,25,35,26,33,25,36,33,34,33,40,33,37,32,37,22,27,19,32,21,31,]
986,1,4,with_set,0.05,5,5,201,24,loop_limit,[487,215,142,77,64,43,51,30,36,23,22,15,23,15,22,22,28,17,21,18,28,17,27,23,25,17,20,19,31,19,26,18,23,25,40,24,32,29,27,22,30,25,27,24,22,21,20,15,32,22,27,24,23,14,21,29,31,24,32,27,29,18,29,24,22,15,28,15,24,15,21,17,23,15,19,16,29,26,30,22,25,28,36,25,33,19,27,25,32,17,22,16,16,17,28,30,30,24,24,31,34,28,21,26,21,13,25,18,20,16,32,16,31,25,27,27,39,35,37,22,25,26,26,21,28,29,21,28,27,27,32,26,29,34,28,27,32,28,25,28,34,27,34,28,32,24,36,35,39,24,27,20,21,19,25,19,28,23,29,21,19,16,32,30,45,35,41,30,28,23,35,23,31,20,32,27,41,29,33,27,31,21,28,19,27,16,25,22,29,21,30,21,18,23,29,20,27,15,24,20,24,]
986,1,4,with_set,0.1,11,11,201,24,loop_limit,[487,194,146,71,56,43,40,32,42,28,32,16,29,22,31,21,29,17,37,27,28,15,24,27,35,24,26,19,32,31,30,29,31,24,31,25,17,13,26,13,21,19,18,20,33,30,32,24,31,23,27,26,34,27,35,30,32,18,31,16,31,23,26,21,32,34,38,37,43,38,36,32,27,23,32,22,25,18,31,22,29,27,28,23,27,28,26,23,28,26,29,20,26,20,41,22,21,15,24,18,19,21,26,18,26,24,24,26,25,24,33,31,36,35,34,27,28,26,35,24,30,14,27,17,25,17,21,14,21,13,27,23,33,30,40,30,33,35,33,19,31,25,29,22,32,28,28,18,29,29,27,17,24,13,27,23,25,14,22,20,17,15,30,23,34,18,19,13,26,23,23,18,28,18,27,23,29,25,26,26,27,20,32,28,36,25,31,22,31,20,28,13,21,16,33,21,31,28,20,13,24,]
986,1,8,with_set,0.01,1,1,201,33,loop_limit,[487,193,141,128,92,52,56,51,42,40,47,40,34,23,32,24,28,26,25,24,28,30,42,41,44,25,26,24,38,23,27,26,26,17,28,15,26,18,25,24,29,27,28,14,28,17,29,16,25,18,27,27,33,37,32,16,31,15,27,19,28,31,42,26,36,30,47,32,37,33,37,28,35,18,31,28,31,28,25,26,33,27,28,18,26,23,30,23,29,19,22,15,22,21,24,16,19,14,28,22,22,24,23,14,28,16,24,19,21,14,16,12,24,19,26,28,38,18,24,17,22,15,30,27,29,31,31,40,40,28,35,31,45,46,45,39,35,20,34,18,25,19,20,20,29,30,21,16,22,25,33,32,30,22,29,27,29,23,23,19,30,17,25,23,26,26,33,27,28,26,22,24,32,26,23,22,33,21,25,25,24,21,27,19,23,28,30,27,23,18,28,25,24,20,35,26,27,27,39,27,33,]
986,1,8,with_set,0.05,5,5,201,26,loop_limit,[487,194,143,83,69,55,68,62,50,36,42,27,29,20,30,24,34,29,35,21,38,31,38,28,36,36,44,23,35,21,44,30,41,30,40,29,37,26,35,30,35,26,32,29,25,19,25,20,30,21,27,17,27,19,26,21,29,26,39,22,37,31,30,25,28,26,28,32,36,33,35,34,44,34,29,23,28,37,39,24,40,20,25,20,31,27,30,22,32,22,23,26,32,25,30,25,22,19,32,18,28,23,37,17,23,21,23,18,28,25,32,17,28,28,27,29,28,20,31,26,27,25,26,14,26,15,23,17,22,16,33,23,26,20,28,31,35,32,37,41,38,36,35,31,29,27,36,31,34,18,29,16,27,17,25,16,24,24,31,24,26,15,32,22,31,24,31,26,34,26,35,25,26,26,38,26,37,17,28,19,30,23,36,36,34,31,33,25,32,18,25,19,28,26,32,26,33,19,21,24,26,]
986,1,8,with_set,0.1,11,11,201,34,loop_limit,[487,194,218,138,109,70,57,32,39,32,36,34,31,32,43,22,29,25,27,21,39,29,31,24,30,33,39,33,32,23,32,20,25,19,23,15,22,17,22,21,16,17,25,18,17,14,22,12,28,20,27,22,26,22,31,17,37,30,32,30,35,31,32,26,33,24,34,27,31,35,41,36,46,36,34,19,21,24,32,25,22,18,19,19,22,15,21,14,24,21,25,22,36,25,27,21,32,26,35,23,27,23,39,22,33,22,32,23,28,22,26,21,25,20,30,31,30,33,33,32,40,24,30,20,21,14,21,13,22,20,24,22,24,20,23,15,26,12,25,16,27,21,25,19,20,25,27,29,36,30,24,28,29,27,32,39,35,26,24,15,19,20,21,19,21,19,25,28,32,21,26,24,25,24,26,27,29,20,18,20,29,23,29,17,26,29,30,23,31,30,42,38,43,23,38,29,27,24,34,28,34,]
986,1,16,with_set,0.01,1,1,201,31,loop_limit,[487,194,144,128,99,69,62,30,30,32,32,24,29,24,33,22,33,17,25,27,36,25,20,26,29,23,32,19,29,18,32,25,32,18,22,17,26,29,30,29,31,25,22,20,26,23,35,25,34,25,33,30,43,30,44,33,32,28,35,33,33,24,27,22,29,33,37,31,44,29,26,23,30,16,17,16,27,19,22,15,27,21,33,30,34,26,36,24,36,27,35,29,37,25,34,34,35,25,31,23,36,25,39,31,33,27,31,40,39,21,23,26,26,18,27,24,29,22,28,22,33,36,39,39,50,39,47,31,32,30,22,17,25,14,24,17,26,20,25,26,31,20,28,26,32,24,31,23,25,32,33,29,33,22,32,26,19,20,47,31,37,31,36,36,38,23,37,32,31,19,28,28,29,17,31,23,34,25,28,34,37,32,41,23,32,24,32,19,26,21,24,17,24,16,20,14,26,24,33,28,31,]
986,1,16,with_set,0.05,5,5,201,35,loop_limit,[487,215,162,95,73,66,47,41,44,40,42,43,33,19,19,16,29,19,38,21,33,29,38,33,46,41,39,28,35,24,30,24,34,27,33,22,30,29,32,19,36,29,23,15,38,20,27,30,34,32,34,32,35,42,44,32,37,28,38,30,42,37,40,39,30,28,34,21,30,22,24,21,34,26,36,21,33,20,27,23,36,22,41,28,32,35,33,22,35,29,37,26,24,14,19,23,33,30,41,29,32,21,37,22,32,25,35,22,31,23,28,27,28,22,34,26,35,26,31,23,25,16,23,21,29,28,27,17,27,17,29,24,26,23,29,16,28,26,20,20,24,25,34,28,45,34,36,24,31,24,31,24,29,14,25,20,29,25,30,19,25,28,33,30,31,22,32,21,36,26,35,26,20,21,29,25,38,32,27,22,35,34,29,31,29,19,25,24,22,25,29,24,38,27,40,33,42,32,47,32,35,]
991,1,1,with_set,0.01,1,1,201,12,loop_limit,[249,96,35,20,18,15,9,9,9,9,7,11,8,7,5,11,5,11,7,5,4,11,10,10,9,9,10,14,10,9,7,9,8,15,10,13,9,12,9,11,8,11,5,8,12,11,9,9,13,13,9,10,8,13,6,6,10,9,13,12,10,12,10,13,7,14,9,6,5,6,6,9,6,11,5,9,5,6,5,6,10,15,9,11,9,6,5,9,7,7,6,5,12,11,11,11,5,8,8,9,7,9,5,5,7,11,7,5,6,8,6,10,7,7,9,9,10,10,13,10,6,13,8,13,5,5,9,11,12,14,8,8,11,10,6,5,6,10,7,11,10,8,10,9,12,9,11,10,6,7,4,9,10,10,9,9,9,9,6,10,9,5,5,8,7,8,7,13,9,9,5,6,5,5,5,6,6,9,9,5,5,11,7,13,6,7,6,8,8,9,7,9,8,7,6,7,6,12,9,11,12,]
991,1,2,with_set,0.01,1,1,201,12,loop_limit,[249,109,50,33,33,33,18,13,18,16,12,8,5,7,5,5,12,16,14,8,11,8,13,11,7,9,9,8,9,14,12,16,10,13,10,14,6,9,9,10,13,15,14,15,9,11,12,11,12,11,10,6,12,10,5,9,8,11,5,11,14,16,11,8,8,7,9,15,8,10,5,9,6,12,8,5,5,11,5,5,7,9,8,6,9,15,10,12,13,10,10,11,6,11,10,15,11,14,9,11,7,14,9,15,9,12,10,13,10,16,9,8,4,8,12,9,5,9,10,14,12,16,10,13,9,11,11,13,15,16,11,16,12,17,7,8,10,8,7,9,5,6,5,7,6,11,7,6,4,8,10,11,7,7,10,10,6,10,6,5,8,9,5,8,12,12,5,6,5,12,10,14,9,10,10,11,8,8,4,5,5,10,5,9,8,10,9,7,5,10,9,9,9,12,7,9,8,12,11,12,12,]
991,1,4,with_set,0.01,1,1,201,6,loop_limit,[249,116,31,43,25,29,17,22,13,14,11,14,7,9,8,10,5,6,8,10,9,15,8,9,9,6,6,12,10,8,10,6,5,8,11,10,11,13,6,8,5,10,5,8,5,6,10,15,11,14,11,11,8,10,5,8,6,8,7,11,11,13,7,9,9,11,5,8,10,14,13,12,9,16,12,9,12,16,8,5,5,5,5,8,4,8,6,6,6,10,13,8,9,13,7,9,6,11,7,7,8,13,8,9,5,12,7,5,5,11,7,11,7,7,8,6,6,13,11,13,8,11,6,9,9,6,10,9,10,10,9,9,6,12,7,11,7,9,10,8,7,11,6,11,7,11,8,12,11,14,12,11,7,10,5,8,6,10,12,10,7,5,9,7,5,8,6,10,10,11,11,11,12,13,9,9,5,9,10,9,12,13,12,10,9,10,10,13,9,11,10,8,5,5,7,12,7,9,7,9,6,]
991,1,4,with_set,0.05,5,5,201,10,loop_limit,[249,112,41,28,12,18,14,17,8,5,5,8,7,9,9,10,10,9,13,12,12,11,9,8,10,15,15,7,11,10,9,6,8,7,6,7,8,9,9,10,5,9,7,9,8,8,5,6,7,9,6,9,8,11,7,12,10,15,11,13,13,17,11,18,16,14,9,8,6,6,9,7,6,9,6,8,9,12,7,7,9,6,6,8,10,14,9,9,7,9,6,9,7,10,8,7,5,8,9,12,11,8,12,13,11,14,14,9,5,6,10,9,7,9,6,11,7,12,14,19,10,12,5,6,6,7,7,12,10,11,8,12,6,11,9,10,7,8,6,13,8,10,6,11,8,9,9,11,14,12,6,5,7,9,6,10,10,18,16,11,10,12,6,7,5,11,5,7,5,5,8,9,9,10,10,8,13,13,7,10,7,11,12,7,10,12,7,13,6,12,7,9,6,9,11,10,5,6,5,8,10,]
991,1,8,with_set,0.01,1,1,201,8,loop_limit,[249,197,121,52,18,20,7,5,6,6,5,12,6,9,7,10,5,8,8,15,13,15,7,9,6,11,5,8,10,10,7,10,5,6,5,8,5,5,5,6,10,9,5,8,7,7,9,11,8,8,6,5,5,8,9,10,5,8,6,7,6,7,8,15,9,7,8,9,6,12,9,6,5,6,12,11,14,12,5,8,5,8,9,9,9,7,10,11,8,7,6,9,9,8,7,7,8,10,8,11,7,8,7,9,9,9,12,13,9,13,9,9,7,6,5,5,5,8,12,9,8,9,5,6,5,12,5,10,7,9,8,11,9,16,12,13,12,15,6,7,10,15,11,8,9,12,8,12,10,13,9,7,8,6,9,7,5,8,9,8,7,9,10,6,5,8,5,10,6,7,6,7,8,10,7,12,10,14,5,6,9,5,5,5,10,10,7,8,7,8,7,6,4,5,4,6,5,7,8,9,8,]
991,1,16,with_set,0.05,5,5,201,8,loop_limit,[249,106,115,62,74,38,23,25,12,8,14,14,7,9,7,9,6,9,10,15,11,14,13,10,8,14,9,9,9,7,5,5,5,8,5,12,8,8,6,7,10,9,19,14,14,8,6,6,5,8,8,9,10,8,6,12,15,10,5,5,6,10,7,7,8,8,5,8,10,14,8,9,8,9,7,11,10,9,9,10,7,9,7,10,8,7,6,5,6,8,5,11,7,13,9,9,7,11,7,9,5,5,5,10,5,8,9,7,9,10,9,5,5,8,12,12,8,10,10,8,13,13,13,18,14,14,12,13,13,18,13,6,7,11,7,6,10,13,9,7,5,5,6,10,8,11,13,7,6,7,9,8,10,10,10,13,15,10,8,5,5,5,5,6,6,10,12,11,8,8,13,17,14,14,10,13,8,10,6,9,5,9,12,11,5,12,10,9,10,15,9,13,7,5,12,10,13,13,13,10,8,]
994,1,1,with_set,0.01,1,1,201,9,loop_limit,[253,108,55,29,12,13,13,10,9,7,5,6,6,6,5,4,7,9,6,6,6,9,6,9,7,6,6,7,8,7,9,6,6,7,6,10,10,9,9,12,9,12,8,9,9,10,9,10,10,7,5,6,9,9,9,7,11,5,6,8,5,6,8,8,9,8,7,12,11,15,10,10,11,13,11,10,7,13,8,10,10,14,15,13,9,12,8,8,10,8,9,5,8,6,6,6,7,12,11,15,14,14,8,7,9,6,6,9,8,9,6,6,6,4,9,5,6,9,7,4,6,6,9,6,9,6,6,7,7,7,7,7,11,7,11,7,9,5,6,6,8,8,8,7,9,8,8,5,10,7,10,6,6,8,8,7,8,7,9,13,9,7,10,11,12,9,8,13,10,11,6,9,7,7,9,11,8,6,10,7,9,10,8,7,9,13,8,7,6,6,5,4,5,9,7,9,13,9,6,6,9,]
994,1,2,with_set,0.01,1,1,201,7,loop_limit,[253,120,49,59,29,19,10,8,9,7,7,9,7,9,9,7,9,7,12,11,6,5,7,7,7,7,8,7,9,12,11,11,9,13,8,13,6,8,6,4,5,4,7,5,10,11,14,8,10,8,8,8,6,9,10,9,10,9,8,10,7,6,9,7,5,8,13,8,9,5,7,7,7,7,8,12,8,13,7,12,10,8,11,8,8,11,10,6,7,6,9,8,11,8,9,9,9,8,5,5,8,5,7,6,7,8,6,8,7,6,9,7,5,7,9,5,6,6,9,8,6,10,6,5,5,10,13,8,9,7,10,9,8,9,5,6,7,7,9,8,8,8,6,9,8,13,7,7,10,8,7,6,9,5,7,8,11,8,9,9,9,9,7,8,13,9,7,7,12,11,13,11,10,8,13,9,5,11,5,11,9,7,10,8,9,7,7,7,6,7,7,9,7,8,9,8,7,8,6,7,7,]
994,1,4,with_set,0.01,1,1,201,15,loop_limit,[253,105,50,21,11,7,8,8,8,6,9,9,6,10,7,9,6,6,8,7,7,6,5,6,7,6,8,7,5,6,5,8,6,7,7,9,7,8,6,4,6,7,5,4,9,8,9,8,9,7,9,7,7,8,7,8,9,10,9,15,13,13,9,7,5,6,5,6,7,6,7,10,13,10,11,8,13,10,9,13,9,7,11,12,9,11,7,6,9,9,7,11,9,5,6,4,9,6,9,6,9,8,13,10,12,9,11,14,9,10,9,8,5,8,9,10,7,8,7,6,6,9,9,7,12,13,5,8,9,6,10,12,11,12,9,7,10,8,8,8,9,7,8,8,8,8,5,6,12,8,9,13,9,9,12,10,9,11,10,11,14,10,7,12,10,9,7,9,9,6,6,6,12,10,9,7,7,6,5,9,7,9,6,7,9,7,6,4,9,7,9,6,9,10,8,10,8,10,9,17,15,]
994,1,8,with_set,0.01,1,1,201,9,loop_limit,[253,95,103,47,22,23,12,7,12,9,10,6,10,7,8,8,9,5,9,11,7,6,5,4,7,13,9,15,10,9,8,9,7,5,7,6,5,7,8,9,7,7,12,11,6,5,9,8,8,6,6,9,6,8,8,7,6,6,7,6,9,8,13,9,10,9,9,9,9,11,9,8,8,7,8,11,8,9,6,8,8,9,7,6,7,7,5,9,10,8,11,10,10,15,10,14,7,9,7,9,8,4,7,10,13,10,6,9,7,8,10,8,6,5,5,8,9,11,12,6,8,9,8,6,10,7,9,7,9,8,7,4,9,8,9,8,6,6,6,7,9,7,7,9,7,12,6,8,9,8,5,7,8,6,5,7,9,5,9,9,8,9,9,8,6,9,9,11,10,18,10,12,7,6,8,5,7,8,6,7,12,11,9,14,9,7,9,7,9,8,6,9,10,9,7,9,9,9,7,7,9,]
994,1,8,with_set,0.05,5,5,201,9,loop_limit,[253,109,50,31,16,12,11,12,12,8,9,8,6,9,6,6,9,6,8,6,9,7,10,7,5,7,7,7,9,10,9,7,7,7,7,5,5,5,9,6,10,7,8,12,7,7,6,6,7,7,10,8,8,6,8,6,11,5,8,6,9,13,8,7,7,6,7,7,8,8,11,8,6,6,5,6,9,9,8,8,8,8,8,7,7,7,9,6,9,8,9,8,6,5,5,7,8,7,7,5,7,5,7,7,5,6,9,10,6,6,5,6,10,9,9,8,11,9,5,7,7,8,9,10,11,9,12,7,9,10,8,10,9,7,8,6,8,8,13,9,9,9,5,8,6,9,10,8,11,13,10,10,13,11,7,5,8,15,9,8,8,6,10,7,12,9,8,11,13,11,9,7,5,9,8,6,5,9,6,10,6,9,6,7,9,9,13,10,7,7,7,7,12,7,8,6,6,8,5,6,9,]
994,1,16,with_set,0.01,1,1,201,9,loop_limit,[253,101,42,43,29,16,15,13,10,12,10,7,6,9,6,10,6,6,9,7,9,12,9,18,13,14,12,10,8,7,7,5,5,7,5,6,6,6,16,16,8,8,10,9,10,8,8,6,5,9,9,8,10,7,10,10,7,6,6,8,9,10,9,11,9,10,5,9,11,8,11,8,9,7,8,5,8,6,6,8,6,6,5,6,9,9,7,9,9,12,7,11,8,11,7,8,6,9,6,6,8,5,7,7,5,6,5,6,6,6,7,7,12,8,9,6,9,7,5,9,8,4,9,10,8,7,7,7,8,8,9,8,9,6,7,6,6,7,10,11,7,6,9,11,13,10,8,7,9,8,6,7,7,4,5,8,6,8,13,8,11,8,8,8,5,5,5,4,7,8,7,6,9,13,8,7,5,7,6,9,7,9,9,9,5,8,8,8,12,12,8,6,5,9,9,9,8,8,6,8,9,]
994,2,8,with_set,0.01,2,2,201,7,loop_limit,[253,54,18,8,6,5,6,5,5,5,6,9,5,4,5,5,4,5,5,4,5,6,6,5,5,6,5,4,4,4,4,4,5,5,5,5,5,7,6,5,6,5,5,6,6,5,5,5,5,4,4,5,6,5,6,6,7,6,5,7,5,5,5,4,5,4,6,5,4,5,7,5,5,4,7,5,5,6,7,10,5,5,4,5,5,4,5,5,4,5,5,5,7,7,5,7,5,5,7,6,7,5,5,5,5,5,7,4,5,5,7,7,5,5,7,5,5,5,7,5,7,5,5,4,5,5,5,4,6,6,7,5,7,7,7,5,5,5,5,4,7,5,7,7,7,6,6,5,4,5,5,4,5,5,4,5,6,5,4,5,4,5,6,5,5,4,6,5,5,6,6,4,5,5,5,5,5,4,4,5,4,5,7,5,6,4,6,5,10,5,6,6,6,5,6,5,4,5,5,4,7,]
996,1,1,with_set,0.01,1,1,201,857,loop_limit,[1225,859,906,741,841,731,925,777,867,760,850,755,862,750,873,754,869,732,895,831,901,759,866,727,833,728,827,725,879,760,848,753,857,746,854,735,870,734,830,725,848,804,874,814,871,732,846,732,856,750,828,736,867,723,800,717,843,733,872,754,863,780,855,740,844,739,838,751,896,772,864,794,870,749,887,756,866,746,884,769,912,767,893,766,894,737,849,791,849,733,851,796,924,772,909,748,856,736,817,749,892,747,860,781,901,765,847,764,864,733,874,735,841,749,882,754,840,709,828,788,857,811,903,752,895,753,955,784,833,779,875,759,855,731,869,751,912,843,858,825,883,738,846,718,849,750,890,808,872,785,886,770,891,749,903,781,862,736,833,711,822,704,813,700,797,719,824,800,901,780,884,775,847,783,819,785,894,753,843,759,865,728,938,755,837,724,846,753,831,784,862,739,883,789,864,778,898,821,936,773,857,]
996,1,1,with_set,0.05,5,5,201,929,loop_limit,[1225,830,916,779,919,770,879,785,905,751,859,725,841,770,918,763,828,703,860,720,842,772,884,783,925,759,905,795,834,744,875,749,824,732,827,756,839,805,860,766,895,767,872,810,944,742,885,753,848,722,861,770,905,814,865,713,833,775,911,766,860,754,872,767,856,748,859,752,879,753,846,722,857,755,863,722,875,756,839,744,794,722,843,764,872,765,904,751,893,751,893,769,862,810,851,726,821,707,844,723,875,809,875,745,828,755,860,759,885,772,890,750,898,755,918,758,873,727,817,706,845,708,789,737,830,733,877,770,833,728,872,767,866,729,841,757,830,733,826,720,866,759,882,752,829,777,830,799,871,748,886,770,893,778,876,763,886,760,879,733,850,714,819,766,853,815,878,736,826,742,843,728,849,740,835,742,890,742,885,769,894,734,860,750,886,753,861,750,872,720,819,808,884,768,838,773,853,769,858,812,929,]
996,1,1,with_set,0.1,11,11,201,859,loop_limit,[1225,893,997,806,854,753,868,745,829,762,861,753,864,759,850,749,902,787,844,715,827,727,867,761,849,770,867,765,845,748,867,737,866,767,901,734,906,768,835,764,815,704,805,698,800,701,813,731,885,729,873,764,858,734,813,679,783,740,827,755,876,756,898,756,823,778,864,761,889,750,873,785,874,833,920,774,893,768,856,730,865,717,840,778,904,789,850,743,827,724,889,767,877,776,870,808,897,746,858,749,827,713,829,754,882,766,853,746,838,771,838,740,862,746,833,803,916,787,916,759,905,820,911,746,842,745,884,741,821,716,822,731,873,738,841,744,888,776,902,799,879,776,847,770,860,757,911,818,911,775,883,741,848,741,829,789,841,738,831,736,922,780,832,712,850,701,808,753,853,765,836,737,856,717,830,730,845,742,880,747,840,734,870,757,905,768,863,730,887,760,883,719,835,747,842,755,881,745,880,768,859,]
996,1,1,with_set,0.25,28,28,201,872,loop_limit,[1225,832,908,745,839,716,838,768,849,749,877,760,899,761,860,730,829,751,849,742,886,749,831,730,870,770,867,763,857,772,883,773,883,771,831,760,892,740,879,784,916,790,867,735,826,729,917,793,902,779,886,739,853,793,853,731,850,755,835,753,838,780,897,756,915,801,894,785,930,759,847,730,806,737,800,717,834,742,855,740,846,707,869,742,868,746,899,762,907,735,887,770,912,783,858,772,871,780,913,772,902,742,843,782,901,841,894,821,901,781,833,749,868,728,814,741,812,714,847,727,857,721,859,746,888,755,878,775,927,814,936,766,860,754,879,735,830,753,902,741,842,724,883,825,883,753,866,742,835,699,842,795,917,779,856,761,907,775,885,731,845,792,929,787,862,764,839,718,820,728,808,743,850,772,889,781,854,804,834,706,837,725,828,738,913,760,899,776,896,807,897,765,822,787,853,736,832,748,835,726,872,]
996,1,2,with_set,0.01,1,1,201,824,loop_limit,[1225,863,885,727,832,709,791,774,791,694,831,738,835,745,855,772,903,762,827,726,857,755,865,774,859,714,853,723,858,757,859,761,888,805,903,775,852,726,839,726,865,764,852,772,908,778,883,719,827,718,839,716,834,750,827,734,837,717,808,765,882,739,837,701,853,772,867,778,866,776,876,761,896,772,957,806,960,789,914,741,843,766,858,765,849,759,893,762,850,726,829,766,829,745,888,731,856,822,860,724,853,707,827,750,859,779,895,787,847,727,806,708,801,696,832,733,932,758,835,744,850,751,871,744,876,737,862,812,920,763,898,779,834,742,829,783,871,761,889,766,874,799,873,757,876,748,887,749,852,749,858,755,817,724,878,795,906,775,846,728,861,767,834,743,843,715,829,728,852,751,863,713,859,745,885,780,863,735,796,701,801,724,873,732,880,760,884,758,867,756,838,752,842,731,804,708,869,721,866,759,824,]
996,1,2,with_set,0.05,5,5,201,864,loop_limit,[1225,853,905,776,911,773,821,716,811,700,831,797,872,789,865,747,938,755,867,708,826,714,840,757,857,719,836,712,826,780,826,731,831,729,832,723,881,754,857,781,847,709,823,774,868,775,874,798,896,769,907,740,876,750,874,714,847,754,831,799,890,807,864,751,839,748,878,792,863,764,863,737,862,787,892,749,860,744,841,744,840,713,896,774,863,762,840,804,840,739,879,751,845,742,819,694,801,688,803,739,843,769,864,769,916,771,855,750,885,763,866,767,832,724,839,772,826,713,862,732,842,729,906,753,860,723,849,707,870,775,928,779,902,748,852,741,886,741,812,745,871,745,866,752,867,799,926,799,875,762,850,808,935,786,901,749,858,773,921,796,857,742,881,748,825,772,896,768,888,766,916,766,836,743,837,760,890,835,879,754,892,763,924,798,899,771,837,728,867,726,839,741,854,706,810,789,875,765,845,759,864,]
996,1,2,with_set,0.1,11,11,201,928,loop_limit,[1225,863,885,753,892,792,888,729,857,766,935,791,845,744,902,779,892,743,874,774,859,762,824,756,869,754,855,797,891,736,825,704,837,712,829,740,824,753,815,793,895,768,909,826,895,792,893,847,892,767,901,729,864,727,839,727,839,735,862,728,846,703,799,725,857,724,795,740,840,731,846,769,845,750,889,768,873,760,840,730,885,730,864,740,852,725,867,775,853,748,868,729,830,737,837,730,842,783,866,776,840,746,835,720,842,773,896,744,899,755,833,754,826,721,872,777,893,748,822,690,818,696,818,701,830,736,886,705,812,747,837,741,849,731,846,735,856,747,839,758,852,761,851,713,834,766,915,749,875,767,900,739,950,776,866,711,830,709,845,776,879,745,819,720,865,746,863,755,865,772,835,723,864,783,870,816,870,736,824,746,877,761,887,761,871,750,884,746,820,702,808,766,926,747,842,718,843,741,871,792,928,]
996,1,2,with_set,0.25,28,28,201,866,loop_limit,[1225,859,964,769,936,773,833,706,834,710,815,738,861,763,860,737,790,767,875,766,927,766,843,755,844,768,873,758,893,739,875,732,889,735,818,712,794,679,810,745,867,761,849,805,848,706,827,774,895,789,861,714,851,739,879,791,872,782,891,726,848,734,848,719,830,739,882,783,868,762,909,777,861,762,848,774,897,771,906,784,852,803,899,776,839,731,925,802,916,853,893,764,897,765,846,766,918,851,885,764,852,795,834,747,840,702,818,787,871,798,840,763,895,777,838,763,888,776,847,769,844,802,935,793,898,768,841,806,924,802,863,755,853,736,808,727,809,745,836,734,834,758,814,715,886,781,872,756,864,805,876,737,892,750,843,731,793,689,814,724,833,797,929,755,856,745,878,750,872,724,849,765,865,738,852,762,895,745,909,826,868,824,899,765,882,754,943,754,869,756,849,764,880,779,858,783,849,727,868,765,866,]
996,1,4,with_set,0.01,1,1,201,839,loop_limit,[1225,944,988,824,933,786,1193,814,1133,793,887,713,819,913,928,781,882,888,1162,815,897,739,877,866,900,741,870,729,845,755,880,744,1149,836,874,794,873,770,876,777,890,777,866,762,846,729,803,752,845,751,858,754,898,761,870,730,861,751,835,768,914,852,881,770,882,763,1157,827,1067,975,992,795,977,795,846,792,836,732,860,771,862,738,1159,851,886,730,828,731,1140,820,870,893,895,784,842,949,953,954,996,905,911,842,904,779,900,760,867,769,843,813,1145,943,943,780,897,770,880,763,1050,804,878,756,1027,961,1092,828,862,776,846,736,851,730,822,960,945,792,916,736,1131,839,860,731,864,817,896,770,894,781,866,761,868,783,853,771,901,781,866,728,847,728,836,868,914,758,827,787,1032,810,884,754,888,932,947,766,872,745,849,767,904,766,1157,841,942,864,882,810,855,788,853,713,847,758,1007,857,927,769,861,757,874,724,839,]
996,1,4,with_set,0.05,5,5,201,887,loop_limit,[1225,869,963,793,877,727,857,745,863,699,835,787,864,764,844,751,827,835,894,757,1094,813,897,772,841,766,859,745,825,746,1023,825,851,737,847,756,829,734,829,720,847,719,973,792,883,741,868,762,1016,792,1018,783,864,720,839,755,947,789,906,789,861,814,861,746,884,872,917,861,904,775,903,777,898,812,1194,860,1073,871,901,768,879,762,1015,808,889,771,1160,971,953,797,886,752,856,722,827,748,878,755,855,773,867,764,930,917,948,805,878,760,901,789,872,749,1122,828,897,767,850,740,891,753,864,730,847,719,827,729,857,752,945,789,1152,972,949,859,915,797,850,718,865,742,850,781,887,765,861,810,863,782,834,794,856,746,825,749,844,760,837,759,869,760,854,743,870,732,989,808,923,769,829,729,841,750,839,793,911,715,1000,801,869,735,842,738,866,740,917,766,866,768,873,719,854,753,1159,883,884,924,1148,833,899,818,887,]
996,1,4,with_set,0.1,11,11,201,1142,loop_limit,[1225,869,904,839,904,839,1173,830,923,767,918,768,896,752,879,743,882,792,856,874,1062,824,892,749,857,746,872,887,1088,807,849,792,904,763,892,881,923,799,846,767,864,757,855,767,901,748,872,784,894,781,865,779,864,806,909,744,888,756,849,737,867,723,862,760,877,765,882,735,857,756,857,866,1066,965,957,855,934,777,875,758,907,750,1008,812,923,742,857,887,928,773,1191,858,1131,815,881,765,898,765,869,768,840,796,843,754,854,942,975,950,952,896,942,782,899,767,850,756,897,746,828,748,904,756,883,788,1015,802,864,745,865,807,903,730,854,750,854,756,804,785,804,771,996,793,876,809,903,947,972,754,887,843,940,915,959,788,914,782,872,742,821,712,832,708,829,764,849,726,842,739,802,753,1170,816,1155,924,981,799,873,725,828,747,835,737,1149,848,944,802,894,746,859,798,873,734,842,753,892,894,911,790,893,765,1142,]
996,1,4,with_set,0.25,28,28,201,907,loop_limit,[1225,853,894,768,834,736,844,708,825,755,866,764,867,727,849,727,865,779,831,785,868,864,941,833,1142,810,873,774,829,730,864,761,854,762,866,742,856,736,834,933,925,846,893,757,843,790,899,785,864,784,924,780,906,774,865,754,838,790,938,794,914,760,911,840,885,807,899,759,920,778,911,776,903,773,1024,820,1173,930,919,793,1123,821,895,783,856,730,1041,869,978,804,854,808,864,748,891,750,854,743,848,741,856,737,835,740,860,939,934,762,1026,817,890,769,861,891,975,798,905,757,841,749,827,733,878,729,873,774,901,753,1149,815,995,774,896,756,891,739,872,785,853,793,904,762,852,747,848,756,823,740,840,712,870,817,912,762,858,730,904,782,880,745,863,744,839,726,825,780,829,730,996,973,944,794,950,768,899,770,866,778,913,756,900,785,888,763,884,742,849,742,849,743,842,717,861,762,1004,840,967,804,901,797,907,]
996,1,8,with_set,0.01,1,1,201,947,loop_limit,[1225,982,1004,865,899,758,839,808,1162,813,997,785,901,756,1149,836,1183,981,1000,767,851,753,866,824,893,769,890,761,837,826,886,966,1225,859,893,753,865,860,950,778,1200,955,1225,893,886,720,815,971,1000,830,1000,805,1225,863,903,773,897,787,853,762,872,921,938,761,893,959,983,772,1149,875,952,970,954,859,912,837,890,756,931,761,875,783,863,790,1225,869,882,833,1037,809,1172,854,948,794,862,742,861,761,861,703,888,730,871,781,1196,826,1001,798,920,778,988,965,1073,824,898,822,1031,818,934,853,895,833,869,728,821,807,867,772,887,742,857,728,854,792,886,765,843,976,956,982,923,757,845,718,831,751,1225,863,952,982,1004,832,960,804,874,982,991,791,914,790,831,809,879,742,860,714,839,730,870,760,842,805,983,791,849,717,832,781,861,759,821,702,839,724,847,730,853,778,841,737,957,788,919,753,944,857,1207,953,1225,950,947,]
996,1,8,with_set,0.05,5,5,201,1017,loop_limit,[1225,869,1178,820,904,745,828,982,1225,853,905,839,1176,979,948,769,836,745,878,819,887,783,1153,819,883,783,915,796,846,704,868,744,851,982,1004,824,1187,925,905,869,956,963,1072,969,947,851,908,815,918,799,992,797,1014,799,845,723,901,759,908,785,931,969,955,802,916,789,892,753,874,735,858,737,812,699,841,757,860,753,841,804,841,729,1184,859,898,807,884,817,908,837,933,802,860,967,948,804,922,790,848,887,1111,818,875,955,950,904,963,752,892,742,883,719,838,730,825,749,890,977,949,789,997,799,998,799,976,794,860,982,951,768,876,807,921,778,864,736,840,819,1217,982,1211,863,914,758,885,975,950,789,922,982,981,884,943,802,876,770,903,753,1190,856,969,825,887,718,1195,854,903,837,881,737,845,762,848,751,825,929,1025,792,837,793,923,971,1004,787,887,740,859,744,1225,863,908,754,865,738,882,776,855,764,825,970,1017,]
996,1,8,with_set,0.1,11,11,201,906,loop_limit,[1225,863,952,768,861,753,1225,860,949,800,866,755,1219,851,915,776,875,765,840,750,847,729,814,786,860,740,855,711,876,766,831,751,848,955,907,772,852,804,878,768,866,975,956,964,958,784,1225,982,951,768,1189,821,894,769,956,967,954,758,848,736,850,762,898,755,823,708,837,735,849,752,849,742,828,721,910,744,855,750,825,720,820,760,1009,788,879,818,879,797,923,735,819,976,996,813,880,978,949,795,1139,842,898,734,824,715,857,754,857,952,942,785,1208,891,1193,852,933,755,876,749,813,763,857,793,1136,822,891,820,895,850,897,804,1166,821,920,757,840,723,844,720,883,872,930,786,923,771,904,738,864,982,1000,901,1213,893,922,840,933,974,1224,830,930,758,1213,853,949,853,991,770,900,768,905,768,844,772,986,771,860,743,833,722,855,730,848,727,838,717,889,776,855,781,882,767,847,770,906,782,882,798,894,823,1181,853,906,]
996,1,8,with_set,0.25,28,28,201,1178,loop_limit,[1225,859,934,772,909,784,1225,869,1216,829,889,770,878,760,882,758,1138,823,906,794,934,770,838,757,1004,786,876,820,915,768,857,729,850,933,977,795,994,982,964,799,902,799,864,812,926,822,1220,868,900,755,860,804,914,783,873,743,845,712,850,818,893,770,865,737,852,792,857,775,846,812,908,761,853,971,1019,876,961,827,945,789,860,820,870,767,882,778,844,806,915,820,1000,796,877,982,964,795,940,842,882,761,866,799,866,746,928,771,915,792,842,959,946,797,926,783,899,753,852,971,956,757,854,752,881,756,865,829,938,766,852,755,897,801,927,812,928,755,926,982,964,799,952,843,1225,832,889,770,1139,977,950,798,893,741,887,822,848,753,875,757,863,746,829,711,836,711,829,709,819,730,833,704,787,734,823,723,861,729,921,779,873,764,886,775,857,724,837,791,968,975,958,950,951,852,951,798,900,977,919,937,1039,793,1178,]
996,1,16,with_set,0.01,1,1,201,924,loop_limit,[1225,832,930,947,946,781,1164,982,1162,861,903,768,866,726,846,762,884,770,891,783,896,804,907,749,865,749,877,729,865,982,997,796,1224,832,900,816,1130,836,904,809,904,816,911,811,1225,982,992,764,885,758,884,753,890,753,848,753,1225,853,952,804,930,796,933,787,870,982,992,769,885,779,884,795,897,739,844,766,1170,828,1102,867,873,753,877,799,895,733,858,744,874,735,880,943,987,792,902,776,853,733,855,775,1091,824,872,732,837,759,806,702,907,757,1225,982,1000,782,884,770,849,771,1225,859,1225,982,1225,982,1045,803,895,759,1225,830,933,834,1225,869,981,763,1153,982,992,769,977,772,1145,982,964,790,870,741,1071,840,1181,852,899,968,1001,791,888,771,853,813,1068,959,908,770,1168,875,960,763,879,798,849,966,1169,970,993,859,937,782,904,931,989,779,847,736,878,771,885,777,1225,842,926,834,892,788,902,784,864,963,998,819,924,]
996,1,16,with_set,0.05,5,5,201,894,loop_limit,[1225,893,1177,982,1203,859,936,760,855,982,1225,880,964,868,964,790,1225,832,905,760,852,737,852,819,870,767,873,766,876,760,875,751,1225,912,978,816,881,753,1225,982,959,770,965,787,926,968,962,982,1004,973,992,780,847,744,861,776,1225,879,968,848,882,783,842,944,982,804,911,757,827,769,880,960,987,971,995,886,946,970,1032,848,899,982,959,982,1000,947,1225,830,967,796,1225,982,923,757,905,960,918,750,942,982,1027,851,898,758,898,763,880,789,907,766,1126,982,1225,830,890,787,899,799,861,982,1004,824,882,708,1080,962,1225,859,958,841,1225,853,959,769,857,747,844,802,847,800,1225,982,1217,863,945,973,994,958,992,982,1225,898,922,786,883,727,1103,866,943,782,856,773,924,753,903,760,910,773,879,720,842,958,1225,908,1185,845,942,817,1137,846,913,982,1193,857,971,982,964,982,951,863,910,916,961,787,914,745,828,729,823,738,894,]
996,1,16,with_set,0.1,11,11,201,881,loop_limit,[1225,893,935,822,862,952,946,982,982,783,1002,835,1144,847,935,778,964,805,915,742,865,796,904,982,951,789,1057,835,1182,982,1225,860,963,790,1175,839,1225,982,951,982,964,960,1216,865,914,779,867,957,1225,982,1004,816,920,769,848,758,1175,849,883,961,983,790,1225,882,951,806,1225,893,914,839,889,826,921,790,1225,893,907,770,884,770,863,735,859,949,1225,975,923,818,914,982,959,982,1000,982,1225,901,1136,850,910,776,881,786,834,740,876,982,980,812,1225,982,997,982,1196,880,923,833,923,779,911,792,887,727,1225,863,1004,838,1119,820,889,771,1225,876,930,844,1128,982,985,794,923,766,862,973,1225,970,1004,778,884,767,857,789,1225,859,899,824,908,778,1225,975,923,757,1225,982,959,808,906,825,878,780,907,786,920,982,964,799,916,778,899,933,934,791,879,965,1189,854,973,789,1225,879,941,737,829,779,876,770,1136,800,1225,887,913,748,881,]
996,1,16,with_set,0.25,28,28,201,854,loop_limit,[1225,889,970,820,928,749,1170,982,964,863,913,791,880,789,1225,982,983,798,970,817,1225,909,922,780,866,764,1123,853,871,747,839,773,874,982,997,796,1225,853,925,965,1046,982,1185,871,1225,859,964,751,869,776,1225,982,957,805,1109,832,956,859,903,796,865,982,923,818,878,770,1130,848,905,982,996,773,915,945,976,944,936,807,1189,982,957,964,1025,821,993,961,976,817,889,780,863,781,1157,969,991,888,1225,982,1225,853,927,745,832,703,1225,830,956,778,1193,851,1225,974,1002,982,986,961,980,776,861,916,976,803,924,982,1009,863,903,982,964,809,948,982,951,821,839,753,1225,982,1021,783,937,945,954,955,990,802,883,954,949,853,899,788,1173,817,886,761,912,792,867,936,971,826,995,831,927,791,874,952,1225,980,964,803,885,774,1225,853,922,780,921,795,858,815,887,778,894,765,1225,982,923,774,881,772,1225,982,959,782,913,810,915,754,854,]
996,2,1,with_set,0.01,2,2,201,11,loop_limit,[1225,620,500,345,304,309,294,227,286,238,232,175,151,104,95,116,95,75,101,76,75,65,64,62,51,45,44,31,25,31,30,39,54,40,32,48,53,62,66,73,73,68,80,51,53,51,46,54,71,62,61,53,57,52,66,52,51,50,39,37,42,35,49,29,30,19,24,29,22,24,34,28,31,18,25,29,29,22,35,33,37,34,31,29,31,20,16,18,24,22,27,22,24,13,16,12,18,23,24,22,19,17,17,19,24,18,14,17,21,17,17,10,11,8,10,6,14,13,14,10,6,5,11,6,9,6,9,7,10,5,6,7,6,8,8,7,11,15,12,17,16,22,22,18,18,13,19,10,18,11,13,10,12,11,12,19,15,28,38,33,36,35,37,30,29,28,34,33,37,25,33,25,27,24,36,21,16,31,16,22,18,10,10,11,14,11,14,11,7,7,9,7,8,6,8,9,12,10,11,14,11,]
996,2,2,with_set,0.01,2,2,201,14,loop_limit,[1225,642,509,354,319,229,283,222,205,208,207,206,180,166,169,145,155,129,126,115,117,103,108,79,87,83,102,86,105,111,105,111,131,113,113,109,105,81,100,74,55,53,48,50,49,53,47,47,54,70,63,63,68,67,75,80,75,59,71,57,81,72,78,96,92,80,74,53,50,50,58,44,58,42,45,35,50,33,43,46,51,53,46,42,44,23,18,19,17,11,18,12,17,10,15,23,18,25,25,19,12,15,14,8,11,8,13,11,16,14,15,17,16,18,24,21,23,34,48,29,32,36,42,22,25,31,28,39,26,22,35,32,37,42,54,42,48,60,56,57,53,34,56,47,62,53,59,50,43,35,37,24,29,28,26,26,22,13,14,14,16,17,14,11,20,8,9,10,8,3,2,2,5,5,9,7,12,9,13,11,6,8,4,5,5,5,5,9,12,8,13,15,16,15,17,20,17,12,12,7,14,]
996,2,4,with_set,0.01,2,2,201,25,loop_limit,[1225,649,522,352,300,249,201,226,281,229,247,253,248,210,232,177,202,183,190,157,146,107,95,76,71,78,81,64,73,61,61,67,69,106,84,107,98,84,78,88,87,98,105,103,94,96,82,78,95,69,72,57,87,63,65,60,70,61,50,53,62,48,62,71,76,59,66,55,77,77,69,54,72,54,48,47,40,35,50,44,62,62,57,62,62,60,65,84,78,68,71,61,63,48,38,37,49,56,70,49,34,26,33,38,33,26,30,31,34,37,43,35,37,46,43,49,50,60,49,39,34,40,37,45,50,51,53,46,54,49,37,29,28,31,44,41,38,48,50,57,60,48,36,21,26,34,45,32,32,35,45,39,44,53,62,49,65,41,41,41,48,51,29,34,30,25,22,18,18,20,29,29,20,18,20,13,19,20,13,14,19,24,23,28,43,30,31,27,33,26,34,27,16,20,23,30,31,29,30,23,25,]
996,2,8,with_set,0.01,2,2,201,8,loop_limit,[1225,638,505,342,341,233,235,242,230,185,295,217,233,187,234,212,251,217,207,167,167,142,144,132,150,115,129,87,83,68,72,64,75,51,85,61,71,64,75,55,87,60,77,71,84,66,95,66,78,78,72,74,88,67,63,82,76,77,82,56,43,32,49,39,39,33,50,48,49,37,39,27,39,39,36,25,29,28,26,24,23,22,22,22,28,32,41,49,52,51,43,36,37,35,37,30,40,43,39,38,45,41,44,49,55,38,45,27,34,38,33,34,41,27,28,29,27,16,8,7,4,7,12,14,13,14,16,11,19,11,16,16,23,23,41,33,44,48,62,43,46,40,37,25,28,19,28,11,11,11,9,6,10,9,16,7,10,10,10,7,7,11,14,16,19,17,25,16,26,25,23,17,21,20,15,12,14,9,11,9,11,6,8,4,3,6,7,7,8,10,21,12,15,14,15,10,10,9,13,12,8,]
996,2,16,with_set,0.01,2,2,201,18,loop_limit,[1225,620,522,345,313,252,241,532,431,312,271,164,262,262,251,276,236,192,452,301,335,275,240,198,247,235,202,161,156,159,176,144,116,99,103,84,91,80,97,94,102,89,93,99,98,72,70,57,71,75,70,51,69,40,35,28,35,39,43,39,32,40,40,33,31,31,31,26,44,30,33,30,42,26,33,20,19,22,27,20,26,15,16,19,25,16,24,14,15,18,15,19,15,10,14,10,13,13,22,15,17,16,21,21,28,25,21,12,16,9,15,14,21,20,22,22,25,41,39,31,29,32,43,41,27,47,34,34,34,26,32,29,20,22,25,27,15,9,13,7,5,7,6,6,7,10,6,6,7,3,5,3,4,6,10,7,7,3,12,6,16,13,13,7,9,7,8,10,16,8,13,7,21,23,18,13,16,16,19,17,23,18,19,18,20,15,10,6,11,8,8,11,13,11,20,18,21,14,15,17,18,]
996,2,16,with_set,0.05,11,11,201,35,loop_limit,[1225,651,545,528,431,287,381,361,318,282,215,198,163,142,168,141,140,366,301,708,555,935,660,454,392,291,320,255,261,196,184,132,127,91,98,79,86,77,77,75,63,54,80,54,80,74,70,79,58,44,54,62,61,55,50,45,41,46,65,67,65,62,70,51,47,37,44,41,40,43,46,36,44,31,26,17,20,18,28,24,31,23,37,58,98,81,93,139,157,113,91,72,68,64,65,70,67,54,59,57,57,41,45,39,46,52,63,53,37,28,31,26,25,20,21,40,38,34,38,25,26,33,24,38,41,34,35,31,31,32,44,32,49,51,55,53,46,51,59,53,74,76,73,54,61,52,71,113,101,80,81,59,71,52,60,54,74,79,98,83,76,53,48,42,46,45,47,30,34,29,25,33,38,34,33,26,25,18,23,22,30,30,54,48,66,41,38,27,28,45,38,34,55,46,31,27,29,22,32,30,35,]
997,1,4,with_set,0.01,1,1,201,5,loop_limit,[292,146,69,41,28,26,11,12,14,9,6,6,7,5,4,4,4,3,4,2,2,3,4,5,5,2,4,3,4,6,2,3,4,4,4,3,2,2,4,4,2,2,4,5,4,6,5,3,2,4,4,6,7,5,3,6,2,2,4,4,4,4,5,5,7,8,4,3,4,3,4,2,4,3,3,4,5,4,4,2,4,4,4,3,4,2,4,2,5,2,2,3,3,3,5,4,4,3,7,3,5,4,2,4,7,7,6,7,4,4,2,3,2,3,4,2,2,3,5,4,8,4,4,4,2,3,2,4,4,4,4,5,7,6,7,4,2,2,2,3,5,2,2,2,4,4,4,3,3,3,6,7,4,3,2,3,2,4,9,5,5,5,4,5,7,8,7,6,5,2,4,4,2,4,4,4,4,4,2,4,7,3,4,3,3,4,4,3,2,2,4,2,2,4,4,6,4,4,5,7,5,]
997,1,16,with_set,0.01,1,1,201,6,loop_limit,[292,158,91,60,31,18,25,19,13,17,9,12,12,10,4,2,7,2,2,3,6,4,6,5,9,9,8,9,9,6,4,4,2,2,4,4,5,2,4,4,5,3,4,4,2,3,3,2,3,2,4,4,2,4,4,3,4,5,6,8,10,7,6,7,6,4,2,2,4,4,9,3,4,2,4,4,4,4,3,6,9,9,4,6,3,4,5,3,4,4,6,4,6,4,5,5,6,6,7,6,5,3,4,3,5,6,6,6,4,4,8,8,10,10,7,4,5,4,10,8,5,6,2,2,3,2,2,3,2,3,4,4,4,3,4,5,4,4,3,5,2,3,4,2,4,3,4,2,4,5,5,2,4,3,4,2,3,4,3,2,4,4,4,2,3,2,2,4,2,4,8,9,12,10,8,4,5,5,7,3,4,5,4,3,5,11,7,6,4,3,4,4,4,3,3,2,4,3,4,3,6,]
