instance,solution_length,a_star_time,rev_a_star_time,bae_time,nbs_time,mm_time,ida_time,parallel_ida_time,rev_ida_time,a_star_nodes,rev_a_star_nodes,bae_nodes,nbs_nodes,mm_nodes,ida_nodes,parallel_ida_nodes,rev_ida_nodes,bihs_bloom_time_50pct_k1_dynamic,bihs_bloom_time_50pct_optk_dynamic,bihs_bloom_time_50pct_rootk_dynamic,bihs_bloom_time_10pct_k1_dynamic,bihs_bloom_time_10pct_optk_dynamic,bihs_bloom_time_10pct_rootk_dynamic,bihs_bloom_time_1pct_k1_dynamic,bihs_bloom_time_1pct_optk_dynamic,bihs_bloom_time_1pct_rootk_dynamic,bihs_bloom_time_0_1pct_k1_dynamic,bihs_bloom_time_0_1pct_optk_dynamic,bihs_bloom_time_0_1pct_rootk_dynamic,bihs_bloom_nodes_50pct_k1_dynamic,bihs_bloom_nodes_50pct_optk_dynamic,bihs_bloom_nodes_50pct_rootk_dynamic,bihs_bloom_nodes_10pct_k1_dynamic,bihs_bloom_nodes_10pct_optk_dynamic,bihs_bloom_nodes_10pct_rootk_dynamic,bihs_bloom_nodes_1pct_k1_dynamic,bihs_bloom_nodes_1pct_optk_dynamic,bihs_bloom_nodes_1pct_rootk_dynamic,bihs_bloom_nodes_0_1pct_k1_dynamic,bihs_bloom_nodes_0_1pct_optk_dynamic,bihs_bloom_nodes_0_1pct_rootk_dynamic,idths_trans_time_50pct,idths_trans_time_50pct,idths_trans_time_50pct,idths_trans_time_10pct,idths_trans_time_10pct,idths_trans_time_10pct,idths_trans_time_1pct,idths_trans_time_1pct,idths_trans_time_1pct,idths_trans_time_0_1pct,idths_trans_time_0_1pct,idths_trans_time_0_1pct,idths_trans_nodes_50pct,idths_trans_nodes_50pct,idths_trans_nodes_50pct,idths_trans_nodes_10pct,idths_trans_nodes_10pct,idths_trans_nodes_10pct,idths_trans_nodes_1pct,idths_trans_nodes_1pct,idths_trans_nodes_1pct,idths_trans_nodes_0_1pct,idths_trans_nodes_0_1pct,idths_trans_nodes_0_1pct,idths_trans_necessary_nodes_50pct,idths_trans_necessary_nodes_50pct,idths_trans_necessary_nodes_50pct,idths_trans_necessary_nodes_10pct,idths_trans_necessary_nodes_10pct,idths_trans_necessary_nodes_10pct,idths_trans_necessary_nodes_1pct,idths_trans_necessary_nodes_1pct,idths_trans_necessary_nodes_1pct,idths_trans_necessary_nodes_0_1pct,idths_trans_necessary_nodes_0_1pct,idths_trans_necessary_nodes_0_1pct,idths_trans_storage_states_50pct,idths_trans_storage_states_50pct,idths_trans_storage_states_50pct,idths_trans_storage_states_10pct,idths_trans_storage_states_10pct,idths_trans_storage_states_10pct,idths_trans_storage_states_1pct,idths_trans_storage_states_1pct,idths_trans_storage_states_1pct,idths_trans_storage_states_0_1pct,idths_trans_storage_states_0_1pct,idths_trans_storage_states_0_1pct
BIHS_PARAM,0,0.001,9,1,7.51251,67535385,1,1,k1,dynamic
BIHS_PARAM,0,0.001,9,1,7.47912,67535385,1,1,optk,dynamic
BIHS_PARAM,0,0.001,9,1,7.51609,67535385,1,1,rootk,dynamic
BIHS_PARAM,0,0.01,92,1,9.61704,65300754,0.856817,1,k1,dynamic
BIHS_PARAM,0,0.01,92,1,9.61896,65300754,0.856817,1,optk,dynamic
BIHS_PARAM,0,0.01,92,1,9.61524,65300754,0.856817,1,rootk,dynamic
BIHS_PARAM,0,0.1,920,1,9.62781,65300754,0.176641,1,k1,dynamic
BIHS_PARAM,0,0.1,920,4,9.33488,65300754,0.0852987,1,optk,dynamic
BIHS_PARAM,0,0.1,920,2,9.32555,65300754,0.103736,1,rootk,dynamic
BIHS_PARAM,0,0.5,4599,1,9.33541,65300754,0.038135,1,k1,dynamic
BIHS_PARAM,0,0.5,4599,18,9.42996,65300754,4.3012e-06,1,optk,dynamic
BIHS_PARAM,0,0.5,4599,4,9.32607,65300754,0.000430387,1,rootk,dynamic
BIHS_PARAM,1,0.001,3,1,4.55656,40115658,1,1,k1,dynamic
BIHS_PARAM,1,0.001,3,1,4.55318,40115658,1,1,optk,dynamic
BIHS_PARAM,1,0.001,3,1,4.55807,40115658,1,1,rootk,dynamic
BIHS_PARAM,1,0.01,32,1,3.13654,24815079,0.89286,1,k1,dynamic
BIHS_PARAM,1,0.01,32,1,3.26195,24815079,0.89286,1,optk,dynamic
BIHS_PARAM,1,0.01,32,1,3.13555,24815079,0.89286,1,rootk,dynamic
BIHS_PARAM,1,0.1,325,1,3.26499,24815079,0.197422,1,k1,dynamic
BIHS_PARAM,1,0.1,325,3,3.13971,24815079,0.112702,1,optk,dynamic
BIHS_PARAM,1,0.1,325,2,3.1375,24815079,0.126642,1,rootk,dynamic
BIHS_PARAM,1,0.5,1625,1,3.15602,24815079,0.0430318,1,k1,dynamic
BIHS_PARAM,1,0.5,1625,16,3.15006,24815079,1.80511e-05,1,optk,dynamic
BIHS_PARAM,1,0.5,1625,4,3.14724,24815079,0.00067746,1,rootk,dynamic
BIHS_PARAM,2,0.001,1,1,0.0577436,460386,0.645046,1,k1,dynamic
BIHS_PARAM,2,0.001,1,1,0.057711,460386,0.645046,1,optk,dynamic
BIHS_PARAM,2,0.001,1,1,0.0578062,460386,0.645046,1,rootk,dynamic
BIHS_PARAM,2,0.01,1,1,0.0578333,460386,0.645046,1,k1,dynamic
BIHS_PARAM,2,0.01,1,1,0.0577471,460386,0.645046,1,optk,dynamic
BIHS_PARAM,2,0.01,1,1,0.0578703,460386,0.645046,1,rootk,dynamic
BIHS_PARAM,2,0.1,7,1,0.0578651,460386,0.13754,1,k1,dynamic
BIHS_PARAM,2,0.1,7,5,0.0578823,460386,0.0390576,1,optk,dynamic
BIHS_PARAM,2,0.1,7,2,0.0578783,460386,0.0656195,1,rootk,dynamic
BIHS_PARAM,2,0.5,34,1,0.0579963,460386,0.0300044,1,k1,dynamic
BIHS_PARAM,2,0.5,34,23,0.057943,460386,1.4153e-07,1,optk,dynamic
BIHS_PARAM,2,0.5,34,5,0.0603673,460386,5.62971e-05,1,rootk,dynamic
BIHS_PARAM,3,0.001,1,1,0.839506,7049187,1,1,k1,dynamic
BIHS_PARAM,3,0.001,1,1,0.840557,7049187,1,1,optk,dynamic
BIHS_PARAM,3,0.001,1,1,0.83938,7049187,1,1,rootk,dynamic
BIHS_PARAM,3,0.01,7,1,0.755774,5371908,1,1,k1,dynamic
BIHS_PARAM,3,0.01,7,1,0.726197,5371908,1,1,optk,dynamic
BIHS_PARAM,3,0.01,7,1,0.725353,5371908,1,1,rootk,dynamic
BIHS_PARAM,3,0.1,74,1,0.72712,5371908,0.830421,1,k1,dynamic
BIHS_PARAM,3,0.1,74,1,0.730045,5371908,0.830421,1,optk,dynamic
BIHS_PARAM,3,0.1,74,1,0.725808,5371908,0.830421,1,rootk,dynamic
BIHS_PARAM,3,0.5,372,1,0.730601,5371908,0.297408,1,k1,dynamic
BIHS_PARAM,3,0.5,372,2,0.726342,5371908,0.256405,1,optk,dynamic
BIHS_PARAM,3,0.5,372,1,0.726374,5371908,0.297408,1,rootk,dynamic
BIHS_PARAM,4,0.001,6,1,10.5983,87756690,1,1,k1,dynamic
BIHS_PARAM,4,0.001,6,1,10.6094,87756690,1,1,optk,dynamic
BIHS_PARAM,4,0.001,6,1,10.6035,87756690,1,1,rootk,dynamic
BIHS_PARAM,4,0.01,62,1,5.8554,50933223,0.793829,1,k1,dynamic
BIHS_PARAM,4,0.01,62,1,5.57443,50933223,0.793829,1,optk,dynamic
BIHS_PARAM,4,0.01,62,1,5.84977,50933223,0.793829,1,rootk,dynamic
BIHS_PARAM,4,0.1,623,1,5.56905,50933223,0.14542,1,k1,dynamic
BIHS_PARAM,4,0.1,623,4,5.57733,50933223,0.0474207,1,optk,dynamic
BIHS_PARAM,4,0.1,623,2,5.58458,50933223,0.0727339,1,rootk,dynamic
BIHS_PARAM,4,0.5,3116,1,5.61585,50933223,0.0309304,1,k1,dynamic
BIHS_PARAM,4,0.5,3116,22,5.62252,50933223,2.28475e-07,1,optk,dynamic
BIHS_PARAM,4,0.5,3116,5,5.60909,50933223,6.49338e-05,1,rootk,dynamic
BIHS_PARAM,5,0.001,32,1,37.6007,367595388,1,1,k1,dynamic
BIHS_PARAM,5,0.001,32,1,37.7546,367595388,1,1,optk,dynamic
BIHS_PARAM,5,0.001,32,1,37.7467,367595388,1,1,rootk,dynamic
BIHS_PARAM,5,0.01,321,1,37.6532,367595388,0.786643,1,k1,dynamic
BIHS_PARAM,5,0.01,321,1,37.6471,367595388,0.786643,1,optk,dynamic
BIHS_PARAM,5,0.01,321,1,37.6464,367595388,0.786643,1,rootk,dynamic
BIHS_PARAM,5,0.1,3208,1,36.8369,287631069,0.143221,1,k1,dynamic
BIHS_PARAM,5,0.1,3208,4,35.2441,287631069,0.0452204,1,optk,dynamic
BIHS_PARAM,5,0.1,3208,2,35.1752,287631069,0.0707186,1,rootk,dynamic
BIHS_PARAM,5,0.5,16041,1,36.8639,287631069,0.0304402,1,k1,dynamic
BIHS_PARAM,5,0.5,16041,22,36.1582,287631069,1.78206e-07,1,optk,dynamic
BIHS_PARAM,5,0.5,16041,5,35.3172,287631069,6.02432e-05,1,rootk,dynamic
BIHS_PARAM,6,0.001,1,1,0.157474,1171170,0.914363,1,k1,dynamic
BIHS_PARAM,6,0.001,1,1,0.157928,1171170,0.914363,1,optk,dynamic
BIHS_PARAM,6,0.001,1,1,0.157575,1171170,0.914363,1,rootk,dynamic
BIHS_PARAM,6,0.01,1,1,0.161672,1171170,0.914363,1,k1,dynamic
BIHS_PARAM,6,0.01,1,1,0.157468,1171170,0.914363,1,optk,dynamic
BIHS_PARAM,6,0.01,1,1,0.157756,1171170,0.914363,1,rootk,dynamic
BIHS_PARAM,6,0.1,13,1,0.120421,816567,0.172254,1,k1,dynamic
BIHS_PARAM,6,0.1,13,4,0.12032,816567,0.079234,1,optk,dynamic
BIHS_PARAM,6,0.1,13,2,0.12031,816567,0.0991224,1,rootk,dynamic
BIHS_PARAM,6,0.5,66,1,0.120487,816567,0.0365522,1,k1,dynamic
BIHS_PARAM,6,0.5,66,19,0.120671,816567,2.49581e-06,1,optk,dynamic
BIHS_PARAM,6,0.5,66,4,0.120529,816567,0.000366749,1,rootk,dynamic
BIHS_PARAM,7,0.001,5,1,3.27561,30027597,1,1,k1,dynamic
BIHS_PARAM,7,0.001,5,1,3.26315,30027597,1,1,optk,dynamic
BIHS_PARAM,7,0.001,5,1,3.26246,30027597,1,1,rootk,dynamic
BIHS_PARAM,7,0.01,46,1,4.36889,28137738,0.859614,1,k1,dynamic
BIHS_PARAM,7,0.01,46,1,4.36442,28137738,0.859614,1,optk,dynamic
BIHS_PARAM,7,0.01,46,1,4.36896,28137738,0.859614,1,rootk,dynamic
BIHS_PARAM,7,0.1,461,1,4.18897,28137738,0.177914,1,k1,dynamic
BIHS_PARAM,7,0.1,461,4,4.20247,28137738,0.0871024,1,optk,dynamic
BIHS_PARAM,7,0.1,461,2,4.36557,28137738,0.105089,1,rootk,dynamic
BIHS_PARAM,7,0.5,2304,1,4.18587,28137738,0.0384407,1,k1,dynamic
BIHS_PARAM,7,0.5,2304,18,4.2277,28137738,4.75858e-06,1,optk,dynamic
BIHS_PARAM,7,0.5,2304,4,4.19732,28137738,0.000443536,1,rootk,dynamic
BIHS_PARAM,8,0.001,14,1,85.0492,485231331,1,1,k1,dynamic
BIHS_PARAM,8,0.001,14,1,85.0527,485231331,1,1,optk,dynamic
BIHS_PARAM,8,0.001,14,1,84.9647,485231331,1,1,rootk,dynamic
BIHS_PARAM,8,0.01,140,1,28.043,247780470,0.852682,1,k1,dynamic
BIHS_PARAM,8,0.01,140,1,28.0619,247780470,0.852682,1,optk,dynamic
BIHS_PARAM,8,0.01,140,1,28.0407,247780470,0.852682,1,rootk,dynamic
BIHS_PARAM,8,0.1,1401,1,20.2856,168630183,0.174181,1,k1,dynamic
BIHS_PARAM,8,0.1,1401,4,19.5421,168630183,0.0818681,1,optk,dynamic
BIHS_PARAM,8,0.1,1401,2,19.6342,168630183,0.101139,1,rootk,dynamic
BIHS_PARAM,8,0.5,7003,1,20.3136,168630183,0.0375632,1,k1,dynamic
BIHS_PARAM,8,0.5,7003,18,19.6388,168630183,3.54974e-06,1,optk,dynamic
BIHS_PARAM,8,0.5,7003,4,19.5455,168630183,0.000406551,1,rootk,dynamic
BIHS_PARAM,9,0.001,79,1,160.86,1439938299,0.999999,1,k1,dynamic
BIHS_PARAM,9,0.001,79,1,160.465,1439938299,0.999999,1,optk,dynamic
BIHS_PARAM,9,0.001,79,1,160.871,1439938299,0.999999,1,rootk,dynamic
BIHS_PARAM,9,0.01,790,1,178.698,1745525667,0.755518,1,k1,dynamic
BIHS_PARAM,9,0.01,790,1,178.168,1745525667,0.755518,1,optk,dynamic
BIHS_PARAM,9,0.01,790,1,178.554,1745525667,0.755518,1,rootk,dynamic
BIHS_PARAM,9,0.1,7898,1,106.871,908644029,0.131421,1,k1,dynamic
BIHS_PARAM,9,0.1,7898,5,101.975,908644029,0.0330518,1,optk,dynamic
BIHS_PARAM,9,0.1,7898,2,101.666,908644029,0.0603052,1,rootk,dynamic
BIHS_PARAM,9,0.5,39492,1,106.751,908644029,0.0277847,1,k1,dynamic
BIHS_PARAM,9,0.5,39492,25,103.677,908644029,3.94094e-08,1,optk,dynamic
BIHS_PARAM,9,0.5,39492,5,102.036,908644029,3.91947e-05,1,rootk,dynamic
BIHS_PARAM,10,0.001,6,1,10.9565,86949822,1,1,k1,dynamic
BIHS_PARAM,10,0.001,6,1,10.9378,86949822,1,1,optk,dynamic
BIHS_PARAM,10,0.001,6,1,10.9462,86949822,1,1,rootk,dynamic
BIHS_PARAM,10,0.01,60,1,10.8596,86949822,0.792381,1,k1,dynamic
BIHS_PARAM,10,0.01,60,1,10.8857,86949822,0.792381,1,optk,dynamic
BIHS_PARAM,10,0.01,60,1,10.9003,86949822,0.792381,1,rootk,dynamic
BIHS_PARAM,10,0.1,602,1,8.3619,59393079,0.145025,1,k1,dynamic
BIHS_PARAM,10,0.1,602,4,8.02906,59393079,0.0470211,1,optk,dynamic
BIHS_PARAM,10,0.1,602,2,8.03378,59393079,0.0723705,1,rootk,dynamic
BIHS_PARAM,10,0.5,3012,1,8.07114,59393079,0.0308305,1,k1,dynamic
BIHS_PARAM,10,0.5,3012,22,8.12403,59393079,2.17291e-07,1,optk,dynamic
BIHS_PARAM,10,0.5,3012,5,8.07726,59393079,6.39559e-05,1,rootk,dynamic
BIHS_PARAM,11,0.001,1,1,0.248535,2368680,0.992735,1,k1,dynamic
BIHS_PARAM,11,0.001,1,1,0.259585,2368680,0.992735,1,optk,dynamic
BIHS_PARAM,11,0.001,1,1,0.259169,2368680,0.992735,1,rootk,dynamic
BIHS_PARAM,11,0.01,3,1,0.1943,1505181,0.806322,1,k1,dynamic
BIHS_PARAM,11,0.01,3,1,0.190499,1505181,0.806322,1,optk,dynamic
BIHS_PARAM,11,0.01,3,1,0.193776,1505181,0.806322,1,rootk,dynamic
BIHS_PARAM,11,0.1,29,1,0.199686,1505181,0.15618,1,k1,dynamic
BIHS_PARAM,11,0.1,29,4,0.200551,1505181,0.0590782,1,optk,dynamic
BIHS_PARAM,11,0.1,29,2,0.196342,1505181,0.0829259,1,rootk,dynamic
BIHS_PARAM,11,0.5,144,1,0.200659,1505181,0.033621,1,k1,dynamic
BIHS_PARAM,11,0.5,144,20,0.199888,1505181,7.92631e-07,1,optk,dynamic
BIHS_PARAM,11,0.5,144,4,0.199225,1505181,0.0002672,1,rootk,dynamic
BIHS_PARAM,12,0.001,4,1,5.2915,28535184,1,1,k1,dynamic
BIHS_PARAM,12,0.001,4,1,5.29499,28535184,1,1,optk,dynamic
BIHS_PARAM,12,0.001,4,1,5.29592,28535184,1,1,rootk,dynamic
BIHS_PARAM,12,0.01,39,1,3.29761,24741066,0.991687,1,k1,dynamic
BIHS_PARAM,12,0.01,39,1,3.39396,24741066,0.991687,1,optk,dynamic
BIHS_PARAM,12,0.01,39,1,3.37488,24741066,0.991687,1,rootk,dynamic
BIHS_PARAM,12,0.1,387,1,3.28482,24741066,0.382891,1,k1,dynamic
BIHS_PARAM,12,0.1,387,1,3.28736,24741066,0.382891,1,optk,dynamic
BIHS_PARAM,12,0.1,387,1,3.28604,24741066,0.382891,1,rootk,dynamic
BIHS_PARAM,12,0.5,1936,1,3.2904,24741066,0.0919828,1,k1,dynamic
BIHS_PARAM,12,0.5,1936,7,3.29223,24741066,0.00688654,1,optk,dynamic
BIHS_PARAM,12,0.5,1936,3,3.29038,24741066,0.0158784,1,rootk,dynamic
BIHS_PARAM,13,0.001,1,1,0.0468605,372150,0.693637,1,k1,dynamic
BIHS_PARAM,13,0.001,1,1,0.046606,372150,0.693637,1,optk,dynamic
BIHS_PARAM,13,0.001,1,1,0.0467408,372150,0.693637,1,rootk,dynamic
BIHS_PARAM,13,0.01,1,1,0.0467365,372150,0.693637,1,k1,dynamic
BIHS_PARAM,13,0.01,1,1,0.0467861,372150,0.693637,1,optk,dynamic
BIHS_PARAM,13,0.01,1,1,0.0470409,372150,0.693637,1,rootk,dynamic
BIHS_PARAM,13,0.1,4,1,0.0466287,372150,0.256024,1,k1,dynamic
BIHS_PARAM,13,0.1,4,2,0.0468677,372150,0.199361,1,optk,dynamic
BIHS_PARAM,13,0.1,4,1,0.0465861,372150,0.256024,1,rootk,dynamic
BIHS_PARAM,13,0.5,21,1,0.0484709,372150,0.0547752,1,k1,dynamic
BIHS_PARAM,13,0.5,21,12,0.0484442,372150,0.000198001,1,optk,dynamic
BIHS_PARAM,13,0.5,21,3,0.04678,372150,0.00375924,1,rootk,dynamic
BIHS_PARAM,14,0.001,6,1,9.0668,83747334,1,1,k1,dynamic
BIHS_PARAM,14,0.001,6,1,9.03109,83747334,1,1,optk,dynamic
BIHS_PARAM,14,0.001,6,1,9.08145,83747334,1,1,rootk,dynamic
BIHS_PARAM,14,0.01,65,1,8.74081,83747334,0.832845,1,k1,dynamic
BIHS_PARAM,14,0.01,65,1,8.75544,83747334,0.832845,1,optk,dynamic
BIHS_PARAM,14,0.01,65,1,8.7295,83747334,0.832845,1,rootk,dynamic
BIHS_PARAM,14,0.1,648,1,7.34624,61248771,0.164258,1,k1,dynamic
BIHS_PARAM,14,0.1,648,4,7.06656,61248771,0.0687988,1,optk,dynamic
BIHS_PARAM,14,0.1,648,2,6.99922,61248771,0.0909238,1,rootk,dynamic
BIHS_PARAM,14,0.5,3242,1,7.06795,61248771,0.0352295,1,k1,dynamic
BIHS_PARAM,14,0.5,3242,19,7.09854,61248771,1.52279e-06,1,optk,dynamic
BIHS_PARAM,14,0.5,3242,4,7.0648,61248771,0.00031901,1,rootk,dynamic
BIHS_PARAM,15,0.001,39,1,44.7116,432771378,1,1,k1,dynamic
BIHS_PARAM,15,0.001,39,1,44.5951,432771378,1,1,optk,dynamic
BIHS_PARAM,15,0.001,39,1,44.5727,432771378,1,1,rootk,dynamic
BIHS_PARAM,15,0.01,394,1,43.3181,420671955,0.770936,1,k1,dynamic
BIHS_PARAM,15,0.01,394,1,43.2516,420671955,0.770936,1,optk,dynamic
BIHS_PARAM,15,0.01,394,1,43.2737,420671955,0.770936,1,rootk,dynamic
BIHS_PARAM,15,0.1,3940,1,45.4877,337996692,0.13703,1,k1,dynamic
BIHS_PARAM,15,0.1,3940,5,43.5825,337996692,0.0385328,1,optk,dynamic
BIHS_PARAM,15,0.1,3940,2,45.4914,337996692,0.0651695,1,rootk,dynamic
BIHS_PARAM,15,0.5,19700,1,45.5333,337996692,0.029045,1,k1,dynamic
BIHS_PARAM,15,0.5,19700,24,44.8978,337996692,8.35178e-08,1,optk,dynamic
BIHS_PARAM,15,0.5,19700,5,43.7122,337996692,4.83149e-05,1,rootk,dynamic
BIHS_PARAM,16,0.001,1,1,0.457941,4668360,0.999838,1,k1,dynamic
BIHS_PARAM,16,0.001,1,1,0.459415,4668360,0.999838,1,optk,dynamic
BIHS_PARAM,16,0.001,1,1,0.459199,4668360,0.999838,1,rootk,dynamic
BIHS_PARAM,16,0.01,4,1,0.447033,4668360,0.88722,1,k1,dynamic
BIHS_PARAM,16,0.01,4,1,0.457814,4668360,0.88722,1,optk,dynamic
BIHS_PARAM,16,0.01,4,1,0.440027,4668360,0.88722,1,rootk,dynamic
BIHS_PARAM,16,0.1,44,1,0.361335,3309105,0.179952,1,k1,dynamic
BIHS_PARAM,16,0.1,44,3,0.362336,3309105,0.0902376,1,optk,dynamic
BIHS_PARAM,16,0.1,44,2,0.359984,3309105,0.10727,1,rootk,dynamic
BIHS_PARAM,16,0.5,221,1,0.360441,3309105,0.038729,1,k1,dynamic
BIHS_PARAM,16,0.5,221,18,0.363051,3309105,5.22899e-06,1,optk,dynamic
BIHS_PARAM,16,0.5,221,4,0.369026,3309105,0.000456196,1,rootk,dynamic
BIHS_PARAM,17,0.001,4,1,6.91135,56069310,1,1,k1,dynamic
BIHS_PARAM,17,0.001,4,1,6.91863,56069310,1,1,optk,dynamic
BIHS_PARAM,17,0.001,4,1,6.94012,56069310,1,1,rootk,dynamic
BIHS_PARAM,17,0.01,42,1,6.93049,56069310,0.818051,1,k1,dynamic
BIHS_PARAM,17,0.01,42,1,6.92858,56069310,0.818051,1,optk,dynamic
BIHS_PARAM,17,0.01,42,1,6.91052,56069310,0.818051,1,rootk,dynamic
BIHS_PARAM,17,0.1,416,1,4.84368,38081943,0.158056,1,k1,dynamic
BIHS_PARAM,17,0.1,416,4,4.64344,38081943,0.0612608,1,optk,dynamic
BIHS_PARAM,17,0.1,416,2,4.64558,38081943,0.0847565,1,rootk,dynamic
BIHS_PARAM,17,0.5,2079,1,4.65747,38081943,0.033839,1,k1,dynamic
BIHS_PARAM,17,0.5,2079,20,4.68265,38081943,8.68593e-07,1,optk,dynamic
BIHS_PARAM,17,0.5,2079,4,4.63592,38081943,0.000273839,1,rootk,dynamic
BIHS_PARAM,18,0.001,1,1,0.652818,5700483,1,1,k1,dynamic
BIHS_PARAM,18,0.001,1,1,0.652311,5700483,1,1,optk,dynamic
BIHS_PARAM,18,0.001,1,1,0.622915,5700483,1,1,rootk,dynamic
BIHS_PARAM,18,0.01,7,1,0.655078,4872228,0.942053,1,k1,dynamic
BIHS_PARAM,18,0.01,7,1,0.632486,4872228,0.942053,1,optk,dynamic
BIHS_PARAM,18,0.01,7,1,0.633752,4872228,0.942053,1,rootk,dynamic
BIHS_PARAM,18,0.1,71,1,0.627943,4872228,0.244829,1,k1,dynamic
BIHS_PARAM,18,0.1,71,2,0.633585,4872228,0.184657,1,optk,dynamic
BIHS_PARAM,18,0.1,71,1,0.628064,4872228,0.244829,1,rootk,dynamic
BIHS_PARAM,18,0.5,355,1,0.636987,4872228,0.0546143,1,k1,dynamic
BIHS_PARAM,18,0.5,355,12,0.633755,4872228,0.000193029,1,optk,dynamic
BIHS_PARAM,18,0.5,355,3,0.63212,4872228,0.00372804,1,rootk,dynamic
BIHS_PARAM,19,0.001,4,1,12.333,65043966,1,1,k1,dynamic
BIHS_PARAM,19,0.001,4,1,12.3219,65043966,1,1,optk,dynamic
BIHS_PARAM,19,0.001,4,1,12.3174,65043966,1,1,rootk,dynamic
BIHS_PARAM,19,0.01,45,1,12.2632,65043966,0.778276,1,k1,dynamic
BIHS_PARAM,19,0.01,45,1,12.2806,65043966,0.778276,1,optk,dynamic
BIHS_PARAM,19,0.01,45,1,12.2847,65043966,0.778276,1,rootk,dynamic
BIHS_PARAM,19,0.1,449,1,8.27291,43163055,0.140125,1,k1,dynamic
BIHS_PARAM,19,0.1,449,5,7.872,43163055,0.0417855,1,optk,dynamic
BIHS_PARAM,19,0.1,449,2,7.83888,43163055,0.0679198,1,rootk,dynamic
BIHS_PARAM,19,0.5,2243,1,7.88455,43163055,0.0297684,1,k1,dynamic
BIHS_PARAM,19,0.5,2243,23,7.98625,43163055,1.24592e-07,1,optk,dynamic
BIHS_PARAM,19,0.5,2243,5,7.91401,43163055,5.42457e-05,1,rootk,dynamic
BIHS_PARAM,20,0.001,11,1,7.75817,93832197,1,1,k1,dynamic
BIHS_PARAM,20,0.001,11,1,7.88682,93832197,1,1,optk,dynamic
BIHS_PARAM,20,0.001,11,1,7.8279,93832197,1,1,rootk,dynamic
BIHS_PARAM,20,0.01,113,1,7.76682,93832197,0.829196,1,k1,dynamic
BIHS_PARAM,20,0.01,113,1,7.79012,93832197,0.829196,1,optk,dynamic
BIHS_PARAM,20,0.01,113,1,7.78316,93832197,0.829196,1,rootk,dynamic
BIHS_PARAM,20,0.1,1127,1,9.76786,82517790,0.162383,1,k1,dynamic
BIHS_PARAM,20,0.1,1127,4,9.43634,82517790,0.0664681,1,optk,dynamic
BIHS_PARAM,20,0.1,1127,2,9.39255,82517790,0.089041,1,rootk,dynamic
BIHS_PARAM,20,0.5,5637,1,9.42505,82517790,0.0348061,1,k1,dynamic
BIHS_PARAM,20,0.5,5637,20,9.52343,82517790,1.29106e-06,1,optk,dynamic
BIHS_PARAM,20,0.5,5637,4,9.42852,82517790,0.000304727,1,rootk,dynamic
BIHS_PARAM,21,0.001,8,1,23.2376,172356981,1,1,k1,dynamic
BIHS_PARAM,21,0.001,8,1,23.1975,172356981,1,1,optk,dynamic
BIHS_PARAM,21,0.001,8,1,23.1548,172356981,1,1,rootk,dynamic
BIHS_PARAM,21,0.01,81,1,14.0166,125552118,0.787218,1,k1,dynamic
BIHS_PARAM,21,0.01,81,1,14.0577,125552118,0.787218,1,optk,dynamic
BIHS_PARAM,21,0.01,81,1,14.0343,125552118,0.787218,1,rootk,dynamic
BIHS_PARAM,21,0.1,813,1,9.94313,78747255,0.14288,1,k1,dynamic
BIHS_PARAM,21,0.1,813,4,9.54226,78747255,0.0448849,1,optk,dynamic
BIHS_PARAM,21,0.1,813,2,9.51849,78747255,0.0704084,1,rootk,dynamic
BIHS_PARAM,21,0.5,4067,1,9.57383,78747255,0.0303503,1,k1,dynamic
BIHS_PARAM,21,0.5,4067,22,9.62569,78747255,1.70163e-07,1,optk,dynamic
BIHS_PARAM,21,0.5,4067,5,9.53219,78747255,5.94119e-05,1,rootk,dynamic
BIHS_PARAM,22,0.001,1,1,0.718104,6084891,0.99828,1,k1,dynamic
BIHS_PARAM,22,0.001,1,1,0.736773,6084891,0.99828,1,optk,dynamic
BIHS_PARAM,22,0.001,1,1,0.713123,6084891,0.99828,1,rootk,dynamic
BIHS_PARAM,22,0.01,4,1,0.43395,3158409,0.79636,1,k1,dynamic
BIHS_PARAM,22,0.01,4,1,0.43169,3158409,0.79636,1,optk,dynamic
BIHS_PARAM,22,0.01,4,1,0.45161,3158409,0.79636,1,rootk,dynamic
BIHS_PARAM,22,0.1,40,1,0.432561,3158409,0.147123,1,k1,dynamic
BIHS_PARAM,22,0.1,40,4,0.439074,3158409,0.0491677,1,optk,dynamic
BIHS_PARAM,22,0.1,40,2,0.434313,3158409,0.0743113,1,rootk,dynamic
BIHS_PARAM,22,0.5,198,1,0.43206,3158409,0.0316382,1,k1,dynamic
BIHS_PARAM,22,0.5,198,22,0.43479,3158409,3.24021e-07,1,optk,dynamic
BIHS_PARAM,22,0.5,198,5,0.439073,3158409,7.21986e-05,1,rootk,dynamic
BIHS_PARAM,23,0.001,229,1,207,1048412556,1,1,k1,dynamic
BIHS_PARAM,23,0.001,229,1,206.65,1048412556,1,1,optk,dynamic
BIHS_PARAM,23,0.001,229,1,207.272,1048412556,1,1,rootk,dynamic
BIHS_PARAM,23,0.01,2291,1,144.488,767492601,0.974521,1,k1,dynamic
BIHS_PARAM,23,0.01,2291,1,144.314,767492601,0.974521,1,optk,dynamic
BIHS_PARAM,23,0.01,2291,1,144.249,767492601,0.974521,1,rootk,dynamic
BIHS_PARAM,23,0.1,22914,1,144.63,767492601,0.30714,1,k1,dynamic
BIHS_PARAM,23,0.1,22914,2,138.787,767492601,0.270343,1,optk,dynamic
BIHS_PARAM,23,0.1,22914,1,144.637,767492601,0.30714,1,rootk,dynamic
BIHS_PARAM,23,0.5,114572,1,145.315,767492601,0.0707563,1,k1,dynamic
BIHS_PARAM,23,0.5,114572,9,140.725,767492601,0.00144093,1,optk,dynamic
BIHS_PARAM,23,0.5,114572,3,139.559,767492601,0.00771589,1,rootk,dynamic
BIHS_PARAM,24,0.001,1,1,0.430397,3686139,0.999931,1,k1,dynamic
BIHS_PARAM,24,0.001,1,1,0.432399,3686139,0.999931,1,optk,dynamic
BIHS_PARAM,24,0.001,1,1,0.431198,3686139,0.999931,1,rootk,dynamic
BIHS_PARAM,24,0.01,5,1,0.437623,3056352,0.852959,1,k1,dynamic
BIHS_PARAM,24,0.01,5,1,0.437843,3056352,0.852959,1,optk,dynamic
BIHS_PARAM,24,0.01,5,1,0.434404,3056352,0.852959,1,rootk,dynamic
BIHS_PARAM,24,0.1,46,1,0.435228,3056352,0.188097,1,k1,dynamic
BIHS_PARAM,24,0.1,46,3,0.43644,3056352,0.100417,1,optk,dynamic
BIHS_PARAM,24,0.1,46,2,0.437621,3056352,0.116154,1,rootk,dynamic
BIHS_PARAM,24,0.5,230,1,0.438801,3056352,0.0408183,1,k1,dynamic
BIHS_PARAM,24,0.5,230,17,0.443017,3056352,9.86105e-06,1,optk,dynamic
BIHS_PARAM,24,0.5,230,4,0.435094,3056352,0.000555843,1,rootk,dynamic
BIHS_PARAM,25,0.001,11,1,15.9839,145667334,1,1,k1,dynamic
BIHS_PARAM,25,0.001,11,1,15.9846,145667334,1,1,optk,dynamic
BIHS_PARAM,25,0.001,11,1,15.9683,145667334,1,1,rootk,dynamic
BIHS_PARAM,25,0.01,107,1,15.5005,145667334,0.782004,1,k1,dynamic
BIHS_PARAM,25,0.01,107,1,15.493,145667334,0.782004,1,optk,dynamic
BIHS_PARAM,25,0.01,107,1,15.4976,145667334,0.782004,1,rootk,dynamic
BIHS_PARAM,25,0.1,1073,1,11.9832,100822815,0.140928,1,k1,dynamic
BIHS_PARAM,25,0.1,1073,5,11.4624,100822815,0.0426564,1,optk,dynamic
BIHS_PARAM,25,0.1,1073,2,11.4475,100822815,0.0686411,1,rootk,dynamic
BIHS_PARAM,25,0.5,5366,1,12.0166,100822815,0.0299181,1,k1,dynamic
BIHS_PARAM,25,0.5,5366,23,11.6075,100822815,1.35104e-07,1,optk,dynamic
BIHS_PARAM,25,0.5,5366,5,11.5133,100822815,5.55398e-05,1,rootk,dynamic
BIHS_PARAM,26,0.001,8,1,13.7546,121388322,1,1,k1,dynamic
BIHS_PARAM,26,0.001,8,1,13.7633,121388322,1,1,optk,dynamic
BIHS_PARAM,26,0.001,8,1,13.7094,121388322,1,1,rootk,dynamic
BIHS_PARAM,26,0.01,82,1,13.6872,121388322,0.791349,1,k1,dynamic
BIHS_PARAM,26,0.01,82,1,13.7194,121388322,0.791349,1,optk,dynamic
BIHS_PARAM,26,0.01,82,1,13.6955,121388322,0.791349,1,rootk,dynamic
BIHS_PARAM,26,0.1,818,1,10.0572,83427327,0.145375,1,k1,dynamic
BIHS_PARAM,26,0.1,818,4,10.0724,83427327,0.0473755,1,optk,dynamic
BIHS_PARAM,26,0.1,818,2,10.0532,83427327,0.0726929,1,rootk,dynamic
BIHS_PARAM,26,0.5,4091,1,10.5138,83427327,0.0309226,1,k1,dynamic
BIHS_PARAM,26,0.5,4091,22,10.1783,83427327,2.27587e-07,1,optk,dynamic
BIHS_PARAM,26,0.5,4091,5,10.1042,83427327,6.48573e-05,1,rootk,dynamic
BIHS_PARAM,27,0.001,34,1,40.3789,399382779,1,1,k1,dynamic
BIHS_PARAM,27,0.001,34,1,39.3631,387722304,1,1,optk,dynamic
BIHS_PARAM,27,0.001,34,1,39.1986,387722304,1,1,rootk,dynamic
BIHS_PARAM,27,0.01,338,1,39.2228,387722304,0.784103,1,k1,dynamic
BIHS_PARAM,27,0.01,338,1,39.2203,387722304,0.784103,1,optk,dynamic
BIHS_PARAM,27,0.01,338,1,39.38,387722304,0.784103,1,rootk,dynamic
BIHS_PARAM,27,0.1,3385,1,39.1615,306878469,0.14193,1,k1,dynamic
BIHS_PARAM,27,0.1,3385,5,37.424,306878469,0.0437588,1,optk,dynamic
BIHS_PARAM,27,0.1,3385,2,37.3901,306878469,0.0695456,1,rootk,dynamic
BIHS_PARAM,27,0.5,16923,1,39.2322,306878469,0.0301535,1,k1,dynamic
BIHS_PARAM,27,0.5,16923,23,38.2332,306878469,1.5329e-07,1,optk,dynamic
BIHS_PARAM,27,0.5,16923,5,37.5517,306878469,5.76237e-05,1,rootk,dynamic
BIHS_PARAM,28,0.001,1,1,1.69903,11909763,1,1,k1,dynamic
BIHS_PARAM,28,0.001,1,1,1.70368,11909763,1,1,optk,dynamic
BIHS_PARAM,28,0.001,1,1,1.70439,11909763,1,1,rootk,dynamic
BIHS_PARAM,28,0.01,7,1,1.01001,9088260,1,1,k1,dynamic
BIHS_PARAM,28,0.01,7,1,1.0058,9088260,1,1,optk,dynamic
BIHS_PARAM,28,0.01,7,1,1.00667,9088260,1,1,rootk,dynamic
BIHS_PARAM,28,0.1,74,1,0.79641,6266757,0.842774,1,k1,dynamic
BIHS_PARAM,28,0.1,74,1,0.795741,6266757,0.842774,1,optk,dynamic
BIHS_PARAM,28,0.1,74,1,0.801248,6266757,0.842774,1,rootk,dynamic
BIHS_PARAM,28,0.5,369,1,0.797677,6266757,0.309968,1,k1,dynamic
BIHS_PARAM,28,0.5,369,2,0.804541,6266757,0.274425,1,optk,dynamic
BIHS_PARAM,28,0.5,369,1,0.7971,6266757,0.309968,1,rootk,dynamic
BIHS_PARAM,29,0.001,4,1,5.42842,45603786,1,1,k1,dynamic
BIHS_PARAM,29,0.001,4,1,5.42556,45603786,1,1,optk,dynamic
BIHS_PARAM,29,0.001,4,1,5.41917,45603786,1,1,rootk,dynamic
BIHS_PARAM,29,0.01,39,1,5.4368,45603786,0.809826,1,k1,dynamic
BIHS_PARAM,29,0.01,39,1,5.41709,45603786,0.809826,1,optk,dynamic
BIHS_PARAM,29,0.01,39,1,5.41766,45603786,0.809826,1,rootk,dynamic
BIHS_PARAM,29,0.1,386,1,4.43926,32437323,0.154394,1,k1,dynamic
BIHS_PARAM,29,0.1,386,4,4.44543,32437323,0.0570404,1,optk,dynamic
BIHS_PARAM,29,0.1,386,2,4.44804,32437323,0.0811966,1,rootk,dynamic
BIHS_PARAM,29,0.5,1928,1,4.437,32437323,0.0330177,1,k1,dynamic
BIHS_PARAM,29,0.5,1928,21,4.4656,32437323,6.10787e-07,1,optk,dynamic
BIHS_PARAM,29,0.5,1928,5,4.44361,32437323,8.8149e-05,1,rootk,dynamic
BIHS_PARAM,30,0.001,144,1,276.644,2117407791,1,1,k1,dynamic
BIHS_PARAM,30,0.001,144,1,276.847,2117407791,1,1,optk,dynamic
BIHS_PARAM,30,0.001,144,1,276.616,2117407791,1,1,rootk,dynamic
BIHS_PARAM,30,0.01,1443,1,243.856,2077713324,0.848234,1,k1,dynamic
BIHS_PARAM,30,0.01,1443,1,243.525,2077713324,0.848234,1,optk,dynamic
BIHS_PARAM,30,0.01,1443,1,243.671,2077713324,0.848234,1,rootk,dynamic
BIHS_PARAM,30,0.1,14428,1,270.607,1883900085,0.171855,1,k1,dynamic
BIHS_PARAM,30,0.1,14428,4,262.38,1883900085,0.0786942,1,optk,dynamic
BIHS_PARAM,30,0.1,14428,2,270.791,1883900085,0.0987068,1,rootk,dynamic
BIHS_PARAM,30,0.5,72141,1,270.674,1883900085,0.0370107,1,k1,dynamic
BIHS_PARAM,30,0.5,72141,18,267.297,1883900085,2.93724e-06,1,optk,dynamic
BIHS_PARAM,30,0.5,72141,4,262.381,1883900085,0.000384433,1,rootk,dynamic
BIHS_PARAM,31,0.001,1,1,0.0726604,578358,0.739961,1,k1,dynamic
BIHS_PARAM,31,0.001,1,1,0.0728873,578358,0.739961,1,optk,dynamic
BIHS_PARAM,31,0.001,1,1,0.072846,578358,0.739961,1,rootk,dynamic
BIHS_PARAM,31,0.01,1,1,0.0728501,578358,0.739961,1,k1,dynamic
BIHS_PARAM,31,0.01,1,1,0.0728912,578358,0.739961,1,optk,dynamic
BIHS_PARAM,31,0.01,1,1,0.0727127,578358,0.739961,1,rootk,dynamic
BIHS_PARAM,31,0.1,6,1,0.0726315,578358,0.201074,1,k1,dynamic
BIHS_PARAM,31,0.1,6,3,0.0728143,578358,0.117692,1,optk,dynamic
BIHS_PARAM,31,0.1,6,2,0.0728516,578358,0.13084,1,rootk,dynamic
BIHS_PARAM,31,0.5,32,1,0.072822,578358,0.0412178,1,k1,dynamic
BIHS_PARAM,31,0.5,32,16,0.0769543,578358,1.10659e-05,1,optk,dynamic
BIHS_PARAM,31,0.5,32,4,0.0728702,578358,0.000576532,1,rootk,dynamic
BIHS_PARAM,32,0.001,1,1,1.47739,12540774,1,1,k1,dynamic
BIHS_PARAM,32,0.001,1,1,1.47786,12540774,1,1,optk,dynamic
BIHS_PARAM,32,0.001,1,1,1.47776,12540774,1,1,rootk,dynamic
BIHS_PARAM,32,0.01,13,1,1.39342,12225735,0.778895,1,k1,dynamic
BIHS_PARAM,32,0.01,13,1,1.39308,12225735,0.778895,1,optk,dynamic
BIHS_PARAM,32,0.01,13,1,1.39466,12225735,0.778895,1,rootk,dynamic
BIHS_PARAM,32,0.1,126,1,1.39768,9886164,0.144186,1,k1,dynamic
BIHS_PARAM,32,0.1,126,4,1.39923,9886164,0.0461789,1,optk,dynamic
BIHS_PARAM,32,0.1,126,2,1.39771,9886164,0.0716007,1,rootk,dynamic
BIHS_PARAM,32,0.5,629,1,1.40243,9886164,0.0307086,1,k1,dynamic
BIHS_PARAM,32,0.5,629,22,1.40896,9886164,2.04321e-07,1,optk,dynamic
BIHS_PARAM,32,0.5,629,5,1.40701,9886164,6.27781e-05,1,rootk,dynamic
BIHS_PARAM,33,0.001,38,1,37.6082,327888648,1,1,k1,dynamic
BIHS_PARAM,33,0.001,38,1,38.5375,335370927,1,1,optk,dynamic
BIHS_PARAM,33,0.001,38,1,38.5715,335370927,1,1,rootk,dynamic
BIHS_PARAM,33,0.01,375,1,32.9111,327888648,0.856025,1,k1,dynamic
BIHS_PARAM,33,0.01,375,1,33.1084,327888648,0.856025,1,optk,dynamic
BIHS_PARAM,33,0.01,375,1,33.0972,327888648,0.856025,1,rootk,dynamic
BIHS_PARAM,33,0.1,3755,1,44.1651,302807049,0.175974,1,k1,dynamic
BIHS_PARAM,33,0.1,3755,4,42.5823,302807049,0.0843609,1,optk,dynamic
BIHS_PARAM,33,0.1,3755,2,42.3956,302807049,0.103029,1,rootk,dynamic
BIHS_PARAM,33,0.5,18774,1,44.1515,302807049,0.037973,1,k1,dynamic
BIHS_PARAM,33,0.5,18774,18,43.1649,302807049,4.0751e-06,1,optk,dynamic
BIHS_PARAM,33,0.5,18774,4,42.7313,302807049,0.000423534,1,rootk,dynamic
BIHS_PARAM,34,0.001,2,1,3.31362,29292291,1,1,k1,dynamic
BIHS_PARAM,34,0.001,2,1,3.30552,29292291,1,1,optk,dynamic
BIHS_PARAM,34,0.001,2,1,3.30772,29292291,1,1,rootk,dynamic
BIHS_PARAM,34,0.01,21,1,3.23261,29292291,0.783493,1,k1,dynamic
BIHS_PARAM,34,0.01,21,1,3.23,29292291,0.783493,1,optk,dynamic
BIHS_PARAM,34,0.01,21,1,3.23467,29292291,0.783493,1,rootk,dynamic
BIHS_PARAM,34,0.1,213,1,2.51892,20041476,0.14003,1,k1,dynamic
BIHS_PARAM,34,0.1,213,5,2.43008,20041476,0.0416841,1,optk,dynamic
BIHS_PARAM,34,0.1,213,2,2.4264,20041476,0.0678354,1,rootk,dynamic
BIHS_PARAM,34,0.5,1063,1,2.43342,20041476,0.0297761,1,k1,dynamic
BIHS_PARAM,34,0.5,1063,23,2.44467,20041476,1.25114e-07,1,optk,dynamic
BIHS_PARAM,34,0.5,1063,5,2.43188,20041476,5.43117e-05,1,rootk,dynamic
BIHS_PARAM,35,0.001,1,1,0.564377,4120620,1,1,k1,dynamic
BIHS_PARAM,35,0.001,1,1,0.564522,4120620,1,1,optk,dynamic
BIHS_PARAM,35,0.001,1,1,0.564242,4120620,1,1,rootk,dynamic
BIHS_PARAM,35,0.01,6,1,0.564212,4120620,0.96715,1,k1,dynamic
BIHS_PARAM,35,0.01,6,1,0.564374,4120620,0.96715,1,optk,dynamic
BIHS_PARAM,35,0.01,6,1,0.564423,4120620,0.96715,1,rootk,dynamic
BIHS_PARAM,35,0.1,59,1,0.568461,4120620,0.293455,1,k1,dynamic
BIHS_PARAM,35,0.1,59,2,0.56462,4120620,0.250795,1,optk,dynamic
BIHS_PARAM,35,0.1,59,1,0.564464,4120620,0.293455,1,rootk,dynamic
BIHS_PARAM,35,0.5,294,1,0.568722,4120620,0.0673358,1,k1,dynamic
BIHS_PARAM,35,0.5,294,10,0.566746,4120620,0.00101578,1,optk,dynamic
BIHS_PARAM,35,0.5,294,3,0.564783,4120620,0.00672027,1,rootk,dynamic
BIHS_PARAM,36,0.001,9,1,15.6767,128013009,1,1,k1,dynamic
BIHS_PARAM,36,0.001,9,1,15.6308,128013009,1,1,optk,dynamic
BIHS_PARAM,36,0.001,9,1,15.6715,128013009,1,1,rootk,dynamic
BIHS_PARAM,36,0.01,91,1,13.6257,128013009,0.783593,1,k1,dynamic
BIHS_PARAM,36,0.01,91,1,13.6355,128013009,0.783593,1,optk,dynamic
BIHS_PARAM,36,0.01,91,1,13.6275,128013009,0.783593,1,rootk,dynamic
BIHS_PARAM,36,0.1,915,1,10.9888,89734350,0.141203,1,k1,dynamic
BIHS_PARAM,36,0.1,915,5,10.5195,89734350,0.0429581,1,optk,dynamic
BIHS_PARAM,36,0.1,915,2,10.5188,89734350,0.0688896,1,rootk,dynamic
BIHS_PARAM,36,0.5,4574,1,11.012,89734350,0.0299923,1,k1,dynamic
BIHS_PARAM,36,0.5,4574,23,10.6034,89734350,1.40616e-07,1,optk,dynamic
BIHS_PARAM,36,0.5,4574,5,10.5573,89734350,5.61908e-05,1,rootk,dynamic
BIHS_PARAM,37,0.001,1,1,0.482938,4903296,0.998794,1,k1,dynamic
BIHS_PARAM,37,0.001,1,1,0.498552,4903296,0.998794,1,optk,dynamic
BIHS_PARAM,37,0.001,1,1,0.498143,4903296,0.998794,1,rootk,dynamic
BIHS_PARAM,37,0.01,4,1,0.496822,4903296,0.813659,1,k1,dynamic
BIHS_PARAM,37,0.01,4,1,0.498207,4903296,0.813659,1,optk,dynamic
BIHS_PARAM,37,0.01,4,1,0.481915,4903296,0.813659,1,rootk,dynamic
BIHS_PARAM,37,0.1,43,1,0.366466,3356409,0.144694,1,k1,dynamic
BIHS_PARAM,37,0.1,43,4,0.366362,3356409,0.0466873,1,optk,dynamic
BIHS_PARAM,37,0.1,43,2,0.372434,3356409,0.0720658,1,rootk,dynamic
BIHS_PARAM,37,0.5,213,1,0.367462,3356409,0.03106,1,k1,dynamic
BIHS_PARAM,37,0.5,213,22,0.366595,3356409,2.4377e-07,1,optk,dynamic
BIHS_PARAM,37,0.5,213,5,0.371591,3356409,6.62198e-05,1,rootk,dynamic
BIHS_PARAM,38,0.001,4,1,5.31283,52795614,1,1,k1,dynamic
BIHS_PARAM,38,0.001,4,1,5.29144,52795614,1,1,optk,dynamic
BIHS_PARAM,38,0.001,4,1,5.32528,52795614,1,1,rootk,dynamic
BIHS_PARAM,38,0.01,39,1,5.35489,52795614,0.814152,1,k1,dynamic
BIHS_PARAM,38,0.01,39,1,5.34069,52795614,0.814152,1,optk,dynamic
BIHS_PARAM,38,0.01,39,1,5.34549,52795614,0.814152,1,rootk,dynamic
BIHS_PARAM,38,0.1,389,1,4.32685,35996427,0.15525,1,k1,dynamic
BIHS_PARAM,38,0.1,389,4,4.15698,35996427,0.0580123,1,optk,dynamic
BIHS_PARAM,38,0.1,389,2,4.17233,35996427,0.0820238,1,rootk,dynamic
BIHS_PARAM,38,0.5,1947,1,4.17502,35996427,0.0331465,1,k1,dynamic
BIHS_PARAM,38,0.5,1947,21,4.18593,35996427,6.46757e-07,1,optk,dynamic
BIHS_PARAM,38,0.5,1947,5,4.18323,35996427,8.97665e-05,1,rootk,dynamic
BIHS_PARAM,39,0.001,5,1,3.38833,37972005,1,1,k1,dynamic
BIHS_PARAM,39,0.001,5,1,3.3866,37972005,1,1,optk,dynamic
BIHS_PARAM,39,0.001,5,1,3.39241,37972005,1,1,rootk,dynamic
BIHS_PARAM,39,0.01,51,1,4.73024,36080706,0.911352,1,k1,dynamic
BIHS_PARAM,39,0.01,51,1,4.71283,36080706,0.911352,1,optk,dynamic
BIHS_PARAM,39,0.01,51,1,4.72316,36080706,0.911352,1,rootk,dynamic
BIHS_PARAM,39,0.1,511,1,4.56706,36080706,0.214813,1,k1,dynamic
BIHS_PARAM,39,0.1,511,3,4.56959,36080706,0.137323,1,optk,dynamic
BIHS_PARAM,39,0.1,511,2,4.55554,36080706,0.147059,1,rootk,dynamic
BIHS_PARAM,39,0.5,2553,1,4.6136,36080706,0.0472518,1,k1,dynamic
BIHS_PARAM,39,0.5,2553,14,4.57049,36080706,4.89744e-05,1,optk,dynamic
BIHS_PARAM,39,0.5,2553,4,4.5817,36080706,0.000960123,1,rootk,dynamic
BIHS_PARAM,40,0.001,39,1,39.1348,356879703,1,1,k1,dynamic
BIHS_PARAM,40,0.001,39,1,39.1731,356879703,1,1,optk,dynamic
BIHS_PARAM,40,0.001,39,1,39.1247,356879703,1,1,rootk,dynamic
BIHS_PARAM,40,0.01,394,1,32.8932,349346916,0.851906,1,k1,dynamic
BIHS_PARAM,40,0.01,394,1,33.0393,349346916,0.851906,1,optk,dynamic
BIHS_PARAM,40,0.01,394,1,32.8444,349346916,0.851906,1,rootk,dynamic
BIHS_PARAM,40,0.1,3935,1,44.9489,324270357,0.17406,1,k1,dynamic
BIHS_PARAM,40,0.1,3935,4,43.174,324270357,0.0817017,1,optk,dynamic
BIHS_PARAM,40,0.1,3935,2,43.1419,324270357,0.101012,1,rootk,dynamic
BIHS_PARAM,40,0.5,19677,1,45.0121,324270357,0.0375208,1,k1,dynamic
BIHS_PARAM,40,0.5,19677,18,43.715,324270357,3.49899e-06,1,optk,dynamic
BIHS_PARAM,40,0.5,19677,4,43.2915,324270357,0.000404822,1,rootk,dynamic
BIHS_PARAM,41,0.001,50,1,51.8387,585077982,0.999999,1,k1,dynamic
BIHS_PARAM,41,0.001,50,1,51.7879,585077982,0.999999,1,optk,dynamic
BIHS_PARAM,41,0.001,50,1,51.7341,585077982,0.999999,1,rootk,dynamic
BIHS_PARAM,41,0.01,505,1,90.4681,922089678,0.754055,1,k1,dynamic
BIHS_PARAM,41,0.01,505,1,90.4416,922089678,0.754055,1,optk,dynamic
BIHS_PARAM,41,0.01,505,1,90.3282,922089678,0.754055,1,rootk,dynamic
BIHS_PARAM,41,0.1,5049,1,57.8676,483984468,0.130896,1,k1,dynamic
BIHS_PARAM,41,0.1,5049,5,55.4589,483984468,0.0325656,1,optk,dynamic
BIHS_PARAM,41,0.1,5049,2,57.9652,483984468,0.0598578,1,rootk,dynamic
BIHS_PARAM,41,0.5,25245,1,57.9188,483984468,0.0276685,1,k1,dynamic
BIHS_PARAM,41,0.5,25245,25,56.4083,483984468,3.66266e-08,1,optk,dynamic
BIHS_PARAM,41,0.5,25245,5,55.6682,483984468,3.84268e-05,1,rootk,dynamic
BIHS_PARAM,42,0.001,46,1,59.2982,529890051,1,1,k1,dynamic
BIHS_PARAM,42,0.001,46,1,59.3329,529890051,1,1,optk,dynamic
BIHS_PARAM,42,0.001,46,1,59.3033,529890051,1,1,rootk,dynamic
BIHS_PARAM,42,0.01,465,1,99.2979,811783227,0.765282,1,k1,dynamic
BIHS_PARAM,42,0.01,465,1,99.2022,811783227,0.765282,1,optk,dynamic
BIHS_PARAM,42,0.01,465,1,99.1804,811783227,0.765282,1,rootk,dynamic
BIHS_PARAM,42,0.1,4647,1,63.3618,426183945,0.135004,1,k1,dynamic
BIHS_PARAM,42,0.1,4647,5,60.4621,426183945,0.0364919,1,optk,dynamic
BIHS_PARAM,42,0.1,4647,2,60.2669,426183945,0.0633944,1,rootk,dynamic
BIHS_PARAM,42,0.5,23234,1,63.4653,426183945,0.0285907,1,k1,dynamic
BIHS_PARAM,42,0.5,23234,24,61.9657,426183945,6.40875e-08,1,optk,dynamic
BIHS_PARAM,42,0.5,23234,5,60.5209,426183945,4.48565e-05,1,rootk,dynamic
BIHS_PARAM,43,0.001,7,1,9.14363,80600037,1,1,k1,dynamic
BIHS_PARAM,43,0.001,7,1,9.15981,80600037,1,1,optk,dynamic
BIHS_PARAM,43,0.001,7,1,9.16281,80600037,1,1,rootk,dynamic
BIHS_PARAM,43,0.01,67,1,9.13503,80600037,0.786734,1,k1,dynamic
BIHS_PARAM,43,0.01,67,1,9.14255,80600037,0.786734,1,optk,dynamic
BIHS_PARAM,43,0.01,67,1,9.14473,80600037,0.786734,1,rootk,dynamic
BIHS_PARAM,43,0.1,673,1,7.91179,60544074,0.142584,1,k1,dynamic
BIHS_PARAM,43,0.1,673,5,7.92926,60544074,0.0444887,1,optk,dynamic
BIHS_PARAM,43,0.1,673,2,7.91294,60544074,0.0701394,1,rootk,dynamic
BIHS_PARAM,43,0.5,3363,1,7.94294,60544074,0.0303158,1,k1,dynamic
BIHS_PARAM,43,0.5,3363,23,8.06572,60544074,1.67105e-07,1,optk,dynamic
BIHS_PARAM,43,0.5,3363,5,7.93391,60544074,5.90955e-05,1,rootk,dynamic
BIHS_PARAM,44,0.001,9,1,14.9193,132391839,0.999999,1,k1,dynamic
BIHS_PARAM,44,0.001,9,1,14.9536,132391839,0.999999,1,optk,dynamic
BIHS_PARAM,44,0.001,9,1,14.9184,132391839,0.999999,1,rootk,dynamic
BIHS_PARAM,44,0.01,88,1,14.0742,129015000,0.768328,1,k1,dynamic
BIHS_PARAM,44,0.01,88,1,14.0923,129015000,0.768328,1,optk,dynamic
BIHS_PARAM,44,0.01,88,1,14.1501,129015000,0.768328,1,rootk,dynamic
BIHS_PARAM,44,0.1,882,1,11.3019,91013397,0.135766,1,k1,dynamic
BIHS_PARAM,44,0.1,882,5,10.8329,91013397,0.0372511,1,optk,dynamic
BIHS_PARAM,44,0.1,882,2,10.8316,91013397,0.0640595,1,rootk,dynamic
BIHS_PARAM,44,0.5,4409,1,11.3417,91013397,0.0287671,1,k1,dynamic
BIHS_PARAM,44,0.5,4409,24,11.0036,91013397,7.10763e-08,1,optk,dynamic
BIHS_PARAM,44,0.5,4409,5,10.846,91013397,4.61757e-05,1,rootk,dynamic
BIHS_PARAM,45,0.001,1,1,1.47189,13516551,1,1,k1,dynamic
BIHS_PARAM,45,0.001,1,1,1.47181,13516551,1,1,optk,dynamic
BIHS_PARAM,45,0.001,1,1,1.47003,13516551,1,1,rootk,dynamic
BIHS_PARAM,45,0.01,11,1,1.47306,13516551,0.80135,1,k1,dynamic
BIHS_PARAM,45,0.01,11,1,1.47072,13516551,0.80135,1,optk,dynamic
BIHS_PARAM,45,0.01,11,1,1.47016,13516551,0.80135,1,rootk,dynamic
BIHS_PARAM,45,0.1,111,1,1.16895,9614112,0.147997,1,k1,dynamic
BIHS_PARAM,45,0.1,111,4,1.16583,9614112,0.0500782,1,optk,dynamic
BIHS_PARAM,45,0.1,111,2,1.16345,9614112,0.0751257,1,rootk,dynamic
BIHS_PARAM,45,0.5,555,1,1.16838,9614112,0.0315254,1,k1,dynamic
BIHS_PARAM,45,0.5,555,22,1.17943,9614112,3.06694e-07,1,optk,dynamic
BIHS_PARAM,45,0.5,555,5,1.16681,9614112,7.10006e-05,1,rootk,dynamic
BIHS_PARAM,46,0.001,37,1,63.8669,582065247,1,1,k1,dynamic
BIHS_PARAM,46,0.001,37,1,63.9706,582065247,1,1,optk,dynamic
BIHS_PARAM,46,0.001,37,1,63.984,582065247,1,1,rootk,dynamic
BIHS_PARAM,46,0.01,372,1,80.2419,759273447,0.785587,1,k1,dynamic
BIHS_PARAM,46,0.01,372,1,80.34,759273447,0.785587,1,optk,dynamic
BIHS_PARAM,46,0.01,372,1,80.1547,759273447,0.785587,1,rootk,dynamic
BIHS_PARAM,46,0.1,3725,1,49.1626,397570137,0.142538,1,k1,dynamic
BIHS_PARAM,46,0.1,3725,5,46.828,397570137,0.0444365,1,optk,dynamic
BIHS_PARAM,46,0.1,3725,2,46.727,397570137,0.0700971,1,rootk,dynamic
BIHS_PARAM,46,0.5,18624,1,49.3019,397570137,0.0302891,1,k1,dynamic
BIHS_PARAM,46,0.5,18624,23,47.8971,397570137,1.64759e-07,1,optk,dynamic
BIHS_PARAM,46,0.5,18624,5,46.9776,397570137,5.88516e-05,1,rootk,dynamic
BIHS_PARAM,47,0.001,3,1,3.74653,38565963,1,1,k1,dynamic
BIHS_PARAM,47,0.001,3,1,3.74637,38565963,1,1,optk,dynamic
BIHS_PARAM,47,0.001,3,1,3.74759,38565963,1,1,rootk,dynamic
BIHS_PARAM,47,0.01,30,1,2.56293,26151144,0.83887,1,k1,dynamic
BIHS_PARAM,47,0.01,30,1,2.68076,26151144,0.83887,1,optk,dynamic
BIHS_PARAM,47,0.01,30,1,2.68111,26151144,0.83887,1,rootk,dynamic
BIHS_PARAM,47,0.1,298,1,2.56466,26151144,0.167881,1,k1,dynamic
BIHS_PARAM,47,0.1,298,4,2.56701,26151144,0.0734264,1,optk,dynamic
BIHS_PARAM,47,0.1,298,2,2.56545,26151144,0.0946038,1,rootk,dynamic
BIHS_PARAM,47,0.5,1491,1,2.56973,26151144,0.0360648,1,k1,dynamic
BIHS_PARAM,47,0.5,1491,19,2.57658,26151144,2.08644e-06,1,optk,dynamic
BIHS_PARAM,47,0.5,1491,4,2.56987,26151144,0.000348599,1,rootk,dynamic
BIHS_PARAM,48,0.001,88,1,213.335,1498888515,0.999999,1,k1,dynamic
BIHS_PARAM,48,0.001,88,1,213.493,1498888515,0.999999,1,optk,dynamic
BIHS_PARAM,48,0.001,88,1,213.739,1498888515,0.999999,1,rootk,dynamic
BIHS_PARAM,48,0.01,880,1,229.749,1809673887,0.755837,1,k1,dynamic
BIHS_PARAM,48,0.01,880,1,231.323,1809673887,0.755837,1,optk,dynamic
BIHS_PARAM,48,0.01,880,1,233.611,1809673887,0.755837,1,rootk,dynamic
BIHS_PARAM,48,0.1,8798,1,136.247,942709209,0.131532,1,k1,dynamic
BIHS_PARAM,48,0.1,8798,5,129.644,942709209,0.0331545,1,optk,dynamic
BIHS_PARAM,48,0.1,8798,2,129.33,942709209,0.0603993,1,rootk,dynamic
BIHS_PARAM,48,0.5,43992,1,136.454,942709209,0.0278095,1,k1,dynamic
BIHS_PARAM,48,0.5,43992,25,132.065,942709209,4.0029e-08,1,optk,dynamic
BIHS_PARAM,48,0.5,43992,5,129.642,942709209,3.93604e-05,1,rootk,dynamic
BIHS_PARAM,49,0.001,1,1,0.593067,5237124,0.998931,1,k1,dynamic
BIHS_PARAM,49,0.001,1,1,0.594246,5237124,0.998931,1,optk,dynamic
BIHS_PARAM,49,0.001,1,1,0.61337,5237124,0.998931,1,rootk,dynamic
BIHS_PARAM,49,0.01,4,1,0.59391,5237124,0.819177,1,k1,dynamic
BIHS_PARAM,49,0.01,4,1,0.593878,5237124,0.819177,1,optk,dynamic
BIHS_PARAM,49,0.01,4,1,0.61218,5237124,0.819177,1,rootk,dynamic
BIHS_PARAM,49,0.1,43,1,0.439454,3567405,0.147082,1,k1,dynamic
BIHS_PARAM,49,0.1,43,4,0.439984,3567405,0.049125,1,optk,dynamic
BIHS_PARAM,49,0.1,43,2,0.439366,3567405,0.0742729,1,rootk,dynamic
BIHS_PARAM,49,0.5,215,1,0.444262,3567405,0.0313175,1,k1,dynamic
BIHS_PARAM,49,0.5,215,22,0.441075,3567405,2.7695e-07,1,optk,dynamic
BIHS_PARAM,49,0.5,215,5,0.444276,3567405,6.88328e-05,1,rootk,dynamic
BIHS_PARAM,50,0.001,94,1,144.538,1402244211,1,1,k1,dynamic
BIHS_PARAM,50,0.001,94,1,144.611,1402244211,1,1,optk,dynamic
BIHS_PARAM,50,0.001,94,1,144.632,1402244211,1,1,rootk,dynamic
BIHS_PARAM,50,0.01,945,1,141.073,1360865160,0.772691,1,k1,dynamic
BIHS_PARAM,50,0.01,945,1,140.658,1360865160,0.772691,1,optk,dynamic
BIHS_PARAM,50,0.01,945,1,141.089,1360865160,0.772691,1,rootk,dynamic
BIHS_PARAM,50,0.1,9448,1,129.725,1012837749,0.137721,1,k1,dynamic
BIHS_PARAM,50,0.1,9448,5,124.325,1012837749,0.0392444,1,optk,dynamic
BIHS_PARAM,50,0.1,9448,2,129.768,1012837749,0.0657791,1,rootk,dynamic
BIHS_PARAM,50,0.5,47239,1,129.85,1012837749,0.029201,1,k1,dynamic
BIHS_PARAM,50,0.5,47239,23,127.659,1012837749,9.11727e-08,1,optk,dynamic
BIHS_PARAM,50,0.5,47239,5,124.555,1012837749,4.95493e-05,1,rootk,dynamic
BIHS_PARAM,51,0.001,6,1,6.03191,48066297,1,1,k1,dynamic
BIHS_PARAM,51,0.001,6,1,6.04338,48066297,1,1,optk,dynamic
BIHS_PARAM,51,0.001,6,1,6.04067,48066297,1,1,rootk,dynamic
BIHS_PARAM,51,0.01,56,1,5.79578,48066297,0.851642,1,k1,dynamic
BIHS_PARAM,51,0.01,56,1,5.80334,48066297,0.851642,1,optk,dynamic
BIHS_PARAM,51,0.01,56,1,5.78427,48066297,0.851642,1,rootk,dynamic
BIHS_PARAM,51,0.1,562,1,6.03428,40718694,0.173152,1,k1,dynamic
BIHS_PARAM,51,0.1,562,4,5.79975,40718694,0.0804548,1,optk,dynamic
BIHS_PARAM,51,0.1,562,2,5.79489,40718694,0.100059,1,rootk,dynamic
BIHS_PARAM,51,0.5,2808,1,5.78908,40718694,0.0373389,1,k1,dynamic
BIHS_PARAM,51,0.5,2808,18,5.83848,40718694,3.28855e-06,1,optk,dynamic
BIHS_PARAM,51,0.5,2808,4,5.81137,40718694,0.000397465,1,rootk,dynamic
BIHS_PARAM,52,0.001,1,1,2.00616,16657155,1,1,k1,dynamic
BIHS_PARAM,52,0.001,1,1,2.00693,16657155,1,1,optk,dynamic
BIHS_PARAM,52,0.001,1,1,2.00208,16657155,1,1,rootk,dynamic
BIHS_PARAM,52,0.01,10,1,1.26554,10375620,0.787514,1,k1,dynamic
BIHS_PARAM,52,0.01,10,1,1.26672,10375620,0.787514,1,optk,dynamic
BIHS_PARAM,52,0.01,10,1,1.21886,10375620,0.787514,1,rootk,dynamic
BIHS_PARAM,52,0.1,98,1,1.2194,10375620,0.146192,1,k1,dynamic
BIHS_PARAM,52,0.1,98,4,1.21905,10375620,0.048208,1,optk,dynamic
BIHS_PARAM,52,0.1,98,2,1.21847,10375620,0.0734472,1,rootk,dynamic
BIHS_PARAM,52,0.5,488,1,1.22158,10375620,0.0312409,1,k1,dynamic
BIHS_PARAM,52,0.5,488,22,1.22166,10375620,2.66675e-07,1,optk,dynamic
BIHS_PARAM,52,0.5,488,5,1.22784,10375620,6.80474e-05,1,rootk,dynamic
BIHS_PARAM,53,0.001,24,1,26.4682,239031723,0.999999,1,k1,dynamic
BIHS_PARAM,53,0.001,24,1,26.4995,239031723,0.999999,1,optk,dynamic
BIHS_PARAM,53,0.001,24,1,26.3512,239031723,0.999999,1,rootk,dynamic
BIHS_PARAM,53,0.01,242,1,36.8901,330028491,0.745055,1,k1,dynamic
BIHS_PARAM,53,0.01,242,1,37.0977,330028491,0.745055,1,optk,dynamic
BIHS_PARAM,53,0.01,242,1,36.9231,330028491,0.745055,1,rootk,dynamic
BIHS_PARAM,53,0.1,2423,1,23.2156,174229125,0.127595,1,k1,dynamic
BIHS_PARAM,53,0.1,2423,5,22.1583,174229125,0.029614,1,optk,dynamic
BIHS_PARAM,53,0.1,2423,2,22.0417,174229125,0.0570777,1,rootk,dynamic
BIHS_PARAM,53,0.5,12114,1,23.5084,174229125,0.0269332,1,k1,dynamic
BIHS_PARAM,53,0.5,12114,25,22.881,174229125,2.28093e-08,1,optk,dynamic
BIHS_PARAM,53,0.5,12114,5,22.1965,174229125,3.38326e-05,1,rootk,dynamic
BIHS_PARAM,54,0.001,33,1,50.9616,374533884,1,1,k1,dynamic
BIHS_PARAM,54,0.001,33,1,50.8204,374533884,1,1,optk,dynamic
BIHS_PARAM,54,0.001,33,1,50.9272,374533884,1,1,rootk,dynamic
BIHS_PARAM,54,0.01,328,1,43.9452,374533884,0.784805,1,k1,dynamic
BIHS_PARAM,54,0.01,328,1,43.9666,374533884,0.784805,1,optk,dynamic
BIHS_PARAM,54,0.01,328,1,44.1098,374533884,0.784805,1,rootk,dynamic
BIHS_PARAM,54,0.1,3283,1,41.2799,294733365,0.142283,1,k1,dynamic
BIHS_PARAM,54,0.1,3283,5,39.6313,294733365,0.0441515,1,optk,dynamic
BIHS_PARAM,54,0.1,3283,2,39.6086,294733365,0.0698656,1,rootk,dynamic
BIHS_PARAM,54,0.5,16417,1,41.3039,294733365,0.0302262,1,k1,dynamic
BIHS_PARAM,54,0.5,16417,23,40.4613,294733365,1.59345e-07,1,optk,dynamic
BIHS_PARAM,54,0.5,16417,5,39.704,294733365,5.82795e-05,1,rootk,dynamic
BIHS_PARAM,55,0.001,1,1,0.253728,2023797,1,1,k1,dynamic
BIHS_PARAM,55,0.001,1,1,0.268147,2023797,1,1,optk,dynamic
BIHS_PARAM,55,0.001,1,1,0.252587,2023797,1,1,rootk,dynamic
BIHS_PARAM,55,0.01,5,1,0.252346,2023797,0.999999,1,k1,dynamic
BIHS_PARAM,55,0.01,5,1,0.251755,2023797,0.999999,1,optk,dynamic
BIHS_PARAM,55,0.01,5,1,0.252553,2023797,0.999999,1,rootk,dynamic
BIHS_PARAM,55,0.1,46,1,0.251864,2023797,0.789901,1,k1,dynamic
BIHS_PARAM,55,0.1,46,1,0.253178,2023797,0.789901,1,optk,dynamic
BIHS_PARAM,55,0.1,46,1,0.25738,2023797,0.789901,1,rootk,dynamic
BIHS_PARAM,55,0.5,232,1,0.251172,2023797,0.266073,1,k1,dynamic
BIHS_PARAM,55,0.5,232,2,0.251653,2023797,0.212845,1,optk,dynamic
BIHS_PARAM,55,0.5,232,1,0.267972,2023797,0.266073,1,rootk,dynamic
BIHS_PARAM,56,0.001,7,1,15.472,106009845,1,1,k1,dynamic
BIHS_PARAM,56,0.001,7,1,15.3715,106009845,1,1,optk,dynamic
BIHS_PARAM,56,0.001,7,1,15.411,106009845,1,1,rootk,dynamic
BIHS_PARAM,56,0.01,70,1,9.37632,84605574,0.79784,1,k1,dynamic
BIHS_PARAM,56,0.01,70,1,9.44262,84605574,0.79784,1,optk,dynamic
BIHS_PARAM,56,0.01,70,1,9.45971,84605574,0.79784,1,rootk,dynamic
BIHS_PARAM,56,0.1,698,1,7.65488,63201303,0.148135,1,k1,dynamic
BIHS_PARAM,56,0.1,698,4,7.79629,63201303,0.0502234,1,optk,dynamic
BIHS_PARAM,56,0.1,698,2,7.71953,63201303,0.0752551,1,rootk,dynamic
BIHS_PARAM,56,0.5,3490,1,7.71461,63201303,0.0315569,1,k1,dynamic
BIHS_PARAM,56,0.5,3490,22,7.86797,63201303,3.11444e-07,1,optk,dynamic
BIHS_PARAM,56,0.5,3490,5,7.80348,63201303,7.13335e-05,1,rootk,dynamic
BIHS_PARAM,57,0.001,17,1,39.329,307667409,0.999999,1,k1,dynamic
BIHS_PARAM,57,0.001,17,1,39.3747,307667409,0.999999,1,optk,dynamic
BIHS_PARAM,57,0.001,17,1,39.3253,307667409,0.999999,1,rootk,dynamic
BIHS_PARAM,57,0.01,167,1,39.6219,307667409,0.752996,1,k1,dynamic
BIHS_PARAM,57,0.01,167,1,39.3638,307667409,0.752996,1,optk,dynamic
BIHS_PARAM,57,0.01,167,1,39.2231,307667409,0.752996,1,rootk,dynamic
BIHS_PARAM,57,0.1,1670,1,22.4966,181119018,0.130498,1,k1,dynamic
BIHS_PARAM,57,0.1,1670,5,21.7516,181119018,0.0322003,1,optk,dynamic
BIHS_PARAM,57,0.1,1670,2,21.6605,181119018,0.0595197,1,rootk,dynamic
BIHS_PARAM,57,0.5,8350,1,22.437,181119018,0.0275795,1,k1,dynamic
BIHS_PARAM,57,0.5,8350,25,22.0051,181119018,3.46178e-08,1,optk,dynamic
BIHS_PARAM,57,0.5,8350,5,21.7333,181119018,3.78463e-05,1,rootk,dynamic
BIHS_PARAM,58,0.001,13,1,28.6153,218056278,1,1,k1,dynamic
BIHS_PARAM,58,0.001,13,1,28.6002,218056278,1,1,optk,dynamic
BIHS_PARAM,58,0.001,13,1,28.5861,218056278,1,1,rootk,dynamic
BIHS_PARAM,58,0.01,133,1,28.5519,218056278,1,1,k1,dynamic
BIHS_PARAM,58,0.01,133,1,28.5984,218056278,1,1,optk,dynamic
BIHS_PARAM,58,0.01,133,1,28.6027,218056278,1,1,rootk,dynamic
BIHS_PARAM,58,0.1,1334,1,20.1841,154356075,0.836217,1,k1,dynamic
BIHS_PARAM,58,0.1,1334,1,20.1935,154356075,0.836217,1,optk,dynamic
BIHS_PARAM,58,0.1,1334,1,19.5417,154356075,0.836217,1,rootk,dynamic
BIHS_PARAM,58,0.5,6669,1,19.4416,154356075,0.303646,1,k1,dynamic
BIHS_PARAM,58,0.5,6669,2,19.4546,154356075,0.265319,1,optk,dynamic
BIHS_PARAM,58,0.5,6669,1,19.4465,154356075,0.303646,1,rootk,dynamic
BIHS_PARAM,59,0.001,39,1,57.0317,444229383,1,1,k1,dynamic
BIHS_PARAM,59,0.001,39,1,56.6783,444229383,1,1,optk,dynamic
BIHS_PARAM,59,0.001,39,1,56.5567,444229383,1,1,rootk,dynamic
BIHS_PARAM,59,0.01,394,1,47.3755,431309016,0.78134,1,k1,dynamic
BIHS_PARAM,59,0.01,394,1,46.4206,431309016,0.78134,1,optk,dynamic
BIHS_PARAM,59,0.01,394,1,46.4684,431309016,0.78134,1,rootk,dynamic
BIHS_PARAM,59,0.1,3942,1,46.5064,344266197,0.140966,1,k1,dynamic
BIHS_PARAM,59,0.1,3942,5,44.7378,344266197,0.0426981,1,optk,dynamic
BIHS_PARAM,59,0.1,3942,2,44.2608,344266197,0.0686755,1,rootk,dynamic
BIHS_PARAM,59,0.5,19712,1,47.02,344266197,0.0299292,1,k1,dynamic
BIHS_PARAM,59,0.5,19712,23,46.4918,344266197,1.35917e-07,1,optk,dynamic
BIHS_PARAM,59,0.5,19712,5,45.1544,344266197,5.5637e-05,1,rootk,dynamic
BIHS_PARAM,60,0.001,69,1,232.808,1339954095,0.999999,1,k1,dynamic
BIHS_PARAM,60,0.001,69,1,233.188,1339954095,0.999999,1,optk,dynamic
BIHS_PARAM,60,0.001,69,1,233.554,1339954095,0.999999,1,rootk,dynamic
BIHS_PARAM,60,0.01,689,1,263.715,1642523331,0.764215,1,k1,dynamic
BIHS_PARAM,60,0.01,689,1,263.9,1642523331,0.764215,1,optk,dynamic
BIHS_PARAM,60,0.01,689,1,263.774,1642523331,0.764215,1,rootk,dynamic
BIHS_PARAM,60,0.1,6893,1,157.113,854959281,0.134476,1,k1,dynamic
BIHS_PARAM,60,0.1,6893,5,150.449,854959281,0.0359714,1,optk,dynamic
BIHS_PARAM,60,0.1,6893,2,149.772,854959281,0.0629352,1,rootk,dynamic
BIHS_PARAM,60,0.5,34464,1,156.813,854959281,0.0284718,1,k1,dynamic
BIHS_PARAM,60,0.5,34464,24,153.664,854959281,5.97361e-08,1,optk,dynamic
BIHS_PARAM,60,0.5,34464,5,150.861,854959281,4.39834e-05,1,rootk,dynamic
BIHS_PARAM,61,0.001,39,1,47.3011,439897287,1,1,k1,dynamic
BIHS_PARAM,61,0.001,39,1,47.3307,439897287,1,1,optk,dynamic
BIHS_PARAM,61,0.001,39,1,47.3,439897287,1,1,rootk,dynamic
BIHS_PARAM,61,0.01,391,1,44.9208,427020300,0.794718,1,k1,dynamic
BIHS_PARAM,61,0.01,391,1,44.7031,427020300,0.794718,1,optk,dynamic
BIHS_PARAM,61,0.01,391,1,44.8887,427020300,0.794718,1,rootk,dynamic
BIHS_PARAM,61,0.1,3907,1,45.999,341345193,0.146542,1,k1,dynamic
BIHS_PARAM,61,0.1,3907,4,43.9357,341345193,0.0485673,1,optk,dynamic
BIHS_PARAM,61,0.1,3907,2,43.8125,341345193,0.0737714,1,rootk,dynamic
BIHS_PARAM,61,0.5,19533,1,46.0736,341345193,0.0311979,1,k1,dynamic
BIHS_PARAM,61,0.5,19533,22,44.9555,341345193,2.61067e-07,1,optk,dynamic
BIHS_PARAM,61,0.5,19533,5,44.1578,341345193,6.76101e-05,1,rootk,dynamic
BIHS_PARAM,62,0.001,2,1,2.47605,22006107,0.999999,1,k1,dynamic
BIHS_PARAM,62,0.001,2,1,2.47285,22006107,0.999999,1,optk,dynamic
BIHS_PARAM,62,0.001,2,1,2.4725,22006107,0.999999,1,rootk,dynamic
BIHS_PARAM,62,0.01,16,1,2.47483,22006107,0.833068,1,k1,dynamic
BIHS_PARAM,62,0.01,16,1,2.47494,22006107,0.833068,1,optk,dynamic
BIHS_PARAM,62,0.01,16,1,2.47466,22006107,0.833068,1,rootk,dynamic
BIHS_PARAM,62,0.1,156,1,1.96386,16227384,0.167737,1,k1,dynamic
BIHS_PARAM,62,0.1,156,4,1.96271,16227384,0.0732401,1,optk,dynamic
BIHS_PARAM,62,0.1,156,2,1.96153,16227384,0.0944571,1,rootk,dynamic
BIHS_PARAM,62,0.5,778,1,1.9674,16227384,0.0361463,1,k1,dynamic
BIHS_PARAM,62,0.5,778,19,1.98055,16227384,2.15042e-06,1,optk,dynamic
BIHS_PARAM,62,0.5,778,4,1.96555,16227384,0.000351589,1,rootk,dynamic
BIHS_PARAM,63,0.001,13,1,22.946,173204886,1,1,k1,dynamic
BIHS_PARAM,63,0.001,13,1,53.8061,253225044,1,1,optk,dynamic
BIHS_PARAM,63,0.001,13,1,22.794,173204886,1,1,rootk,dynamic
BIHS_PARAM,63,0.01,128,1,22.1967,173204886,0.912374,1,k1,dynamic
BIHS_PARAM,63,0.01,128,1,21.6159,173204886,0.912374,1,optk,dynamic
BIHS_PARAM,63,0.01,128,1,21.3977,173204886,0.912374,1,rootk,dynamic
BIHS_PARAM,63,0.1,1283,1,18.9956,133194807,0.215649,1,k1,dynamic
BIHS_PARAM,63,0.1,1283,3,18.0853,133194807,0.13856,1,optk,dynamic
BIHS_PARAM,63,0.1,1283,2,17.843,133194807,0.148066,1,rootk,dynamic
BIHS_PARAM,63,0.5,6413,1,18.2726,133194807,0.0474331,1,k1,dynamic
BIHS_PARAM,63,0.5,6413,14,18.1906,133194807,5.08901e-05,1,optk,dynamic
BIHS_PARAM,63,0.5,6413,4,18.2081,133194807,0.000973873,1,rootk,dynamic
BIHS_PARAM,64,0.001,67,1,100.151,1013788296,1,1,k1,dynamic
BIHS_PARAM,64,0.001,67,1,102.331,1041630555,1,1,optk,dynamic
BIHS_PARAM,64,0.001,67,1,100.146,1013788296,1,1,rootk,dynamic
BIHS_PARAM,64,0.01,667,1,99.9474,1013788296,0.768026,1,k1,dynamic
BIHS_PARAM,64,0.01,667,1,99.9312,1013788296,0.768026,1,optk,dynamic
BIHS_PARAM,64,0.01,667,1,99.9663,1013788296,0.768026,1,rootk,dynamic
BIHS_PARAM,64,0.1,6669,1,85.9367,737962089,0.135959,1,k1,dynamic
BIHS_PARAM,64,0.1,6669,5,82.1727,737962089,0.037445,1,optk,dynamic
BIHS_PARAM,64,0.1,6669,2,85.7765,737962089,0.0642284,1,rootk,dynamic
BIHS_PARAM,64,0.5,33343,1,85.8535,737962089,0.0288057,1,k1,dynamic
BIHS_PARAM,64,0.5,33343,24,84.1341,737962089,7.26984e-08,1,optk,dynamic
BIHS_PARAM,64,0.5,33343,5,82.2757,737962089,4.64688e-05,1,rootk,dynamic
BIHS_PARAM,65,0.001,8,1,13.2871,59672664,1,1,k1,dynamic
BIHS_PARAM,65,0.001,8,1,13.2115,59672664,1,1,optk,dynamic
BIHS_PARAM,65,0.001,8,1,13.3184,59672664,1,1,rootk,dynamic
BIHS_PARAM,65,0.01,76,1,10.7381,55194834,0.889394,1,k1,dynamic
BIHS_PARAM,65,0.01,76,1,10.7629,55194834,0.889394,1,optk,dynamic
BIHS_PARAM,65,0.01,76,1,10.5233,55194834,0.889394,1,rootk,dynamic
BIHS_PARAM,65,0.1,760,1,10.3272,55194834,0.197624,1,k1,dynamic
BIHS_PARAM,65,0.1,760,3,10.3044,55194834,0.112976,1,optk,dynamic
BIHS_PARAM,65,0.1,760,2,10.4412,55194834,0.126873,1,rootk,dynamic
BIHS_PARAM,65,0.5,3799,1,10.1942,55194834,0.0430912,1,k1,dynamic
BIHS_PARAM,65,0.5,3799,16,10.3603,55194834,1.83336e-05,1,optk,dynamic
BIHS_PARAM,65,0.5,3799,4,10.471,55194834,0.00068096,1,rootk,dynamic
BIHS_PARAM,66,0.001,9,1,13.6301,120788994,1,1,k1,dynamic
BIHS_PARAM,66,0.001,9,1,13.6492,120788994,1,1,optk,dynamic
BIHS_PARAM,66,0.001,9,1,13.6461,120788994,1,1,rootk,dynamic
BIHS_PARAM,66,0.01,86,1,13.6474,120788994,0.782634,1,k1,dynamic
BIHS_PARAM,66,0.01,86,1,13.6326,120788994,0.782634,1,optk,dynamic
BIHS_PARAM,66,0.01,86,1,13.6352,120788994,0.782634,1,rootk,dynamic
BIHS_PARAM,66,0.1,857,1,10.2275,82043343,0.142,1,k1,dynamic
BIHS_PARAM,66,0.1,857,5,9.80404,82043343,0.0438373,1,optk,dynamic
BIHS_PARAM,66,0.1,857,2,9.78065,82043343,0.0696097,1,rootk,dynamic
BIHS_PARAM,66,0.5,4287,1,10.2463,82043343,0.0301521,1,k1,dynamic
BIHS_PARAM,66,0.5,4287,23,9.9068,82043343,1.53179e-07,1,optk,dynamic
BIHS_PARAM,66,0.5,4287,5,9.84475,82043343,5.76114e-05,1,rootk,dynamic
BIHS_PARAM,67,0.001,1,1,1.05129,6768570,1,1,k1,dynamic
BIHS_PARAM,67,0.001,1,1,1.02326,6768570,1,1,optk,dynamic
BIHS_PARAM,67,0.001,1,1,1.04569,6768570,1,1,rootk,dynamic
BIHS_PARAM,67,0.01,9,1,1.0007,6768570,0.908687,1,k1,dynamic
BIHS_PARAM,67,0.01,9,1,0.911623,5940711,0.908687,1,optk,dynamic
BIHS_PARAM,67,0.01,9,1,0.975538,6768570,0.908687,1,rootk,dynamic
BIHS_PARAM,67,0.1,92,1,0.870029,5940711,0.208751,1,k1,dynamic
BIHS_PARAM,67,0.1,92,3,0.883231,5940711,0.128496,1,optk,dynamic
BIHS_PARAM,67,0.1,92,2,0.884068,5940711,0.13982,1,rootk,dynamic
BIHS_PARAM,67,0.5,461,1,0.857174,5940711,0.0456521,1,k1,dynamic
BIHS_PARAM,67,0.5,461,15,0.874023,5940711,3.42529e-05,1,optk,dynamic
BIHS_PARAM,67,0.5,461,4,0.891785,5940711,0.000844681,1,rootk,dynamic
BIHS_PARAM,68,0.001,1,1,0.505235,3852780,0.999998,1,k1,dynamic
BIHS_PARAM,68,0.001,1,1,0.505582,3852780,0.999998,1,optk,dynamic
BIHS_PARAM,68,0.001,1,1,0.505798,3852780,0.999998,1,rootk,dynamic
BIHS_PARAM,68,0.01,4,1,0.515329,3852780,0.961611,1,k1,dynamic
BIHS_PARAM,68,0.01,4,1,0.492915,3852780,0.961611,1,optk,dynamic
BIHS_PARAM,68,0.01,4,1,0.504255,3852780,0.961611,1,rootk,dynamic
BIHS_PARAM,68,0.1,39,1,0.401465,2561421,0.284202,1,k1,dynamic
BIHS_PARAM,68,0.1,39,2,0.39927,2561421,0.237786,1,optk,dynamic
BIHS_PARAM,68,0.1,39,1,0.392088,2561421,0.284202,1,rootk,dynamic
BIHS_PARAM,68,0.5,196,1,0.387533,2561421,0.0643653,1,k1,dynamic
BIHS_PARAM,68,0.5,196,10,0.394049,2561421,0.00073334,1,optk,dynamic
BIHS_PARAM,68,0.5,196,3,0.40159,2561421,0.00592325,1,rootk,dynamic
BIHS_PARAM,69,0.001,10,1,21.0465,94121895,1,1,k1,dynamic
BIHS_PARAM,69,0.001,10,1,20.74,94121895,1,1,optk,dynamic
BIHS_PARAM,69,0.001,10,1,20.7814,94121895,1,1,rootk,dynamic
BIHS_PARAM,69,0.01,97,1,9.73898,62301090,0.999999,1,k1,dynamic
BIHS_PARAM,69,0.01,97,1,9.65546,62301090,0.999999,1,optk,dynamic
BIHS_PARAM,69,0.01,97,1,9.89356,62301090,0.999999,1,rootk,dynamic
BIHS_PARAM,69,0.1,974,1,9.41513,62301090,0.745641,1,k1,dynamic
BIHS_PARAM,69,0.1,974,1,9.32733,62301090,0.745641,1,optk,dynamic
BIHS_PARAM,69,0.1,974,1,9.76472,62301090,0.745641,1,rootk,dynamic
BIHS_PARAM,69,0.5,4871,1,9.70836,62301090,0.239474,1,k1,dynamic
BIHS_PARAM,69,0.5,4871,3,9.42308,62301090,0.175722,1,optk,dynamic
BIHS_PARAM,69,0.5,4871,2,9.42676,62301090,0.177747,1,rootk,dynamic
BIHS_PARAM,70,0.001,1,1,3.12658,13145973,1,1,k1,dynamic
BIHS_PARAM,70,0.001,1,1,3.11667,13145973,1,1,optk,dynamic
BIHS_PARAM,70,0.001,1,1,3.10903,13145973,1,1,rootk,dynamic
BIHS_PARAM,70,0.01,12,1,1.17118,6837792,0.904596,1,k1,dynamic
BIHS_PARAM,70,0.01,12,1,1.14145,6837792,0.904596,1,optk,dynamic
BIHS_PARAM,70,0.01,12,1,1.19229,6837792,0.904596,1,rootk,dynamic
BIHS_PARAM,70,0.1,125,1,1.11653,6837792,0.201935,1,k1,dynamic
BIHS_PARAM,70,0.1,125,3,1.11606,6837792,0.118882,1,optk,dynamic
BIHS_PARAM,70,0.1,125,2,1.11632,6837792,0.131836,1,rootk,dynamic
BIHS_PARAM,70,0.5,623,1,1.213,6837792,0.044249,1,k1,dynamic
BIHS_PARAM,70,0.5,623,15,1.30362,6837792,2.45576e-05,1,optk,dynamic
BIHS_PARAM,70,0.5,623,4,1.12012,6837792,0.000751878,1,rootk,dynamic
BIHS_PARAM,71,0.001,35,1,36.892,384677136,1,1,k1,dynamic
BIHS_PARAM,71,0.001,35,1,36.8348,384677136,1,1,optk,dynamic
BIHS_PARAM,71,0.001,35,1,36.8517,384677136,1,1,rootk,dynamic
BIHS_PARAM,71,0.01,352,1,36.7583,384677136,0.783089,1,k1,dynamic
BIHS_PARAM,71,0.01,352,1,36.7308,384677136,0.783089,1,optk,dynamic
BIHS_PARAM,71,0.01,352,1,36.7693,384677136,0.783089,1,rootk,dynamic
BIHS_PARAM,71,0.1,3524,1,36.2338,300364665,0.141573,1,k1,dynamic
BIHS_PARAM,71,0.1,3524,5,34.7069,300364665,0.0433641,1,optk,dynamic
BIHS_PARAM,71,0.1,3524,2,34.6722,300364665,0.0692229,1,rootk,dynamic
BIHS_PARAM,71,0.5,17622,1,36.3169,300364665,0.0300659,1,k1,dynamic
BIHS_PARAM,71,0.5,17622,23,35.448,300364665,1.46281e-07,1,optk,dynamic
BIHS_PARAM,71,0.5,17622,5,34.7832,300364665,5.68418e-05,1,rootk,dynamic
BIHS_PARAM,72,0.001,5,1,3.41028,26454126,1,1,k1,dynamic
BIHS_PARAM,72,0.001,5,1,3.38605,26454126,1,1,optk,dynamic
BIHS_PARAM,72,0.001,5,1,3.33583,26454126,1,1,rootk,dynamic
BIHS_PARAM,72,0.01,54,1,4.52283,24564447,0.834062,1,k1,dynamic
BIHS_PARAM,72,0.01,54,1,4.61967,24564447,0.834062,1,optk,dynamic
BIHS_PARAM,72,0.01,54,1,4.60829,24564447,0.834062,1,rootk,dynamic
BIHS_PARAM,72,0.1,536,1,4.44345,24564447,0.165527,1,k1,dynamic
BIHS_PARAM,72,0.1,536,4,4.42905,24564447,0.0704006,1,optk,dynamic
BIHS_PARAM,72,0.1,536,2,4.39155,24564447,0.0922061,1,rootk,dynamic
BIHS_PARAM,72,0.5,2681,1,4.45452,24564447,0.0355309,1,k1,dynamic
BIHS_PARAM,72,0.5,2681,19,4.51108,24564447,1.70802e-06,1,optk,dynamic
BIHS_PARAM,72,0.5,2681,4,4.47296,24564447,0.000329468,1,rootk,dynamic
BIHS_PARAM,73,0.001,37,1,40.4425,406089432,1,1,k1,dynamic
BIHS_PARAM,73,0.001,37,1,40.4491,406089432,1,1,optk,dynamic
BIHS_PARAM,73,0.001,37,1,40.4514,406089432,1,1,rootk,dynamic
BIHS_PARAM,73,0.01,367,1,40.2278,406089432,0.784359,1,k1,dynamic
BIHS_PARAM,73,0.01,367,1,40.2196,406089432,0.784359,1,optk,dynamic
BIHS_PARAM,73,0.01,367,1,40.2368,406089432,0.784359,1,rootk,dynamic
BIHS_PARAM,73,0.1,3671,1,40.4447,320766909,0.142189,1,k1,dynamic
BIHS_PARAM,73,0.1,3671,5,38.75,320766909,0.0440476,1,optk,dynamic
BIHS_PARAM,73,0.1,3671,2,38.6179,320766909,0.0697811,1,rootk,dynamic
BIHS_PARAM,73,0.5,18357,1,40.4672,320766909,0.0302055,1,k1,dynamic
BIHS_PARAM,73,0.5,18357,23,39.8598,320766909,1.576e-07,1,optk,dynamic
BIHS_PARAM,73,0.5,18357,5,38.7934,320766909,5.80923e-05,1,rootk,dynamic
BIHS_PARAM,74,0.001,6,1,11.6749,77704596,0.999999,1,k1,dynamic
BIHS_PARAM,74,0.001,6,1,11.7493,77704596,0.999999,1,optk,dynamic
BIHS_PARAM,74,0.001,6,1,11.5984,77704596,0.999999,1,rootk,dynamic
BIHS_PARAM,74,0.01,58,1,11.3017,75264549,0.76297,1,k1,dynamic
BIHS_PARAM,74,0.01,58,1,11.2684,75264549,0.76297,1,optk,dynamic
BIHS_PARAM,74,0.01,58,1,11.3432,75264549,0.76297,1,rootk,dynamic
BIHS_PARAM,74,0.1,577,1,7.51522,49063386,0.134723,1,k1,dynamic
BIHS_PARAM,74,0.1,577,5,7.13876,49063386,0.0362136,1,optk,dynamic
BIHS_PARAM,74,0.1,577,2,7.12121,49063386,0.0631492,1,rootk,dynamic
BIHS_PARAM,74,0.5,2885,1,7.53197,49063386,0.0285262,1,k1,dynamic
BIHS_PARAM,74,0.5,2885,24,7.24459,49063386,6.16939e-08,1,optk,dynamic
BIHS_PARAM,74,0.5,2885,5,7.25097,49063386,4.43816e-05,1,rootk,dynamic
BIHS_PARAM,75,0.001,34,1,69.9529,453941175,1,1,k1,dynamic
BIHS_PARAM,75,0.001,34,1,70.1724,453941175,1,1,optk,dynamic
BIHS_PARAM,75,0.001,34,1,70.6984,453941175,1,1,rootk,dynamic
BIHS_PARAM,75,0.01,340,1,36.4024,373642488,0.784099,1,k1,dynamic
BIHS_PARAM,75,0.01,340,1,36.5887,373642488,0.784099,1,optk,dynamic
BIHS_PARAM,75,0.01,340,1,36.5864,373642488,0.784099,1,rootk,dynamic
BIHS_PARAM,75,0.1,3405,1,36.343,293343801,0.141929,1,k1,dynamic
BIHS_PARAM,75,0.1,3405,5,34.4591,293343801,0.0437581,1,optk,dynamic
BIHS_PARAM,75,0.1,3405,2,34.4848,293343801,0.0695451,1,rootk,dynamic
BIHS_PARAM,75,0.5,17024,1,36.0675,293343801,0.0301516,1,k1,dynamic
BIHS_PARAM,75,0.5,17024,23,35.5712,293343801,1.53135e-07,1,optk,dynamic
BIHS_PARAM,75,0.5,17024,5,34.7041,293343801,5.76067e-05,1,rootk,dynamic
BIHS_PARAM,76,0.001,1,1,0.641105,4325823,0.999991,1,k1,dynamic
BIHS_PARAM,76,0.001,1,1,0.640496,4325823,0.999991,1,optk,dynamic
BIHS_PARAM,76,0.001,1,1,0.64263,4325823,0.999991,1,rootk,dynamic
BIHS_PARAM,76,0.01,5,1,0.642852,4325823,0.902164,1,k1,dynamic
BIHS_PARAM,76,0.01,5,1,0.61416,4325823,0.902164,1,optk,dynamic
BIHS_PARAM,76,0.01,5,1,0.612095,4325823,0.902164,1,rootk,dynamic
BIHS_PARAM,76,0.1,53,1,0.654126,3680520,0.19691,1,k1,dynamic
BIHS_PARAM,76,0.1,53,3,0.652123,3680520,0.112012,1,optk,dynamic
BIHS_PARAM,76,0.1,53,2,0.649346,3680520,0.126058,1,rootk,dynamic
BIHS_PARAM,76,0.5,266,1,0.641055,3680520,0.0427521,1,k1,dynamic
BIHS_PARAM,76,0.5,266,16,0.645466,3680520,1.67706e-05,1,optk,dynamic
BIHS_PARAM,76,0.5,266,4,0.650746,3680520,0.000661134,1,rootk,dynamic
BIHS_PARAM,77,0.001,1,1,1.18047,5588454,0.999063,1,k1,dynamic
BIHS_PARAM,77,0.001,1,1,1.18542,5588454,0.999063,1,optk,dynamic
BIHS_PARAM,77,0.001,1,1,1.20589,5588454,0.999063,1,rootk,dynamic
BIHS_PARAM,77,0.01,5,1,0.55759,3222312,0.752057,1,k1,dynamic
BIHS_PARAM,77,0.01,5,1,0.580998,3222312,0.752057,1,optk,dynamic
BIHS_PARAM,77,0.01,5,1,0.581102,3222312,0.752057,1,rootk,dynamic
BIHS_PARAM,77,0.1,45,1,0.557561,3222312,0.143543,1,k1,dynamic
BIHS_PARAM,77,0.1,45,4,0.558186,3222312,0.0455384,1,optk,dynamic
BIHS_PARAM,77,0.1,45,2,0.558569,3222312,0.0710119,1,rootk,dynamic
BIHS_PARAM,77,0.5,226,1,0.564697,3222312,0.0303819,1,k1,dynamic
BIHS_PARAM,77,0.5,226,22,0.561227,3222312,1.72954e-07,1,optk,dynamic
BIHS_PARAM,77,0.5,226,5,0.558996,3222312,5.97034e-05,1,rootk,dynamic
BIHS_PARAM,78,0.001,7,1,15.1077,101953938,1,1,k1,dynamic
BIHS_PARAM,78,0.001,7,1,15.1945,101953938,1,1,optk,dynamic
BIHS_PARAM,78,0.001,7,1,15.3316,101953938,1,1,rootk,dynamic
BIHS_PARAM,78,0.01,68,1,14.5291,101953938,0.788567,1,k1,dynamic
BIHS_PARAM,78,0.01,68,1,14.3673,101953938,0.788567,1,optk,dynamic
BIHS_PARAM,78,0.01,68,1,14.564,101953938,0.788567,1,rootk,dynamic
BIHS_PARAM,78,0.1,684,1,11.1752,70277931,0.143136,1,k1,dynamic
BIHS_PARAM,78,0.1,684,4,10.9358,70277931,0.0451366,1,optk,dynamic
BIHS_PARAM,78,0.1,684,2,10.8404,70277931,0.0706412,1,rootk,dynamic
BIHS_PARAM,78,0.5,3422,1,11.2266,70277931,0.0304053,1,k1,dynamic
BIHS_PARAM,78,0.5,3422,22,11.005,70277931,1.75047e-07,1,optk,dynamic
BIHS_PARAM,78,0.5,3422,5,10.6498,70277931,5.99198e-05,1,rootk,dynamic
BIHS_PARAM,79,0.001,10,1,15.0341,76366869,1,1,k1,dynamic
BIHS_PARAM,79,0.001,10,1,14.716,76366869,1,1,optk,dynamic
BIHS_PARAM,79,0.001,10,1,15.0985,76366869,1,1,rootk,dynamic
BIHS_PARAM,79,0.01,99,1,14.6591,76366869,0.894055,1,k1,dynamic
BIHS_PARAM,79,0.01,99,1,14.7656,76366869,0.894055,1,optk,dynamic
BIHS_PARAM,79,0.01,99,1,14.6954,76366869,0.894055,1,rootk,dynamic
BIHS_PARAM,79,0.1,987,1,14.6156,76366869,0.201616,1,k1,dynamic
BIHS_PARAM,79,0.1,987,3,14.7067,76366869,0.118441,1,optk,dynamic
BIHS_PARAM,79,0.1,987,2,14.8378,76366869,0.131466,1,rootk,dynamic
BIHS_PARAM,79,0.5,4937,1,14.5646,76366869,0.0440167,1,k1,dynamic
BIHS_PARAM,79,0.5,4937,15,14.5446,76366869,2.32088e-05,1,optk,dynamic
BIHS_PARAM,79,0.5,4937,4,14.7817,76366869,0.000737246,1,rootk,dynamic
BIHS_PARAM,80,0.001,5,1,5.95114,49379721,0.999998,1,k1,dynamic
BIHS_PARAM,80,0.001,5,1,5.95385,49379721,0.999998,1,optk,dynamic
BIHS_PARAM,80,0.001,5,1,5.95774,49379721,0.999998,1,rootk,dynamic
BIHS_PARAM,80,0.01,46,1,5.94999,49379721,0.761906,1,k1,dynamic
BIHS_PARAM,80,0.01,46,1,5.95302,49379721,0.761906,1,optk,dynamic
BIHS_PARAM,80,0.01,46,1,5.95176,49379721,0.761906,1,rootk,dynamic
BIHS_PARAM,80,0.1,461,1,5.00432,35838066,0.133417,1,k1,dynamic
BIHS_PARAM,80,0.1,461,5,4.78372,35838066,0.0349415,1,optk,dynamic
BIHS_PARAM,80,0.1,461,2,4.77693,35838066,0.0620182,1,rootk,dynamic
BIHS_PARAM,80,0.5,2306,1,4.78486,35838066,0.0282213,1,k1,dynamic
BIHS_PARAM,80,0.5,2306,24,4.8287,35838066,5.14459e-08,1,optk,dynamic
BIHS_PARAM,80,0.5,2306,5,4.7983,35838066,4.21876e-05,1,rootk,dynamic
BIHS_PARAM,81,0.001,1,1,0.579589,5465727,1,1,k1,dynamic
BIHS_PARAM,81,0.001,1,1,0.580529,5465727,1,1,optk,dynamic
BIHS_PARAM,81,0.001,1,1,0.579986,5465727,1,1,rootk,dynamic
BIHS_PARAM,81,0.01,6,1,0.643868,4646184,0.96934,1,k1,dynamic
BIHS_PARAM,81,0.01,6,1,0.643916,4646184,0.96934,1,optk,dynamic
BIHS_PARAM,81,0.01,6,1,0.643891,4646184,0.96934,1,rootk,dynamic
BIHS_PARAM,81,0.1,64,1,0.643644,4646184,0.278699,1,k1,dynamic
BIHS_PARAM,81,0.1,64,2,0.648615,4646184,0.230135,1,optk,dynamic
BIHS_PARAM,81,0.1,64,1,0.644802,4646184,0.278699,1,rootk,dynamic
BIHS_PARAM,81,0.5,319,1,0.648337,4646184,0.0634426,1,k1,dynamic
BIHS_PARAM,81,0.5,319,11,0.647046,4646184,0.000657772,1,optk,dynamic
BIHS_PARAM,81,0.5,319,3,0.644099,4646184,0.00568821,1,rootk,dynamic
BIHS_PARAM,82,0.001,33,1,148.435,697908684,1,1,k1,dynamic
BIHS_PARAM,82,0.001,33,1,149.62,709291059,1,1,optk,dynamic
BIHS_PARAM,82,0.001,33,1,148.588,697908684,1,1,rootk,dynamic
BIHS_PARAM,82,0.01,333,1,39.044,377880768,0.783943,1,k1,dynamic
BIHS_PARAM,82,0.01,333,1,39.0147,377880768,0.783943,1,optk,dynamic
BIHS_PARAM,82,0.01,333,1,39.0168,377880768,0.783943,1,rootk,dynamic
BIHS_PARAM,82,0.1,3334,1,38.8784,297873789,0.141903,1,k1,dynamic
BIHS_PARAM,82,0.1,3334,5,37.2848,297873789,0.0437289,1,optk,dynamic
BIHS_PARAM,82,0.1,3334,2,37.1378,297873789,0.0695212,1,rootk,dynamic
BIHS_PARAM,82,0.5,16672,1,38.9551,297873789,0.0301403,1,k1,dynamic
BIHS_PARAM,82,0.5,16672,23,38.3544,297873789,1.52216e-07,1,optk,dynamic
BIHS_PARAM,82,0.5,16672,5,37.346,297873789,5.75055e-05,1,rootk,dynamic
BIHS_PARAM,83,0.001,1,1,0.760183,6529887,0.999897,1,k1,dynamic
BIHS_PARAM,83,0.001,1,1,0.764761,6529887,0.999897,1,optk,dynamic
BIHS_PARAM,83,0.001,1,1,0.76394,6529887,0.999897,1,rootk,dynamic
BIHS_PARAM,83,0.01,6,1,0.730347,6529887,0.783321,1,k1,dynamic
BIHS_PARAM,83,0.01,6,1,0.756916,6529887,0.783321,1,optk,dynamic
BIHS_PARAM,83,0.01,6,1,0.757188,6529887,0.783321,1,rootk,dynamic
BIHS_PARAM,83,0.1,59,1,0.556531,4581348,0.144035,1,k1,dynamic
BIHS_PARAM,83,0.1,59,4,0.557064,4581348,0.0460279,1,optk,dynamic
BIHS_PARAM,83,0.1,59,2,0.556528,4581348,0.0714621,1,rootk,dynamic
BIHS_PARAM,83,0.5,293,1,0.564046,4581348,0.0308322,1,k1,dynamic
BIHS_PARAM,83,0.5,293,22,0.561602,4581348,2.17473e-07,1,optk,dynamic
BIHS_PARAM,83,0.5,293,5,0.557576,4581348,6.39721e-05,1,rootk,dynamic
BIHS_PARAM,84,0.001,4,1,3.44619,29352417,1,1,k1,dynamic
BIHS_PARAM,84,0.001,4,1,3.44841,29352417,1,1,optk,dynamic
BIHS_PARAM,84,0.001,4,1,3.44723,29352417,1,1,rootk,dynamic
BIHS_PARAM,84,0.01,44,1,4.18983,27453270,0.869951,1,k1,dynamic
BIHS_PARAM,84,0.01,44,1,4.20083,27453270,0.869951,1,optk,dynamic
BIHS_PARAM,84,0.01,44,1,4.20161,27453270,0.869951,1,rootk,dynamic
BIHS_PARAM,84,0.1,445,1,4.04064,27453270,0.182654,1,k1,dynamic
BIHS_PARAM,84,0.1,445,3,4.04205,27453270,0.0935566,1,optk,dynamic
BIHS_PARAM,84,0.1,445,2,4.04018,27453270,0.110187,1,rootk,dynamic
BIHS_PARAM,84,0.5,2223,1,4.04541,27453270,0.0395705,1,k1,dynamic
BIHS_PARAM,84,0.5,2223,17,4.07999,27453270,6.79387e-06,1,optk,dynamic
BIHS_PARAM,84,0.5,2223,4,4.05058,27453270,0.000494641,1,rootk,dynamic
BIHS_PARAM,85,0.001,8,1,10.2376,57646149,1,1,k1,dynamic
BIHS_PARAM,85,0.001,8,1,10.375,57646149,1,1,optk,dynamic
BIHS_PARAM,85,0.001,8,1,10.2066,57646149,1,1,rootk,dynamic
BIHS_PARAM,85,0.01,76,1,10.5102,55409646,0.890362,1,k1,dynamic
BIHS_PARAM,85,0.01,76,1,10.3674,55409646,0.890362,1,optk,dynamic
BIHS_PARAM,85,0.01,76,1,10.4601,55409646,0.890362,1,rootk,dynamic
BIHS_PARAM,85,0.1,759,1,10.5336,55409646,0.198563,1,k1,dynamic
BIHS_PARAM,85,0.1,759,3,10.2599,55409646,0.114251,1,optk,dynamic
BIHS_PARAM,85,0.1,759,2,10.2923,55409646,0.127948,1,rootk,dynamic
BIHS_PARAM,85,0.5,3796,1,10.0383,55409646,0.043293,1,k1,dynamic
BIHS_PARAM,85,0.5,3796,16,10.3382,55409646,1.93237e-05,1,optk,dynamic
BIHS_PARAM,85,0.5,3796,4,10.3103,55409646,0.000692963,1,rootk,dynamic
BIHS_PARAM,86,0.001,3,1,2.1988,19602576,1,1,k1,dynamic
BIHS_PARAM,86,0.001,3,1,2.14045,19155273,1,1,optk,dynamic
BIHS_PARAM,86,0.001,3,1,2.14105,19155273,1,1,rootk,dynamic
BIHS_PARAM,86,0.01,30,1,2.11642,19155273,0.789666,1,k1,dynamic
BIHS_PARAM,86,0.01,30,1,2.11545,19155273,0.789666,1,optk,dynamic
BIHS_PARAM,86,0.01,30,1,2.11543,19155273,0.789666,1,rootk,dynamic
BIHS_PARAM,86,0.1,300,1,2.58853,17595030,0.14436,1,k1,dynamic
BIHS_PARAM,86,0.1,300,4,2.59297,17595030,0.0463528,1,optk,dynamic
BIHS_PARAM,86,0.1,300,2,2.59103,17595030,0.07176,1,rootk,dynamic
BIHS_PARAM,86,0.5,1499,1,2.59998,17595030,0.0307202,1,k1,dynamic
BIHS_PARAM,86,0.5,1499,22,2.61537,17595030,2.05519e-07,1,optk,dynamic
BIHS_PARAM,86,0.5,1499,5,2.59387,17595030,6.28891e-05,1,rootk,dynamic
BIHS_PARAM,87,0.001,604,1,662.302,7049050494,1,1,k1,dynamic
BIHS_PARAM,87,0.001,604,1,661.838,7049050494,1,1,optk,dynamic
BIHS_PARAM,87,0.001,604,1,661.794,7049050494,1,1,rootk,dynamic
BIHS_PARAM,87,0.01,6042,1,1067.55,6993020955,0.827215,1,k1,dynamic
BIHS_PARAM,87,0.01,6042,1,1058.56,6993020955,0.827215,1,optk,dynamic
BIHS_PARAM,87,0.01,6042,1,1051.1,6993020955,0.827215,1,rootk,dynamic
BIHS_PARAM,87,0.1,60422,1,1060.86,6993020955,0.161017,1,k1,dynamic
BIHS_PARAM,87,0.1,60422,4,1036.87,6993020955,0.0647989,1,optk,dynamic
BIHS_PARAM,87,0.1,60422,2,1064.19,6993020955,0.0876798,1,rootk,dynamic
BIHS_PARAM,87,0.5,302109,1,1050.55,6993020955,0.0345038,1,k1,dynamic
BIHS_PARAM,87,0.5,302109,20,1031.52,6993020955,1.14251e-06,1,optk,dynamic
BIHS_PARAM,87,0.5,302109,4,1021.71,6993020955,0.000294815,1,rootk,dynamic
BIHS_PARAM,88,0.001,34,1,149.227,633447621,1,1,k1,dynamic
BIHS_PARAM,88,0.001,34,1,146.78,633447621,1,1,optk,dynamic
BIHS_PARAM,88,0.001,34,1,149.556,645208752,1,1,rootk,dynamic
BIHS_PARAM,88,0.01,342,1,45.5535,390954024,0.783085,1,k1,dynamic
BIHS_PARAM,88,0.01,342,1,44.1951,390954024,0.783085,1,optk,dynamic
BIHS_PARAM,88,0.01,342,1,44.2047,390954024,0.783085,1,rootk,dynamic
BIHS_PARAM,88,0.1,3422,1,43.5513,310122825,0.141643,1,k1,dynamic
BIHS_PARAM,88,0.1,3422,5,41.809,310122825,0.0434423,1,optk,dynamic
BIHS_PARAM,88,0.1,3422,2,41.8377,310122825,0.0692869,1,rootk,dynamic
BIHS_PARAM,88,0.5,17109,1,43.8503,310122825,0.030087,1,k1,dynamic
BIHS_PARAM,88,0.5,17109,23,42.9658,310122825,1.47944e-07,1,optk,dynamic
BIHS_PARAM,88,0.5,17109,5,41.9703,310122825,5.70296e-05,1,rootk,dynamic
BIHS_PARAM,89,0.001,5,1,9.43804,59412522,1,1,k1,dynamic
BIHS_PARAM,89,0.001,5,1,9.36691,59412522,1,1,optk,dynamic
BIHS_PARAM,89,0.001,5,1,9.3299,59412522,1,1,rootk,dynamic
BIHS_PARAM,89,0.01,51,1,9.31125,59412522,0.793326,1,k1,dynamic
BIHS_PARAM,89,0.01,51,1,9.19019,59412522,0.793326,1,optk,dynamic
BIHS_PARAM,89,0.01,51,1,9.31834,59412522,0.793326,1,rootk,dynamic
BIHS_PARAM,89,0.1,508,1,7.0853,43693623,0.146391,1,k1,dynamic
BIHS_PARAM,89,0.1,508,4,6.84565,43693623,0.0484123,1,optk,dynamic
BIHS_PARAM,89,0.1,508,2,6.83078,43693623,0.0736317,1,rootk,dynamic
BIHS_PARAM,89,0.5,2539,1,6.82897,43693623,0.0311727,1,k1,dynamic
BIHS_PARAM,89,0.5,2539,22,6.93377,43693623,2.57814e-07,1,optk,dynamic
BIHS_PARAM,89,0.5,2539,5,6.82076,43693623,6.73535e-05,1,rootk,dynamic
BIHS_PARAM,90,0.001,9,1,22.499,144069150,1,1,k1,dynamic
BIHS_PARAM,90,0.001,9,1,22.5052,144069150,1,1,optk,dynamic
BIHS_PARAM,90,0.001,9,1,22.6136,144069150,1,1,rootk,dynamic
BIHS_PARAM,90,0.01,91,1,21.7825,144069150,0.776858,1,k1,dynamic
BIHS_PARAM,90,0.01,91,1,21.922,144069150,0.776858,1,optk,dynamic
BIHS_PARAM,90,0.01,91,1,21.7127,144069150,0.776858,1,rootk,dynamic
BIHS_PARAM,90,0.1,914,1,14.07,89302779,0.138722,1,k1,dynamic
BIHS_PARAM,90,0.1,914,5,13.2672,89302779,0.0402909,1,optk,dynamic
BIHS_PARAM,90,0.1,914,2,13.4011,89302779,0.0666674,1,rootk,dynamic
BIHS_PARAM,90,0.5,4572,1,13.9897,89302779,0.0294133,1,k1,dynamic
BIHS_PARAM,90,0.5,4572,23,13.4519,89302779,1.02573e-07,1,optk,dynamic
BIHS_PARAM,90,0.5,4572,5,13.3625,89302779,5.12681e-05,1,rootk,dynamic
BIHS_PARAM,91,0.001,1,1,0.902757,8576232,0.999974,1,k1,dynamic
BIHS_PARAM,91,0.001,1,1,0.930979,8576232,0.999974,1,optk,dynamic
BIHS_PARAM,91,0.001,1,1,0.930951,8576232,0.999974,1,rootk,dynamic
BIHS_PARAM,91,0.01,6,1,0.904353,8576232,0.828286,1,k1,dynamic
BIHS_PARAM,91,0.01,6,1,0.90544,8576232,0.828286,1,optk,dynamic
BIHS_PARAM,91,0.01,6,1,0.904747,8576232,0.828286,1,rootk,dynamic
BIHS_PARAM,91,0.1,60,1,0.70572,5967165,0.161543,1,k1,dynamic
BIHS_PARAM,91,0.1,60,4,0.706708,5967165,0.0654391,1,optk,dynamic
BIHS_PARAM,91,0.1,60,2,0.71152,5967165,0.0882032,1,rootk,dynamic
BIHS_PARAM,91,0.5,300,1,0.711459,5967165,0.0346248,1,k1,dynamic
BIHS_PARAM,91,0.5,300,20,0.708734,5967165,1.20001e-06,1,optk,dynamic
BIHS_PARAM,91,0.5,300,4,0.706717,5967165,0.000298754,1,rootk,dynamic
BIHS_PARAM,92,0.001,4,1,4.56543,44196654,1,1,k1,dynamic
BIHS_PARAM,92,0.001,4,1,4.566,44196654,1,1,optk,dynamic
BIHS_PARAM,92,0.001,4,1,4.56534,44196654,1,1,rootk,dynamic
BIHS_PARAM,92,0.01,37,1,4.56387,44196654,0.794523,1,k1,dynamic
BIHS_PARAM,92,0.01,37,1,4.56653,44196654,0.794523,1,optk,dynamic
BIHS_PARAM,92,0.01,37,1,4.56214,44196654,0.794523,1,rootk,dynamic
BIHS_PARAM,92,0.1,372,1,3.66715,31814379,0.14563,1,k1,dynamic
BIHS_PARAM,92,0.1,372,4,3.66569,31814379,0.0476348,1,optk,dynamic
BIHS_PARAM,92,0.1,372,2,3.66572,31814379,0.0729283,1,rootk,dynamic
BIHS_PARAM,92,0.5,1860,1,3.84312,31814379,0.030988,1,k1,dynamic
BIHS_PARAM,92,0.5,1860,22,3.70747,31814379,2.35158e-07,1,optk,dynamic
BIHS_PARAM,92,0.5,1860,5,3.6804,31814379,6.55027e-05,1,rootk,dynamic
BIHS_PARAM,93,0.001,43,1,65.7016,481976931,1,1,k1,dynamic
BIHS_PARAM,93,0.001,43,1,65.8736,481976931,1,1,optk,dynamic
BIHS_PARAM,93,0.001,43,1,65.6594,481976931,1,1,rootk,dynamic
BIHS_PARAM,93,0.01,430,1,64.0354,468349560,0.768754,1,k1,dynamic
BIHS_PARAM,93,0.01,430,1,64.0562,468349560,0.768754,1,optk,dynamic
BIHS_PARAM,93,0.01,430,1,64.2804,468349560,0.768754,1,rootk,dynamic
BIHS_PARAM,93,0.1,4300,1,68.8662,383928981,0.136212,1,k1,dynamic
BIHS_PARAM,93,0.1,4300,5,65.7726,383928981,0.0376997,1,optk,dynamic
BIHS_PARAM,93,0.1,4300,2,65.3987,383928981,0.0644498,1,rootk,dynamic
BIHS_PARAM,93,0.5,21498,1,68.8647,383928981,0.0288635,1,k1,dynamic
BIHS_PARAM,93,0.5,21498,24,67.9314,383928981,7.51842e-08,1,optk,dynamic
BIHS_PARAM,93,0.5,21498,5,65.7555,383928981,4.69092e-05,1,rootk,dynamic
BIHS_PARAM,94,0.001,3,1,3.46594,28248114,0.999999,1,k1,dynamic
BIHS_PARAM,94,0.001,3,1,3.45671,28248114,0.999999,1,optk,dynamic
BIHS_PARAM,94,0.001,3,1,3.45352,28248114,0.999999,1,rootk,dynamic
BIHS_PARAM,94,0.01,27,1,3.45725,28248114,0.779952,1,k1,dynamic
BIHS_PARAM,94,0.01,27,1,3.45463,28248114,0.779952,1,optk,dynamic
BIHS_PARAM,94,0.01,27,1,3.4583,28248114,0.779952,1,rootk,dynamic
BIHS_PARAM,94,0.1,270,1,2.69069,19544427,0.140489,1,k1,dynamic
BIHS_PARAM,94,0.1,270,5,2.56351,19544427,0.0421789,1,optk,dynamic
BIHS_PARAM,94,0.1,270,2,2.55881,19544427,0.0682464,1,rootk,dynamic
BIHS_PARAM,94,0.5,1348,1,2.57382,19544427,0.029868,1,k1,dynamic
BIHS_PARAM,94,0.5,1348,23,2.58763,19544427,1.31502e-07,1,optk,dynamic
BIHS_PARAM,94,0.5,1348,5,2.57055,19544427,5.51044e-05,1,rootk,dynamic
BIHS_PARAM,95,0.001,4,1,4.76308,42621042,0.999999,1,k1,dynamic
BIHS_PARAM,95,0.001,4,1,4.75536,42621042,0.999999,1,optk,dynamic
BIHS_PARAM,95,0.001,4,1,4.76226,42621042,0.999999,1,rootk,dynamic
BIHS_PARAM,95,0.01,37,1,4.76448,42621042,0.783226,1,k1,dynamic
BIHS_PARAM,95,0.01,37,1,4.76426,42621042,0.783226,1,optk,dynamic
BIHS_PARAM,95,0.01,37,1,4.76438,42621042,0.783226,1,rootk,dynamic
BIHS_PARAM,95,0.1,366,1,3.84341,30335499,0.143209,1,k1,dynamic
BIHS_PARAM,95,0.1,366,4,3.67891,30335499,0.0452081,1,optk,dynamic
BIHS_PARAM,95,0.1,366,2,3.67189,30335499,0.0707072,1,rootk,dynamic
BIHS_PARAM,95,0.5,1830,1,3.68669,30335499,0.0304392,1,k1,dynamic
BIHS_PARAM,95,0.5,1830,22,3.71049,30335499,1.78119e-07,1,optk,dynamic
BIHS_PARAM,95,0.5,1830,5,3.69017,30335499,6.02343e-05,1,rootk,dynamic
BIHS_PARAM,96,0.001,6,1,6.7265,58218945,0.999999,1,k1,dynamic
BIHS_PARAM,96,0.001,6,1,6.8592,59946732,0.999999,1,optk,dynamic
BIHS_PARAM,96,0.001,6,1,6.87772,59946732,0.999999,1,rootk,dynamic
BIHS_PARAM,96,0.01,56,1,6.7034,58218945,0.764573,1,k1,dynamic
BIHS_PARAM,96,0.01,56,1,6.70292,58218945,0.764573,1,optk,dynamic
BIHS_PARAM,96,0.01,56,1,6.70476,58218945,0.764573,1,rootk,dynamic
BIHS_PARAM,96,0.1,563,1,5.68928,42677130,0.133995,1,k1,dynamic
BIHS_PARAM,96,0.1,563,5,5.44409,42677130,0.0355009,1,optk,dynamic
BIHS_PARAM,96,0.1,563,2,5.43583,42677130,0.0625176,1,rootk,dynamic
BIHS_PARAM,96,0.5,2815,1,5.70426,42677130,0.0283629,1,k1,dynamic
BIHS_PARAM,96,0.5,2815,24,5.5223,42677130,5.59933e-08,1,optk,dynamic
BIHS_PARAM,96,0.5,2815,5,5.47332,42677130,4.31958e-05,1,rootk,dynamic
BIHS_PARAM,97,0.001,8,1,12.9239,115516941,1,1,k1,dynamic
BIHS_PARAM,97,0.001,8,1,12.9519,115516941,1,1,optk,dynamic
BIHS_PARAM,97,0.001,8,1,12.9322,115516941,1,1,rootk,dynamic
BIHS_PARAM,97,0.01,77,1,12.851,115516941,0.78012,1,k1,dynamic
BIHS_PARAM,97,0.01,77,1,12.845,115516941,0.78012,1,optk,dynamic
BIHS_PARAM,97,0.01,77,1,12.8529,115516941,0.78012,1,rootk,dynamic
BIHS_PARAM,97,0.1,773,1,10.2537,82404570,0.140049,1,k1,dynamic
BIHS_PARAM,97,0.1,773,5,9.84217,82404570,0.0417036,1,optk,dynamic
BIHS_PARAM,97,0.1,773,2,9.83705,82404570,0.0678517,1,rootk,dynamic
BIHS_PARAM,97,0.5,3866,1,10.2684,82404570,0.0297176,1,k1,dynamic
BIHS_PARAM,97,0.5,3866,23,9.98101,82404570,1.21194e-07,1,optk,dynamic
BIHS_PARAM,97,0.5,3866,5,9.87868,82404570,5.38113e-05,1,rootk,dynamic
BIHS_PARAM,98,0.001,70,1,104.429,902739711,1,1,k1,dynamic
BIHS_PARAM,98,0.001,70,1,104.426,902739711,1,1,optk,dynamic
BIHS_PARAM,98,0.001,70,1,104.438,902739711,1,1,rootk,dynamic
BIHS_PARAM,98,0.01,698,1,87.1593,881711136,0.816723,1,k1,dynamic
BIHS_PARAM,98,0.01,698,1,87.5021,881711136,0.816723,1,optk,dynamic
BIHS_PARAM,98,0.01,698,1,87.1701,881711136,0.816723,1,rootk,dynamic
BIHS_PARAM,98,0.1,6985,1,102.766,755295297,0.155959,1,k1,dynamic
BIHS_PARAM,98,0.1,6985,4,98.9545,755295297,0.0588232,1,optk,dynamic
BIHS_PARAM,98,0.1,6985,2,98.7864,755295297,0.0827106,1,rootk,dynamic
BIHS_PARAM,98,0.5,34925,1,102.892,755295297,0.0333423,1,k1,dynamic
BIHS_PARAM,98,0.5,34925,20,101.177,755295297,7.04279e-07,1,optk,dynamic
BIHS_PARAM,98,0.5,34925,4,99.0814,755295297,0.000258884,1,rootk,dynamic
BIHS_PARAM,99,0.001,4,1,7.5121,40478217,1,1,k1,dynamic
BIHS_PARAM,99,0.001,4,1,7.66184,41590944,1,1,optk,dynamic
BIHS_PARAM,99,0.001,4,1,7.48192,40478217,1,1,rootk,dynamic
BIHS_PARAM,99,0.01,44,1,6.95595,40478217,0.80816,1,k1,dynamic
BIHS_PARAM,99,0.01,44,1,6.96055,40478217,0.80816,1,optk,dynamic
BIHS_PARAM,99,0.01,44,1,6.96511,40478217,0.80816,1,rootk,dynamic
BIHS_PARAM,99,0.1,442,1,7.01882,33312702,0.151565,1,k1,dynamic
BIHS_PARAM,99,0.1,442,4,7.04769,33312702,0.0538976,1,optk,dynamic
BIHS_PARAM,99,0.1,442,2,7.8024,33312702,0.0784888,1,rootk,dynamic
BIHS_PARAM,99,0.5,2210,1,7.36252,33312702,0.032338,1,k1,dynamic
BIHS_PARAM,99,0.5,2210,21,7.32449,33312702,4.49285e-07,1,optk,dynamic
BIHS_PARAM,99,0.5,2210,5,7.05224,33312702,7.99832e-05,1,rootk,dynamic
0,16,3.21814,2.09566,1.48816,5.83495,3.42843,0.422803,5.85905,0.48206,100448,74480,101988,145866,159430,224291,580487,252131,9.33541,9.42996,9.32607,9.62781,9.33488,9.32555,9.61704,9.61896,9.61524,7.51251,7.47912,7.51609,65300754,65300754,65300754,65300754,65300754,65300754,65300754,65300754,65300754,67535385,67535385,67535385,1.05719,1.0082,1.05989,0.822474,0.823352,0.783888,0.509822,0.501958,0.507834,0.604552,0.605396,0.603196,103751,103751,103751,70696,70696,70696,42514,42514,42514,54947,54947,54947,35324,35324,35324,35324,35324,35324,37820,37820,37820,45515,45515,45515,607635,607635,607635,121527,121527,121527,12152,12152,12152,1215,1215,1215
1,15,0.811337,1.14252,0.655803,2.0943,1.86385,0.490539,5.77106,0.760944,25964,40631,35501,51858,73158,277849,412453,432578,3.15602,3.15006,3.14724,3.26499,3.13971,3.1375,3.13654,3.26195,3.13555,4.55656,4.55318,4.55807,24815079,24815079,24815079,24815079,24815079,24815079,24815079,24815079,24815079,40115658,40115658,40115658,1.04503,0.99815,1.04727,0.919871,0.927007,0.911104,1.03182,1.03106,1.03027,1.0918,1.09254,1.09487,76131,76131,76131,58728,58728,58728,67909,67909,67909,87222,87222,87222,18900,18900,18900,18900,18900,18900,19058,19058,19058,19897,19897,19897,214695,214695,214695,42939,42939,42939,4293,4293,4293,429,429,429
2,13,0.018801,0.0114355,0.0117525,0.0353895,0.0157687,0.00212461,3.61121,0.0100451,506,505,866,960,947,1035,119787,4867,0.0579963,0.057943,0.0603673,0.0578651,0.0578823,0.0578783,0.0578333,0.0577471,0.0578703,0.0577436,0.057711,0.0578062,460386,460386,460386,460386,460386,460386,460386,460386,460386,460386,460386,460386,0.0182767,0.0181757,0.0182776,0.00871823,0.00874587,0.00870754,0.00382372,0.0038341,0.00388386,0.00371557,0.00370699,0.00366873,4275,4275,4275,1783,1783,1783,919,919,919,946,946,946,510,510,510,510,510,510,510,510,510,533,533,533,4454,4454,4454,890,890,890,89,89,89,8,8,8
3,15,0.161624,0.240334,0.101764,5.1702,1.77392,0.0416152,4.81931,0.069209,5751,9323,7396,109326,73258,20023,153769,33506,0.730601,0.726342,0.726374,0.72712,0.730045,0.725808,0.755774,0.726197,0.725353,0.839506,0.840557,0.83938,5371908,5371908,5371908,5371908,5371908,5371908,5371908,5371908,5371908,7049187,7049187,7049187,0.144777,0.14524,0.14542,0.0648608,0.064776,0.0649348,0.0544973,0.0545014,0.0545248,0.0562703,0.0562709,0.0561226,27214,27214,27214,13052,13052,13052,8628,8628,8628,9348,9348,9348,3980,3980,3980,3980,3980,3980,4052,4052,4052,4396,4396,4396,49171,49171,49171,9834,9834,9834,983,983,983,98,98,98
4,16,1.64717,2.3641,1.26827,3.6868,2.32067,0.335066,6.01231,0.292734,50350,81119,70817,100124,126097,166843,470920,143854,5.61585,5.62252,5.60909,5.56905,5.57733,5.58458,5.8554,5.57443,5.84977,10.5983,10.6094,10.6035,50933223,50933223,50933223,50933223,50933223,50933223,50933223,50933223,50933223,87756690,87756690,87756690,0.501181,0.501328,0.500684,0.8944,0.89447,0.895261,0.584235,0.584512,0.586714,0.710004,0.706541,0.70739,90217,90217,90217,56851,56851,56851,41458,41458,41458,54453,54453,54453,26861,26861,26861,26861,26861,26861,27613,27613,27613,30401,30401,30401,411658,411658,411658,82331,82331,82331,8233,8233,8233,823,823,823
5,16,8.75108,8.47657,6.20025,23.1443,10.6455,1.41528,7.57019,1.42463,268549,268549,346325,514712,514712,754705,1487572,754705,36.8639,36.1582,35.3172,36.8369,35.2441,35.1752,37.6532,37.6471,37.6464,37.6007,37.7546,37.7467,287631069,287631069,287631069,287631069,287631069,287631069,367595388,367595388,367595388,367595388,367595388,367595388,3.55619,3.55526,3.55074,3.08263,3.05333,2.93762,3.32608,3.40582,3.4271,3.50781,3.50849,3.50766,185262,185262,185262,162110,162110,162110,120567,120567,120567,161961,161961,161961,78387,78387,78387,78387,78387,78387,82458,82458,82458,94989,94989,94989,2119469,2119469,2119469,423893,423893,423893,42389,42389,42389,4238,4238,4238
6,14,0.0430607,0.0230027,0.0188241,0.666365,0.032346,0.0118867,3.87545,0.0238164,1410,990,1181,15362,2035,5809,121923,11288,0.120487,0.120671,0.120529,0.120421,0.12032,0.12031,0.161672,0.157468,0.157756,0.157474,0.157928,0.157575,816567,816567,816567,816567,816567,816567,1171170,1171170,1171170,1171170,1171170,1171170,0.0328885,0.0331062,0.0331585,0.0204038,0.0203424,0.0203656,0.0224633,0.0224182,0.0224984,0.0262626,0.0262892,0.0262114,5488,5488,5488,4208,4208,4208,4019,4019,4019,4700,4700,4700,625,625,625,625,625,625,625,625,625,650,650,650,8716,8716,8716,1743,1743,1743,174,174,174,17,17,17
7,15,1.59633,1.04104,0.884639,3.29156,1.90327,0.210809,5.9485,0.213291,50626,36929,52458,72428,79087,104216,379738,103734,4.18587,4.2277,4.19732,4.18897,4.20247,4.36557,4.36889,4.36442,4.36896,3.27561,3.26315,3.26246,28137738,28137738,28137738,28137738,28137738,28137738,28137738,28137738,28137738,30027597,30027597,30027597,0.527535,0.530272,0.529189,0.342859,0.342964,0.341826,0.296508,0.296011,0.296809,0.305752,0.305986,0.305895,77487,77487,77487,39569,39569,39569,29992,29992,29992,33281,33281,33281,23496,23496,23496,23496,23496,23496,24363,24363,24363,27335,27335,27335,304488,304488,304488,60897,60897,60897,6089,6089,6089,608,608,608
8,17,3.71062,4.39871,3.11942,10.8638,7.27446,0.413054,6.18964,0.750533,113610,145976,163927,223174,270050,205408,637179,403517,20.3136,19.6388,19.5455,20.2856,19.5421,19.6342,28.043,28.0619,28.0407,85.0492,85.0527,84.9647,168630183,168630183,168630183,168630183,168630183,168630183,247780470,247780470,247780470,485231331,485231331,485231331,1.87677,1.87014,1.86844,1.0062,1.00713,1.01652,0.570159,0.568868,0.570627,0.709744,0.708903,0.708873,450569,450569,450569,188435,188435,188435,89880,89880,89880,94646,94646,94646,74857,74857,74857,74857,74857,74857,75427,75427,75427,78357,78357,78357,925276,925276,925276,185055,185055,185055,18505,18505,18505,1850,1850,1850
9,17,21.6272,30.0096,17.8773,56.5005,37.4261,6.10332,8.80227,3.90606,670688,895426,835415,1293668,1320860,1652081,2687395,2020146,106.751,103.677,102.036,106.871,101.975,101.666,178.698,178.168,178.554,160.86,160.465,160.871,908644029,908644029,908644029,908644029,908644029,908644029,1745525667,1745525667,1745525667,1439938299,1439938299,1439938299,5.31137,5.42876,5.43192,5.39856,5.17757,5.39076,7.50788,7.521,7.51992,5.71441,5.64385,5.69854,222591,222591,222591,222591,222591,222591,194956,194956,194956,224569,224569,224569,115717,115717,115717,115717,115717,115717,125291,125291,125291,171836,171836,171836,5218026,5218026,5218026,1043605,1043605,1043605,104360,104360,104360,10436,10436,10436
10,16,1.52656,1.40521,1.45023,4.38686,1.7948,0.81396,6.33793,0.813269,48547,48547,72759,94278,94278,396948,620576,396948,8.07114,8.12403,8.07726,8.3619,8.02906,8.03378,10.8596,10.8857,10.9003,10.9565,10.9378,10.9462,59393079,59393079,59393079,59393079,59393079,59393079,86949822,86949822,86949822,86949822,86949822,86949822,1.668,1.66782,1.67288,1.78102,1.77887,1.78543,1.71106,1.72761,1.71185,1.80052,1.80233,1.801,102115,102115,102115,72740,72740,72740,82387,82387,82387,111849,111849,111849,25679,25679,25679,25679,25679,25679,26245,26245,26245,28391,28391,28391,397940,397940,397940,79588,79588,79588,7958,7958,7958,795,795,795
11,13,0.0488655,0.0501668,0.0397077,1.05908,0.0645185,0.0347352,3.95356,0.0317972,2190,2675,3113,34397,4832,18910,127778,16831,0.200659,0.199888,0.199225,0.199686,0.200551,0.196342,0.1943,0.190499,0.193776,0.248535,0.259585,0.259169,1505181,1505181,1505181,1505181,1505181,1505181,1505181,1505181,1505181,2368680,2368680,2368680,0.0462067,0.0476216,0.0469331,0.0617392,0.0622825,0.0606165,0.0733904,0.071428,0.0739844,0.0852689,0.0866817,0.0894721,5350,5350,5350,5508,5508,5508,6567,6567,6567,9553,9553,9553,1371,1371,1371,1371,1371,1371,1396,1396,1396,1538,1538,1538,19028,19028,19028,3805,3805,3805,380,380,380,38,38,38
12,15,1.1068,0.644595,0.997831,2.23227,2.41302,0.342999,5.18309,0.586562,46483,31127,59834,62098,122835,177527,419087,309642,3.2904,3.29223,3.29038,3.28482,3.28736,3.28604,3.29761,3.39396,3.37488,5.2915,5.29499,5.29592,24741066,24741066,24741066,24741066,24741066,24741066,24741066,24741066,24741066,28535184,28535184,28535184,1.31074,1.32795,1.30948,0.42506,0.422272,0.422812,0.405149,0.396307,0.404016,0.485567,0.489665,0.483722,84946,84946,84946,42415,42415,42415,37526,37526,37526,49252,49252,49252,21843,21843,21843,21843,21843,21843,22456,22456,22456,24732,24732,24732,255793,255793,255793,51158,51158,51158,5115,5115,5115,511,511,511
13,13,0.0134385,0.00630414,0.00607923,0.0195127,0.0112431,0.00472175,3.0122,0.00328398,504,314,518,616,855,2244,120588,1606,0.0484709,0.0484442,0.04678,0.0466287,0.0468677,0.0465861,0.0467365,0.0467861,0.0470409,0.0468605,0.046606,0.0467408,372150,372150,372150,372150,372150,372150,372150,372150,372150,372150,372150,372150,0.0156923,0.0155698,0.0153825,0.00502646,0.00524953,0.00531446,0.00748814,0.00733034,0.00749506,0.00789021,0.00748387,0.00748676,4218,4218,4218,1273,1273,1273,1371,1371,1371,1634,1634,1634,526,526,526,526,526,526,537,537,537,602,602,602,2761,2761,2761,552,552,552,55,55,55,5,5,5
14,16,1.51308,1.17857,0.910921,3.95569,1.62545,0.755426,5.51087,0.700691,61270,52121,74060,103432,108973,425769,680709,396563,7.06795,7.09854,7.0648,7.34624,7.06656,6.99922,8.74081,8.75544,8.7295,9.0668,9.03109,9.08145,61248771,61248771,61248771,61248771,61248771,61248771,83747334,83747334,83747334,83747334,83747334,83747334,1.14041,1.1366,1.13588,0.579765,0.590079,0.581013,0.98434,0.982737,0.979905,1.05049,1.05434,1.05968,98966,98966,98966,58270,58270,58270,67818,67818,67818,88330,88330,88330,27123,27123,27123,27123,27123,27123,27705,27705,27705,30310,30310,30310,428315,428315,428315,85663,85663,85663,8566,8566,8566,856,856,856
15,16,10.5775,11.0216,7.60408,27.7621,13.3921,2.45333,8.13109,1.20369,329673,341658,405623,602248,617397,949867,1701565,629740,45.5333,44.8978,43.7122,45.4877,43.5825,45.4914,43.3181,43.2516,43.2737,44.7116,44.5951,44.5727,337996692,337996692,337996692,337996692,337996692,337996692,420671955,420671955,420671955,432771378,432771378,432771378,2.48751,2.47283,2.46888,2.40735,2.40088,2.39837,2.06442,2.06955,2.06665,3.52246,3.52157,3.50862,181635,181635,181635,172501,172501,172501,103893,103893,103893,160604,160604,160604,84470,84470,84470,84470,84470,84470,89168,89168,89168,104149,104149,104149,2602912,2602912,2602912,520582,520582,520582,52058,52058,52058,5205,5205,5205
16,14,0.0899708,0.0596198,0.0594176,0.202277,0.0834638,0.0227257,4.01025,0.0195872,4222,3384,5554,6662,7378,13567,143180,10892,0.360441,0.363051,0.369026,0.361335,0.362336,0.359984,0.447033,0.457814,0.440027,0.457941,0.459415,0.459199,3309105,3309105,3309105,3309105,3309105,3309105,4668360,4668360,4668360,4668360,4668360,4668360,0.0601964,0.0608071,0.061603,0.0280784,0.0277527,0.0281421,0.0286417,0.028224,0.0282475,0.0309137,0.0307314,0.030952,21455,21455,21455,10866,10866,10866,7761,7761,7761,8152,8152,8152,3593,3593,3593,3593,3593,3593,3612,3612,3612,3717,3717,3717,29235,29235,29235,5847,5847,5847,584,584,584,58,58,58
17,15,1.02399,1.46315,0.719708,16.1606,1.99966,0.324177,5.72351,1.13224,33326,50609,48565,352830,78573,165420,386068,589605,4.65747,4.68265,4.63592,4.84368,4.64344,4.64558,6.93049,6.92858,6.91052,6.91135,6.91863,6.94012,38081943,38081943,38081943,38081943,38081943,38081943,56069310,56069310,56069310,56069310,56069310,56069310,1.55546,1.52371,1.46456,0.736618,0.733146,0.740443,0.630544,0.631809,0.621348,0.667662,0.669554,0.667182,81715,81715,81715,46255,46255,46255,42369,42369,42369,53448,53448,53448,19990,19990,19990,19990,19990,19990,20367,20367,20367,21904,21904,21904,274688,274688,274688,54937,54937,54937,5493,5493,5493,549,549,549
18,15,0.189831,0.102977,0.139779,0.379557,0.244399,0.0430881,4.14669,0.0575242,8525,5490,9738,10944,14873,22166,171688,30496,0.636987,0.633755,0.63212,0.627943,0.633585,0.628064,0.655078,0.632486,0.633752,0.652818,0.652311,0.622915,4872228,4872228,4872228,4872228,4872228,4872228,4872228,4872228,4872228,5700483,5700483,5700483,0.168198,0.166513,0.168266,0.069168,0.0664124,0.0733705,0.0500235,0.0508612,0.0507585,0.0583598,0.0587168,0.0585987,29733,29733,29733,10646,10646,10646,8793,8793,8793,10217,10217,10217,5385,5385,5385,5385,5385,5385,5507,5507,5507,6052,6052,6052,46898,46898,46898,9379,9379,9379,937,937,937,93,93,93
19,15,1.67541,2.28087,1.31322,3.81077,2.87463,0.197692,9.67639,1.2394,36211,51847,51185,71116,79451,62929,326310,393380,7.88455,7.98625,7.91401,8.27291,7.872,7.83888,12.2632,12.2806,12.2847,12.333,12.3219,12.3174,43163055,43163055,43163055,43163055,43163055,43163055,65043966,65043966,65043966,65043966,65043966,65043966,1.983,1.98531,2.00039,0.893905,0.892727,0.894817,0.381911,0.381751,0.383288,0.376946,0.376804,0.373975,79232,79232,79232,44881,44881,44881,24268,24268,24268,25288,25288,25288,20580,20580,20580,20580,20580,20580,21390,21390,21390,24301,24301,24301,296380,296380,296380,59276,59276,59276,5927,5927,5927,592,592,592
20,16,2.76388,2.33116,1.96685,6.41681,3.49593,0.458318,4.89773,0.263345,108465,91315,127576,173418,185070,295183,656921,159214,9.42505,9.52343,9.42852,9.76786,9.43634,9.39255,7.76682,7.79012,7.78316,7.75817,7.88682,7.8279,82517790,82517790,82517790,82517790,82517790,82517790,93832197,93832197,93832197,93832197,93832197,93832197,0.742316,0.73971,0.734125,0.643622,0.649271,0.646091,0.851714,0.851738,0.847144,0.882348,0.900002,0.889981,98118,98118,98118,72692,72692,72692,54491,54491,54491,67016,67016,67016,35778,35778,35778,35778,35778,35778,37741,37741,37741,45062,45062,45062,744852,744852,744852,148970,148970,148970,14897,14897,14897,1489,1489,1489
21,16,2.05078,6.41342,2.56317,5.56568,3.43849,0.976134,6.19135,0.288737,66167,207723,92667,130842,142953,512294,750101,148050,9.57383,9.62569,9.53219,9.94313,9.54226,9.51849,14.0166,14.0577,14.0343,23.2376,23.1975,23.1548,78747255,78747255,78747255,78747255,78747255,78747255,125552118,125552118,125552118,172356981,172356981,172356981,0.563029,0.563499,0.557588,0.435355,0.433981,0.430756,1.55381,1.56063,1.55626,1.87762,1.87675,1.87359,92274,92274,92274,61750,61750,61750,83278,83278,83278,125303,125303,125303,28866,28866,28866,28866,28866,28866,30112,30112,30112,34616,34616,34616,537418,537418,537418,107483,107483,107483,10748,10748,10748,1074,1074,1074
22,14,0.155797,0.12475,0.121659,0.430941,0.153948,0.0608438,4.69604,0.0735373,3063,3035,5076,5926,5988,15482,137591,18746,0.43206,0.43479,0.439073,0.432561,0.439074,0.434313,0.43395,0.43169,0.45161,0.718104,0.736773,0.713123,3158409,3158409,3158409,3158409,3158409,3158409,3158409,3158409,3158409,6084891,6084891,6084891,0.0787074,0.0779677,0.0782998,0.0388511,0.0391468,0.0385662,0.0432297,0.0428694,0.0433076,0.0450236,0.0440726,0.0436541,19693,19693,19693,10301,10301,10301,9297,9297,9297,9420,9420,9420,2856,2856,2856,2856,2856,2856,2862,2862,2862,2935,2935,2935,26209,26209,26209,5241,5241,5241,524,524,524,52,52,52
23,17,95.6382,101.326,51.9808,650.785,264.58,22.373,14.3102,4.13216,1952919,1952919,1385995,8987001,5118627,1433443,2476581,1433443,145.315,140.725,139.559,144.63,138.787,144.637,144.488,144.314,144.249,207,206.65,207.272,767492601,767492601,767492601,767492601,767492601,767492601,767492601,767492601,767492601,1048412556,1048412556,1048412556,6.55257,6.59284,6.56785,6.5137,6.5148,6.53521,25.4802,25.5156,25.5507,5.91462,5.93711,6.00706,210363,210363,210363,210363,210363,210363,282825,282825,282825,141329,141329,141329,102287,102287,102287,102287,102287,102287,102287,102287,102287,120383,120383,120383,15138284,15138284,15138284,3027656,3027656,3027656,302765,302765,302765,30276,30276,30276
24,14,0.238288,0.151126,0.133163,0.48485,0.217345,0.032709,4.61096,0.0575096,4796,3554,5578,7092,8110,8292,143308,14968,0.438801,0.443017,0.435094,0.435228,0.43644,0.437621,0.437623,0.437843,0.434404,0.430397,0.432399,0.431198,3056352,3056352,3056352,3056352,3056352,3056352,3056352,3056352,3056352,3686139,3686139,3686139,0.1124,0.111587,0.110002,0.0469552,0.047355,0.0476928,0.026102,0.0259948,0.0257318,0.0263361,0.0263561,0.0264279,21910,21910,21910,7685,7685,7685,4974,4974,4974,5257,5257,5257,3793,3793,3793,3793,3793,3793,3843,3843,3843,4116,4116,4116,30369,30369,30369,6073,6073,6073,607,607,607,60,60,60
25,16,2.56103,2.74709,1.9767,7.24571,3.26903,0.453912,5.66633,0.374766,87305,96755,125321,164306,171742,235426,575144,200285,12.0166,11.6075,11.5133,11.9832,11.4624,11.4475,15.5005,15.493,15.4976,15.9839,15.9846,15.9683,100822815,100822815,100822815,100822815,100822815,100822815,145667334,145667334,145667334,145667334,145667334,145667334,0.823448,0.822333,0.843162,0.710508,0.701902,0.704338,0.837516,0.853929,0.837043,0.913118,0.914038,0.914272,95684,95684,95684,70948,70948,70948,50027,50027,50027,67006,67006,67006,32215,32215,32215,32215,32215,32215,34397,34397,34397,42471,42471,42471,709029,709029,709029,141805,141805,141805,14180,14180,14180,1418,1418,1418
26,16,2.08152,2.12919,1.98346,5.84378,2.7426,0.739753,6.00059,1.02089,66438,73350,95173,129364,135298,405780,708259,542477,10.5138,10.1783,10.1042,10.0572,10.0724,10.0532,13.6872,13.7194,13.6955,13.7546,13.7633,13.7094,83427327,83427327,83427327,83427327,83427327,83427327,121388322,121388322,121388322,121388322,121388322,121388322,2.22876,2.22352,2.1027,1.62083,1.6011,1.62294,1.72605,1.72304,1.68237,1.8034,1.80467,1.80312,105714,105714,105714,68200,68200,68200,70397,70397,70397,102435,102435,102435,29950,29950,29950,29950,29950,29950,31066,31066,31066,36132,36132,36132,540502,540502,540502,108100,108100,108100,10810,10810,10810,1081,1081,1081
27,16,8.51599,8.54661,8.78321,22.7868,10.8952,2.11763,7.21905,1.58774,284568,284568,375741,540000,540000,861250,1437972,861250,39.2322,38.2332,37.5517,39.1615,37.424,37.3901,39.2228,39.2203,39.38,40.3789,39.3631,39.1986,306878469,306878469,306878469,306878469,306878469,306878469,387722304,387722304,387722304,399382779,387722304,387722304,3.1961,3.19578,3.21512,2.83149,2.82619,2.82174,3.93207,3.94281,3.94335,3.0582,3.05682,3.05408,179100,179100,179100,160250,160250,160250,140738,140738,140738,150467,150467,150467,75574,75574,75574,75574,75574,75574,78463,78463,78463,90733,90733,90733,2235970,2235970,2235970,447194,447194,447194,44719,44719,44719,4471,4471,4471
28,15,0.167205,0.65385,0.138727,3.43528,2.02235,0.0936616,4.61106,0.0629214,5701,21807,7930,117004,79696,48538,173481,33498,0.797677,0.804541,0.7971,0.79641,0.795741,0.801248,1.01001,1.0058,1.00667,1.69903,1.70368,1.70439,6266757,6266757,6266757,6266757,6266757,6266757,9088260,9088260,9088260,11909763,11909763,11909763,0.123843,0.123547,0.12324,0.0550861,0.0554865,0.0553706,0.098325,0.0982561,0.0982876,0.116074,0.11581,0.116191,27239,27239,27239,13464,13464,13464,15817,15817,15817,18750,18750,18750,4170,4170,4170,4170,4170,4170,4196,4196,4196,4426,4426,4426,48729,48729,48729,9745,9745,9745,974,974,974,97,97,97
29,15,0.924028,0.911957,1.13462,2.62038,1.40794,0.640496,6.16875,0.47207,30816,32861,44335,58802,61264,332453,468009,243623,4.437,4.4656,4.44361,4.43926,4.44543,4.44804,5.4368,5.41709,5.41766,5.42842,5.42556,5.41917,32437323,32437323,32437323,32437323,32437323,32437323,45603786,45603786,45603786,45603786,45603786,45603786,0.795698,0.794947,0.797188,0.849997,0.84822,0.850402,0.914137,0.91045,0.912599,0.98923,0.987925,0.9876,77013,77013,77013,64912,64912,64912,70405,70405,70405,88551,88551,88551,19864,19864,19864,19864,19864,19864,20233,20233,20233,21225,21225,21225,254806,254806,254806,50961,50961,50961,5096,5096,5096,509,509,509
30,18,50.8479,43.9628,29.8245,104.755,62.4907,12.9437,13.5912,37.2449,1574458,1240698,1493312,2424110,2597066,5118931,6390890,19012326,270.674,267.297,262.381,270.607,262.38,270.791,243.856,243.525,243.671,276.644,276.847,276.616,1883900085,1883900085,1883900085,1883900085,1883900085,1883900085,2077713324,2077713324,2077713324,2117407791,2117407791,2117407791,64.3984,64.5815,64.6448,33.1736,33.287,33.4648,12.8818,13.2226,13.0919,14.4124,14.2978,14.5386,1811020,1811020,1811020,1170001,1170001,1170001,626417,626417,626417,780819,780819,780819,513202,513202,513202,513202,513202,513202,542475,542475,542475,614509,614509,614509,9531947,9531947,9531947,1906389,1906389,1906389,190638,190638,190638,19063,19063,19063
31,14,0.0233882,0.0107725,0.0194124,0.0352241,0.0174305,0.00296308,3.85288,0.00764766,676,473,1022,934,1080,1431,120774,3713,0.072822,0.0769543,0.0728702,0.0726315,0.0728143,0.0728516,0.0728501,0.0728912,0.0727127,0.0726604,0.0728873,0.072846,578358,578358,578358,578358,578358,578358,578358,578358,578358,578358,578358,578358,0.0201612,0.0201987,0.0201238,0.00687317,0.00686794,0.00688343,0.00418222,0.00419495,0.00418265,0.00431248,0.00431465,0.00427537,5374,5374,5374,1710,1710,1710,1072,1072,1072,1125,1125,1125,577,577,577,577,577,577,578,578,578,602,602,602,4171,4171,4171,834,834,834,83,83,83,8,8,8
32,15,0.326072,0.25333,0.220903,0.746511,0.377495,0.0517395,4.81952,0.061307,10676,9815,15322,18672,18167,24669,180889,28627,1.40243,1.40896,1.40701,1.39768,1.39923,1.39771,1.39342,1.39308,1.39466,1.47739,1.47786,1.47776,9886164,9886164,9886164,9886164,9886164,9886164,12225735,12225735,12225735,12540774,12540774,12540774,0.177371,0.177164,0.176628,0.108831,0.108951,0.108744,0.0637459,0.0636107,0.0634811,0.0949032,0.0953625,0.0952439,30275,30275,30275,15421,15421,15421,8063,8063,8063,11081,11081,11081,6312,6312,6312,6312,6312,6312,6905,6905,6905,8443,8443,8443,83153,83153,83153,16630,16630,16630,1663,1663,1663,166,166,166
33,16,13.4949,10.5241,7.9833,29.1725,15.0698,2.79707,8.24675,1.5407,411290,315153,395148,609838,675342,1057176,1847736,833519,44.1515,43.1649,42.7313,44.1651,42.5823,42.3956,32.9111,33.1084,33.0972,37.6082,38.5375,38.5715,302807049,302807049,302807049,302807049,302807049,302807049,327888648,327888648,327888648,327888648,335370927,335370927,3.60083,3.60363,3.60962,4.28059,4.23213,4.2284,2.84988,2.86739,2.84897,3.04636,3.0431,3.04434,188408,188408,188408,183832,183832,183832,116211,116211,116211,150117,150117,150117,86152,86152,86152,86152,86152,86152,94151,94151,94151,114653,114653,114653,2480585,2480585,2480585,496117,496117,496117,49611,49611,49611,4961,4961,4961
34,16,0.460564,0.429607,0.34558,1.20557,0.482592,0.208658,4.5931,0.212215,16580,17253,25959,31086,31670,112354,259427,112926,2.43342,2.44467,2.43188,2.51892,2.43008,2.4264,3.23261,3.23,3.23467,3.31362,3.30552,3.30772,20041476,20041476,20041476,20041476,20041476,20041476,29292291,29292291,29292291,29292291,29292291,29292291,0.500051,0.495588,0.514573,0.278114,0.275319,0.276638,0.333788,0.333715,0.334568,0.364219,0.36352,0.364085,102414,102414,102414,55049,55049,55049,50502,50502,50502,54782,54782,54782,13057,13057,13057,13057,13057,13057,13233,13233,13233,13942,13942,13942,140457,140457,140457,28091,28091,28091,2809,2809,2809,280,280,280
35,15,0.163366,0.100681,0.0940117,0.338936,0.254907,0.110882,4.46465,0.0450482,6339,4549,7186,9018,14225,59142,172712,23736,0.568722,0.566746,0.564783,0.568461,0.56462,0.564464,0.564212,0.564374,0.564423,0.564377,0.564522,0.564242,4120620,4120620,4120620,4120620,4120620,4120620,4120620,4120620,4120620,4120620,4120620,4120620,0.127391,0.128328,0.127349,0.161428,0.161389,0.161454,0.149824,0.149749,0.149603,0.167996,0.168018,0.167841,28295,28295,28295,23938,23938,23938,23712,23712,23712,27546,27546,27546,4814,4814,4814,4814,4814,4814,4877,4877,4877,5158,5158,5158,38851,38851,38851,7770,7770,7770,777,777,777,77,77,77
36,16,2.14362,2.34096,1.77177,5.45153,2.64373,0.463751,5.65723,0.467277,73962,88638,104537,140712,152219,248361,555146,250169,11.012,10.6034,10.5573,10.9888,10.5195,10.5188,13.6257,13.6355,13.6275,15.6767,15.6308,15.6715,89734350,89734350,89734350,89734350,89734350,89734350,128013009,128013009,128013009,128013009,128013009,128013009,0.953649,0.94596,0.946447,0.963111,0.9756,0.966433,0.952952,0.951747,0.952195,1.03641,1.03768,1.03715,96316,96316,96316,73377,73377,73377,53007,53007,53007,69298,69298,69298,30717,30717,30717,30717,30717,30717,32394,32394,32394,38048,38048,38048,604357,604357,604357,120871,120871,120871,12087,12087,12087,1208,1208,1208
37,14,0.0645092,0.0591743,0.0562557,0.180034,0.0687513,0.0242335,3.69146,0.0222799,3267,3519,5455,6392,6513,13486,138107,12314,0.367462,0.366595,0.371591,0.366466,0.366362,0.372434,0.496822,0.498207,0.481915,0.482938,0.498552,0.498143,3356409,3356409,3356409,3356409,3356409,3356409,4903296,4903296,4903296,4903296,4903296,4903296,0.0521823,0.0519415,0.0518849,0.0256083,0.0253417,0.0253084,0.028735,0.0290008,0.0291368,0.0339548,0.0336549,0.0337168,19738,19738,19738,9628,9628,9628,7317,7317,7317,8046,8046,8046,2867,2867,2867,2867,2867,2867,2879,2879,2879,2992,2992,2992,28135,28135,28135,5627,5627,5627,562,562,562,56,56,56
38,15,0.69441,0.966987,0.50085,2.12579,1.30746,0.480516,4.75486,0.486634,31168,45627,44937,62146,73329,282494,439526,281181,4.17502,4.18593,4.18323,4.32685,4.15698,4.17233,5.35489,5.34069,5.34549,5.31283,5.29144,5.32528,35996427,35996427,35996427,35996427,35996427,35996427,52795614,52795614,52795614,52795614,52795614,52795614,0.662886,0.664851,0.66497,0.900069,0.903009,0.900206,0.918454,0.918081,0.925202,1.07643,1.07727,1.08131,76500,76500,76500,68963,68963,68963,65540,65540,65540,90454,90454,90454,19845,19845,19845,19845,19845,19845,20293,20293,20293,21562,21562,21562,257304,257304,257304,51460,51460,51460,5146,5146,5146,514,514,514
39,15,1.28591,0.826001,0.814366,2.68225,1.70908,0.261738,4.69149,0.196666,57213,41304,58822,80242,98421,144559,391937,109691,4.6136,4.57049,4.5817,4.56706,4.56959,4.55554,4.73024,4.71283,4.72316,3.38833,3.3866,3.39241,36080706,36080706,36080706,36080706,36080706,36080706,36080706,36080706,36080706,37972005,37972005,37972005,0.497739,0.497677,0.496051,0.652489,0.65267,0.652983,0.375951,0.377509,0.376027,0.366504,0.368823,0.368838,77512,77512,77512,53085,53085,53085,34831,34831,34831,40012,40012,40012,22902,22902,22902,22902,22902,22902,24303,24303,24303,27806,27806,27806,337274,337274,337274,67454,67454,67454,6745,6745,6745,674,674,674
40,16,13.1168,10.2631,7.83458,23.8042,15.307,3.02522,7.73756,1.47271,432091,331984,421498,622236,703237,1129619,1754983,796856,45.0121,43.715,43.2915,44.9489,43.174,43.1419,32.8932,33.0393,32.8444,39.1348,39.1731,39.1247,324270357,324270357,324270357,324270357,324270357,324270357,349346916,349346916,349346916,356879703,356879703,356879703,3.22871,3.22949,3.2445,2.83736,2.83921,2.85471,2.66798,2.68383,2.67563,2.9877,2.98639,2.98778,184880,184880,184880,174738,174738,174738,113416,113416,113416,151727,151727,151727,84839,84839,84839,84839,84839,84839,90745,90745,90745,112807,112807,112807,2599857,2599857,2599857,519971,519971,519971,51997,51997,51997,5199,5199,5199
41,16,11.2139,13.5249,8.93054,28.6872,14.9572,1.69117,6.51605,1.94998,429775,527554,520797,744466,827743,943637,1722707,1123240,57.9188,56.4083,55.6682,57.8676,55.4589,57.9652,90.4681,90.4416,90.3282,51.8387,51.7879,51.7341,483984468,483984468,483984468,483984468,483984468,483984468,922089678,922089678,922089678,585077982,585077982,585077982,2.93453,2.93566,2.92952,2.93402,2.92107,2.91194,2.62324,2.60433,2.61375,2.79903,2.81312,2.79826,192316,192316,192316,192316,192316,192316,121312,121312,121312,153316,153316,153316,98641,98641,98641,98641,98641,98641,109309,109309,109309,148489,148489,148489,3335640,3335640,3335640,667128,667128,667128,66712,66712,66712,6671,6671,6671
42,16,13.1319,13.4537,10.4335,31.4016,15.5797,2.30142,8.42928,2.28868,395218,395218,499347,708816,708816,1090513,1884525,1090513,63.4653,61.9657,60.5209,63.3618,60.4621,60.2669,99.2979,99.2022,99.1804,59.2982,59.3329,59.3033,426183945,426183945,426183945,426183945,426183945,426183945,811783227,811783227,811783227,529890051,529890051,529890051,3.45517,3.44673,3.45059,3.45625,3.4527,3.45416,2.67846,2.67669,2.67477,3.25247,3.25724,3.24908,191540,191540,191540,191540,191540,191540,115445,115445,115445,162201,162201,162201,91906,91906,91906,91906,91906,91906,102016,102016,102016,133848,133848,133848,3069885,3069885,3069885,613977,613977,613977,61397,61397,61397,6139,6139,6139
43,16,1.50077,1.39492,1.43101,4.57605,2.11496,0.771882,6.12564,0.64812,54311,54392,79870,103606,103860,391725,632386,324426,7.94294,8.06572,7.93391,7.91179,7.92926,7.91294,9.13503,9.14255,9.14473,9.14363,9.15981,9.16281,60544074,60544074,60544074,60544074,60544074,60544074,80600037,80600037,80600037,80600037,80600037,80600037,1.53043,1.53192,1.5118,1.00943,1.01487,1.00459,1.52049,1.55734,1.55883,1.75246,1.7476,1.74949,105430,105430,105430,67715,67715,67715,84566,84566,84566,120860,120860,120860,27121,27121,27121,27121,27121,27121,27804,27804,27804,30785,30785,30785,444375,444375,444375,88875,88875,88875,8887,8887,8887,888,888,888
44,16,2.20502,2.76698,1.77265,5.69251,2.67105,0.370838,5.74433,0.451761,71523,91161,101239,138052,147346,194033,523299,234898,11.3417,11.0036,10.846,11.3019,10.8329,10.8316,14.0742,14.0923,14.1501,14.9193,14.9536,14.9184,91013397,91013397,91013397,91013397,91013397,91013397,129015000,129015000,129015000,132391839,132391839,132391839,0.78753,0.780335,0.749695,0.611163,0.611432,0.606056,0.512874,0.515889,0.506335,0.720571,0.720221,0.71719,97312,97312,97312,69855,69855,69855,39602,39602,39602,60062,60062,60062,31919,31919,31919,31919,31919,31919,33912,33912,33912,41874,41874,41874,582618,582618,582618,116523,116523,116523,11652,11652,11652,1165,1165,1165
45,15,0.286466,0.235735,0.189191,0.689029,0.382096,0.0541204,4.61308,0.0380294,9579,8637,13702,16678,16406,27401,174870,19275,1.16838,1.17943,1.16681,1.16895,1.16583,1.16345,1.47306,1.47072,1.47016,1.47189,1.47181,1.47003,9614112,9614112,9614112,9614112,9614112,9614112,13516551,13516551,13516551,13516551,13516551,13516551,0.132502,0.132,0.131639,0.0710506,0.0708127,0.0705397,0.0754168,0.0754208,0.0756288,0.0974881,0.0976009,0.0971372,28895,28895,28895,15762,15762,15762,10227,10227,10227,12556,12556,12556,5634,5634,5634,5634,5634,5634,5850,5850,5850,6499,6499,6499,73315,73315,73315,14663,14663,14663,1466,1466,1466,146,146,146
46,16,9.49583,13.3204,9.00199,26.0901,14.7573,1.96988,7.53165,1.94831,312614,409631,406937,614498,679432,755460,1556257,991051,49.3019,47.8971,46.9776,49.1626,46.828,46.727,80.2419,80.34,80.1547,63.8669,63.9706,63.984,397570137,397570137,397570137,397570137,397570137,397570137,759273447,759273447,759273447,582065247,582065247,582065247,2.95673,2.96415,2.95727,2.61006,2.71204,2.76036,2.93776,2.9074,2.90502,2.57846,2.58653,2.57723,180310,180310,180310,163340,163340,163340,112695,112695,112695,129679,129679,129679,80337,80337,80337,80337,80337,80337,86478,86478,86478,107557,107557,107557,2460759,2460759,2460759,492151,492151,492151,49215,49215,49215,4921,4921,4921
47,15,0.655959,0.693513,0.540574,14.3415,1.05447,0.16201,5.39806,0.340933,23642,28499,34845,324104,53741,107102,309383,216544,2.56973,2.57658,2.56987,2.56466,2.56701,2.56545,2.56293,2.68076,2.68111,3.74653,3.74637,3.74759,26151144,26151144,26151144,26151144,26151144,26151144,26151144,26151144,26151144,38565963,38565963,38565963,0.558317,0.552926,0.54956,0.216021,0.217308,0.216091,0.277208,0.276766,0.277021,0.308203,0.307681,0.307833,73545,73545,73545,35696,35696,35696,34977,34977,34977,40046,40046,40046,18487,18487,18487,18487,18487,18487,18531,18531,18531,18880,18880,18880,196979,196979,196979,39395,39395,39395,3939,3939,3939,393,393,393
48,17,28.2279,35.4689,23.6959,53.8357,45.4538,6.89439,11.0734,4.60685,751422,914525,953091,1424300,1400886,1507896,2515877,1950232,136.454,132.065,129.642,136.247,129.644,129.33,229.749,231.323,233.611,213.335,213.493,213.739,942709209,942709209,942709209,942709209,942709209,942709209,1809673887,1809673887,1809673887,1498888515,1498888515,1498888515,7.9301,7.97617,7.89953,7.9222,7.83948,7.84729,7.33562,7.46569,7.46054,7.15064,7.16651,7.1125,231332,231332,231332,231332,231332,231332,159415,159415,159415,195082,195082,195082,122920,122920,122920,122920,122920,122920,133475,133475,133475,187953,187953,187953,5812655,5812655,5812655,1162531,1162531,1162531,116253,116253,116253,11625,11625,11625
49,14,0.0870858,0.0721084,0.067575,0.253337,0.0870072,0.037307,4.4163,0.0432427,3338,3317,5371,6436,6486,19362,142089,22582,0.444262,0.441075,0.444276,0.439454,0.439984,0.439366,0.59391,0.593878,0.61218,0.593067,0.594246,0.61337,3567405,3567405,3567405,3567405,3567405,3567405,5237124,5237124,5237124,5237124,5237124,5237124,0.0807065,0.0802099,0.0806363,0.0382355,0.0382913,0.0382737,0.0452936,0.0452111,0.0450537,0.049945,0.0501372,0.0501403,19995,19995,19995,10003,10003,10003,9358,9358,9358,10326,10326,10326,2951,2951,2951,2951,2951,2951,2978,2978,2978,3115,3115,3115,28436,28436,28436,5687,5687,5687,568,568,568,56,56,56
50,17,26.8852,26.6034,19.4842,63.5159,38.0775,10.6996,14.1,4.12269,858942,807783,956184,1432086,1414235,5638015,6734746,2154487,129.85,127.659,124.555,129.725,124.325,129.768,141.073,140.658,141.089,144.538,144.611,144.632,1012837749,1012837749,1012837749,1012837749,1012837749,1012837749,1360865160,1360865160,1360865160,1402244211,1402244211,1402244211,5.08761,5.09053,5.09797,5.06612,5.09404,5.10106,7.86522,7.88705,7.81647,11.5821,11.5975,11.6303,231411,231411,231411,231411,231411,231411,220950,220950,220950,508917,508917,508917,117951,117951,117951,117951,117951,117951,125498,125498,125498,172413,172413,172413,6241634,6241634,6241634,1248326,1248326,1248326,124832,124832,124832,12483,12483,12483
51,15,1.44479,1.31846,0.958581,3.70234,2.25216,0.509755,6.1234,0.603562,45397,45425,60279,79778,92087,251980,482701,296144,5.78908,5.83848,5.81137,6.03428,5.79975,5.79489,5.79578,5.80334,5.78427,6.03191,6.04338,6.04067,40718694,40718694,40718694,40718694,40718694,40718694,48066297,48066297,48066297,48066297,48066297,48066297,0.939752,0.934402,0.934758,0.508542,0.508105,0.507905,0.540035,0.539693,0.536639,0.667093,0.667364,0.667293,79012,79012,79012,51643,51643,51643,41840,41840,41840,57937,57937,57937,21048,21048,21048,21048,21048,21048,21691,21691,21691,24159,24159,24159,371013,371013,371013,74202,74202,74202,7420,7420,7420,742,742,742
52,16,0.217879,0.403191,0.170356,0.642397,0.321745,0.0534147,4.87966,0.0668843,7596,15178,11599,15124,21837,26292,176444,33037,1.22158,1.22166,1.22784,1.2194,1.21905,1.21847,1.26554,1.26672,1.21886,2.00616,2.00693,2.00208,10375620,10375620,10375620,10375620,10375620,10375620,10375620,10375620,10375620,16657155,16657155,16657155,0.211533,0.207496,0.207834,0.0757175,0.0754851,0.075704,0.0805339,0.0805895,0.0808114,0.0893281,0.0887531,0.0890141,79532,79532,79532,27763,27763,27763,17348,17348,17348,17531,17531,17531,7758,7758,7758,7758,7758,7758,7758,7758,7758,7922,7922,7922,64493,64493,64493,12898,12898,12898,1289,1289,1289,128,128,128
53,15,6.70913,6.93356,5.40382,17.4429,9.68857,0.891239,7.65142,0.860202,202552,202552,254543,333452,337242,432627,927116,432627,23.5084,22.881,22.1965,23.2156,22.1583,22.0417,36.8901,37.0977,36.9231,26.4682,26.4995,26.3512,174229125,174229125,174229125,174229125,174229125,174229125,330028491,330028491,330028491,239031723,239031723,239031723,1.62588,1.61683,1.67191,1.5253,1.53508,1.51497,1.12448,1.10406,1.10991,1.2609,1.28217,1.29507,113513,113513,113513,92327,92327,92327,36949,36949,36949,54056,54056,54056,25361,25361,25361,25361,25361,25361,28407,28407,28407,43937,43937,43937,1600610,1600610,1600610,320122,320122,320122,32012,32012,32012,3201,3201,3201
54,16,8.70258,8.83668,11.1452,24.7965,11.4073,4.3843,9.92031,4.3831,275124,275124,401755,523356,523356,2305948,2789352,2305948,41.3039,40.4613,39.704,41.2799,39.6313,39.6086,43.9452,43.9666,44.1098,50.9616,50.8204,50.9272,294733365,294733365,294733365,294733365,294733365,294733365,374533884,374533884,374533884,374533884,374533884,374533884,8.11454,8.16321,8.11292,12.6237,12.6228,12.6338,7.8233,7.83197,7.83524,7.94637,7.93337,7.9544,212028,212028,212028,233712,233712,233712,214083,214083,214083,316786,316786,316786,76818,76818,76818,76818,76818,76818,80846,80846,80846,93698,93698,93698,2169183,2169183,2169183,433836,433836,433836,43383,43383,43383,4338,4338,4338
55,14,0.119627,0.152384,0.14105,2.47109,1.12286,0.0371573,4.89086,0.0390068,3563,5766,6129,53194,45857,20431,142344,21618,0.251172,0.251653,0.267972,0.251864,0.253178,0.25738,0.252346,0.251755,0.252553,0.253728,0.268147,0.252587,2023797,2023797,2023797,2023797,2023797,2023797,2023797,2023797,2023797,2023797,2023797,2023797,0.0929881,0.0929708,0.0961111,0.0390385,0.0428366,0.0392409,0.0563683,0.0563318,0.0563757,0.0598462,0.0599983,0.0600862,20986,20986,20986,7515,7515,7515,8583,8583,8583,9890,9890,9890,3197,3197,3197,3197,3197,3197,3201,3201,3201,3291,3291,3291,30664,30664,30664,6132,6132,6132,613,613,613,61,61,61
56,16,1.83917,1.65528,2.66522,5.32328,2.30353,0.586027,6.32481,0.699965,57160,56172,83010,110324,110902,321291,590167,399136,7.71461,7.86797,7.80348,7.65488,7.79629,7.71953,9.37632,9.44262,9.45971,15.472,15.3715,15.411,63201303,63201303,63201303,63201303,63201303,63201303,84605574,84605574,84605574,106009845,106009845,106009845,1.10382,1.13284,1.04657,0.985898,0.972924,0.974092,0.862251,0.866906,0.867496,0.833083,0.830014,0.833374,94749,94749,94749,60735,60735,60735,60460,60460,60460,72910,72910,72910,26344,26344,26344,26344,26344,26344,26810,26810,26810,28448,28448,28448,461119,461119,461119,92223,92223,92223,9222,9222,9222,922,922,922
57,17,4.57657,6.5932,4.12399,10.7199,7.6228,2.03015,7.43121,0.933879,136590,202660,187057,259840,279057,973587,1418760,455772,22.437,22.0051,21.7333,22.4966,21.7516,21.6605,39.6219,39.3638,39.2231,39.329,39.3747,39.3253,181119018,181119018,181119018,181119018,181119018,181119018,307667409,307667409,307667409,307667409,307667409,307667409,2.05165,2.02128,2.03426,1.5158,1.50722,1.48154,3.82175,3.85367,3.70879,4.08552,4.08579,4.10743,481371,481371,481371,233645,233645,233645,234204,234204,234204,287315,287315,287315,86755,86755,86755,86755,86755,86755,89298,89298,89298,99851,99851,99851,1103306,1103306,1103306,220661,220661,220661,22066,22066,22066,2206,2206,2206
58,17,3.47269,16.4757,4.59335,111.881,45.0273,4.50125,6.79762,3.9887,108759,518351,153227,2220781,1713622,776805,1172303,2089776,19.4416,19.4546,19.4465,20.1841,20.1935,19.5417,28.5519,28.5984,28.6027,28.6153,28.6002,28.5861,154356075,154356075,154356075,154356075,154356075,154356075,218056278,218056278,218056278,218056278,218056278,218056278,7.67684,7.69281,7.70944,2.46538,2.46547,2.4688,2.64781,2.645,2.64366,2.86337,2.85574,2.85716,506120,506120,506120,163243,163243,163243,178183,178183,178183,215485,215485,215485,85252,85252,85252,85252,85252,85252,86050,86050,86050,88752,88752,88752,881151,881151,881151,176230,176230,176230,17623,17623,17623,1762,1762,1762
59,16,10.8539,11.0292,8.05131,29.2469,14.7072,1.51193,8.11679,1.60921,329932,341104,414035,621148,629557,770388,1544695,831656,47.02,46.4918,45.1544,46.5064,44.7378,44.2608,47.3755,46.4206,46.4684,57.0317,56.6783,56.5567,344266197,344266197,344266197,344266197,344266197,344266197,431309016,431309016,431309016,444229383,444229383,444229383,2.71362,2.63438,2.73098,2.41755,2.48849,2.43707,1.76875,1.71595,1.61727,2.10959,2.06921,2.10319,180190,180190,180190,168969,168969,168969,93768,93768,93768,115582,115582,115582,80785,80785,80785,80785,80785,80785,84280,84280,84280,97060,97060,97060,2604527,2604527,2604527,520905,520905,520905,52090,52090,52090,5209,5209,5209
60,17,27.997,41.0868,22.9144,76.9827,48.7458,4.74501,15.7317,6.48786,584495,841320,724045,1132294,1224890,1592374,2683110,2113902,156.813,153.664,150.861,157.113,150.449,149.772,263.715,263.9,263.774,232.808,233.188,233.554,854959281,854959281,854959281,854959281,854959281,854959281,1642523331,1642523331,1642523331,1339954095,1339954095,1339954095,9.69644,9.67219,9.67776,9.65141,9.62198,9.66013,13.8267,13.7519,13.8397,11.3728,11.274,11.4148,221360,221360,221360,221360,221360,221360,209283,209283,209283,257619,257619,257619,117456,117456,117456,117456,117456,117456,134281,134281,134281,188529,188529,188529,4553668,4553668,4553668,910733,910733,910733,91073,91073,91073,9107,9107,9107
61,16,11.2748,10.6563,7.41515,28.0768,13.5006,2.13452,7.93637,1.24087,353223,327721,408552,611056,626661,749222,1543615,646309,46.0736,44.9555,44.1578,45.999,43.9357,43.8125,44.9208,44.7031,44.8887,47.3011,47.3307,47.3,341345193,341345193,341345193,341345193,341345193,341345193,427020300,427020300,427020300,439897287,439897287,439897287,2.44837,2.46193,2.44823,2.33852,2.32972,2.33191,1.915,1.91339,1.91279,2.29027,2.29142,2.2905,183624,183624,183624,172339,172339,172339,102293,102293,102293,128300,128300,128300,86967,86967,86967,86967,86967,86967,93103,93103,93103,112368,112368,112368,2580819,2580819,2580819,516163,516163,516163,51616,51616,51616,5161,5161,5161
62,16,0.392579,0.290259,0.251755,1.00445,0.394154,0.117361,4.60937,0.182891,14578,12105,18818,24130,25794,63025,278415,97151,1.9674,1.98055,1.96555,1.96386,1.96271,1.96153,2.47483,2.47494,2.47466,2.47605,2.47285,2.4725,16227384,16227384,16227384,16227384,16227384,16227384,22006107,22006107,22006107,22006107,22006107,22006107,0.547221,0.546521,0.545253,0.235135,0.236048,0.234678,0.210215,0.210316,0.210189,0.218846,0.218783,0.218812,98569,98569,98569,35083,35083,35083,28279,28279,28279,32018,32018,32018,12222,12222,12222,12222,12222,12222,12656,12656,12656,13937,13937,13937,102746,102746,102746,20549,20549,20549,2054,2054,2054,205,205,205
63,17,5.36963,3.644,3.22146,10.0077,7.19544,0.912546,6.67014,1.90363,166029,104075,144060,199206,249660,454811,855769,920585,18.2726,18.1906,18.2081,18.9956,18.0853,17.843,22.1967,21.6159,21.3977,22.946,53.8061,22.794,133194807,133194807,133194807,133194807,133194807,133194807,173204886,173204886,173204886,173204886,253225044,173204886,4.34883,4.27847,4.13938,2.24871,2.28567,2.28333,1.43135,1.33635,1.32587,1.30646,1.28389,1.32272,485217,485217,485217,214078,214078,214078,157371,157371,157371,164717,164717,164717,89212,89212,89212,89212,89212,89212,89921,89921,89921,92986,92986,92986,847359,847359,847359,169471,169471,169471,16947,16947,16947,1694,1694,1694
64,17,17.9172,18.0262,12.9525,418.395,53.1868,2.31428,7.96516,2.31425,564407,564407,687459,8521824,1020400,1334351,2372723,1334351,85.8535,84.1341,82.2757,85.9367,82.1727,85.7765,99.9474,99.9312,99.9663,100.151,102.331,100.146,737962089,737962089,737962089,737962089,737962089,737962089,1013788296,1013788296,1013788296,1013788296,1041630555,1013788296,4.29263,4.27967,4.27882,4.29703,4.29452,4.3049,3.19809,3.23379,3.18966,3.94949,3.94847,3.94804,223023,223023,223023,223023,223023,223023,140019,140019,140019,204034,204034,204034,113441,113441,113441,113441,113441,113441,124075,124075,124075,158342,158342,158342,4405586,4405586,4405586,881117,881117,881117,88111,88111,88111,8811,8811,8811
65,16,3.81265,2.1734,3.63844,6.6997,3.99491,5.08954,10.8468,0.415069,94579,61410,124272,117900,142305,2057035,2174856,163893,10.1942,10.3603,10.471,10.3272,10.3044,10.4412,10.7381,10.7629,10.5233,13.2871,13.2115,13.3184,55194834,55194834,55194834,55194834,55194834,55194834,55194834,55194834,55194834,59672664,59672664,59672664,1.05702,1.09452,1.08916,4.81394,4.71295,4.94958,6.67325,6.57468,6.61959,7.51211,7.45981,7.50936,96735,96735,96735,137269,137269,137269,216168,216168,216168,358033,358033,358033,31508,31508,31508,31508,31508,31508,33391,33391,33391,40399,40399,40399,501962,501962,501962,100392,100392,100392,10039,10039,10039,1003,1003,1003
66,16,2.2074,2.14692,1.67142,5.93082,2.75029,0.500114,5.90226,0.56451,69618,72529,93935,132150,133341,257065,570684,281756,10.2463,9.9068,9.84475,10.2275,9.80404,9.78065,13.6474,13.6326,13.6352,13.6301,13.6492,13.6461,82043343,82043343,82043343,82043343,82043343,82043343,120788994,120788994,120788994,120788994,120788994,120788994,0.823479,0.829997,0.822128,0.685813,0.672139,0.697118,0.655967,0.653298,0.652636,0.69492,0.694861,0.694505,94596,94596,94596,66493,66493,66493,50668,50668,50668,61129,61129,61129,28678,28678,28678,28678,28678,28678,29672,29672,29672,33290,33290,33290,566491,566491,566491,113298,113298,113298,11329,11329,11329,1132,1132,1132
67,15,0.293446,0.200473,0.235973,0.583776,0.382952,0.164492,5.10253,0.19094,8875,7159,11524,13660,16676,80464,215094,89111,0.857174,0.874023,0.891785,0.870029,0.883231,0.884068,1.0007,0.911623,0.975538,1.05129,1.02326,1.04569,5940711,5940711,5940711,5940711,5940711,5940711,6768570,5940711,6768570,6768570,6768570,6768570,0.309707,0.312878,0.313868,0.139465,0.135387,0.136036,0.212608,0.220337,0.211183,0.249396,0.23531,0.235684,31546,31546,31546,12540,12540,12540,17871,17871,17871,24380,24380,24380,5306,5306,5306,5306,5306,5306,5448,5448,5448,5927,5927,5927,60864,60864,60864,12172,12172,12172,1217,1217,1217,121,121,121
68,13,0.10395,0.0961471,0.333875,0.259703,0.22288,0.0702482,4.839,0.0693438,3016,3415,15715,5980,9398,34597,144473,34810,0.387533,0.394049,0.40159,0.401465,0.39927,0.392088,0.515329,0.492915,0.504255,0.505235,0.505582,0.505798,2561421,2561421,2561421,2561421,2561421,2561421,3852780,3852780,3852780,3852780,3852780,3852780,0.11897,0.120129,0.129745,0.168911,0.174508,0.160892,0.159266,0.158691,0.160354,0.188723,0.188161,0.187832,6832,6832,6832,8400,8400,8400,9902,9902,9902,16910,16910,16910,1617,1617,1617,1617,1617,1617,1694,1694,1694,2044,2044,2044,25950,25950,25950,5190,5190,5190,519,519,519,51,51,51
69,16,2.56098,7.74932,3.22872,35.0961,31.5068,4.31669,7.2306,0.781173,78825,240690,106569,1065124,1044180,870480,1027634,384673,9.70836,9.42308,9.42676,9.41513,9.32733,9.76472,9.73898,9.65546,9.89356,21.0465,20.74,20.7814,62301090,62301090,62301090,62301090,62301090,62301090,62301090,62301090,62301090,94121895,94121895,94121895,1.58764,1.61633,1.66071,2.68899,2.7655,2.7258,2.45938,2.50272,2.56649,2.70373,2.5808,2.69466,104521,104521,104521,115947,115947,115947,118317,118317,118317,162156,162156,162156,30552,30552,30552,30552,30552,30552,31600,31600,31600,35754,35754,35754,643560,643560,643560,128712,128712,128712,12871,12871,12871,1287,1287,1287
70,15,0.418567,0.314083,0.391197,9.05487,0.58766,0.0697915,6.07655,0.119145,10932,9615,12469,155851,20041,28514,170305,48701,1.213,1.30362,1.12012,1.11653,1.11606,1.11632,1.17118,1.14145,1.19229,3.12658,3.11667,3.10903,6837792,6837792,6837792,6837792,6837792,6837792,6837792,6837792,6837792,13145973,13145973,13145973,0.410178,0.320235,0.320129,0.145812,0.148176,0.145283,0.124498,0.125157,0.124755,0.133966,0.135376,0.13182,30190,30190,30190,20383,20383,20383,12133,12133,12133,12953,12953,12953,5329,5329,5329,5329,5329,5329,5444,5444,5444,5902,5902,5902,82311,82311,82311,16462,16462,16462,1646,1646,1646,164,164,164
71,16,9.31014,9.36682,6.91753,25.1147,11.8036,1.56346,7.60329,1.00263,293489,293489,361497,555468,555468,583024,1370393,583024,36.3169,35.448,34.7832,36.2338,34.7069,34.6722,36.7583,36.7308,36.7693,36.892,36.8348,36.8517,300364665,300364665,300364665,300364665,300364665,300364665,384677136,384677136,384677136,384677136,384677136,384677136,2.01902,2.0188,2.01412,1.82904,1.83173,1.8308,1.35565,1.35161,1.35387,1.52632,1.52468,1.5257,175193,175193,175193,156572,156572,156572,89773,89773,89773,102101,102101,102101,78124,78124,78124,78124,78124,78124,81276,81276,81276,91448,91448,91448,2328426,2328426,2328426,465685,465685,465685,46568,46568,46568,4656,4656,4656
72,15,1.6723,1.52323,1.15575,21.0883,2.52961,0.619312,7.63798,0.16302,43304,42823,48006,361533,79427,257219,490461,64508,4.45452,4.51108,4.47296,4.44345,4.42905,4.39155,4.52283,4.61967,4.60829,3.41028,3.38605,3.33583,24564447,24564447,24564447,24564447,24564447,24564447,24564447,24564447,24564447,26454126,26454126,26454126,0.468807,0.483544,0.481808,0.325928,0.315572,0.309684,0.83242,0.839857,0.857923,1.04443,1.00804,1.00911,74862,74862,74862,41237,41237,41237,42247,42247,42247,56838,56838,56838,21867,21867,21867,21867,21867,21867,22355,22355,22355,24392,24392,24392,354175,354175,354175,70835,70835,70835,7083,7083,7083,708,708,708
73,16,9.6276,9.65539,7.91086,25.2717,12.3401,1.62875,7.31597,1.09569,307241,307241,383089,583924,583924,601218,1395473,601218,40.4672,39.8598,38.7934,40.4447,38.75,38.6179,40.2278,40.2196,40.2368,40.4425,40.4491,40.4514,320766909,320766909,320766909,320766909,320766909,320766909,406089432,406089432,406089432,406089432,406089432,406089432,1.95205,1.92964,1.93852,1.84927,1.83264,1.78768,1.33289,1.3745,1.41644,1.55682,1.56273,1.55515,172961,172961,172961,158371,158371,158371,88816,88816,88816,101162,101162,101162,77221,77221,77221,77221,77221,77221,80003,80003,80003,90484,90484,90484,2425526,2425526,2425526,485105,485105,485105,48510,48510,48510,4851,4851,4851
74,15,1.84915,2.1347,1.48278,4.43551,2.55725,0.267344,7.46776,0.358112,46803,60509,67145,88834,91399,105771,372868,142743,7.53197,7.24459,7.25097,7.51522,7.13876,7.12121,11.3017,11.2684,11.3432,11.6749,11.7493,11.5984,49063386,49063386,49063386,49063386,49063386,49063386,75264549,75264549,75264549,77704596,77704596,77704596,0.655229,0.656517,0.662814,0.519762,0.499236,0.522408,0.482569,0.46461,0.477954,0.529937,0.521756,0.539438,77166,77166,77166,53491,53491,53491,30418,30418,30418,37616,37616,37616,23542,23542,23542,23542,23542,23542,25083,25083,25083,30852,30852,30852,381193,381193,381193,76238,76238,76238,7623,7623,7623,762,762,762
75,16,9.25422,9.43158,9.86318,24.7145,12.1323,1.88537,7.98382,1.29678,284382,284382,355151,539548,539548,771812,1497495,771812,36.0675,35.5712,34.7041,36.343,34.4591,34.4848,36.4024,36.5887,36.5864,69.9529,70.1724,70.6984,293343801,293343801,293343801,293343801,293343801,293343801,373642488,373642488,373642488,453941175,453941175,453941175,2.93461,2.87464,3.00298,2.6687,2.62555,2.61741,2.86365,2.83351,2.82288,2.50876,2.49612,2.59044,176267,176267,176267,155961,155961,155961,108466,108466,108466,127772,127772,127772,74910,74910,74910,74910,74910,74910,77275,77275,77275,87308,87308,87308,2249332,2249332,2249332,449866,449866,449866,44986,44986,44986,4498,4498,4498
76,14,0.220382,0.139043,0.123465,0.460353,0.213321,0.0650558,6.04286,0.0551145,5922,4108,6314,8164,9585,24978,160251,21099,0.641055,0.645466,0.650746,0.654126,0.652123,0.649346,0.642852,0.61416,0.612095,0.641105,0.640496,0.64263,3680520,3680520,3680520,3680520,3680520,3680520,4325823,4325823,4325823,4325823,4325823,4325823,0.152502,0.152594,0.157003,0.0631526,0.0628545,0.0631804,0.0883015,0.0861715,0.0874446,0.100017,0.100101,0.100606,23161,23161,23161,8838,8838,8838,9095,9095,9095,11324,11324,11324,4397,4397,4397,4397,4397,4397,4571,4571,4571,5126,5126,5126,35179,35179,35179,7035,7035,7035,703,703,703,70,70,70
77,14,0.132828,0.116749,0.130881,0.343366,0.164175,0.0772859,6.02739,0.114475,3495,3473,5419,6530,6591,30073,146791,44338,0.564697,0.561227,0.558996,0.557561,0.558186,0.558569,0.55759,0.580998,0.581102,1.18047,1.18542,1.20589,3222312,3222312,3222312,3222312,3222312,3222312,3222312,3222312,3222312,5588454,5588454,5588454,0.143538,0.143602,0.146879,0.121405,0.121416,0.121334,0.0863108,0.08636,0.0865441,0.0967883,0.0995002,0.0992387,20620,20620,20620,16279,16279,16279,12289,12289,12289,14212,14212,14212,2947,2947,2947,2947,2947,2947,2963,2963,2963,3044,3044,3044,29910,29910,29910,5982,5982,5982,598,598,598,59,59,59
78,16,2.14861,2.01446,2.02815,6.15836,2.70379,0.369977,7.564,0.24619,55335,56891,76557,105922,108235,148950,472107,98411,11.2266,11.005,10.6498,11.1752,10.9358,10.8404,14.5291,14.3673,14.564,15.1077,15.1945,15.3316,70277931,70277931,70277931,70277931,70277931,70277931,101953938,101953938,101953938,101953938,101953938,101953938,0.560917,0.556368,0.538088,0.369386,0.373926,0.373569,0.378701,0.389584,0.393086,0.45082,0.45151,0.455502,90583,90583,90583,54898,54898,54898,34184,34184,34184,39746,39746,39746,27064,27064,27064,27064,27064,27064,27759,27759,27759,30492,30492,30492,452099,452099,452099,90419,90419,90419,9041,9041,9041,904,904,904
79,16,5.30006,2.86058,2.42481,7.6665,4.71607,0.835297,7.93051,0.344401,136165,80230,111762,155150,185609,332254,700753,136467,14.5646,14.5446,14.7817,14.6156,14.7067,14.8378,14.6591,14.7656,14.6954,15.0341,14.716,15.0985,76366869,76366869,76366869,76366869,76366869,76366869,76366869,76366869,76366869,76366869,76366869,76366869,1.11086,1.10732,1.12044,0.905631,0.952017,0.954689,0.870169,0.869891,0.842999,1.03083,1.03121,1.02842,102565,102565,102565,72604,72604,72604,47142,47142,47142,64301,64301,64301,39793,39793,39793,39793,39793,39793,43374,43374,43374,55516,55516,55516,652320,652320,652320,130464,130464,130464,13046,13046,13046,1304,1304,1304
80,15,1.12609,1.01951,0.794618,26.7131,1.51384,0.362591,5.98359,0.362931,37058,37058,53137,546716,65694,176189,392824,176189,4.78486,4.8287,4.7983,5.00432,4.78372,4.77693,5.94999,5.95302,5.95176,5.95114,5.95385,5.95774,35838066,35838066,35838066,35838066,35838066,35838066,49379721,49379721,49379721,49379721,49379721,49379721,0.659952,0.660003,0.660548,0.398335,0.39793,0.397725,0.543106,0.543436,0.542899,0.610742,0.61273,0.609066,73810,73810,73810,42792,42792,42792,37934,37934,37934,47525,47525,47525,19731,19731,19731,19731,19731,19731,20189,20189,20189,21814,21814,21814,304745,304745,304745,60949,60949,60949,6094,6094,6094,609,609,609
81,15,0.19058,0.111036,0.103566,4.49116,0.316852,0.0869501,4.57118,0.0504787,7577,4922,7854,95685,14657,44856,173162,25731,0.648337,0.647046,0.644099,0.643644,0.648615,0.644802,0.643868,0.643916,0.643891,0.579589,0.580529,0.579986,4646184,4646184,4646184,4646184,4646184,4646184,4646184,4646184,4646184,5465727,5465727,5465727,0.154041,0.151608,0.151903,0.134229,0.135436,0.135777,0.108332,0.108304,0.108264,0.122783,0.122937,0.122632,28743,28743,28743,22087,22087,22087,17361,17361,17361,20327,20327,20327,4994,4994,4994,4994,4994,4994,5176,5176,5176,5686,5686,5686,42169,42169,42169,8433,8433,8433,843,843,843,84,84,84
82,16,8.88519,8.78435,9.23268,23.7931,10.9926,1.45646,7.51489,1.45525,279819,279819,362087,530674,530674,789380,1515073,789380,38.9551,38.3544,37.346,38.8784,37.2848,37.1378,39.044,39.0147,39.0168,148.435,149.62,148.588,297873789,297873789,297873789,297873789,297873789,297873789,377880768,377880768,377880768,697908684,709291059,697908684,3.127,3.11986,3.12777,2.73363,2.65927,2.78508,2.90604,2.86737,2.89454,2.6666,2.67819,2.66699,177563,177563,177563,157744,157744,157744,106882,106882,106882,133281,133281,133281,75426,75426,75426,75426,75426,75426,78200,78200,78200,90092,90092,90092,2202905,2202905,2202905,440581,440581,440581,44058,44058,44058,4405,4405,4405
83,14,0.125614,0.138804,0.105524,0.362389,0.141669,0.0161496,4.79102,0.0355083,4499,5725,7325,8930,9686,8357,141670,17909,0.564046,0.561602,0.557576,0.556531,0.557064,0.556528,0.730347,0.756916,0.757188,0.760183,0.764761,0.76394,4581348,4581348,4581348,4581348,4581348,4581348,6529887,6529887,6529887,6529887,6529887,6529887,0.0824552,0.08312,0.0820723,0.0405369,0.0405587,0.0408074,0.0293554,0.0293303,0.029358,0.0324697,0.032193,0.0322978,21670,21670,21670,8318,8318,8318,5748,5748,5748,6299,6299,6299,3718,3718,3718,3718,3718,3718,3757,3757,3757,4085,4085,4085,38657,38657,38657,7731,7731,7731,773,773,773,77,77,77
84,15,1.45683,0.964827,0.970116,17.3136,1.84493,0.21345,5.9528,0.393012,47194,35705,51174,360353,77386,103190,369022,192876,4.04541,4.07999,4.05058,4.04064,4.04205,4.04018,4.18983,4.20083,4.20161,3.44619,3.44841,3.44723,27453270,27453270,27453270,27453270,27453270,27453270,27453270,27453270,27453270,29352417,29352417,29352417,0.898523,0.898185,0.898176,0.629544,0.629177,0.627733,0.344943,0.344785,0.344703,0.308897,0.309206,0.309383,79306,79306,79306,49529,49529,49529,31174,31174,31174,33727,33727,33727,22070,22070,22070,22070,22070,22070,22961,22961,22961,25238,25238,25238,293665,293665,293665,58733,58733,58733,5873,5873,5873,587,587,587
85,16,3.71193,2.17779,3.68551,6.96534,3.86825,1.76568,8.57478,1.00176,91024,61400,99514,121142,142551,697864,963741,393182,10.0383,10.3382,10.3103,10.5336,10.2599,10.2923,10.5102,10.3674,10.4601,10.2376,10.375,10.2066,55409646,55409646,55409646,55409646,55409646,55409646,55409646,55409646,55409646,57646149,57646149,57646149,2.01888,2.05838,2.04932,1.73213,1.77005,1.77873,2.11064,2.16323,2.15054,2.33476,2.33905,2.35248,101515,101515,101515,68978,68978,68978,89385,89385,89385,124901,124901,124901,29812,29812,29812,29812,29812,29812,31346,31346,31346,36288,36288,36288,501571,501571,501571,100314,100314,100314,10031,10031,10031,1003,1003,1003
86,14,0.733528,0.636934,0.449959,1.73954,0.766016,0.115142,5.96948,0.154847,25449,23980,30818,42626,44570,55212,264066,73633,2.59998,2.61537,2.59387,2.58853,2.59297,2.59103,2.11642,2.11545,2.11543,2.1988,2.14045,2.14105,17595030,17595030,17595030,17595030,17595030,17595030,19155273,19155273,19155273,19602576,19155273,19155273,0.244155,0.24436,0.244337,0.244031,0.24426,0.24393,0.121427,0.121276,0.121539,0.162089,0.162055,0.162366,14540,14540,14540,14540,14540,14540,8563,8563,8563,13363,13363,13363,6803,6803,6803,6803,6803,6803,7588,7588,7588,10522,10522,10522,198110,198110,198110,39622,39622,39622,3962,3962,3962,396,396,396
87,18,219.717,198.773,125.924,428.511,282.829,44.8779,29.3317,30.1367,6450392,5371091,5935790,9810678,10768588,16408904,18697488,15829100,1050.55,1031.52,1021.71,1060.86,1036.87,1064.19,1067.55,1058.56,1051.1,662.302,661.838,661.794,6993020955,6993020955,6993020955,6993020955,6993020955,6993020955,6993020955,6993020955,6993020955,7049050494,7049050494,7049050494,66.8356,67.3278,67.7269,64.8205,64.4839,64.7209,67.6082,67.1051,66.7026,47.1541,47.098,47.0948,2012506,2012506,2012506,1622788,1622788,1622788,644429,644429,644429,730975,730975,730975,419571,419571,419571,419571,419571,419571,419571,419571,419571,680133,680133,680133,39917338,39917338,39917338,7983467,7983467,7983467,798346,798346,798346,79834,79834,79834
88,16,9.51182,9.49023,10.2619,25.5386,12.143,1.77488,8.21851,1.80318,288163,288163,377717,545486,545486,877334,1454114,877334,43.8503,42.9658,41.9703,43.5513,41.809,41.8377,45.5535,44.1951,44.2047,149.227,146.78,149.556,310122825,310122825,310122825,310122825,310122825,310122825,390954024,390954024,390954024,633447621,633447621,645208752,3.55132,3.57636,3.62814,3.11313,3.18208,3.43196,4.7108,4.46114,4.66851,3.36396,3.21067,3.23841,179409,179409,179409,161248,161248,161248,142264,142264,142264,143426,143426,143426,75668,75668,75668,75668,75668,75668,78709,78709,78709,91183,91183,91183,2260546,2260546,2260546,452109,452109,452109,45210,45210,45210,4521,4521,4521
89,15,1.61042,1.67391,1.49294,4.1024,2.21183,0.152317,7.3187,1.03516,40650,45440,60403,80350,81574,63015,336231,426489,6.82897,6.93377,6.82076,7.0853,6.84565,6.83078,9.31125,9.19019,9.31834,9.43804,9.36691,9.3299,43693623,43693623,43693623,43693623,43693623,43693623,59412522,59412522,59412522,59412522,59412522,59412522,2.03425,2.02895,1.9172,0.916051,0.836949,0.831743,0.259843,0.258232,0.260851,0.276957,0.269777,0.277776,81736,81736,81736,50441,50441,50441,24933,24933,24933,25919,25919,25919,21645,21645,21645,21645,21645,21645,22239,22239,22239,24205,24205,24205,335513,335513,335513,67102,67102,67102,6710,6710,6710,671,671,671
90,16,2.89758,3.81363,2.33465,7.54792,3.79356,0.91726,7.86333,0.811492,74326,103531,104857,145284,161577,362765,673303,321512,13.9897,13.4519,13.3625,14.07,13.2672,13.4011,21.7825,21.922,21.7127,22.499,22.5052,22.6136,89302779,89302779,89302779,89302779,89302779,89302779,144069150,144069150,144069150,144069150,144069150,144069150,1.08601,1.03212,1.07636,1.00328,1.00011,1.01377,1.29853,1.2279,1.24677,1.62628,1.61553,1.58572,94836,94836,94836,68873,68873,68873,57813,57813,57813,85735,85735,85735,29464,29464,29464,29464,29464,29464,31228,31228,31228,37353,37353,37353,604141,604141,604141,120828,120828,120828,12082,12082,12082,1208,1208,1208
91,15,0.137561,0.107026,0.122761,0.362108,0.180762,0.0391433,4.44584,0.0372904,4974,4626,7344,9172,9563,21187,155015,19719,0.711459,0.708734,0.706717,0.70572,0.706708,0.71152,0.904353,0.90544,0.904747,0.902757,0.930979,0.930951,5967165,5967165,5967165,5967165,5967165,5967165,8576232,8576232,8576232,8576232,8576232,8576232,0.0895473,0.0893728,0.0894244,0.0380284,0.0380278,0.0380813,0.0536607,0.0536997,0.0537218,0.0615043,0.0616585,0.0615671,26280,26280,26280,11881,11881,11881,9096,9096,9096,10451,10451,10451,3910,3910,3910,3910,3910,3910,3951,3951,3951,4222,4222,4222,39626,39626,39626,7925,7925,7925,792,792,792,79,79,79
92,15,0.827742,0.795191,0.608473,2.34797,1.30851,0.228785,5.49371,0.202401,29664,31414,43199,58008,57936,127765,340639,116464,3.84312,3.70747,3.6804,3.66715,3.66569,3.66572,4.56387,4.56653,4.56214,4.56543,4.566,4.56534,31814379,31814379,31814379,31814379,31814379,31814379,44196654,44196654,44196654,44196654,44196654,44196654,0.396009,0.393943,0.394235,0.216983,0.216455,0.217045,0.314953,0.315293,0.314935,0.359257,0.359154,0.370198,73743,73743,73743,40655,40655,40655,35818,35818,35818,42878,42878,42878,19408,19408,19408,19408,19408,19408,19645,19645,19645,20571,20571,20571,245755,245755,245755,49151,49151,49151,4915,4915,4915,491,491,491
93,16,13.9389,13.8584,10.7974,35.8329,17.7124,3.15195,10.2058,2.30218,364122,364122,471537,660126,660126,907239,1668658,907239,68.8647,67.9314,65.7555,68.8662,65.7726,65.3987,64.0354,64.0562,64.2804,65.7016,65.8736,65.6594,383928981,383928981,383928981,383928981,383928981,383928981,468349560,468349560,468349560,481976931,481976931,481976931,4.10221,4.21824,4.1571,4.17096,4.1495,4.11596,4.97824,5.01812,5.03931,3.58014,3.65197,3.65292,186558,186558,186558,184995,184995,184995,136931,136931,136931,144348,144348,144348,86624,86624,86624,86624,86624,86624,94820,94820,94820,121238,121238,121238,2840463,2840463,2840463,568092,568092,568092,56809,56809,56809,5680,5680,5680
94,14,0.617066,0.584826,0.538988,1.64009,0.714628,0.385869,5.61815,0.424495,21674,23438,31335,40702,41965,199910,347381,219574,2.57382,2.58763,2.57055,2.69069,2.56351,2.55881,3.45725,3.45463,3.4583,3.46594,3.45671,3.45352,19544427,19544427,19544427,19544427,19544427,19544427,28248114,28248114,28248114,28248114,28248114,28248114,0.649628,0.649907,0.650782,0.645097,0.643178,0.64393,0.686144,0.686687,0.686369,0.750786,0.750805,0.750745,21664,21664,21664,21633,21633,21633,30522,30522,30522,54293,54293,54293,6063,6063,6063,6063,6063,6063,6754,6754,6754,9423,9423,9423,178136,178136,178136,35627,35627,35627,3562,3562,3562,356,356,356
95,15,0.833052,0.766966,0.647638,2.40319,1.24722,0.31703,5.53363,0.335782,29285,29660,44031,55410,55195,171053,367136,184988,3.68669,3.71049,3.69017,3.84341,3.67891,3.67189,4.76448,4.76426,4.76438,4.76308,4.75536,4.76226,30335499,30335499,30335499,30335499,30335499,30335499,42621042,42621042,42621042,42621042,42621042,42621042,0.760108,0.751869,0.752873,0.402608,0.4015,0.400698,0.564393,0.563356,0.562654,0.670826,0.669539,0.669453,74452,74452,74452,41242,41242,41242,43446,43446,43446,57704,57704,57704,18696,18696,18696,18696,18696,18696,18965,18965,18965,20031,20031,20031,241842,241842,241842,48368,48368,48368,4836,4836,4836,483,483,483
96,15,1.37626,1.25463,0.953667,28.2062,1.84008,0.586632,5.64814,0.590854,45464,45464,64631,620058,79301,304908,518075,304908,5.70426,5.5223,5.47332,5.68928,5.44409,5.43583,6.7034,6.70292,6.70476,6.7265,6.8592,6.87772,42677130,42677130,42677130,42677130,42677130,42677130,58218945,58218945,58218945,58218945,59946732,59946732,0.767597,0.762453,0.765285,0.84326,0.845915,0.845751,0.73553,0.735997,0.735296,0.773413,0.7742,0.772419,79862,79862,79862,57186,57186,57186,55960,55960,55960,68036,68036,68036,21121,21121,21121,21121,21121,21121,21796,21796,21796,23909,23909,23909,371956,371956,371956,74391,74391,74391,7439,7439,7439,743,743,743
97,16,1.95957,2.36778,1.59257,5.24654,2.69393,0.38804,5.78248,0.7514,62396,81704,91645,122144,136245,204238,500745,397167,10.2684,9.98101,9.87868,10.2537,9.84217,9.83705,12.851,12.845,12.8529,12.9239,12.9519,12.9322,82404570,82404570,82404570,82404570,82404570,82404570,115516941,115516941,115516941,115516941,115516941,115516941,1.59594,1.57722,1.5874,1.19176,1.17757,1.191,0.85649,0.84003,0.83149,0.862145,0.862089,0.859414,102523,102523,102523,72045,72045,72045,45831,45831,45831,58695,58695,58695,28173,28173,28173,28173,28173,28173,29156,29156,29156,33349,33349,33349,510794,510794,510794,102158,102158,102158,10215,10215,10215,1021,1021,1021
98,17,18.8556,18.6703,17.1918,49.347,30.7225,5.81394,8.66144,3.1855,611864,592953,765632,1079200,1142766,1692555,2720563,1684545,102.892,101.177,99.0814,102.766,98.9545,98.7864,87.1593,87.5021,87.1701,104.429,104.426,104.438,755295297,755295297,755295297,755295297,755295297,755295297,881711136,881711136,881711136,902739711,902739711,902739711,5.92214,5.87465,5.88871,5.85355,5.95799,5.85141,7.43752,7.44086,7.52579,5.62877,5.63035,5.62618,231777,231777,231777,231777,231777,231777,205804,205804,205804,240893,240893,240893,117904,117904,117904,117904,117904,117904,131811,131811,131811,180312,180312,180312,4614563,4614563,4614563,922912,922912,922912,92291,92291,92291,9229,9229,9229
99,15,1.8266,1.50173,1.21221,4.26441,2.4536,0.587106,10.0861,0.37105,39467,35512,50658,68878,68996,188073,412297,120773,7.36252,7.32449,7.05224,7.01882,7.04769,7.8024,6.95595,6.96055,6.96511,7.5121,7.66184,7.48192,33312702,33312702,33312702,33312702,33312702,33312702,40478217,40478217,40478217,40478217,41590944,40478217,0.795712,0.798274,0.782267,0.487082,0.488476,0.489822,0.963091,0.966896,0.966615,1.02103,1.01983,1.02512,74714,74714,74714,43169,43169,43169,43554,43554,43554,53731,53731,53731,20326,20326,20326,20326,20326,20326,20906,20906,20906,22700,22700,22700,292046,292046,292046,58409,58409,58409,5840,5840,5840,584,584,584
