instance,size_kib,ratio,total_depth,iteration,n_inserted,n_unique,estimated_fp,bits_set,fill_ratio,expected_fill_ratio,materialized_forward,materialized_backward,materialized_total,phase,type_index,type_count,k_mode,k_hashes,split_mode
0,9,0.001,11,0,0,0,0,0,0,0,0,0,0,iter,0,1,k1,1,dynamic
0,9,0.001,11,0,0,0,0,0,0,0,0,0,0,iter,0,1,optk,1,dynamic
0,9,0.001,11,0,0,0,0,0,0,0,0,0,0,iter,0,1,rootk,1,dynamic
0,9,0.001,12,0,0,0,0,0,0,0,0,0,0,iter,0,1,k1,1,dynamic
0,9,0.001,12,0,0,0,0,0,0,0,0,0,0,iter,0,1,optk,1,dynamic
0,9,0.001,12,0,0,0,0,0,0,0,0,0,0,iter,0,1,rootk,1,dynamic
0,9,0.001,13,0,8,8,6.78168e-05,5,6.78168e-05,0.000108501,0,0,0,iter,0,1,k1,1,dynamic
0,9,0.001,13,0,8,8,6.78168e-05,5,6.78168e-05,0.000108501,0,0,0,iter,0,1,optk,1,dynamic
0,9,0.001,13,0,8,8,6.78168e-05,5,6.78168e-05,0.000108501,0,0,0,iter,0,1,rootk,1,dynamic
0,9,0.001,13,1,0,0,0,0,0,0,0,0,0,iter,0,1,k1,1,dynamic
0,9,0.001,13,1,0,0,0,0,0,0,0,0,0,iter,0,1,optk,1,dynamic
0,9,0.001,13,1,0,0,0,0,0,0,0,0,0,iter,0,1,rootk,1,dynamic
0,9,0.001,14,0,2234,2234,0.0255805,1886,0.0255805,0.0298461,0,0,0,iter,0,1,k1,1,dynamic
0,9,0.001,14,0,2234,2234,0.0256483,1891,0.0256483,0.0298461,0,0,0,iter,0,1,optk,1,dynamic
0,9,0.001,14,0,2234,2234,0.0256619,1892,0.0256619,0.0298461,0,0,0,iter,0,1,rootk,1,dynamic
0,9,0.001,14,1,0,0,0,0,0,0,0,0,0,iter,0,1,optk,1,dynamic
0,9,0.001,14,1,12,12,2.71267e-05,2,2.71267e-05,0.000162747,0,2,2,iter,0,1,rootk,1,dynamic
0,9,0.001,14,1,2,2,1.35634e-05,1,1.35634e-05,2.71264e-05,0,1,1,iter,0,1,k1,1,dynamic
0,9,0.001,15,0,35039,35039,0.324693,23939,0.324693,0.378268,0,0,0,iter,0,1,k1,1,dynamic
0,9,0.001,15,0,35039,35039,0.324978,23960,0.324978,0.378268,0,0,0,iter,0,1,optk,1,dynamic
0,9,0.001,15,0,35039,35039,0.325372,23989,0.325372,0.378268,0,0,0,iter,0,1,rootk,1,dynamic
0,9,0.001,15,1,1060,1060,0.00164117,121,0.00164117,0.0142743,0,122,122,iter,0,1,rootk,1,dynamic
0,9,0.001,15,1,409,409,0.00145128,107,0.00145128,0.00553206,0,107,107,iter,0,1,optk,1,dynamic
0,9,0.001,15,1,937,937,0.00142415,105,0.00142415,0.0126285,0,105,105,iter,0,1,k1,1,dynamic
0,9,0.001,16,0,238965,238965,0.928616,68465,0.928616,0.960882,0,0,0,iter,0,1,optk,1,dynamic
0,9,0.001,16,0,238965,238965,0.928819,68480,0.928819,0.960882,0,0,0,iter,0,1,k1,1,dynamic
0,9,0.001,16,0,238965,238965,0.929565,68535,0.929565,0.960882,0,0,0,iter,0,1,rootk,1,dynamic
0,9,0.001,16,0,4223,4223,0.0456136,3363,0.0456136,0.0556686,5543,1,5544,type,0,4,rootk,1,dynamic
0,9,0.001,16,0,4296,4296,0.0462646,3411,0.0462646,0.0566031,5556,1,5557,type,0,4,optk,1,dynamic
0,9,0.001,16,0,4301,4301,0.0465902,3435,0.0465902,0.0566671,5630,1,5631,type,0,4,k1,1,dynamic
0,9,0.001,16,1,41879,41879,0.0695123,5125,0.0695123,0.433354,0,0,0,iter,0,1,rootk,1,dynamic
0,9,0.001,16,1,41880,41880,0.0695801,5130,0.0695801,0.433362,0,0,0,iter,0,1,optk,1,dynamic
0,9,0.001,16,1,42801,42801,0.0702989,5183,0.0702989,0.440396,0,0,0,iter,0,1,k1,1,dynamic
0,92,0.01,11,0,0,0,0,0,0,0,0,0,0,iter,0,1,k1,1,dynamic
0,92,0.01,11,0,0,0,0,0,0,0,0,0,0,iter,0,1,optk,1,dynamic
0,92,0.01,11,0,0,0,0,0,0,0,0,0,0,iter,0,1,rootk,1,dynamic
0,92,0.01,12,0,0,0,0,0,0,0,0,0,0,iter,0,1,k1,1,dynamic
0,92,0.01,12,0,0,0,0,0,0,0,0,0,0,iter,0,1,optk,1,dynamic
0,92,0.01,12,0,0,0,0,0,0,0,0,0,0,iter,0,1,rootk,1,dynamic
0,92,0.01,13,0,8,8,6.63426e-06,5,6.63426e-06,1.06148e-05,0,0,0,iter,0,1,k1,1,dynamic
0,92,0.01,13,0,8,8,6.63426e-06,5,6.63426e-06,1.06148e-05,0,0,0,iter,0,1,optk,1,dynamic
0,92,0.01,13,0,8,8,6.63426e-06,5,6.63426e-06,1.06148e-05,0,0,0,iter,0,1,rootk,1,dynamic
0,92,0.01,13,1,0,0,0,0,0,0,0,0,0,iter,0,1,k1,1,dynamic
0,92,0.01,13,1,0,0,0,0,0,0,0,0,0,iter,0,1,optk,1,dynamic
0,92,0.01,13,1,0,0,0,0,0,0,0,0,0,iter,0,1,rootk,1,dynamic
0,92,0.01,14,0,2234,2234,0.00253694,1912,0.00253694,0.0029598,0,0,0,iter,0,1,optk,1,dynamic
0,92,0.01,14,0,2234,2234,0.00253959,1914,0.00253959,0.0029598,0,0,0,iter,0,1,k1,1,dynamic
0,92,0.01,14,0,2234,2234,0.00253959,1914,0.00253959,0.0029598,0,0,0,iter,0,1,rootk,1,dynamic
0,92,0.01,14,1,0,0,0,0,0,0,0,0,0,iter,0,1,k1,1,dynamic
0,92,0.01,14,1,0,0,0,0,0,0,0,0,0,iter,0,1,optk,1,dynamic
0,92,0.01,14,1,0,0,0,0,0,0,0,0,0,iter,0,1,rootk,1,dynamic
0,92,0.01,15,0,35039,35039,0.0376667,28388,0.0376667,0.0454274,0,0,0,iter,0,1,optk,1,dynamic
0,92,0.01,15,0,35039,35039,0.0376972,28411,0.0376972,0.0454274,0,0,0,iter,0,1,rootk,1,dynamic
0,92,0.01,15,0,35039,35039,0.0377104,28421,0.0377104,0.0454274,0,0,0,iter,0,1,k1,1,dynamic
0,92,0.01,15,1,108,108,1.85759e-05,14,1.85759e-05,0.00014329,0,14,14,iter,0,1,k1,1,dynamic
0,92,0.01,15,1,83,83,1.45954e-05,11,1.45954e-05,0.000110123,0,11,11,iter,0,1,rootk,1,dynamic
0,92,0.01,15,1,84,84,1.59222e-05,12,1.59222e-05,0.000111449,0,12,12,iter,0,1,optk,1,dynamic
0,92,0.01,16,0,238965,238965,0.228638,172316,0.228638,0.271721,0,0,0,iter,0,1,k1,1,dynamic
0,92,0.01,16,0,238965,238965,0.228715,172374,0.228715,0.271721,0,0,0,iter,0,1,rootk,1,dynamic
0,92,0.01,16,0,238965,238965,0.228761,172409,0.228761,0.271721,0,0,0,iter,0,1,optk,1,dynamic
0,92,0.01,16,1,10110,10110,0.0018629,1404,0.0018629,0.0133249,1,1415,1416,iter,0,1,k1,1,dynamic
0,92,0.01,16,1,8937,8937,0.0018974,1430,0.0018974,0.011788,1,1440,1441,iter,0,1,rootk,1,dynamic
0,92,0.01,16,1,9753,9753,0.00181381,1367,0.00181381,0.0128574,1,1374,1375,iter,0,1,optk,1,dynamic
0,920,0.1,11,0,0,0,0,0,0,0,0,0,0,iter,0,1,k1,1,dynamic
0,920,0.1,11,0,0,0,0,0,0,0,0,0,0,iter,0,1,optk,4,dynamic
0,920,0.1,11,0,0,0,0,0,0,0,0,0,0,iter,0,1,rootk,2,dynamic
0,920,0.1,12,0,0,0,0,0,0,0,0,0,0,iter,0,1,k1,1,dynamic
0,920,0.1,12,0,0,0,0,0,0,0,0,0,0,iter,0,1,optk,4,dynamic
0,920,0.1,12,0,0,0,0,0,0,0,0,0,0,iter,0,1,rootk,2,dynamic
0,920,0.1,13,0,8,8,1.76053e-12,10,1.32685e-06,2.12296e-06,0,0,0,iter,0,1,rootk,2,dynamic
0,920,0.1,13,0,8,8,4.95917e-23,20,2.6537e-06,4.24591e-06,0,0,0,iter,0,1,optk,4,dynamic
0,920,0.1,13,0,8,8,6.63426e-07,5,6.63426e-07,1.06148e-06,0,0,0,iter,0,1,k1,1,dynamic
0,920,0.1,13,1,0,0,0,0,0,0,0,0,0,iter,0,1,k1,1,dynamic
0,920,0.1,13,1,0,0,0,0,0,0,0,0,0,iter,0,1,optk,4,dynamic
0,920,0.1,13,1,0,0,0,0,0,0,0,0,0,iter,0,1,rootk,2,dynamic
0,920,0.1,14,0,2234,2234,0.000253959,1914,0.000253959,0.000296375,0,0,0,iter,0,1,k1,1,dynamic
0,920,0.1,14,0,2234,2234,1.06431e-12,7655,0.0010157,0.00118497,0,0,0,iter,0,1,optk,4,dynamic
0,920,0.1,14,0,2234,2234,2.58251e-07,3830,0.000508184,0.000592661,0,0,0,iter,0,1,rootk,2,dynamic
0,920,0.1,14,1,0,0,0,0,0,0,0,0,0,iter,0,1,k1,1,dynamic
0,920,0.1,14,1,0,0,0,0,0,0,0,0,0,iter,0,1,optk,4,dynamic
0,920,0.1,14,1,0,0,0,0,0,0,0,0,0,iter,0,1,rootk,2,dynamic
0,920,0.1,15,0,35039,35039,0.00383314,28889,0.00383314,0.00463836,0,0,0,iter,0,1,k1,1,dynamic
0,920,0.1,15,0,35039,35039,5.40971e-08,114940,0.0152508,0.0184248,0,0,0,iter,0,1,optk,4,dynamic
0,920,0.1,15,0,35039,35039,5.85442e-05,57666,0.00765142,0.00925521,0,0,0,iter,0,1,rootk,2,dynamic
0,920,0.1,15,1,0,0,0,0,0,0,0,0,0,iter,0,1,optk,4,dynamic
0,920,0.1,15,1,0,0,0,0,0,0,0,0,0,iter,0,1,rootk,2,dynamic
0,920,0.1,15,1,3,3,1.32685e-07,1,1.32685e-07,3.98055e-07,0,1,1,iter,0,1,k1,1,dynamic
0,920,0.1,16,0,238965,238965,0.00255769,381155,0.0505736,0.0614454,0,0,0,iter,0,1,rootk,2,dynamic
0,920,0.1,16,0,238965,238965,0.025619,193081,0.025619,0.0312097,0,0,0,iter,0,1,k1,1,dynamic
0,920,0.1,16,0,238965,238965,9.4563e-05,743204,0.0986121,0.119115,0,0,0,iter,0,1,optk,4,dynamic
0,920,0.1,16,1,1985,1985,3.67538e-05,277,3.67538e-05,0.000263345,1,277,278,iter,0,1,k1,1,dynamic
0,920,0.1,16,1,256,256,3.60529e-17,584,7.74881e-05,0.00013586,1,146,147,iter,0,1,optk,4,dynamic
0,920,0.1,16,1,337,337,1.87103e-09,326,4.32553e-05,8.94258e-05,1,163,164,iter,0,1,rootk,2,dynamic
0,4599,0.5,11,0,0,0,0,0,0,0,0,0,0,iter,0,1,k1,1,dynamic
0,4599,0.5,11,0,0,0,0,0,0,0,0,0,0,iter,0,1,optk,18,dynamic
0,4599,0.5,11,0,0,0,0,0,0,0,0,0,0,iter,0,1,rootk,4,dynamic
0,4599,0.5,12,0,0,0,0,0,0,0,0,0,0,iter,0,1,k1,1,dynamic
0,4599,0.5,12,0,0,0,0,0,0,0,0,0,0,iter,0,1,optk,18,dynamic
0,4599,0.5,12,0,0,0,0,0,0,0,0,0,0,iter,0,1,rootk,4,dynamic
0,4599,0.5,13,0,8,8,1.32714e-07,5,1.32714e-07,2.12342e-07,0,0,0,iter,0,1,k1,1,dynamic
0,4599,0.5,13,0,8,8,6.41808e-102,90,2.38885e-06,3.82216e-06,0,0,0,iter,0,1,optk,18,dynamic
0,4599,0.5,13,0,8,8,7.94157e-26,20,5.30856e-07,8.49369e-07,0,0,0,iter,0,1,rootk,4,dynamic
0,4599,0.5,13,1,0,0,0,0,0,0,0,0,0,iter,0,1,k1,1,dynamic
0,4599,0.5,13,1,0,0,0,0,0,0,0,0,0,iter,0,1,optk,18,dynamic
0,4599,0.5,13,1,0,0,0,0,0,0,0,0,0,iter,0,1,rootk,4,dynamic
0,4599,0.5,14,0,2234,2234,1.70884e-15,7660,0.000203318,0.000237158,0,0,0,iter,0,1,rootk,4,dynamic
0,4599,0.5,14,0,2234,2234,2.00358e-55,34456,0.000914559,0.00106677,0,0,0,iter,0,1,optk,18,dynamic
0,4599,0.5,14,0,2234,2234,5.08295e-05,1915,5.08295e-05,5.92948e-05,0,0,0,iter,0,1,k1,1,dynamic
0,4599,0.5,14,1,0,0,0,0,0,0,0,0,0,iter,0,1,k1,1,dynamic
0,4599,0.5,14,1,0,0,0,0,0,0,0,0,0,iter,0,1,optk,18,dynamic
0,4599,0.5,14,1,0,0,0,0,0,0,0,0,0,iter,0,1,rootk,4,dynamic
0,4599,0.5,15,0,35039,35039,0.000768175,28941,0.000768175,0.000929601,0,0,0,iter,0,1,k1,1,dynamic
0,4599,0.5,15,0,35039,35039,3.02704e-34,517473,0.0137352,0.0166012,0,0,0,iter,0,1,optk,18,dynamic
0,4599,0.5,15,0,35039,35039,8.87081e-11,115623,0.00306896,0.00371322,0,0,0,iter,0,1,rootk,4,dynamic
0,4599,0.5,15,1,0,0,0,0,0,0,0,0,0,iter,0,1,k1,1,dynamic
0,4599,0.5,15,1,0,0,0,0,0,0,0,0,0,iter,0,1,optk,18,dynamic
0,4599,0.5,15,1,0,0,0,0,0,0,0,0,0,iter,0,1,rootk,4,dynamic
0,4599,0.5,16,0,238965,238965,0.00517831,195093,0.00517831,0.00632273,0,0,0,iter,0,1,k1,1,dynamic
0,4599,0.5,16,0,238965,238965,1.28246e-19,3361246,0.0892169,0.107894,0,0,0,iter,0,1,optk,18,dynamic
0,4599,0.5,16,0,238965,238965,1.78385e-07,774271,0.0205513,0.0250521,0,0,0,iter,0,1,rootk,4,dynamic
0,4599,0.5,16,1,256,256,1.52861e-75,2628,6.97545e-05,0.000122302,1,146,147,iter,0,1,optk,18,dynamic
0,4599,0.5,16,1,256,256,5.77348e-20,584,1.5501e-05,2.71795e-05,1,146,147,iter,0,1,rootk,4,dynamic
0,4599,0.5,16,1,323,323,4.35302e-06,164,4.35302e-06,8.57329e-06,1,164,165,iter,0,1,k1,1,dynamic
1,3,0.001,10,0,0,0,0,0,0,0,0,0,0,iter,0,1,k1,1,dynamic
1,3,0.001,10,0,0,0,0,0,0,0,0,0,0,iter,0,1,optk,1,dynamic
1,3,0.001,10,0,0,0,0,0,0,0,0,0,0,iter,0,1,rootk,1,dynamic
1,3,0.001,11,0,0,0,0,0,0,0,0,0,0,iter,0,1,k1,1,dynamic
1,3,0.001,11,0,0,0,0,0,0,0,0,0,0,iter,0,1,optk,1,dynamic
1,3,0.001,11,0,0,0,0,0,0,0,0,0,0,iter,0,1,rootk,1,dynamic
1,3,0.001,12,0,0,0,0,0,0,0,0,0,0,iter,0,1,k1,1,dynamic
1,3,0.001,12,0,0,0,0,0,0,0,0,0,0,iter,0,1,optk,1,dynamic
1,3,0.001,12,0,0,0,0,0,0,0,0,0,0,iter,0,1,rootk,1,dynamic
1,3,0.001,13,0,3,3,0.00012207,3,0.00012207,0.000122063,0,0,0,iter,0,1,k1,1,dynamic
1,3,0.001,13,0,3,3,0.00012207,3,0.00012207,0.000122063,0,0,0,iter,0,1,optk,1,dynamic
1,3,0.001,13,0,3,3,0.00012207,3,0.00012207,0.000122063,0,0,0,iter,0,1,rootk,1,dynamic
1,3,0.001,13,1,0,0,0,0,0,0,0,0,0,iter,0,1,k1,1,dynamic
1,3,0.001,13,1,0,0,0,0,0,0,0,0,0,iter,0,1,optk,1,dynamic
1,3,0.001,13,1,0,0,0,0,0,0,0,0,0,iter,0,1,rootk,1,dynamic
1,3,0.001,14,0,37,37,0.000976562,24,0.000976562,0.0015044,0,0,0,iter,0,1,k1,1,dynamic
1,3,0.001,14,0,37,37,0.000976562,24,0.000976562,0.0015044,0,0,0,iter,0,1,optk,1,dynamic
1,3,0.001,14,0,37,37,0.000976562,24,0.000976562,0.0015044,0,0,0,iter,0,1,rootk,1,dynamic
1,3,0.001,14,1,15,15,0.000406901,10,0.000406901,0.000610165,0,21,21,iter,0,1,optk,1,dynamic
1,3,0.001,14,1,22,22,0.000732422,18,0.000732422,0.000894782,0,35,35,iter,0,1,rootk,1,dynamic
1,3,0.001,14,1,32,32,0.000813802,20,0.000813802,0.00130124,0,27,27,iter,0,1,k1,1,dynamic
1,3,0.001,15,0,1865,1865,0.0281576,692,0.0281576,0.0730791,726,1,727,type,0,2,k1,1,dynamic
1,3,0.001,15,0,2057,2057,0.0299072,735,0.0299072,0.0802925,772,1,773,type,0,2,rootk,1,dynamic
1,3,0.001,15,0,2506,2506,0.0300293,738,0.0300293,0.0969428,765,1,766,type,0,2,optk,1,dynamic
1,3,0.001,15,0,9182,9182,0.114624,2817,0.114624,0.311759,0,0,0,iter,0,1,optk,1,dynamic
1,3,0.001,15,0,9182,9182,0.115275,2833,0.115275,0.311759,0,0,0,iter,0,1,k1,1,dynamic
1,3,0.001,15,0,9182,9182,0.115316,2834,0.115316,0.311759,0,0,0,iter,0,1,rootk,1,dynamic
1,3,0.001,15,1,25976,25976,0.495768,12184,0.495768,0.652491,0,0,0,iter,0,1,optk,1,dynamic
1,3,0.001,15,1,26129,26129,0.494832,12161,0.494832,0.654648,0,0,0,iter,0,1,rootk,1,dynamic
1,3,0.001,15,1,26210,26210,0.4941,12143,0.4941,0.655785,0,0,0,iter,0,1,k1,1,dynamic
1,32,0.01,10,0,0,0,0,0,0,0,0,0,0,iter,0,1,k1,1,dynamic
1,32,0.01,10,0,0,0,0,0,0,0,0,0,0,iter,0,1,optk,1,dynamic
1,32,0.01,10,0,0,0,0,0,0,0,0,0,0,iter,0,1,rootk,1,dynamic
1,32,0.01,11,0,0,0,0,0,0,0,0,0,0,iter,0,1,k1,1,dynamic
1,32,0.01,11,0,0,0,0,0,0,0,0,0,0,iter,0,1,optk,1,dynamic
1,32,0.01,11,0,0,0,0,0,0,0,0,0,0,iter,0,1,rootk,1,dynamic
1,32,0.01,12,0,0,0,0,0,0,0,0,0,0,iter,0,1,k1,1,dynamic
1,32,0.01,12,0,0,0,0,0,0,0,0,0,0,iter,0,1,optk,1,dynamic
1,32,0.01,12,0,0,0,0,0,0,0,0,0,0,iter,0,1,rootk,1,dynamic
1,32,0.01,13,0,3,3,1.14441e-05,3,1.14441e-05,1.1444e-05,0,0,0,iter,0,1,k1,1,dynamic
1,32,0.01,13,0,3,3,1.14441e-05,3,1.14441e-05,1.1444e-05,0,0,0,iter,0,1,optk,1,dynamic
1,32,0.01,13,0,3,3,1.14441e-05,3,1.14441e-05,1.1444e-05,0,0,0,iter,0,1,rootk,1,dynamic
1,32,0.01,13,1,0,0,0,0,0,0,0,0,0,iter,0,1,k1,1,dynamic
1,32,0.01,13,1,0,0,0,0,0,0,0,0,0,iter,0,1,optk,1,dynamic
1,32,0.01,13,1,0,0,0,0,0,0,0,0,0,iter,0,1,rootk,1,dynamic
1,32,0.01,14,0,37,37,9.15527e-05,24,9.15527e-05,0.000141134,0,0,0,iter,0,1,k1,1,dynamic
1,32,0.01,14,0,37,37,9.15527e-05,24,9.15527e-05,0.000141134,0,0,0,iter,0,1,optk,1,dynamic
1,32,0.01,14,0,37,37,9.15527e-05,24,9.15527e-05,0.000141134,0,0,0,iter,0,1,rootk,1,dynamic
1,32,0.01,14,1,0,0,0,0,0,0,0,0,0,iter,0,1,k1,1,dynamic
1,32,0.01,14,1,0,0,0,0,0,0,0,0,0,iter,0,1,rootk,1,dynamic
1,32,0.01,14,1,1,1,3.8147e-06,1,3.8147e-06,3.81469e-06,0,1,1,iter,0,1,optk,1,dynamic
1,32,0.01,15,0,9182,9182,0.0113678,2980,0.0113678,0.0344202,0,0,0,iter,0,1,rootk,1,dynamic
1,32,0.01,15,0,9182,9182,0.0113754,2982,0.0113754,0.0344202,0,0,0,iter,0,1,k1,1,dynamic
1,32,0.01,15,0,9182,9182,0.0113792,2983,0.0113792,0.0344202,0,0,0,iter,0,1,optk,1,dynamic
1,32,0.01,15,1,2527,2527,0.00628662,1648,0.00628662,0.00959343,1,2516,2517,iter,0,1,rootk,1,dynamic
1,32,0.01,15,1,2637,2637,0.00646973,1696,0.00646973,0.0100089,1,2668,2669,iter,0,1,optk,1,dynamic
1,32,0.01,15,1,2722,2722,0.00661087,1733,0.00661087,0.0103299,1,2731,2732,iter,0,1,k1,1,dynamic
1,325,0.1,10,0,0,0,0,0,0,0,0,0,0,iter,0,1,k1,1,dynamic
1,325,0.1,10,0,0,0,0,0,0,0,0,0,0,iter,0,1,optk,3,dynamic
1,325,0.1,10,0,0,0,0,0,0,0,0,0,0,iter,0,1,rootk,2,dynamic
1,325,0.1,11,0,0,0,0,0,0,0,0,0,0,iter,0,1,k1,1,dynamic
1,325,0.1,11,0,0,0,0,0,0,0,0,0,0,iter,0,1,optk,3,dynamic
1,325,0.1,11,0,0,0,0,0,0,0,0,0,0,iter,0,1,rootk,2,dynamic
1,325,0.1,12,0,0,0,0,0,0,0,0,0,0,iter,0,1,k1,1,dynamic
1,325,0.1,12,0,0,0,0,0,0,0,0,0,0,iter,0,1,optk,3,dynamic
1,325,0.1,12,0,0,0,0,0,0,0,0,0,0,iter,0,1,rootk,2,dynamic
1,325,0.1,13,0,3,3,1.1268e-06,3,1.1268e-06,1.1268e-06,0,0,0,iter,0,1,k1,1,dynamic
1,325,0.1,13,0,3,3,3.86285e-17,9,3.38041e-06,3.3804e-06,0,0,0,iter,0,1,optk,3,dynamic
1,325,0.1,13,0,3,3,5.07874e-12,6,2.25361e-06,2.2536e-06,0,0,0,iter,0,1,rootk,2,dynamic
1,325,0.1,13,1,0,0,0,0,0,0,0,0,0,iter,0,1,k1,1,dynamic
1,325,0.1,13,1,0,0,0,0,0,0,0,0,0,iter,0,1,optk,3,dynamic
1,325,0.1,13,1,0,0,0,0,0,0,0,0,0,iter,0,1,rootk,2,dynamic
1,325,0.1,14,0,37,37,1.97778e-14,72,2.70433e-05,4.16908e-05,0,0,0,iter,0,1,optk,3,dynamic
1,325,0.1,14,0,37,37,3.25039e-10,48,1.80288e-05,2.77941e-05,0,0,0,iter,0,1,rootk,2,dynamic
1,325,0.1,14,0,37,37,9.01442e-06,24,9.01442e-06,1.38971e-05,0,0,0,iter,0,1,k1,1,dynamic
1,325,0.1,14,1,0,0,0,0,0,0,0,0,0,iter,0,1,optk,3,dynamic
1,325,0.1,14,1,0,0,0,0,0,0,0,0,0,iter,0,1,rootk,2,dynamic
1,325,0.1,14,1,1,1,3.75601e-07,1,3.75601e-07,3.75601e-07,0,1,1,iter,0,1,k1,1,dynamic
1,325,0.1,15,0,9182,9182,0.00112643,2999,0.00112643,0.00344283,0,0,0,iter,0,1,k1,1,dynamic
1,325,0.1,15,0,9182,9182,3.84228e-08,8984,0.0033744,0.010293,0,0,0,iter,0,1,optk,3,dynamic
1,325,0.1,15,0,9182,9182,5.0669e-06,5993,0.00225098,0.0068738,0,0,0,iter,0,1,rootk,2,dynamic
1,325,0.1,15,1,229,229,6.42278e-05,171,6.42278e-05,8.60089e-05,1,178,179,iter,0,1,k1,1,dynamic
1,325,0.1,15,1,7,7,2.0315e-11,12,4.50721e-06,5.2584e-06,1,6,7,iter,0,1,rootk,2,dynamic
1,325,0.1,15,1,7,7,3.09028e-16,18,6.76082e-06,7.88759e-06,1,6,7,iter,0,1,optk,3,dynamic
1,1625,0.5,10,0,0,0,0,0,0,0,0,0,0,iter,0,1,k1,1,dynamic
1,1625,0.5,10,0,0,0,0,0,0,0,0,0,0,iter,0,1,optk,16,dynamic
1,1625,0.5,10,0,0,0,0,0,0,0,0,0,0,iter,0,1,rootk,4,dynamic
1,1625,0.5,11,0,0,0,0,0,0,0,0,0,0,iter,0,1,k1,1,dynamic
1,1625,0.5,11,0,0,0,0,0,0,0,0,0,0,iter,0,1,optk,16,dynamic
1,1625,0.5,11,0,0,0,0,0,0,0,0,0,0,iter,0,1,rootk,4,dynamic
1,1625,0.5,12,0,0,0,0,0,0,0,0,0,0,iter,0,1,k1,1,dynamic
1,1625,0.5,12,0,0,0,0,0,0,0,0,0,0,iter,0,1,optk,16,dynamic
1,1625,0.5,12,0,0,0,0,0,0,0,0,0,0,iter,0,1,rootk,4,dynamic
1,1625,0.5,13,0,3,3,2.25361e-07,3,2.25361e-07,2.25361e-07,0,0,0,iter,0,1,k1,1,dynamic
1,1625,0.5,13,0,3,3,6.60316e-25,12,9.01442e-07,9.01442e-07,0,0,0,iter,0,1,rootk,4,dynamic
1,1625,0.5,13,0,3,3,8.1652e-88,48,3.60577e-06,3.60576e-06,0,0,0,iter,0,1,optk,16,dynamic
1,1625,0.5,13,1,0,0,0,0,0,0,0,0,0,iter,0,1,k1,1,dynamic
1,1625,0.5,13,1,0,0,0,0,0,0,0,0,0,iter,0,1,optk,16,dynamic
1,1625,0.5,13,1,0,0,0,0,0,0,0,0,0,iter,0,1,rootk,4,dynamic
1,1625,0.5,14,0,37,37,1.80288e-06,24,1.80288e-06,2.77944e-06,0,0,0,iter,0,1,k1,1,dynamic
1,1625,0.5,14,0,37,37,2.2983e-73,384,2.88462e-05,4.44702e-05,0,0,0,iter,0,1,optk,16,dynamic
1,1625,0.5,14,0,37,37,2.70465e-21,96,7.21154e-06,1.11177e-05,0,0,0,iter,0,1,rootk,4,dynamic
1,1625,0.5,14,1,0,0,0,0,0,0,0,0,0,iter,0,1,k1,1,dynamic
1,1625,0.5,14,1,0,0,0,0,0,0,0,0,0,iter,0,1,optk,16,dynamic
1,1625,0.5,14,1,0,0,0,0,0,0,0,0,0,iter,0,1,rootk,4,dynamic
1,1625,0.5,15,0,9182,9182,0.000225361,3000,0.000225361,0.000689516,0,0,0,iter,0,1,k1,1,dynamic
1,1625,0.5,15,0,9182,9182,6.58777e-13,11993,0.000900916,0.00275521,0,0,0,iter,0,1,rootk,4,dynamic
1,1625,0.5,15,0,9182,9182,7.95016e-40,47920,0.00359976,0.0109754,0,0,0,iter,0,1,optk,16,dynamic
1,1625,0.5,15,1,47,47,2.55409e-06,34,2.55409e-06,3.53064e-06,1,36,37,iter,0,1,k1,1,dynamic
1,1625,0.5,15,1,7,7,1.05651e-23,24,1.80288e-06,2.10336e-06,1,6,7,iter,0,1,rootk,4,dynamic
1,1625,0.5,15,1,7,7,5.35115e-83,96,7.21154e-06,8.41343e-06,1,6,7,iter,0,1,optk,16,dynamic
2,1,0.001,10,0,0,0,0,0,0,0,0,0,0,iter,0,1,k1,1,dynamic
2,1,0.001,10,0,0,0,0,0,0,0,0,0,0,iter,0,1,optk,1,dynamic
2,1,0.001,10,0,0,0,0,0,0,0,0,0,0,iter,0,1,rootk,1,dynamic
2,1,0.001,11,0,0,0,0,0,0,0,0,0,0,iter,0,1,k1,1,dynamic
2,1,0.001,11,0,0,0,0,0,0,0,0,0,0,iter,0,1,optk,1,dynamic
2,1,0.001,11,0,0,0,0,0,0,0,0,0,0,iter,0,1,rootk,1,dynamic
2,1,0.001,12,0,21,21,0.0020752,17,0.0020752,0.00256019,0,0,0,iter,0,1,k1,1,dynamic
2,1,0.001,12,0,21,21,0.0020752,17,0.0020752,0.00256019,0,0,0,iter,0,1,optk,1,dynamic
2,1,0.001,12,0,21,21,0.0020752,17,0.0020752,0.00256019,0,0,0,iter,0,1,rootk,1,dynamic
2,1,0.001,12,1,0,0,0,0,0,0,0,0,0,iter,0,1,k1,1,dynamic
2,1,0.001,12,1,0,0,0,0,0,0,0,0,0,iter,0,1,optk,1,dynamic
2,1,0.001,12,1,0,0,0,0,0,0,0,0,0,iter,0,1,rootk,1,dynamic
2,1,0.001,13,0,1212,1212,0.101562,832,0.101562,0.137525,0,0,0,iter,0,1,rootk,1,dynamic
2,1,0.001,13,0,1212,1212,0.102539,840,0.102539,0.137525,0,0,0,iter,0,1,k1,1,dynamic
2,1,0.001,13,0,1212,1212,0.103027,844,0.103027,0.137525,0,0,0,iter,0,1,optk,1,dynamic
2,1,0.001,13,1,104,104,0.00463867,38,0.00463867,0.0126151,1,39,40,iter,0,1,rootk,1,dynamic
2,1,0.001,13,1,42,42,0.00354004,29,0.00354004,0.00511383,1,30,31,iter,0,1,optk,1,dynamic
2,1,0.001,13,1,65,65,0.00439453,36,0.00439453,0.00790317,1,37,38,iter,0,1,k1,1,dynamic
2,1,0.01,10,0,0,0,0,0,0,0,0,0,0,iter,0,1,k1,1,dynamic
2,1,0.01,10,0,0,0,0,0,0,0,0,0,0,iter,0,1,optk,1,dynamic
2,1,0.01,10,0,0,0,0,0,0,0,0,0,0,iter,0,1,rootk,1,dynamic
2,1,0.01,11,0,0,0,0,0,0,0,0,0,0,iter,0,1,k1,1,dynamic
2,1,0.01,11,0,0,0,0,0,0,0,0,0,0,iter,0,1,optk,1,dynamic
2,1,0.01,11,0,0,0,0,0,0,0,0,0,0,iter,0,1,rootk,1,dynamic
2,1,0.01,12,0,21,21,0.0020752,17,0.0020752,0.00256019,0,0,0,iter,0,1,k1,1,dynamic
2,1,0.01,12,0,21,21,0.0020752,17,0.0020752,0.00256019,0,0,0,iter,0,1,optk,1,dynamic
2,1,0.01,12,0,21,21,0.0020752,17,0.0020752,0.00256019,0,0,0,iter,0,1,rootk,1,dynamic
2,1,0.01,12,1,0,0,0,0,0,0,0,0,0,iter,0,1,k1,1,dynamic
2,1,0.01,12,1,0,0,0,0,0,0,0,0,0,iter,0,1,optk,1,dynamic
2,1,0.01,12,1,0,0,0,0,0,0,0,0,0,iter,0,1,rootk,1,dynamic
2,1,0.01,13,0,1212,1212,0.102051,836,0.102051,0.137525,0,0,0,iter,0,1,k1,1,dynamic
2,1,0.01,13,0,1212,1212,0.102539,840,0.102539,0.137525,0,0,0,iter,0,1,optk,1,dynamic
2,1,0.01,13,0,1212,1212,0.102539,840,0.102539,0.137525,0,0,0,iter,0,1,rootk,1,dynamic
2,1,0.01,13,1,47,47,0.00366211,30,0.00366211,0.00572088,1,31,32,iter,0,1,k1,1,dynamic
2,1,0.01,13,1,53,53,0.00415039,34,0.00415039,0.00644884,1,36,37,iter,0,1,optk,1,dynamic
2,1,0.01,13,1,76,76,0.00415039,34,0.00415039,0.00923444,1,35,36,iter,0,1,rootk,1,dynamic
2,7,0.1,10,0,0,0,0,0,0,0,0,0,0,iter,0,1,k1,1,dynamic
2,7,0.1,10,0,0,0,0,0,0,0,0,0,0,iter,0,1,optk,5,dynamic
2,7,0.1,10,0,0,0,0,0,0,0,0,0,0,iter,0,1,rootk,2,dynamic
2,7,0.1,11,0,0,0,0,0,0,0,0,0,0,iter,0,1,k1,1,dynamic
2,7,0.1,11,0,0,0,0,0,0,0,0,0,0,iter,0,1,optk,5,dynamic
2,7,0.1,11,0,0,0,0,0,0,0,0,0,0,iter,0,1,rootk,2,dynamic
2,7,0.1,12,0,21,21,0.000296456,17,0.000296456,0.000366144,0,0,0,iter,0,1,k1,1,dynamic
2,7,0.1,12,0,21,21,3.51546e-07,34,0.000592913,0.000732154,0,0,0,iter,0,1,rootk,2,dynamic
2,7,0.1,12,0,21,21,7.15574e-15,85,0.00148228,0.00182938,0,0,0,iter,0,1,optk,5,dynamic
2,7,0.1,12,1,0,0,0,0,0,0,0,0,0,iter,0,1,k1,1,dynamic
2,7,0.1,12,1,0,0,0,0,0,0,0,0,0,iter,0,1,optk,5,dynamic
2,7,0.1,12,1,0,0,0,0,0,0,0,0,0,iter,0,1,rootk,2,dynamic
2,7,0.1,13,0,1212,1212,0.000914371,1734,0.0302386,0.0413902,0,0,0,iter,0,1,rootk,2,dynamic
2,7,0.1,13,0,1212,1212,0.0153111,878,0.0153111,0.0209138,0,0,0,iter,0,1,k1,1,dynamic
2,7,0.1,13,0,1212,1212,2.23354e-06,4249,0.0740967,0.100286,0,0,0,iter,0,1,optk,5,dynamic
2,7,0.1,13,1,3,3,1.22466e-18,15,0.000261579,0.000261545,1,3,4,iter,0,1,optk,5,dynamic
2,7,0.1,13,1,4,4,1.94627e-08,8,0.000139509,0.000139499,1,4,5,iter,0,1,rootk,2,dynamic
2,7,0.1,13,1,6,6,0.000104632,6,0.000104632,0.000104626,1,6,7,iter,0,1,k1,1,dynamic
2,34,0.5,10,0,0,0,0,0,0,0,0,0,0,iter,0,1,k1,1,dynamic
2,34,0.5,10,0,0,0,0,0,0,0,0,0,0,iter,0,1,optk,23,dynamic
2,34,0.5,10,0,0,0,0,0,0,0,0,0,0,iter,0,1,rootk,5,dynamic
2,34,0.5,11,0,0,0,0,0,0,0,0,0,0,iter,0,1,k1,1,dynamic
2,34,0.5,11,0,0,0,0,0,0,0,0,0,0,iter,0,1,optk,23,dynamic
2,34,0.5,11,0,0,0,0,0,0,0,0,0,0,iter,0,1,rootk,5,dynamic
2,34,0.5,12,0,21,21,2.44389e-66,391,0.00140381,0.00173261,0,0,0,iter,0,1,optk,23,dynamic
2,34,0.5,12,0,21,21,2.64698e-18,85,0.000305176,0.000376911,0,0,0,iter,0,1,rootk,5,dynamic
2,34,0.5,12,0,21,21,6.10352e-05,17,6.10352e-05,7.53935e-05,0,0,0,iter,0,1,k1,1,dynamic
2,34,0.5,12,1,0,0,0,0,0,0,0,0,0,iter,0,1,k1,1,dynamic
2,34,0.5,12,1,0,0,0,0,0,0,0,0,0,iter,0,1,optk,23,dynamic
2,34,0.5,12,1,0,0,0,0,0,0,0,0,0,iter,0,1,rootk,5,dynamic
2,34,0.5,13,0,1212,1212,0.00315947,880,0.00315947,0.00434199,0,0,0,iter,0,1,k1,1,dynamic
2,34,0.5,13,0,1212,1212,2.96171e-27,19564,0.0702407,0.0952379,0,0,0,iter,0,1,optk,23,dynamic
2,34,0.5,13,0,1212,1212,9.59477e-10,4378,0.0157183,0.0215223,0,0,0,iter,0,1,rootk,5,dynamic
2,34,0.5,13,1,3,3,1.15225e-83,69,0.000247731,0.0002477,1,3,4,iter,0,1,optk,23,dynamic
2,34,0.5,13,1,3,3,4.53014e-22,15,5.38545e-05,5.38531e-05,1,3,4,iter,0,1,rootk,5,dynamic
2,34,0.5,13,1,4,4,1.43612e-05,4,1.43612e-05,1.43611e-05,1,4,5,iter,0,1,k1,1,dynamic
3,1,0.001,11,0,0,0,0,0,0,0,0,0,0,iter,0,1,k1,1,dynamic
3,1,0.001,11,0,0,0,0,0,0,0,0,0,0,iter,0,1,optk,1,dynamic
3,1,0.001,11,0,0,0,0,0,0,0,0,0,0,iter,0,1,rootk,1,dynamic
3,1,0.001,12,0,0,0,0,0,0,0,0,0,0,iter,0,1,k1,1,dynamic
3,1,0.001,12,0,0,0,0,0,0,0,0,0,0,iter,0,1,optk,1,dynamic
3,1,0.001,12,0,0,0,0,0,0,0,0,0,0,iter,0,1,rootk,1,dynamic
3,1,0.001,13,0,9,9,0.00109863,9,0.00109863,0.00109803,0,0,0,iter,0,1,k1,1,dynamic
3,1,0.001,13,0,9,9,0.00109863,9,0.00109863,0.00109803,0,0,0,iter,0,1,optk,1,dynamic
3,1,0.001,13,0,9,9,0.00109863,9,0.00109863,0.00109803,0,0,0,iter,0,1,rootk,1,dynamic
3,1,0.001,13,1,0,0,0,0,0,0,0,0,0,iter,0,1,k1,1,dynamic
3,1,0.001,13,1,0,0,0,0,0,0,0,0,0,iter,0,1,optk,1,dynamic
3,1,0.001,13,1,0,0,0,0,0,0,0,0,0,iter,0,1,rootk,1,dynamic
3,1,0.001,14,0,1081,1081,0.0834961,684,0.0834961,0.123622,0,0,0,iter,0,1,rootk,1,dynamic
3,1,0.001,14,0,1081,1081,0.0836182,685,0.0836182,0.123622,0,0,0,iter,0,1,k1,1,dynamic
3,1,0.001,14,0,1081,1081,0.0844727,692,0.0844727,0.123622,0,0,0,iter,0,1,optk,1,dynamic
3,1,0.001,14,1,0,0,0,0,0,0,0,0,0,iter,0,1,k1,1,dynamic
3,1,0.001,14,1,0,0,0,0,0,0,0,0,0,iter,0,1,optk,1,dynamic
3,1,0.001,14,1,0,0,0,0,0,0,0,0,0,iter,0,1,rootk,1,dynamic
3,1,0.001,15,0,25813,25813,0.861572,7058,0.861572,0.957191,0,0,0,iter,0,1,optk,1,dynamic
3,1,0.001,15,0,25813,25813,0.862061,7062,0.862061,0.957191,0,0,0,iter,0,1,k1,1,dynamic
3,1,0.001,15,0,25813,25813,0.862183,7063,0.862183,0.957191,0,0,0,iter,0,1,rootk,1,dynamic
3,1,0.001,15,0,712,712,0.0571289,468,0.0571289,0.0832441,920,1,921,type,0,2,k1,1,dynamic
3,1,0.001,15,0,834,834,0.0599365,491,0.0599365,0.0967958,985,1,986,type,0,2,optk,1,dynamic
3,1,0.001,15,0,899,899,0.0645752,529,0.0645752,0.103934,1014,1,1015,type,0,2,rootk,1,dynamic
3,1,0.001,15,1,1374,1374,0.0609131,499,0.0609131,0.154413,0,0,0,iter,0,1,optk,1,dynamic
3,1,0.001,15,1,1439,1439,0.0604248,495,0.0604248,0.161096,0,0,0,iter,0,1,k1,1,dynamic
3,1,0.001,15,1,1444,1444,0.0604248,495,0.0604248,0.161608,0,0,0,iter,0,1,rootk,1,dynamic
3,7,0.01,11,0,0,0,0,0,0,0,0,0,0,iter,0,1,k1,1,dynamic
3,7,0.01,11,0,0,0,0,0,0,0,0,0,0,iter,0,1,optk,1,dynamic
3,7,0.01,11,0,0,0,0,0,0,0,0,0,0,iter,0,1,rootk,1,dynamic
3,7,0.01,12,0,0,0,0,0,0,0,0,0,0,iter,0,1,k1,1,dynamic
3,7,0.01,12,0,0,0,0,0,0,0,0,0,0,iter,0,1,optk,1,dynamic
3,7,0.01,12,0,0,0,0,0,0,0,0,0,0,iter,0,1,rootk,1,dynamic
3,7,0.01,13,0,9,9,0.000156948,9,0.000156948,0.000156935,0,0,0,iter,0,1,k1,1,dynamic
3,7,0.01,13,0,9,9,0.000156948,9,0.000156948,0.000156935,0,0,0,iter,0,1,optk,1,dynamic
3,7,0.01,13,0,9,9,0.000156948,9,0.000156948,0.000156935,0,0,0,iter,0,1,rootk,1,dynamic
3,7,0.01,13,1,0,0,0,0,0,0,0,0,0,iter,0,1,k1,1,dynamic
3,7,0.01,13,1,0,0,0,0,0,0,0,0,0,iter,0,1,optk,1,dynamic
3,7,0.01,13,1,0,0,0,0,0,0,0,0,0,iter,0,1,rootk,1,dynamic
3,7,0.01,14,0,1081,1081,0.0124337,713,0.0124337,0.0186746,0,0,0,iter,0,1,optk,1,dynamic
3,7,0.01,14,0,1081,1081,0.012486,716,0.012486,0.0186746,0,0,0,iter,0,1,k1,1,dynamic
3,7,0.01,14,0,1081,1081,0.012486,716,0.012486,0.0186746,0,0,0,iter,0,1,rootk,1,dynamic
3,7,0.01,14,1,0,0,0,0,0,0,0,0,0,iter,0,1,optk,1,dynamic
3,7,0.01,14,1,0,0,0,0,0,0,0,0,0,iter,0,1,rootk,1,dynamic
3,7,0.01,14,1,1,1,1.74386e-05,1,1.74386e-05,1.74385e-05,0,1,1,iter,0,1,k1,1,dynamic
3,7,0.01,15,0,25813,25813,0.245623,14085,0.245623,0.362463,0,0,0,iter,0,1,k1,1,dynamic
3,7,0.01,15,0,25813,25813,0.24639,14129,0.24639,0.362463,0,0,0,iter,0,1,optk,1,dynamic
3,7,0.01,15,0,25813,25813,0.247768,14208,0.247768,0.362463,0,0,0,iter,0,1,rootk,1,dynamic
3,7,0.01,15,1,319,319,0.00240653,138,0.00240653,0.00554747,1,139,140,iter,0,1,k1,1,dynamic
3,7,0.01,15,1,386,386,0.00249372,143,0.00249372,0.0067087,1,143,144,iter,0,1,rootk,1,dynamic
3,7,0.01,15,1,455,455,0.0027553,158,0.0027553,0.00790317,1,160,161,iter,0,1,optk,1,dynamic
3,74,0.1,11,0,0,0,0,0,0,0,0,0,0,iter,0,1,k1,1,dynamic
3,74,0.1,11,0,0,0,0,0,0,0,0,0,0,iter,0,1,optk,1,dynamic
3,74,0.1,11,0,0,0,0,0,0,0,0,0,0,iter,0,1,rootk,1,dynamic
3,74,0.1,12,0,0,0,0,0,0,0,0,0,0,iter,0,1,k1,1,dynamic
3,74,0.1,12,0,0,0,0,0,0,0,0,0,0,iter,0,1,optk,1,dynamic
3,74,0.1,12,0,0,0,0,0,0,0,0,0,0,iter,0,1,rootk,1,dynamic
3,74,0.1,13,0,9,9,1.48464e-05,9,1.48464e-05,1.48463e-05,0,0,0,iter,0,1,k1,1,dynamic
3,74,0.1,13,0,9,9,1.48464e-05,9,1.48464e-05,1.48463e-05,0,0,0,iter,0,1,optk,1,dynamic
3,74,0.1,13,0,9,9,1.48464e-05,9,1.48464e-05,1.48463e-05,0,0,0,iter,0,1,rootk,1,dynamic
3,74,0.1,13,1,0,0,0,0,0,0,0,0,0,iter,0,1,k1,1,dynamic
3,74,0.1,13,1,0,0,0,0,0,0,0,0,0,iter,0,1,optk,1,dynamic
3,74,0.1,13,1,0,0,0,0,0,0,0,0,0,iter,0,1,rootk,1,dynamic
3,74,0.1,14,0,1081,1081,0.00117946,715,0.00117946,0.00178163,0,0,0,iter,0,1,k1,1,dynamic
3,74,0.1,14,0,1081,1081,0.00118276,717,0.00118276,0.00178163,0,0,0,iter,0,1,optk,1,dynamic
3,74,0.1,14,0,1081,1081,0.00118276,717,0.00118276,0.00178163,0,0,0,iter,0,1,rootk,1,dynamic
3,74,0.1,14,1,0,0,0,0,0,0,0,0,0,iter,0,1,k1,1,dynamic
3,74,0.1,14,1,0,0,0,0,0,0,0,0,0,iter,0,1,optk,1,dynamic
3,74,0.1,14,1,0,0,0,0,0,0,0,0,0,iter,0,1,rootk,1,dynamic
3,74,0.1,15,0,25813,25813,0.0263721,15987,0.0263721,0.0416873,0,0,0,iter,0,1,optk,1,dynamic
3,74,0.1,15,0,25813,25813,0.0264051,16007,0.0264051,0.0416873,0,0,0,iter,0,1,k1,1,dynamic
3,74,0.1,15,0,25813,25813,0.0264068,16008,0.0264068,0.0416873,0,0,0,iter,0,1,rootk,1,dynamic
3,74,0.1,15,1,29,29,2.96928e-05,18,2.96928e-05,4.78372e-05,1,18,19,iter,0,1,optk,1,dynamic
3,74,0.1,15,1,38,38,3.2992e-05,20,3.2992e-05,6.26828e-05,1,20,21,iter,0,1,k1,1,dynamic
3,74,0.1,15,1,57,57,3.79408e-05,23,3.79408e-05,9.40227e-05,1,23,24,iter,0,1,rootk,1,dynamic
3,372,0.5,11,0,0,0,0,0,0,0,0,0,0,iter,0,1,k1,1,dynamic
3,372,0.5,11,0,0,0,0,0,0,0,0,0,0,iter,0,1,optk,2,dynamic
3,372,0.5,11,0,0,0,0,0,0,0,0,0,0,iter,0,1,rootk,1,dynamic
3,372,0.5,12,0,0,0,0,0,0,0,0,0,0,iter,0,1,k1,1,dynamic
3,372,0.5,12,0,0,0,0,0,0,0,0,0,0,iter,0,1,optk,2,dynamic
3,372,0.5,12,0,0,0,0,0,0,0,0,0,0,iter,0,1,rootk,1,dynamic
3,372,0.5,13,0,9,9,2.95331e-06,9,2.95331e-06,2.95331e-06,0,0,0,iter,0,1,k1,1,dynamic
3,372,0.5,13,0,9,9,2.95331e-06,9,2.95331e-06,2.95331e-06,0,0,0,iter,0,1,rootk,1,dynamic
3,372,0.5,13,0,9,9,3.48883e-11,18,5.90663e-06,5.90661e-06,0,0,0,iter,0,1,optk,2,dynamic
3,372,0.5,13,1,0,0,0,0,0,0,0,0,0,iter,0,1,k1,1,dynamic
3,372,0.5,13,1,0,0,0,0,0,0,0,0,0,iter,0,1,optk,2,dynamic
3,372,0.5,13,1,0,0,0,0,0,0,0,0,0,iter,0,1,rootk,1,dynamic
3,372,0.5,14,0,1081,1081,0.000235281,717,0.000235281,0.000354663,0,0,0,iter,0,1,k1,1,dynamic
3,372,0.5,14,0,1081,1081,0.000235281,717,0.000235281,0.000354663,0,0,0,iter,0,1,rootk,1,dynamic
3,372,0.5,14,0,1081,1081,2.21428e-07,1434,0.000470561,0.0007092,0,0,0,iter,0,1,optk,2,dynamic
3,372,0.5,14,1,0,0,0,0,0,0,0,0,0,iter,0,1,k1,1,dynamic
3,372,0.5,14,1,0,0,0,0,0,0,0,0,0,iter,0,1,optk,2,dynamic
3,372,0.5,14,1,0,0,0,0,0,0,0,0,0,iter,0,1,rootk,1,dynamic
3,372,0.5,15,0,25813,25813,0.000112306,32295,0.0105975,0.0167982,0,0,0,iter,0,1,optk,2,dynamic
3,372,0.5,15,0,25813,25813,0.0053117,16187,0.0053117,0.00843466,0,0,0,iter,0,1,k1,1,dynamic
3,372,0.5,15,0,25813,25813,0.005314,16194,0.005314,0.00843466,0,0,0,iter,0,1,rootk,1,dynamic
3,372,0.5,15,1,5,5,6.89151e-12,8,2.62517e-06,3.28145e-06,1,4,5,iter,0,1,optk,2,dynamic
3,372,0.5,15,1,9,9,1.64073e-06,5,1.64073e-06,2.95331e-06,1,5,6,iter,0,1,rootk,1,dynamic
3,372,0.5,15,1,9,9,2.62517e-06,8,2.62517e-06,2.95331e-06,1,8,9,iter,0,1,k1,1,dynamic
4,6,0.001,11,0,0,0,0,0,0,0,0,0,0,iter,0,1,k1,1,dynamic
4,6,0.001,11,0,0,0,0,0,0,0,0,0,0,iter,0,1,optk,1,dynamic
4,6,0.001,11,0,0,0,0,0,0,0,0,0,0,iter,0,1,rootk,1,dynamic
4,6,0.001,12,0,0,0,0,0,0,0,0,0,0,iter,0,1,k1,1,dynamic
4,6,0.001,12,0,0,0,0,0,0,0,0,0,0,iter,0,1,optk,1,dynamic
4,6,0.001,12,0,0,0,0,0,0,0,0,0,0,iter,0,1,rootk,1,dynamic
4,6,0.001,13,0,0,0,0,0,0,0,0,0,0,iter,0,1,k1,1,dynamic
4,6,0.001,13,0,0,0,0,0,0,0,0,0,0,iter,0,1,optk,1,dynamic
4,6,0.001,13,0,0,0,0,0,0,0,0,0,0,iter,0,1,rootk,1,dynamic
4,6,0.001,14,0,52,52,0.000793457,39,0.000793457,0.00105738,0,0,0,iter,0,1,k1,1,dynamic
4,6,0.001,14,0,52,52,0.000793457,39,0.000793457,0.00105738,0,0,0,iter,0,1,optk,1,dynamic
4,6,0.001,14,0,52,52,0.000793457,39,0.000793457,0.00105738,0,0,0,iter,0,1,rootk,1,dynamic
4,6,0.001,14,1,0,0,0,0,0,0,0,0,0,iter,0,1,k1,1,dynamic
4,6,0.001,14,1,0,0,0,0,0,0,0,0,0,iter,0,1,optk,1,dynamic
4,6,0.001,14,1,0,0,0,0,0,0,0,0,0,iter,0,1,rootk,1,dynamic
4,6,0.001,15,0,189,189,0.000915527,45,0.000915527,0.00383783,0,0,0,iter,0,1,k1,1,dynamic
4,6,0.001,15,0,189,189,0.000915527,45,0.000915527,0.00383783,0,0,0,iter,0,1,optk,1,dynamic
4,6,0.001,15,0,189,189,0.000915527,45,0.000915527,0.00383783,0,0,0,iter,0,1,rootk,1,dynamic
4,6,0.001,15,1,27,27,0.000467936,23,0.000467936,0.000549166,0,34,34,iter,0,1,rootk,1,dynamic
4,6,0.001,15,1,31,31,0.000447591,22,0.000447591,0.000630498,0,29,29,iter,0,1,k1,1,dynamic
4,6,0.001,15,1,40,40,0.000610352,30,0.000610352,0.000813471,0,50,50,iter,0,1,optk,1,dynamic
4,6,0.001,16,0,24667,24667,0.100972,4963,0.100972,0.394591,0,0,0,iter,0,1,k1,1,dynamic
4,6,0.001,16,0,24667,24667,0.101318,4980,0.101318,0.394591,0,0,0,iter,0,1,rootk,1,dynamic
4,6,0.001,16,0,24667,24667,0.101624,4995,0.101624,0.394591,0,0,0,iter,0,1,optk,1,dynamic
4,6,0.001,16,0,4639,4639,0.0236003,1160,0.0236003,0.0900637,1209,1,1210,type,0,2,k1,1,dynamic
4,6,0.001,16,0,5249,5249,0.0233561,1148,0.0233561,0.101287,1203,1,1204,type,0,2,rootk,1,dynamic
4,6,0.001,16,0,6024,6024,0.0243734,1198,0.0243734,0.115346,1237,1,1238,type,0,2,optk,1,dynamic
4,6,0.001,16,1,42153,42153,0.440308,21642,0.440308,0.575823,0,0,0,iter,0,1,k1,1,dynamic
4,6,0.001,16,1,42320,42320,0.438416,21549,0.438416,0.577262,0,0,0,iter,0,1,rootk,1,dynamic
4,6,0.001,16,1,43236,43236,0.44342,21795,0.44342,0.585067,0,0,0,iter,0,1,optk,1,dynamic
4,62,0.01,11,0,0,0,0,0,0,0,0,0,0,iter,0,1,k1,1,dynamic
4,62,0.01,11,0,0,0,0,0,0,0,0,0,0,iter,0,1,optk,1,dynamic
4,62,0.01,11,0,0,0,0,0,0,0,0,0,0,iter,0,1,rootk,1,dynamic
4,62,0.01,12,0,0,0,0,0,0,0,0,0,0,iter,0,1,k1,1,dynamic
4,62,0.01,12,0,0,0,0,0,0,0,0,0,0,iter,0,1,optk,1,dynamic
4,62,0.01,12,0,0,0,0,0,0,0,0,0,0,iter,0,1,rootk,1,dynamic
4,62,0.01,13,0,0,0,0,0,0,0,0,0,0,iter,0,1,k1,1,dynamic
4,62,0.01,13,0,0,0,0,0,0,0,0,0,0,iter,0,1,optk,1,dynamic
4,62,0.01,13,0,0,0,0,0,0,0,0,0,0,iter,0,1,rootk,1,dynamic
4,62,0.01,14,0,52,52,7.67862e-05,39,7.67862e-05,0.000102376,0,0,0,iter,0,1,k1,1,dynamic
4,62,0.01,14,0,52,52,7.67862e-05,39,7.67862e-05,0.000102376,0,0,0,iter,0,1,optk,1,dynamic
4,62,0.01,14,0,52,52,7.67862e-05,39,7.67862e-05,0.000102376,0,0,0,iter,0,1,rootk,1,dynamic
4,62,0.01,14,1,0,0,0,0,0,0,0,0,0,iter,0,1,k1,1,dynamic
4,62,0.01,14,1,0,0,0,0,0,0,0,0,0,iter,0,1,optk,1,dynamic
4,62,0.01,14,1,0,0,0,0,0,0,0,0,0,iter,0,1,rootk,1,dynamic
4,62,0.01,15,0,189,189,8.85994e-05,45,8.85994e-05,0.000372048,0,0,0,iter,0,1,k1,1,dynamic
4,62,0.01,15,0,189,189,8.85994e-05,45,8.85994e-05,0.000372048,0,0,0,iter,0,1,optk,1,dynamic
4,62,0.01,15,0,189,189,8.85994e-05,45,8.85994e-05,0.000372048,0,0,0,iter,0,1,rootk,1,dynamic
4,62,0.01,15,1,0,0,0,0,0,0,0,0,0,iter,0,1,optk,1,dynamic
4,62,0.01,15,1,2,2,3.93775e-06,2,3.93775e-06,3.93774e-06,0,2,2,iter,0,1,k1,1,dynamic
4,62,0.01,15,1,2,2,3.93775e-06,2,3.93775e-06,3.93774e-06,0,2,2,iter,0,1,rootk,1,dynamic
4,62,0.01,16,0,24667,24667,0.0103071,5235,0.0103071,0.0474058,0,0,0,iter,0,1,k1,1,dynamic
4,62,0.01,16,0,24667,24667,0.0103071,5235,0.0103071,0.0474058,0,0,0,iter,0,1,optk,1,dynamic
4,62,0.01,16,0,24667,24667,0.010309,5236,0.010309,0.0474058,0,0,0,iter,0,1,rootk,1,dynamic
4,62,0.01,16,1,4337,4337,0.00568808,2889,0.00568808,0.00850266,1,4474,4475,iter,0,1,rootk,1,dynamic
4,62,0.01,16,1,4340,4340,0.00585544,2974,0.00585544,0.00850852,1,4675,4676,iter,0,1,k1,1,dynamic
4,62,0.01,16,1,4427,4427,0.00573534,2913,0.00573534,0.00867834,1,4547,4548,iter,0,1,optk,1,dynamic
4,623,0.1,11,0,0,0,0,0,0,0,0,0,0,iter,0,1,k1,1,dynamic
4,623,0.1,11,0,0,0,0,0,0,0,0,0,0,iter,0,1,optk,4,dynamic
4,623,0.1,11,0,0,0,0,0,0,0,0,0,0,iter,0,1,rootk,2,dynamic
4,623,0.1,12,0,0,0,0,0,0,0,0,0,0,iter,0,1,k1,1,dynamic
4,623,0.1,12,0,0,0,0,0,0,0,0,0,0,iter,0,1,optk,4,dynamic
4,623,0.1,12,0,0,0,0,0,0,0,0,0,0,iter,0,1,rootk,2,dynamic
4,623,0.1,13,0,0,0,0,0,0,0,0,0,0,iter,0,1,k1,1,dynamic
4,623,0.1,13,0,0,0,0,0,0,0,0,0,0,iter,0,1,optk,4,dynamic
4,623,0.1,13,0,0,0,0,0,0,0,0,0,0,iter,0,1,rootk,2,dynamic
4,623,0.1,14,0,52,52,2.33579e-10,78,1.52833e-05,2.03775e-05,0,0,0,iter,0,1,rootk,2,dynamic
4,623,0.1,14,0,52,52,7.64164e-06,39,7.64164e-06,1.01888e-05,0,0,0,iter,0,1,k1,1,dynamic
4,623,0.1,14,0,52,52,8.72944e-19,156,3.05666e-05,4.07546e-05,0,0,0,iter,0,1,optk,4,dynamic
4,623,0.1,14,1,0,0,0,0,0,0,0,0,0,iter,0,1,k1,1,dynamic
4,623,0.1,14,1,0,0,0,0,0,0,0,0,0,iter,0,1,optk,4,dynamic
4,623,0.1,14,1,0,0,0,0,0,0,0,0,0,iter,0,1,rootk,2,dynamic
4,623,0.1,15,0,189,189,1.54731e-18,180,3.52691e-05,0.000148119,0,0,0,iter,0,1,optk,4,dynamic
4,623,0.1,15,0,189,189,3.10978e-10,90,1.76346e-05,7.40624e-05,0,0,0,iter,0,1,rootk,2,dynamic
4,623,0.1,15,0,189,189,8.81728e-06,45,8.81728e-06,3.70319e-05,0,0,0,iter,0,1,k1,1,dynamic
4,623,0.1,15,1,0,0,0,0,0,0,0,0,0,iter,0,1,k1,1,dynamic
4,623,0.1,15,1,0,0,0,0,0,0,0,0,0,iter,0,1,optk,4,dynamic
4,623,0.1,15,1,0,0,0,0,0,0,0,0,0,iter,0,1,rootk,2,dynamic
4,623,0.1,16,0,24667,24667,0.00103064,5260,0.00103064,0.00482158,0,0,0,iter,0,1,k1,1,dynamic
4,623,0.1,16,0,24667,24667,2.86823e-10,21003,0.00411532,0.0191473,0,0,0,iter,0,1,optk,4,dynamic
4,623,0.1,16,0,24667,24667,4.24243e-06,10512,0.00205972,0.00961991,0,0,0,iter,0,1,rootk,2,dynamic
4,623,0.1,16,1,11,11,2.4757e-21,36,7.05382e-06,8.6213e-06,1,9,10,iter,0,1,optk,4,dynamic
4,623,0.1,16,1,20,20,2.2114e-11,24,4.70255e-06,7.83755e-06,1,12,13,iter,0,1,rootk,2,dynamic
4,623,0.1,16,1,459,459,5.46671e-05,279,5.46671e-05,8.99322e-05,1,286,287,iter,0,1,k1,1,dynamic
4,3116,0.5,11,0,0,0,0,0,0,0,0,0,0,iter,0,1,k1,1,dynamic
4,3116,0.5,11,0,0,0,0,0,0,0,0,0,0,iter,0,1,optk,22,dynamic
4,3116,0.5,11,0,0,0,0,0,0,0,0,0,0,iter,0,1,rootk,5,dynamic
4,3116,0.5,12,0,0,0,0,0,0,0,0,0,0,iter,0,1,k1,1,dynamic
4,3116,0.5,12,0,0,0,0,0,0,0,0,0,0,iter,0,1,optk,22,dynamic
4,3116,0.5,12,0,0,0,0,0,0,0,0,0,0,iter,0,1,rootk,5,dynamic
4,3116,0.5,13,0,0,0,0,0,0,0,0,0,0,iter,0,1,k1,1,dynamic
4,3116,0.5,13,0,0,0,0,0,0,0,0,0,0,iter,0,1,optk,22,dynamic
4,3116,0.5,13,0,0,0,0,0,0,0,0,0,0,iter,0,1,rootk,5,dynamic
4,3116,0.5,14,0,52,52,1.52784e-06,39,1.52784e-06,2.03711e-06,0,0,0,iter,0,1,k1,1,dynamic
4,3116,0.5,14,0,52,52,2.60157e-26,195,7.63919e-06,1.01855e-05,0,0,0,iter,0,1,rootk,5,dynamic
4,3116,0.5,14,0,52,52,3.82823e-99,858,3.36124e-05,4.48156e-05,0,0,0,iter,0,1,optk,22,dynamic
4,3116,0.5,14,1,0,0,0,0,0,0,0,0,0,iter,0,1,k1,1,dynamic
4,3116,0.5,14,1,0,0,0,0,0,0,0,0,0,iter,0,1,optk,22,dynamic
4,3116,0.5,14,1,0,0,0,0,0,0,0,0,0,iter,0,1,rootk,5,dynamic
4,3116,0.5,15,0,189,189,1.76289e-06,45,1.76289e-06,7.40411e-06,0,0,0,iter,0,1,k1,1,dynamic
4,3116,0.5,15,0,189,189,5.32078e-26,225,8.81445e-06,3.702e-05,0,0,0,iter,0,1,rootk,5,dynamic
4,3116,0.5,15,0,189,189,8.91768e-98,990,3.87836e-05,0.000162878,0,0,0,iter,0,1,optk,22,dynamic
4,3116,0.5,15,1,0,0,0,0,0,0,0,0,0,iter,0,1,k1,1,dynamic
4,3116,0.5,15,1,0,0,0,0,0,0,0,0,0,iter,0,1,optk,22,dynamic
4,3116,0.5,15,1,0,0,0,0,0,0,0,0,0,iter,0,1,rootk,5,dynamic
4,3116,0.5,16,0,24667,24667,0.000206101,5261,0.000206101,0.000965871,0,0,0,iter,0,1,k1,1,dynamic
4,3116,0.5,16,0,24667,24667,1.15926e-15,26292,0.00103,0.00482003,0,0,0,iter,0,1,rootk,5,dynamic
4,3116,0.5,16,0,24667,24667,2.64144e-52,115485,0.00452416,0.021035,0,0,0,iter,0,1,optk,22,dynamic
4,3116,0.5,16,1,11,11,1.70265e-29,45,1.76289e-06,2.15464e-06,1,9,10,iter,0,1,rootk,5,dynamic
4,3116,0.5,16,1,11,11,3.74034e-113,198,7.75671e-06,9.48038e-06,1,9,10,iter,0,1,optk,22,dynamic
4,3116,0.5,16,1,117,117,2.58557e-06,66,2.58557e-06,4.5835e-06,1,66,67,iter,0,1,k1,1,dynamic
5,32,0.001,10,0,0,0,0,0,0,0,0,0,0,iter,0,1,k1,1,dynamic
5,32,0.001,10,0,0,0,0,0,0,0,0,0,0,iter,0,1,optk,1,dynamic
5,32,0.001,10,0,0,0,0,0,0,0,0,0,0,iter,0,1,rootk,1,dynamic
5,32,0.001,11,0,0,0,0,0,0,0,0,0,0,iter,0,1,k1,1,dynamic
5,32,0.001,11,0,0,0,0,0,0,0,0,0,0,iter,0,1,optk,1,dynamic
5,32,0.001,11,0,0,0,0,0,0,0,0,0,0,iter,0,1,rootk,1,dynamic
5,32,0.001,12,0,0,0,0,0,0,0,0,0,0,iter,0,1,k1,1,dynamic
5,32,0.001,12,0,0,0,0,0,0,0,0,0,0,iter,0,1,optk,1,dynamic
5,32,0.001,12,0,0,0,0,0,0,0,0,0,0,iter,0,1,rootk,1,dynamic
5,32,0.001,13,0,3,3,7.62939e-06,2,7.62939e-06,1.1444e-05,0,0,0,iter,0,1,k1,1,dynamic
5,32,0.001,13,0,3,3,7.62939e-06,2,7.62939e-06,1.1444e-05,0,0,0,iter,0,1,optk,1,dynamic
5,32,0.001,13,0,3,3,7.62939e-06,2,7.62939e-06,1.1444e-05,0,0,0,iter,0,1,rootk,1,dynamic
5,32,0.001,13,1,0,0,0,0,0,0,0,0,0,iter,0,1,k1,1,dynamic
5,32,0.001,13,1,0,0,0,0,0,0,0,0,0,iter,0,1,optk,1,dynamic
5,32,0.001,13,1,0,0,0,0,0,0,0,0,0,iter,0,1,rootk,1,dynamic
5,32,0.001,14,0,829,829,0.00192261,504,0.00192261,0.00315739,0,0,0,iter,0,1,rootk,1,dynamic
5,32,0.001,14,0,829,829,0.00192642,505,0.00192642,0.00315739,0,0,0,iter,0,1,k1,1,dynamic
5,32,0.001,14,0,829,829,0.00192642,505,0.00192642,0.00315739,0,0,0,iter,0,1,optk,1,dynamic
5,32,0.001,14,1,0,0,0,0,0,0,0,0,0,iter,0,1,k1,1,dynamic
5,32,0.001,14,1,2,2,3.8147e-06,1,3.8147e-06,7.62937e-06,0,1,1,iter,0,1,rootk,1,dynamic
5,32,0.001,14,1,2,2,7.62939e-06,2,7.62939e-06,7.62937e-06,0,2,2,iter,0,1,optk,1,dynamic
5,32,0.001,15,0,66297,66297,0.119289,31271,0.119289,0.223457,0,0,0,iter,0,1,optk,1,dynamic
5,32,0.001,15,0,66297,66297,0.119511,31329,0.119511,0.223457,0,0,0,iter,0,1,k1,1,dynamic
5,32,0.001,15,0,66297,66297,0.119797,31404,0.119797,0.223457,0,0,0,iter,0,1,rootk,1,dynamic
5,32,0.001,15,1,2497,2497,0.00413513,1084,0.00413513,0.00948008,0,1116,1116,iter,0,1,rootk,1,dynamic
5,32,0.001,15,1,2808,2808,0.00421524,1105,0.00421524,0.0106545,0,1139,1139,iter,0,1,k1,1,dynamic
5,32,0.001,15,1,2833,2833,0.0043335,1136,0.0043335,0.0107489,0,1190,1190,iter,0,1,optk,1,dynamic
5,32,0.001,16,0,1706393,1706393,0.949669,248950,0.949669,0.998511,0,0,0,iter,0,1,optk,1,dynamic
5,32,0.001,16,0,1706393,1706393,0.950081,249058,0.950081,0.998511,0,0,0,iter,0,1,k1,1,dynamic
5,32,0.001,16,0,1706393,1706393,0.95055,249181,0.95055,0.998511,0,0,0,iter,0,1,rootk,1,dynamic
5,32,0.001,16,0,77357,77357,0.126965,33283,0.126965,0.255538,43443,1,43444,type,0,8,k1,1,dynamic
5,32,0.001,16,0,77452,77452,0.128155,33595,0.128155,0.255808,43879,1,43880,type,0,8,optk,1,dynamic
5,32,0.001,16,0,77548,77548,0.126793,33238,0.126793,0.25608,43461,1,43462,type,0,8,rootk,1,dynamic
5,32,0.001,16,1,459503,459503,0.361614,94795,0.361614,0.826723,0,0,0,iter,0,1,optk,1,dynamic
5,32,0.001,16,1,459728,459728,0.361824,94850,0.361824,0.826872,0,0,0,iter,0,1,k1,1,dynamic
5,32,0.001,16,1,460947,460947,0.360809,94584,0.360809,0.827675,0,0,0,iter,0,1,rootk,1,dynamic
5,321,0.01,10,0,0,0,0,0,0,0,0,0,0,iter,0,1,k1,1,dynamic
5,321,0.01,10,0,0,0,0,0,0,0,0,0,0,iter,0,1,optk,1,dynamic
5,321,0.01,10,0,0,0,0,0,0,0,0,0,0,iter,0,1,rootk,1,dynamic
5,321,0.01,11,0,0,0,0,0,0,0,0,0,0,iter,0,1,k1,1,dynamic
5,321,0.01,11,0,0,0,0,0,0,0,0,0,0,iter,0,1,optk,1,dynamic
5,321,0.01,11,0,0,0,0,0,0,0,0,0,0,iter,0,1,rootk,1,dynamic
5,321,0.01,12,0,0,0,0,0,0,0,0,0,0,iter,0,1,k1,1,dynamic
5,321,0.01,12,0,0,0,0,0,0,0,0,0,0,iter,0,1,optk,1,dynamic
5,321,0.01,12,0,0,0,0,0,0,0,0,0,0,iter,0,1,rootk,1,dynamic
5,321,0.01,13,0,3,3,7.60563e-07,2,7.60563e-07,1.14084e-06,0,0,0,iter,0,1,k1,1,dynamic
5,321,0.01,13,0,3,3,7.60563e-07,2,7.60563e-07,1.14084e-06,0,0,0,iter,0,1,optk,1,dynamic
5,321,0.01,13,0,3,3,7.60563e-07,2,7.60563e-07,1.14084e-06,0,0,0,iter,0,1,rootk,1,dynamic
5,321,0.01,13,1,0,0,0,0,0,0,0,0,0,iter,0,1,k1,1,dynamic
5,321,0.01,13,1,0,0,0,0,0,0,0,0,0,iter,0,1,optk,1,dynamic
5,321,0.01,13,1,0,0,0,0,0,0,0,0,0,iter,0,1,rootk,1,dynamic
5,321,0.01,14,0,829,829,0.000192042,505,0.000192042,0.000315204,0,0,0,iter,0,1,k1,1,dynamic
5,321,0.01,14,0,829,829,0.000192042,505,0.000192042,0.000315204,0,0,0,iter,0,1,optk,1,dynamic
5,321,0.01,14,0,829,829,0.000192042,505,0.000192042,0.000315204,0,0,0,iter,0,1,rootk,1,dynamic
5,321,0.01,14,1,0,0,0,0,0,0,0,0,0,iter,0,1,k1,1,dynamic
5,321,0.01,14,1,0,0,0,0,0,0,0,0,0,iter,0,1,optk,1,dynamic
5,321,0.01,14,1,0,0,0,0,0,0,0,0,0,iter,0,1,rootk,1,dynamic
5,321,0.01,15,0,66297,66297,0.0126101,33160,0.0126101,0.0248964,0,0,0,iter,0,1,rootk,1,dynamic
5,321,0.01,15,0,66297,66297,0.0126113,33163,0.0126113,0.0248964,0,0,0,iter,0,1,optk,1,dynamic
5,321,0.01,15,0,66297,66297,0.0126143,33171,0.0126143,0.0248964,0,0,0,iter,0,1,k1,1,dynamic
5,321,0.01,15,1,243,243,3.95493e-05,104,3.95493e-05,9.24041e-05,0,104,104,iter,0,1,optk,1,dynamic
5,321,0.01,15,1,248,248,4.06901e-05,107,4.06901e-05,9.43053e-05,0,108,108,iter,0,1,rootk,1,dynamic
5,321,0.01,15,1,311,311,5.24788e-05,138,5.24788e-05,0.000118261,0,138,138,iter,0,1,k1,1,dynamic
5,321,0.01,16,0,1706393,1706393,0.258035,678538,0.258035,0.477385,0,0,0,iter,0,1,optk,1,dynamic
5,321,0.01,16,0,1706393,1706393,0.258245,679090,0.258245,0.477385,0,0,0,iter,0,1,rootk,1,dynamic
5,321,0.01,16,0,1706393,1706393,0.258274,679166,0.258274,0.477385,0,0,0,iter,0,1,k1,1,dynamic
5,321,0.01,16,1,121432,121432,0.0120762,31756,0.0120762,0.0451283,0,0,0,iter,0,1,rootk,1,dynamic
5,321,0.01,16,1,125220,125220,0.0120492,31685,0.0120492,0.0465028,0,0,0,iter,0,1,k1,1,dynamic
5,321,0.01,16,1,125665,125665,0.0120842,31777,0.0120842,0.0466642,0,0,0,iter,0,1,optk,1,dynamic
5,321,0.01,16,2,20073,20073,0.00356362,9371,0.00356362,0.00760433,12076,1,12077,iter,0,1,optk,1,dynamic
5,321,0.01,16,2,20647,20647,0.00364728,9591,0.00364728,0.00782093,12464,1,12465,iter,0,1,k1,1,dynamic
5,321,0.01,16,2,21170,21170,0.00363549,9560,0.00363549,0.00801824,12386,1,12387,iter,0,1,rootk,1,dynamic
5,3208,0.1,10,0,0,0,0,0,0,0,0,0,0,iter,0,1,k1,1,dynamic
5,3208,0.1,10,0,0,0,0,0,0,0,0,0,0,iter,0,1,optk,4,dynamic
5,3208,0.1,10,0,0,0,0,0,0,0,0,0,0,iter,0,1,rootk,2,dynamic
5,3208,0.1,11,0,0,0,0,0,0,0,0,0,0,iter,0,1,k1,1,dynamic
5,3208,0.1,11,0,0,0,0,0,0,0,0,0,0,iter,0,1,optk,4,dynamic
5,3208,0.1,11,0,0,0,0,0,0,0,0,0,0,iter,0,1,rootk,2,dynamic
5,3208,0.1,12,0,0,0,0,0,0,0,0,0,0,iter,0,1,k1,1,dynamic
5,3208,0.1,12,0,0,0,0,0,0,0,0,0,0,iter,0,1,optk,4,dynamic
5,3208,0.1,12,0,0,0,0,0,0,0,0,0,0,iter,0,1,rootk,2,dynamic
5,3208,0.1,13,0,3,3,2.31671e-14,4,1.52207e-07,2.28311e-07,0,0,0,iter,0,1,rootk,2,dynamic
5,3208,0.1,13,0,3,3,7.61037e-08,2,7.61037e-08,1.14156e-07,0,0,0,iter,0,1,k1,1,dynamic
5,3208,0.1,13,0,3,3,8.58742e-27,8,3.04415e-07,4.56622e-07,0,0,0,iter,0,1,optk,4,dynamic
5,3208,0.1,13,1,0,0,0,0,0,0,0,0,0,iter,0,1,k1,1,dynamic
5,3208,0.1,13,1,0,0,0,0,0,0,0,0,0,iter,0,1,optk,4,dynamic
5,3208,0.1,13,1,0,0,0,0,0,0,0,0,0,iter,0,1,rootk,2,dynamic
5,3208,0.1,14,0,829,829,1.47705e-09,1010,3.84324e-05,6.3088e-05,0,0,0,iter,0,1,rootk,2,dynamic
5,3208,0.1,14,0,829,829,1.92162e-05,505,1.92162e-05,3.15445e-05,0,0,0,iter,0,1,k1,1,dynamic
5,3208,0.1,14,0,829,829,3.49067e-17,2020,7.68647e-05,0.000126172,0,0,0,iter,0,1,optk,4,dynamic
5,3208,0.1,14,1,0,0,0,0,0,0,0,0,0,iter,0,1,k1,1,dynamic
5,3208,0.1,14,1,0,0,0,0,0,0,0,0,0,iter,0,1,optk,4,dynamic
5,3208,0.1,14,1,0,0,0,0,0,0,0,0,0,iter,0,1,rootk,2,dynamic
5,3208,0.1,15,0,66297,66297,0.00126891,33347,0.00126891,0.00251954,0,0,0,iter,0,1,k1,1,dynamic
5,3208,0.1,15,0,66297,66297,6.43884e-06,66685,0.00253749,0.00503274,0,0,0,iter,0,1,rootk,2,dynamic
5,3208,0.1,15,0,66297,66297,6.5925e-10,133164,0.00506714,0.0100401,0,0,0,iter,0,1,optk,4,dynamic
5,3208,0.1,15,1,0,0,0,0,0,0,0,0,0,iter,0,1,optk,4,dynamic
5,3208,0.1,15,1,0,0,0,0,0,0,0,0,0,iter,0,1,rootk,2,dynamic
5,3208,0.1,15,1,12,12,3.80518e-07,10,3.80518e-07,4.56622e-07,0,10,10,iter,0,1,k1,1,dynamic
5,3208,0.1,16,0,1706393,1706393,0.000160933,2959957,0.112632,0.228737,0,0,0,iter,0,1,optk,4,dynamic
5,3208,0.1,16,0,1706393,1706393,0.00336659,1524824,0.0580224,0.121784,0,0,0,iter,0,1,rootk,2,dynamic
5,3208,0.1,16,0,1706393,1706393,0.0294362,773582,0.0294362,0.0628683,0,0,0,iter,0,1,k1,1,dynamic
5,3208,0.1,16,1,14087,14087,0.000142276,3739,0.000142276,0.000535893,1,3756,3757,iter,0,1,k1,1,dynamic
5,3208,0.1,16,1,1599,1599,1.36237e-09,970,3.69103e-05,0.000121682,1,485,486,iter,0,1,rootk,2,dynamic
5,3208,0.1,16,1,60,60,4.23493e-21,212,8.06699e-06,9.1324e-06,1,53,54,iter,0,1,optk,4,dynamic
5,16041,0.5,10,0,0,0,0,0,0,0,0,0,0,iter,0,1,k1,1,dynamic
5,16041,0.5,10,0,0,0,0,0,0,0,0,0,0,iter,0,1,optk,22,dynamic
5,16041,0.5,10,0,0,0,0,0,0,0,0,0,0,iter,0,1,rootk,5,dynamic
5,16041,0.5,11,0,0,0,0,0,0,0,0,0,0,iter,0,1,k1,1,dynamic
5,16041,0.5,11,0,0,0,0,0,0,0,0,0,0,iter,0,1,optk,22,dynamic
5,16041,0.5,11,0,0,0,0,0,0,0,0,0,0,iter,0,1,rootk,5,dynamic
5,16041,0.5,12,0,0,0,0,0,0,0,0,0,0,iter,0,1,k1,1,dynamic
5,16041,0.5,12,0,0,0,0,0,0,0,0,0,0,iter,0,1,optk,22,dynamic
5,16041,0.5,12,0,0,0,0,0,0,0,0,0,0,iter,0,1,rootk,5,dynamic
5,16041,0.5,13,0,3,3,1.52198e-08,2,1.52198e-08,2.28297e-08,0,0,0,iter,0,1,k1,1,dynamic
5,16041,0.5,13,0,3,3,2.55207e-36,10,7.60989e-08,1.14148e-07,0,0,0,iter,0,1,rootk,5,dynamic
5,16041,0.5,13,0,3,3,3.51794e-143,44,3.34835e-07,5.02253e-07,0,0,0,iter,0,1,optk,22,dynamic
5,16041,0.5,13,1,0,0,0,0,0,0,0,0,0,iter,0,1,k1,1,dynamic
5,16041,0.5,13,1,0,0,0,0,0,0,0,0,0,iter,0,1,optk,22,dynamic
5,16041,0.5,13,1,0,0,0,0,0,0,0,0,0,iter,0,1,rootk,5,dynamic
5,16041,0.5,14,0,829,829,2.48416e-90,11109,8.45383e-05,0.00013878,0,0,0,iter,0,1,optk,22,dynamic
5,16041,0.5,14,0,829,829,2.61939e-24,2525,1.9215e-05,3.15425e-05,0,0,0,iter,0,1,rootk,5,dynamic
5,16041,0.5,14,0,829,829,3.843e-06,505,3.843e-06,6.30858e-06,0,0,0,iter,0,1,k1,1,dynamic
5,16041,0.5,14,1,0,0,0,0,0,0,0,0,0,iter,0,1,k1,1,dynamic
5,16041,0.5,14,1,0,0,0,0,0,0,0,0,0,iter,0,1,optk,22,dynamic
5,16041,0.5,14,1,0,0,0,0,0,0,0,0,0,iter,0,1,rootk,5,dynamic
5,16041,0.5,15,0,66297,66297,0.000253942,33370,0.000253942,0.000504386,0,0,0,iter,0,1,k1,1,dynamic
5,16041,0.5,15,0,66297,66297,2.58669e-50,732243,0.00557229,0.0110379,0,0,0,iter,0,1,optk,22,dynamic
5,16041,0.5,15,0,66297,66297,3.29346e-15,166783,0.0012692,0.00251939,0,0,0,iter,0,1,rootk,5,dynamic
5,16041,0.5,15,1,0,0,0,0,0,0,0,0,0,iter,0,1,optk,22,dynamic
5,16041,0.5,15,1,0,0,0,0,0,0,0,0,0,iter,0,1,rootk,5,dynamic
5,16041,0.5,15,1,8,8,1.52198e-08,2,1.52198e-08,6.08792e-08,0,2,2,iter,0,1,k1,1,dynamic
5,16041,0.5,16,0,1706393,1706393,0.00595718,782821,0.00595718,0.0129015,0,0,0,iter,0,1,k1,1,dynamic
5,16041,0.5,16,0,1706393,1706393,2.20836e-08,3867546,0.0294316,0.0628645,0,0,0,iter,0,1,rootk,5,dynamic
5,16041,0.5,16,0,1706393,1706393,9.8094e-21,16186412,0.123177,0.248497,0,0,0,iter,0,1,optk,22,dynamic
5,16041,0.5,16,1,2946,2946,5.65415e-06,743,5.65415e-06,2.24185e-05,1,743,744,iter,0,1,k1,1,dynamic
5,16041,0.5,16,1,48,48,1.47165e-29,225,1.71223e-06,1.82637e-06,1,45,46,iter,0,1,rootk,5,dynamic
5,16041,0.5,16,1,48,48,1.96926e-113,990,7.5338e-06,8.03602e-06,1,45,46,iter,0,1,optk,22,dynamic
6,1,0.001,11,0,0,0,0,0,0,0,0,0,0,iter,0,1,k1,1,dynamic
6,1,0.001,11,0,0,0,0,0,0,0,0,0,0,iter,0,1,optk,1,dynamic
6,1,0.001,11,0,0,0,0,0,0,0,0,0,0,iter,0,1,rootk,1,dynamic
6,1,0.001,12,0,0,0,0,0,0,0,0,0,0,iter,0,1,k1,1,dynamic
6,1,0.001,12,0,0,0,0,0,0,0,0,0,0,iter,0,1,optk,1,dynamic
6,1,0.001,12,0,0,0,0,0,0,0,0,0,0,iter,0,1,rootk,1,dynamic
6,1,0.001,13,0,0,0,0,0,0,0,0,0,0,iter,0,1,k1,1,dynamic
6,1,0.001,13,0,0,0,0,0,0,0,0,0,0,iter,0,1,optk,1,dynamic
6,1,0.001,13,0,0,0,0,0,0,0,0,0,0,iter,0,1,rootk,1,dynamic
6,1,0.001,14,0,848,848,0.0618896,507,0.0618896,0.0983381,0,0,0,iter,0,1,optk,1,dynamic
6,1,0.001,14,0,848,848,0.0622559,510,0.0622559,0.0983381,0,0,0,iter,0,1,rootk,1,dynamic
6,1,0.001,14,0,848,848,0.0638428,523,0.0638428,0.0983381,0,0,0,iter,0,1,k1,1,dynamic
6,1,0.001,14,1,142,142,0.012085,99,0.012085,0.0171846,0,0,0,iter,0,1,k1,1,dynamic
6,1,0.001,14,1,164,164,0.0134277,110,0.0134277,0.0198205,0,0,0,iter,0,1,optk,1,dynamic
6,1,0.001,14,1,221,221,0.0148926,122,0.0148926,0.0266169,0,0,0,iter,0,1,rootk,1,dynamic
6,1,0.001,14,2,12,12,0.00109863,9,0.00109863,0.00146377,9,1,10,iter,0,1,rootk,1,dynamic
6,1,0.001,14,2,17,17,0.00134277,11,0.00134277,0.00207304,11,1,12,iter,0,1,optk,1,dynamic
6,1,0.001,14,2,21,21,0.00158691,13,0.00158691,0.00256019,14,1,15,iter,0,1,k1,1,dynamic
6,1,0.01,11,0,0,0,0,0,0,0,0,0,0,iter,0,1,k1,1,dynamic
6,1,0.01,11,0,0,0,0,0,0,0,0,0,0,iter,0,1,optk,1,dynamic
6,1,0.01,11,0,0,0,0,0,0,0,0,0,0,iter,0,1,rootk,1,dynamic
6,1,0.01,12,0,0,0,0,0,0,0,0,0,0,iter,0,1,k1,1,dynamic
6,1,0.01,12,0,0,0,0,0,0,0,0,0,0,iter,0,1,optk,1,dynamic
6,1,0.01,12,0,0,0,0,0,0,0,0,0,0,iter,0,1,rootk,1,dynamic
6,1,0.01,13,0,0,0,0,0,0,0,0,0,0,iter,0,1,k1,1,dynamic
6,1,0.01,13,0,0,0,0,0,0,0,0,0,0,iter,0,1,optk,1,dynamic
6,1,0.01,13,0,0,0,0,0,0,0,0,0,0,iter,0,1,rootk,1,dynamic
6,1,0.01,14,0,848,848,0.0622559,510,0.0622559,0.0983381,0,0,0,iter,0,1,rootk,1,dynamic
6,1,0.01,14,0,848,848,0.0628662,515,0.0628662,0.0983381,0,0,0,iter,0,1,k1,1,dynamic
6,1,0.01,14,0,848,848,0.0631104,517,0.0631104,0.0983381,0,0,0,iter,0,1,optk,1,dynamic
6,1,0.01,14,1,139,139,0.0119629,98,0.0119629,0.0168246,0,0,0,iter,0,1,k1,1,dynamic
6,1,0.01,14,1,184,184,0.0137939,113,0.0137939,0.0222106,0,0,0,iter,0,1,rootk,1,dynamic
6,1,0.01,14,1,234,234,0.0145264,119,0.0145264,0.0281603,0,0,0,iter,0,1,optk,1,dynamic
6,1,0.01,14,2,18,18,0.00146484,12,0.00146484,0.00219485,12,1,13,iter,0,1,optk,1,dynamic
6,1,0.01,14,2,21,21,0.000976562,8,0.000976562,0.00256019,8,1,9,iter,0,1,rootk,1,dynamic
6,1,0.01,14,2,7,7,0.000732422,6,0.000732422,0.000854127,6,1,7,iter,0,1,k1,1,dynamic
6,13,0.1,11,0,0,0,0,0,0,0,0,0,0,iter,0,1,k1,1,dynamic
6,13,0.1,11,0,0,0,0,0,0,0,0,0,0,iter,0,1,optk,4,dynamic
6,13,0.1,11,0,0,0,0,0,0,0,0,0,0,iter,0,1,rootk,2,dynamic
6,13,0.1,12,0,0,0,0,0,0,0,0,0,0,iter,0,1,k1,1,dynamic
6,13,0.1,12,0,0,0,0,0,0,0,0,0,0,iter,0,1,optk,4,dynamic
6,13,0.1,12,0,0,0,0,0,0,0,0,0,0,iter,0,1,rootk,2,dynamic
6,13,0.1,13,0,0,0,0,0,0,0,0,0,0,iter,0,1,k1,1,dynamic
6,13,0.1,13,0,0,0,0,0,0,0,0,0,0,iter,0,1,optk,4,dynamic
6,13,0.1,13,0,0,0,0,0,0,0,0,0,0,iter,0,1,rootk,2,dynamic
6,13,0.1,14,0,848,848,0.00499549,532,0.00499549,0.00793112,0,0,0,iter,0,1,k1,1,dynamic
6,13,0.1,14,0,848,848,1.51485e-07,2101,0.0197284,0.0313491,0,0,0,iter,0,1,optk,4,dynamic
6,13,0.1,14,0,848,848,9.81383e-05,1055,0.00990648,0.0157993,0,0,0,iter,0,1,rootk,2,dynamic
6,13,0.1,14,1,4,4,5.09503e-16,16,0.00015024,0.000150229,1,4,5,iter,0,1,optk,4,dynamic
6,13,0.1,14,1,4,4,5.64304e-09,8,7.51202e-05,7.51174e-05,1,4,5,iter,0,1,rootk,2,dynamic
6,13,0.1,14,1,9,9,8.45102e-05,9,8.45102e-05,8.45066e-05,1,9,10,iter,0,1,k1,1,dynamic
6,66,0.5,11,0,0,0,0,0,0,0,0,0,0,iter,0,1,k1,1,dynamic
6,66,0.5,11,0,0,0,0,0,0,0,0,0,0,iter,0,1,optk,19,dynamic
6,66,0.5,11,0,0,0,0,0,0,0,0,0,0,iter,0,1,rootk,4,dynamic
6,66,0.5,12,0,0,0,0,0,0,0,0,0,0,iter,0,1,k1,1,dynamic
6,66,0.5,12,0,0,0,0,0,0,0,0,0,0,iter,0,1,optk,19,dynamic
6,66,0.5,12,0,0,0,0,0,0,0,0,0,0,iter,0,1,rootk,4,dynamic
6,66,0.5,13,0,0,0,0,0,0,0,0,0,0,iter,0,1,k1,1,dynamic
6,66,0.5,13,0,0,0,0,0,0,0,0,0,0,iter,0,1,optk,19,dynamic
6,66,0.5,13,0,0,0,0,0,0,0,0,0,0,iter,0,1,rootk,4,dynamic
6,66,0.5,14,0,848,848,0.000983961,532,0.000983961,0.00156719,0,0,0,iter,0,1,k1,1,dynamic
6,66,0.5,14,0,848,848,1.2394e-33,10023,0.018538,0.0293603,0,0,0,iter,0,1,optk,19,dynamic
6,66,0.5,14,0,848,848,2.38616e-10,2125,0.00393029,0.00625404,0,0,0,iter,0,1,rootk,4,dynamic
6,66,0.5,14,1,4,4,6.4523e-74,76,0.000140566,0.000140556,1,4,5,iter,0,1,optk,19,dynamic
6,66,0.5,14,1,4,4,7.3982e-06,4,7.3982e-06,7.39817e-06,1,4,5,iter,0,1,k1,1,dynamic
6,66,0.5,14,1,4,4,7.6691e-19,16,2.95928e-05,2.95924e-05,1,4,5,iter,0,1,rootk,4,dynamic
7,5,0.001,10,0,0,0,0,0,0,0,0,0,0,iter,0,1,k1,1,dynamic
7,5,0.001,10,0,0,0,0,0,0,0,0,0,0,iter,0,1,optk,1,dynamic
7,5,0.001,10,0,0,0,0,0,0,0,0,0,0,iter,0,1,rootk,1,dynamic
7,5,0.001,11,0,0,0,0,0,0,0,0,0,0,iter,0,1,k1,1,dynamic
7,5,0.001,11,0,0,0,0,0,0,0,0,0,0,iter,0,1,optk,1,dynamic
7,5,0.001,11,0,0,0,0,0,0,0,0,0,0,iter,0,1,rootk,1,dynamic
7,5,0.001,12,0,4,4,9.76563e-05,4,9.76563e-05,9.76515e-05,0,0,0,iter,0,1,k1,1,dynamic
7,5,0.001,12,0,4,4,9.76563e-05,4,9.76563e-05,9.76515e-05,0,0,0,iter,0,1,optk,1,dynamic
7,5,0.001,12,0,4,4,9.76563e-05,4,9.76563e-05,9.76515e-05,0,0,0,iter,0,1,rootk,1,dynamic
7,5,0.001,12,1,0,0,0,0,0,0,0,0,0,iter,0,1,k1,1,dynamic
7,5,0.001,12,1,0,0,0,0,0,0,0,0,0,iter,0,1,optk,1,dynamic
7,5,0.001,12,1,0,0,0,0,0,0,0,0,0,iter,0,1,rootk,1,dynamic
7,5,0.001,13,0,1080,1080,0.0220215,902,0.0220215,0.0260226,0,0,0,iter,0,1,optk,1,dynamic
7,5,0.001,13,0,1080,1080,0.0220703,904,0.0220703,0.0260226,0,0,0,iter,0,1,k1,1,dynamic
7,5,0.001,13,0,1080,1080,0.0221436,907,0.0221436,0.0260226,0,0,0,iter,0,1,rootk,1,dynamic
7,5,0.001,13,1,0,0,0,0,0,0,0,0,0,iter,0,1,k1,1,dynamic
7,5,0.001,13,1,0,0,0,0,0,0,0,0,0,iter,0,1,optk,1,dynamic
7,5,0.001,13,1,0,0,0,0,0,0,0,0,0,iter,0,1,rootk,1,dynamic
7,5,0.001,14,0,21463,21463,0.347241,14223,0.347241,0.407852,0,0,0,iter,0,1,rootk,1,dynamic
7,5,0.001,14,0,21463,21463,0.348096,14258,0.348096,0.407852,0,0,0,iter,0,1,optk,1,dynamic
7,5,0.001,14,0,21463,21463,0.349268,14306,0.349268,0.407852,0,0,0,iter,0,1,k1,1,dynamic
7,5,0.001,14,1,139,139,0.000952148,39,0.000952148,0.0033878,0,39,39,iter,0,1,rootk,1,dynamic
7,5,0.001,14,1,147,147,0.0010498,43,0.0010498,0.00358243,0,43,43,iter,0,1,k1,1,dynamic
7,5,0.001,14,1,98,98,0.00102539,42,0.00102539,0.00238972,0,42,42,iter,0,1,optk,1,dynamic
7,5,0.001,15,0,163948,163948,0.960352,39336,0.960352,0.981733,0,0,0,iter,0,1,k1,1,dynamic
7,5,0.001,15,0,163948,163948,0.960571,39345,0.960571,0.981733,0,0,0,iter,0,1,optk,1,dynamic
7,5,0.001,15,0,163948,163948,0.961035,39364,0.961035,0.981733,0,0,0,iter,0,1,rootk,1,dynamic
7,5,0.001,15,0,3407,3407,0.0663818,2719,0.0663818,0.0798133,5564,1,5565,type,0,3,rootk,1,dynamic
7,5,0.001,15,0,3525,3525,0.0666016,2728,0.0666016,0.0824604,5650,1,5651,type,0,3,k1,1,dynamic
7,5,0.001,15,0,3540,3540,0.0667969,2736,0.0667969,0.0827964,5615,1,5616,type,0,3,optk,1,dynamic
7,5,0.001,15,1,10915,10915,0.0643555,2636,0.0643555,0.233928,0,0,0,iter,0,1,optk,1,dynamic
7,5,0.001,15,1,11010,11010,0.0640381,2623,0.0640381,0.235703,0,0,0,iter,0,1,rootk,1,dynamic
7,5,0.001,15,1,11092,11092,0.0641113,2626,0.0641113,0.237232,0,0,0,iter,0,1,k1,1,dynamic
7,46,0.01,10,0,0,0,0,0,0,0,0,0,0,iter,0,1,k1,1,dynamic
7,46,0.01,10,0,0,0,0,0,0,0,0,0,0,iter,0,1,optk,1,dynamic
7,46,0.01,10,0,0,0,0,0,0,0,0,0,0,iter,0,1,rootk,1,dynamic
7,46,0.01,11,0,0,0,0,0,0,0,0,0,0,iter,0,1,k1,1,dynamic
7,46,0.01,11,0,0,0,0,0,0,0,0,0,0,iter,0,1,optk,1,dynamic
7,46,0.01,11,0,0,0,0,0,0,0,0,0,0,iter,0,1,rootk,1,dynamic
7,46,0.01,12,0,4,4,1.06148e-05,4,1.06148e-05,1.06148e-05,0,0,0,iter,0,1,k1,1,dynamic
7,46,0.01,12,0,4,4,1.06148e-05,4,1.06148e-05,1.06148e-05,0,0,0,iter,0,1,optk,1,dynamic
7,46,0.01,12,0,4,4,1.06148e-05,4,1.06148e-05,1.06148e-05,0,0,0,iter,0,1,rootk,1,dynamic
7,46,0.01,12,1,0,0,0,0,0,0,0,0,0,iter,0,1,k1,1,dynamic
7,46,0.01,12,1,0,0,0,0,0,0,0,0,0,iter,0,1,optk,1,dynamic
7,46,0.01,12,1,0,0,0,0,0,0,0,0,0,iter,0,1,rootk,1,dynamic
7,46,0.01,13,0,1080,1080,0.00242018,912,0.00242018,0.0028619,0,0,0,iter,0,1,k1,1,dynamic
7,46,0.01,13,0,1080,1080,0.00242018,912,0.00242018,0.0028619,0,0,0,iter,0,1,optk,1,dynamic
7,46,0.01,13,0,1080,1080,0.00242283,913,0.00242283,0.0028619,0,0,0,iter,0,1,rootk,1,dynamic
7,46,0.01,13,1,0,0,0,0,0,0,0,0,0,iter,0,1,k1,1,dynamic
7,46,0.01,13,1,0,0,0,0,0,0,0,0,0,iter,0,1,optk,1,dynamic
7,46,0.01,13,1,0,0,0,0,0,0,0,0,0,iter,0,1,rootk,1,dynamic
7,46,0.01,14,0,21463,21463,0.0454632,17132,0.0454632,0.0553648,0,0,0,iter,0,1,k1,1,dynamic
7,46,0.01,14,0,21463,21463,0.0455083,17149,0.0455083,0.0553648,0,0,0,iter,0,1,optk,1,dynamic
7,46,0.01,14,0,21463,21463,0.0455083,17149,0.0455083,0.0553648,0,0,0,iter,0,1,rootk,1,dynamic
7,46,0.01,14,1,11,11,1.59222e-05,6,1.59222e-05,2.91903e-05,0,6,6,iter,0,1,optk,1,dynamic
7,46,0.01,14,1,5,5,1.06148e-05,4,1.06148e-05,1.32684e-05,0,4,4,iter,0,1,k1,1,dynamic
7,46,0.01,14,1,6,6,1.06148e-05,4,1.06148e-05,1.59221e-05,0,4,4,iter,0,1,rootk,1,dynamic
7,46,0.01,15,0,163948,163948,0.296472,111720,0.296472,0.35278,0,0,0,iter,0,1,rootk,1,dynamic
7,46,0.01,15,0,163948,163948,0.296549,111749,0.296549,0.35278,0,0,0,iter,0,1,optk,1,dynamic
7,46,0.01,15,0,163948,163948,0.296878,111873,0.296878,0.35278,0,0,0,iter,0,1,k1,1,dynamic
7,46,0.01,15,1,3031,3031,0.00229015,863,0.00229015,0.00801111,1,867,868,iter,0,1,rootk,1,dynamic
7,46,0.01,15,1,3244,3244,0.00228749,862,0.00228749,0.00857166,1,872,873,iter,0,1,k1,1,dynamic
7,46,0.01,15,1,3611,3611,0.00223972,844,0.00223972,0.00953675,1,847,848,iter,0,1,optk,1,dynamic
7,461,0.1,10,0,0,0,0,0,0,0,0,0,0,iter,0,1,k1,1,dynamic
7,461,0.1,10,0,0,0,0,0,0,0,0,0,0,iter,0,1,optk,4,dynamic
7,461,0.1,10,0,0,0,0,0,0,0,0,0,0,iter,0,1,rootk,2,dynamic
7,461,0.1,11,0,0,0,0,0,0,0,0,0,0,iter,0,1,k1,1,dynamic
7,461,0.1,11,0,0,0,0,0,0,0,0,0,0,iter,0,1,optk,4,dynamic
7,461,0.1,11,0,0,0,0,0,0,0,0,0,0,iter,0,1,rootk,2,dynamic
7,461,0.1,12,0,4,4,1.05918e-06,4,1.05918e-06,1.05918e-06,0,0,0,iter,0,1,k1,1,dynamic
7,461,0.1,12,0,4,4,3.22193e-22,16,4.23671e-06,4.2367e-06,0,0,0,iter,0,1,optk,4,dynamic
7,461,0.1,12,0,4,4,4.48744e-12,8,2.11836e-06,2.11835e-06,0,0,0,iter,0,1,rootk,2,dynamic
7,461,0.1,12,1,0,0,0,0,0,0,0,0,0,iter,0,1,k1,1,dynamic
7,461,0.1,12,1,0,0,0,0,0,0,0,0,0,iter,0,1,optk,4,dynamic
7,461,0.1,12,1,0,0,0,0,0,0,0,0,0,iter,0,1,rootk,2,dynamic
7,461,0.1,13,0,1080,1080,0.000241757,913,0.000241757,0.000285937,0,0,0,iter,0,1,k1,1,dynamic
7,461,0.1,13,0,1080,1080,2.33531e-07,1825,0.00048325,0.000571793,0,0,0,iter,0,1,rootk,2,dynamic
7,461,0.1,13,0,1080,1080,8.72585e-13,3650,0.0009665,0.00114326,0,0,0,iter,0,1,optk,4,dynamic
7,461,0.1,13,1,0,0,0,0,0,0,0,0,0,iter,0,1,k1,1,dynamic
7,461,0.1,13,1,0,0,0,0,0,0,0,0,0,iter,0,1,optk,4,dynamic
7,461,0.1,13,1,0,0,0,0,0,0,0,0,0,iter,0,1,rootk,2,dynamic
7,461,0.1,14,0,21463,21463,0.00463046,17487,0.00463046,0.00566717,0,0,0,iter,0,1,k1,1,dynamic
7,461,0.1,14,0,21463,21463,1.14242e-07,69430,0.0183847,0.0224767,0,0,0,iter,0,1,optk,4,dynamic
7,461,0.1,14,0,21463,21463,8.54267e-05,34905,0.00924266,0.0113022,0,0,0,iter,0,1,rootk,2,dynamic
7,461,0.1,14,1,0,0,0,0,0,0,0,0,0,iter,0,1,k1,1,dynamic
7,461,0.1,14,1,0,0,0,0,0,0,0,0,0,iter,0,1,optk,4,dynamic
7,461,0.1,14,1,1,1,2.80465e-13,2,5.29589e-07,5.29589e-07,0,1,1,iter,0,1,rootk,2,dynamic
7,461,0.1,15,0,163948,163948,0.000294071,494543,0.130952,0.159409,0,0,0,iter,0,1,optk,4,dynamic
7,461,0.1,15,0,163948,163948,0.00459714,256056,0.0678022,0.0831626,0,0,0,iter,0,1,rootk,2,dynamic
7,461,0.1,15,0,163948,163948,0.0344839,130229,0.0344839,0.0424837,0,0,0,iter,0,1,k1,1,dynamic
7,461,0.1,15,1,442,442,3.65417e-05,138,3.65417e-05,0.000117032,1,138,139,iter,0,1,k1,1,dynamic
7,461,0.1,15,1,81,81,9.20216e-18,208,5.50773e-05,8.57898e-05,1,52,53,iter,0,1,optk,4,dynamic
7,461,0.1,15,1,91,91,8.79537e-10,112,2.9657e-05,4.81915e-05,1,56,57,iter,0,1,rootk,2,dynamic
7,2304,0.5,10,0,0,0,0,0,0,0,0,0,0,iter,0,1,k1,1,dynamic
7,2304,0.5,10,0,0,0,0,0,0,0,0,0,0,iter,0,1,optk,18,dynamic
7,2304,0.5,10,0,0,0,0,0,0,0,0,0,0,iter,0,1,rootk,4,dynamic
7,2304,0.5,11,0,0,0,0,0,0,0,0,0,0,iter,0,1,k1,1,dynamic
7,2304,0.5,11,0,0,0,0,0,0,0,0,0,0,iter,0,1,optk,18,dynamic
7,2304,0.5,11,0,0,0,0,0,0,0,0,0,0,iter,0,1,rootk,4,dynamic
7,2304,0.5,12,0,4,4,2.11928e-07,4,2.11928e-07,2.11928e-07,0,0,0,iter,0,1,k1,1,dynamic
7,2304,0.5,12,0,4,4,2.92605e-98,72,3.8147e-06,3.81469e-06,0,0,0,iter,0,1,optk,18,dynamic
7,2304,0.5,12,0,4,4,5.16405e-25,16,8.47711e-07,8.4771e-07,0,0,0,iter,0,1,rootk,4,dynamic
7,2304,0.5,12,1,0,0,0,0,0,0,0,0,0,iter,0,1,k1,1,dynamic
7,2304,0.5,12,1,0,0,0,0,0,0,0,0,0,iter,0,1,optk,18,dynamic
7,2304,0.5,12,1,0,0,0,0,0,0,0,0,0,iter,0,1,rootk,4,dynamic
7,2304,0.5,13,0,1080,1080,1.4001e-15,3651,0.000193437,0.000228856,0,0,0,iter,0,1,rootk,4,dynamic
7,2304,0.5,13,0,1080,1080,4.83725e-05,913,4.83725e-05,5.72188e-05,0,0,0,iter,0,1,k1,1,dynamic
7,2304,0.5,13,0,1080,1080,8.23707e-56,16430,0.000870493,0.00102944,0,0,0,iter,0,1,optk,18,dynamic
7,2304,0.5,13,1,0,0,0,0,0,0,0,0,0,iter,0,1,k1,1,dynamic
7,2304,0.5,13,1,0,0,0,0,0,0,0,0,0,iter,0,1,optk,18,dynamic
7,2304,0.5,13,1,0,0,0,0,0,0,0,0,0,iter,0,1,rootk,4,dynamic
7,2304,0.5,14,0,21463,21463,0.000928031,17516,0.000928031,0.0011365,0,0,0,iter,0,1,k1,1,dynamic
7,2304,0.5,14,0,21463,21463,1.88976e-10,69980,0.00370767,0.00453827,0,0,0,iter,0,1,rootk,4,dynamic
7,2304,0.5,14,0,21463,21463,8.92067e-33,312852,0.0165755,0.0202606,0,0,0,iter,0,1,optk,18,dynamic
7,2304,0.5,14,1,0,0,0,0,0,0,0,0,0,iter,0,1,k1,1,dynamic
7,2304,0.5,14,1,0,0,0,0,0,0,0,0,0,iter,0,1,optk,18,dynamic
7,2304,0.5,14,1,0,0,0,0,0,0,0,0,0,iter,0,1,rootk,4,dynamic
7,2304,0.5,15,0,163948,163948,0.00699769,132077,0.00699769,0.00864866,0,0,0,iter,0,1,k1,1,dynamic
7,2304,0.5,15,0,163948,163948,2.19879e-17,2240981,0.118731,0.144743,0,0,0,iter,0,1,optk,18,dynamic
7,2304,0.5,15,0,163948,163948,5.88811e-07,522837,0.0277009,0.0341484,0,0,0,iter,0,1,rootk,4,dynamic
7,2304,0.5,15,1,173,173,3.65575e-06,69,3.65575e-06,9.16583e-06,1,69,70,iter,0,1,k1,1,dynamic
7,2304,0.5,15,1,80,80,1.36468e-20,204,1.08083e-05,1.69541e-05,1,51,52,iter,0,1,rootk,4,dynamic
7,2304,0.5,15,1,80,80,2.31988e-78,918,4.86374e-05,7.6291e-05,1,51,52,iter,0,1,optk,18,dynamic
8,14,0.001,12,0,0,0,0,0,0,0,0,0,0,iter,0,1,k1,1,dynamic
8,14,0.001,12,0,0,0,0,0,0,0,0,0,0,iter,0,1,optk,1,dynamic
8,14,0.001,12,0,0,0,0,0,0,0,0,0,0,iter,0,1,rootk,1,dynamic
8,14,0.001,13,0,0,0,0,0,0,0,0,0,0,iter,0,1,k1,1,dynamic
8,14,0.001,13,0,0,0,0,0,0,0,0,0,0,iter,0,1,optk,1,dynamic
8,14,0.001,13,0,0,0,0,0,0,0,0,0,0,iter,0,1,rootk,1,dynamic
8,14,0.001,14,0,0,0,0,0,0,0,0,0,0,iter,0,1,k1,1,dynamic
8,14,0.001,14,0,0,0,0,0,0,0,0,0,0,iter,0,1,optk,1,dynamic
8,14,0.001,14,0,0,0,0,0,0,0,0,0,0,iter,0,1,rootk,1,dynamic
8,14,0.001,15,0,84,84,0.000401088,46,0.000401088,0.000732154,0,0,0,iter,0,1,k1,1,dynamic
8,14,0.001,15,0,84,84,0.000401088,46,0.000401088,0.000732154,0,0,0,iter,0,1,optk,1,dynamic
8,14,0.001,15,0,84,84,0.000401088,46,0.000401088,0.000732154,0,0,0,iter,0,1,rootk,1,dynamic
8,14,0.001,15,1,0,0,0,0,0,0,0,0,0,iter,0,1,k1,1,dynamic
8,14,0.001,15,1,0,0,0,0,0,0,0,0,0,iter,0,1,optk,1,dynamic
8,14,0.001,15,1,0,0,0,0,0,0,0,0,0,iter,0,1,rootk,1,dynamic
8,14,0.001,16,0,3971,3971,0.015189,1742,0.015189,0.0340318,0,0,0,iter,0,1,optk,1,dynamic
8,14,0.001,16,0,3971,3971,0.0152326,1747,0.0152326,0.0340318,0,0,0,iter,0,1,k1,1,dynamic
8,14,0.001,16,0,3971,3971,0.0152588,1750,0.0152588,0.0340318,0,0,0,iter,0,1,rootk,1,dynamic
8,14,0.001,16,1,539,539,0.00267683,307,0.00267683,0.00468868,0,369,369,iter,0,1,k1,1,dynamic
8,14,0.001,16,1,552,552,0.00272042,312,0.00272042,0.00480149,0,368,368,iter,0,1,rootk,1,dynamic
8,14,0.001,16,1,556,556,0.00315639,362,0.00315639,0.0048362,0,422,422,iter,0,1,optk,1,dynamic
8,14,0.001,17,0,309097,309097,0.645743,74059,0.645743,0.932465,0,0,0,iter,0,1,optk,1,dynamic
8,14,0.001,17,0,309097,309097,0.646179,74109,0.646179,0.932465,0,0,0,iter,0,1,k1,1,dynamic
8,14,0.001,17,0,309097,309097,0.646885,74190,0.646885,0.932465,0,0,0,iter,0,1,rootk,1,dynamic
8,14,0.001,17,0,32063,32063,0.103646,11887,0.103646,0.243889,12811,0,12811,type,0,8,rootk,1,dynamic
8,14,0.001,17,0,32116,32116,0.103917,11918,0.103917,0.244238,12836,0,12836,type,0,8,k1,1,dynamic
8,14,0.001,17,0,32182,32182,0.103341,11852,0.103341,0.244673,12821,0,12821,type,0,8,optk,1,dynamic
8,14,0.001,17,1,30927,30927,0.10328,11845,0.10328,0.236362,12733,0,12733,type,1,8,k1,1,dynamic
8,14,0.001,17,1,31751,31751,0.10328,11845,0.10328,0.241829,12733,0,12733,type,1,8,rootk,1,dynamic
8,14,0.001,17,1,31755,31755,0.10328,11845,0.10328,0.241856,12785,0,12785,type,1,8,optk,1,dynamic
8,14,0.001,17,1,451939,451939,0.839704,96304,0.839704,0.980563,0,0,0,iter,0,1,optk,1,dynamic
8,14,0.001,17,1,454030,454030,0.839678,96301,0.839678,0.980915,0,0,0,iter,0,1,k1,1,dynamic
8,14,0.001,17,1,455049,455049,0.839652,96298,0.839652,0.981083,0,0,0,iter,0,1,rootk,1,dynamic
8,14,0.001,17,2,32432,32432,0.103298,11847,0.103298,0.246318,12748,0,12748,type,2,8,rootk,1,dynamic
8,14,0.001,17,2,32695,32695,0.102905,11802,0.102905,0.248044,12739,0,12739,type,2,8,k1,1,dynamic
8,14,0.001,17,2,32840,32840,0.102574,11764,0.102574,0.248994,12668,0,12668,type,2,8,optk,1,dynamic
8,14,0.001,17,3,33276,33276,0.103986,11926,0.103986,0.251844,12860,1,12861,type,3,8,optk,1,dynamic
8,14,0.001,17,3,33758,33758,0.104614,11998,0.104614,0.254982,12923,1,12924,type,3,8,rootk,1,dynamic
8,14,0.001,17,3,34066,34066,0.10485,12025,0.10485,0.25698,12909,1,12910,type,3,8,k1,1,dynamic
8,140,0.01,12,0,0,0,0,0,0,0,0,0,0,iter,0,1,k1,1,dynamic
8,140,0.01,12,0,0,0,0,0,0,0,0,0,0,iter,0,1,optk,1,dynamic
8,140,0.01,12,0,0,0,0,0,0,0,0,0,0,iter,0,1,rootk,1,dynamic
8,140,0.01,13,0,0,0,0,0,0,0,0,0,0,iter,0,1,k1,1,dynamic
8,140,0.01,13,0,0,0,0,0,0,0,0,0,0,iter,0,1,optk,1,dynamic
8,140,0.01,13,0,0,0,0,0,0,0,0,0,0,iter,0,1,rootk,1,dynamic
8,140,0.01,14,0,0,0,0,0,0,0,0,0,0,iter,0,1,k1,1,dynamic
8,140,0.01,14,0,0,0,0,0,0,0,0,0,0,iter,0,1,optk,1,dynamic
8,140,0.01,14,0,0,0,0,0,0,0,0,0,0,iter,0,1,rootk,1,dynamic
8,140,0.01,15,0,84,84,4.01088e-05,46,4.01088e-05,7.32395e-05,0,0,0,iter,0,1,k1,1,dynamic
8,140,0.01,15,0,84,84,4.01088e-05,46,4.01088e-05,7.32395e-05,0,0,0,iter,0,1,optk,1,dynamic
8,140,0.01,15,0,84,84,4.01088e-05,46,4.01088e-05,7.32395e-05,0,0,0,iter,0,1,rootk,1,dynamic
8,140,0.01,15,1,0,0,0,0,0,0,0,0,0,iter,0,1,k1,1,dynamic
8,140,0.01,15,1,0,0,0,0,0,0,0,0,0,iter,0,1,optk,1,dynamic
8,140,0.01,15,1,0,0,0,0,0,0,0,0,0,iter,0,1,rootk,1,dynamic
8,140,0.01,16,0,3971,3971,0.00153111,1756,0.00153111,0.00345645,0,0,0,iter,0,1,k1,1,dynamic
8,140,0.01,16,0,3971,3971,0.00153111,1756,0.00153111,0.00345645,0,0,0,iter,0,1,rootk,1,dynamic
8,140,0.01,16,0,3971,3971,0.00153198,1757,0.00153198,0.00345645,0,0,0,iter,0,1,optk,1,dynamic
8,140,0.01,16,1,39,39,2.87737e-05,33,2.87737e-05,3.40047e-05,0,34,34,iter,0,1,rootk,1,dynamic
8,140,0.01,16,1,54,54,3.66211e-05,42,3.66211e-05,4.70832e-05,0,43,43,iter,0,1,k1,1,dynamic
8,140,0.01,16,1,67,67,3.22614e-05,37,3.22614e-05,5.84177e-05,0,37,37,iter,0,1,optk,1,dynamic
8,140,0.01,17,0,309097,309097,0.0984724,112936,0.0984724,0.236247,0,0,0,iter,0,1,optk,1,dynamic
8,140,0.01,17,0,309097,309097,0.0985788,113058,0.0985788,0.236247,0,0,0,iter,0,1,rootk,1,dynamic
8,140,0.01,17,0,309097,309097,0.0986389,113127,0.0986389,0.236247,0,0,0,iter,0,1,k1,1,dynamic
8,140,0.01,17,1,68206,68206,0.0274327,31462,0.0274327,0.0577371,0,0,0,iter,0,1,optk,1,dynamic
8,140,0.01,17,1,69053,69053,0.0275417,31587,0.0275417,0.0584327,0,0,0,iter,0,1,k1,1,dynamic
8,140,0.01,17,1,69587,69587,0.0276428,31703,0.0276428,0.058871,0,0,0,iter,0,1,rootk,1,dynamic
8,140,0.01,17,2,8576,8576,0.00285819,3278,0.00285819,0.00744979,3600,1,3601,iter,0,1,k1,1,dynamic
8,140,0.01,17,2,8608,8608,0.00280064,3212,0.00280064,0.00747748,3521,1,3522,iter,0,1,optk,1,dynamic
8,140,0.01,17,2,9771,9771,0.00291486,3343,0.00291486,0.00848345,3702,1,3703,iter,0,1,rootk,1,dynamic
8,1401,0.1,12,0,0,0,0,0,0,0,0,0,0,iter,0,1,k1,1,dynamic
8,1401,0.1,12,0,0,0,0,0,0,0,0,0,0,iter,0,1,optk,4,dynamic
8,1401,0.1,12,0,0,0,0,0,0,0,0,0,0,iter,0,1,rootk,2,dynamic
8,1401,0.1,13,0,0,0,0,0,0,0,0,0,0,iter,0,1,k1,1,dynamic
8,1401,0.1,13,0,0,0,0,0,0,0,0,0,0,iter,0,1,optk,4,dynamic
8,1401,0.1,13,0,0,0,0,0,0,0,0,0,0,iter,0,1,rootk,2,dynamic
8,1401,0.1,14,0,0,0,0,0,0,0,0,0,0,iter,0,1,k1,1,dynamic
8,1401,0.1,14,0,0,0,0,0,0,0,0,0,0,iter,0,1,optk,4,dynamic
8,1401,0.1,14,0,0,0,0,0,0,0,0,0,0,iter,0,1,rootk,2,dynamic
8,1401,0.1,15,0,84,84,4.00802e-06,46,4.00802e-06,7.31896e-06,0,0,0,iter,0,1,k1,1,dynamic
8,1401,0.1,15,0,84,84,6.42569e-11,92,8.01604e-06,1.46379e-05,0,0,0,iter,0,1,rootk,2,dynamic
8,1401,0.1,15,0,84,84,6.60631e-20,184,1.60321e-05,2.92755e-05,0,0,0,iter,0,1,optk,4,dynamic
8,1401,0.1,15,1,0,0,0,0,0,0,0,0,0,iter,0,1,k1,1,dynamic
8,1401,0.1,15,1,0,0,0,0,0,0,0,0,0,iter,0,1,optk,4,dynamic
8,1401,0.1,15,1,0,0,0,0,0,0,0,0,0,iter,0,1,rootk,2,dynamic
8,1401,0.1,16,0,3971,3971,0.000153176,1758,0.000153176,0.000345937,0,0,0,iter,0,1,k1,1,dynamic
8,1401,0.1,16,0,3971,3971,1.4085e-13,7031,0.000612617,0.00138303,0,0,0,iter,0,1,optk,4,dynamic
8,1401,0.1,16,0,3971,3971,9.37448e-08,3514,0.000306178,0.000691754,0,0,0,iter,0,1,rootk,2,dynamic
8,1401,0.1,16,1,0,0,0,0,0,0,0,0,0,iter,0,1,optk,4,dynamic
8,1401,0.1,16,1,0,0,0,0,0,0,0,0,0,iter,0,1,rootk,2,dynamic
8,1401,0.1,16,1,4,4,3.48523e-07,4,3.48523e-07,3.48523e-07,0,4,4,iter,0,1,k1,1,dynamic
8,1401,0.1,17,0,309097,309097,0.000422194,235822,0.0205474,0.0524388,0,0,0,iter,0,1,rootk,2,dynamic
8,1401,0.1,17,0,309097,309097,0.0103261,118513,0.0103261,0.0265725,0,0,0,iter,0,1,k1,1,dynamic
8,1401,0.1,17,0,309097,309097,2.73672e-06,466805,0.0406731,0.102128,0,0,0,iter,0,1,optk,4,dynamic
8,1401,0.1,17,1,13,13,6.04349e-23,32,2.78819e-06,4.53079e-06,1,8,9,iter,0,1,optk,4,dynamic
8,1401,0.1,17,1,308,308,6.74181e-10,298,2.5965e-05,5.36712e-05,1,149,150,iter,0,1,rootk,2,dynamic
8,1401,0.1,17,1,7456,7456,0.000299207,3434,0.000299207,0.000649437,1,3525,3526,iter,0,1,k1,1,dynamic
8,7003,0.5,12,0,0,0,0,0,0,0,0,0,0,iter,0,1,k1,1,dynamic
8,7003,0.5,12,0,0,0,0,0,0,0,0,0,0,iter,0,1,optk,18,dynamic
8,7003,0.5,12,0,0,0,0,0,0,0,0,0,0,iter,0,1,rootk,4,dynamic
8,7003,0.5,13,0,0,0,0,0,0,0,0,0,0,iter,0,1,k1,1,dynamic
8,7003,0.5,13,0,0,0,0,0,0,0,0,0,0,iter,0,1,optk,18,dynamic
8,7003,0.5,13,0,0,0,0,0,0,0,0,0,0,iter,0,1,rootk,4,dynamic
8,7003,0.5,14,0,0,0,0,0,0,0,0,0,0,iter,0,1,k1,1,dynamic
8,7003,0.5,14,0,0,0,0,0,0,0,0,0,0,iter,0,1,optk,18,dynamic
8,7003,0.5,14,0,0,0,0,0,0,0,0,0,0,iter,0,1,rootk,4,dynamic
8,7003,0.5,15,0,84,84,1.05822e-22,184,3.20733e-06,5.85685e-06,0,0,0,iter,0,1,rootk,4,dynamic
8,7003,0.5,15,0,84,84,7.38606e-88,828,1.4433e-05,2.63555e-05,0,0,0,iter,0,1,optk,18,dynamic
8,7003,0.5,15,0,84,84,8.01833e-07,46,8.01833e-07,1.46422e-06,0,0,0,iter,0,1,k1,1,dynamic
8,7003,0.5,15,1,0,0,0,0,0,0,0,0,0,iter,0,1,k1,1,dynamic
8,7003,0.5,15,1,0,0,0,0,0,0,0,0,0,iter,0,1,optk,18,dynamic
8,7003,0.5,15,1,0,0,0,0,0,0,0,0,0,iter,0,1,rootk,4,dynamic
8,7003,0.5,16,0,3971,3971,2.22653e-59,31638,0.000551487,0.00124517,0,0,0,iter,0,1,optk,18,dynamic
8,7003,0.5,16,0,3971,3971,2.25617e-16,7031,0.000122558,0.000276838,0,0,0,iter,0,1,rootk,4,dynamic
8,7003,0.5,16,0,3971,3971,3.0644e-05,1758,3.0644e-05,6.92167e-05,0,0,0,iter,0,1,k1,1,dynamic
8,7003,0.5,16,1,0,0,0,0,0,0,0,0,0,iter,0,1,optk,18,dynamic
8,7003,0.5,16,1,0,0,0,0,0,0,0,0,0,iter,0,1,rootk,4,dynamic
8,7003,0.5,16,1,1,1,1.74311e-08,1,1.74311e-08,1.74311e-08,0,1,1,iter,0,1,k1,1,dynamic
8,7003,0.5,17,0,309097,309097,0.00207471,119023,0.00207471,0.00537343,0,0,0,iter,0,1,k1,1,dynamic
8,7003,0.5,17,0,309097,309097,1.45241e-26,2104915,0.0366911,0.0924281,0,0,0,iter,0,1,optk,18,dynamic
8,7003,0.5,17,0,309097,309097,4.68102e-09,474525,0.00827151,0.0213211,0,0,0,iter,0,1,rootk,4,dynamic
8,7003,0.5,17,1,1547,1547,1.21321e-05,696,1.21321e-05,2.69656e-05,1,701,702,iter,0,1,k1,1,dynamic
8,7003,0.5,17,1,6,6,3.06301e-26,24,4.18347e-07,4.18347e-07,1,6,7,iter,0,1,rootk,4,dynamic
8,7003,0.5,17,1,6,6,8.82052e-104,108,1.88256e-06,1.88256e-06,1,6,7,iter,0,1,optk,18,dynamic
9,79,0.001,11,0,0,0,0,0,0,0,0,0,0,iter,0,1,k1,1,dynamic
9,79,0.001,11,0,0,0,0,0,0,0,0,0,0,iter,0,1,optk,1,dynamic
9,79,0.001,11,0,0,0,0,0,0,0,0,0,0,iter,0,1,rootk,1,dynamic
9,79,0.001,12,0,0,0,0,0,0,0,0,0,0,iter,0,1,k1,1,dynamic
9,79,0.001,12,0,0,0,0,0,0,0,0,0,0,iter,0,1,optk,1,dynamic
9,79,0.001,12,0,0,0,0,0,0,0,0,0,0,iter,0,1,rootk,1,dynamic
9,79,0.001,13,0,0,0,0,0,0,0,0,0,0,iter,0,1,k1,1,dynamic
9,79,0.001,13,0,0,0,0,0,0,0,0,0,0,iter,0,1,optk,1,dynamic
9,79,0.001,13,0,0,0,0,0,0,0,0,0,0,iter,0,1,rootk,1,dynamic
9,79,0.001,14,0,49,49,3.39943e-05,22,3.39943e-05,7.57116e-05,0,0,0,iter,0,1,k1,1,dynamic
9,79,0.001,14,0,49,49,3.39943e-05,22,3.39943e-05,7.57116e-05,0,0,0,iter,0,1,optk,1,dynamic
9,79,0.001,14,0,49,49,3.39943e-05,22,3.39943e-05,7.57116e-05,0,0,0,iter,0,1,rootk,1,dynamic
9,79,0.001,14,1,0,0,0,0,0,0,0,0,0,iter,0,1,k1,1,dynamic
9,79,0.001,14,1,0,0,0,0,0,0,0,0,0,iter,0,1,optk,1,dynamic
9,79,0.001,14,1,0,0,0,0,0,0,0,0,0,iter,0,1,rootk,1,dynamic
9,79,0.001,15,0,351,351,0.000190059,123,0.000190059,0.000542216,0,0,0,iter,0,1,k1,1,dynamic
9,79,0.001,15,0,351,351,0.000190059,123,0.000190059,0.000542216,0,0,0,iter,0,1,optk,1,dynamic
9,79,0.001,15,0,351,351,0.000190059,123,0.000190059,0.000542216,0,0,0,iter,0,1,rootk,1,dynamic
9,79,0.001,15,1,1,1,1.54519e-06,1,1.54519e-06,1.54519e-06,0,1,1,iter,0,1,optk,1,dynamic
9,79,0.001,15,1,2,2,3.09039e-06,2,3.09039e-06,3.09038e-06,0,2,2,iter,0,1,k1,1,dynamic
9,79,0.001,15,1,4,4,6.18078e-06,4,6.18078e-06,6.18076e-06,0,4,4,iter,0,1,rootk,1,dynamic
9,79,0.001,16,0,69493,69493,0.0294978,19090,0.0294978,0.101816,0,0,0,iter,0,1,rootk,1,dynamic
9,79,0.001,16,0,69493,69493,0.0294993,19091,0.0294993,0.101816,0,0,0,iter,0,1,k1,1,dynamic
9,79,0.001,16,0,69493,69493,0.0295688,19136,0.0295688,0.101816,0,0,0,iter,0,1,optk,1,dynamic
9,79,0.001,16,1,13715,13715,0.0105583,6833,0.0105583,0.0209694,0,0,0,iter,0,1,optk,1,dynamic
9,79,0.001,16,1,14261,14261,0.0105197,6808,0.0105197,0.021795,0,0,0,iter,0,1,k1,1,dynamic
9,79,0.001,16,1,14447,14447,0.0105305,6815,0.0105305,0.0220761,0,0,0,iter,0,1,rootk,1,dynamic
9,79,0.001,16,2,633,633,0.000355395,230,0.000355395,0.00097763,237,0,237,iter,0,1,k1,1,dynamic
9,79,0.001,16,2,752,752,0.000316765,205,0.000316765,0.00116131,211,0,211,iter,0,1,rootk,1,dynamic
9,79,0.001,16,2,889,889,0.00031831,206,0.00031831,0.00137273,212,0,212,iter,0,1,optk,1,dynamic
9,79,0.001,17,0,3617287,3617287,0.712684,461226,0.712684,0.996263,0,0,0,iter,0,1,optk,1,dynamic
9,79,0.001,17,0,3617287,3617287,0.713075,461479,0.713075,0.996263,0,0,0,iter,0,1,rootk,1,dynamic
9,79,0.001,17,0,3617287,3617287,0.713368,461669,0.713368,0.996263,0,0,0,iter,0,1,k1,1,dynamic
9,79,0.001,17,0,410374,410374,0.133877,86641,0.133877,0.469591,94150,1,94151,type,0,8,optk,1,dynamic
9,79,0.001,17,0,411626,411626,0.134372,86961,0.134372,0.470616,94303,1,94304,type,0,8,k1,1,dynamic
9,79,0.001,17,0,411676,411676,0.134019,86733,0.134019,0.470657,94098,1,94099,type,0,8,rootk,1,dynamic
9,79,0.001,17,1,4990863,4990863,0.92402,597996,0.92402,0.999553,0,0,0,iter,0,1,optk,1,dynamic
9,79,0.001,17,1,4997175,4997175,0.924038,598008,0.924038,0.999557,0,0,0,iter,0,1,k1,1,dynamic
9,79,0.001,17,1,4997559,4997559,0.924503,598309,0.924503,0.999557,0,0,0,iter,0,1,rootk,1,dynamic
9,790,0.01,11,0,0,0,0,0,0,0,0,0,0,iter,0,1,k1,1,dynamic
9,790,0.01,11,0,0,0,0,0,0,0,0,0,0,iter,0,1,optk,1,dynamic
9,790,0.01,11,0,0,0,0,0,0,0,0,0,0,iter,0,1,rootk,1,dynamic
9,790,0.01,12,0,0,0,0,0,0,0,0,0,0,iter,0,1,k1,1,dynamic
9,790,0.01,12,0,0,0,0,0,0,0,0,0,0,iter,0,1,optk,1,dynamic
9,790,0.01,12,0,0,0,0,0,0,0,0,0,0,iter,0,1,rootk,1,dynamic
9,790,0.01,13,0,0,0,0,0,0,0,0,0,0,iter,0,1,k1,1,dynamic
9,790,0.01,13,0,0,0,0,0,0,0,0,0,0,iter,0,1,optk,1,dynamic
9,790,0.01,13,0,0,0,0,0,0,0,0,0,0,iter,0,1,rootk,1,dynamic
9,790,0.01,14,0,49,49,3.39943e-06,22,3.39943e-06,7.57142e-06,0,0,0,iter,0,1,k1,1,dynamic
9,790,0.01,14,0,49,49,3.39943e-06,22,3.39943e-06,7.57142e-06,0,0,0,iter,0,1,optk,1,dynamic
9,790,0.01,14,0,49,49,3.39943e-06,22,3.39943e-06,7.57142e-06,0,0,0,iter,0,1,rootk,1,dynamic
9,790,0.01,14,1,0,0,0,0,0,0,0,0,0,iter,0,1,k1,1,dynamic
9,790,0.01,14,1,0,0,0,0,0,0,0,0,0,iter,0,1,optk,1,dynamic
9,790,0.01,14,1,0,0,0,0,0,0,0,0,0,iter,0,1,rootk,1,dynamic
9,790,0.01,15,0,351,351,1.90059e-05,123,1.90059e-05,5.42348e-05,0,0,0,iter,0,1,k1,1,dynamic
9,790,0.01,15,0,351,351,1.90059e-05,123,1.90059e-05,5.42348e-05,0,0,0,iter,0,1,optk,1,dynamic
9,790,0.01,15,0,351,351,1.90059e-05,123,1.90059e-05,5.42348e-05,0,0,0,iter,0,1,rootk,1,dynamic
9,790,0.01,15,1,0,0,0,0,0,0,0,0,0,iter,0,1,optk,1,dynamic
9,790,0.01,15,1,1,1,1.54519e-07,1,1.54519e-07,1.54519e-07,0,1,1,iter,0,1,k1,1,dynamic
9,790,0.01,15,1,1,1,1.54519e-07,1,1.54519e-07,1.54519e-07,0,1,1,iter,0,1,rootk,1,dynamic
9,790,0.01,16,0,69493,69493,0.00299289,19369,0.00299289,0.0106806,0,0,0,iter,0,1,rootk,1,dynamic
9,790,0.01,16,0,69493,69493,0.00299304,19370,0.00299304,0.0106806,0,0,0,iter,0,1,optk,1,dynamic
9,790,0.01,16,0,69493,69493,0.00299319,19371,0.00299319,0.0106806,0,0,0,iter,0,1,k1,1,dynamic
9,790,0.01,16,1,1260,1260,9.84288e-05,637,9.84288e-05,0.000194675,0,663,663,iter,0,1,k1,1,dynamic
9,790,0.01,16,1,1389,1389,0.000108009,699,0.000108009,0.000214604,0,726,726,iter,0,1,rootk,1,dynamic
9,790,0.01,16,1,1513,1513,0.000105846,685,0.000105846,0.000233761,0,701,701,iter,0,1,optk,1,dynamic
9,790,0.01,17,0,3617287,3617287,0.117439,760028,0.117439,0.428186,0,0,0,iter,0,1,optk,1,dynamic
9,790,0.01,17,0,3617287,3617287,0.117468,760217,0.117468,0.428186,0,0,0,iter,0,1,k1,1,dynamic
9,790,0.01,17,0,3617287,3617287,0.117487,760339,0.117487,0.428186,0,0,0,iter,0,1,rootk,1,dynamic
9,790,0.01,17,1,819937,819937,0.0416858,269777,0.0416858,0.118999,0,0,0,iter,0,1,rootk,1,dynamic
9,790,0.01,17,1,823287,823287,0.0414775,268429,0.0414775,0.119455,0,0,0,iter,0,1,k1,1,dynamic
9,790,0.01,17,1,829457,829457,0.0416662,269650,0.0416662,0.120294,0,0,0,iter,0,1,optk,1,dynamic
9,790,0.01,17,2,151565,151565,0.00522214,33796,0.00522214,0.0231476,0,0,0,iter,0,1,rootk,1,dynamic
9,790,0.01,17,2,153508,153508,0.00518366,33547,0.00518366,0.0234409,0,0,0,iter,0,1,k1,1,dynamic
9,790,0.01,17,2,153996,153996,0.00524408,33938,0.00524408,0.0235145,0,0,0,iter,0,1,optk,1,dynamic
9,790,0.01,17,3,36538,36538,0.001906,12335,0.001906,0.00562992,1,16932,16933,iter,0,1,rootk,1,dynamic
9,790,0.01,17,3,37075,37075,0.00189503,12264,0.00189503,0.00571243,1,16577,16578,iter,0,1,k1,1,dynamic
9,790,0.01,17,3,37636,37636,0.00192639,12467,0.00192639,0.00579861,1,17011,17012,iter,0,1,optk,1,dynamic
9,7898,0.1,11,0,0,0,0,0,0,0,0,0,0,iter,0,1,k1,1,dynamic
9,7898,0.1,11,0,0,0,0,0,0,0,0,0,0,iter,0,1,optk,5,dynamic
9,7898,0.1,11,0,0,0,0,0,0,0,0,0,0,iter,0,1,rootk,2,dynamic
9,7898,0.1,12,0,0,0,0,0,0,0,0,0,0,iter,0,1,k1,1,dynamic
9,7898,0.1,12,0,0,0,0,0,0,0,0,0,0,iter,0,1,optk,5,dynamic
9,7898,0.1,12,0,0,0,0,0,0,0,0,0,0,iter,0,1,rootk,2,dynamic
9,7898,0.1,13,0,0,0,0,0,0,0,0,0,0,iter,0,1,k1,1,dynamic
9,7898,0.1,13,0,0,0,0,0,0,0,0,0,0,iter,0,1,optk,5,dynamic
9,7898,0.1,13,0,0,0,0,0,0,0,0,0,0,iter,0,1,rootk,2,dynamic
9,7898,0.1,14,0,49,49,1.42046e-29,110,1.70014e-06,3.78668e-06,0,0,0,iter,0,1,optk,5,dynamic
9,7898,0.1,14,0,49,49,3.40029e-07,22,3.40029e-07,7.57336e-07,0,0,0,iter,0,1,k1,1,dynamic
9,7898,0.1,14,0,49,49,4.62478e-13,44,6.80057e-07,1.51467e-06,0,0,0,iter,0,1,rootk,2,dynamic
9,7898,0.1,14,1,0,0,0,0,0,0,0,0,0,iter,0,1,k1,1,dynamic
9,7898,0.1,14,1,0,0,0,0,0,0,0,0,0,iter,0,1,optk,5,dynamic
9,7898,0.1,14,1,0,0,0,0,0,0,0,0,0,iter,0,1,rootk,2,dynamic
9,7898,0.1,15,0,351,351,1.44563e-11,246,3.80214e-06,1.08499e-05,0,0,0,iter,0,1,rootk,2,dynamic
9,7898,0.1,15,0,351,351,1.90107e-06,123,1.90107e-06,5.42499e-06,0,0,0,iter,0,1,k1,1,dynamic
9,7898,0.1,15,0,351,351,7.75962e-26,615,9.50535e-06,2.71247e-05,0,0,0,iter,0,1,optk,5,dynamic
9,7898,0.1,15,1,0,0,0,0,0,0,0,0,0,iter,0,1,k1,1,dynamic
9,7898,0.1,15,1,0,0,0,0,0,0,0,0,0,iter,0,1,optk,5,dynamic
9,7898,0.1,15,1,0,0,0,0,0,0,0,0,0,iter,0,1,rootk,2,dynamic
9,7898,0.1,16,0,69493,69493,0.000299782,19396,0.000299782,0.0010735,0,0,0,iter,0,1,k1,1,dynamic
9,7898,0.1,16,0,69493,69493,3.59439e-07,38790,0.000599532,0.00214584,0,0,0,iter,0,1,rootk,2,dynamic
9,7898,0.1,16,0,69493,69493,7.5385e-15,96909,0.00149781,0.00535597,0,0,0,iter,0,1,optk,5,dynamic
9,7898,0.1,16,1,0,0,0,0,0,0,0,0,0,iter,0,1,optk,5,dynamic
9,7898,0.1,16,1,0,0,0,0,0,0,0,0,0,iter,0,1,rootk,2,dynamic
9,7898,0.1,16,1,139,139,1.14373e-06,74,1.14373e-06,2.14836e-06,0,74,74,iter,0,1,k1,1,dynamic
9,7898,0.1,17,0,3617287,3617287,0.000609588,1597443,0.0246898,0.105792,0,0,0,iter,0,1,rootk,2,dynamic
9,7898,0.1,17,0,3617287,3617287,0.0124224,803736,0.0124224,0.0543741,0,0,0,iter,0,1,k1,1,dynamic
9,7898,0.1,17,0,3617287,3617287,8.16469e-07,3920081,0.0605882,0.243869,0,0,0,iter,0,1,optk,5,dynamic
9,7898,0.1,17,1,257,257,1.55437e-24,1120,1.73106e-05,1.98606e-05,1,224,225,iter,0,1,optk,5,dynamic
9,7898,0.1,17,1,4846,4846,2.56061e-09,3274,5.06025e-05,0.000149787,1,1637,1638,iter,0,1,rootk,2,dynamic
9,7898,0.1,17,1,87238,87238,0.000453583,29347,0.000453583,0.00134743,1,30435,30436,iter,0,1,k1,1,dynamic
9,39492,0.5,11,0,0,0,0,0,0,0,0,0,0,iter,0,1,k1,1,dynamic
9,39492,0.5,11,0,0,0,0,0,0,0,0,0,0,iter,0,1,optk,25,dynamic
9,39492,0.5,11,0,0,0,0,0,0,0,0,0,0,iter,0,1,rootk,5,dynamic
9,39492,0.5,12,0,0,0,0,0,0,0,0,0,0,iter,0,1,k1,1,dynamic
9,39492,0.5,12,0,0,0,0,0,0,0,0,0,0,iter,0,1,optk,25,dynamic
9,39492,0.5,12,0,0,0,0,0,0,0,0,0,0,iter,0,1,rootk,5,dynamic
9,39492,0.5,13,0,0,0,0,0,0,0,0,0,0,iter,0,1,k1,1,dynamic
9,39492,0.5,13,0,0,0,0,0,0,0,0,0,0,iter,0,1,optk,25,dynamic
9,39492,0.5,13,0,0,0,0,0,0,0,0,0,0,iter,0,1,rootk,5,dynamic
9,39492,0.5,14,0,49,49,4.54431e-33,110,3.40012e-07,7.57298e-07,0,0,0,iter,0,1,rootk,5,dynamic
9,39492,0.5,14,0,49,49,5.77551e-145,550,1.70006e-06,3.78648e-06,0,0,0,iter,0,1,optk,25,dynamic
9,39492,0.5,14,0,49,49,6.80023e-08,22,6.80023e-08,1.5146e-07,0,0,0,iter,0,1,k1,1,dynamic
9,39492,0.5,14,1,0,0,0,0,0,0,0,0,0,iter,0,1,k1,1,dynamic
9,39492,0.5,14,1,0,0,0,0,0,0,0,0,0,iter,0,1,optk,25,dynamic
9,39492,0.5,14,1,0,0,0,0,0,0,0,0,0,iter,0,1,rootk,5,dynamic
9,39492,0.5,15,0,351,351,2.48245e-29,615,1.90097e-06,5.42471e-06,0,0,0,iter,0,1,rootk,5,dynamic
9,39492,0.5,15,0,351,351,2.80964e-126,3075,9.50487e-06,2.71233e-05,0,0,0,iter,0,1,optk,25,dynamic
9,39492,0.5,15,0,351,351,3.80195e-07,123,3.80195e-07,1.08495e-06,0,0,0,iter,0,1,k1,1,dynamic
9,39492,0.5,15,1,0,0,0,0,0,0,0,0,0,iter,0,1,k1,1,dynamic
9,39492,0.5,15,1,0,0,0,0,0,0,0,0,0,iter,0,1,optk,25,dynamic
9,39492,0.5,15,1,0,0,0,0,0,0,0,0,0,iter,0,1,rootk,5,dynamic
9,39492,0.5,16,0,69493,69493,2.42006e-18,96976,0.000299754,0.00107344,0,0,0,iter,0,1,rootk,5,dynamic
9,39492,0.5,16,0,69493,69493,2.43842e-71,484600,0.00149791,0.0053557,0,0,0,iter,0,1,optk,25,dynamic
9,39492,0.5,16,0,69493,69493,5.99533e-05,19396,5.99533e-05,0.000214781,0,0,0,iter,0,1,k1,1,dynamic
9,39492,0.5,16,1,0,0,0,0,0,0,0,0,0,iter,0,1,optk,25,dynamic
9,39492,0.5,16,1,0,0,0,0,0,0,0,0,0,iter,0,1,rootk,5,dynamic
9,39492,0.5,16,1,18,18,3.09101e-08,10,3.09101e-08,5.56382e-08,0,10,10,iter,0,1,k1,1,dynamic
9,39492,0.5,17,0,3617287,3617287,0.00249666,807714,0.00249666,0.0111188,0,0,0,iter,0,1,k1,1,dynamic
9,39492,0.5,17,0,3617287,3617287,2.95651e-10,4018416,0.012421,0.0543714,0,0,0,iter,0,1,rootk,5,dynamic
9,39492,0.5,17,0,3617287,3617287,3.61956e-31,19599514,0.0605824,0.243859,0,0,0,iter,0,1,optk,25,dynamic
9,39492,0.5,17,1,17636,17636,1.90932e-05,6177,1.90932e-05,5.45116e-05,1,6224,6225,iter,0,1,k1,1,dynamic
9,39492,0.5,17,1,257,257,4.97273e-28,1120,3.46194e-06,3.97194e-06,1,224,225,iter,0,1,rootk,5,dynamic
9,39492,0.5,17,1,257,257,9.062e-120,5600,1.73097e-05,1.98596e-05,1,224,225,iter,0,1,optk,25,dynamic
10,6,0.001,11,0,0,0,0,0,0,0,0,0,0,iter,0,1,k1,1,dynamic
10,6,0.001,11,0,0,0,0,0,0,0,0,0,0,iter,0,1,optk,1,dynamic
10,6,0.001,11,0,0,0,0,0,0,0,0,0,0,iter,0,1,rootk,1,dynamic
10,6,0.001,12,0,0,0,0,0,0,0,0,0,0,iter,0,1,k1,1,dynamic
10,6,0.001,12,0,0,0,0,0,0,0,0,0,0,iter,0,1,optk,1,dynamic
10,6,0.001,12,0,0,0,0,0,0,0,0,0,0,iter,0,1,rootk,1,dynamic
10,6,0.001,13,0,0,0,0,0,0,0,0,0,0,iter,0,1,k1,1,dynamic
10,6,0.001,13,0,0,0,0,0,0,0,0,0,0,iter,0,1,optk,1,dynamic
10,6,0.001,13,0,0,0,0,0,0,0,0,0,0,iter,0,1,rootk,1,dynamic
10,6,0.001,14,0,58,58,0.000874837,43,0.000874837,0.00117932,0,0,0,iter,0,1,k1,1,dynamic
10,6,0.001,14,0,58,58,0.000874837,43,0.000874837,0.00117932,0,0,0,iter,0,1,optk,1,dynamic
10,6,0.001,14,0,58,58,0.000874837,43,0.000874837,0.00117932,0,0,0,iter,0,1,rootk,1,dynamic
10,6,0.001,14,1,0,0,0,0,0,0,0,0,0,iter,0,1,k1,1,dynamic
10,6,0.001,14,1,0,0,0,0,0,0,0,0,0,iter,0,1,optk,1,dynamic
10,6,0.001,14,1,0,0,0,0,0,0,0,0,0,iter,0,1,rootk,1,dynamic
10,6,0.001,15,0,2076,2076,0.0225627,1109,0.0225627,0.0413568,0,0,0,iter,0,1,rootk,1,dynamic
10,6,0.001,15,0,2076,2076,0.0226644,1114,0.0226644,0.0413568,0,0,0,iter,0,1,optk,1,dynamic
10,6,0.001,15,0,2076,2076,0.0227865,1120,0.0227865,0.0413568,0,0,0,iter,0,1,k1,1,dynamic
10,6,0.001,15,1,126,126,0.00181071,89,0.00181071,0.00256019,0,93,93,iter,0,1,k1,1,dynamic
10,6,0.001,15,1,137,137,0.00168864,83,0.00168864,0.00278339,0,89,89,iter,0,1,optk,1,dynamic
10,6,0.001,15,1,156,156,0.00156657,77,0.00156657,0.0031688,0,84,84,iter,0,1,rootk,1,dynamic
10,6,0.001,16,0,10719,10719,0.0939331,4617,0.0939331,0.195938,5267,1,5268,type,0,6,k1,1,dynamic
10,6,0.001,16,0,11056,11056,0.0966187,4749,0.0966187,0.201432,5369,1,5370,type,0,6,rootk,1,dynamic
10,6,0.001,16,0,11179,11179,0.0956014,4699,0.0956014,0.203428,5357,1,5358,type,0,6,optk,1,dynamic
10,6,0.001,16,0,124080,124080,0.672526,33056,0.672526,0.919895,0,0,0,iter,0,1,optk,1,dynamic
10,6,0.001,16,0,124080,124080,0.674825,33169,0.674825,0.919895,0,0,0,iter,0,1,k1,1,dynamic
10,6,0.001,16,0,124080,124080,0.678385,33344,0.678385,0.919895,0,0,0,iter,0,1,rootk,1,dynamic
10,6,0.001,16,1,82859,82859,0.532186,26158,0.532186,0.814698,0,0,0,iter,0,1,optk,1,dynamic
10,6,0.001,16,1,83963,83963,0.533915,26243,0.533915,0.818814,0,0,0,iter,0,1,k1,1,dynamic
10,6,0.001,16,1,84399,84399,0.534831,26288,0.534831,0.820414,0,0,0,iter,0,1,rootk,1,dynamic
10,60,0.01,11,0,0,0,0,0,0,0,0,0,0,iter,0,1,k1,1,dynamic
10,60,0.01,11,0,0,0,0,0,0,0,0,0,0,iter,0,1,optk,1,dynamic
10,60,0.01,11,0,0,0,0,0,0,0,0,0,0,iter,0,1,rootk,1,dynamic
10,60,0.01,12,0,0,0,0,0,0,0,0,0,0,iter,0,1,k1,1,dynamic
10,60,0.01,12,0,0,0,0,0,0,0,0,0,0,iter,0,1,optk,1,dynamic
10,60,0.01,12,0,0,0,0,0,0,0,0,0,0,iter,0,1,rootk,1,dynamic
10,60,0.01,13,0,0,0,0,0,0,0,0,0,0,iter,0,1,k1,1,dynamic
10,60,0.01,13,0,0,0,0,0,0,0,0,0,0,iter,0,1,optk,1,dynamic
10,60,0.01,13,0,0,0,0,0,0,0,0,0,0,iter,0,1,rootk,1,dynamic
10,60,0.01,14,0,58,58,8.74837e-05,43,8.74837e-05,0.000117994,0,0,0,iter,0,1,k1,1,dynamic
10,60,0.01,14,0,58,58,8.74837e-05,43,8.74837e-05,0.000117994,0,0,0,iter,0,1,optk,1,dynamic
10,60,0.01,14,0,58,58,8.74837e-05,43,8.74837e-05,0.000117994,0,0,0,iter,0,1,rootk,1,dynamic
10,60,0.01,14,1,0,0,0,0,0,0,0,0,0,iter,0,1,k1,1,dynamic
10,60,0.01,14,1,0,0,0,0,0,0,0,0,0,iter,0,1,optk,1,dynamic
10,60,0.01,14,1,0,0,0,0,0,0,0,0,0,iter,0,1,rootk,1,dynamic
10,60,0.01,15,0,2076,2076,0.00229289,1127,0.00229289,0.00421473,0,0,0,iter,0,1,rootk,1,dynamic
10,60,0.01,15,0,2076,2076,0.00229492,1128,0.00229492,0.00421473,0,0,0,iter,0,1,k1,1,dynamic
10,60,0.01,15,0,2076,2076,0.00229492,1128,0.00229492,0.00421473,0,0,0,iter,0,1,optk,1,dynamic
10,60,0.01,15,1,8,8,1.2207e-05,6,1.2207e-05,1.62759e-05,0,6,6,iter,0,1,k1,1,dynamic
10,60,0.01,15,1,8,8,1.42415e-05,7,1.42415e-05,1.62759e-05,0,7,7,iter,0,1,optk,1,dynamic
10,60,0.01,15,1,8,8,1.42415e-05,7,1.42415e-05,1.62759e-05,0,7,7,iter,0,1,rootk,1,dynamic
10,60,0.01,16,0,124080,124080,0.106547,52370,0.106547,0.223098,0,0,0,iter,0,1,rootk,1,dynamic
10,60,0.01,16,0,124080,124080,0.106608,52400,0.106608,0.223098,0,0,0,iter,0,1,optk,1,dynamic
10,60,0.01,16,0,124080,124080,0.106708,52449,0.106708,0.223098,0,0,0,iter,0,1,k1,1,dynamic
10,60,0.01,16,1,12955,12955,0.011908,5853,0.011908,0.0260127,0,0,0,iter,0,1,rootk,1,dynamic
10,60,0.01,16,1,13442,13442,0.0120728,5934,0.0120728,0.0269773,0,0,0,iter,0,1,k1,1,dynamic
10,60,0.01,16,1,13453,13453,0.0121134,5954,0.0121134,0.026999,0,0,0,iter,0,1,optk,1,dynamic
10,60,0.01,16,2,1459,1459,0.00137533,676,0.00137533,0.00296394,752,1,753,iter,0,1,rootk,1,dynamic
10,60,0.01,16,2,1575,1575,0.00139771,687,0.00139771,0.00319922,764,1,765,iter,0,1,optk,1,dynamic
10,60,0.01,16,2,1621,1621,0.00139771,687,0.00139771,0.0032925,760,1,761,iter,0,1,k1,1,dynamic
10,602,0.1,11,0,0,0,0,0,0,0,0,0,0,iter,0,1,k1,1,dynamic
10,602,0.1,11,0,0,0,0,0,0,0,0,0,0,iter,0,1,optk,4,dynamic
10,602,0.1,11,0,0,0,0,0,0,0,0,0,0,iter,0,1,rootk,2,dynamic
10,602,0.1,12,0,0,0,0,0,0,0,0,0,0,iter,0,1,k1,1,dynamic
10,602,0.1,12,0,0,0,0,0,0,0,0,0,0,iter,0,1,optk,4,dynamic
10,602,0.1,12,0,0,0,0,0,0,0,0,0,0,iter,0,1,rootk,2,dynamic
10,602,0.1,13,0,0,0,0,0,0,0,0,0,0,iter,0,1,k1,1,dynamic
10,602,0.1,13,0,0,0,0,0,0,0,0,0,0,iter,0,1,optk,4,dynamic
10,602,0.1,13,0,0,0,0,0,0,0,0,0,0,iter,0,1,rootk,2,dynamic
10,602,0.1,14,0,58,58,1.47968e-18,172,3.48772e-05,4.70426e-05,0,0,0,iter,0,1,optk,4,dynamic
10,602,0.1,14,0,58,58,3.04105e-10,86,1.74386e-05,2.35216e-05,0,0,0,iter,0,1,rootk,2,dynamic
10,602,0.1,14,0,58,58,8.71931e-06,43,8.71931e-06,1.17609e-05,0,0,0,iter,0,1,k1,1,dynamic
10,602,0.1,14,1,0,0,0,0,0,0,0,0,0,iter,0,1,k1,1,dynamic
10,602,0.1,14,1,0,0,0,0,0,0,0,0,0,iter,0,1,optk,4,dynamic
10,602,0.1,14,1,0,0,0,0,0,0,0,0,0,iter,0,1,rootk,2,dynamic
10,602,0.1,15,0,2076,2076,0.00022873,1128,0.00022873,0.000420871,0,0,0,iter,0,1,k1,1,dynamic
10,602,0.1,15,0,2076,2076,2.09269e-07,2256,0.00045746,0.000841566,0,0,0,iter,0,1,rootk,2,dynamic
10,602,0.1,15,0,2076,2076,7.00077e-13,4511,0.000914716,0.00168242,0,0,0,iter,0,1,optk,4,dynamic
10,602,0.1,15,1,0,0,0,0,0,0,0,0,0,iter,0,1,optk,4,dynamic
10,602,0.1,15,1,0,0,0,0,0,0,0,0,0,iter,0,1,rootk,2,dynamic
10,602,0.1,15,1,1,1,2.02775e-07,1,2.02775e-07,2.02775e-07,0,1,1,iter,0,1,k1,1,dynamic
10,602,0.1,16,0,124080,124080,0.000493289,109531,0.0222101,0.0490754,0,0,0,iter,0,1,rootk,2,dynamic
10,602,0.1,16,0,124080,124080,0.0111625,55049,0.0111625,0.0248464,0,0,0,iter,0,1,k1,1,dynamic
10,602,0.1,16,0,124080,124080,3.72008e-06,216583,0.0439175,0.0957425,0,0,0,iter,0,1,optk,4,dynamic
10,602,0.1,16,1,14,14,1.66267e-20,56,1.13554e-05,1.13553e-05,1,14,15,iter,0,1,optk,4,dynamic
10,602,0.1,16,1,1429,1429,0.000125315,618,0.000125315,0.000289723,1,630,631,iter,0,1,k1,1,dynamic
10,602,0.1,16,1,70,70,2.76474e-10,82,1.66275e-05,2.8388e-05,1,41,42,iter,0,1,rootk,2,dynamic
10,3012,0.5,11,0,0,0,0,0,0,0,0,0,0,iter,0,1,k1,1,dynamic
10,3012,0.5,11,0,0,0,0,0,0,0,0,0,0,iter,0,1,optk,22,dynamic
10,3012,0.5,11,0,0,0,0,0,0,0,0,0,0,iter,0,1,rootk,5,dynamic
10,3012,0.5,12,0,0,0,0,0,0,0,0,0,0,iter,0,1,k1,1,dynamic
10,3012,0.5,12,0,0,0,0,0,0,0,0,0,0,iter,0,1,optk,22,dynamic
10,3012,0.5,12,0,0,0,0,0,0,0,0,0,0,iter,0,1,rootk,5,dynamic
10,3012,0.5,13,0,0,0,0,0,0,0,0,0,0,iter,0,1,k1,1,dynamic
10,3012,0.5,13,0,0,0,0,0,0,0,0,0,0,iter,0,1,optk,22,dynamic
10,3012,0.5,13,0,0,0,0,0,0,0,0,0,0,iter,0,1,rootk,5,dynamic
10,3012,0.5,14,0,58,58,1.7427e-06,43,1.7427e-06,2.35062e-06,0,0,0,iter,0,1,k1,1,dynamic
10,3012,0.5,14,0,58,58,5.02305e-26,215,8.71352e-06,1.1753e-05,0,0,0,iter,0,1,rootk,5,dynamic
10,3012,0.5,14,0,58,58,6.92177e-98,946,3.83395e-05,5.17124e-05,0,0,0,iter,0,1,optk,22,dynamic
10,3012,0.5,14,1,0,0,0,0,0,0,0,0,0,iter,0,1,k1,1,dynamic
10,3012,0.5,14,1,0,0,0,0,0,0,0,0,0,iter,0,1,optk,22,dynamic
10,3012,0.5,14,1,0,0,0,0,0,0,0,0,0,iter,0,1,rootk,5,dynamic
10,3012,0.5,15,0,2076,2076,1.12924e-66,24811,0.00100554,0.00184928,0,0,0,iter,0,1,optk,22,dynamic
10,3012,0.5,15,0,2076,2076,4.57156e-05,1128,4.57156e-05,8.41326e-05,0,0,0,iter,0,1,k1,1,dynamic
10,3012,0.5,15,0,2076,2076,6.22875e-19,5638,0.000228497,0.000420592,0,0,0,iter,0,1,rootk,5,dynamic
10,3012,0.5,15,1,0,0,0,0,0,0,0,0,0,iter,0,1,k1,1,dynamic
10,3012,0.5,15,1,0,0,0,0,0,0,0,0,0,iter,0,1,optk,22,dynamic
10,3012,0.5,15,1,0,0,0,0,0,0,0,0,0,iter,0,1,rootk,5,dynamic
10,3012,0.5,16,0,124080,124080,0.00224225,55326,0.00224225,0.00501609,0,0,0,iter,0,1,k1,1,dynamic
10,3012,0.5,16,0,124080,124080,1.05319e-29,1188738,0.0481772,0.104732,0,0,0,iter,0,1,optk,22,dynamic
10,3012,0.5,16,0,124080,124080,1.73357e-10,275444,0.0111632,0.0248301,0,0,0,iter,0,1,rootk,5,dynamic
10,3012,0.5,16,1,14,14,1.3144e-108,308,1.24826e-05,1.24825e-05,1,14,15,iter,0,1,optk,22,dynamic
10,3012,0.5,16,1,14,14,1.83766e-28,70,2.83696e-06,2.83696e-06,1,14,15,iter,0,1,rootk,5,dynamic
10,3012,0.5,16,1,290,290,5.22811e-06,129,5.22811e-06,1.1753e-05,1,130,131,iter,0,1,k1,1,dynamic
11,1,0.001,9,0,0,0,0,0,0,0,0,0,0,iter,0,1,k1,1,dynamic
11,1,0.001,9,0,0,0,0,0,0,0,0,0,0,iter,0,1,optk,1,dynamic
11,1,0.001,9,0,0,0,0,0,0,0,0,0,0,iter,0,1,rootk,1,dynamic
11,1,0.001,10,0,0,0,0,0,0,0,0,0,0,iter,0,1,k1,1,dynamic
11,1,0.001,10,0,0,0,0,0,0,0,0,0,0,iter,0,1,optk,1,dynamic
11,1,0.001,10,0,0,0,0,0,0,0,0,0,0,iter,0,1,rootk,1,dynamic
11,1,0.001,11,0,0,0,0,0,0,0,0,0,0,iter,0,1,k1,1,dynamic
11,1,0.001,11,0,0,0,0,0,0,0,0,0,0,iter,0,1,optk,1,dynamic
11,1,0.001,11,0,0,0,0,0,0,0,0,0,0,iter,0,1,rootk,1,dynamic
11,1,0.001,12,0,35,35,0.00378418,31,0.00378418,0.00426335,0,0,0,iter,0,1,k1,1,dynamic
11,1,0.001,12,0,35,35,0.00378418,31,0.00378418,0.00426335,0,0,0,iter,0,1,optk,1,dynamic
11,1,0.001,12,0,35,35,0.00378418,31,0.00378418,0.00426335,0,0,0,iter,0,1,rootk,1,dynamic
11,1,0.001,12,1,0,0,0,0,0,0,0,0,0,iter,0,1,k1,1,dynamic
11,1,0.001,12,1,1,1,0.00012207,1,0.00012207,0.000122063,0,1,1,iter,0,1,optk,1,dynamic
11,1,0.001,12,1,1,1,0.00012207,1,0.00012207,0.000122063,0,1,1,iter,0,1,rootk,1,dynamic
11,1,0.001,13,0,353,353,0.0196533,161,0.0196533,0.0421756,0,0,0,iter,0,1,optk,1,dynamic
11,1,0.001,13,0,353,353,0.0198975,163,0.0198975,0.0421756,0,0,0,iter,0,1,k1,1,dynamic
11,1,0.001,13,0,353,353,0.0198975,163,0.0198975,0.0421756,0,0,0,iter,0,1,rootk,1,dynamic
11,1,0.001,13,1,234,234,0.022583,185,0.022583,0.0281603,0,0,0,iter,0,1,k1,1,dynamic
11,1,0.001,13,1,240,240,0.0234375,192,0.0234375,0.0288719,0,0,0,iter,0,1,rootk,1,dynamic
11,1,0.001,13,1,260,260,0.0229492,188,0.0229492,0.0312399,0,0,0,iter,0,1,optk,1,dynamic
11,1,0.001,13,2,15,15,0.00109863,9,0.00109863,0.00182938,9,1,10,iter,0,1,optk,1,dynamic
11,1,0.001,13,2,18,18,0.0012207,10,0.0012207,0.00219485,11,1,12,iter,0,1,rootk,1,dynamic
11,1,0.001,13,2,25,25,0.00170898,14,0.00170898,0.00304711,15,1,16,iter,0,1,k1,1,dynamic
11,3,0.01,9,0,0,0,0,0,0,0,0,0,0,iter,0,1,k1,1,dynamic
11,3,0.01,9,0,0,0,0,0,0,0,0,0,0,iter,0,1,optk,1,dynamic
11,3,0.01,9,0,0,0,0,0,0,0,0,0,0,iter,0,1,rootk,1,dynamic
11,3,0.01,10,0,0,0,0,0,0,0,0,0,0,iter,0,1,k1,1,dynamic
11,3,0.01,10,0,0,0,0,0,0,0,0,0,0,iter,0,1,optk,1,dynamic
11,3,0.01,10,0,0,0,0,0,0,0,0,0,0,iter,0,1,rootk,1,dynamic
11,3,0.01,11,0,0,0,0,0,0,0,0,0,0,iter,0,1,k1,1,dynamic
11,3,0.01,11,0,0,0,0,0,0,0,0,0,0,iter,0,1,optk,1,dynamic
11,3,0.01,11,0,0,0,0,0,0,0,0,0,0,iter,0,1,rootk,1,dynamic
11,3,0.01,12,0,35,35,0.00126139,31,0.00126139,0.00142314,0,0,0,iter,0,1,k1,1,dynamic
11,3,0.01,12,0,35,35,0.00126139,31,0.00126139,0.00142314,0,0,0,iter,0,1,optk,1,dynamic
11,3,0.01,12,0,35,35,0.00126139,31,0.00126139,0.00142314,0,0,0,iter,0,1,rootk,1,dynamic
11,3,0.01,12,1,0,0,0,0,0,0,0,0,0,iter,0,1,k1,1,dynamic
11,3,0.01,12,1,0,0,0,0,0,0,0,0,0,iter,0,1,optk,1,dynamic
11,3,0.01,12,1,0,0,0,0,0,0,0,0,0,iter,0,1,rootk,1,dynamic
11,3,0.01,13,0,353,353,0.00663249,163,0.00663249,0.0142609,0,0,0,iter,0,1,rootk,1,dynamic
11,3,0.01,13,0,353,353,0.00671387,165,0.00671387,0.0142609,0,0,0,iter,0,1,k1,1,dynamic
11,3,0.01,13,0,353,353,0.00671387,165,0.00671387,0.0142609,0,0,0,iter,0,1,optk,1,dynamic
11,3,0.01,13,1,66,66,0.00211589,52,0.00211589,0.00268194,1,67,68,iter,0,1,rootk,1,dynamic
11,3,0.01,13,1,79,79,0.00252279,62,0.00252279,0.00320936,1,89,90,iter,0,1,optk,1,dynamic
11,3,0.01,13,1,85,85,0.00309245,76,0.00309245,0.00345268,1,95,96,iter,0,1,k1,1,dynamic
11,29,0.1,9,0,0,0,0,0,0,0,0,0,0,iter,0,1,k1,1,dynamic
11,29,0.1,9,0,0,0,0,0,0,0,0,0,0,iter,0,1,optk,4,dynamic
11,29,0.1,9,0,0,0,0,0,0,0,0,0,0,iter,0,1,rootk,2,dynamic
11,29,0.1,10,0,0,0,0,0,0,0,0,0,0,iter,0,1,k1,1,dynamic
11,29,0.1,10,0,0,0,0,0,0,0,0,0,0,iter,0,1,optk,4,dynamic
11,29,0.1,10,0,0,0,0,0,0,0,0,0,0,iter,0,1,rootk,2,dynamic
11,29,0.1,11,0,0,0,0,0,0,0,0,0,0,iter,0,1,k1,1,dynamic
11,29,0.1,11,0,0,0,0,0,0,0,0,0,0,iter,0,1,optk,4,dynamic
11,29,0.1,11,0,0,0,0,0,0,0,0,0,0,iter,0,1,rootk,2,dynamic
11,29,0.1,12,0,35,35,0.000130489,31,0.000130489,0.000147315,0,0,0,iter,0,1,k1,1,dynamic
11,29,0.1,12,0,35,35,6.81095e-08,62,0.000260978,0.000294609,0,0,0,iter,0,1,rootk,2,dynamic
11,29,0.1,12,0,35,35,7.42224e-14,124,0.000521956,0.000589131,0,0,0,iter,0,1,optk,4,dynamic
11,29,0.1,12,1,0,0,0,0,0,0,0,0,0,iter,0,1,k1,1,dynamic
11,29,0.1,12,1,0,0,0,0,0,0,0,0,0,iter,0,1,optk,4,dynamic
11,29,0.1,12,1,0,0,0,0,0,0,0,0,0,iter,0,1,rootk,2,dynamic
11,29,0.1,13,0,353,353,0.000694538,165,0.000694538,0.00148479,0,0,0,iter,0,1,k1,1,dynamic
11,29,0.1,13,0,353,353,1.92953e-06,330,0.00138908,0.00296737,0,0,0,iter,0,1,rootk,2,dynamic
11,29,0.1,13,0,353,353,5.92093e-11,659,0.00277394,0.00592593,0,0,0,iter,0,1,optk,4,dynamic
11,29,0.1,13,1,16,16,5.47212e-05,13,5.47212e-05,6.73469e-05,1,13,14,iter,0,1,k1,1,dynamic
11,29,0.1,13,1,6,6,1.04158e-16,24,0.000101024,0.000101019,1,6,7,iter,0,1,optk,4,dynamic
11,29,0.1,13,1,6,6,2.55145e-09,12,5.05119e-05,5.05106e-05,1,6,7,iter,0,1,rootk,2,dynamic
11,144,0.5,9,0,0,0,0,0,0,0,0,0,0,iter,0,1,k1,1,dynamic
11,144,0.5,9,0,0,0,0,0,0,0,0,0,0,iter,0,1,optk,20,dynamic
11,144,0.5,9,0,0,0,0,0,0,0,0,0,0,iter,0,1,rootk,4,dynamic
11,144,0.5,10,0,0,0,0,0,0,0,0,0,0,iter,0,1,k1,1,dynamic
11,144,0.5,10,0,0,0,0,0,0,0,0,0,0,iter,0,1,optk,20,dynamic
11,144,0.5,10,0,0,0,0,0,0,0,0,0,0,iter,0,1,rootk,4,dynamic
11,144,0.5,11,0,0,0,0,0,0,0,0,0,0,iter,0,1,k1,1,dynamic
11,144,0.5,11,0,0,0,0,0,0,0,0,0,0,iter,0,1,optk,20,dynamic
11,144,0.5,11,0,0,0,0,0,0,0,0,0,0,iter,0,1,rootk,4,dynamic
11,144,0.5,12,0,35,35,1.22089e-16,124,0.000105116,0.000118672,0,0,0,iter,0,1,rootk,4,dynamic
11,144,0.5,12,0,35,35,2.58693e-66,620,0.000525581,0.000593221,0,0,0,iter,0,1,optk,20,dynamic
11,144,0.5,12,0,35,35,2.6279e-05,31,2.6279e-05,2.96694e-05,0,0,0,iter,0,1,k1,1,dynamic
11,144,0.5,12,1,0,0,0,0,0,0,0,0,0,iter,0,1,k1,1,dynamic
11,144,0.5,12,1,0,0,0,0,0,0,0,0,0,iter,0,1,optk,20,dynamic
11,144,0.5,12,1,0,0,0,0,0,0,0,0,0,iter,0,1,rootk,4,dynamic
11,144,0.5,13,0,353,353,0.000139872,165,0.000139872,0.000299197,0,0,0,iter,0,1,k1,1,dynamic
11,144,0.5,13,0,353,353,8.20631e-52,3292,0.00279066,0.00596696,0,0,0,iter,0,1,optk,20,dynamic
11,144,0.5,13,0,353,353,9.79864e-14,660,0.000559489,0.00119625,0,0,0,iter,0,1,rootk,4,dynamic
11,144,0.5,13,1,6,6,1.40791e-80,120,0.000101725,0.00010172,1,6,7,iter,0,1,optk,20,dynamic
11,144,0.5,13,1,6,6,1.71331e-19,24,2.03451e-05,2.03448e-05,1,6,7,iter,0,1,rootk,4,dynamic
11,144,0.5,13,1,6,6,5.08626e-06,6,5.08626e-06,5.08625e-06,1,6,7,iter,0,1,k1,1,dynamic
12,4,0.001,10,0,0,0,0,0,0,0,0,0,0,iter,0,1,k1,1,dynamic
12,4,0.001,10,0,0,0,0,0,0,0,0,0,0,iter,0,1,optk,1,dynamic
12,4,0.001,10,0,0,0,0,0,0,0,0,0,0,iter,0,1,rootk,1,dynamic
12,4,0.001,11,0,0,0,0,0,0,0,0,0,0,iter,0,1,k1,1,dynamic
12,4,0.001,11,0,0,0,0,0,0,0,0,0,0,iter,0,1,optk,1,dynamic
12,4,0.001,11,0,0,0,0,0,0,0,0,0,0,iter,0,1,rootk,1,dynamic
12,4,0.001,12,0,6,6,3.05176e-05,1,3.05176e-05,0.000183089,0,0,0,iter,0,1,k1,1,dynamic
12,4,0.001,12,0,6,6,3.05176e-05,1,3.05176e-05,0.000183089,0,0,0,iter,0,1,optk,1,dynamic
12,4,0.001,12,0,6,6,3.05176e-05,1,3.05176e-05,0.000183089,0,0,0,iter,0,1,rootk,1,dynamic
12,4,0.001,12,1,0,0,0,0,0,0,0,0,0,iter,0,1,k1,1,dynamic
12,4,0.001,12,1,0,0,0,0,0,0,0,0,0,iter,0,1,optk,1,dynamic
12,4,0.001,12,1,0,0,0,0,0,0,0,0,0,iter,0,1,rootk,1,dynamic
12,4,0.001,13,0,930,930,0.0226135,741,0.0226135,0.0279824,0,0,0,iter,0,1,k1,1,dynamic
12,4,0.001,13,0,930,930,0.0227051,744,0.0227051,0.0279824,0,0,0,iter,0,1,rootk,1,dynamic
12,4,0.001,13,0,930,930,0.0227356,745,0.0227356,0.0279824,0,0,0,iter,0,1,optk,1,dynamic
12,4,0.001,13,1,0,0,0,0,0,0,0,0,0,iter,0,1,k1,1,dynamic
12,4,0.001,13,1,0,0,0,0,0,0,0,0,0,iter,0,1,optk,1,dynamic
12,4,0.001,13,1,0,0,0,0,0,0,0,0,0,iter,0,1,rootk,1,dynamic
12,4,0.001,14,0,19418,19418,0.378265,12395,0.378265,0.447107,0,0,0,iter,0,1,optk,1,dynamic
12,4,0.001,14,0,19418,19418,0.379608,12439,0.379608,0.447107,0,0,0,iter,0,1,k1,1,dynamic
12,4,0.001,14,0,19418,19418,0.380524,12469,0.380524,0.447107,0,0,0,iter,0,1,rootk,1,dynamic
12,4,0.001,14,1,59,59,0.000396729,13,0.000396729,0.00179892,0,13,13,iter,0,1,k1,1,dynamic
12,4,0.001,14,1,71,71,0.000366211,12,0.000366211,0.0021644,0,12,12,iter,0,1,optk,1,dynamic
12,4,0.001,14,1,89,89,0.000366211,12,0.000366211,0.00271238,0,12,12,iter,0,1,rootk,1,dynamic
12,4,0.001,15,0,1376,1376,0.0333862,1094,0.0333862,0.0411227,2472,0,2472,type,0,3,optk,1,dynamic
12,4,0.001,15,0,1429,1429,0.0344238,1128,0.0344238,0.0426724,2571,0,2571,type,0,3,rootk,1,dynamic
12,4,0.001,15,0,1483,1483,0.0347595,1139,0.0347595,0.0442487,2593,0,2593,type,0,3,k1,1,dynamic
12,4,0.001,15,0,157822,157822,0.978516,32064,0.978516,0.991904,0,0,0,iter,0,1,optk,1,dynamic
12,4,0.001,15,0,157822,157822,0.979675,32102,0.979675,0.991904,0,0,0,iter,0,1,k1,1,dynamic
12,4,0.001,15,0,157822,157822,0.980255,32121,0.980255,0.991904,0,0,0,iter,0,1,rootk,1,dynamic
12,4,0.001,15,1,1398,1398,0.033844,1109,0.033844,0.0417663,2607,1,2608,type,1,3,k1,1,dynamic
12,4,0.001,15,1,1470,1470,0.0361633,1185,0.0361633,0.0438695,2691,1,2692,type,1,3,optk,1,dynamic
12,4,0.001,15,1,1514,1514,0.0359497,1178,0.0359497,0.0451525,2695,1,2696,type,1,3,rootk,1,dynamic
12,4,0.001,15,1,4843,4843,0.0272217,892,0.0272217,0.137393,0,0,0,iter,0,1,rootk,1,dynamic
12,4,0.001,15,1,4850,4850,0.0271606,890,0.0271606,0.137578,0,0,0,iter,0,1,optk,1,dynamic
12,4,0.001,15,1,4865,4865,0.0272522,893,0.0272522,0.137972,0,0,0,iter,0,1,k1,1,dynamic
12,39,0.01,10,0,0,0,0,0,0,0,0,0,0,iter,0,1,k1,1,dynamic
12,39,0.01,10,0,0,0,0,0,0,0,0,0,0,iter,0,1,optk,1,dynamic
12,39,0.01,10,0,0,0,0,0,0,0,0,0,0,iter,0,1,rootk,1,dynamic
12,39,0.01,11,0,0,0,0,0,0,0,0,0,0,iter,0,1,k1,1,dynamic
12,39,0.01,11,0,0,0,0,0,0,0,0,0,0,iter,0,1,optk,1,dynamic
12,39,0.01,11,0,0,0,0,0,0,0,0,0,0,iter,0,1,rootk,1,dynamic
12,39,0.01,12,0,6,6,3.13001e-06,1,3.13001e-06,1.87799e-05,0,0,0,iter,0,1,k1,1,dynamic
12,39,0.01,12,0,6,6,3.13001e-06,1,3.13001e-06,1.87799e-05,0,0,0,iter,0,1,optk,1,dynamic
12,39,0.01,12,0,6,6,3.13001e-06,1,3.13001e-06,1.87799e-05,0,0,0,iter,0,1,rootk,1,dynamic
12,39,0.01,12,1,0,0,0,0,0,0,0,0,0,iter,0,1,k1,1,dynamic
12,39,0.01,12,1,0,0,0,0,0,0,0,0,0,iter,0,1,optk,1,dynamic
12,39,0.01,12,1,0,0,0,0,0,0,0,0,0,iter,0,1,rootk,1,dynamic
12,39,0.01,13,0,930,930,0.00234751,750,0.00234751,0.00290667,0,0,0,iter,0,1,k1,1,dynamic
12,39,0.01,13,0,930,930,0.00235064,751,0.00235064,0.00290667,0,0,0,iter,0,1,optk,1,dynamic
12,39,0.01,13,0,930,930,0.00235377,752,0.00235377,0.00290667,0,0,0,iter,0,1,rootk,1,dynamic
12,39,0.01,13,1,0,0,0,0,0,0,0,0,0,iter,0,1,k1,1,dynamic
12,39,0.01,13,1,0,0,0,0,0,0,0,0,0,iter,0,1,optk,1,dynamic
12,39,0.01,13,1,0,0,0,0,0,0,0,0,0,iter,0,1,rootk,1,dynamic
12,39,0.01,14,0,19418,19418,0.0475542,15193,0.0475542,0.0589683,0,0,0,iter,0,1,k1,1,dynamic
12,39,0.01,14,0,19418,19418,0.0476325,15218,0.0476325,0.0589683,0,0,0,iter,0,1,rootk,1,dynamic
12,39,0.01,14,0,19418,19418,0.0476387,15220,0.0476387,0.0589683,0,0,0,iter,0,1,optk,1,dynamic
12,39,0.01,14,1,0,0,0,0,0,0,0,0,0,iter,0,1,k1,1,dynamic
12,39,0.01,14,1,2,2,3.13001e-06,1,3.13001e-06,6.26e-06,0,1,1,iter,0,1,rootk,1,dynamic
12,39,0.01,14,1,2,2,6.26002e-06,2,6.26002e-06,6.26e-06,0,2,2,iter,0,1,optk,1,dynamic
12,39,0.01,15,0,157822,157822,0.329349,105223,0.329349,0.38981,0,0,0,iter,0,1,optk,1,dynamic
12,39,0.01,15,0,157822,157822,0.329393,105237,0.329393,0.38981,0,0,0,iter,0,1,k1,1,dynamic
12,39,0.01,15,0,157822,157822,0.32999,105428,0.32999,0.38981,0,0,0,iter,0,1,rootk,1,dynamic
12,39,0.01,15,1,1294,1294,0.000951522,304,0.000951522,0.00404204,1,305,306,iter,0,1,rootk,1,dynamic
12,39,0.01,15,1,1378,1378,0.000951522,304,0.000951522,0.00430386,1,304,305,iter,0,1,optk,1,dynamic
12,39,0.01,15,1,1524,1524,0.000970302,310,0.000970302,0.00475877,1,310,311,iter,0,1,k1,1,dynamic
12,387,0.1,10,0,0,0,0,0,0,0,0,0,0,iter,0,1,k1,1,dynamic
12,387,0.1,10,0,0,0,0,0,0,0,0,0,0,iter,0,1,optk,1,dynamic
12,387,0.1,10,0,0,0,0,0,0,0,0,0,0,iter,0,1,rootk,1,dynamic
12,387,0.1,11,0,0,0,0,0,0,0,0,0,0,iter,0,1,k1,1,dynamic
12,387,0.1,11,0,0,0,0,0,0,0,0,0,0,iter,0,1,optk,1,dynamic
12,387,0.1,11,0,0,0,0,0,0,0,0,0,0,iter,0,1,rootk,1,dynamic
12,387,0.1,12,0,6,6,3.15427e-07,1,3.15427e-07,1.89256e-06,0,0,0,iter,0,1,k1,1,dynamic
12,387,0.1,12,0,6,6,3.15427e-07,1,3.15427e-07,1.89256e-06,0,0,0,iter,0,1,optk,1,dynamic
12,387,0.1,12,0,6,6,3.15427e-07,1,3.15427e-07,1.89256e-06,0,0,0,iter,0,1,rootk,1,dynamic
12,387,0.1,12,1,0,0,0,0,0,0,0,0,0,iter,0,1,k1,1,dynamic
12,387,0.1,12,1,0,0,0,0,0,0,0,0,0,iter,0,1,optk,1,dynamic
12,387,0.1,12,1,0,0,0,0,0,0,0,0,0,iter,0,1,rootk,1,dynamic
12,387,0.1,13,0,930,930,0.000237201,752,0.000237201,0.000293304,0,0,0,iter,0,1,k1,1,dynamic
12,387,0.1,13,0,930,930,0.000237201,752,0.000237201,0.000293304,0,0,0,iter,0,1,optk,1,dynamic
12,387,0.1,13,0,930,930,0.000237201,752,0.000237201,0.000293304,0,0,0,iter,0,1,rootk,1,dynamic
12,387,0.1,13,1,0,0,0,0,0,0,0,0,0,iter,0,1,k1,1,dynamic
12,387,0.1,13,1,0,0,0,0,0,0,0,0,0,iter,0,1,optk,1,dynamic
12,387,0.1,13,1,0,0,0,0,0,0,0,0,0,iter,0,1,rootk,1,dynamic
12,387,0.1,14,0,19418,19418,0.00490489,15550,0.00490489,0.00610625,0,0,0,iter,0,1,k1,1,dynamic
12,387,0.1,14,0,19418,19418,0.00490773,15559,0.00490773,0.00610625,0,0,0,iter,0,1,rootk,1,dynamic
12,387,0.1,14,0,19418,19418,0.00490931,15564,0.00490931,0.00610625,0,0,0,iter,0,1,optk,1,dynamic
12,387,0.1,14,1,0,0,0,0,0,0,0,0,0,iter,0,1,k1,1,dynamic
12,387,0.1,14,1,0,0,0,0,0,0,0,0,0,iter,0,1,optk,1,dynamic
12,387,0.1,14,1,0,0,0,0,0,0,0,0,0,iter,0,1,rootk,1,dynamic
12,387,0.1,15,0,157822,157822,0.0394407,125039,0.0394407,0.0485626,0,0,0,iter,0,1,optk,1,dynamic
12,387,0.1,15,0,157822,157822,0.0394492,125066,0.0394492,0.0485626,0,0,0,iter,0,1,rootk,1,dynamic
12,387,0.1,15,0,157822,157822,0.039465,125116,0.039465,0.0485626,0,0,0,iter,0,1,k1,1,dynamic
12,387,0.1,15,1,167,167,1.32479e-05,42,1.32479e-05,5.26749e-05,1,42,43,iter,0,1,rootk,1,dynamic
12,387,0.1,15,1,374,374,1.26171e-05,40,1.26171e-05,0.000117963,1,40,41,iter,0,1,optk,1,dynamic
12,387,0.1,15,1,450,450,1.23017e-05,39,1.23017e-05,0.000141932,1,39,40,iter,0,1,k1,1,dynamic
12,1936,0.5,10,0,0,0,0,0,0,0,0,0,0,iter,0,1,k1,1,dynamic
12,1936,0.5,10,0,0,0,0,0,0,0,0,0,0,iter,0,1,optk,7,dynamic
12,1936,0.5,10,0,0,0,0,0,0,0,0,0,0,iter,0,1,rootk,3,dynamic
12,1936,0.5,11,0,0,0,0,0,0,0,0,0,0,iter,0,1,k1,1,dynamic
12,1936,0.5,11,0,0,0,0,0,0,0,0,0,0,iter,0,1,optk,7,dynamic
12,1936,0.5,11,0,0,0,0,0,0,0,0,0,0,iter,0,1,rootk,3,dynamic
12,1936,0.5,12,0,6,6,3.26302e-45,7,4.4137e-07,2.64822e-06,0,0,0,iter,0,1,optk,7,dynamic
12,1936,0.5,12,0,6,6,6.30528e-08,1,6.30528e-08,3.78317e-07,0,0,0,iter,0,1,k1,1,dynamic
12,1936,0.5,12,0,6,6,6.76827e-21,3,1.89159e-07,1.13495e-06,0,0,0,iter,0,1,rootk,3,dynamic
12,1936,0.5,12,1,0,0,0,0,0,0,0,0,0,iter,0,1,k1,1,dynamic
12,1936,0.5,12,1,0,0,0,0,0,0,0,0,0,iter,0,1,optk,7,dynamic
12,1936,0.5,12,1,0,0,0,0,0,0,0,0,0,iter,0,1,rootk,3,dynamic
12,1936,0.5,13,0,930,930,2.87827e-12,2256,0.000142247,0.000175902,0,0,0,iter,0,1,rootk,3,dynamic
12,1936,0.5,13,0,930,930,4.43166e-25,5263,0.000331847,0.00041039,0,0,0,iter,0,1,optk,7,dynamic
12,1936,0.5,13,0,930,930,4.74157e-05,752,4.74157e-05,5.86374e-05,0,0,0,iter,0,1,k1,1,dynamic
12,1936,0.5,13,1,0,0,0,0,0,0,0,0,0,iter,0,1,k1,1,dynamic
12,1936,0.5,13,1,0,0,0,0,0,0,0,0,0,iter,0,1,optk,7,dynamic
12,1936,0.5,13,1,0,0,0,0,0,0,0,0,0,iter,0,1,rootk,3,dynamic
12,1936,0.5,14,0,19418,19418,0.0009823,15579,0.0009823,0.00122361,0,0,0,iter,0,1,k1,1,dynamic
12,1936,0.5,14,0,19418,19418,2.55177e-08,46692,0.00294406,0.00366634,0,0,0,iter,0,1,rootk,3,dynamic
12,1936,0.5,14,0,19418,19418,7.12889e-16,108753,0.00685719,0.0085339,0,0,0,iter,0,1,optk,7,dynamic
12,1936,0.5,14,1,0,0,0,0,0,0,0,0,0,iter,0,1,k1,1,dynamic
12,1936,0.5,14,1,0,0,0,0,0,0,0,0,0,iter,0,1,optk,7,dynamic
12,1936,0.5,14,1,0,0,0,0,0,0,0,0,0,iter,0,1,rootk,3,dynamic
12,1936,0.5,15,0,157822,157822,0.00801364,127094,0.00801364,0.00990178,0,0,0,iter,0,1,k1,1,dynamic
12,1936,0.5,15,0,157822,157822,1.35619e-05,378212,0.0238473,0.0294122,0,0,0,iter,0,1,rootk,3,dynamic
12,1936,0.5,15,0,157822,157822,1.47768e-09,868574,0.0547661,0.0672871,0,0,0,iter,0,1,optk,7,dynamic
12,1936,0.5,15,1,1,1,3.26302e-45,7,4.4137e-07,4.4137e-07,1,1,2,iter,0,1,optk,7,dynamic
12,1936,0.5,15,1,1,1,6.76827e-21,3,1.89159e-07,1.89159e-07,1,1,2,iter,0,1,rootk,3,dynamic
12,1936,0.5,15,1,9,9,5.04423e-07,8,5.04423e-07,5.67475e-07,1,8,9,iter,0,1,k1,1,dynamic
13,1,0.001,10,0,0,0,0,0,0,0,0,0,0,iter,0,1,k1,1,dynamic
13,1,0.001,10,0,0,0,0,0,0,0,0,0,0,iter,0,1,optk,1,dynamic
13,1,0.001,10,0,0,0,0,0,0,0,0,0,0,iter,0,1,rootk,1,dynamic
13,1,0.001,11,0,0,0,0,0,0,0,0,0,0,iter,0,1,k1,1,dynamic
13,1,0.001,11,0,0,0,0,0,0,0,0,0,0,iter,0,1,optk,1,dynamic
13,1,0.001,11,0,0,0,0,0,0,0,0,0,0,iter,0,1,rootk,1,dynamic
13,1,0.001,12,0,58,58,0.00256348,21,0.00256348,0.00705507,0,0,0,iter,0,1,k1,1,dynamic
13,1,0.001,12,0,58,58,0.00256348,21,0.00256348,0.00705507,0,0,0,iter,0,1,optk,1,dynamic
13,1,0.001,12,0,58,58,0.00256348,21,0.00256348,0.00705507,0,0,0,iter,0,1,rootk,1,dynamic
13,1,0.001,12,1,0,0,0,0,0,0,0,0,0,iter,0,1,k1,1,dynamic
13,1,0.001,12,1,0,0,0,0,0,0,0,0,0,iter,0,1,optk,1,dynamic
13,1,0.001,12,1,0,0,0,0,0,0,0,0,0,iter,0,1,rootk,1,dynamic
13,1,0.001,13,0,2285,2285,0.182739,1497,0.182739,0.243408,0,0,0,iter,0,1,k1,1,dynamic
13,1,0.001,13,0,2285,2285,0.183472,1503,0.183472,0.243408,0,0,0,iter,0,1,optk,1,dynamic
13,1,0.001,13,0,2285,2285,0.184448,1511,0.184448,0.243408,0,0,0,iter,0,1,rootk,1,dynamic
13,1,0.001,13,1,22,22,0.000976562,8,0.000976562,0.00268194,1,8,9,iter,0,1,k1,1,dynamic
13,1,0.001,13,1,31,31,0.00134277,11,0.00134277,0.00377703,1,11,12,iter,0,1,rootk,1,dynamic
13,1,0.001,13,1,53,53,0.00183105,15,0.00183105,0.00644884,1,15,16,iter,0,1,optk,1,dynamic
13,1,0.01,10,0,0,0,0,0,0,0,0,0,0,iter,0,1,k1,1,dynamic
13,1,0.01,10,0,0,0,0,0,0,0,0,0,0,iter,0,1,optk,1,dynamic
13,1,0.01,10,0,0,0,0,0,0,0,0,0,0,iter,0,1,rootk,1,dynamic
13,1,0.01,11,0,0,0,0,0,0,0,0,0,0,iter,0,1,k1,1,dynamic
13,1,0.01,11,0,0,0,0,0,0,0,0,0,0,iter,0,1,optk,1,dynamic
13,1,0.01,11,0,0,0,0,0,0,0,0,0,0,iter,0,1,rootk,1,dynamic
13,1,0.01,12,0,58,58,0.00256348,21,0.00256348,0.00705507,0,0,0,iter,0,1,k1,1,dynamic
13,1,0.01,12,0,58,58,0.00256348,21,0.00256348,0.00705507,0,0,0,iter,0,1,optk,1,dynamic
13,1,0.01,12,0,58,58,0.00256348,21,0.00256348,0.00705507,0,0,0,iter,0,1,rootk,1,dynamic
13,1,0.01,12,1,0,0,0,0,0,0,0,0,0,iter,0,1,k1,1,dynamic
13,1,0.01,12,1,0,0,0,0,0,0,0,0,0,iter,0,1,optk,1,dynamic
13,1,0.01,12,1,0,0,0,0,0,0,0,0,0,iter,0,1,rootk,1,dynamic
13,1,0.01,13,0,2285,2285,0.182007,1491,0.182007,0.243408,0,0,0,iter,0,1,rootk,1,dynamic
13,1,0.01,13,0,2285,2285,0.182373,1494,0.182373,0.243408,0,0,0,iter,0,1,optk,1,dynamic
13,1,0.01,13,0,2285,2285,0.183716,1505,0.183716,0.243408,0,0,0,iter,0,1,k1,1,dynamic
13,1,0.01,13,1,24,24,0.000976562,8,0.000976562,0.0029254,1,8,9,iter,0,1,k1,1,dynamic
13,1,0.01,13,1,44,44,0.00134277,11,0.00134277,0.0053567,1,12,13,iter,0,1,optk,1,dynamic
13,1,0.01,13,1,68,68,0.00183105,15,0.00183105,0.00826642,1,15,16,iter,0,1,rootk,1,dynamic
13,4,0.1,10,0,0,0,0,0,0,0,0,0,0,iter,0,1,k1,1,dynamic
13,4,0.1,10,0,0,0,0,0,0,0,0,0,0,iter,0,1,optk,2,dynamic
13,4,0.1,10,0,0,0,0,0,0,0,0,0,0,iter,0,1,rootk,1,dynamic
13,4,0.1,11,0,0,0,0,0,0,0,0,0,0,iter,0,1,k1,1,dynamic
13,4,0.1,11,0,0,0,0,0,0,0,0,0,0,iter,0,1,optk,2,dynamic
13,4,0.1,11,0,0,0,0,0,0,0,0,0,0,iter,0,1,rootk,1,dynamic
13,4,0.1,12,0,58,58,0.000640869,21,0.000640869,0.00176845,0,0,0,iter,0,1,k1,1,dynamic
13,4,0.1,12,0,58,58,0.000640869,21,0.000640869,0.00176845,0,0,0,iter,0,1,rootk,1,dynamic
13,4,0.1,12,0,58,58,1.64285e-06,42,0.00128174,0.00353378,0,0,0,iter,0,1,optk,2,dynamic
13,4,0.1,12,1,0,0,0,0,0,0,0,0,0,iter,0,1,k1,1,dynamic
13,4,0.1,12,1,0,0,0,0,0,0,0,0,0,iter,0,1,optk,2,dynamic
13,4,0.1,12,1,0,0,0,0,0,0,0,0,0,iter,0,1,rootk,1,dynamic
13,4,0.1,13,0,2285,2285,0.00932337,3164,0.0965576,0.130177,0,0,0,iter,0,1,optk,2,dynamic
13,4,0.1,13,0,2285,2285,0.0491333,1610,0.0491333,0.0673569,0,0,0,iter,0,1,k1,1,dynamic
13,4,0.1,13,0,2285,2285,0.0493469,1617,0.0493469,0.0673569,0,0,0,iter,0,1,rootk,1,dynamic
13,4,0.1,13,1,11,11,0.000152588,5,0.000152588,0.000335637,1,5,6,iter,0,1,rootk,1,dynamic
13,4,0.1,13,1,21,21,0.000152588,5,0.000152588,0.000640664,1,5,6,iter,0,1,k1,1,dynamic
13,4,0.1,13,1,9,9,5.96046e-08,8,0.000244141,0.000549166,1,4,5,iter,0,1,optk,2,dynamic
13,21,0.5,10,0,0,0,0,0,0,0,0,0,0,iter,0,1,k1,1,dynamic
13,21,0.5,10,0,0,0,0,0,0,0,0,0,0,iter,0,1,optk,12,dynamic
13,21,0.5,10,0,0,0,0,0,0,0,0,0,0,iter,0,1,rootk,3,dynamic
13,21,0.5,11,0,0,0,0,0,0,0,0,0,0,iter,0,1,k1,1,dynamic
13,21,0.5,11,0,0,0,0,0,0,0,0,0,0,iter,0,1,optk,12,dynamic
13,21,0.5,11,0,0,0,0,0,0,0,0,0,0,iter,0,1,rootk,3,dynamic
13,21,0.5,12,0,58,58,0.00012207,21,0.00012207,0.00033709,0,0,0,iter,0,1,k1,1,dynamic
13,21,0.5,12,0,58,58,4.91127e-11,63,0.000366211,0.00101093,0,0,0,iter,0,1,rootk,3,dynamic
13,21,0.5,12,0,58,58,9.76103e-35,252,0.00146484,0.00403759,0,0,0,iter,0,1,optk,12,dynamic
13,21,0.5,12,1,0,0,0,0,0,0,0,0,0,iter,0,1,k1,1,dynamic
13,21,0.5,12,1,0,0,0,0,0,0,0,0,0,iter,0,1,optk,12,dynamic
13,21,0.5,12,1,0,0,0,0,0,0,0,0,0,iter,0,1,rootk,3,dynamic
13,21,0.5,13,0,2285,2285,0.00955636,1644,0.00955636,0.0131946,0,0,0,iter,0,1,k1,1,dynamic
13,21,0.5,13,0,2285,2285,2.29526e-05,4889,0.0284191,0.0390638,0,0,0,iter,0,1,rootk,3,dynamic
13,21,0.5,13,0,2285,2285,2.77423e-12,18730,0.108875,0.147335,0,0,0,iter,0,1,optk,12,dynamic
13,21,0.5,13,1,9,9,2.2263e-43,48,0.000279018,0.000627593,1,4,5,iter,0,1,optk,12,dynamic
13,21,0.5,13,1,9,9,2.32515e-05,4,2.32515e-05,5.23145e-05,1,4,5,iter,0,1,k1,1,dynamic
13,21,0.5,13,1,9,9,3.39403e-13,12,6.97545e-05,0.000156935,1,4,5,iter,0,1,rootk,3,dynamic
14,6,0.001,11,0,0,0,0,0,0,0,0,0,0,iter,0,1,k1,1,dynamic
14,6,0.001,11,0,0,0,0,0,0,0,0,0,0,iter,0,1,optk,1,dynamic
14,6,0.001,11,0,0,0,0,0,0,0,0,0,0,iter,0,1,rootk,1,dynamic
14,6,0.001,12,0,0,0,0,0,0,0,0,0,0,iter,0,1,k1,1,dynamic
14,6,0.001,12,0,0,0,0,0,0,0,0,0,0,iter,0,1,optk,1,dynamic
14,6,0.001,12,0,0,0,0,0,0,0,0,0,0,iter,0,1,rootk,1,dynamic
14,6,0.001,13,0,0,0,0,0,0,0,0,0,0,iter,0,1,k1,1,dynamic
14,6,0.001,13,0,0,0,0,0,0,0,0,0,0,iter,0,1,optk,1,dynamic
14,6,0.001,13,0,0,0,0,0,0,0,0,0,0,iter,0,1,rootk,1,dynamic
14,6,0.001,14,0,126,126,0.00146484,72,0.00146484,0.00256019,0,0,0,iter,0,1,k1,1,dynamic
14,6,0.001,14,0,126,126,0.00146484,72,0.00146484,0.00256019,0,0,0,iter,0,1,optk,1,dynamic
14,6,0.001,14,0,126,126,0.00146484,72,0.00146484,0.00256019,0,0,0,iter,0,1,rootk,1,dynamic
14,6,0.001,14,1,0,0,0,0,0,0,0,0,0,iter,0,1,k1,1,dynamic
14,6,0.001,14,1,0,0,0,0,0,0,0,0,0,iter,0,1,optk,1,dynamic
14,6,0.001,14,1,0,0,0,0,0,0,0,0,0,iter,0,1,rootk,1,dynamic
14,6,0.001,15,0,10960,10960,0.11204,5507,0.11204,0.199871,0,0,0,iter,0,1,rootk,1,dynamic
14,6,0.001,15,0,10960,10960,0.112203,5515,0.112203,0.199871,0,0,0,iter,0,1,k1,1,dynamic
14,6,0.001,15,0,10960,10960,0.112203,5515,0.112203,0.199871,0,0,0,iter,0,1,optk,1,dynamic
14,6,0.001,15,1,214,214,0.00203451,100,0.00203451,0.00434438,0,100,100,iter,0,1,rootk,1,dynamic
14,6,0.001,15,1,221,221,0.00217692,107,0.00217692,0.00448616,0,107,107,iter,0,1,optk,1,dynamic
14,6,0.001,15,1,297,297,0.00252279,124,0.00252279,0.00602426,0,125,125,iter,0,1,k1,1,dynamic
14,6,0.001,16,0,13836,13836,0.141825,6971,0.141825,0.245345,9756,1,9757,type,0,7,rootk,1,dynamic
14,6,0.001,16,0,14366,14366,0.144185,7087,0.144185,0.253438,10002,1,10003,type,0,7,optk,1,dynamic
14,6,0.001,16,0,14398,14398,0.139364,6850,0.139364,0.253924,9586,1,9587,type,0,7,k1,1,dynamic
14,6,0.001,16,0,306576,306576,0.963643,47365,0.963643,0.998045,0,0,0,iter,0,1,k1,1,dynamic
14,6,0.001,16,0,306576,306576,0.963826,47374,0.963826,0.998045,0,0,0,iter,0,1,rootk,1,dynamic
14,6,0.001,16,0,306576,306576,0.96519,47441,0.96519,0.998045,0,0,0,iter,0,1,optk,1,dynamic
14,6,0.001,16,1,58136,58136,0.322774,15865,0.322774,0.693574,0,0,0,iter,0,1,k1,1,dynamic
14,6,0.001,16,1,58287,58287,0.321411,15798,0.321411,0.694514,0,0,0,iter,0,1,rootk,1,dynamic
14,6,0.001,16,1,58486,58486,0.324788,15964,0.324788,0.695749,0,0,0,iter,0,1,optk,1,dynamic
14,65,0.01,11,0,0,0,0,0,0,0,0,0,0,iter,0,1,k1,1,dynamic
14,65,0.01,11,0,0,0,0,0,0,0,0,0,0,iter,0,1,optk,1,dynamic
14,65,0.01,11,0,0,0,0,0,0,0,0,0,0,iter,0,1,rootk,1,dynamic
14,65,0.01,12,0,0,0,0,0,0,0,0,0,0,iter,0,1,k1,1,dynamic
14,65,0.01,12,0,0,0,0,0,0,0,0,0,0,iter,0,1,optk,1,dynamic
14,65,0.01,12,0,0,0,0,0,0,0,0,0,0,iter,0,1,rootk,1,dynamic
14,65,0.01,13,0,0,0,0,0,0,0,0,0,0,iter,0,1,k1,1,dynamic
14,65,0.01,13,0,0,0,0,0,0,0,0,0,0,iter,0,1,optk,1,dynamic
14,65,0.01,13,0,0,0,0,0,0,0,0,0,0,iter,0,1,rootk,1,dynamic
14,65,0.01,14,0,126,126,0.000135216,72,0.000135216,0.000236601,0,0,0,iter,0,1,k1,1,dynamic
14,65,0.01,14,0,126,126,0.000135216,72,0.000135216,0.000236601,0,0,0,iter,0,1,optk,1,dynamic
14,65,0.01,14,0,126,126,0.000135216,72,0.000135216,0.000236601,0,0,0,iter,0,1,rootk,1,dynamic
14,65,0.01,14,1,0,0,0,0,0,0,0,0,0,iter,0,1,k1,1,dynamic
14,65,0.01,14,1,0,0,0,0,0,0,0,0,0,iter,0,1,optk,1,dynamic
14,65,0.01,14,1,0,0,0,0,0,0,0,0,0,iter,0,1,rootk,1,dynamic
14,65,0.01,15,0,10960,10960,0.0108981,5803,0.0108981,0.0203726,0,0,0,iter,0,1,optk,1,dynamic
14,65,0.01,15,0,10960,10960,0.0109018,5805,0.0109018,0.0203726,0,0,0,iter,0,1,rootk,1,dynamic
14,65,0.01,15,0,10960,10960,0.0109112,5810,0.0109112,0.0203726,0,0,0,iter,0,1,k1,1,dynamic
14,65,0.01,15,1,12,12,2.06581e-05,11,2.06581e-05,2.25358e-05,0,11,11,iter,0,1,rootk,1,dynamic
14,65,0.01,15,1,14,14,1.1268e-05,6,1.1268e-05,2.62917e-05,0,6,6,iter,0,1,optk,1,dynamic
14,65,0.01,15,1,62,62,3.38041e-05,18,3.38041e-05,0.00011643,0,18,18,iter,0,1,k1,1,dynamic
14,65,0.01,16,0,306576,306576,0.263751,140442,0.263751,0.437718,0,0,0,iter,0,1,optk,1,dynamic
14,65,0.01,16,0,306576,306576,0.263955,140551,0.263955,0.437718,0,0,0,iter,0,1,k1,1,dynamic
14,65,0.01,16,0,306576,306576,0.264047,140600,0.264047,0.437718,0,0,0,iter,0,1,rootk,1,dynamic
14,65,0.01,16,1,15092,15092,0.00973933,5186,0.00973933,0.027945,0,0,0,iter,0,1,k1,1,dynamic
14,65,0.01,16,1,16497,16497,0.00986704,5254,0.00986704,0.0305064,0,0,0,iter,0,1,rootk,1,dynamic
14,65,0.01,16,1,16612,16612,0.0100229,5337,0.0100229,0.0307158,0,0,0,iter,0,1,optk,1,dynamic
14,65,0.01,16,2,3019,3019,0.00297852,1586,0.00297852,0.00565365,2039,1,2040,iter,0,1,k1,1,dynamic
14,65,0.01,16,2,3078,3078,0.00315317,1679,0.00315317,0.00576382,2163,1,2164,iter,0,1,rootk,1,dynamic
14,65,0.01,16,2,3113,3113,0.00315129,1678,0.00315129,0.00582917,2176,1,2177,iter,0,1,optk,1,dynamic
14,648,0.1,11,0,0,0,0,0,0,0,0,0,0,iter,0,1,k1,1,dynamic
14,648,0.1,11,0,0,0,0,0,0,0,0,0,0,iter,0,1,optk,4,dynamic
14,648,0.1,11,0,0,0,0,0,0,0,0,0,0,iter,0,1,rootk,2,dynamic
14,648,0.1,12,0,0,0,0,0,0,0,0,0,0,iter,0,1,k1,1,dynamic
14,648,0.1,12,0,0,0,0,0,0,0,0,0,0,iter,0,1,optk,4,dynamic
14,648,0.1,12,0,0,0,0,0,0,0,0,0,0,iter,0,1,rootk,2,dynamic
14,648,0.1,13,0,0,0,0,0,0,0,0,0,0,iter,0,1,k1,1,dynamic
14,648,0.1,13,0,0,0,0,0,0,0,0,0,0,iter,0,1,optk,4,dynamic
14,648,0.1,13,0,0,0,0,0,0,0,0,0,0,iter,0,1,rootk,2,dynamic
14,648,0.1,14,0,126,126,1.35634e-05,72,1.35634e-05,2.37356e-05,0,0,0,iter,0,1,k1,1,dynamic
14,648,0.1,14,0,126,126,7.3586e-10,144,2.71267e-05,4.74707e-05,0,0,0,iter,0,1,rootk,2,dynamic
14,648,0.1,14,0,126,126,8.66383e-18,288,5.42535e-05,9.49391e-05,0,0,0,iter,0,1,optk,4,dynamic
14,648,0.1,14,1,0,0,0,0,0,0,0,0,0,iter,0,1,k1,1,dynamic
14,648,0.1,14,1,0,0,0,0,0,0,0,0,0,iter,0,1,optk,4,dynamic
14,648,0.1,14,1,0,0,0,0,0,0,0,0,0,iter,0,1,rootk,2,dynamic
14,648,0.1,15,0,10960,10960,0.00109957,5837,0.00109957,0.00206252,0,0,0,iter,0,1,k1,1,dynamic
14,648,0.1,15,0,10960,10960,3.71609e-10,23307,0.00439058,0.00822458,0,0,0,iter,0,1,optk,4,dynamic
14,648,0.1,15,0,10960,10960,4.83129e-06,11668,0.00219802,0.00412078,0,0,0,iter,0,1,rootk,2,dynamic
14,648,0.1,15,1,0,0,0,0,0,0,0,0,0,iter,0,1,optk,4,dynamic
14,648,0.1,15,1,0,0,0,0,0,0,0,0,0,iter,0,1,rootk,2,dynamic
14,648,0.1,15,1,17,17,1.8838e-07,1,1.8838e-07,3.20246e-06,0,1,1,iter,0,1,k1,1,dynamic
14,648,0.1,16,0,306576,306576,0.000178665,613726,0.115614,0.206269,0,0,0,iter,0,1,optk,4,dynamic
14,648,0.1,16,0,306576,306576,0.00355287,316413,0.0596059,0.109084,0,0,0,iter,0,1,rootk,2,dynamic
14,648,0.1,16,0,306576,306576,0.0302482,160570,0.0302482,0.0561168,0,0,0,iter,0,1,k1,1,dynamic
14,648,0.1,16,1,2140,2140,0.000118868,631,0.000118868,0.000403052,1,633,634,iter,0,1,k1,1,dynamic
14,648,0.1,16,1,353,353,1.65568e-09,216,4.06901e-05,0.000132988,1,108,109,iter,0,1,rootk,2,dynamic
14,648,0.1,16,1,43,43,4.83785e-19,140,2.63732e-05,3.24009e-05,1,35,36,iter,0,1,optk,4,dynamic
14,3242,0.5,11,0,0,0,0,0,0,0,0,0,0,iter,0,1,k1,1,dynamic
14,3242,0.5,11,0,0,0,0,0,0,0,0,0,0,iter,0,1,optk,19,dynamic
14,3242,0.5,11,0,0,0,0,0,0,0,0,0,0,iter,0,1,rootk,4,dynamic
14,3242,0.5,12,0,0,0,0,0,0,0,0,0,0,iter,0,1,k1,1,dynamic
14,3242,0.5,12,0,0,0,0,0,0,0,0,0,0,iter,0,1,optk,19,dynamic
14,3242,0.5,12,0,0,0,0,0,0,0,0,0,0,iter,0,1,rootk,4,dynamic
14,3242,0.5,13,0,0,0,0,0,0,0,0,0,0,iter,0,1,k1,1,dynamic
14,3242,0.5,13,0,0,0,0,0,0,0,0,0,0,iter,0,1,optk,19,dynamic
14,3242,0.5,13,0,0,0,0,0,0,0,0,0,0,iter,0,1,rootk,4,dynamic
14,3242,0.5,14,0,126,126,1.3828e-20,288,1.0844e-05,1.89768e-05,0,0,0,iter,0,1,rootk,4,dynamic
14,3242,0.5,14,0,126,126,2.711e-06,72,2.711e-06,4.74424e-06,0,0,0,iter,0,1,k1,1,dynamic
14,3242,0.5,14,0,126,126,3.35567e-82,1368,5.1509e-05,9.01367e-05,0,0,0,iter,0,1,optk,19,dynamic
14,3242,0.5,14,1,0,0,0,0,0,0,0,0,0,iter,0,1,k1,1,dynamic
14,3242,0.5,14,1,0,0,0,0,0,0,0,0,0,iter,0,1,optk,19,dynamic
14,3242,0.5,14,1,0,0,0,0,0,0,0,0,0,iter,0,1,rootk,4,dynamic
14,3242,0.5,15,0,10960,10960,0.000219855,5839,0.000219855,0.000412589,0,0,0,iter,0,1,k1,1,dynamic
14,3242,0.5,15,0,10960,10960,5.98111e-13,23356,0.000879418,0.00164934,0,0,0,iter,0,1,rootk,4,dynamic
14,3242,0.5,15,0,10960,10960,6.05866e-46,110746,0.00416989,0.00781016,0,0,0,iter,0,1,optk,19,dynamic
14,3242,0.5,15,1,0,0,0,0,0,0,0,0,0,iter,0,1,k1,1,dynamic
14,3242,0.5,15,1,0,0,0,0,0,0,0,0,0,iter,0,1,optk,19,dynamic
14,3242,0.5,15,1,0,0,0,0,0,0,0,0,0,iter,0,1,rootk,4,dynamic
14,3242,0.5,16,0,306576,306576,0.00612238,162601,0.00612238,0.0114771,0,0,0,iter,0,1,k1,1,dynamic
14,3242,0.5,16,0,306576,306576,3.46699e-07,644453,0.0242654,0.045124,0,0,0,iter,0,1,rootk,4,dynamic
14,3242,0.5,16,0,306576,306576,6.24636e-19,2924678,0.110122,0.19694,0,0,0,iter,0,1,optk,19,dynamic
14,3242,0.5,16,1,35,35,1.05202e-89,551,2.07467e-05,2.50388e-05,1,29,30,iter,0,1,optk,19,dynamic
14,3242,0.5,16,1,35,35,3.63932e-22,116,4.36772e-06,5.27138e-06,1,29,30,iter,0,1,rootk,4,dynamic
14,3242,0.5,16,1,420,420,5.98679e-06,159,5.98679e-06,1.5814e-05,1,159,160,iter,0,1,k1,1,dynamic
15,39,0.001,10,0,0,0,0,0,0,0,0,0,0,iter,0,1,k1,1,dynamic
15,39,0.001,10,0,0,0,0,0,0,0,0,0,0,iter,0,1,optk,1,dynamic
15,39,0.001,10,0,0,0,0,0,0,0,0,0,0,iter,0,1,rootk,1,dynamic
15,39,0.001,11,0,0,0,0,0,0,0,0,0,0,iter,0,1,k1,1,dynamic
15,39,0.001,11,0,0,0,0,0,0,0,0,0,0,iter,0,1,optk,1,dynamic
15,39,0.001,11,0,0,0,0,0,0,0,0,0,0,iter,0,1,rootk,1,dynamic
15,39,0.001,12,0,1,1,3.13001e-06,1,3.13001e-06,3.13e-06,0,0,0,iter,0,1,k1,1,dynamic
15,39,0.001,12,0,1,1,3.13001e-06,1,3.13001e-06,3.13e-06,0,0,0,iter,0,1,optk,1,dynamic
15,39,0.001,12,0,1,1,3.13001e-06,1,3.13001e-06,3.13e-06,0,0,0,iter,0,1,rootk,1,dynamic
15,39,0.001,12,1,0,0,0,0,0,0,0,0,0,iter,0,1,k1,1,dynamic
15,39,0.001,12,1,0,0,0,0,0,0,0,0,0,iter,0,1,optk,1,dynamic
15,39,0.001,12,1,0,0,0,0,0,0,0,0,0,iter,0,1,rootk,1,dynamic
15,39,0.001,13,0,35,35,6.88602e-05,22,6.88602e-05,0.000109544,0,0,0,iter,0,1,k1,1,dynamic
15,39,0.001,13,0,35,35,6.88602e-05,22,6.88602e-05,0.000109544,0,0,0,iter,0,1,optk,1,dynamic
15,39,0.001,13,0,35,35,6.88602e-05,22,6.88602e-05,0.000109544,0,0,0,iter,0,1,rootk,1,dynamic
15,39,0.001,13,1,0,0,0,0,0,0,0,0,0,iter,0,1,k1,1,dynamic
15,39,0.001,13,1,0,0,0,0,0,0,0,0,0,iter,0,1,optk,1,dynamic
15,39,0.001,13,1,0,0,0,0,0,0,0,0,0,iter,0,1,rootk,1,dynamic
15,39,0.001,14,0,2498,2498,0.00480143,1534,0.00480143,0.00778827,0,0,0,iter,0,1,k1,1,dynamic
15,39,0.001,14,0,2498,2498,0.00480769,1536,0.00480769,0.00778827,0,0,0,iter,0,1,rootk,1,dynamic
15,39,0.001,14,0,2498,2498,0.00481082,1537,0.00481082,0.00778827,0,0,0,iter,0,1,optk,1,dynamic
15,39,0.001,14,1,10,10,1.878e-05,6,1.878e-05,3.12996e-05,0,6,6,iter,0,1,rootk,1,dynamic
15,39,0.001,14,1,19,19,2.19101e-05,7,2.19101e-05,5.94684e-05,0,7,7,iter,0,1,optk,1,dynamic
15,39,0.001,14,1,8,8,1.878e-05,6,1.878e-05,2.50398e-05,0,6,6,iter,0,1,k1,1,dynamic
15,39,0.001,15,0,103470,103470,0.15779,50412,0.15779,0.27665,0,0,0,iter,0,1,rootk,1,dynamic
15,39,0.001,15,0,103470,103470,0.157796,50414,0.157796,0.27665,0,0,0,iter,0,1,k1,1,dynamic
15,39,0.001,15,0,103470,103470,0.158072,50502,0.158072,0.27665,0,0,0,iter,0,1,optk,1,dynamic
15,39,0.001,15,1,7204,7204,0.00976249,3119,0.00976249,0.0222963,0,0,0,iter,0,1,rootk,1,dynamic
15,39,0.001,15,1,7285,7285,0.00983449,3142,0.00983449,0.0225441,0,0,0,iter,0,1,optk,1,dynamic
15,39,0.001,15,1,7493,7493,0.00970302,3100,0.00970302,0.0231803,0,0,0,iter,0,1,k1,1,dynamic
15,39,0.001,15,2,1045,1045,0.0017215,550,0.0017215,0.00326551,637,0,637,iter,0,1,optk,1,dynamic
15,39,0.001,15,2,1061,1061,0.00167768,536,0.00167768,0.00331543,619,0,619,iter,0,1,k1,1,dynamic
15,39,0.001,15,2,994,994,0.00163073,521,0.00163073,0.00310639,606,0,606,iter,0,1,rootk,1,dynamic
15,39,0.001,16,0,127669,127669,0.173994,55589,0.173994,0.329415,71415,1,71416,type,0,8,optk,1,dynamic
15,39,0.001,16,0,127940,127940,0.174971,55901,0.174971,0.329984,72098,1,72099,type,0,8,k1,1,dynamic
15,39,0.001,16,0,128341,128341,0.17539,56035,0.17539,0.330824,71776,1,71777,type,0,8,rootk,1,dynamic
15,39,0.001,16,0,2016939,2016939,0.951491,303990,0.951491,0.998187,0,0,0,iter,0,1,k1,1,dynamic
15,39,0.001,16,0,2016939,2016939,0.951613,304029,0.951613,0.998187,0,0,0,iter,0,1,rootk,1,dynamic
15,39,0.001,16,0,2016939,2016939,0.951619,304031,0.951619,0.998187,0,0,0,iter,0,1,optk,1,dynamic
15,39,0.001,16,1,871297,871297,0.506999,161980,0.506999,0.934596,0,0,0,iter,0,1,k1,1,dynamic
15,39,0.001,16,1,872200,872200,0.50621,161728,0.50621,0.93478,0,0,0,iter,0,1,rootk,1,dynamic
15,39,0.001,16,1,874473,874473,0.505916,161634,0.505916,0.935243,0,0,0,iter,0,1,optk,1,dynamic
15,394,0.01,10,0,0,0,0,0,0,0,0,0,0,iter,0,1,k1,1,dynamic
15,394,0.01,10,0,0,0,0,0,0,0,0,0,0,iter,0,1,optk,1,dynamic
15,394,0.01,10,0,0,0,0,0,0,0,0,0,0,iter,0,1,rootk,1,dynamic
15,394,0.01,11,0,0,0,0,0,0,0,0,0,0,iter,0,1,k1,1,dynamic
15,394,0.01,11,0,0,0,0,0,0,0,0,0,0,iter,0,1,optk,1,dynamic
15,394,0.01,11,0,0,0,0,0,0,0,0,0,0,iter,0,1,rootk,1,dynamic
15,394,0.01,12,0,1,1,3.09823e-07,1,3.09823e-07,3.09823e-07,0,0,0,iter,0,1,k1,1,dynamic
15,394,0.01,12,0,1,1,3.09823e-07,1,3.09823e-07,3.09823e-07,0,0,0,iter,0,1,optk,1,dynamic
15,394,0.01,12,0,1,1,3.09823e-07,1,3.09823e-07,3.09823e-07,0,0,0,iter,0,1,rootk,1,dynamic
15,394,0.01,12,1,0,0,0,0,0,0,0,0,0,iter,0,1,k1,1,dynamic
15,394,0.01,12,1,0,0,0,0,0,0,0,0,0,iter,0,1,optk,1,dynamic
15,394,0.01,12,1,0,0,0,0,0,0,0,0,0,iter,0,1,rootk,1,dynamic
15,394,0.01,13,0,35,35,6.81611e-06,22,6.81611e-06,1.08438e-05,0,0,0,iter,0,1,k1,1,dynamic
15,394,0.01,13,0,35,35,6.81611e-06,22,6.81611e-06,1.08438e-05,0,0,0,iter,0,1,optk,1,dynamic
15,394,0.01,13,0,35,35,6.81611e-06,22,6.81611e-06,1.08438e-05,0,0,0,iter,0,1,rootk,1,dynamic
15,394,0.01,13,1,0,0,0,0,0,0,0,0,0,iter,0,1,k1,1,dynamic
15,394,0.01,13,1,0,0,0,0,0,0,0,0,0,iter,0,1,optk,1,dynamic
15,394,0.01,13,1,0,0,0,0,0,0,0,0,0,iter,0,1,rootk,1,dynamic
15,394,0.01,14,0,2498,2498,0.000476818,1539,0.000476818,0.000773639,0,0,0,iter,0,1,k1,1,dynamic
15,394,0.01,14,0,2498,2498,0.000476818,1539,0.000476818,0.000773639,0,0,0,iter,0,1,optk,1,dynamic
15,394,0.01,14,0,2498,2498,0.000476818,1539,0.000476818,0.000773639,0,0,0,iter,0,1,rootk,1,dynamic
15,394,0.01,14,1,0,0,0,0,0,0,0,0,0,iter,0,1,optk,1,dynamic
15,394,0.01,14,1,0,0,0,0,0,0,0,0,0,iter,0,1,rootk,1,dynamic
15,394,0.01,14,1,9,9,6.19646e-07,2,6.19646e-07,2.7884e-06,0,2,2,iter,0,1,k1,1,dynamic
15,394,0.01,15,0,103470,103470,0.0168665,54439,0.0168665,0.031549,0,0,0,iter,0,1,optk,1,dynamic
15,394,0.01,15,0,103470,103470,0.0168773,54474,0.0168773,0.031549,0,0,0,iter,0,1,k1,1,dynamic
15,394,0.01,15,0,103470,103470,0.0168801,54483,0.0168801,0.031549,0,0,0,iter,0,1,rootk,1,dynamic
15,394,0.01,15,1,766,766,9.79041e-05,316,9.79041e-05,0.000237296,0,320,320,iter,0,1,optk,1,dynamic
15,394,0.01,15,1,773,773,9.79041e-05,316,9.79041e-05,0.000239465,0,319,319,iter,0,1,k1,1,dynamic
15,394,0.01,15,1,903,903,0.000109677,354,0.000109677,0.000279731,0,356,356,iter,0,1,rootk,1,dynamic
15,394,0.01,16,0,2016939,2016939,0.258707,835015,0.258707,0.464682,0,0,0,iter,0,1,k1,1,dynamic
15,394,0.01,16,0,2016939,2016939,0.258788,835276,0.258788,0.464682,0,0,0,iter,0,1,rootk,1,dynamic
15,394,0.01,16,0,2016939,2016939,0.258805,835333,0.258805,0.464682,0,0,0,iter,0,1,optk,1,dynamic
15,394,0.01,16,1,235457,235457,0.0188428,60818,0.0188428,0.0703527,0,0,0,iter,0,1,rootk,1,dynamic
15,394,0.01,16,1,237286,237286,0.0187747,60598,0.0187747,0.0708794,0,0,0,iter,0,1,k1,1,dynamic
15,394,0.01,16,1,240719,240719,0.0188778,60931,0.0188778,0.0718671,0,0,0,iter,0,1,optk,1,dynamic
15,394,0.01,16,2,37993,37993,0.00570446,18412,0.00570446,0.0117021,23967,1,23968,iter,0,1,k1,1,dynamic
15,394,0.01,16,2,38595,38595,0.00571531,18447,0.00571531,0.0118864,23886,1,23887,iter,0,1,rootk,1,dynamic
15,394,0.01,16,2,38600,38600,0.00573761,18519,0.00573761,0.0118879,23956,1,23957,iter,0,1,optk,1,dynamic
15,3940,0.1,10,0,0,0,0,0,0,0,0,0,0,iter,0,1,k1,1,dynamic
15,3940,0.1,10,0,0,0,0,0,0,0,0,0,0,iter,0,1,optk,5,dynamic
15,3940,0.1,10,0,0,0,0,0,0,0,0,0,0,iter,0,1,rootk,2,dynamic
15,3940,0.1,11,0,0,0,0,0,0,0,0,0,0,iter,0,1,k1,1,dynamic
15,3940,0.1,11,0,0,0,0,0,0,0,0,0,0,iter,0,1,optk,5,dynamic
15,3940,0.1,11,0,0,0,0,0,0,0,0,0,0,iter,0,1,rootk,2,dynamic
15,3940,0.1,12,0,1,1,3.09823e-08,1,3.09823e-08,3.09823e-08,0,0,0,iter,0,1,k1,1,dynamic
15,3940,0.1,12,0,1,1,3.83961e-15,2,6.19646e-08,6.19646e-08,0,0,0,iter,0,1,rootk,2,dynamic
15,3940,0.1,12,0,1,1,8.92112e-35,5,1.54912e-07,1.54912e-07,0,0,0,iter,0,1,optk,5,dynamic
15,3940,0.1,12,1,0,0,0,0,0,0,0,0,0,iter,0,1,k1,1,dynamic
15,3940,0.1,12,1,0,0,0,0,0,0,0,0,0,iter,0,1,optk,5,dynamic
15,3940,0.1,12,1,0,0,0,0,0,0,0,0,0,iter,0,1,rootk,2,dynamic
15,3940,0.1,13,0,35,35,1.85837e-12,44,1.36322e-06,2.16876e-06,0,0,0,iter,0,1,rootk,2,dynamic
15,3940,0.1,13,0,35,35,4.59761e-28,110,3.40805e-06,5.42189e-06,0,0,0,iter,0,1,optk,5,dynamic
15,3940,0.1,13,0,35,35,6.81611e-07,22,6.81611e-07,1.08438e-06,0,0,0,iter,0,1,k1,1,dynamic
15,3940,0.1,13,1,0,0,0,0,0,0,0,0,0,iter,0,1,k1,1,dynamic
15,3940,0.1,13,1,0,0,0,0,0,0,0,0,0,iter,0,1,optk,5,dynamic
15,3940,0.1,13,1,0,0,0,0,0,0,0,0,0,iter,0,1,rootk,2,dynamic
15,3940,0.1,14,0,2498,2498,4.76508e-05,1538,4.76508e-05,7.73908e-05,0,0,0,iter,0,1,k1,1,dynamic
15,3940,0.1,14,0,2498,2498,7.70216e-19,7695,0.000238409,0.000386894,0,0,0,iter,0,1,optk,5,dynamic
15,3940,0.1,14,0,2498,2498,9.08239e-09,3076,9.53016e-05,0.000154776,0,0,0,iter,0,1,rootk,2,dynamic
15,3940,0.1,14,1,0,0,0,0,0,0,0,0,0,iter,0,1,k1,1,dynamic
15,3940,0.1,14,1,0,0,0,0,0,0,0,0,0,iter,0,1,optk,5,dynamic
15,3940,0.1,14,1,0,0,0,0,0,0,0,0,0,iter,0,1,rootk,2,dynamic
15,3940,0.1,15,0,103470,103470,0.00169975,54862,0.00169975,0.00320061,0,0,0,iter,0,1,k1,1,dynamic
15,3940,0.1,15,0,103470,103470,1.15387e-05,109639,0.00339687,0.00639097,0,0,0,iter,0,1,rootk,2,dynamic
15,3940,0.1,15,0,103470,103470,4.36435e-11,273445,0.00847196,0.0159009,0,0,0,iter,0,1,optk,5,dynamic
15,3940,0.1,15,1,0,0,0,0,0,0,0,0,0,iter,0,1,optk,5,dynamic
15,3940,0.1,15,1,4,4,1.53585e-14,4,1.23929e-07,2.47858e-07,0,2,2,iter,0,1,rootk,2,dynamic
15,3940,0.1,15,1,51,51,6.19646e-07,20,6.19646e-07,1.5801e-06,0,20,20,iter,0,1,k1,1,dynamic
15,3940,0.1,16,0,2016939,2016939,0.00338103,1876769,0.0581466,0.117484,0,0,0,iter,0,1,rootk,2,dynamic
15,3940,0.1,16,0,2016939,2016939,0.029515,952641,0.029515,0.060577,0,0,0,iter,0,1,k1,1,dynamic
15,3940,0.1,16,0,2016939,2016939,5.20851e-05,4489820,0.139105,0.268346,0,0,0,iter,0,1,optk,5,dynamic
15,3940,0.1,16,1,209,209,9.06577e-24,795,2.46309e-05,3.2376e-05,1,159,160,iter,0,1,optk,5,dynamic
15,3940,0.1,16,1,26947,26947,0.000224777,7255,0.000224777,0.000834532,1,7296,7297,iter,0,1,k1,1,dynamic
15,3940,0.1,16,1,2859,2859,3.62015e-09,1942,6.01677e-05,0.000177141,1,971,972,iter,0,1,rootk,2,dynamic
15,19700,0.5,10,0,0,0,0,0,0,0,0,0,0,iter,0,1,k1,1,dynamic
15,19700,0.5,10,0,0,0,0,0,0,0,0,0,0,iter,0,1,optk,24,dynamic
15,19700,0.5,10,0,0,0,0,0,0,0,0,0,0,iter,0,1,rootk,5,dynamic
15,19700,0.5,11,0,0,0,0,0,0,0,0,0,0,iter,0,1,k1,1,dynamic
15,19700,0.5,11,0,0,0,0,0,0,0,0,0,0,iter,0,1,optk,24,dynamic
15,19700,0.5,11,0,0,0,0,0,0,0,0,0,0,iter,0,1,rootk,5,dynamic
15,19700,0.5,12,0,1,1,1.36937e-164,24,1.48715e-07,1.48715e-07,0,0,0,iter,0,1,optk,24,dynamic
15,19700,0.5,12,0,1,1,2.85476e-38,5,3.09823e-08,3.09823e-08,0,0,0,iter,0,1,rootk,5,dynamic
15,19700,0.5,12,0,1,1,6.19646e-09,1,6.19646e-09,6.19646e-09,0,0,0,iter,0,1,k1,1,dynamic
15,19700,0.5,12,1,0,0,0,0,0,0,0,0,0,iter,0,1,k1,1,dynamic
15,19700,0.5,12,1,0,0,0,0,0,0,0,0,0,iter,0,1,optk,24,dynamic
15,19700,0.5,12,1,0,0,0,0,0,0,0,0,0,iter,0,1,rootk,5,dynamic
15,19700,0.5,13,0,35,35,1.36322e-07,22,1.36322e-07,2.16876e-07,0,0,0,iter,0,1,k1,1,dynamic
15,19700,0.5,13,0,35,35,1.47124e-31,110,6.81611e-07,1.08438e-06,0,0,0,iter,0,1,rootk,5,dynamic
15,19700,0.5,13,0,35,35,2.2629e-132,528,3.27173e-06,5.20502e-06,0,0,0,iter,0,1,optk,24,dynamic
15,19700,0.5,13,1,0,0,0,0,0,0,0,0,0,iter,0,1,k1,1,dynamic
15,19700,0.5,13,1,0,0,0,0,0,0,0,0,0,iter,0,1,optk,24,dynamic
15,19700,0.5,13,1,0,0,0,0,0,0,0,0,0,iter,0,1,rootk,5,dynamic
15,19700,0.5,14,0,2498,2498,2.46469e-22,7695,4.76818e-05,7.73908e-05,0,0,0,iter,0,1,rootk,5,dynamic
15,19700,0.5,14,0,2498,2498,4.25716e-88,36932,0.000228848,0.000371421,0,0,0,iter,0,1,optk,24,dynamic
15,19700,0.5,14,0,2498,2498,9.53636e-06,1539,9.53636e-06,1.54786e-05,0,0,0,iter,0,1,k1,1,dynamic
15,19700,0.5,14,1,0,0,0,0,0,0,0,0,0,iter,0,1,k1,1,dynamic
15,19700,0.5,14,1,0,0,0,0,0,0,0,0,0,iter,0,1,optk,24,dynamic
15,19700,0.5,14,1,0,0,0,0,0,0,0,0,0,iter,0,1,rootk,5,dynamic
15,19700,0.5,15,0,103470,103470,0.000340229,54907,0.000340229,0.000640942,0,0,0,iter,0,1,k1,1,dynamic
15,19700,0.5,15,0,103470,103470,1.41954e-14,274338,0.00169993,0.00320061,0,0,0,iter,0,1,rootk,5,dynamic
15,19700,0.5,15,0,103470,103470,7.0318e-51,1312655,0.00813382,0.0152698,0,0,0,iter,0,1,optk,24,dynamic
15,19700,0.5,15,1,0,0,0,0,0,0,0,0,0,iter,0,1,optk,24,dynamic
15,19700,0.5,15,1,0,0,0,0,0,0,0,0,0,iter,0,1,rootk,5,dynamic
15,19700,0.5,15,1,11,11,4.33752e-08,7,4.33752e-08,6.81611e-08,0,7,7,iter,0,1,k1,1,dynamic
15,19700,0.5,16,0,2016939,2016939,0.00597365,964042,0.00597365,0.0124201,0,0,0,iter,0,1,k1,1,dynamic
15,19700,0.5,16,0,2016939,2016939,1.10696e-21,21612000,0.133918,0.259144,0,0,0,iter,0,1,optk,24,dynamic
15,19700,0.5,16,0,2016939,2016939,2.23829e-08,4762549,0.029511,0.060577,0,0,0,iter,0,1,rootk,5,dynamic
15,19700,0.5,16,1,197,197,2.39346e-27,765,4.74029e-06,6.1035e-06,1,153,154,iter,0,1,rootk,5,dynamic
15,19700,0.5,16,1,197,197,3.7078e-112,3672,2.27534e-05,2.92964e-05,1,153,154,iter,0,1,optk,24,dynamic
15,19700,0.5,16,1,5553,5553,9.48059e-06,1530,9.48059e-06,3.44084e-05,1,1533,1534,iter,0,1,k1,1,dynamic
16,1,0.001,10,0,0,0,0,0,0,0,0,0,0,iter,0,1,k1,1,dynamic
16,1,0.001,10,0,0,0,0,0,0,0,0,0,0,iter,0,1,optk,1,dynamic
16,1,0.001,10,0,0,0,0,0,0,0,0,0,0,iter,0,1,rootk,1,dynamic
16,1,0.001,11,0,0,0,0,0,0,0,0,0,0,iter,0,1,k1,1,dynamic
16,1,0.001,11,0,0,0,0,0,0,0,0,0,0,iter,0,1,optk,1,dynamic
16,1,0.001,11,0,0,0,0,0,0,0,0,0,0,iter,0,1,rootk,1,dynamic
16,1,0.001,12,0,0,0,0,0,0,0,0,0,0,iter,0,1,k1,1,dynamic
16,1,0.001,12,0,0,0,0,0,0,0,0,0,0,iter,0,1,optk,1,dynamic
16,1,0.001,12,0,0,0,0,0,0,0,0,0,0,iter,0,1,rootk,1,dynamic
16,1,0.001,13,0,64,64,0.0057373,47,0.0057373,0.00778206,0,0,0,iter,0,1,k1,1,dynamic
16,1,0.001,13,0,64,64,0.0057373,47,0.0057373,0.00778206,0,0,0,iter,0,1,optk,1,dynamic
16,1,0.001,13,0,64,64,0.0057373,47,0.0057373,0.00778206,0,0,0,iter,0,1,rootk,1,dynamic
16,1,0.001,13,1,1,1,0.00012207,1,0.00012207,0.000122063,0,1,1,iter,0,1,optk,1,dynamic
16,1,0.001,13,1,1,1,0.00012207,1,0.00012207,0.000122063,0,1,1,iter,0,1,rootk,1,dynamic
16,1,0.001,13,1,2,2,0.000244141,2,0.000244141,0.000244111,0,2,2,iter,0,1,k1,1,dynamic
16,1,0.001,14,0,14288,14288,0.701416,5746,0.701416,0.825205,0,0,0,iter,0,1,rootk,1,dynamic
16,1,0.001,14,0,14288,14288,0.704712,5773,0.704712,0.825205,0,0,0,iter,0,1,optk,1,dynamic
16,1,0.001,14,0,14288,14288,0.706299,5786,0.706299,0.825205,0,0,0,iter,0,1,k1,1,dynamic
16,1,0.001,14,0,762,762,0.0675049,553,0.0675049,0.0888225,865,1,866,type,0,2,rootk,1,dynamic
16,1,0.001,14,0,821,821,0.0681152,558,0.0681152,0.0953614,898,1,899,type,0,2,optk,1,dynamic
16,1,0.001,14,0,878,878,0.0756836,620,0.0756836,0.101634,947,1,948,type,0,2,k1,1,dynamic
16,1,0.001,14,1,1828,1828,0.115234,944,0.115234,0.200001,0,0,0,iter,0,1,optk,1,dynamic
16,1,0.001,14,1,1883,1883,0.122437,1003,0.122437,0.205354,0,0,0,iter,0,1,k1,1,dynamic
16,1,0.001,14,1,1917,1917,0.11853,971,0.11853,0.208645,0,0,0,iter,0,1,rootk,1,dynamic
16,4,0.01,10,0,0,0,0,0,0,0,0,0,0,iter,0,1,k1,1,dynamic
16,4,0.01,10,0,0,0,0,0,0,0,0,0,0,iter,0,1,optk,1,dynamic
16,4,0.01,10,0,0,0,0,0,0,0,0,0,0,iter,0,1,rootk,1,dynamic
16,4,0.01,11,0,0,0,0,0,0,0,0,0,0,iter,0,1,k1,1,dynamic
16,4,0.01,11,0,0,0,0,0,0,0,0,0,0,iter,0,1,optk,1,dynamic
16,4,0.01,11,0,0,0,0,0,0,0,0,0,0,iter,0,1,rootk,1,dynamic
16,4,0.01,12,0,0,0,0,0,0,0,0,0,0,iter,0,1,k1,1,dynamic
16,4,0.01,12,0,0,0,0,0,0,0,0,0,0,iter,0,1,optk,1,dynamic
16,4,0.01,12,0,0,0,0,0,0,0,0,0,0,iter,0,1,rootk,1,dynamic
16,4,0.01,13,0,64,64,0.00143433,47,0.00143433,0.00195122,0,0,0,iter,0,1,k1,1,dynamic
16,4,0.01,13,0,64,64,0.00143433,47,0.00143433,0.00195122,0,0,0,iter,0,1,optk,1,dynamic
16,4,0.01,13,0,64,64,0.00143433,47,0.00143433,0.00195122,0,0,0,iter,0,1,rootk,1,dynamic
16,4,0.01,13,1,0,0,0,0,0,0,0,0,0,iter,0,1,k1,1,dynamic
16,4,0.01,13,1,0,0,0,0,0,0,0,0,0,iter,0,1,rootk,1,dynamic
16,4,0.01,13,1,1,1,3.05176e-05,1,3.05176e-05,3.05171e-05,0,1,1,iter,0,1,optk,1,dynamic
16,4,0.01,14,0,14288,14288,0.263916,8648,0.263916,0.353405,0,0,0,iter,0,1,rootk,1,dynamic
16,4,0.01,14,0,14288,14288,0.265137,8688,0.265137,0.353405,0,0,0,iter,0,1,k1,1,dynamic
16,4,0.01,14,0,14288,14288,0.265472,8699,0.265472,0.353405,0,0,0,iter,0,1,optk,1,dynamic
16,4,0.01,14,1,714,714,0.0121155,397,0.0121155,0.0215539,0,0,0,iter,0,1,k1,1,dynamic
16,4,0.01,14,1,742,742,0.0123901,406,0.0123901,0.0223896,0,0,0,iter,0,1,optk,1,dynamic
16,4,0.01,14,1,743,743,0.0124817,409,0.0124817,0.0224194,0,0,0,iter,0,1,rootk,1,dynamic
16,4,0.01,14,2,177,177,0.0039978,131,0.0039978,0.00538705,172,1,173,iter,0,1,optk,1,dynamic
16,4,0.01,14,2,184,184,0.00363159,119,0.00363159,0.0055995,158,1,159,iter,0,1,k1,1,dynamic
16,4,0.01,14,2,209,209,0.00485229,159,0.00485229,0.00635788,202,1,203,iter,0,1,rootk,1,dynamic
16,44,0.1,10,0,0,0,0,0,0,0,0,0,0,iter,0,1,k1,1,dynamic
16,44,0.1,10,0,0,0,0,0,0,0,0,0,0,iter,0,1,optk,3,dynamic
16,44,0.1,10,0,0,0,0,0,0,0,0,0,0,iter,0,1,rootk,2,dynamic
16,44,0.1,11,0,0,0,0,0,0,0,0,0,0,iter,0,1,k1,1,dynamic
16,44,0.1,11,0,0,0,0,0,0,0,0,0,0,iter,0,1,optk,3,dynamic
16,44,0.1,11,0,0,0,0,0,0,0,0,0,0,iter,0,1,rootk,2,dynamic
16,44,0.1,12,0,0,0,0,0,0,0,0,0,0,iter,0,1,k1,1,dynamic
16,44,0.1,12,0,0,0,0,0,0,0,0,0,0,iter,0,1,optk,3,dynamic
16,44,0.1,12,0,0,0,0,0,0,0,0,0,0,iter,0,1,rootk,2,dynamic
16,44,0.1,13,0,64,64,0.000130393,47,0.000130393,0.000177541,0,0,0,iter,0,1,k1,1,dynamic
16,44,0.1,13,0,64,64,5.9859e-11,141,0.00039118,0.000532529,0,0,0,iter,0,1,optk,3,dynamic
16,44,0.1,13,0,64,64,6.80096e-08,94,0.000260787,0.000355051,0,0,0,iter,0,1,rootk,2,dynamic
16,44,0.1,13,1,0,0,0,0,0,0,0,0,0,iter,0,1,k1,1,dynamic
16,44,0.1,13,1,0,0,0,0,0,0,0,0,0,iter,0,1,optk,3,dynamic
16,44,0.1,13,1,0,0,0,0,0,0,0,0,0,iter,0,1,rootk,2,dynamic
16,44,0.1,14,0,14288,14288,0.000515211,28896,0.0801669,0.11212,0,0,0,iter,0,1,optk,3,dynamic
16,44,0.1,14,0,14288,14288,0.00294779,19570,0.0542935,0.076218,0,0,0,iter,0,1,rootk,2,dynamic
16,44,0.1,14,0,14288,14288,0.027488,9908,0.027488,0.0388642,0,0,0,iter,0,1,k1,1,dynamic
16,44,0.1,14,1,119,119,0.000160911,58,0.000160911,0.00033009,1,58,59,iter,0,1,k1,1,dynamic
16,44,0.1,14,1,17,17,9.15538e-13,35,9.71014e-05,0.000141481,1,12,13,iter,0,1,optk,3,dynamic
16,44,0.1,14,1,32,32,9.97516e-09,36,9.98757e-05,0.000177541,1,18,19,iter,0,1,rootk,2,dynamic
16,221,0.5,10,0,0,0,0,0,0,0,0,0,0,iter,0,1,k1,1,dynamic
16,221,0.5,10,0,0,0,0,0,0,0,0,0,0,iter,0,1,optk,18,dynamic
16,221,0.5,10,0,0,0,0,0,0,0,0,0,0,iter,0,1,rootk,4,dynamic
16,221,0.5,11,0,0,0,0,0,0,0,0,0,0,iter,0,1,k1,1,dynamic
16,221,0.5,11,0,0,0,0,0,0,0,0,0,0,iter,0,1,optk,18,dynamic
16,221,0.5,11,0,0,0,0,0,0,0,0,0,0,iter,0,1,rootk,4,dynamic
16,221,0.5,12,0,0,0,0,0,0,0,0,0,0,iter,0,1,k1,1,dynamic
16,221,0.5,12,0,0,0,0,0,0,0,0,0,0,iter,0,1,optk,18,dynamic
16,221,0.5,12,0,0,0,0,0,0,0,0,0,0,iter,0,1,rootk,4,dynamic
16,221,0.5,13,0,64,64,1.12872e-60,846,0.000467292,0.00063611,0,0,0,iter,0,1,optk,18,dynamic
16,221,0.5,13,0,64,64,1.16279e-16,188,0.000103843,0.000141393,0,0,0,iter,0,1,rootk,4,dynamic
16,221,0.5,13,0,64,64,2.59607e-05,47,2.59607e-05,3.53501e-05,0,0,0,iter,0,1,k1,1,dynamic
16,221,0.5,13,1,0,0,0,0,0,0,0,0,0,iter,0,1,k1,1,dynamic
16,221,0.5,13,1,0,0,0,0,0,0,0,0,0,iter,0,1,optk,18,dynamic
16,221,0.5,13,1,0,0,0,0,0,0,0,0,0,iter,0,1,rootk,4,dynamic
16,221,0.5,14,0,14288,14288,0.00553293,10017,0.00553293,0.00786098,0,0,0,iter,0,1,k1,1,dynamic
16,221,0.5,14,0,14288,14288,2.32766e-07,39766,0.0219649,0.0310751,0,0,0,iter,0,1,rootk,4,dynamic
16,221,0.5,14,0,14288,14288,4.01852e-19,172102,0.0950613,0.132428,0,0,0,iter,0,1,optk,18,dynamic
16,221,0.5,14,1,15,15,3.48885e-19,44,2.43036e-05,3.31407e-05,1,11,12,iter,0,1,rootk,4,dynamic
16,221,0.5,14,1,15,15,5.01064e-72,198,0.000109366,0.000149125,1,11,12,iter,0,1,optk,18,dynamic
16,221,0.5,14,1,23,23,9.39002e-06,17,9.39002e-06,1.27041e-05,1,17,18,iter,0,1,k1,1,dynamic
17,4,0.001,10,0,0,0,0,0,0,0,0,0,0,iter,0,1,k1,1,dynamic
17,4,0.001,10,0,0,0,0,0,0,0,0,0,0,iter,0,1,optk,1,dynamic
17,4,0.001,10,0,0,0,0,0,0,0,0,0,0,iter,0,1,rootk,1,dynamic
17,4,0.001,11,0,0,0,0,0,0,0,0,0,0,iter,0,1,k1,1,dynamic
17,4,0.001,11,0,0,0,0,0,0,0,0,0,0,iter,0,1,optk,1,dynamic
17,4,0.001,11,0,0,0,0,0,0,0,0,0,0,iter,0,1,rootk,1,dynamic
17,4,0.001,12,0,0,0,0,0,0,0,0,0,0,iter,0,1,k1,1,dynamic
17,4,0.001,12,0,0,0,0,0,0,0,0,0,0,iter,0,1,optk,1,dynamic
17,4,0.001,12,0,0,0,0,0,0,0,0,0,0,iter,0,1,rootk,1,dynamic
17,4,0.001,13,0,11,11,0.000305176,10,0.000305176,0.000335637,0,0,0,iter,0,1,k1,1,dynamic
17,4,0.001,13,0,11,11,0.000305176,10,0.000305176,0.000335637,0,0,0,iter,0,1,optk,1,dynamic
17,4,0.001,13,0,11,11,0.000305176,10,0.000305176,0.000335637,0,0,0,iter,0,1,rootk,1,dynamic
17,4,0.001,13,1,0,0,0,0,0,0,0,0,0,iter,0,1,k1,1,dynamic
17,4,0.001,13,1,0,0,0,0,0,0,0,0,0,iter,0,1,optk,1,dynamic
17,4,0.001,13,1,0,0,0,0,0,0,0,0,0,iter,0,1,rootk,1,dynamic
17,4,0.001,14,0,705,705,0.0105896,347,0.0105896,0.0212851,0,0,0,iter,0,1,rootk,1,dynamic
17,4,0.001,14,0,705,705,0.0106201,348,0.0106201,0.0212851,0,0,0,iter,0,1,optk,1,dynamic
17,4,0.001,14,0,705,705,0.0106506,349,0.0106506,0.0212851,0,0,0,iter,0,1,k1,1,dynamic
17,4,0.001,14,1,194,194,0.00393677,129,0.00393677,0.00590292,0,161,161,iter,0,1,optk,1,dynamic
17,4,0.001,14,1,198,198,0.00375366,123,0.00375366,0.00602426,0,165,165,iter,0,1,rootk,1,dynamic
17,4,0.001,14,1,236,236,0.00390625,128,0.00390625,0.00717628,0,168,168,iter,0,1,k1,1,dynamic
17,4,0.001,15,0,59673,59673,0.516083,16911,0.516083,0.838148,0,0,0,iter,0,1,k1,1,dynamic
17,4,0.001,15,0,59673,59673,0.518097,16977,0.518097,0.838148,0,0,0,iter,0,1,rootk,1,dynamic
17,4,0.001,15,0,59673,59673,0.518616,16994,0.518616,0.838148,0,0,0,iter,0,1,optk,1,dynamic
17,4,0.001,15,0,6751,6751,0.0818481,2682,0.0818481,0.186187,2830,1,2831,type,0,7,k1,1,dynamic
17,4,0.001,15,0,6833,6833,0.0823975,2700,0.0823975,0.188221,2870,1,2871,type,0,7,rootk,1,dynamic
17,4,0.001,15,0,6889,6889,0.082489,2703,0.082489,0.189607,2867,1,2868,type,0,7,optk,1,dynamic
17,4,0.001,15,1,125301,125301,0.824097,27004,0.824097,0.978157,0,0,0,iter,0,1,rootk,1,dynamic
17,4,0.001,15,1,126597,126597,0.823822,26995,0.823822,0.979004,0,0,0,iter,0,1,k1,1,dynamic
17,4,0.001,15,1,126896,126896,0.82782,27126,0.82782,0.979195,0,0,0,iter,0,1,optk,1,dynamic
17,42,0.01,10,0,0,0,0,0,0,0,0,0,0,iter,0,1,k1,1,dynamic
17,42,0.01,10,0,0,0,0,0,0,0,0,0,0,iter,0,1,optk,1,dynamic
17,42,0.01,10,0,0,0,0,0,0,0,0,0,0,iter,0,1,rootk,1,dynamic
17,42,0.01,11,0,0,0,0,0,0,0,0,0,0,iter,0,1,k1,1,dynamic
17,42,0.01,11,0,0,0,0,0,0,0,0,0,0,iter,0,1,optk,1,dynamic
17,42,0.01,11,0,0,0,0,0,0,0,0,0,0,iter,0,1,rootk,1,dynamic
17,42,0.01,12,0,0,0,0,0,0,0,0,0,0,iter,0,1,k1,1,dynamic
17,42,0.01,12,0,0,0,0,0,0,0,0,0,0,iter,0,1,optk,1,dynamic
17,42,0.01,12,0,0,0,0,0,0,0,0,0,0,iter,0,1,rootk,1,dynamic
17,42,0.01,13,0,11,11,2.90644e-05,10,2.90644e-05,3.19703e-05,0,0,0,iter,0,1,k1,1,dynamic
17,42,0.01,13,0,11,11,2.90644e-05,10,2.90644e-05,3.19703e-05,0,0,0,iter,0,1,optk,1,dynamic
17,42,0.01,13,0,11,11,2.90644e-05,10,2.90644e-05,3.19703e-05,0,0,0,iter,0,1,rootk,1,dynamic
17,42,0.01,13,1,0,0,0,0,0,0,0,0,0,iter,0,1,k1,1,dynamic
17,42,0.01,13,1,0,0,0,0,0,0,0,0,0,iter,0,1,optk,1,dynamic
17,42,0.01,13,1,0,0,0,0,0,0,0,0,0,iter,0,1,rootk,1,dynamic
17,42,0.01,14,0,705,705,0.00101725,350,0.00101725,0.00204694,0,0,0,iter,0,1,k1,1,dynamic
17,42,0.01,14,0,705,705,0.00101725,350,0.00101725,0.00204694,0,0,0,iter,0,1,optk,1,dynamic
17,42,0.01,14,0,705,705,0.00101725,350,0.00101725,0.00204694,0,0,0,iter,0,1,rootk,1,dynamic
17,42,0.01,14,1,10,10,2.90644e-05,10,2.90644e-05,2.90639e-05,0,10,10,iter,0,1,rootk,1,dynamic
17,42,0.01,14,1,19,19,3.77837e-05,13,3.77837e-05,5.52208e-05,0,13,13,iter,0,1,optk,1,dynamic
17,42,0.01,14,1,21,21,4.6503e-05,16,4.6503e-05,6.10333e-05,0,16,16,iter,0,1,k1,1,dynamic
17,42,0.01,15,0,59673,59673,0.0670137,23057,0.0670137,0.159229,0,0,0,iter,0,1,k1,1,dynamic
17,42,0.01,15,0,59673,59673,0.0670253,23061,0.0670253,0.159229,0,0,0,iter,0,1,rootk,1,dynamic
17,42,0.01,15,0,59673,59673,0.0671009,23087,0.0671009,0.159229,0,0,0,iter,0,1,optk,1,dynamic
17,42,0.01,15,1,15778,15778,0.0206648,7110,0.0206648,0.0448222,0,0,0,iter,0,1,optk,1,dynamic
17,42,0.01,15,1,16128,16128,0.0213013,7329,0.0213013,0.0457933,0,0,0,iter,0,1,rootk,1,dynamic
17,42,0.01,15,1,16132,16132,0.0212606,7315,0.0212606,0.0458044,0,0,0,iter,0,1,k1,1,dynamic
17,42,0.01,15,2,1230,1230,0.00138637,477,0.00138637,0.00356853,516,1,517,iter,0,1,rootk,1,dynamic
17,42,0.01,15,2,1330,1330,0.00142706,491,0.00142706,0.0038581,533,1,534,iter,0,1,optk,1,dynamic
17,42,0.01,15,2,1355,1355,0.00144159,496,0.00144159,0.00393048,528,1,529,iter,0,1,k1,1,dynamic
17,416,0.1,10,0,0,0,0,0,0,0,0,0,0,iter,0,1,k1,1,dynamic
17,416,0.1,10,0,0,0,0,0,0,0,0,0,0,iter,0,1,optk,4,dynamic
17,416,0.1,10,0,0,0,0,0,0,0,0,0,0,iter,0,1,rootk,2,dynamic
17,416,0.1,11,0,0,0,0,0,0,0,0,0,0,iter,0,1,k1,1,dynamic
17,416,0.1,11,0,0,0,0,0,0,0,0,0,0,iter,0,1,optk,4,dynamic
17,416,0.1,11,0,0,0,0,0,0,0,0,0,0,iter,0,1,rootk,2,dynamic
17,416,0.1,12,0,0,0,0,0,0,0,0,0,0,iter,0,1,k1,1,dynamic
17,416,0.1,12,0,0,0,0,0,0,0,0,0,0,iter,0,1,optk,4,dynamic
17,416,0.1,12,0,0,0,0,0,0,0,0,0,0,iter,0,1,rootk,2,dynamic
17,416,0.1,13,0,11,11,1.89805e-20,40,1.17375e-05,1.29112e-05,0,0,0,iter,0,1,optk,4,dynamic
17,416,0.1,13,0,11,11,2.93438e-06,10,2.93438e-06,3.22782e-06,0,0,0,iter,0,1,k1,1,dynamic
17,416,0.1,13,0,11,11,3.44424e-11,20,5.86877e-06,6.45562e-06,0,0,0,iter,0,1,rootk,2,dynamic
17,416,0.1,13,1,0,0,0,0,0,0,0,0,0,iter,0,1,k1,1,dynamic
17,416,0.1,13,1,0,0,0,0,0,0,0,0,0,iter,0,1,optk,4,dynamic
17,416,0.1,13,1,0,0,0,0,0,0,0,0,0,iter,0,1,rootk,2,dynamic
17,416,0.1,14,0,705,705,0.000102703,350,0.000102703,0.000206853,0,0,0,iter,0,1,k1,1,dynamic
17,416,0.1,14,0,705,705,2.84826e-14,1400,0.000410814,0.000827154,0,0,0,iter,0,1,optk,4,dynamic
17,416,0.1,14,0,705,705,4.21919e-08,700,0.000205407,0.000413662,0,0,0,iter,0,1,rootk,2,dynamic
17,416,0.1,14,1,0,0,0,0,0,0,0,0,0,iter,0,1,optk,4,dynamic
17,416,0.1,14,1,0,0,0,0,0,0,0,0,0,iter,0,1,rootk,2,dynamic
17,416,0.1,14,1,1,1,2.93438e-07,1,2.93438e-07,2.93438e-07,0,1,1,iter,0,1,k1,1,dynamic
17,416,0.1,15,0,59673,59673,0.000193574,47414,0.0139131,0.0344146,0,0,0,iter,0,1,rootk,2,dynamic
17,416,0.1,15,0,59673,59673,0.00698178,23793,0.00698178,0.0173579,0,0,0,iter,0,1,k1,1,dynamic
17,416,0.1,15,0,59673,59673,5.81605e-07,94111,0.0276158,0.0676447,0,0,0,iter,0,1,optk,4,dynamic
17,416,0.1,15,1,11,11,7.7744e-21,32,9.39002e-06,1.29112e-05,1,8,9,iter,0,1,optk,4,dynamic
17,416,0.1,15,1,1642,1642,0.000225361,768,0.000225361,0.00048171,1,793,794,iter,0,1,k1,1,dynamic
17,416,0.1,15,1,83,83,2.32831e-10,52,1.52588e-05,4.87096e-05,1,26,27,iter,0,1,rootk,2,dynamic
17,2079,0.5,10,0,0,0,0,0,0,0,0,0,0,iter,0,1,k1,1,dynamic
17,2079,0.5,10,0,0,0,0,0,0,0,0,0,0,iter,0,1,optk,20,dynamic
17,2079,0.5,10,0,0,0,0,0,0,0,0,0,0,iter,0,1,rootk,4,dynamic
17,2079,0.5,11,0,0,0,0,0,0,0,0,0,0,iter,0,1,k1,1,dynamic
17,2079,0.5,11,0,0,0,0,0,0,0,0,0,0,iter,0,1,optk,20,dynamic
17,2079,0.5,11,0,0,0,0,0,0,0,0,0,0,iter,0,1,rootk,4,dynamic
17,2079,0.5,12,0,0,0,0,0,0,0,0,0,0,iter,0,1,k1,1,dynamic
17,2079,0.5,12,0,0,0,0,0,0,0,0,0,0,iter,0,1,optk,20,dynamic
17,2079,0.5,12,0,0,0,0,0,0,0,0,0,0,iter,0,1,rootk,4,dynamic
17,2079,0.5,13,0,11,11,2.4872e-99,200,1.17432e-05,1.29174e-05,0,0,0,iter,0,1,optk,20,dynamic
17,2079,0.5,13,0,11,11,3.04272e-23,40,2.34864e-06,2.5835e-06,0,0,0,iter,0,1,rootk,4,dynamic
17,2079,0.5,13,0,11,11,5.87159e-07,10,5.87159e-07,6.45874e-07,0,0,0,iter,0,1,k1,1,dynamic
17,2079,0.5,13,1,0,0,0,0,0,0,0,0,0,iter,0,1,k1,1,dynamic
17,2079,0.5,13,1,0,0,0,0,0,0,0,0,0,iter,0,1,optk,20,dynamic
17,2079,0.5,13,1,0,0,0,0,0,0,0,0,0,iter,0,1,rootk,4,dynamic
17,2079,0.5,14,0,705,705,1.88726e-68,6999,0.000410952,0.000827551,0,0,0,iter,0,1,optk,20,dynamic
17,2079,0.5,14,0,705,705,2.05506e-05,350,2.05506e-05,4.13938e-05,0,0,0,iter,0,1,k1,1,dynamic
17,2079,0.5,14,0,705,705,4.56598e-17,1400,8.22022e-05,0.000165565,0,0,0,iter,0,1,rootk,4,dynamic
17,2079,0.5,14,1,0,0,0,0,0,0,0,0,0,iter,0,1,k1,1,dynamic
17,2079,0.5,14,1,0,0,0,0,0,0,0,0,0,iter,0,1,optk,20,dynamic
17,2079,0.5,14,1,0,0,0,0,0,0,0,0,0,iter,0,1,rootk,4,dynamic
17,2079,0.5,15,0,59673,59673,0.00140073,23856,0.00140073,0.00349762,0,0,0,iter,0,1,k1,1,dynamic
17,2079,0.5,15,0,59673,59673,6.78406e-32,470781,0.0276423,0.0676762,0,0,0,iter,0,1,optk,20,dynamic
17,2079,0.5,15,0,59673,59673,9.7705e-10,95219,0.00559087,0.0139173,0,0,0,iter,0,1,rootk,4,dynamic
17,2079,0.5,15,1,349,349,8.63123e-06,147,8.63123e-06,2.04916e-05,1,147,148,iter,0,1,k1,1,dynamic
17,2079,0.5,15,1,7,7,1.9846e-102,140,8.22022e-06,8.22019e-06,1,7,8,iter,0,1,optk,20,dynamic
17,2079,0.5,15,1,7,7,7.30557e-24,28,1.64404e-06,1.64404e-06,1,7,8,iter,0,1,rootk,4,dynamic
18,1,0.001,11,0,0,0,0,0,0,0,0,0,0,iter,0,1,k1,1,dynamic
18,1,0.001,11,0,0,0,0,0,0,0,0,0,0,iter,0,1,optk,1,dynamic
18,1,0.001,11,0,0,0,0,0,0,0,0,0,0,iter,0,1,rootk,1,dynamic
18,1,0.001,12,0,0,0,0,0,0,0,0,0,0,iter,0,1,k1,1,dynamic
18,1,0.001,12,0,0,0,0,0,0,0,0,0,0,iter,0,1,optk,1,dynamic
18,1,0.001,12,0,0,0,0,0,0,0,0,0,0,iter,0,1,rootk,1,dynamic
18,1,0.001,13,0,4,4,0.000366211,3,0.000366211,0.000488162,0,0,0,iter,0,1,k1,1,dynamic
18,1,0.001,13,0,4,4,0.000366211,3,0.000366211,0.000488162,0,0,0,iter,0,1,optk,1,dynamic
18,1,0.001,13,0,4,4,0.000366211,3,0.000366211,0.000488162,0,0,0,iter,0,1,rootk,1,dynamic
18,1,0.001,13,1,0,0,0,0,0,0,0,0,0,iter,0,1,k1,1,dynamic
18,1,0.001,13,1,0,0,0,0,0,0,0,0,0,iter,0,1,optk,1,dynamic
18,1,0.001,13,1,0,0,0,0,0,0,0,0,0,iter,0,1,rootk,1,dynamic
18,1,0.001,14,0,2759,2759,0.24707,2024,0.24707,0.285943,0,0,0,iter,0,1,rootk,1,dynamic
18,1,0.001,14,0,2759,2759,0.247681,2029,0.247681,0.285943,0,0,0,iter,0,1,k1,1,dynamic
18,1,0.001,14,0,2759,2759,0.249512,2044,0.249512,0.285943,0,0,0,iter,0,1,optk,1,dynamic
18,1,0.001,14,1,0,0,0,0,0,0,0,0,0,iter,0,1,rootk,1,dynamic
18,1,0.001,14,1,2,2,0.000244141,2,0.000244141,0.000244111,0,2,2,iter,0,1,optk,1,dynamic
18,1,0.001,14,1,4,4,0.000244141,2,0.000244141,0.000488162,0,2,2,iter,0,1,k1,1,dynamic
18,1,0.001,15,0,37030,37030,0.974365,7982,0.974365,0.989114,0,0,0,iter,0,1,optk,1,dynamic
18,1,0.001,15,0,37030,37030,0.97522,7989,0.97522,0.989114,0,0,0,iter,0,1,rootk,1,dynamic
18,1,0.001,15,0,37030,37030,0.978271,8014,0.978271,0.989114,0,0,0,iter,0,1,k1,1,dynamic
18,1,0.001,15,0,743,743,0.0755615,619,0.0755615,0.0867067,1733,1,1734,type,0,2,optk,1,dynamic
18,1,0.001,15,0,749,749,0.0723877,593,0.0723877,0.0873754,1746,1,1747,type,0,2,rootk,1,dynamic
18,1,0.001,15,0,775,775,0.0755615,619,0.0755615,0.0902673,1789,1,1790,type,0,2,k1,1,dynamic
18,1,0.001,15,1,959,959,0.0401611,329,0.0401611,0.110473,0,0,0,iter,0,1,rootk,1,dynamic
18,1,0.001,15,1,973,973,0.0412598,338,0.0412598,0.111992,0,0,0,iter,0,1,k1,1,dynamic
18,1,0.001,15,1,978,978,0.0410156,336,0.0410156,0.112534,0,0,0,iter,0,1,optk,1,dynamic
18,7,0.01,11,0,0,0,0,0,0,0,0,0,0,iter,0,1,k1,1,dynamic
18,7,0.01,11,0,0,0,0,0,0,0,0,0,0,iter,0,1,optk,1,dynamic
18,7,0.01,11,0,0,0,0,0,0,0,0,0,0,iter,0,1,rootk,1,dynamic
18,7,0.01,12,0,0,0,0,0,0,0,0,0,0,iter,0,1,k1,1,dynamic
18,7,0.01,12,0,0,0,0,0,0,0,0,0,0,iter,0,1,optk,1,dynamic
18,7,0.01,12,0,0,0,0,0,0,0,0,0,0,iter,0,1,rootk,1,dynamic
18,7,0.01,13,0,4,4,5.23158e-05,3,5.23158e-05,6.9752e-05,0,0,0,iter,0,1,k1,1,dynamic
18,7,0.01,13,0,4,4,5.23158e-05,3,5.23158e-05,6.9752e-05,0,0,0,iter,0,1,optk,1,dynamic
18,7,0.01,13,0,4,4,5.23158e-05,3,5.23158e-05,6.9752e-05,0,0,0,iter,0,1,rootk,1,dynamic
18,7,0.01,13,1,0,0,0,0,0,0,0,0,0,iter,0,1,k1,1,dynamic
18,7,0.01,13,1,0,0,0,0,0,0,0,0,0,iter,0,1,optk,1,dynamic
18,7,0.01,13,1,0,0,0,0,0,0,0,0,0,iter,0,1,rootk,1,dynamic
18,7,0.01,14,0,2759,2759,0.0397252,2278,0.0397252,0.046974,0,0,0,iter,0,1,rootk,1,dynamic
18,7,0.01,14,0,2759,2759,0.0397426,2279,0.0397426,0.046974,0,0,0,iter,0,1,optk,1,dynamic
18,7,0.01,14,0,2759,2759,0.0400914,2299,0.0400914,0.046974,0,0,0,iter,0,1,k1,1,dynamic
18,7,0.01,14,1,0,0,0,0,0,0,0,0,0,iter,0,1,optk,1,dynamic
18,7,0.01,14,1,0,0,0,0,0,0,0,0,0,iter,0,1,rootk,1,dynamic
18,7,0.01,14,1,1,1,1.74386e-05,1,1.74386e-05,1.74385e-05,0,1,1,iter,0,1,k1,1,dynamic
18,7,0.01,15,0,37030,37030,0.413749,23726,0.413749,0.475732,0,0,0,iter,0,1,rootk,1,dynamic
18,7,0.01,15,0,37030,37030,0.414237,23754,0.414237,0.475732,0,0,0,iter,0,1,optk,1,dynamic
18,7,0.01,15,0,37030,37030,0.414621,23776,0.414621,0.475732,0,0,0,iter,0,1,k1,1,dynamic
18,7,0.01,15,1,326,326,0.00237165,136,0.00237165,0.00566886,1,136,137,iter,0,1,rootk,1,dynamic
18,7,0.01,15,1,412,412,0.0027553,158,0.0027553,0.00715896,1,158,159,iter,0,1,k1,1,dynamic
18,7,0.01,15,1,436,436,0.00277274,159,0.00277274,0.00757441,1,159,160,iter,0,1,optk,1,dynamic
18,71,0.1,11,0,0,0,0,0,0,0,0,0,0,iter,0,1,k1,1,dynamic
18,71,0.1,11,0,0,0,0,0,0,0,0,0,0,iter,0,1,optk,2,dynamic
18,71,0.1,11,0,0,0,0,0,0,0,0,0,0,iter,0,1,rootk,1,dynamic
18,71,0.1,12,0,0,0,0,0,0,0,0,0,0,iter,0,1,k1,1,dynamic
18,71,0.1,12,0,0,0,0,0,0,0,0,0,0,iter,0,1,optk,2,dynamic
18,71,0.1,12,0,0,0,0,0,0,0,0,0,0,iter,0,1,rootk,1,dynamic
18,71,0.1,13,0,4,4,1.06416e-10,6,1.03158e-05,1.37543e-05,0,0,0,iter,0,1,optk,2,dynamic
18,71,0.1,13,0,4,4,5.1579e-06,3,5.1579e-06,6.87718e-06,0,0,0,iter,0,1,k1,1,dynamic
18,71,0.1,13,0,4,4,5.1579e-06,3,5.1579e-06,6.87718e-06,0,0,0,iter,0,1,rootk,1,dynamic
18,71,0.1,13,1,0,0,0,0,0,0,0,0,0,iter,0,1,k1,1,dynamic
18,71,0.1,13,1,0,0,0,0,0,0,0,0,0,iter,0,1,optk,2,dynamic
18,71,0.1,13,1,0,0,0,0,0,0,0,0,0,iter,0,1,rootk,1,dynamic
18,71,0.1,14,0,2759,2759,0.00399222,2322,0.00399222,0.00473232,0,0,0,iter,0,1,rootk,1,dynamic
18,71,0.1,14,0,2759,2759,0.00399565,2324,0.00399565,0.00473232,0,0,0,iter,0,1,k1,1,dynamic
18,71,0.1,14,0,2759,2759,6.34495e-05,4633,0.00796552,0.00944224,0,0,0,iter,0,1,optk,2,dynamic
18,71,0.1,14,1,0,0,0,0,0,0,0,0,0,iter,0,1,k1,1,dynamic
18,71,0.1,14,1,0,0,0,0,0,0,0,0,0,iter,0,1,optk,2,dynamic
18,71,0.1,14,1,0,0,0,0,0,0,0,0,0,iter,0,1,rootk,1,dynamic
18,71,0.1,15,0,37030,37030,0.0100481,58303,0.10024,0.119558,0,0,0,iter,0,1,optk,2,dynamic
18,71,0.1,15,0,37030,37030,0.0513864,29888,0.0513864,0.0616814,0,0,0,iter,0,1,rootk,1,dynamic
18,71,0.1,15,0,37030,37030,0.0514741,29939,0.0514741,0.0616814,0,0,0,iter,0,1,k1,1,dynamic
18,71,0.1,15,1,20,20,2.66039e-09,30,5.1579e-05,6.87696e-05,1,15,16,iter,0,1,optk,2,dynamic
18,71,0.1,15,1,35,35,4.12632e-05,24,4.12632e-05,6.01737e-05,1,24,25,iter,0,1,k1,1,dynamic
18,71,0.1,15,1,65,65,5.50176e-05,32,5.50176e-05,0.000111748,1,32,33,iter,0,1,rootk,1,dynamic
18,355,0.5,11,0,0,0,0,0,0,0,0,0,0,iter,0,1,k1,1,dynamic
18,355,0.5,11,0,0,0,0,0,0,0,0,0,0,iter,0,1,optk,12,dynamic
18,355,0.5,11,0,0,0,0,0,0,0,0,0,0,iter,0,1,rootk,3,dynamic
18,355,0.5,12,0,0,0,0,0,0,0,0,0,0,iter,0,1,k1,1,dynamic
18,355,0.5,12,0,0,0,0,0,0,0,0,0,0,iter,0,1,optk,12,dynamic
18,355,0.5,12,0,0,0,0,0,0,0,0,0,0,iter,0,1,rootk,3,dynamic
18,355,0.5,13,0,4,4,1.03158e-06,3,1.03158e-06,1.37544e-06,0,0,0,iter,0,1,k1,1,dynamic
18,355,0.5,13,0,4,4,1.29482e-59,36,1.2379e-05,1.65051e-05,0,0,0,iter,0,1,optk,12,dynamic
18,355,0.5,13,0,4,4,2.96396e-17,9,3.09474e-06,4.12631e-06,0,0,0,iter,0,1,rootk,3,dynamic
18,355,0.5,13,1,0,0,0,0,0,0,0,0,0,iter,0,1,k1,1,dynamic
18,355,0.5,13,1,0,0,0,0,0,0,0,0,0,iter,0,1,optk,12,dynamic
18,355,0.5,13,1,0,0,0,0,0,0,0,0,0,iter,0,1,rootk,3,dynamic
18,355,0.5,14,0,2759,2759,0.000798443,2322,0.000798443,0.00094826,0,0,0,iter,0,1,k1,1,dynamic
18,355,0.5,14,0,2759,2759,1.37553e-08,6968,0.00239602,0.00284208,0,0,0,iter,0,1,rootk,3,dynamic
18,355,0.5,14,0,2759,2759,5.75263e-25,27772,0.00954968,0.01132,0,0,0,iter,0,1,optk,12,dynamic
18,355,0.5,14,1,0,0,0,0,0,0,0,0,0,iter,0,1,k1,1,dynamic
18,355,0.5,14,1,0,0,0,0,0,0,0,0,0,iter,0,1,optk,12,dynamic
18,355,0.5,14,1,0,0,0,0,0,0,0,0,0,iter,0,1,rootk,3,dynamic
18,355,0.5,15,0,37030,37030,0.0104946,30520,0.0104946,0.0126524,0,0,0,iter,0,1,k1,1,dynamic
18,355,0.5,15,0,37030,37030,3.02634e-05,90627,0.031163,0.037479,0,0,0,iter,0,1,rootk,3,dynamic
18,355,0.5,15,0,37030,37030,8.0057e-12,345861,0.118928,0.141697,0,0,0,iter,0,1,optk,12,dynamic
18,355,0.5,15,1,15,15,1.89694e-15,36,1.2379e-05,1.54736e-05,1,12,13,iter,0,1,rootk,3,dynamic
18,355,0.5,15,1,15,15,2.17235e-52,144,4.95158e-05,6.18929e-05,1,12,13,iter,0,1,optk,12,dynamic
18,355,0.5,15,1,42,42,5.50176e-06,16,5.50176e-06,1.4442e-05,1,16,17,iter,0,1,k1,1,dynamic
19,4,0.001,10,0,0,0,0,0,0,0,0,0,0,iter,0,1,k1,1,dynamic
19,4,0.001,10,0,0,0,0,0,0,0,0,0,0,iter,0,1,optk,1,dynamic
19,4,0.001,10,0,0,0,0,0,0,0,0,0,0,iter,0,1,rootk,1,dynamic
19,4,0.001,11,0,0,0,0,0,0,0,0,0,0,iter,0,1,k1,1,dynamic
19,4,0.001,11,0,0,0,0,0,0,0,0,0,0,iter,0,1,optk,1,dynamic
19,4,0.001,11,0,0,0,0,0,0,0,0,0,0,iter,0,1,rootk,1,dynamic
19,4,0.001,12,0,0,0,0,0,0,0,0,0,0,iter,0,1,k1,1,dynamic
19,4,0.001,12,0,0,0,0,0,0,0,0,0,0,iter,0,1,optk,1,dynamic
19,4,0.001,12,0,0,0,0,0,0,0,0,0,0,iter,0,1,rootk,1,dynamic
19,4,0.001,13,0,51,51,0.000396729,13,0.000396729,0.00155519,0,0,0,iter,0,1,k1,1,dynamic
19,4,0.001,13,0,51,51,0.000396729,13,0.000396729,0.00155519,0,0,0,iter,0,1,optk,1,dynamic
19,4,0.001,13,0,51,51,0.000396729,13,0.000396729,0.00155519,0,0,0,iter,0,1,rootk,1,dynamic
19,4,0.001,13,1,0,0,0,0,0,0,0,0,0,iter,0,1,k1,1,dynamic
19,4,0.001,13,1,0,0,0,0,0,0,0,0,0,iter,0,1,optk,1,dynamic
19,4,0.001,13,1,0,0,0,0,0,0,0,0,0,iter,0,1,rootk,1,dynamic
19,4,0.001,14,0,2292,2292,0.0158081,518,0.0158081,0.0675561,0,0,0,iter,0,1,k1,1,dynamic
19,4,0.001,14,0,2292,2292,0.0159302,522,0.0159302,0.0675561,0,0,0,iter,0,1,rootk,1,dynamic
19,4,0.001,14,0,2292,2292,0.0159607,523,0.0159607,0.0675561,0,0,0,iter,0,1,optk,1,dynamic
19,4,0.001,14,1,287,287,0.00537109,176,0.00537109,0.0087203,0,240,240,iter,0,1,optk,1,dynamic
19,4,0.001,14,1,304,304,0.00610352,200,0.00610352,0.00923444,0,263,263,iter,0,1,k1,1,dynamic
19,4,0.001,14,1,307,307,0.00585938,192,0.00585938,0.00932515,0,271,271,iter,0,1,rootk,1,dynamic
19,4,0.001,15,0,122412,122412,0.608826,19950,0.608826,0.976144,0,0,0,iter,0,1,rootk,1,dynamic
19,4,0.001,15,0,122412,122412,0.609772,19981,0.609772,0.976144,0,0,0,iter,0,1,k1,1,dynamic
19,4,0.001,15,0,122412,122412,0.613586,20106,0.613586,0.976144,0,0,0,iter,0,1,optk,1,dynamic
19,4,0.001,15,0,13492,13492,0.100281,3286,0.100281,0.337506,3507,1,3508,type,0,8,rootk,1,dynamic
19,4,0.001,15,0,13529,13529,0.100311,3287,0.100311,0.338253,3516,1,3517,type,0,8,optk,1,dynamic
19,4,0.001,15,0,13641,13641,0.101013,3310,0.101013,0.340511,3524,1,3525,type,0,8,k1,1,dynamic
19,4,0.001,15,1,173096,173096,0.904236,29630,0.904236,0.99492,0,0,0,iter,0,1,k1,1,dynamic
19,4,0.001,15,1,173660,173660,0.904144,29627,0.904144,0.995007,0,0,0,iter,0,1,rootk,1,dynamic
19,4,0.001,15,1,175637,175637,0.907257,29729,0.907257,0.995299,0,0,0,iter,0,1,optk,1,dynamic
19,45,0.01,10,0,0,0,0,0,0,0,0,0,0,iter,0,1,k1,1,dynamic
19,45,0.01,10,0,0,0,0,0,0,0,0,0,0,iter,0,1,optk,1,dynamic
19,45,0.01,10,0,0,0,0,0,0,0,0,0,0,iter,0,1,rootk,1,dynamic
19,45,0.01,11,0,0,0,0,0,0,0,0,0,0,iter,0,1,k1,1,dynamic
19,45,0.01,11,0,0,0,0,0,0,0,0,0,0,iter,0,1,optk,1,dynamic
19,45,0.01,11,0,0,0,0,0,0,0,0,0,0,iter,0,1,rootk,1,dynamic
19,45,0.01,12,0,0,0,0,0,0,0,0,0,0,iter,0,1,k1,1,dynamic
19,45,0.01,12,0,0,0,0,0,0,0,0,0,0,iter,0,1,optk,1,dynamic
19,45,0.01,12,0,0,0,0,0,0,0,0,0,0,iter,0,1,rootk,1,dynamic
19,45,0.01,13,0,51,51,3.52648e-05,13,3.52648e-05,0.000138337,0,0,0,iter,0,1,k1,1,dynamic
19,45,0.01,13,0,51,51,3.52648e-05,13,3.52648e-05,0.000138337,0,0,0,iter,0,1,optk,1,dynamic
19,45,0.01,13,0,51,51,3.52648e-05,13,3.52648e-05,0.000138337,0,0,0,iter,0,1,rootk,1,dynamic
19,45,0.01,13,1,0,0,0,0,0,0,0,0,0,iter,0,1,k1,1,dynamic
19,45,0.01,13,1,0,0,0,0,0,0,0,0,0,iter,0,1,optk,1,dynamic
19,45,0.01,13,1,0,0,0,0,0,0,0,0,0,iter,0,1,rootk,1,dynamic
19,45,0.01,14,0,2292,2292,0.00141873,523,0.00141873,0.00619816,0,0,0,iter,0,1,optk,1,dynamic
19,45,0.01,14,0,2292,2292,0.00142144,524,0.00142144,0.00619816,0,0,0,iter,0,1,k1,1,dynamic
19,45,0.01,14,0,2292,2292,0.00142144,524,0.00142144,0.00619816,0,0,0,iter,0,1,rootk,1,dynamic
19,45,0.01,14,1,20,20,3.79774e-05,14,3.79774e-05,5.4252e-05,0,14,14,iter,0,1,rootk,1,dynamic
19,45,0.01,14,1,39,39,5.69661e-05,21,5.69661e-05,0.000105789,0,23,23,iter,0,1,optk,1,dynamic
19,45,0.01,14,1,9,9,2.44141e-05,9,2.44141e-05,2.44138e-05,0,10,10,iter,0,1,k1,1,dynamic
19,45,0.01,15,0,122412,122412,0.0806451,29729,0.0806451,0.282558,0,0,0,iter,0,1,optk,1,dynamic
19,45,0.01,15,0,122412,122412,0.0806939,29747,0.0806939,0.282558,0,0,0,iter,0,1,k1,1,dynamic
19,45,0.01,15,0,122412,122412,0.0807346,29762,0.0807346,0.282558,0,0,0,iter,0,1,rootk,1,dynamic
19,45,0.01,15,1,22536,22536,0.0270752,9981,0.0270752,0.0593017,0,0,0,iter,0,1,k1,1,dynamic
19,45,0.01,15,1,23501,23501,0.0276123,10179,0.0276123,0.061761,0,0,0,iter,0,1,optk,1,dynamic
19,45,0.01,15,1,23639,23639,0.0273682,10089,0.0273682,0.0621121,0,0,0,iter,0,1,rootk,1,dynamic
19,45,0.01,15,2,3642,3642,0.00253364,934,0.00253364,0.00983091,1021,1,1022,iter,0,1,optk,1,dynamic
19,45,0.01,15,2,3664,3664,0.00252007,929,0.00252007,0.00989001,1009,1,1010,iter,0,1,rootk,1,dynamic
19,45,0.01,15,2,4097,4097,0.00247938,914,0.00247938,0.0110523,1008,1,1009,iter,0,1,k1,1,dynamic
19,449,0.1,10,0,0,0,0,0,0,0,0,0,0,iter,0,1,k1,1,dynamic
19,449,0.1,10,0,0,0,0,0,0,0,0,0,0,iter,0,1,optk,5,dynamic
19,449,0.1,10,0,0,0,0,0,0,0,0,0,0,iter,0,1,rootk,2,dynamic
19,449,0.1,11,0,0,0,0,0,0,0,0,0,0,iter,0,1,k1,1,dynamic
19,449,0.1,11,0,0,0,0,0,0,0,0,0,0,iter,0,1,optk,5,dynamic
19,449,0.1,11,0,0,0,0,0,0,0,0,0,0,iter,0,1,rootk,2,dynamic
19,449,0.1,12,0,0,0,0,0,0,0,0,0,0,iter,0,1,k1,1,dynamic
19,449,0.1,12,0,0,0,0,0,0,0,0,0,0,iter,0,1,optk,5,dynamic
19,449,0.1,12,0,0,0,0,0,0,0,0,0,0,iter,0,1,rootk,2,dynamic
19,449,0.1,13,0,51,51,1.7234e-24,65,1.76716e-05,6.93248e-05,0,0,0,iter,0,1,optk,5,dynamic
19,449,0.1,13,0,51,51,3.53433e-06,13,3.53433e-06,1.38654e-05,0,0,0,iter,0,1,k1,1,dynamic
19,449,0.1,13,0,51,51,4.99659e-11,26,7.06866e-06,2.77305e-05,0,0,0,iter,0,1,rootk,2,dynamic
19,449,0.1,13,1,0,0,0,0,0,0,0,0,0,iter,0,1,k1,1,dynamic
19,449,0.1,13,1,0,0,0,0,0,0,0,0,0,iter,0,1,optk,5,dynamic
19,449,0.1,13,1,0,0,0,0,0,0,0,0,0,iter,0,1,rootk,2,dynamic
19,449,0.1,14,0,2292,2292,0.000142461,524,0.000142461,0.000622935,0,0,0,iter,0,1,k1,1,dynamic
19,449,0.1,14,0,2292,2292,1.83019e-16,2619,0.000712032,0.0031108,0,0,0,iter,0,1,optk,5,dynamic
19,449,0.1,14,0,2292,2292,8.10253e-08,1047,0.000284649,0.00124548,0,0,0,iter,0,1,rootk,2,dynamic
19,449,0.1,14,1,0,0,0,0,0,0,0,0,0,iter,0,1,optk,5,dynamic
19,449,0.1,14,1,0,0,0,0,0,0,0,0,0,iter,0,1,rootk,2,dynamic
19,449,0.1,14,1,1,1,2.71872e-07,1,2.71872e-07,2.71871e-07,0,1,1,iter,0,1,k1,1,dynamic
19,449,0.1,15,0,122412,122412,0.000279944,61542,0.0167315,0.0643939,0,0,0,iter,0,1,rootk,2,dynamic
19,449,0.1,15,0,122412,122412,0.00840137,30902,0.00840137,0.0327326,0,0,0,iter,0,1,k1,1,dynamic
19,449,0.1,15,0,122412,122412,1.20407e-07,151973,0.0413171,0.153294,0,0,0,iter,0,1,optk,5,dynamic
19,449,0.1,15,1,168,168,1.79877e-09,156,4.2412e-05,9.13447e-05,1,78,79,iter,0,1,rootk,2,dynamic
19,449,0.1,15,1,2454,2454,0.00029634,1090,0.00029634,0.00066695,1,1113,1114,iter,0,1,k1,1,dynamic
19,449,0.1,15,1,74,74,7.65477e-22,220,5.98117e-05,0.000100587,1,44,45,iter,0,1,optk,5,dynamic
19,2243,0.5,10,0,0,0,0,0,0,0,0,0,0,iter,0,1,k1,1,dynamic
19,2243,0.5,10,0,0,0,0,0,0,0,0,0,0,iter,0,1,optk,23,dynamic
19,2243,0.5,10,0,0,0,0,0,0,0,0,0,0,iter,0,1,rootk,5,dynamic
19,2243,0.5,11,0,0,0,0,0,0,0,0,0,0,iter,0,1,k1,1,dynamic
19,2243,0.5,11,0,0,0,0,0,0,0,0,0,0,iter,0,1,optk,23,dynamic
19,2243,0.5,11,0,0,0,0,0,0,0,0,0,0,iter,0,1,rootk,5,dynamic
19,2243,0.5,12,0,0,0,0,0,0,0,0,0,0,iter,0,1,k1,1,dynamic
19,2243,0.5,12,0,0,0,0,0,0,0,0,0,0,iter,0,1,optk,23,dynamic
19,2243,0.5,12,0,0,0,0,0,0,0,0,0,0,iter,0,1,rootk,5,dynamic
19,2243,0.5,13,0,51,51,5.5395e-28,65,3.53748e-06,1.38777e-05,0,0,0,iter,0,1,rootk,5,dynamic
19,2243,0.5,13,0,51,51,7.07496e-07,13,7.07496e-07,2.77556e-06,0,0,0,iter,0,1,k1,1,dynamic
19,2243,0.5,13,0,51,51,7.30122e-111,299,1.62724e-05,6.38359e-05,0,0,0,iter,0,1,optk,23,dynamic
19,2243,0.5,13,1,0,0,0,0,0,0,0,0,0,iter,0,1,k1,1,dynamic
19,2243,0.5,13,1,0,0,0,0,0,0,0,0,0,iter,0,1,optk,23,dynamic
19,2243,0.5,13,1,0,0,0,0,0,0,0,0,0,iter,0,1,rootk,5,dynamic
19,2243,0.5,14,0,2292,2292,2.85175e-05,524,2.85175e-05,0.000124729,0,0,0,iter,0,1,k1,1,dynamic
19,2243,0.5,14,0,2292,2292,5.894e-20,2620,0.000142588,0.000623491,0,0,0,iter,0,1,rootk,5,dynamic
19,2243,0.5,14,0,2292,2292,6.08138e-74,12048,0.000655686,0.00286484,0,0,0,iter,0,1,optk,23,dynamic
19,2243,0.5,14,1,0,0,0,0,0,0,0,0,0,iter,0,1,k1,1,dynamic
19,2243,0.5,14,1,0,0,0,0,0,0,0,0,0,iter,0,1,optk,23,dynamic
19,2243,0.5,14,1,0,0,0,0,0,0,0,0,0,iter,0,1,rootk,5,dynamic
19,2243,0.5,15,0,122412,122412,0.00168743,31006,0.00168743,0.00663986,0,0,0,iter,0,1,k1,1,dynamic
19,2243,0.5,15,0,122412,122412,2.28155e-33,699861,0.0380884,0.142064,0,0,0,iter,0,1,optk,23,dynamic
19,2243,0.5,15,0,122412,122412,4.20818e-11,154539,0.00841044,0.0327613,0,0,0,iter,0,1,rootk,5,dynamic
19,2243,0.5,15,1,585,585,1.47486e-05,271,1.47486e-05,3.18368e-05,1,273,274,iter,0,1,k1,1,dynamic
19,2243,0.5,15,1,74,74,1.10182e-98,1012,5.50759e-05,9.26233e-05,1,44,45,iter,0,1,optk,23,dynamic
19,2243,0.5,15,1,74,74,2.46047e-25,220,1.1973e-05,2.01362e-05,1,44,45,iter,0,1,rootk,5,dynamic
20,11,0.001,11,0,0,0,0,0,0,0,0,0,0,iter,0,1,k1,1,dynamic
20,11,0.001,11,0,0,0,0,0,0,0,0,0,0,iter,0,1,optk,1,dynamic
20,11,0.001,11,0,0,0,0,0,0,0,0,0,0,iter,0,1,rootk,1,dynamic
20,11,0.001,12,0,0,0,0,0,0,0,0,0,0,iter,0,1,k1,1,dynamic
20,11,0.001,12,0,0,0,0,0,0,0,0,0,0,iter,0,1,optk,1,dynamic
20,11,0.001,12,0,0,0,0,0,0,0,0,0,0,iter,0,1,rootk,1,dynamic
20,11,0.001,13,0,4,4,1.10973e-05,1,1.10973e-05,4.43882e-05,0,0,0,iter,0,1,k1,1,dynamic
20,11,0.001,13,0,4,4,1.10973e-05,1,1.10973e-05,4.43882e-05,0,0,0,iter,0,1,optk,1,dynamic
20,11,0.001,13,0,4,4,1.10973e-05,1,1.10973e-05,4.43882e-05,0,0,0,iter,0,1,rootk,1,dynamic
20,11,0.001,13,1,0,0,0,0,0,0,0,0,0,iter,0,1,k1,1,dynamic
20,11,0.001,13,1,0,0,0,0,0,0,0,0,0,iter,0,1,optk,1,dynamic
20,11,0.001,13,1,0,0,0,0,0,0,0,0,0,iter,0,1,rootk,1,dynamic
20,11,0.001,14,0,1169,1169,0.010609,956,0.010609,0.012889,0,0,0,iter,0,1,k1,1,dynamic
20,11,0.001,14,0,1169,1169,0.010609,956,0.010609,0.012889,0,0,0,iter,0,1,optk,1,dynamic
20,11,0.001,14,0,1169,1169,0.0106201,957,0.0106201,0.012889,0,0,0,iter,0,1,rootk,1,dynamic
20,11,0.001,14,1,0,0,0,0,0,0,0,0,0,iter,0,1,rootk,1,dynamic
20,11,0.001,14,1,1,1,1.10973e-05,1,1.10973e-05,1.10972e-05,0,1,1,iter,0,1,k1,1,dynamic
20,11,0.001,14,1,4,4,1.10973e-05,1,1.10973e-05,4.43882e-05,0,1,1,iter,0,1,optk,1,dynamic
20,11,0.001,15,0,41056,41056,0.279153,25155,0.279153,0.365939,0,0,0,iter,0,1,k1,1,dynamic
20,11,0.001,15,0,41056,41056,0.279985,25230,0.279985,0.365939,0,0,0,iter,0,1,optk,1,dynamic
20,11,0.001,15,0,41056,41056,0.281017,25323,0.281017,0.365939,0,0,0,iter,0,1,rootk,1,dynamic
20,11,0.001,15,1,1032,1032,0.0049494,446,0.0049494,0.0113871,0,450,450,iter,0,1,k1,1,dynamic
20,11,0.001,15,1,1165,1165,0.00497159,448,0.00497159,0.0128451,0,453,453,iter,0,1,rootk,1,dynamic
20,11,0.001,15,1,966,966,0.00474964,428,0.00474964,0.0106627,0,432,432,iter,0,1,optk,1,dynamic
20,11,0.001,16,0,18216,18216,0.127852,11521,0.127852,0.183026,17624,1,17625,type,0,7,rootk,1,dynamic
20,11,0.001,16,0,18223,18223,0.127619,11500,0.127619,0.18309,17752,1,17753,type,0,7,k1,1,dynamic
20,11,0.001,16,0,18224,18224,0.127275,11469,0.127275,0.183099,17547,1,17548,type,0,7,optk,1,dynamic
20,11,0.001,16,0,561252,561252,0.984497,88715,0.984497,0.998027,0,0,0,iter,0,1,k1,1,dynamic
20,11,0.001,16,0,561252,561252,0.984719,88735,0.984719,0.998027,0,0,0,iter,0,1,optk,1,dynamic
20,11,0.001,16,0,561252,561252,0.984996,88760,0.984996,0.998027,0,0,0,iter,0,1,rootk,1,dynamic
20,11,0.001,16,1,96761,96761,0.226252,20388,0.226252,0.658288,0,0,0,iter,0,1,optk,1,dynamic
20,11,0.001,16,1,96793,96793,0.226707,20429,0.226707,0.658409,0,0,0,iter,0,1,rootk,1,dynamic
20,11,0.001,16,1,97144,97144,0.22553,20323,0.22553,0.659737,0,0,0,iter,0,1,k1,1,dynamic
20,113,0.01,11,0,0,0,0,0,0,0,0,0,0,iter,0,1,k1,1,dynamic
20,113,0.01,11,0,0,0,0,0,0,0,0,0,0,iter,0,1,optk,1,dynamic
20,113,0.01,11,0,0,0,0,0,0,0,0,0,0,iter,0,1,rootk,1,dynamic
20,113,0.01,12,0,0,0,0,0,0,0,0,0,0,iter,0,1,k1,1,dynamic
20,113,0.01,12,0,0,0,0,0,0,0,0,0,0,iter,0,1,optk,1,dynamic
20,113,0.01,12,0,0,0,0,0,0,0,0,0,0,iter,0,1,rootk,1,dynamic
20,113,0.01,13,0,4,4,1.08027e-06,1,1.08027e-06,4.32106e-06,0,0,0,iter,0,1,k1,1,dynamic
20,113,0.01,13,0,4,4,1.08027e-06,1,1.08027e-06,4.32106e-06,0,0,0,iter,0,1,optk,1,dynamic
20,113,0.01,13,0,4,4,1.08027e-06,1,1.08027e-06,4.32106e-06,0,0,0,iter,0,1,rootk,1,dynamic
20,113,0.01,13,1,0,0,0,0,0,0,0,0,0,iter,0,1,k1,1,dynamic
20,113,0.01,13,1,0,0,0,0,0,0,0,0,0,iter,0,1,optk,1,dynamic
20,113,0.01,13,1,0,0,0,0,0,0,0,0,0,iter,0,1,rootk,1,dynamic
20,113,0.01,14,0,1169,1169,0.00103706,960,0.00103706,0.00126204,0,0,0,iter,0,1,k1,1,dynamic
20,113,0.01,14,0,1169,1169,0.00103706,960,0.00103706,0.00126204,0,0,0,iter,0,1,optk,1,dynamic
20,113,0.01,14,0,1169,1169,0.00103814,961,0.00103814,0.00126204,0,0,0,iter,0,1,rootk,1,dynamic
20,113,0.01,14,1,0,0,0,0,0,0,0,0,0,iter,0,1,k1,1,dynamic
20,113,0.01,14,1,0,0,0,0,0,0,0,0,0,iter,0,1,optk,1,dynamic
20,113,0.01,14,1,0,0,0,0,0,0,0,0,0,iter,0,1,rootk,1,dynamic
20,113,0.01,15,0,41056,41056,0.0314261,29091,0.0314261,0.0433823,0,0,0,iter,0,1,optk,1,dynamic
20,113,0.01,15,0,41056,41056,0.0314617,29124,0.0314617,0.0433823,0,0,0,iter,0,1,rootk,1,dynamic
20,113,0.01,15,0,41056,41056,0.0315006,29160,0.0315006,0.0433823,0,0,0,iter,0,1,k1,1,dynamic
20,113,0.01,15,1,115,115,5.18529e-05,48,5.18529e-05,0.000124223,0,48,48,iter,0,1,rootk,1,dynamic
20,113,0.01,15,1,126,126,5.94148e-05,55,5.94148e-05,0.000136105,0,55,55,iter,0,1,optk,1,dynamic
20,113,0.01,15,1,84,84,4.10502e-05,38,4.10502e-05,9.07384e-05,0,38,38,iter,0,1,k1,1,dynamic
20,113,0.01,16,0,561252,561252,0.335459,310533,0.335459,0.454636,0,0,0,iter,0,1,k1,1,dynamic
20,113,0.01,16,0,561252,561252,0.335541,310609,0.335541,0.454636,0,0,0,iter,0,1,optk,1,dynamic
20,113,0.01,16,0,561252,561252,0.336138,311162,0.336138,0.454636,0,0,0,iter,0,1,rootk,1,dynamic
20,113,0.01,16,1,33227,33227,0.00884524,8188,0.00884524,0.0352575,0,0,0,iter,0,1,k1,1,dynamic
20,113,0.01,16,1,34606,34606,0.00880311,8149,0.00880311,0.0366936,0,0,0,iter,0,1,rootk,1,dynamic
20,113,0.01,16,1,35143,35143,0.00880743,8153,0.00880743,0.0372523,0,0,0,iter,0,1,optk,1,dynamic
20,113,0.01,16,2,5366,5366,0.0040402,3740,0.0040402,0.00577995,5291,1,5292,iter,0,1,optk,1,dynamic
20,113,0.01,16,2,5487,5487,0.00417308,3863,0.00417308,0.0059099,5436,1,5437,iter,0,1,k1,1,dynamic
20,113,0.01,16,2,5595,5595,0.0041007,3796,0.0041007,0.00602587,5364,1,5365,iter,0,1,rootk,1,dynamic
20,1127,0.1,11,0,0,0,0,0,0,0,0,0,0,iter,0,1,k1,1,dynamic
20,1127,0.1,11,0,0,0,0,0,0,0,0,0,0,iter,0,1,optk,4,dynamic
20,1127,0.1,11,0,0,0,0,0,0,0,0,0,0,iter,0,1,rootk,2,dynamic
20,1127,0.1,12,0,0,0,0,0,0,0,0,0,0,iter,0,1,k1,1,dynamic
20,1127,0.1,12,0,0,0,0,0,0,0,0,0,0,iter,0,1,optk,4,dynamic
20,1127,0.1,12,0,0,0,0,0,0,0,0,0,0,iter,0,1,rootk,2,dynamic
20,1127,0.1,13,0,4,4,1.08314e-07,1,1.08314e-07,4.33257e-07,0,0,0,iter,0,1,k1,1,dynamic
20,1127,0.1,13,0,4,4,3.52358e-26,4,4.33258e-07,1.73303e-06,0,0,0,iter,0,1,optk,4,dynamic
20,1127,0.1,13,0,4,4,4.6928e-14,2,2.16629e-07,8.66515e-07,0,0,0,iter,0,1,rootk,2,dynamic
20,1127,0.1,13,1,0,0,0,0,0,0,0,0,0,iter,0,1,k1,1,dynamic
20,1127,0.1,13,1,0,0,0,0,0,0,0,0,0,iter,0,1,optk,4,dynamic
20,1127,0.1,13,1,0,0,0,0,0,0,0,0,0,iter,0,1,rootk,2,dynamic
20,1127,0.1,14,0,1169,1169,0.00010409,961,0.00010409,0.000126612,0,0,0,iter,0,1,k1,1,dynamic
20,1127,0.1,14,0,1169,1169,3.00523e-14,3844,0.00041636,0.00050635,0,0,0,iter,0,1,optk,4,dynamic
20,1127,0.1,14,0,1169,1169,4.3339e-08,1922,0.00020818,0.000253207,0,0,0,iter,0,1,rootk,2,dynamic
20,1127,0.1,14,1,0,0,0,0,0,0,0,0,0,iter,0,1,k1,1,dynamic
20,1127,0.1,14,1,0,0,0,0,0,0,0,0,0,iter,0,1,optk,4,dynamic
20,1127,0.1,14,1,0,0,0,0,0,0,0,0,0,iter,0,1,rootk,2,dynamic
20,1127,0.1,15,0,41056,41056,0.00319972,29541,0.00319972,0.00443708,0,0,0,iter,0,1,k1,1,dynamic
20,1127,0.1,15,0,41056,41056,2.63674e-08,117647,0.0127429,0.0176306,0,0,0,iter,0,1,optk,4,dynamic
20,1127,0.1,15,0,41056,41056,4.08419e-05,59002,0.00639077,0.00885448,0,0,0,iter,0,1,rootk,2,dynamic
20,1127,0.1,15,1,0,0,0,0,0,0,0,0,0,iter,0,1,optk,4,dynamic
20,1127,0.1,15,1,0,0,0,0,0,0,0,0,0,iter,0,1,rootk,2,dynamic
20,1127,0.1,15,1,4,4,3.24943e-07,3,3.24943e-07,4.33257e-07,0,3,3,iter,0,1,k1,1,dynamic
20,1127,0.1,16,0,561252,561252,0.000524875,1397423,0.151361,0.215859,0,0,0,iter,0,1,optk,4,dynamic
20,1127,0.1,16,0,561252,561252,0.00620207,727080,0.0787532,0.114483,0,0,0,iter,0,1,rootk,2,dynamic
20,1127,0.1,16,0,561252,561252,0.0401703,370868,0.0401703,0.0589807,0,0,0,iter,0,1,k1,1,dynamic
20,1127,0.1,16,1,1301,1301,1.49276e-08,1128,0.000122179,0.000281794,1,564,565,iter,0,1,rootk,2,dynamic
20,1127,0.1,16,1,4371,4371,0.000142108,1312,0.000142108,0.00047333,1,1316,1317,iter,0,1,k1,1,dynamic
20,1127,0.1,16,1,880,880,1.3942e-15,1784,0.000193233,0.000381194,1,446,447,iter,0,1,optk,4,dynamic
20,5637,0.5,11,0,0,0,0,0,0,0,0,0,0,iter,0,1,k1,1,dynamic
20,5637,0.5,11,0,0,0,0,0,0,0,0,0,0,iter,0,1,optk,20,dynamic
20,5637,0.5,11,0,0,0,0,0,0,0,0,0,0,iter,0,1,rootk,4,dynamic
20,5637,0.5,12,0,0,0,0,0,0,0,0,0,0,iter,0,1,k1,1,dynamic
20,5637,0.5,12,0,0,0,0,0,0,0,0,0,0,iter,0,1,optk,20,dynamic
20,5637,0.5,12,0,0,0,0,0,0,0,0,0,0,iter,0,1,rootk,4,dynamic
20,5637,0.5,13,0,4,4,2.16552e-08,1,2.16552e-08,8.66208e-08,0,0,0,iter,0,1,k1,1,dynamic
20,5637,0.5,13,0,4,4,5.39312e-128,20,4.33104e-07,1.73241e-06,0,0,0,iter,0,1,optk,20,dynamic
20,5637,0.5,13,0,4,4,5.62974e-29,4,8.66208e-08,3.46483e-07,0,0,0,iter,0,1,rootk,4,dynamic
20,5637,0.5,13,1,0,0,0,0,0,0,0,0,0,iter,0,1,k1,1,dynamic
20,5637,0.5,13,1,0,0,0,0,0,0,0,0,0,iter,0,1,optk,20,dynamic
20,5637,0.5,13,1,0,0,0,0,0,0,0,0,0,iter,0,1,rootk,4,dynamic
20,5637,0.5,14,0,1169,1169,2.08106e-05,961,2.08106e-05,2.53146e-05,0,0,0,iter,0,1,k1,1,dynamic
20,5637,0.5,14,0,1169,1169,2.42634e-68,19217,0.000416148,0.00050617,0,0,0,iter,0,1,optk,20,dynamic
20,5637,0.5,14,0,1169,1169,4.80155e-17,3844,8.32426e-05,0.000101255,0,0,0,iter,0,1,rootk,4,dynamic
20,5637,0.5,14,1,0,0,0,0,0,0,0,0,0,iter,0,1,k1,1,dynamic
20,5637,0.5,14,1,0,0,0,0,0,0,0,0,0,iter,0,1,optk,20,dynamic
20,5637,0.5,14,1,0,0,0,0,0,0,0,0,0,iter,0,1,rootk,4,dynamic
20,5637,0.5,15,0,41056,41056,0.000640647,29584,0.000640647,0.00088868,0,0,0,iter,0,1,k1,1,dynamic
20,5637,0.5,15,0,41056,41056,1.25905e-38,588085,0.0127351,0.0176244,0,0,0,iter,0,1,optk,20,dynamic
20,5637,0.5,15,0,41056,41056,4.29824e-11,118239,0.00256049,0.00354999,0,0,0,iter,0,1,rootk,4,dynamic
20,5637,0.5,15,1,0,0,0,0,0,0,0,0,0,iter,0,1,k1,1,dynamic
20,5637,0.5,15,1,0,0,0,0,0,0,0,0,0,iter,0,1,optk,20,dynamic
20,5637,0.5,15,1,0,0,0,0,0,0,0,0,0,iter,0,1,rootk,4,dynamic
20,5637,0.5,16,0,561252,561252,0.00816554,377071,0.00816554,0.0120805,0,0,0,iter,0,1,k1,1,dynamic
20,5637,0.5,16,0,561252,561252,1.08419e-06,1490095,0.0322683,0.0474532,0,0,0,iter,0,1,rootk,4,dynamic
20,5637,0.5,16,0,561252,561252,3.93839e-17,6985603,0.151275,0.215792,0,0,0,iter,0,1,optk,20,dynamic
20,5637,0.5,16,1,1625,1625,1.35995e-05,628,1.35995e-05,3.51891e-05,1,629,630,iter,0,1,k1,1,dynamic
20,5637,0.5,16,1,848,848,2.03439e-18,1744,3.77667e-05,7.34517e-05,1,436,437,iter,0,1,rootk,4,dynamic
20,5637,0.5,16,1,848,848,3.31569e-75,8719,0.000188812,0.000367205,1,436,437,iter,0,1,optk,20,dynamic
21,8,0.001,11,0,0,0,0,0,0,0,0,0,0,iter,0,1,k1,1,dynamic
21,8,0.001,11,0,0,0,0,0,0,0,0,0,0,iter,0,1,optk,1,dynamic
21,8,0.001,11,0,0,0,0,0,0,0,0,0,0,iter,0,1,rootk,1,dynamic
21,8,0.001,12,0,0,0,0,0,0,0,0,0,0,iter,0,1,k1,1,dynamic
21,8,0.001,12,0,0,0,0,0,0,0,0,0,0,iter,0,1,optk,1,dynamic
21,8,0.001,12,0,0,0,0,0,0,0,0,0,0,iter,0,1,rootk,1,dynamic
21,8,0.001,13,0,0,0,0,0,0,0,0,0,0,iter,0,1,k1,1,dynamic
21,8,0.001,13,0,0,0,0,0,0,0,0,0,0,iter,0,1,optk,1,dynamic
21,8,0.001,13,0,0,0,0,0,0,0,0,0,0,iter,0,1,rootk,1,dynamic
21,8,0.001,14,0,186,186,0.00175476,115,0.00175476,0.00283411,0,0,0,iter,0,1,k1,1,dynamic
21,8,0.001,14,0,186,186,0.00175476,115,0.00175476,0.00283411,0,0,0,iter,0,1,optk,1,dynamic
21,8,0.001,14,0,186,186,0.00175476,115,0.00175476,0.00283411,0,0,0,iter,0,1,rootk,1,dynamic
21,8,0.001,14,1,0,0,0,0,0,0,0,0,0,iter,0,1,optk,1,dynamic
21,8,0.001,14,1,0,0,0,0,0,0,0,0,0,iter,0,1,rootk,1,dynamic
21,8,0.001,14,1,1,1,1.52588e-05,1,1.52588e-05,1.52587e-05,0,1,1,iter,0,1,k1,1,dynamic
21,8,0.001,15,0,1587,1587,0.0085907,563,0.0085907,0.0239249,0,0,0,iter,0,1,k1,1,dynamic
21,8,0.001,15,0,1587,1587,0.0085907,563,0.0085907,0.0239249,0,0,0,iter,0,1,optk,1,dynamic
21,8,0.001,15,0,1587,1587,0.0085907,563,0.0085907,0.0239249,0,0,0,iter,0,1,rootk,1,dynamic
21,8,0.001,15,1,240,240,0.00267029,175,0.00267029,0.00365541,0,229,229,iter,0,1,rootk,1,dynamic
21,8,0.001,15,1,269,269,0.00292969,192,0.00292969,0.0040962,0,252,252,iter,0,1,k1,1,dynamic
21,8,0.001,15,1,316,316,0.00308228,202,0.00308228,0.00481017,0,276,276,iter,0,1,optk,1,dynamic
21,8,0.001,16,0,133876,133876,0.420288,27544,0.420288,0.870333,0,0,0,iter,0,1,rootk,1,dynamic
21,8,0.001,16,0,133876,133876,0.420822,27579,0.420822,0.870333,0,0,0,iter,0,1,optk,1,dynamic
21,8,0.001,16,0,133876,133876,0.422394,27682,0.422394,0.870333,0,0,0,iter,0,1,k1,1,dynamic
21,8,0.001,16,0,15247,15247,0.0595398,3902,0.0595398,0.20757,4094,0,4094,type,0,7,rootk,1,dynamic
21,8,0.001,16,0,15388,15388,0.0593262,3888,0.0593262,0.209273,4065,0,4065,type,0,7,k1,1,dynamic
21,8,0.001,16,0,15657,15657,0.0586853,3846,0.0586853,0.212512,4027,0,4027,type,0,7,optk,1,dynamic
21,8,0.001,16,1,13924,13924,0.0606079,3972,0.0606079,0.19141,4156,1,4157,type,1,7,rootk,1,dynamic
21,8,0.001,16,1,14592,14592,0.0602875,3951,0.0602875,0.19961,4149,1,4150,type,1,7,k1,1,dynamic
21,8,0.001,16,1,14641,14641,0.0612793,4016,0.0612793,0.200208,4206,1,4207,type,1,7,optk,1,dynamic
21,8,0.001,16,1,195549,195549,0.79216,51915,0.79216,0.949402,0,0,0,iter,0,1,rootk,1,dynamic
21,8,0.001,16,1,195788,195788,0.792343,51927,0.792343,0.949586,0,0,0,iter,0,1,optk,1,dynamic
21,8,0.001,16,1,196601,196601,0.795349,52124,0.795349,0.950208,0,0,0,iter,0,1,k1,1,dynamic
21,81,0.01,11,0,0,0,0,0,0,0,0,0,0,iter,0,1,k1,1,dynamic
21,81,0.01,11,0,0,0,0,0,0,0,0,0,0,iter,0,1,optk,1,dynamic
21,81,0.01,11,0,0,0,0,0,0,0,0,0,0,iter,0,1,rootk,1,dynamic
21,81,0.01,12,0,0,0,0,0,0,0,0,0,0,iter,0,1,k1,1,dynamic
21,81,0.01,12,0,0,0,0,0,0,0,0,0,0,iter,0,1,optk,1,dynamic
21,81,0.01,12,0,0,0,0,0,0,0,0,0,0,iter,0,1,rootk,1,dynamic
21,81,0.01,13,0,0,0,0,0,0,0,0,0,0,iter,0,1,k1,1,dynamic
21,81,0.01,13,0,0,0,0,0,0,0,0,0,0,iter,0,1,optk,1,dynamic
21,81,0.01,13,0,0,0,0,0,0,0,0,0,0,iter,0,1,rootk,1,dynamic
21,81,0.01,14,0,186,186,0.00017331,115,0.00017331,0.00028027,0,0,0,iter,0,1,k1,1,dynamic
21,81,0.01,14,0,186,186,0.00017331,115,0.00017331,0.00028027,0,0,0,iter,0,1,optk,1,dynamic
21,81,0.01,14,0,186,186,0.00017331,115,0.00017331,0.00028027,0,0,0,iter,0,1,rootk,1,dynamic
21,81,0.01,14,1,0,0,0,0,0,0,0,0,0,iter,0,1,k1,1,dynamic
21,81,0.01,14,1,0,0,0,0,0,0,0,0,0,iter,0,1,optk,1,dynamic
21,81,0.01,14,1,0,0,0,0,0,0,0,0,0,iter,0,1,rootk,1,dynamic
21,81,0.01,15,0,1587,1587,0.000848464,563,0.000848464,0.00238882,0,0,0,iter,0,1,optk,1,dynamic
21,81,0.01,15,0,1587,1587,0.000851478,565,0.000851478,0.00238882,0,0,0,iter,0,1,k1,1,dynamic
21,81,0.01,15,0,1587,1587,0.000851478,565,0.000851478,0.00238882,0,0,0,iter,0,1,rootk,1,dynamic
21,81,0.01,15,1,20,20,2.56197e-05,17,2.56197e-05,3.01404e-05,0,18,18,iter,0,1,k1,1,dynamic
21,81,0.01,15,1,21,21,2.26056e-05,15,2.26056e-05,3.16474e-05,0,15,15,iter,0,1,rootk,1,dynamic
21,81,0.01,15,1,40,40,3.16479e-05,21,3.16479e-05,6.02798e-05,0,22,22,iter,0,1,optk,1,dynamic
21,81,0.01,16,0,133876,133876,0.0524812,34824,0.0524812,0.182706,0,0,0,iter,0,1,optk,1,dynamic
21,81,0.01,16,0,133876,133876,0.0524993,34836,0.0524993,0.182706,0,0,0,iter,0,1,rootk,1,dynamic
21,81,0.01,16,0,133876,133876,0.0525505,34870,0.0525505,0.182706,0,0,0,iter,0,1,k1,1,dynamic
21,81,0.01,16,1,24207,24207,0.0190791,12660,0.0190791,0.0358235,0,0,0,iter,0,1,optk,1,dynamic
21,81,0.01,16,1,24485,24485,0.0190716,12655,0.0190716,0.0362274,0,0,0,iter,0,1,rootk,1,dynamic
21,81,0.01,16,1,24586,24586,0.0189721,12589,0.0189721,0.0363741,0,0,0,iter,0,1,k1,1,dynamic
21,81,0.01,16,2,1999,1999,0.00102177,678,0.00102177,0.00300804,715,1,716,iter,0,1,rootk,1,dynamic
21,81,0.01,16,2,2434,2434,0.00101273,672,0.00101273,0.00366142,710,1,711,iter,0,1,k1,1,dynamic
21,81,0.01,16,2,3049,3049,0.00102027,677,0.00102027,0.00458443,711,1,712,iter,0,1,optk,1,dynamic
21,813,0.1,11,0,0,0,0,0,0,0,0,0,0,iter,0,1,k1,1,dynamic
21,813,0.1,11,0,0,0,0,0,0,0,0,0,0,iter,0,1,optk,4,dynamic
21,813,0.1,11,0,0,0,0,0,0,0,0,0,0,iter,0,1,rootk,2,dynamic
21,813,0.1,12,0,0,0,0,0,0,0,0,0,0,iter,0,1,k1,1,dynamic
21,813,0.1,12,0,0,0,0,0,0,0,0,0,0,iter,0,1,optk,4,dynamic
21,813,0.1,12,0,0,0,0,0,0,0,0,0,0,iter,0,1,rootk,2,dynamic
21,813,0.1,13,0,0,0,0,0,0,0,0,0,0,iter,0,1,k1,1,dynamic
21,813,0.1,13,0,0,0,0,0,0,0,0,0,0,iter,0,1,optk,4,dynamic
21,813,0.1,13,0,0,0,0,0,0,0,0,0,0,iter,0,1,rootk,2,dynamic
21,813,0.1,14,0,186,186,1.1926e-09,230,3.4534e-05,5.58535e-05,0,0,0,iter,0,1,rootk,2,dynamic
21,813,0.1,14,0,186,186,1.7267e-05,115,1.7267e-05,2.79271e-05,0,0,0,iter,0,1,k1,1,dynamic
21,813,0.1,14,0,186,186,2.27567e-17,460,6.90681e-05,0.000111704,0,0,0,iter,0,1,optk,4,dynamic
21,813,0.1,14,1,0,0,0,0,0,0,0,0,0,iter,0,1,k1,1,dynamic
21,813,0.1,14,1,0,0,0,0,0,0,0,0,0,iter,0,1,optk,4,dynamic
21,813,0.1,14,1,0,0,0,0,0,0,0,0,0,iter,0,1,rootk,2,dynamic
21,813,0.1,15,0,1587,1587,1.3259e-14,2260,0.000339334,0.000952685,0,0,0,iter,0,1,optk,4,dynamic
21,813,0.1,15,0,1587,1587,2.8787e-08,1130,0.000169667,0.000476456,0,0,0,iter,0,1,rootk,2,dynamic
21,813,0.1,15,0,1587,1587,8.48336e-05,565,8.48336e-05,0.000238256,0,0,0,iter,0,1,k1,1,dynamic
21,813,0.1,15,1,0,0,0,0,0,0,0,0,0,iter,0,1,optk,4,dynamic
21,813,0.1,15,1,0,0,0,0,0,0,0,0,0,iter,0,1,rootk,2,dynamic
21,813,0.1,15,1,1,1,1.50148e-07,1,1.50148e-07,1.50148e-07,0,1,1,iter,0,1,k1,1,dynamic
21,813,0.1,16,0,133876,133876,0.000114365,71224,0.0106941,0.039405,0,0,0,iter,0,1,rootk,2,dynamic
21,813,0.1,16,0,133876,133876,0.00536178,35710,0.00536178,0.0199005,0,0,0,iter,0,1,k1,1,dynamic
21,813,0.1,16,0,133876,133876,2.04832e-07,141687,0.021274,0.0772573,0,0,0,iter,0,1,optk,4,dynamic
21,813,0.1,16,1,2406,2406,0.000194742,1297,0.000194742,0.000361191,1,1341,1342,iter,0,1,k1,1,dynamic
21,813,0.1,16,1,3,3,1.05391e-23,12,1.80178e-06,1.80177e-06,1,3,4,iter,0,1,optk,4,dynamic
21,813,0.1,16,1,38,38,7.58394e-11,58,8.70858e-06,1.14112e-05,1,29,30,iter,0,1,rootk,2,dynamic
21,4067,0.5,11,0,0,0,0,0,0,0,0,0,0,iter,0,1,k1,1,dynamic
21,4067,0.5,11,0,0,0,0,0,0,0,0,0,0,iter,0,1,optk,22,dynamic
21,4067,0.5,11,0,0,0,0,0,0,0,0,0,0,iter,0,1,rootk,5,dynamic
21,4067,0.5,12,0,0,0,0,0,0,0,0,0,0,iter,0,1,k1,1,dynamic
21,4067,0.5,12,0,0,0,0,0,0,0,0,0,0,iter,0,1,optk,22,dynamic
21,4067,0.5,12,0,0,0,0,0,0,0,0,0,0,iter,0,1,rootk,5,dynamic
21,4067,0.5,13,0,0,0,0,0,0,0,0,0,0,iter,0,1,k1,1,dynamic
21,4067,0.5,13,0,0,0,0,0,0,0,0,0,0,iter,0,1,optk,22,dynamic
21,4067,0.5,13,0,0,0,0,0,0,0,0,0,0,iter,0,1,rootk,5,dynamic
21,4067,0.5,14,0,186,186,1.53115e-24,575,1.72585e-05,2.79134e-05,0,0,0,iter,0,1,rootk,5,dynamic
21,4067,0.5,14,0,186,186,2.34445e-91,2530,7.59375e-05,0.000122813,0,0,0,iter,0,1,optk,22,dynamic
21,4067,0.5,14,0,186,186,3.45171e-06,115,3.45171e-06,5.58274e-06,0,0,0,iter,0,1,k1,1,dynamic
21,4067,0.5,14,1,0,0,0,0,0,0,0,0,0,iter,0,1,k1,1,dynamic
21,4067,0.5,14,1,0,0,0,0,0,0,0,0,0,iter,0,1,optk,22,dynamic
21,4067,0.5,14,1,0,0,0,0,0,0,0,0,0,iter,0,1,rootk,5,dynamic
21,4067,0.5,15,0,1587,1587,1.69584e-05,565,1.69584e-05,4.76324e-05,0,0,0,iter,0,1,k1,1,dynamic
21,4067,0.5,15,0,1587,1587,3.79302e-76,12429,0.000373054,0.00104739,0,0,0,iter,0,1,optk,22,dynamic
21,4067,0.5,15,0,1587,1587,4.383e-21,2825,8.47919e-05,0.000238139,0,0,0,iter,0,1,rootk,5,dynamic
21,4067,0.5,15,1,0,0,0,0,0,0,0,0,0,iter,0,1,k1,1,dynamic
21,4067,0.5,15,1,0,0,0,0,0,0,0,0,0,iter,0,1,optk,22,dynamic
21,4067,0.5,15,1,0,0,0,0,0,0,0,0,0,iter,0,1,rootk,5,dynamic
21,4067,0.5,16,0,133876,133876,0.00107387,35778,0.00107387,0.0040102,0,0,0,iter,0,1,k1,1,dynamic
21,4067,0.5,16,0,133876,133876,1.27846e-36,778305,0.0233607,0.084607,0,0,0,iter,0,1,optk,22,dynamic
21,4067,0.5,16,0,133876,133876,4.41909e-12,178538,0.00535879,0.0198908,0,0,0,iter,0,1,rootk,5,dynamic
21,4067,0.5,16,1,3,3,1.84985e-32,15,4.50222e-07,4.50222e-07,1,3,4,iter,0,1,rootk,5,dynamic
21,4067,0.5,16,1,3,3,3.39904e-126,66,1.98098e-06,1.98098e-06,1,3,4,iter,0,1,optk,22,dynamic
21,4067,0.5,16,1,455,455,7.74383e-06,258,7.74383e-06,1.36567e-05,1,258,259,iter,0,1,k1,1,dynamic
22,1,0.001,10,0,0,0,0,0,0,0,0,0,0,iter,0,1,k1,1,dynamic
22,1,0.001,10,0,0,0,0,0,0,0,0,0,0,iter,0,1,optk,1,dynamic
22,1,0.001,10,0,0,0,0,0,0,0,0,0,0,iter,0,1,rootk,1,dynamic
22,1,0.001,11,0,0,0,0,0,0,0,0,0,0,iter,0,1,k1,1,dynamic
22,1,0.001,11,0,0,0,0,0,0,0,0,0,0,iter,0,1,optk,1,dynamic
22,1,0.001,11,0,0,0,0,0,0,0,0,0,0,iter,0,1,rootk,1,dynamic
22,1,0.001,12,0,0,0,0,0,0,0,0,0,0,iter,0,1,k1,1,dynamic
22,1,0.001,12,0,0,0,0,0,0,0,0,0,0,iter,0,1,optk,1,dynamic
22,1,0.001,12,0,0,0,0,0,0,0,0,0,0,iter,0,1,rootk,1,dynamic
22,1,0.001,13,0,27,27,0.00244141,20,0.00244141,0.00329047,0,0,0,iter,0,1,k1,1,dynamic
22,1,0.001,13,0,27,27,0.00244141,20,0.00244141,0.00329047,0,0,0,iter,0,1,optk,1,dynamic
22,1,0.001,13,0,27,27,0.00244141,20,0.00244141,0.00329047,0,0,0,iter,0,1,rootk,1,dynamic
22,1,0.001,13,1,0,0,0,0,0,0,0,0,0,iter,0,1,k1,1,dynamic
22,1,0.001,13,1,0,0,0,0,0,0,0,0,0,iter,0,1,rootk,1,dynamic
22,1,0.001,13,1,1,1,0.00012207,1,0.00012207,0.000122063,0,1,1,iter,0,1,optk,1,dynamic
22,1,0.001,14,0,3643,3643,0.234863,1924,0.234863,0.358985,0,0,0,iter,0,1,rootk,1,dynamic
22,1,0.001,14,0,3643,3643,0.235718,1931,0.235718,0.358985,0,0,0,iter,0,1,optk,1,dynamic
22,1,0.001,14,0,3643,3643,0.236084,1934,0.236084,0.358985,0,0,0,iter,0,1,k1,1,dynamic
22,1,0.001,14,1,1034,1034,0.0761719,624,0.0761719,0.11858,0,0,0,iter,0,1,k1,1,dynamic
22,1,0.001,14,1,1082,1082,0.0726318,595,0.0726318,0.123729,0,0,0,iter,0,1,rootk,1,dynamic
22,1,0.001,14,1,975,975,0.0703125,576,0.0703125,0.112209,0,0,0,iter,0,1,optk,1,dynamic
22,1,0.001,14,2,195,195,0.0163574,134,0.0163574,0.0235226,0,0,0,iter,0,1,optk,1,dynamic
22,1,0.001,14,2,254,254,0.0194092,159,0.0194092,0.0305301,0,0,0,iter,0,1,k1,1,dynamic
22,1,0.001,14,2,291,291,0.0197754,162,0.0197754,0.0348989,0,0,0,iter,0,1,rootk,1,dynamic
22,1,0.001,14,3,104,104,0.00622559,51,0.00622559,0.0126151,1,67,68,iter,0,1,k1,1,dynamic
22,1,0.001,14,3,65,65,0.00476074,39,0.00476074,0.00790317,1,51,52,iter,0,1,optk,1,dynamic
22,1,0.001,14,3,86,86,0.00683594,56,0.00683594,0.0104431,1,71,72,iter,0,1,rootk,1,dynamic
22,4,0.01,10,0,0,0,0,0,0,0,0,0,0,iter,0,1,k1,1,dynamic
22,4,0.01,10,0,0,0,0,0,0,0,0,0,0,iter,0,1,optk,1,dynamic
22,4,0.01,10,0,0,0,0,0,0,0,0,0,0,iter,0,1,rootk,1,dynamic
22,4,0.01,11,0,0,0,0,0,0,0,0,0,0,iter,0,1,k1,1,dynamic
22,4,0.01,11,0,0,0,0,0,0,0,0,0,0,iter,0,1,optk,1,dynamic
22,4,0.01,11,0,0,0,0,0,0,0,0,0,0,iter,0,1,rootk,1,dynamic
22,4,0.01,12,0,0,0,0,0,0,0,0,0,0,iter,0,1,k1,1,dynamic
22,4,0.01,12,0,0,0,0,0,0,0,0,0,0,iter,0,1,optk,1,dynamic
22,4,0.01,12,0,0,0,0,0,0,0,0,0,0,iter,0,1,rootk,1,dynamic
22,4,0.01,13,0,27,27,0.000610352,20,0.000610352,0.000823635,0,0,0,iter,0,1,k1,1,dynamic
22,4,0.01,13,0,27,27,0.000610352,20,0.000610352,0.000823635,0,0,0,iter,0,1,optk,1,dynamic
22,4,0.01,13,0,27,27,0.000610352,20,0.000610352,0.000823635,0,0,0,iter,0,1,rootk,1,dynamic
22,4,0.01,13,1,0,0,0,0,0,0,0,0,0,iter,0,1,k1,1,dynamic
22,4,0.01,13,1,0,0,0,0,0,0,0,0,0,iter,0,1,optk,1,dynamic
22,4,0.01,13,1,3,3,3.05176e-05,1,3.05176e-05,9.15485e-05,0,1,1,iter,0,1,rootk,1,dynamic
22,4,0.01,14,0,3643,3643,0.0648499,2125,0.0648499,0.105218,0,0,0,iter,0,1,optk,1,dynamic
22,4,0.01,14,0,3643,3643,0.0649109,2127,0.0649109,0.105218,0,0,0,iter,0,1,k1,1,dynamic
22,4,0.01,14,0,3643,3643,0.065155,2135,0.065155,0.105218,0,0,0,iter,0,1,rootk,1,dynamic
22,4,0.01,14,1,276,276,0.00552368,181,0.00552368,0.00838748,1,193,194,iter,0,1,rootk,1,dynamic
22,4,0.01,14,1,310,310,0.00582886,191,0.00582886,0.00941584,1,202,203,iter,0,1,k1,1,dynamic
22,4,0.01,14,1,378,378,0.0062561,205,0.0062561,0.0114694,1,220,221,iter,0,1,optk,1,dynamic
22,40,0.1,10,0,0,0,0,0,0,0,0,0,0,iter,0,1,k1,1,dynamic
22,40,0.1,10,0,0,0,0,0,0,0,0,0,0,iter,0,1,optk,4,dynamic
22,40,0.1,10,0,0,0,0,0,0,0,0,0,0,iter,0,1,rootk,2,dynamic
22,40,0.1,11,0,0,0,0,0,0,0,0,0,0,iter,0,1,k1,1,dynamic
22,40,0.1,11,0,0,0,0,0,0,0,0,0,0,iter,0,1,optk,4,dynamic
22,40,0.1,11,0,0,0,0,0,0,0,0,0,0,iter,0,1,rootk,2,dynamic
22,40,0.1,12,0,0,0,0,0,0,0,0,0,0,iter,0,1,k1,1,dynamic
22,40,0.1,12,0,0,0,0,0,0,0,0,0,0,iter,0,1,optk,4,dynamic
22,40,0.1,12,0,0,0,0,0,0,0,0,0,0,iter,0,1,rootk,2,dynamic
22,40,0.1,13,0,27,27,1.49012e-08,40,0.00012207,0.000164781,0,0,0,iter,0,1,rootk,2,dynamic
22,40,0.1,13,0,27,27,3.55271e-15,80,0.000244141,0.000329536,0,0,0,iter,0,1,optk,4,dynamic
22,40,0.1,13,0,27,27,6.10352e-05,20,6.10352e-05,8.23941e-05,0,0,0,iter,0,1,k1,1,dynamic
22,40,0.1,13,1,0,0,0,0,0,0,0,0,0,iter,0,1,k1,1,dynamic
22,40,0.1,13,1,0,0,0,0,0,0,0,0,0,iter,0,1,optk,4,dynamic
22,40,0.1,13,1,0,0,0,0,0,0,0,0,0,iter,0,1,rootk,2,dynamic
22,40,0.1,14,0,3643,3643,0.000178832,4382,0.0133728,0.0219897,0,0,0,iter,0,1,rootk,2,dynamic
22,40,0.1,14,0,3643,3643,0.00670471,2197,0.00670471,0.011056,0,0,0,iter,0,1,k1,1,dynamic
22,40,0.1,14,0,3643,3643,4.98969e-07,8709,0.0265778,0.0434959,0,0,0,iter,0,1,optk,4,dynamic
22,40,0.1,14,1,45,45,7.32422e-05,24,7.32422e-05,0.00013732,1,25,26,iter,0,1,k1,1,dynamic
22,40,0.1,14,1,5,5,5.68434e-18,16,4.88281e-05,6.10333e-05,1,4,5,iter,0,1,optk,4,dynamic
22,40,0.1,14,1,5,5,5.96046e-10,8,2.44141e-05,3.05171e-05,1,4,5,iter,0,1,rootk,2,dynamic
22,198,0.5,10,0,0,0,0,0,0,0,0,0,0,iter,0,1,k1,1,dynamic
22,198,0.5,10,0,0,0,0,0,0,0,0,0,0,iter,0,1,optk,22,dynamic
22,198,0.5,10,0,0,0,0,0,0,0,0,0,0,iter,0,1,rootk,5,dynamic
22,198,0.5,11,0,0,0,0,0,0,0,0,0,0,iter,0,1,k1,1,dynamic
22,198,0.5,11,0,0,0,0,0,0,0,0,0,0,iter,0,1,optk,22,dynamic
22,198,0.5,11,0,0,0,0,0,0,0,0,0,0,iter,0,1,rootk,5,dynamic
22,198,0.5,12,0,0,0,0,0,0,0,0,0,0,iter,0,1,k1,1,dynamic
22,198,0.5,12,0,0,0,0,0,0,0,0,0,0,iter,0,1,optk,22,dynamic
22,198,0.5,12,0,0,0,0,0,0,0,0,0,0,iter,0,1,rootk,5,dynamic
22,198,0.5,13,0,27,27,1.23303e-05,20,1.23303e-05,1.66458e-05,0,0,0,iter,0,1,k1,1,dynamic
22,198,0.5,13,0,27,27,3.42567e-79,440,0.000271267,0.000366144,0,0,0,iter,0,1,optk,22,dynamic
22,198,0.5,13,0,27,27,8.90685e-22,100,6.16517e-05,8.32263e-05,0,0,0,iter,0,1,rootk,5,dynamic
22,198,0.5,13,1,0,0,0,0,0,0,0,0,0,iter,0,1,k1,1,dynamic
22,198,0.5,13,1,0,0,0,0,0,0,0,0,0,iter,0,1,optk,22,dynamic
22,198,0.5,13,1,0,0,0,0,0,0,0,0,0,iter,0,1,rootk,5,dynamic
22,198,0.5,14,0,3643,3643,0.00135757,2202,0.00135757,0.00224345,0,0,0,iter,0,1,k1,1,dynamic
22,198,0.5,14,0,3643,3643,1.42535e-11,10986,0.00677305,0.011167,0,0,0,iter,0,1,rootk,5,dynamic
22,198,0.5,14,0,3643,3643,2.08835e-34,47768,0.0294498,0.0482105,0,0,0,iter,0,1,optk,22,dynamic
22,198,0.5,14,1,13,13,3.6991e-06,6,3.6991e-06,8.01469e-06,1,6,7,iter,0,1,k1,1,dynamic
22,198,0.5,14,1,5,5,1.43683e-94,88,5.42535e-05,6.78145e-05,1,4,5,iter,0,1,optk,22,dynamic
22,198,0.5,14,1,5,5,2.85019e-25,20,1.23303e-05,1.54128e-05,1,4,5,iter,0,1,rootk,5,dynamic
23,229,0.001,11,0,0,0,0,0,0,0,0,0,0,iter,0,1,k1,1,dynamic
23,229,0.001,11,0,0,0,0,0,0,0,0,0,0,iter,0,1,optk,1,dynamic
23,229,0.001,11,0,0,0,0,0,0,0,0,0,0,iter,0,1,rootk,1,dynamic
23,229,0.001,12,0,0,0,0,0,0,0,0,0,0,iter,0,1,k1,1,dynamic
23,229,0.001,12,0,0,0,0,0,0,0,0,0,0,iter,0,1,optk,1,dynamic
23,229,0.001,12,0,0,0,0,0,0,0,0,0,0,iter,0,1,rootk,1,dynamic
23,229,0.001,13,0,0,0,0,0,0,0,0,0,0,iter,0,1,k1,1,dynamic
23,229,0.001,13,0,0,0,0,0,0,0,0,0,0,iter,0,1,optk,1,dynamic
23,229,0.001,13,0,0,0,0,0,0,0,0,0,0,iter,0,1,rootk,1,dynamic
23,229,0.001,14,0,89,89,1.33265e-05,25,1.33265e-05,4.7441e-05,0,0,0,iter,0,1,k1,1,dynamic
23,229,0.001,14,0,89,89,1.33265e-05,25,1.33265e-05,4.7441e-05,0,0,0,iter,0,1,optk,1,dynamic
23,229,0.001,14,0,89,89,1.33265e-05,25,1.33265e-05,4.7441e-05,0,0,0,iter,0,1,rootk,1,dynamic
23,229,0.001,14,1,0,0,0,0,0,0,0,0,0,iter,0,1,k1,1,dynamic
23,229,0.001,14,1,0,0,0,0,0,0,0,0,0,iter,0,1,optk,1,dynamic
23,229,0.001,14,1,0,0,0,0,0,0,0,0,0,iter,0,1,rootk,1,dynamic
23,229,0.001,15,0,2773,2773,0.000367277,689,0.000367277,0.00147708,0,0,0,iter,0,1,k1,1,dynamic
23,229,0.001,15,0,2773,2773,0.000367277,689,0.000367277,0.00147708,0,0,0,iter,0,1,optk,1,dynamic
23,229,0.001,15,0,2773,2773,0.000367277,689,0.000367277,0.00147708,0,0,0,iter,0,1,rootk,1,dynamic
23,229,0.001,15,1,0,0,0,0,0,0,0,0,0,iter,0,1,optk,1,dynamic
23,229,0.001,15,1,1,1,5.33058e-07,1,5.33058e-07,5.33058e-07,0,1,1,iter,0,1,rootk,1,dynamic
23,229,0.001,15,1,7,7,1.59917e-06,3,1.59917e-06,3.7314e-06,0,3,3,iter,0,1,k1,1,dynamic
23,229,0.001,16,0,154719,154719,0.023567,44211,0.023567,0.0791648,0,0,0,iter,0,1,optk,1,dynamic
23,229,0.001,16,0,154719,154719,0.0235676,44212,0.0235676,0.0791648,0,0,0,iter,0,1,rootk,1,dynamic
23,229,0.001,16,0,154719,154719,0.0236027,44278,0.0236027,0.0791648,0,0,0,iter,0,1,k1,1,dynamic
23,229,0.001,16,1,3122,3122,0.000543719,1020,0.000543719,0.00166282,0,1044,1044,iter,0,1,rootk,1,dynamic
23,229,0.001,16,1,3559,3559,0.000560777,1052,0.000560777,0.00189536,0,1074,1074,iter,0,1,k1,1,dynamic
23,229,0.001,16,1,3945,3945,0.000552781,1037,0.000552781,0.0021007,0,1060,1060,iter,0,1,optk,1,dynamic
23,229,0.001,17,0,138560,138560,0.0241848,45370,0.0241848,0.0711988,52687,1,52688,type,0,4,k1,1,dynamic
23,229,0.001,17,0,138873,138873,0.0242296,45454,0.0242296,0.0713537,52765,1,52766,type,0,4,optk,1,dynamic
23,229,0.001,17,0,140849,140849,0.0242206,45437,0.0242206,0.0723314,52889,1,52890,type,0,4,rootk,1,dynamic
23,229,0.001,17,0,3951948,3951948,0.503337,944244,0.503337,0.878351,0,0,0,iter,0,1,k1,1,dynamic
23,229,0.001,17,0,3951948,3951948,0.50352,944587,0.50352,0.878351,0,0,0,iter,0,1,optk,1,dynamic
23,229,0.001,17,0,3951948,3951948,0.503529,944604,0.503529,0.878351,0,0,0,iter,0,1,rootk,1,dynamic
23,229,0.001,17,1,1404304,1404304,0.140137,262892,0.140137,0.52696,0,0,0,iter,0,1,k1,1,dynamic
23,229,0.001,17,1,1409714,1409714,0.140056,262741,0.140056,0.528322,0,0,0,iter,0,1,rootk,1,dynamic
23,229,0.001,17,1,1422859,1422859,0.140106,262834,0.140106,0.531616,0,0,0,iter,0,1,optk,1,dynamic
23,2291,0.01,11,0,0,0,0,0,0,0,0,0,0,iter,0,1,k1,1,dynamic
23,2291,0.01,11,0,0,0,0,0,0,0,0,0,0,iter,0,1,optk,1,dynamic
23,2291,0.01,11,0,0,0,0,0,0,0,0,0,0,iter,0,1,rootk,1,dynamic
23,2291,0.01,12,0,0,0,0,0,0,0,0,0,0,iter,0,1,k1,1,dynamic
23,2291,0.01,12,0,0,0,0,0,0,0,0,0,0,iter,0,1,optk,1,dynamic
23,2291,0.01,12,0,0,0,0,0,0,0,0,0,0,iter,0,1,rootk,1,dynamic
23,2291,0.01,13,0,0,0,0,0,0,0,0,0,0,iter,0,1,k1,1,dynamic
23,2291,0.01,13,0,0,0,0,0,0,0,0,0,0,iter,0,1,optk,1,dynamic
23,2291,0.01,13,0,0,0,0,0,0,0,0,0,0,iter,0,1,rootk,1,dynamic
23,2291,0.01,14,0,89,89,1.33206e-06,25,1.33206e-06,4.74214e-06,0,0,0,iter,0,1,k1,1,dynamic
23,2291,0.01,14,0,89,89,1.33206e-06,25,1.33206e-06,4.74214e-06,0,0,0,iter,0,1,optk,1,dynamic
23,2291,0.01,14,0,89,89,1.33206e-06,25,1.33206e-06,4.74214e-06,0,0,0,iter,0,1,rootk,1,dynamic
23,2291,0.01,14,1,0,0,0,0,0,0,0,0,0,iter,0,1,k1,1,dynamic
23,2291,0.01,14,1,0,0,0,0,0,0,0,0,0,iter,0,1,optk,1,dynamic
23,2291,0.01,14,1,0,0,0,0,0,0,0,0,0,iter,0,1,rootk,1,dynamic
23,2291,0.01,15,0,2773,2773,3.67117e-05,689,3.67117e-05,0.000147742,0,0,0,iter,0,1,k1,1,dynamic
23,2291,0.01,15,0,2773,2773,3.67117e-05,689,3.67117e-05,0.000147742,0,0,0,iter,0,1,optk,1,dynamic
23,2291,0.01,15,0,2773,2773,3.67117e-05,689,3.67117e-05,0.000147742,0,0,0,iter,0,1,rootk,1,dynamic
23,2291,0.01,15,1,0,0,0,0,0,0,0,0,0,iter,0,1,k1,1,dynamic
23,2291,0.01,15,1,0,0,0,0,0,0,0,0,0,iter,0,1,optk,1,dynamic
23,2291,0.01,15,1,0,0,0,0,0,0,0,0,0,iter,0,1,rootk,1,dynamic
23,2291,0.01,16,0,154719,154719,0.00238152,44696,0.00238152,0.00820994,0,0,0,iter,0,1,k1,1,dynamic
23,2291,0.01,16,0,154719,154719,0.0023821,44707,0.0023821,0.00820994,0,0,0,iter,0,1,rootk,1,dynamic
23,2291,0.01,16,0,154719,154719,0.00238232,44711,0.00238232,0.00820994,0,0,0,iter,0,1,optk,1,dynamic
23,2291,0.01,16,1,256,256,5.16841e-06,97,5.16841e-06,1.36402e-05,0,97,97,iter,0,1,optk,1,dynamic
23,2291,0.01,16,1,268,268,4.95528e-06,93,4.95528e-06,1.42796e-05,0,93,93,iter,0,1,k1,1,dynamic
23,2291,0.01,16,1,307,307,5.43482e-06,102,5.43482e-06,1.63576e-05,0,102,102,iter,0,1,rootk,1,dynamic
23,2291,0.01,17,0,3951948,3951948,0.0675536,1267837,0.0675536,0.189878,0,0,0,iter,0,1,k1,1,dynamic
23,2291,0.01,17,0,3951948,3951948,0.0675641,1268035,0.0675641,0.189878,0,0,0,iter,0,1,optk,1,dynamic
23,2291,0.01,17,0,3951948,3951948,0.067566,1268070,0.067566,0.189878,0,0,0,iter,0,1,rootk,1,dynamic
23,2291,0.01,17,1,188126,188126,0.00203177,38132,0.00203177,0.00997376,1,39226,39227,iter,0,1,rootk,1,dynamic
23,2291,0.01,17,1,191945,191945,0.00203252,38146,0.00203252,0.0101752,1,39219,39220,iter,0,1,k1,1,dynamic
23,2291,0.01,17,1,195240,195240,0.00202106,37931,0.00202106,0.010349,1,39084,39085,iter,0,1,optk,1,dynamic
23,22914,0.1,11,0,0,0,0,0,0,0,0,0,0,iter,0,1,k1,1,dynamic
23,22914,0.1,11,0,0,0,0,0,0,0,0,0,0,iter,0,1,optk,2,dynamic
23,22914,0.1,11,0,0,0,0,0,0,0,0,0,0,iter,0,1,rootk,1,dynamic
23,22914,0.1,12,0,0,0,0,0,0,0,0,0,0,iter,0,1,k1,1,dynamic
23,22914,0.1,12,0,0,0,0,0,0,0,0,0,0,iter,0,1,optk,2,dynamic
23,22914,0.1,12,0,0,0,0,0,0,0,0,0,0,iter,0,1,rootk,1,dynamic
23,22914,0.1,13,0,0,0,0,0,0,0,0,0,0,iter,0,1,k1,1,dynamic
23,22914,0.1,13,0,0,0,0,0,0,0,0,0,0,iter,0,1,optk,2,dynamic
23,22914,0.1,13,0,0,0,0,0,0,0,0,0,0,iter,0,1,rootk,1,dynamic
23,22914,0.1,14,0,89,89,1.33183e-07,25,1.33183e-07,4.74132e-07,0,0,0,iter,0,1,k1,1,dynamic
23,22914,0.1,14,0,89,89,1.33183e-07,25,1.33183e-07,4.74132e-07,0,0,0,iter,0,1,rootk,1,dynamic
23,22914,0.1,14,0,89,89,7.0951e-14,50,2.66366e-07,9.48263e-07,0,0,0,iter,0,1,optk,2,dynamic
23,22914,0.1,14,1,0,0,0,0,0,0,0,0,0,iter,0,1,k1,1,dynamic
23,22914,0.1,14,1,0,0,0,0,0,0,0,0,0,iter,0,1,optk,2,dynamic
23,22914,0.1,14,1,0,0,0,0,0,0,0,0,0,iter,0,1,rootk,1,dynamic
23,22914,0.1,15,0,2773,2773,3.67053e-06,689,3.67053e-06,1.47726e-05,0,0,0,iter,0,1,k1,1,dynamic
23,22914,0.1,15,0,2773,2773,3.67053e-06,689,3.67053e-06,1.47726e-05,0,0,0,iter,0,1,rootk,1,dynamic
23,22914,0.1,15,0,2773,2773,5.38911e-11,1378,7.34105e-06,2.95449e-05,0,0,0,iter,0,1,optk,2,dynamic
23,22914,0.1,15,1,0,0,0,0,0,0,0,0,0,iter,0,1,k1,1,dynamic
23,22914,0.1,15,1,0,0,0,0,0,0,0,0,0,iter,0,1,optk,2,dynamic
23,22914,0.1,15,1,0,0,0,0,0,0,0,0,0,iter,0,1,rootk,1,dynamic
23,22914,0.1,16,0,154719,154719,0.000238424,44755,0.000238424,0.000823899,0,0,0,iter,0,1,rootk,1,dynamic
23,22914,0.1,16,0,154719,154719,0.000238435,44757,0.000238435,0.000823899,0,0,0,iter,0,1,k1,1,dynamic
23,22914,0.1,16,0,154719,154719,2.27319e-07,89497,0.00047678,0.00164712,0,0,0,iter,0,1,optk,2,dynamic
23,22914,0.1,16,1,0,0,0,0,0,0,0,0,0,iter,0,1,optk,2,dynamic
23,22914,0.1,16,1,14,14,4.79459e-08,9,4.79459e-08,7.45825e-08,0,9,9,iter,0,1,rootk,1,dynamic
23,22914,0.1,16,1,30,30,5.32732e-08,10,5.32732e-08,1.5982e-07,0,10,10,iter,0,1,k1,1,dynamic
23,22914,0.1,17,0,3951948,3951948,0.000192957,2607482,0.0138909,0.0412324,0,0,0,iter,0,1,optk,2,dynamic
23,22914,0.1,17,0,3951948,3951948,0.00696982,1308316,0.00696982,0.0208332,0,0,0,iter,0,1,k1,1,dynamic
23,22914,0.1,17,0,3951948,3951948,0.00696991,1308332,0.00696991,0.0208332,0,0,0,iter,0,1,rootk,1,dynamic
23,22914,0.1,17,1,19601,19601,2.11495e-05,3970,2.11495e-05,0.000104415,1,3978,3979,iter,0,1,k1,1,dynamic
23,22914,0.1,17,1,19959,19959,2.07659e-05,3898,2.07659e-05,0.000106322,1,3911,3912,iter,0,1,rootk,1,dynamic
23,22914,0.1,17,1,529,529,1.44956e-12,226,1.20398e-06,5.63629e-06,1,113,114,iter,0,1,optk,2,dynamic
23,114572,0.5,11,0,0,0,0,0,0,0,0,0,0,iter,0,1,k1,1,dynamic
23,114572,0.5,11,0,0,0,0,0,0,0,0,0,0,iter,0,1,optk,9,dynamic
23,114572,0.5,11,0,0,0,0,0,0,0,0,0,0,iter,0,1,rootk,3,dynamic
23,114572,0.5,12,0,0,0,0,0,0,0,0,0,0,iter,0,1,k1,1,dynamic
23,114572,0.5,12,0,0,0,0,0,0,0,0,0,0,iter,0,1,optk,9,dynamic
23,114572,0.5,12,0,0,0,0,0,0,0,0,0,0,iter,0,1,rootk,3,dynamic
23,114572,0.5,13,0,0,0,0,0,0,0,0,0,0,iter,0,1,k1,1,dynamic
23,114572,0.5,13,0,0,0,0,0,0,0,0,0,0,iter,0,1,optk,9,dynamic
23,114572,0.5,13,0,0,0,0,0,0,0,0,0,0,iter,0,1,rootk,3,dynamic
23,114572,0.5,14,0,89,89,2.61473e-60,225,2.39725e-07,8.53422e-07,0,0,0,iter,0,1,optk,9,dynamic
23,114572,0.5,14,0,89,89,2.66362e-08,25,2.66362e-08,9.48247e-08,0,0,0,iter,0,1,k1,1,dynamic
23,114572,0.5,14,0,89,89,5.10245e-22,75,7.99085e-08,2.84474e-07,0,0,0,iter,0,1,rootk,3,dynamic
23,114572,0.5,14,1,0,0,0,0,0,0,0,0,0,iter,0,1,k1,1,dynamic
23,114572,0.5,14,1,0,0,0,0,0,0,0,0,0,iter,0,1,optk,9,dynamic
23,114572,0.5,14,1,0,0,0,0,0,0,0,0,0,iter,0,1,rootk,3,dynamic
23,114572,0.5,15,0,2773,2773,1.06811e-17,2067,2.20228e-06,8.86341e-06,0,0,0,iter,0,1,rootk,3,dynamic
23,114572,0.5,15,0,2773,2773,2.3985e-47,6201,6.60683e-06,2.659e-05,0,0,0,iter,0,1,optk,9,dynamic
23,114572,0.5,15,0,2773,2773,7.34092e-07,689,7.34092e-07,2.95448e-06,0,0,0,iter,0,1,k1,1,dynamic
23,114572,0.5,15,1,0,0,0,0,0,0,0,0,0,iter,0,1,k1,1,dynamic
23,114572,0.5,15,1,0,0,0,0,0,0,0,0,0,iter,0,1,optk,9,dynamic
23,114572,0.5,15,1,0,0,0,0,0,0,0,0,0,iter,0,1,rootk,3,dynamic
23,114572,0.5,16,0,154719,154719,2.92773e-12,134270,0.000143057,0.000494412,0,0,0,iter,0,1,rootk,3,dynamic
23,114572,0.5,16,0,154719,154719,4.76883e-05,44759,4.76883e-05,0.000164831,0,0,0,iter,0,1,k1,1,dynamic
23,114572,0.5,16,0,154719,154719,4.93193e-31,402741,0.000429099,0.0014825,0,0,0,iter,0,1,optk,9,dynamic
23,114572,0.5,16,1,0,0,0,0,0,0,0,0,0,iter,0,1,optk,9,dynamic
23,114572,0.5,16,1,0,0,0,0,0,0,0,0,0,iter,0,1,rootk,3,dynamic
23,114572,0.5,16,1,8,8,2.13089e-09,2,2.13089e-09,8.52357e-09,0,2,2,iter,0,1,k1,1,dynamic
23,114572,0.5,17,0,3951948,3951948,0.00139789,1312019,0.00139789,0.00420174,0,0,0,iter,0,1,k1,1,dynamic
23,114572,0.5,17,0,3951948,3951948,7.34425e-08,3930528,0.00418777,0.0125523,0,0,0,iter,0,1,rootk,3,dynamic
23,114572,0.5,17,0,3951948,3951948,7.50835e-18,11742246,0.0125107,0.0371863,0,0,0,iter,0,1,optk,9,dynamic
23,114572,0.5,17,1,3595,3595,8.49161e-07,797,8.49161e-07,3.83027e-06,1,797,798,iter,0,1,k1,1,dynamic
23,114572,0.5,17,1,4,4,1.79683e-67,36,3.83561e-08,3.83561e-08,1,4,5,iter,0,1,optk,9,dynamic
23,114572,0.5,17,1,4,4,2.08996e-24,12,1.27854e-08,1.27854e-08,1,4,5,iter,0,1,rootk,3,dynamic
24,1,0.001,10,0,0,0,0,0,0,0,0,0,0,iter,0,1,k1,1,dynamic
24,1,0.001,10,0,0,0,0,0,0,0,0,0,0,iter,0,1,optk,1,dynamic
24,1,0.001,10,0,0,0,0,0,0,0,0,0,0,iter,0,1,rootk,1,dynamic
24,1,0.001,11,0,0,0,0,0,0,0,0,0,0,iter,0,1,k1,1,dynamic
24,1,0.001,11,0,0,0,0,0,0,0,0,0,0,iter,0,1,optk,1,dynamic
24,1,0.001,11,0,0,0,0,0,0,0,0,0,0,iter,0,1,rootk,1,dynamic
24,1,0.001,12,0,14,14,0.000976562,8,0.000976562,0.00170752,0,0,0,iter,0,1,k1,1,dynamic
24,1,0.001,12,0,14,14,0.000976562,8,0.000976562,0.00170752,0,0,0,iter,0,1,optk,1,dynamic
24,1,0.001,12,0,14,14,0.000976562,8,0.000976562,0.00170752,0,0,0,iter,0,1,rootk,1,dynamic
24,1,0.001,12,1,0,0,0,0,0,0,0,0,0,iter,0,1,k1,1,dynamic
24,1,0.001,12,1,0,0,0,0,0,0,0,0,0,iter,0,1,optk,1,dynamic
24,1,0.001,12,1,0,0,0,0,0,0,0,0,0,iter,0,1,rootk,1,dynamic
24,1,0.001,13,0,1284,1284,0.122559,1004,0.122559,0.145072,0,0,0,iter,0,1,rootk,1,dynamic
24,1,0.001,13,0,1284,1284,0.122681,1005,0.122681,0.145072,0,0,0,iter,0,1,optk,1,dynamic
24,1,0.001,13,0,1284,1284,0.123169,1009,0.123169,0.145072,0,0,0,iter,0,1,k1,1,dynamic
24,1,0.001,13,1,0,0,0,0,0,0,0,0,0,iter,0,1,k1,1,dynamic
24,1,0.001,13,1,0,0,0,0,0,0,0,0,0,iter,0,1,optk,1,dynamic
24,1,0.001,13,1,0,0,0,0,0,0,0,0,0,iter,0,1,rootk,1,dynamic
24,1,0.001,14,0,20963,20963,0.875122,7169,0.875122,0.922615,0,0,0,iter,0,1,optk,1,dynamic
24,1,0.001,14,0,20963,20963,0.875488,7172,0.875488,0.922615,0,0,0,iter,0,1,rootk,1,dynamic
24,1,0.001,14,0,20963,20963,0.88147,7221,0.88147,0.922615,0,0,0,iter,0,1,k1,1,dynamic
24,1,0.001,14,0,296,296,0.0280762,230,0.0280762,0.0354878,486,1,487,type,0,2,optk,1,dynamic
24,1,0.001,14,0,331,331,0.0328369,269,0.0328369,0.0395999,541,1,542,type,0,2,k1,1,dynamic
24,1,0.001,14,0,349,349,0.0328369,269,0.0328369,0.0417078,537,1,538,type,0,2,rootk,1,dynamic
24,1,0.001,14,1,746,746,0.0280762,230,0.0280762,0.0870411,0,0,0,iter,0,1,optk,1,dynamic
24,1,0.001,14,1,776,776,0.0299072,245,0.0299072,0.0903784,0,0,0,iter,0,1,k1,1,dynamic
24,1,0.001,14,1,787,787,0.0296631,243,0.0296631,0.091599,0,0,0,iter,0,1,rootk,1,dynamic
24,5,0.01,10,0,0,0,0,0,0,0,0,0,0,iter,0,1,k1,1,dynamic
24,5,0.01,10,0,0,0,0,0,0,0,0,0,0,iter,0,1,optk,1,dynamic
24,5,0.01,10,0,0,0,0,0,0,0,0,0,0,iter,0,1,rootk,1,dynamic
24,5,0.01,11,0,0,0,0,0,0,0,0,0,0,iter,0,1,k1,1,dynamic
24,5,0.01,11,0,0,0,0,0,0,0,0,0,0,iter,0,1,optk,1,dynamic
24,5,0.01,11,0,0,0,0,0,0,0,0,0,0,iter,0,1,rootk,1,dynamic
24,5,0.01,12,0,14,14,0.000195313,8,0.000195313,0.000341738,0,0,0,iter,0,1,k1,1,dynamic
24,5,0.01,12,0,14,14,0.000195313,8,0.000195313,0.000341738,0,0,0,iter,0,1,optk,1,dynamic
24,5,0.01,12,0,14,14,0.000195313,8,0.000195313,0.000341738,0,0,0,iter,0,1,rootk,1,dynamic
24,5,0.01,12,1,0,0,0,0,0,0,0,0,0,iter,0,1,k1,1,dynamic
24,5,0.01,12,1,0,0,0,0,0,0,0,0,0,iter,0,1,optk,1,dynamic
24,5,0.01,12,1,0,0,0,0,0,0,0,0,0,iter,0,1,rootk,1,dynamic
24,5,0.01,13,0,1284,1284,0.0258545,1059,0.0258545,0.0308614,0,0,0,iter,0,1,rootk,1,dynamic
24,5,0.01,13,0,1284,1284,0.0259033,1061,0.0259033,0.0308614,0,0,0,iter,0,1,optk,1,dynamic
24,5,0.01,13,0,1284,1284,0.0259277,1062,0.0259277,0.0308614,0,0,0,iter,0,1,k1,1,dynamic
24,5,0.01,13,1,0,0,0,0,0,0,0,0,0,iter,0,1,k1,1,dynamic
24,5,0.01,13,1,0,0,0,0,0,0,0,0,0,iter,0,1,optk,1,dynamic
24,5,0.01,13,1,0,0,0,0,0,0,0,0,0,iter,0,1,rootk,1,dynamic
24,5,0.01,14,0,20963,20963,0.342871,14044,0.342871,0.40058,0,0,0,iter,0,1,optk,1,dynamic
24,5,0.01,14,0,20963,20963,0.343262,14060,0.343262,0.40058,0,0,0,iter,0,1,k1,1,dynamic
24,5,0.01,14,0,20963,20963,0.343823,14083,0.343823,0.40058,0,0,0,iter,0,1,rootk,1,dynamic
24,5,0.01,14,1,290,290,0.00246582,101,0.00246582,0.00705507,1,102,103,iter,0,1,optk,1,dynamic
24,5,0.01,14,1,305,305,0.00229492,94,0.00229492,0.00741863,1,94,95,iter,0,1,k1,1,dynamic
24,5,0.01,14,1,319,319,0.00270996,111,0.00270996,0.00775784,1,111,112,iter,0,1,rootk,1,dynamic
24,46,0.1,10,0,0,0,0,0,0,0,0,0,0,iter,0,1,k1,1,dynamic
24,46,0.1,10,0,0,0,0,0,0,0,0,0,0,iter,0,1,optk,3,dynamic
24,46,0.1,10,0,0,0,0,0,0,0,0,0,0,iter,0,1,rootk,2,dynamic
24,46,0.1,11,0,0,0,0,0,0,0,0,0,0,iter,0,1,k1,1,dynamic
24,46,0.1,11,0,0,0,0,0,0,0,0,0,0,iter,0,1,optk,3,dynamic
24,46,0.1,11,0,0,0,0,0,0,0,0,0,0,iter,0,1,rootk,2,dynamic
24,46,0.1,12,0,14,14,1.80279e-09,16,4.24592e-05,7.43009e-05,0,0,0,iter,0,1,rootk,2,dynamic
24,46,0.1,12,0,14,14,2.12296e-05,8,2.12296e-05,3.71511e-05,0,0,0,iter,0,1,k1,1,dynamic
24,46,0.1,12,0,14,14,2.58339e-13,24,6.36889e-05,0.000111449,0,0,0,iter,0,1,optk,3,dynamic
24,46,0.1,12,1,0,0,0,0,0,0,0,0,0,iter,0,1,k1,1,dynamic
24,46,0.1,12,1,0,0,0,0,0,0,0,0,0,iter,0,1,optk,3,dynamic
24,46,0.1,12,1,0,0,0,0,0,0,0,0,0,iter,0,1,rootk,2,dynamic
24,46,0.1,13,0,1284,1284,0.00284212,1071,0.00284212,0.00340156,0,0,0,iter,0,1,k1,1,dynamic
24,46,0.1,13,0,1284,1284,3.22502e-05,2140,0.00567892,0.00679154,0,0,0,iter,0,1,rootk,2,dynamic
24,46,0.1,13,0,1284,1284,6.15811e-07,3206,0.00850777,0.01017,0,0,0,iter,0,1,optk,3,dynamic
24,46,0.1,13,1,0,0,0,0,0,0,0,0,0,iter,0,1,k1,1,dynamic
24,46,0.1,13,1,0,0,0,0,0,0,0,0,0,iter,0,1,optk,3,dynamic
24,46,0.1,13,1,0,0,0,0,0,0,0,0,0,iter,0,1,rootk,2,dynamic
24,46,0.1,14,0,20963,20963,0.00208407,48134,0.127733,0.153706,0,0,0,iter,0,1,optk,3,dynamic
24,46,0.1,14,0,20963,20963,0.0075776,32803,0.0870494,0.105293,0,0,0,iter,0,1,rootk,2,dynamic
24,46,0.1,14,0,20963,20963,0.0444946,16767,0.0444946,0.0541105,0,0,0,iter,0,1,k1,1,dynamic
24,46,0.1,14,1,39,39,1.70292e-12,45,0.000119417,0.000310435,1,15,16,iter,0,1,optk,3,dynamic
24,46,0.1,14,1,39,39,6.33792e-09,30,7.96111e-05,0.000206967,1,15,16,iter,0,1,rootk,2,dynamic
24,46,0.1,14,1,74,74,7.165e-05,27,7.165e-05,0.000196355,1,27,28,iter,0,1,k1,1,dynamic
24,230,0.5,10,0,0,0,0,0,0,0,0,0,0,iter,0,1,k1,1,dynamic
24,230,0.5,10,0,0,0,0,0,0,0,0,0,0,iter,0,1,optk,17,dynamic
24,230,0.5,10,0,0,0,0,0,0,0,0,0,0,iter,0,1,rootk,4,dynamic
24,230,0.5,11,0,0,0,0,0,0,0,0,0,0,iter,0,1,k1,1,dynamic
24,230,0.5,11,0,0,0,0,0,0,0,0,0,0,iter,0,1,optk,17,dynamic
24,230,0.5,11,0,0,0,0,0,0,0,0,0,0,iter,0,1,rootk,4,dynamic
24,230,0.5,12,0,14,14,3.91885e-71,136,7.21807e-05,0.000126308,0,0,0,iter,0,1,optk,17,dynamic
24,230,0.5,12,0,14,14,4.24592e-06,8,4.24592e-06,7.43034e-06,0,0,0,iter,0,1,k1,1,dynamic
24,230,0.5,12,0,14,14,8.3201e-20,32,1.69837e-05,2.9721e-05,0,0,0,iter,0,1,rootk,4,dynamic
24,230,0.5,12,1,0,0,0,0,0,0,0,0,0,iter,0,1,k1,1,dynamic
24,230,0.5,12,1,0,0,0,0,0,0,0,0,0,iter,0,1,optk,17,dynamic
24,230,0.5,12,1,0,0,0,0,0,0,0,0,0,iter,0,1,rootk,4,dynamic
24,230,0.5,13,0,1284,1284,0.000568954,1072,0.000568954,0.000681239,0,0,0,iter,0,1,k1,1,dynamic
24,230,0.5,13,0,1284,1284,2.66508e-11,4281,0.0022721,0.00272217,0,0,0,iter,0,1,rootk,4,dynamic
24,230,0.5,13,0,1284,1284,5.14375e-35,18119,0.00961649,0.0115182,0,0,0,iter,0,1,optk,17,dynamic
24,230,0.5,13,1,0,0,0,0,0,0,0,0,0,iter,0,1,k1,1,dynamic
24,230,0.5,13,1,0,0,0,0,0,0,0,0,0,iter,0,1,optk,17,dynamic
24,230,0.5,13,1,0,0,0,0,0,0,0,0,0,iter,0,1,rootk,4,dynamic
24,230,0.5,14,0,20963,20963,0.00906717,17084,0.00906717,0.0110642,0,0,0,iter,0,1,k1,1,dynamic
24,230,0.5,14,0,20963,20963,1.63813e-06,67407,0.0357756,0.0435279,0,0,0,iter,0,1,rootk,4,dynamic
24,230,0.5,14,0,20963,20963,4.55403e-15,270081,0.143343,0.17233,0,0,0,iter,0,1,optk,17,dynamic
24,230,0.5,14,1,39,39,1.02833e-18,60,3.18444e-05,8.27921e-05,1,15,16,iter,0,1,rootk,4,dynamic
24,230,0.5,14,1,39,39,1.71467e-66,255,0.000135339,0.000351819,1,15,16,iter,0,1,optk,17,dynamic
24,230,0.5,14,1,45,45,9.55333e-06,18,9.55333e-06,2.3883e-05,1,18,19,iter,0,1,k1,1,dynamic
25,11,0.001,11,0,0,0,0,0,0,0,0,0,0,iter,0,1,k1,1,dynamic
25,11,0.001,11,0,0,0,0,0,0,0,0,0,0,iter,0,1,optk,1,dynamic
25,11,0.001,11,0,0,0,0,0,0,0,0,0,0,iter,0,1,rootk,1,dynamic
25,11,0.001,12,0,0,0,0,0,0,0,0,0,0,iter,0,1,k1,1,dynamic
25,11,0.001,12,0,0,0,0,0,0,0,0,0,0,iter,0,1,optk,1,dynamic
25,11,0.001,12,0,0,0,0,0,0,0,0,0,0,iter,0,1,rootk,1,dynamic
25,11,0.001,13,0,0,0,0,0,0,0,0,0,0,iter,0,1,k1,1,dynamic
25,11,0.001,13,0,0,0,0,0,0,0,0,0,0,iter,0,1,optk,1,dynamic
25,11,0.001,13,0,0,0,0,0,0,0,0,0,0,iter,0,1,rootk,1,dynamic
25,11,0.001,14,0,310,310,0.00196422,177,0.00196422,0.00343425,0,0,0,iter,0,1,k1,1,dynamic
25,11,0.001,14,0,310,310,0.00196422,177,0.00196422,0.00343425,0,0,0,iter,0,1,optk,1,dynamic
25,11,0.001,14,0,310,310,0.00196422,177,0.00196422,0.00343425,0,0,0,iter,0,1,rootk,1,dynamic
25,11,0.001,14,1,0,0,0,0,0,0,0,0,0,iter,0,1,k1,1,dynamic
25,11,0.001,14,1,0,0,0,0,0,0,0,0,0,iter,0,1,optk,1,dynamic
25,11,0.001,14,1,0,0,0,0,0,0,0,0,0,iter,0,1,rootk,1,dynamic
25,11,0.001,15,0,8920,8920,0.0427024,3848,0.0427024,0.0942464,0,0,0,iter,0,1,optk,1,dynamic
25,11,0.001,15,0,8920,8920,0.0428023,3857,0.0428023,0.0942464,0,0,0,iter,0,1,rootk,1,dynamic
25,11,0.001,15,0,8920,8920,0.0428689,3863,0.0428689,0.0942464,0,0,0,iter,0,1,k1,1,dynamic
25,11,0.001,15,1,1072,1072,0.00668058,602,0.00668058,0.0118258,0,697,697,iter,0,1,k1,1,dynamic
25,11,0.001,15,1,869,869,0.00585938,528,0.00585938,0.0095972,0,604,604,iter,0,1,optk,1,dynamic
25,11,0.001,15,1,989,989,0.00644753,581,0.00644753,0.0109152,0,672,672,iter,0,1,rootk,1,dynamic
25,11,0.001,16,0,35933,35933,0.144209,12995,0.144209,0.328848,14636,1,14637,type,0,8,k1,1,dynamic
25,11,0.001,16,0,36463,36463,0.145131,13078,0.145131,0.332784,14791,1,14792,type,0,8,optk,1,dynamic
25,11,0.001,16,0,37139,37139,0.145574,13118,0.145574,0.33777,14762,1,14763,type,0,8,rootk,1,dynamic
25,11,0.001,16,0,374074,374074,0.795965,71726,0.795965,0.984255,0,0,0,iter,0,1,k1,1,dynamic
25,11,0.001,16,0,374074,374074,0.799572,72051,0.799572,0.984255,0,0,0,iter,0,1,optk,1,dynamic
25,11,0.001,16,0,374074,374074,0.799583,72052,0.799583,0.984255,0,0,0,iter,0,1,rootk,1,dynamic
25,11,0.001,16,1,323198,323198,0.770652,69445,0.770652,0.972308,0,0,0,iter,0,1,k1,1,dynamic
25,11,0.001,16,1,323866,323866,0.777599,70071,0.777599,0.972513,0,0,0,iter,0,1,rootk,1,dynamic
25,11,0.001,16,1,323880,323880,0.773915,69739,0.773915,0.972517,0,0,0,iter,0,1,optk,1,dynamic
25,107,0.01,11,0,0,0,0,0,0,0,0,0,0,iter,0,1,k1,1,dynamic
25,107,0.01,11,0,0,0,0,0,0,0,0,0,0,iter,0,1,optk,1,dynamic
25,107,0.01,11,0,0,0,0,0,0,0,0,0,0,iter,0,1,rootk,1,dynamic
25,107,0.01,12,0,0,0,0,0,0,0,0,0,0,iter,0,1,k1,1,dynamic
25,107,0.01,12,0,0,0,0,0,0,0,0,0,0,iter,0,1,optk,1,dynamic
25,107,0.01,12,0,0,0,0,0,0,0,0,0,0,iter,0,1,rootk,1,dynamic
25,107,0.01,13,0,0,0,0,0,0,0,0,0,0,iter,0,1,k1,1,dynamic
25,107,0.01,13,0,0,0,0,0,0,0,0,0,0,iter,0,1,optk,1,dynamic
25,107,0.01,13,0,0,0,0,0,0,0,0,0,0,iter,0,1,rootk,1,dynamic
25,107,0.01,14,0,310,310,0.000201929,177,0.000201929,0.000353599,0,0,0,iter,0,1,k1,1,dynamic
25,107,0.01,14,0,310,310,0.000201929,177,0.000201929,0.000353599,0,0,0,iter,0,1,optk,1,dynamic
25,107,0.01,14,0,310,310,0.000201929,177,0.000201929,0.000353599,0,0,0,iter,0,1,rootk,1,dynamic
25,107,0.01,14,1,0,0,0,0,0,0,0,0,0,iter,0,1,k1,1,dynamic
25,107,0.01,14,1,0,0,0,0,0,0,0,0,0,iter,0,1,optk,1,dynamic
25,107,0.01,14,1,0,0,0,0,0,0,0,0,0,iter,0,1,rootk,1,dynamic
25,107,0.01,15,0,8920,8920,0.00448352,3930,0.00448352,0.0101247,0,0,0,iter,0,1,optk,1,dynamic
25,107,0.01,15,0,8920,8920,0.0044858,3932,0.0044858,0.0101247,0,0,0,iter,0,1,k1,1,dynamic
25,107,0.01,15,0,8920,8920,0.00449036,3936,0.00449036,0.0101247,0,0,0,iter,0,1,rootk,1,dynamic
25,107,0.01,15,1,106,106,6.6169e-05,58,6.6169e-05,0.000120922,0,60,60,iter,0,1,k1,1,dynamic
25,107,0.01,15,1,140,140,7.07323e-05,62,7.07323e-05,0.000159705,0,63,63,iter,0,1,optk,1,dynamic
25,107,0.01,15,1,89,89,6.95915e-05,61,6.95915e-05,0.00010153,0,61,61,iter,0,1,rootk,1,dynamic
25,107,0.01,16,0,374074,374074,0.152197,133407,0.152197,0.34738,0,0,0,iter,0,1,optk,1,dynamic
25,107,0.01,16,0,374074,374074,0.152246,133450,0.152246,0.34738,0,0,0,iter,0,1,rootk,1,dynamic
25,107,0.01,16,0,374074,374074,0.152403,133588,0.152403,0.34738,0,0,0,iter,0,1,k1,1,dynamic
25,107,0.01,16,1,61117,61117,0.028585,25056,0.028585,0.0673497,0,0,0,iter,0,1,optk,1,dynamic
25,107,0.01,16,1,61424,61424,0.0288405,25280,0.0288405,0.0676763,0,0,0,iter,0,1,k1,1,dynamic
25,107,0.01,16,1,61607,61607,0.029087,25496,0.029087,0.0678709,0,0,0,iter,0,1,rootk,1,dynamic
25,107,0.01,16,2,11197,11197,0.00488053,4278,0.00488053,0.0126928,4967,1,4968,iter,0,1,optk,1,dynamic
25,107,0.01,16,2,11266,11266,0.00489422,4290,0.00489422,0.0127705,4975,1,4976,iter,0,1,k1,1,dynamic
25,107,0.01,16,2,11569,11569,0.00496952,4356,0.00496952,0.0131117,5045,1,5046,iter,0,1,rootk,1,dynamic
25,1073,0.1,11,0,0,0,0,0,0,0,0,0,0,iter,0,1,k1,1,dynamic
25,1073,0.1,11,0,0,0,0,0,0,0,0,0,0,iter,0,1,optk,5,dynamic
25,1073,0.1,11,0,0,0,0,0,0,0,0,0,0,iter,0,1,rootk,2,dynamic
25,1073,0.1,12,0,0,0,0,0,0,0,0,0,0,iter,0,1,k1,1,dynamic
25,1073,0.1,12,0,0,0,0,0,0,0,0,0,0,iter,0,1,optk,5,dynamic
25,1073,0.1,12,0,0,0,0,0,0,0,0,0,0,iter,0,1,rootk,2,dynamic
25,1073,0.1,13,0,0,0,0,0,0,0,0,0,0,iter,0,1,k1,1,dynamic
25,1073,0.1,13,0,0,0,0,0,0,0,0,0,0,iter,0,1,optk,5,dynamic
25,1073,0.1,13,0,0,0,0,0,0,0,0,0,0,iter,0,1,rootk,2,dynamic
25,1073,0.1,14,0,310,310,1.03459e-20,885,0.000100682,0.000176321,0,0,0,iter,0,1,optk,5,dynamic
25,1073,0.1,14,0,310,310,1.62191e-09,354,4.0273e-05,7.05321e-05,0,0,0,iter,0,1,rootk,2,dynamic
25,1073,0.1,14,0,310,310,2.01365e-05,177,2.01365e-05,3.52667e-05,0,0,0,iter,0,1,k1,1,dynamic
25,1073,0.1,14,1,0,0,0,0,0,0,0,0,0,iter,0,1,k1,1,dynamic
25,1073,0.1,14,1,0,0,0,0,0,0,0,0,0,iter,0,1,optk,5,dynamic
25,1073,0.1,14,1,0,0,0,0,0,0,0,0,0,iter,0,1,rootk,2,dynamic
25,1073,0.1,15,0,8920,8920,0.000448236,3940,0.000448236,0.00101427,0,0,0,iter,0,1,k1,1,dynamic
25,1073,0.1,15,0,8920,8920,5.61286e-14,19671,0.00223788,0.00506109,0,0,0,iter,0,1,optk,5,dynamic
25,1073,0.1,15,0,8920,8920,8.02642e-07,7875,0.000895903,0.00202752,0,0,0,iter,0,1,rootk,2,dynamic
25,1073,0.1,15,1,0,0,0,0,0,0,0,0,0,iter,0,1,optk,5,dynamic
25,1073,0.1,15,1,0,0,0,0,0,0,0,0,0,iter,0,1,rootk,2,dynamic
25,1073,0.1,15,1,20,20,1.02389e-06,9,1.02389e-06,2.27531e-06,0,9,9,iter,0,1,k1,1,dynamic
25,1073,0.1,16,0,374074,374074,0.0010498,284802,0.0324006,0.0815919,0,0,0,iter,0,1,rootk,2,dynamic
25,1073,0.1,16,0,374074,374074,0.0163415,143642,0.0163415,0.0416639,0,0,0,iter,0,1,k1,1,dynamic
25,1073,0.1,16,0,374074,374074,3.0972e-06,695318,0.0791032,0.191669,0,0,0,iter,0,1,optk,5,dynamic
25,1073,0.1,16,1,150,150,2.04622e-21,640,7.28099e-05,8.53204e-05,1,128,129,iter,0,1,optk,5,dynamic
25,1073,0.1,16,1,452,452,4.72166e-09,604,6.87143e-05,0.000102839,1,302,303,iter,0,1,rootk,2,dynamic
25,1073,0.1,16,1,6345,6345,0.000319226,2806,0.000319226,0.000721581,1,2842,2843,iter,0,1,k1,1,dynamic
25,5366,0.5,11,0,0,0,0,0,0,0,0,0,0,iter,0,1,k1,1,dynamic
25,5366,0.5,11,0,0,0,0,0,0,0,0,0,0,iter,0,1,optk,23,dynamic
25,5366,0.5,11,0,0,0,0,0,0,0,0,0,0,iter,0,1,rootk,5,dynamic
25,5366,0.5,12,0,0,0,0,0,0,0,0,0,0,iter,0,1,k1,1,dynamic
25,5366,0.5,12,0,0,0,0,0,0,0,0,0,0,iter,0,1,optk,23,dynamic
25,5366,0.5,12,0,0,0,0,0,0,0,0,0,0,iter,0,1,rootk,5,dynamic
25,5366,0.5,13,0,0,0,0,0,0,0,0,0,0,iter,0,1,k1,1,dynamic
25,5366,0.5,13,0,0,0,0,0,0,0,0,0,0,iter,0,1,optk,23,dynamic
25,5366,0.5,13,0,0,0,0,0,0,0,0,0,0,iter,0,1,rootk,5,dynamic
25,5366,0.5,14,0,310,310,1.71077e-93,4071,9.26106e-05,0.000162186,0,0,0,iter,0,1,optk,23,dynamic
25,5366,0.5,14,0,310,310,3.3076e-24,885,2.01327e-05,3.52601e-05,0,0,0,iter,0,1,rootk,5,dynamic
25,5366,0.5,14,0,310,310,4.02655e-06,177,4.02655e-06,7.05212e-06,0,0,0,iter,0,1,k1,1,dynamic
25,5366,0.5,14,1,0,0,0,0,0,0,0,0,0,iter,0,1,k1,1,dynamic
25,5366,0.5,14,1,0,0,0,0,0,0,0,0,0,iter,0,1,optk,23,dynamic
25,5366,0.5,14,1,0,0,0,0,0,0,0,0,0,iter,0,1,rootk,5,dynamic
25,5366,0.5,15,0,8920,8920,1.6434e-62,90525,0.00205934,0.00465628,0,0,0,iter,0,1,optk,23,dynamic
25,5366,0.5,15,0,8920,8920,1.80541e-17,19695,0.000448039,0.00101408,0,0,0,iter,0,1,rootk,5,dynamic
25,5366,0.5,15,0,8920,8920,8.96305e-05,3940,8.96305e-05,0.000202899,0,0,0,iter,0,1,k1,1,dynamic
25,5366,0.5,15,1,0,0,0,0,0,0,0,0,0,iter,0,1,optk,23,dynamic
25,5366,0.5,15,1,0,0,0,0,0,0,0,0,0,iter,0,1,rootk,5,dynamic
25,5366,0.5,15,1,1,1,2.27488e-08,1,2.27488e-08,2.27488e-08,0,1,1,iter,0,1,k1,1,dynamic
25,5366,0.5,16,0,374074,374074,0.00328942,144597,0.00328942,0.00847365,0,0,0,iter,0,1,k1,1,dynamic
25,5366,0.5,16,0,374074,374074,1.16449e-09,718237,0.0163391,0.0416563,0,0,0,iter,0,1,rootk,5,dynamic
25,5366,0.5,16,0,374074,374074,7.13669e-27,3208013,0.0729786,0.177761,0,0,0,iter,0,1,optk,23,dynamic
25,5366,0.5,16,1,149,149,6.29022e-25,635,1.44455e-05,1.69477e-05,1,127,128,iter,0,1,rootk,5,dynamic
25,5366,0.5,16,1,149,149,8.26593e-97,2921,6.64494e-05,7.79573e-05,1,127,128,iter,0,1,optk,23,dynamic
25,5366,0.5,16,1,1507,1507,1.64019e-05,721,1.64019e-05,3.42819e-05,1,724,725,iter,0,1,k1,1,dynamic
26,8,0.001,11,0,0,0,0,0,0,0,0,0,0,iter,0,1,k1,1,dynamic
26,8,0.001,11,0,0,0,0,0,0,0,0,0,0,iter,0,1,optk,1,dynamic
26,8,0.001,11,0,0,0,0,0,0,0,0,0,0,iter,0,1,rootk,1,dynamic
26,8,0.001,12,0,0,0,0,0,0,0,0,0,0,iter,0,1,k1,1,dynamic
26,8,0.001,12,0,0,0,0,0,0,0,0,0,0,iter,0,1,optk,1,dynamic
26,8,0.001,12,0,0,0,0,0,0,0,0,0,0,iter,0,1,rootk,1,dynamic
26,8,0.001,13,0,0,0,0,0,0,0,0,0,0,iter,0,1,k1,1,dynamic
26,8,0.001,13,0,0,0,0,0,0,0,0,0,0,iter,0,1,optk,1,dynamic
26,8,0.001,13,0,0,0,0,0,0,0,0,0,0,iter,0,1,rootk,1,dynamic
26,8,0.001,14,0,165,165,0.00123596,81,0.00123596,0.00251453,0,0,0,iter,0,1,k1,1,dynamic
26,8,0.001,14,0,165,165,0.00123596,81,0.00123596,0.00251453,0,0,0,iter,0,1,optk,1,dynamic
26,8,0.001,14,0,165,165,0.00123596,81,0.00123596,0.00251453,0,0,0,iter,0,1,rootk,1,dynamic
26,8,0.001,14,1,0,0,0,0,0,0,0,0,0,iter,0,1,k1,1,dynamic
26,8,0.001,14,1,0,0,0,0,0,0,0,0,0,iter,0,1,optk,1,dynamic
26,8,0.001,14,1,0,0,0,0,0,0,0,0,0,iter,0,1,rootk,1,dynamic
26,8,0.001,15,0,3926,3926,0.0222931,1461,0.0222931,0.0581469,0,0,0,iter,0,1,optk,1,dynamic
26,8,0.001,15,0,3926,3926,0.0223846,1467,0.0223846,0.0581469,0,0,0,iter,0,1,rootk,1,dynamic
26,8,0.001,15,0,3926,3926,0.0224152,1469,0.0224152,0.0581469,0,0,0,iter,0,1,k1,1,dynamic
26,8,0.001,15,1,237,237,0.00234985,154,0.00234985,0.0036098,0,172,172,iter,0,1,rootk,1,dynamic
26,8,0.001,15,1,272,272,0.00254822,167,0.00254822,0.00414179,0,190,190,iter,0,1,k1,1,dynamic
26,8,0.001,15,1,296,296,0.00268555,176,0.00268555,0.00450642,0,196,196,iter,0,1,optk,1,dynamic
26,8,0.001,16,0,15856,15856,0.0908813,5956,0.0908813,0.214899,6597,1,6598,type,0,8,rootk,1,dynamic
26,8,0.001,16,0,16396,16396,0.0920715,6034,0.0920715,0.221342,6618,1,6619,type,0,8,optk,1,dynamic
26,8,0.001,16,0,16644,16644,0.0923309,6051,0.0923309,0.224283,6632,1,6633,type,0,8,k1,1,dynamic
26,8,0.001,16,0,201863,201863,0.687378,45048,0.687378,0.954049,0,0,0,iter,0,1,rootk,1,dynamic
26,8,0.001,16,0,201863,201863,0.688614,45129,0.688614,0.954049,0,0,0,iter,0,1,optk,1,dynamic
26,8,0.001,16,0,201863,201863,0.688858,45145,0.688858,0.954049,0,0,0,iter,0,1,k1,1,dynamic
26,8,0.001,16,1,171728,171728,0.660553,43290,0.660553,0.927223,0,0,0,iter,0,1,rootk,1,dynamic
26,8,0.001,16,1,172646,172646,0.661652,43362,0.661652,0.928236,0,0,0,iter,0,1,optk,1,dynamic
26,8,0.001,16,1,172806,172806,0.663818,43504,0.663818,0.928411,0,0,0,iter,0,1,k1,1,dynamic
26,82,0.01,11,0,0,0,0,0,0,0,0,0,0,iter,0,1,k1,1,dynamic
26,82,0.01,11,0,0,0,0,0,0,0,0,0,0,iter,0,1,optk,1,dynamic
26,82,0.01,11,0,0,0,0,0,0,0,0,0,0,iter,0,1,rootk,1,dynamic
26,82,0.01,12,0,0,0,0,0,0,0,0,0,0,iter,0,1,k1,1,dynamic
26,82,0.01,12,0,0,0,0,0,0,0,0,0,0,iter,0,1,optk,1,dynamic
26,82,0.01,12,0,0,0,0,0,0,0,0,0,0,iter,0,1,rootk,1,dynamic
26,82,0.01,13,0,0,0,0,0,0,0,0,0,0,iter,0,1,k1,1,dynamic
26,82,0.01,13,0,0,0,0,0,0,0,0,0,0,iter,0,1,optk,1,dynamic
26,82,0.01,13,0,0,0,0,0,0,0,0,0,0,iter,0,1,rootk,1,dynamic
26,82,0.01,14,0,165,165,0.000120582,81,0.000120582,0.000245599,0,0,0,iter,0,1,k1,1,dynamic
26,82,0.01,14,0,165,165,0.000120582,81,0.000120582,0.000245599,0,0,0,iter,0,1,optk,1,dynamic
26,82,0.01,14,0,165,165,0.000120582,81,0.000120582,0.000245599,0,0,0,iter,0,1,rootk,1,dynamic
26,82,0.01,14,1,0,0,0,0,0,0,0,0,0,iter,0,1,k1,1,dynamic
26,82,0.01,14,1,0,0,0,0,0,0,0,0,0,iter,0,1,optk,1,dynamic
26,82,0.01,14,1,0,0,0,0,0,0,0,0,0,iter,0,1,rootk,1,dynamic
26,82,0.01,15,0,3926,3926,0.00219727,1476,0.00219727,0.00582744,0,0,0,iter,0,1,optk,1,dynamic
26,82,0.01,15,0,3926,3926,0.00219727,1476,0.00219727,0.00582744,0,0,0,iter,0,1,rootk,1,dynamic
26,82,0.01,15,0,3926,3926,0.00220173,1479,0.00220173,0.00582744,0,0,0,iter,0,1,k1,1,dynamic
26,82,0.01,15,1,15,15,1.78639e-05,12,1.78639e-05,2.23297e-05,0,12,12,iter,0,1,rootk,1,dynamic
26,82,0.01,15,1,25,25,2.23299e-05,15,2.23299e-05,3.72159e-05,0,15,15,iter,0,1,k1,1,dynamic
26,82,0.01,15,1,36,36,2.97732e-05,20,2.97732e-05,5.35904e-05,0,20,20,iter,0,1,optk,1,dynamic
26,82,0.01,16,0,201863,201863,0.107602,72281,0.107602,0.259556,0,0,0,iter,0,1,optk,1,dynamic
26,82,0.01,16,0,201863,201863,0.107641,72307,0.107641,0.259556,0,0,0,iter,0,1,k1,1,dynamic
26,82,0.01,16,0,201863,201863,0.107645,72310,0.107645,0.259556,0,0,0,iter,0,1,rootk,1,dynamic
26,82,0.01,16,1,26215,26215,0.0162398,10909,0.0162398,0.0382736,0,0,0,iter,0,1,k1,1,dynamic
26,82,0.01,16,1,26712,26712,0.0163976,11015,0.0163976,0.0389849,0,0,0,iter,0,1,rootk,1,dynamic
26,82,0.01,16,1,27920,27920,0.0167207,11232,0.0167207,0.0407115,0,0,0,iter,0,1,optk,1,dynamic
26,82,0.01,16,2,3241,3241,0.00183552,1233,0.00183552,0.00481313,1365,1,1366,iter,0,1,k1,1,dynamic
26,82,0.01,16,2,3339,3339,0.0018251,1226,0.0018251,0.00495831,1378,1,1379,iter,0,1,rootk,1,dynamic
26,82,0.01,16,2,3367,3367,0.00195461,1313,0.00195461,0.00499979,1464,1,1465,iter,0,1,optk,1,dynamic
26,818,0.1,11,0,0,0,0,0,0,0,0,0,0,iter,0,1,k1,1,dynamic
26,818,0.1,11,0,0,0,0,0,0,0,0,0,0,iter,0,1,optk,4,dynamic
26,818,0.1,11,0,0,0,0,0,0,0,0,0,0,iter,0,1,rootk,2,dynamic
26,818,0.1,12,0,0,0,0,0,0,0,0,0,0,iter,0,1,k1,1,dynamic
26,818,0.1,12,0,0,0,0,0,0,0,0,0,0,iter,0,1,optk,4,dynamic
26,818,0.1,12,0,0,0,0,0,0,0,0,0,0,iter,0,1,rootk,2,dynamic
26,818,0.1,13,0,0,0,0,0,0,0,0,0,0,iter,0,1,k1,1,dynamic
26,818,0.1,13,0,0,0,0,0,0,0,0,0,0,iter,0,1,optk,4,dynamic
26,818,0.1,13,0,0,0,0,0,0,0,0,0,0,iter,0,1,rootk,2,dynamic
26,818,0.1,14,0,165,165,1.20876e-05,81,1.20876e-05,2.46227e-05,0,0,0,iter,0,1,k1,1,dynamic
26,818,0.1,14,0,165,165,5.46521e-18,324,4.83506e-05,9.84871e-05,0,0,0,iter,0,1,optk,4,dynamic
26,818,0.1,14,0,165,165,5.84445e-10,162,2.41753e-05,4.92448e-05,0,0,0,iter,0,1,rootk,2,dynamic
26,818,0.1,14,1,0,0,0,0,0,0,0,0,0,iter,0,1,k1,1,dynamic
26,818,0.1,14,1,0,0,0,0,0,0,0,0,0,iter,0,1,optk,4,dynamic
26,818,0.1,14,1,0,0,0,0,0,0,0,0,0,iter,0,1,rootk,2,dynamic
26,818,0.1,15,0,3926,3926,0.000220711,1479,0.000220711,0.000585706,0,0,0,iter,0,1,k1,1,dynamic
26,818,0.1,15,0,3926,3926,1.94723e-07,2957,0.000441274,0.00117107,0,0,0,iter,0,1,rootk,2,dynamic
26,818,0.1,15,0,3926,3926,6.0708e-13,5915,0.000882697,0.00234077,0,0,0,iter,0,1,optk,4,dynamic
26,818,0.1,15,1,0,0,0,0,0,0,0,0,0,iter,0,1,k1,1,dynamic
26,818,0.1,15,1,0,0,0,0,0,0,0,0,0,iter,0,1,optk,4,dynamic
26,818,0.1,15,1,0,0,0,0,0,0,0,0,0,iter,0,1,rootk,2,dynamic
26,818,0.1,16,0,201863,201863,0.000508854,151161,0.0225578,0.0584691,0,0,0,iter,0,1,rootk,2,dynamic
26,818,0.1,16,0,201863,201863,0.0113476,76041,0.0113476,0.0296749,0,0,0,iter,0,1,k1,1,dynamic
26,818,0.1,16,0,201863,201863,3.95543e-06,298842,0.0445963,0.11352,0,0,0,iter,0,1,optk,4,dynamic
26,818,0.1,16,1,18,18,1.33278e-20,72,1.07446e-05,1.07445e-05,1,18,19,iter,0,1,optk,4,dynamic
26,818,0.1,16,1,206,206,5.14518e-10,152,2.2683e-05,6.1481e-05,1,76,77,iter,0,1,rootk,2,dynamic
26,818,0.1,16,1,3090,3090,0.000179822,1205,0.000179822,0.000461015,1,1225,1226,iter,0,1,k1,1,dynamic
26,4091,0.5,11,0,0,0,0,0,0,0,0,0,0,iter,0,1,k1,1,dynamic
26,4091,0.5,11,0,0,0,0,0,0,0,0,0,0,iter,0,1,optk,22,dynamic
26,4091,0.5,11,0,0,0,0,0,0,0,0,0,0,iter,0,1,rootk,5,dynamic
26,4091,0.5,12,0,0,0,0,0,0,0,0,0,0,iter,0,1,k1,1,dynamic
26,4091,0.5,12,0,0,0,0,0,0,0,0,0,0,iter,0,1,optk,22,dynamic
26,4091,0.5,12,0,0,0,0,0,0,0,0,0,0,iter,0,1,rootk,5,dynamic
26,4091,0.5,13,0,0,0,0,0,0,0,0,0,0,iter,0,1,k1,1,dynamic
26,4091,0.5,13,0,0,0,0,0,0,0,0,0,0,iter,0,1,optk,22,dynamic
26,4091,0.5,13,0,0,0,0,0,0,0,0,0,0,iter,0,1,rootk,5,dynamic
26,4091,0.5,14,0,165,165,2.41694e-06,81,2.41694e-06,4.92338e-06,0,0,0,iter,0,1,k1,1,dynamic
26,4091,0.5,14,0,165,165,2.57738e-25,405,1.20847e-05,2.46167e-05,0,0,0,iter,0,1,rootk,5,dynamic
26,4091,0.5,14,0,165,165,9.22873e-95,1782,5.31726e-05,0.000108309,0,0,0,iter,0,1,optk,22,dynamic
26,4091,0.5,14,1,0,0,0,0,0,0,0,0,0,iter,0,1,k1,1,dynamic
26,4091,0.5,14,1,0,0,0,0,0,0,0,0,0,iter,0,1,optk,22,dynamic
26,4091,0.5,14,1,0,0,0,0,0,0,0,0,0,iter,0,1,rootk,5,dynamic
26,4091,0.5,15,0,3926,3926,4.41315e-05,1479,4.41315e-05,0.00011714,0,0,0,iter,0,1,k1,1,dynamic
26,4091,0.5,15,0,3926,3926,5.17551e-67,32525,0.000970505,0.00257391,0,0,0,iter,0,1,optk,22,dynamic
26,4091,0.5,15,0,3926,3926,5.22404e-19,7393,0.000220598,0.000585563,0,0,0,iter,0,1,rootk,5,dynamic
26,4091,0.5,15,1,0,0,0,0,0,0,0,0,0,iter,0,1,optk,22,dynamic
26,4091,0.5,15,1,0,0,0,0,0,0,0,0,0,iter,0,1,rootk,5,dynamic
26,4091,0.5,15,1,1,1,2.98387e-08,1,2.98387e-08,2.98387e-08,0,1,1,iter,0,1,k1,1,dynamic
26,4091,0.5,16,0,201863,201863,0.00227783,76338,0.00227783,0.00600523,0,0,0,iter,0,1,k1,1,dynamic
26,4091,0.5,16,0,201863,201863,1.47879e-29,1639686,0.0489262,0.124109,0,0,0,iter,0,1,optk,22,dynamic
26,4091,0.5,16,0,201863,201863,1.87205e-10,379912,0.0113361,0.0296677,0,0,0,iter,0,1,rootk,5,dynamic
26,4091,0.5,16,1,18,18,1.39674e-28,90,2.68549e-06,2.68548e-06,1,18,19,iter,0,1,rootk,5,dynamic
26,4091,0.5,16,1,18,18,3.93067e-109,396,1.18161e-05,1.18161e-05,1,18,19,iter,0,1,optk,22,dynamic
26,4091,0.5,16,1,556,556,8.26533e-06,277,8.26533e-06,1.65902e-05,1,278,279,iter,0,1,k1,1,dynamic
27,34,0.001,10,0,0,0,0,0,0,0,0,0,0,iter,0,1,k1,1,dynamic
27,34,0.001,10,0,0,0,0,0,0,0,0,0,0,iter,0,1,optk,1,dynamic
27,34,0.001,10,0,0,0,0,0,0,0,0,0,0,iter,0,1,rootk,1,dynamic
27,34,0.001,11,0,0,0,0,0,0,0,0,0,0,iter,0,1,k1,1,dynamic
27,34,0.001,11,0,0,0,0,0,0,0,0,0,0,iter,0,1,optk,1,dynamic
27,34,0.001,11,0,0,0,0,0,0,0,0,0,0,iter,0,1,rootk,1,dynamic
27,34,0.001,12,0,0,0,0,0,0,0,0,0,0,iter,0,1,k1,1,dynamic
27,34,0.001,12,0,0,0,0,0,0,0,0,0,0,iter,0,1,optk,1,dynamic
27,34,0.001,12,0,0,0,0,0,0,0,0,0,0,iter,0,1,rootk,1,dynamic
27,34,0.001,13,0,6,6,7.18061e-06,2,7.18061e-06,2.15416e-05,0,0,0,iter,0,1,k1,1,dynamic
27,34,0.001,13,0,6,6,7.18061e-06,2,7.18061e-06,2.15416e-05,0,0,0,iter,0,1,optk,1,dynamic
27,34,0.001,13,0,6,6,7.18061e-06,2,7.18061e-06,2.15416e-05,0,0,0,iter,0,1,rootk,1,dynamic
27,34,0.001,13,1,0,0,0,0,0,0,0,0,0,iter,0,1,k1,1,dynamic
27,34,0.001,13,1,0,0,0,0,0,0,0,0,0,iter,0,1,optk,1,dynamic
27,34,0.001,13,1,0,0,0,0,0,0,0,0,0,iter,0,1,rootk,1,dynamic
27,34,0.001,14,0,1199,1199,0.00253834,707,0.00253834,0.00429552,0,0,0,iter,0,1,k1,1,dynamic
27,34,0.001,14,0,1199,1199,0.00254193,708,0.00254193,0.00429552,0,0,0,iter,0,1,optk,1,dynamic
27,34,0.001,14,0,1199,1199,0.00254553,709,0.00254553,0.00429552,0,0,0,iter,0,1,rootk,1,dynamic
27,34,0.001,14,1,0,0,0,0,0,0,0,0,0,iter,0,1,rootk,1,dynamic
27,34,0.001,14,1,1,1,3.5903e-06,1,3.5903e-06,3.5903e-06,0,1,1,iter,0,1,optk,1,dynamic
27,34,0.001,14,1,3,3,1.07709e-05,3,1.07709e-05,1.07709e-05,0,3,3,iter,0,1,k1,1,dynamic
27,34,0.001,15,0,82898,82898,0.133118,37077,0.133118,0.257423,0,0,0,iter,0,1,rootk,1,dynamic
27,34,0.001,15,0,82898,82898,0.133204,37101,0.133204,0.257423,0,0,0,iter,0,1,optk,1,dynamic
27,34,0.001,15,0,82898,82898,0.133312,37131,0.133312,0.257423,0,0,0,iter,0,1,k1,1,dynamic
27,34,0.001,15,1,3841,3841,0.00542495,1511,0.00542495,0.0136957,0,1561,1561,iter,0,1,optk,1,dynamic
27,34,0.001,15,1,4241,4241,0.00584142,1627,0.00584142,0.0151111,0,1682,1682,iter,0,1,rootk,1,dynamic
27,34,0.001,15,1,4518,4518,0.00591323,1647,0.00591323,0.0160901,0,0,0,iter,0,1,k1,1,dynamic
27,34,0.001,15,2,425,425,0.000822179,229,0.000822179,0.00152472,254,0,254,iter,0,1,k1,1,dynamic
27,34,0.001,16,0,1893893,1893893,0.952385,265266,0.952385,0.998886,0,0,0,iter,0,1,rootk,1,dynamic
27,34,0.001,16,0,1893893,1893893,0.952723,265360,0.952723,0.998886,0,0,0,iter,0,1,k1,1,dynamic
27,34,0.001,16,0,1893893,1893893,0.952759,265370,0.952759,0.998886,0,0,0,iter,0,1,optk,1,dynamic
27,34,0.001,16,0,94457,94457,0.141903,39524,0.141903,0.28761,51804,1,51805,type,0,8,k1,1,dynamic
27,34,0.001,16,0,95527,95527,0.141408,39386,0.141408,0.290341,51412,1,51413,type,0,8,rootk,1,dynamic
27,34,0.001,16,0,95965,95965,0.141982,39546,0.141982,0.291456,51498,1,51499,type,0,8,optk,1,dynamic
27,34,0.001,16,1,616147,616147,0.400222,111473,0.400222,0.890535,0,0,0,iter,0,1,k1,1,dynamic
27,34,0.001,16,1,618687,618687,0.401094,111716,0.401094,0.891529,0,0,0,iter,0,1,optk,1,dynamic
27,34,0.001,16,1,620117,620117,0.400337,111505,0.400337,0.892085,0,0,0,iter,0,1,rootk,1,dynamic
27,338,0.01,10,0,0,0,0,0,0,0,0,0,0,iter,0,1,k1,1,dynamic
27,338,0.01,10,0,0,0,0,0,0,0,0,0,0,iter,0,1,optk,1,dynamic
27,338,0.01,10,0,0,0,0,0,0,0,0,0,0,iter,0,1,rootk,1,dynamic
27,338,0.01,11,0,0,0,0,0,0,0,0,0,0,iter,0,1,k1,1,dynamic
27,338,0.01,11,0,0,0,0,0,0,0,0,0,0,iter,0,1,optk,1,dynamic
27,338,0.01,11,0,0,0,0,0,0,0,0,0,0,iter,0,1,rootk,1,dynamic
27,338,0.01,12,0,0,0,0,0,0,0,0,0,0,iter,0,1,k1,1,dynamic
27,338,0.01,12,0,0,0,0,0,0,0,0,0,0,iter,0,1,optk,1,dynamic
27,338,0.01,12,0,0,0,0,0,0,0,0,0,0,iter,0,1,rootk,1,dynamic
27,338,0.01,13,0,6,6,7.2231e-07,2,7.2231e-07,2.16693e-06,0,0,0,iter,0,1,k1,1,dynamic
27,338,0.01,13,0,6,6,7.2231e-07,2,7.2231e-07,2.16693e-06,0,0,0,iter,0,1,optk,1,dynamic
27,338,0.01,13,0,6,6,7.2231e-07,2,7.2231e-07,2.16693e-06,0,0,0,iter,0,1,rootk,1,dynamic
27,338,0.01,13,1,0,0,0,0,0,0,0,0,0,iter,0,1,k1,1,dynamic
27,338,0.01,13,1,0,0,0,0,0,0,0,0,0,iter,0,1,optk,1,dynamic
27,338,0.01,13,1,0,0,0,0,0,0,0,0,0,iter,0,1,rootk,1,dynamic
27,338,0.01,14,0,1199,1199,0.000255698,708,0.000255698,0.000432931,0,0,0,iter,0,1,optk,1,dynamic
27,338,0.01,14,0,1199,1199,0.000256059,709,0.000256059,0.000432931,0,0,0,iter,0,1,k1,1,dynamic
27,338,0.01,14,0,1199,1199,0.000256059,709,0.000256059,0.000432931,0,0,0,iter,0,1,rootk,1,dynamic
27,338,0.01,14,1,0,0,0,0,0,0,0,0,0,iter,0,1,k1,1,dynamic
27,338,0.01,14,1,0,0,0,0,0,0,0,0,0,iter,0,1,optk,1,dynamic
27,338,0.01,14,1,1,1,3.61155e-07,1,3.61155e-07,3.61155e-07,0,1,1,iter,0,1,rootk,1,dynamic
27,338,0.01,15,0,82898,82898,0.0142815,39544,0.0142815,0.0294953,0,0,0,iter,0,1,optk,1,dynamic
27,338,0.01,15,0,82898,82898,0.0142844,39552,0.0142844,0.0294953,0,0,0,iter,0,1,rootk,1,dynamic
27,338,0.01,15,0,82898,82898,0.0142891,39565,0.0142891,0.0294953,0,0,0,iter,0,1,k1,1,dynamic
27,338,0.01,15,1,345,345,5.81459e-05,161,5.81459e-05,0.000124591,0,161,161,iter,0,1,k1,1,dynamic
27,338,0.01,15,1,483,483,6.21186e-05,172,6.21186e-05,0.000174423,0,174,174,iter,0,1,optk,1,dynamic
27,338,0.01,15,1,504,504,6.28409e-05,174,6.28409e-05,0.000182005,0,174,174,iter,0,1,rootk,1,dynamic
27,338,0.01,16,0,1893893,1893893,0.263971,730908,0.263971,0.4954,0,0,0,iter,0,1,k1,1,dynamic
27,338,0.01,16,0,1893893,1893893,0.264104,731276,0.264104,0.4954,0,0,0,iter,0,1,optk,1,dynamic
27,338,0.01,16,0,1893893,1893893,0.26414,731375,0.26414,0.4954,0,0,0,iter,0,1,rootk,1,dynamic
27,338,0.01,16,1,168415,168415,0.0140919,39019,0.0140919,0.059011,0,0,0,iter,0,1,rootk,1,dynamic
27,338,0.01,16,1,168879,168879,0.0141656,39223,0.0141656,0.0591687,0,0,0,iter,0,1,k1,1,dynamic
27,338,0.01,16,1,173702,173702,0.0142544,39469,0.0142544,0.0608061,0,0,0,iter,0,1,optk,1,dynamic
27,338,0.01,16,2,26455,26455,0.00429449,11891,0.00429449,0.00950885,15460,1,15461,iter,0,1,optk,1,dynamic
27,338,0.01,16,2,27230,27230,0.00432122,11965,0.00432122,0.00978605,15610,1,15611,iter,0,1,k1,1,dynamic
27,338,0.01,16,2,27549,27549,0.00429594,11895,0.00429594,0.00990012,15536,1,15537,iter,0,1,rootk,1,dynamic
27,3385,0.1,10,0,0,0,0,0,0,0,0,0,0,iter,0,1,k1,1,dynamic
27,3385,0.1,10,0,0,0,0,0,0,0,0,0,0,iter,0,1,optk,5,dynamic
27,3385,0.1,10,0,0,0,0,0,0,0,0,0,0,iter,0,1,rootk,2,dynamic
27,3385,0.1,11,0,0,0,0,0,0,0,0,0,0,iter,0,1,k1,1,dynamic
27,3385,0.1,11,0,0,0,0,0,0,0,0,0,0,iter,0,1,optk,5,dynamic
27,3385,0.1,11,0,0,0,0,0,0,0,0,0,0,iter,0,1,rootk,2,dynamic
27,3385,0.1,12,0,0,0,0,0,0,0,0,0,0,iter,0,1,k1,1,dynamic
27,3385,0.1,12,0,0,0,0,0,0,0,0,0,0,iter,0,1,optk,5,dynamic
27,3385,0.1,12,0,0,0,0,0,0,0,0,0,0,iter,0,1,rootk,2,dynamic
27,3385,0.1,13,0,6,6,2.08076e-14,4,1.44249e-07,4.32745e-07,0,0,0,iter,0,1,rootk,2,dynamic
27,3385,0.1,13,0,6,6,6.09898e-33,10,3.60621e-07,1.08186e-06,0,0,0,iter,0,1,optk,5,dynamic
27,3385,0.1,13,0,6,6,7.21243e-08,2,7.21243e-08,2.16373e-07,0,0,0,iter,0,1,k1,1,dynamic
27,3385,0.1,13,1,0,0,0,0,0,0,0,0,0,iter,0,1,k1,1,dynamic
27,3385,0.1,13,1,0,0,0,0,0,0,0,0,0,iter,0,1,optk,5,dynamic
27,3385,0.1,13,1,0,0,0,0,0,0,0,0,0,iter,0,1,rootk,2,dynamic
27,3385,0.1,14,0,1199,1199,2.55681e-05,709,2.55681e-05,4.32376e-05,0,0,0,iter,0,1,k1,1,dynamic
27,3385,0.1,14,0,1199,1199,2.6149e-09,1418,5.11361e-05,8.64733e-05,0,0,0,iter,0,1,rootk,2,dynamic
27,3385,0.1,14,0,1199,1199,3.40977e-20,3544,0.000127804,0.000216169,0,0,0,iter,0,1,optk,5,dynamic
27,3385,0.1,14,1,0,0,0,0,0,0,0,0,0,iter,0,1,k1,1,dynamic
27,3385,0.1,14,1,0,0,0,0,0,0,0,0,0,iter,0,1,optk,5,dynamic
27,3385,0.1,14,1,0,0,0,0,0,0,0,0,0,iter,0,1,rootk,2,dynamic
27,3385,0.1,15,0,82898,82898,0.00143563,39810,0.00143563,0.00298501,0,0,0,iter,0,1,k1,1,dynamic
27,3385,0.1,15,0,82898,82898,1.87863e-11,198480,0.00715761,0.0148362,0,0,0,iter,0,1,optk,5,dynamic
27,3385,0.1,15,0,82898,82898,8.23775e-06,79589,0.00287015,0.00596112,0,0,0,iter,0,1,rootk,2,dynamic
27,3385,0.1,15,1,0,0,0,0,0,0,0,0,0,iter,0,1,optk,5,dynamic
27,3385,0.1,15,1,0,0,0,0,0,0,0,0,0,iter,0,1,rootk,2,dynamic
27,3385,0.1,15,1,71,71,8.29429e-07,23,8.29429e-07,2.56041e-06,0,23,23,iter,0,1,k1,1,dynamic
27,3385,0.1,16,0,1893893,1893893,0.00352487,1646343,0.0593706,0.127677,0,0,0,iter,0,1,rootk,2,dynamic
27,3385,0.1,16,0,1893893,1893893,0.0301319,835554,0.0301319,0.0660177,0,0,0,iter,0,1,k1,1,dynamic
27,3385,0.1,16,0,1893893,1893893,5.75469e-05,3935075,0.141907,0.289289,0,0,0,iter,0,1,optk,5,dynamic
27,3385,0.1,16,1,20236,20236,0.000163866,4544,0.000163866,0.000729487,1,4568,4569,iter,0,1,k1,1,dynamic
27,3385,0.1,16,1,22,22,1.02505e-28,70,2.52435e-06,3.96683e-06,1,14,15,iter,0,1,optk,5,dynamic
27,3385,0.1,16,1,2318,2318,1.29528e-09,998,3.599e-05,0.00016717,1,499,500,iter,0,1,rootk,2,dynamic
27,16923,0.5,10,0,0,0,0,0,0,0,0,0,0,iter,0,1,k1,1,dynamic
27,16923,0.5,10,0,0,0,0,0,0,0,0,0,0,iter,0,1,optk,23,dynamic
27,16923,0.5,10,0,0,0,0,0,0,0,0,0,0,iter,0,1,rootk,5,dynamic
27,16923,0.5,11,0,0,0,0,0,0,0,0,0,0,iter,0,1,k1,1,dynamic
27,16923,0.5,11,0,0,0,0,0,0,0,0,0,0,iter,0,1,optk,23,dynamic
27,16923,0.5,11,0,0,0,0,0,0,0,0,0,0,iter,0,1,rootk,5,dynamic
27,16923,0.5,12,0,0,0,0,0,0,0,0,0,0,iter,0,1,k1,1,dynamic
27,16923,0.5,12,0,0,0,0,0,0,0,0,0,0,iter,0,1,optk,23,dynamic
27,16923,0.5,12,0,0,0,0,0,0,0,0,0,0,iter,0,1,rootk,5,dynamic
27,16923,0.5,13,0,6,6,1.44266e-08,2,1.44266e-08,4.32797e-08,0,0,0,iter,0,1,k1,1,dynamic
27,16923,0.5,13,0,6,6,1.95283e-36,10,7.21328e-08,2.16398e-07,0,0,0,iter,0,1,rootk,5,dynamic
27,16923,0.5,13,0,6,6,9.56054e-150,46,3.31811e-07,9.95432e-07,0,0,0,iter,0,1,optk,23,dynamic
27,16923,0.5,13,1,0,0,0,0,0,0,0,0,0,iter,0,1,k1,1,dynamic
27,16923,0.5,13,1,0,0,0,0,0,0,0,0,0,iter,0,1,optk,23,dynamic
27,16923,0.5,13,1,0,0,0,0,0,0,0,0,0,iter,0,1,rootk,5,dynamic
27,16923,0.5,14,0,1199,1199,1.09331e-23,3545,2.55711e-05,4.32427e-05,0,0,0,iter,0,1,rootk,5,dynamic
27,16923,0.5,14,0,1199,1199,4.18462e-91,16307,0.000117627,0.000198901,0,0,0,iter,0,1,optk,23,dynamic
27,16923,0.5,14,0,1199,1199,5.11421e-06,709,5.11421e-06,8.64868e-06,0,0,0,iter,0,1,k1,1,dynamic
27,16923,0.5,14,1,0,0,0,0,0,0,0,0,0,iter,0,1,k1,1,dynamic
27,16923,0.5,14,1,0,0,0,0,0,0,0,0,0,iter,0,1,optk,23,dynamic
27,16923,0.5,14,1,0,0,0,0,0,0,0,0,0,iter,0,1,rootk,5,dynamic
27,16923,0.5,15,0,82898,82898,0.000287348,39836,0.000287348,0.000597788,0,0,0,iter,0,1,k1,1,dynamic
27,16923,0.5,15,0,82898,82898,6.10862e-15,199093,0.00143611,0.00298537,0,0,0,iter,0,1,rootk,5,dynamic
27,16923,0.5,15,0,82898,82898,6.80117e-51,913430,0.00658883,0.0136591,0,0,0,iter,0,1,optk,23,dynamic
27,16923,0.5,15,1,0,0,0,0,0,0,0,0,0,iter,0,1,optk,23,dynamic
27,16923,0.5,15,1,0,0,0,0,0,0,0,0,0,iter,0,1,rootk,5,dynamic
27,16923,0.5,15,1,5,5,3.60664e-08,5,3.60664e-08,3.60664e-08,0,5,5,iter,0,1,k1,1,dynamic
27,16923,0.5,16,0,1893893,1893893,0.00610357,846157,0.00610357,0.0135683,0,0,0,iter,0,1,k1,1,dynamic
27,16923,0.5,16,0,1893893,1893893,2.48943e-08,4179144,0.0301453,0.0660253,0,0,0,iter,0,1,rootk,5,dynamic
27,16923,0.5,16,0,1893893,1893893,5.30545e-21,18210987,0.131361,0.269632,0,0,0,iter,0,1,optk,23,dynamic
27,16923,0.5,16,1,3859,3859,6.47752e-06,898,6.47752e-06,2.78357e-05,1,900,901,iter,0,1,k1,1,dynamic
27,16923,0.5,16,1,4,4,6.24904e-35,20,1.44266e-07,1.44266e-07,1,4,5,iter,0,1,rootk,5,dynamic
27,16923,0.5,16,1,4,4,8.01996e-143,92,6.63622e-07,6.63621e-07,1,4,5,iter,0,1,optk,23,dynamic
28,1,0.001,11,0,0,0,0,0,0,0,0,0,0,iter,0,1,k1,1,dynamic
28,1,0.001,11,0,0,0,0,0,0,0,0,0,0,iter,0,1,optk,1,dynamic
28,1,0.001,11,0,0,0,0,0,0,0,0,0,0,iter,0,1,rootk,1,dynamic
28,1,0.001,12,0,0,0,0,0,0,0,0,0,0,iter,0,1,k1,1,dynamic
28,1,0.001,12,0,0,0,0,0,0,0,0,0,0,iter,0,1,optk,1,dynamic
28,1,0.001,12,0,0,0,0,0,0,0,0,0,0,iter,0,1,rootk,1,dynamic
28,1,0.001,13,0,0,0,0,0,0,0,0,0,0,iter,0,1,k1,1,dynamic
28,1,0.001,13,0,0,0,0,0,0,0,0,0,0,iter,0,1,optk,1,dynamic
28,1,0.001,13,0,0,0,0,0,0,0,0,0,0,iter,0,1,rootk,1,dynamic
28,1,0.001,14,0,402,402,0.0201416,165,0.0201416,0.0478877,0,0,0,iter,0,1,rootk,1,dynamic
28,1,0.001,14,0,402,402,0.0203857,167,0.0203857,0.0478877,0,0,0,iter,0,1,optk,1,dynamic
28,1,0.001,14,0,402,402,0.0205078,168,0.0205078,0.0478877,0,0,0,iter,0,1,k1,1,dynamic
28,1,0.001,14,1,1,1,0.00012207,1,0.00012207,0.000122063,0,1,1,iter,0,1,k1,1,dynamic
28,1,0.001,14,1,1,1,0.00012207,1,0.00012207,0.000122063,0,1,1,iter,0,1,optk,1,dynamic
28,1,0.001,14,1,2,2,0.000244141,2,0.000244141,0.000244111,0,2,2,iter,0,1,rootk,1,dynamic
28,1,0.001,15,0,1405,1405,0.0782471,641,0.0782471,0.157607,842,0,842,type,0,3,rootk,1,dynamic
28,1,0.001,15,0,1575,1575,0.0822754,674,0.0822754,0.174908,882,0,882,type,0,3,optk,1,dynamic
28,1,0.001,15,0,1603,1603,0.0826416,677,0.0826416,0.177724,893,0,893,type,0,3,k1,1,dynamic
28,1,0.001,15,0,21084,21084,0.676514,5542,0.676514,0.923749,0,0,0,iter,0,1,k1,1,dynamic
28,1,0.001,15,0,21084,21084,0.681152,5580,0.681152,0.923749,0,0,0,iter,0,1,optk,1,dynamic
28,1,0.001,15,0,21084,21084,0.683472,5599,0.683472,0.923749,0,0,0,iter,0,1,rootk,1,dynamic
28,1,0.001,15,1,1480,1480,0.0766602,628,0.0766602,0.165284,854,1,855,type,1,3,k1,1,dynamic
28,1,0.001,15,1,1734,1734,0.0848389,695,0.0848389,0.190768,916,1,917,type,1,3,optk,1,dynamic
28,1,0.001,15,1,1877,1877,0.0871582,714,0.0871582,0.204772,899,1,900,type,1,3,rootk,1,dynamic
28,1,0.001,15,1,4339,4339,0.22229,1821,0.22229,0.411197,0,0,0,iter,0,1,k1,1,dynamic
28,1,0.001,15,1,4430,4430,0.227661,1865,0.227661,0.417701,0,0,0,iter,0,1,rootk,1,dynamic
28,1,0.001,15,1,4548,4548,0.232056,1901,0.232056,0.426029,0,0,0,iter,0,1,optk,1,dynamic
28,7,0.01,11,0,0,0,0,0,0,0,0,0,0,iter,0,1,k1,1,dynamic
28,7,0.01,11,0,0,0,0,0,0,0,0,0,0,iter,0,1,optk,1,dynamic
28,7,0.01,11,0,0,0,0,0,0,0,0,0,0,iter,0,1,rootk,1,dynamic
28,7,0.01,12,0,0,0,0,0,0,0,0,0,0,iter,0,1,k1,1,dynamic
28,7,0.01,12,0,0,0,0,0,0,0,0,0,0,iter,0,1,optk,1,dynamic
28,7,0.01,12,0,0,0,0,0,0,0,0,0,0,iter,0,1,rootk,1,dynamic
28,7,0.01,13,0,0,0,0,0,0,0,0,0,0,iter,0,1,k1,1,dynamic
28,7,0.01,13,0,0,0,0,0,0,0,0,0,0,iter,0,1,optk,1,dynamic
28,7,0.01,13,0,0,0,0,0,0,0,0,0,0,iter,0,1,rootk,1,dynamic
28,7,0.01,14,0,402,402,0.00291225,167,0.00291225,0.00698581,0,0,0,iter,0,1,rootk,1,dynamic
28,7,0.01,14,0,402,402,0.00292969,168,0.00292969,0.00698581,0,0,0,iter,0,1,k1,1,dynamic
28,7,0.01,14,0,402,402,0.00292969,168,0.00292969,0.00698581,0,0,0,iter,0,1,optk,1,dynamic
28,7,0.01,14,1,0,0,0,0,0,0,0,0,0,iter,0,1,k1,1,dynamic
28,7,0.01,14,1,0,0,0,0,0,0,0,0,0,iter,0,1,optk,1,dynamic
28,7,0.01,14,1,0,0,0,0,0,0,0,0,0,iter,0,1,rootk,1,dynamic
28,7,0.01,15,0,21084,21084,0.148629,8523,0.148629,0.307658,0,0,0,iter,0,1,optk,1,dynamic
28,7,0.01,15,0,21084,21084,0.148717,8528,0.148717,0.307658,0,0,0,iter,0,1,rootk,1,dynamic
28,7,0.01,15,0,21084,21084,0.148978,8543,0.148978,0.307658,0,0,0,iter,0,1,k1,1,dynamic
28,7,0.01,15,1,1014,1014,0.00819615,470,0.00819615,0.0175273,0,0,0,iter,0,1,optk,1,dynamic
28,7,0.01,15,1,1102,1102,0.00875419,502,0.00875419,0.0190339,0,0,0,iter,0,1,rootk,1,dynamic
28,7,0.01,15,1,987,987,0.00821359,471,0.00821359,0.0170646,0,0,0,iter,0,1,k1,1,dynamic
28,7,0.01,15,2,146,146,0.00132533,76,0.00132533,0.0025428,88,1,89,iter,0,1,optk,1,dynamic
28,7,0.01,15,2,156,156,0.00151716,87,0.00151716,0.00271673,95,1,96,iter,0,1,k1,1,dynamic
28,7,0.01,15,2,231,231,0.00179618,103,0.00179618,0.00402022,122,1,123,iter,0,1,rootk,1,dynamic
28,74,0.1,11,0,0,0,0,0,0,0,0,0,0,iter,0,1,k1,1,dynamic
28,74,0.1,11,0,0,0,0,0,0,0,0,0,0,iter,0,1,optk,1,dynamic
28,74,0.1,11,0,0,0,0,0,0,0,0,0,0,iter,0,1,rootk,1,dynamic
28,74,0.1,12,0,0,0,0,0,0,0,0,0,0,iter,0,1,k1,1,dynamic
28,74,0.1,12,0,0,0,0,0,0,0,0,0,0,iter,0,1,optk,1,dynamic
28,74,0.1,12,0,0,0,0,0,0,0,0,0,0,iter,0,1,rootk,1,dynamic
28,74,0.1,13,0,0,0,0,0,0,0,0,0,0,iter,0,1,k1,1,dynamic
28,74,0.1,13,0,0,0,0,0,0,0,0,0,0,iter,0,1,optk,1,dynamic
28,74,0.1,13,0,0,0,0,0,0,0,0,0,0,iter,0,1,rootk,1,dynamic
28,74,0.1,14,0,402,402,0.000277133,168,0.000277133,0.000662919,0,0,0,iter,0,1,k1,1,dynamic
28,74,0.1,14,0,402,402,0.000277133,168,0.000277133,0.000662919,0,0,0,iter,0,1,optk,1,dynamic
28,74,0.1,14,0,402,402,0.000277133,168,0.000277133,0.000662919,0,0,0,iter,0,1,rootk,1,dynamic
28,74,0.1,14,1,0,0,0,0,0,0,0,0,0,iter,0,1,k1,1,dynamic
28,74,0.1,14,1,0,0,0,0,0,0,0,0,0,iter,0,1,optk,1,dynamic
28,74,0.1,14,1,0,0,0,0,0,0,0,0,0,iter,0,1,rootk,1,dynamic
28,74,0.1,15,0,21084,21084,0.0151615,9191,0.0151615,0.0341823,0,0,0,iter,0,1,optk,1,dynamic
28,74,0.1,15,0,21084,21084,0.0151648,9193,0.0151648,0.0341823,0,0,0,iter,0,1,k1,1,dynamic
28,74,0.1,15,0,21084,21084,0.0151664,9194,0.0151664,0.0341823,0,0,0,iter,0,1,rootk,1,dynamic
28,74,0.1,15,1,121,121,7.42319e-05,45,7.42319e-05,0.000199582,1,45,46,iter,0,1,rootk,1,dynamic
28,74,0.1,15,1,73,73,6.10352e-05,37,6.10352e-05,0.000120413,1,37,38,iter,0,1,k1,1,dynamic
28,74,0.1,15,1,85,85,7.75311e-05,47,7.75311e-05,0.000140206,1,47,48,iter,0,1,optk,1,dynamic
28,369,0.5,11,0,0,0,0,0,0,0,0,0,0,iter,0,1,k1,1,dynamic
28,369,0.5,11,0,0,0,0,0,0,0,0,0,0,iter,0,1,optk,2,dynamic
28,369,0.5,11,0,0,0,0,0,0,0,0,0,0,iter,0,1,rootk,1,dynamic
28,369,0.5,12,0,0,0,0,0,0,0,0,0,0,iter,0,1,k1,1,dynamic
28,369,0.5,12,0,0,0,0,0,0,0,0,0,0,iter,0,1,optk,2,dynamic
28,369,0.5,12,0,0,0,0,0,0,0,0,0,0,iter,0,1,rootk,1,dynamic
28,369,0.5,13,0,0,0,0,0,0,0,0,0,0,iter,0,1,k1,1,dynamic
28,369,0.5,13,0,0,0,0,0,0,0,0,0,0,iter,0,1,optk,2,dynamic
28,369,0.5,13,0,0,0,0,0,0,0,0,0,0,iter,0,1,rootk,1,dynamic
28,369,0.5,14,0,402,402,1.23551e-08,336,0.000111153,0.000265939,0,0,0,iter,0,1,optk,2,dynamic
28,369,0.5,14,0,402,402,5.55767e-05,168,5.55767e-05,0.000132978,0,0,0,iter,0,1,k1,1,dynamic
28,369,0.5,14,0,402,402,5.55767e-05,168,5.55767e-05,0.000132978,0,0,0,iter,0,1,rootk,1,dynamic
28,369,0.5,14,1,0,0,0,0,0,0,0,0,0,iter,0,1,k1,1,dynamic
28,369,0.5,14,1,0,0,0,0,0,0,0,0,0,iter,0,1,optk,2,dynamic
28,369,0.5,14,1,0,0,0,0,0,0,0,0,0,iter,0,1,rootk,1,dynamic
28,369,0.5,15,0,21084,21084,0.00305937,9248,0.00305937,0.00695061,0,0,0,iter,0,1,rootk,1,dynamic
28,369,0.5,15,0,21084,21084,0.00306301,9259,0.00306301,0.00695061,0,0,0,iter,0,1,k1,1,dynamic
28,369,0.5,15,0,21084,21084,3.73216e-05,18467,0.00610914,0.0138529,0,0,0,iter,0,1,optk,2,dynamic
28,369,0.5,15,1,1,1,4.37751e-13,2,6.61628e-07,6.61627e-07,1,1,2,iter,0,1,optk,2,dynamic
28,369,0.5,15,1,10,10,2.3157e-06,7,2.3157e-06,3.30813e-06,1,7,8,iter,0,1,k1,1,dynamic
28,369,0.5,15,1,25,25,2.3157e-06,7,2.3157e-06,8.27031e-06,1,7,8,iter,0,1,rootk,1,dynamic
29,4,0.001,10,0,0,0,0,0,0,0,0,0,0,iter,0,1,k1,1,dynamic
29,4,0.001,10,0,0,0,0,0,0,0,0,0,0,iter,0,1,optk,1,dynamic
29,4,0.001,10,0,0,0,0,0,0,0,0,0,0,iter,0,1,rootk,1,dynamic
29,4,0.001,11,0,0,0,0,0,0,0,0,0,0,iter,0,1,k1,1,dynamic
29,4,0.001,11,0,0,0,0,0,0,0,0,0,0,iter,0,1,optk,1,dynamic
29,4,0.001,11,0,0,0,0,0,0,0,0,0,0,iter,0,1,rootk,1,dynamic
29,4,0.001,12,0,0,0,0,0,0,0,0,0,0,iter,0,1,k1,1,dynamic
29,4,0.001,12,0,0,0,0,0,0,0,0,0,0,iter,0,1,optk,1,dynamic
29,4,0.001,12,0,0,0,0,0,0,0,0,0,0,iter,0,1,rootk,1,dynamic
29,4,0.001,13,0,7,7,6.10352e-05,2,6.10352e-05,0.0002136,0,0,0,iter,0,1,k1,1,dynamic
29,4,0.001,13,0,7,7,6.10352e-05,2,6.10352e-05,0.0002136,0,0,0,iter,0,1,optk,1,dynamic
29,4,0.001,13,0,7,7,6.10352e-05,2,6.10352e-05,0.0002136,0,0,0,iter,0,1,rootk,1,dynamic
29,4,0.001,13,1,0,0,0,0,0,0,0,0,0,iter,0,1,k1,1,dynamic
29,4,0.001,13,1,0,0,0,0,0,0,0,0,0,iter,0,1,optk,1,dynamic
29,4,0.001,13,1,0,0,0,0,0,0,0,0,0,iter,0,1,rootk,1,dynamic
29,4,0.001,14,0,1682,1682,0.0285339,935,0.0285339,0.0500354,0,0,0,iter,0,1,k1,1,dynamic
29,4,0.001,14,0,1682,1682,0.0285645,936,0.0285645,0.0500354,0,0,0,iter,0,1,rootk,1,dynamic
29,4,0.001,14,0,1682,1682,0.028656,939,0.028656,0.0500354,0,0,0,iter,0,1,optk,1,dynamic
29,4,0.001,14,1,63,63,0.00100708,33,0.00100708,0.00192076,0,34,34,iter,0,1,rootk,1,dynamic
29,4,0.001,14,1,72,72,0.000976562,32,0.000976562,0.00219485,0,32,32,iter,0,1,k1,1,dynamic
29,4,0.001,14,1,82,82,0.00143433,47,0.00143433,0.00249931,0,48,48,iter,0,1,optk,1,dynamic
29,4,0.001,15,0,104213,104213,0.794189,26024,0.794189,0.958428,0,0,0,iter,0,1,optk,1,dynamic
29,4,0.001,15,0,104213,104213,0.796051,26085,0.796051,0.958428,0,0,0,iter,0,1,k1,1,dynamic
29,4,0.001,15,0,104213,104213,0.79718,26122,0.79718,0.958428,0,0,0,iter,0,1,rootk,1,dynamic
29,4,0.001,15,0,7741,7741,0.11084,3632,0.11084,0.210406,4544,1,4545,type,0,5,optk,1,dynamic
29,4,0.001,15,0,7782,7782,0.11142,3651,0.11142,0.211393,4663,1,4664,type,0,5,rootk,1,dynamic
29,4,0.001,15,0,7883,7883,0.113281,3712,0.113281,0.21382,4648,1,4649,type,0,5,k1,1,dynamic
29,4,0.001,15,1,39859,39859,0.376953,12352,0.376953,0.703705,0,0,0,iter,0,1,optk,1,dynamic
29,4,0.001,15,1,40013,40013,0.382111,12521,0.382111,0.705094,0,0,0,iter,0,1,rootk,1,dynamic
29,4,0.001,15,1,40122,40122,0.378143,12391,0.378143,0.706074,0,0,0,iter,0,1,k1,1,dynamic
29,39,0.01,10,0,0,0,0,0,0,0,0,0,0,iter,0,1,k1,1,dynamic
29,39,0.01,10,0,0,0,0,0,0,0,0,0,0,iter,0,1,optk,1,dynamic
29,39,0.01,10,0,0,0,0,0,0,0,0,0,0,iter,0,1,rootk,1,dynamic
29,39,0.01,11,0,0,0,0,0,0,0,0,0,0,iter,0,1,k1,1,dynamic
29,39,0.01,11,0,0,0,0,0,0,0,0,0,0,iter,0,1,optk,1,dynamic
29,39,0.01,11,0,0,0,0,0,0,0,0,0,0,iter,0,1,rootk,1,dynamic
29,39,0.01,12,0,0,0,0,0,0,0,0,0,0,iter,0,1,k1,1,dynamic
29,39,0.01,12,0,0,0,0,0,0,0,0,0,0,iter,0,1,optk,1,dynamic
29,39,0.01,12,0,0,0,0,0,0,0,0,0,0,iter,0,1,rootk,1,dynamic
29,39,0.01,13,0,7,7,6.26002e-06,2,6.26002e-06,2.19098e-05,0,0,0,iter,0,1,k1,1,dynamic
29,39,0.01,13,0,7,7,6.26002e-06,2,6.26002e-06,2.19098e-05,0,0,0,iter,0,1,optk,1,dynamic
29,39,0.01,13,0,7,7,6.26002e-06,2,6.26002e-06,2.19098e-05,0,0,0,iter,0,1,rootk,1,dynamic
29,39,0.01,13,1,0,0,0,0,0,0,0,0,0,iter,0,1,k1,1,dynamic
29,39,0.01,13,1,0,0,0,0,0,0,0,0,0,iter,0,1,optk,1,dynamic
29,39,0.01,13,1,0,0,0,0,0,0,0,0,0,iter,0,1,rootk,1,dynamic
29,39,0.01,14,0,1682,1682,0.00296725,948,0.00296725,0.00525084,0,0,0,iter,0,1,k1,1,dynamic
29,39,0.01,14,0,1682,1682,0.00296725,948,0.00296725,0.00525084,0,0,0,iter,0,1,rootk,1,dynamic
29,39,0.01,14,0,1682,1682,0.00297038,949,0.00297038,0.00525084,0,0,0,iter,0,1,optk,1,dynamic
29,39,0.01,14,1,3,3,6.26002e-06,2,6.26002e-06,9.38998e-06,0,2,2,iter,0,1,k1,1,dynamic
29,39,0.01,14,1,3,3,9.39002e-06,3,9.39002e-06,9.38998e-06,0,3,3,iter,0,1,rootk,1,dynamic
29,39,0.01,14,1,6,6,1.565e-05,5,1.565e-05,1.87799e-05,0,5,5,iter,0,1,optk,1,dynamic
29,39,0.01,15,0,104213,104213,0.150053,47940,0.150053,0.27833,0,0,0,iter,0,1,k1,1,dynamic
29,39,0.01,15,0,104213,104213,0.150309,48022,0.150309,0.27833,0,0,0,iter,0,1,optk,1,dynamic
29,39,0.01,15,0,104213,104213,0.150434,48062,0.150434,0.27833,0,0,0,iter,0,1,rootk,1,dynamic
29,39,0.01,15,1,7426,7426,0.00921474,2944,0.00921474,0.0229754,0,0,0,iter,0,1,rootk,1,dynamic
29,39,0.01,15,1,7567,7567,0.0090332,2886,0.0090332,0.0234065,0,0,0,iter,0,1,optk,1,dynamic
29,39,0.01,15,1,7604,7604,0.0092523,2956,0.0092523,0.0235196,0,0,0,iter,0,1,k1,1,dynamic
29,39,0.01,15,2,840,840,0.00143354,458,0.00143354,0.00262575,530,1,531,iter,0,1,k1,1,dynamic
29,39,0.01,15,2,855,855,0.00128643,411,0.00128643,0.00267258,478,1,479,iter,0,1,optk,1,dynamic
29,39,0.01,15,2,919,919,0.00149927,479,0.00149927,0.00287234,585,1,586,iter,0,1,rootk,1,dynamic
29,386,0.1,10,0,0,0,0,0,0,0,0,0,0,iter,0,1,k1,1,dynamic
29,386,0.1,10,0,0,0,0,0,0,0,0,0,0,iter,0,1,optk,4,dynamic
29,386,0.1,10,0,0,0,0,0,0,0,0,0,0,iter,0,1,rootk,2,dynamic
29,386,0.1,11,0,0,0,0,0,0,0,0,0,0,iter,0,1,k1,1,dynamic
29,386,0.1,11,0,0,0,0,0,0,0,0,0,0,iter,0,1,optk,4,dynamic
29,386,0.1,11,0,0,0,0,0,0,0,0,0,0,iter,0,1,rootk,2,dynamic
29,386,0.1,12,0,0,0,0,0,0,0,0,0,0,iter,0,1,k1,1,dynamic
29,386,0.1,12,0,0,0,0,0,0,0,0,0,0,iter,0,1,optk,4,dynamic
29,386,0.1,12,0,0,0,0,0,0,0,0,0,0,iter,0,1,rootk,2,dynamic
29,386,0.1,13,0,7,7,1.60017e-12,4,1.26498e-06,4.42741e-06,0,0,0,iter,0,1,rootk,2,dynamic
29,386,0.1,13,0,7,7,4.09686e-23,8,2.52995e-06,8.8548e-06,0,0,0,iter,0,1,optk,4,dynamic
29,386,0.1,13,0,7,7,6.32489e-07,2,6.32489e-07,2.21371e-06,0,0,0,iter,0,1,k1,1,dynamic
29,386,0.1,13,1,0,0,0,0,0,0,0,0,0,iter,0,1,k1,1,dynamic
29,386,0.1,13,1,0,0,0,0,0,0,0,0,0,iter,0,1,optk,4,dynamic
29,386,0.1,13,1,0,0,0,0,0,0,0,0,0,iter,0,1,rootk,2,dynamic
29,386,0.1,14,0,1682,1682,0.000300116,949,0.000300116,0.000531782,0,0,0,iter,0,1,k1,1,dynamic
29,386,0.1,14,0,1682,1682,2.07681e-12,3796,0.00120046,0.00212543,0,0,0,iter,0,1,optk,4,dynamic
29,386,0.1,14,0,1682,1682,3.60278e-07,1898,0.000600232,0.00106328,0,0,0,iter,0,1,rootk,2,dynamic
29,386,0.1,14,1,0,0,0,0,0,0,0,0,0,iter,0,1,k1,1,dynamic
29,386,0.1,14,1,0,0,0,0,0,0,0,0,0,iter,0,1,optk,4,dynamic
29,386,0.1,14,1,0,0,0,0,0,0,0,0,0,iter,0,1,rootk,2,dynamic
29,386,0.1,15,0,104213,104213,0.00104819,102376,0.0323758,0.0637882,0,0,0,iter,0,1,rootk,2,dynamic
29,386,0.1,15,0,104213,104213,0.0163255,51623,0.0163255,0.0324196,0,0,0,iter,0,1,k1,1,dynamic
29,386,0.1,15,0,104213,104213,1.64928e-05,201512,0.063727,0.123507,0,0,0,iter,0,1,optk,4,dynamic
29,386,0.1,15,1,3,3,2.07403e-22,12,3.79493e-06,3.79492e-06,1,3,4,iter,0,1,optk,4,dynamic
29,386,0.1,15,1,43,43,2.30424e-10,48,1.51797e-05,2.71966e-05,1,24,25,iter,0,1,rootk,2,dynamic
29,386,0.1,15,1,994,994,0.000109737,347,0.000109737,0.000314297,1,348,349,iter,0,1,k1,1,dynamic
29,1928,0.5,10,0,0,0,0,0,0,0,0,0,0,iter,0,1,k1,1,dynamic
29,1928,0.5,10,0,0,0,0,0,0,0,0,0,0,iter,0,1,optk,21,dynamic
29,1928,0.5,10,0,0,0,0,0,0,0,0,0,0,iter,0,1,rootk,5,dynamic
29,1928,0.5,11,0,0,0,0,0,0,0,0,0,0,iter,0,1,k1,1,dynamic
29,1928,0.5,11,0,0,0,0,0,0,0,0,0,0,iter,0,1,optk,21,dynamic
29,1928,0.5,11,0,0,0,0,0,0,0,0,0,0,iter,0,1,rootk,5,dynamic
29,1928,0.5,12,0,0,0,0,0,0,0,0,0,0,iter,0,1,k1,1,dynamic
29,1928,0.5,12,0,0,0,0,0,0,0,0,0,0,iter,0,1,optk,21,dynamic
29,1928,0.5,12,0,0,0,0,0,0,0,0,0,0,iter,0,1,rootk,5,dynamic
29,1928,0.5,13,0,7,7,1.01745e-31,10,6.33145e-07,2.216e-06,0,0,0,iter,0,1,rootk,5,dynamic
29,1928,0.5,13,0,7,7,1.26629e-07,2,1.26629e-07,4.43201e-07,0,0,0,iter,0,1,k1,1,dynamic
29,1928,0.5,13,0,7,7,8.31378e-118,42,2.65921e-06,9.30718e-06,0,0,0,iter,0,1,optk,21,dynamic
29,1928,0.5,13,1,0,0,0,0,0,0,0,0,0,iter,0,1,k1,1,dynamic
29,1928,0.5,13,1,0,0,0,0,0,0,0,0,0,iter,0,1,optk,21,dynamic
29,1928,0.5,13,1,0,0,0,0,0,0,0,0,0,iter,0,1,rootk,5,dynamic
29,1928,0.5,14,0,1682,1682,1.31086e-61,19922,0.00126135,0.0022339,0,0,0,iter,0,1,optk,21,dynamic
29,1928,0.5,14,0,1682,1682,2.44477e-18,4744,0.000300364,0.000532333,0,0,0,iter,0,1,rootk,5,dynamic
29,1928,0.5,14,0,1682,1682,6.00854e-05,949,6.00854e-05,0.000106489,0,0,0,iter,0,1,k1,1,dynamic
29,1928,0.5,14,1,0,0,0,0,0,0,0,0,0,iter,0,1,k1,1,dynamic
29,1928,0.5,14,1,0,0,0,0,0,0,0,0,0,iter,0,1,optk,21,dynamic
29,1928,0.5,14,1,0,0,0,0,0,0,0,0,0,iter,0,1,rootk,5,dynamic
29,1928,0.5,15,0,104213,104213,0.00328843,51938,0.00328843,0.00657647,0,0,0,iter,0,1,k1,1,dynamic
29,1928,0.5,15,0,104213,104213,1.16523e-09,258095,0.0163412,0.0324527,0,0,0,iter,0,1,rootk,5,dynamic
29,1928,0.5,15,0,104213,104213,2.12127e-25,1055779,0.0668461,0.129391,0,0,0,iter,0,1,optk,21,dynamic
29,1928,0.5,15,1,158,158,3.73555e-06,59,3.73555e-06,1.00036e-05,1,59,60,iter,0,1,k1,1,dynamic
29,1928,0.5,15,1,2,2,1.01745e-31,10,6.33145e-07,6.33145e-07,1,2,3,iter,0,1,rootk,5,dynamic
29,1928,0.5,15,1,2,2,8.31378e-118,42,2.65921e-06,2.6592e-06,1,2,3,iter,0,1,optk,21,dynamic
30,144,0.001,12,0,0,0,0,0,0,0,0,0,0,iter,0,1,k1,1,dynamic
30,144,0.001,12,0,0,0,0,0,0,0,0,0,0,iter,0,1,optk,1,dynamic
30,144,0.001,12,0,0,0,0,0,0,0,0,0,0,iter,0,1,rootk,1,dynamic
30,144,0.001,13,0,0,0,0,0,0,0,0,0,0,iter,0,1,k1,1,dynamic
30,144,0.001,13,0,0,0,0,0,0,0,0,0,0,iter,0,1,optk,1,dynamic
30,144,0.001,13,0,0,0,0,0,0,0,0,0,0,iter,0,1,rootk,1,dynamic
30,144,0.001,14,0,0,0,0,0,0,0,0,0,0,iter,0,1,k1,1,dynamic
30,144,0.001,14,0,0,0,0,0,0,0,0,0,0,iter,0,1,optk,1,dynamic
30,144,0.001,14,0,0,0,0,0,0,0,0,0,0,iter,0,1,rootk,1,dynamic
30,144,0.001,15,0,177,177,2.88222e-05,34,2.88222e-05,0.000150034,0,0,0,iter,0,1,k1,1,dynamic
30,144,0.001,15,0,177,177,2.88222e-05,34,2.88222e-05,0.000150034,0,0,0,iter,0,1,optk,1,dynamic
30,144,0.001,15,0,177,177,2.88222e-05,34,2.88222e-05,0.000150034,0,0,0,iter,0,1,rootk,1,dynamic
30,144,0.001,15,1,0,0,0,0,0,0,0,0,0,iter,0,1,k1,1,dynamic
30,144,0.001,15,1,0,0,0,0,0,0,0,0,0,iter,0,1,optk,1,dynamic
30,144,0.001,15,1,0,0,0,0,0,0,0,0,0,iter,0,1,rootk,1,dynamic
30,144,0.001,16,0,38431,38431,0.0146798,17317,0.0146798,0.0320534,0,0,0,iter,0,1,optk,1,dynamic
30,144,0.001,16,0,38431,38431,0.0146891,17328,0.0146891,0.0320534,0,0,0,iter,0,1,rootk,1,dynamic
30,144,0.001,16,0,38431,38431,0.014701,17342,0.014701,0.0320534,0,0,0,iter,0,1,k1,1,dynamic
30,144,0.001,16,1,44,44,1.18679e-05,14,1.18679e-05,3.72986e-05,0,14,14,iter,0,1,k1,1,dynamic
30,144,0.001,16,1,61,61,1.78019e-05,21,1.78019e-05,5.1709e-05,0,21,21,iter,0,1,rootk,1,dynamic
30,144,0.001,16,1,64,64,1.18679e-05,14,1.18679e-05,5.4252e-05,0,14,14,iter,0,1,optk,1,dynamic
30,144,0.001,17,0,873281,873281,0.316054,372833,0.316054,0.523024,0,0,0,iter,0,1,k1,1,dynamic
30,144,0.001,17,0,873281,873281,0.316115,372905,0.316115,0.523024,0,0,0,iter,0,1,optk,1,dynamic
30,144,0.001,17,0,873281,873281,0.316245,373058,0.316245,0.523024,0,0,0,iter,0,1,rootk,1,dynamic
30,144,0.001,17,1,54990,54990,0.00569492,6718,0.00569492,0.0455458,0,0,0,iter,0,1,rootk,1,dynamic
30,144,0.001,17,1,61645,61645,0.00567373,6693,0.00567373,0.0509152,0,0,0,iter,0,1,optk,1,dynamic
30,144,0.001,17,1,61665,61665,0.0057763,6814,0.0057763,0.0509313,0,0,0,iter,0,1,k1,1,dynamic
30,144,0.001,17,2,4827,4827,0.00211928,2500,0.00211928,0.00408354,3488,0,3488,iter,0,1,optk,1,dynamic
30,144,0.001,17,2,4840,4840,0.00216844,2558,0.00216844,0.00409451,3598,0,3598,iter,0,1,rootk,1,dynamic
30,144,0.001,17,2,4946,4946,0.00218285,2575,0.00218285,0.004184,3512,0,3512,iter,0,1,k1,1,dynamic
30,144,0.001,18,0,10335675,10335675,0.988453,1166027,0.988453,0.999843,0,0,0,iter,0,1,rootk,1,dynamic
30,144,0.001,18,0,10335675,10335675,0.988473,1166050,0.988473,0.999843,0,0,0,iter,0,1,k1,1,dynamic
30,144,0.001,18,0,10335675,10335675,0.988473,1166050,0.988473,0.999843,0,0,0,iter,0,1,optk,1,dynamic
30,144,0.001,18,0,299669,299669,0.122231,144190,0.122231,0.224333,215507,1,215508,type,0,8,optk,1,dynamic
30,144,0.001,18,0,301480,301480,0.1225,144507,0.1225,0.225523,215596,1,215597,type,0,8,k1,1,dynamic
30,144,0.001,18,0,303265,303265,0.122913,144994,0.122913,0.226694,216597,1,216598,type,0,8,rootk,1,dynamic
30,144,0.001,18,1,4361658,4361658,0.233955,275984,0.233955,0.975213,0,0,0,iter,0,1,k1,1,dynamic
30,144,0.001,18,1,4366585,4366585,0.233912,275934,0.233912,0.975316,0,0,0,iter,0,1,optk,1,dynamic
30,144,0.001,18,1,4372137,4372137,0.233892,275910,0.233892,0.975432,0,0,0,iter,0,1,rootk,1,dynamic
30,1443,0.01,12,0,0,0,0,0,0,0,0,0,0,iter,0,1,k1,1,dynamic
30,1443,0.01,12,0,0,0,0,0,0,0,0,0,0,iter,0,1,optk,1,dynamic
30,1443,0.01,12,0,0,0,0,0,0,0,0,0,0,iter,0,1,rootk,1,dynamic
30,1443,0.01,13,0,0,0,0,0,0,0,0,0,0,iter,0,1,k1,1,dynamic
30,1443,0.01,13,0,0,0,0,0,0,0,0,0,0,iter,0,1,optk,1,dynamic
30,1443,0.01,13,0,0,0,0,0,0,0,0,0,0,iter,0,1,rootk,1,dynamic
30,1443,0.01,14,0,0,0,0,0,0,0,0,0,0,iter,0,1,k1,1,dynamic
30,1443,0.01,14,0,0,0,0,0,0,0,0,0,0,iter,0,1,optk,1,dynamic
30,1443,0.01,14,0,0,0,0,0,0,0,0,0,0,iter,0,1,rootk,1,dynamic
30,1443,0.01,15,0,177,177,2.87622e-06,34,2.87622e-06,1.49732e-05,0,0,0,iter,0,1,k1,1,dynamic
30,1443,0.01,15,0,177,177,2.87622e-06,34,2.87622e-06,1.49732e-05,0,0,0,iter,0,1,optk,1,dynamic
30,1443,0.01,15,0,177,177,2.87622e-06,34,2.87622e-06,1.49732e-05,0,0,0,iter,0,1,rootk,1,dynamic
30,1443,0.01,15,1,0,0,0,0,0,0,0,0,0,iter,0,1,k1,1,dynamic
30,1443,0.01,15,1,0,0,0,0,0,0,0,0,0,iter,0,1,optk,1,dynamic
30,1443,0.01,15,1,0,0,0,0,0,0,0,0,0,iter,0,1,rootk,1,dynamic
30,1443,0.01,16,0,38431,38431,0.00147466,17432,0.00147466,0.00324578,0,0,0,iter,0,1,k1,1,dynamic
30,1443,0.01,16,0,38431,38431,0.001475,17436,0.001475,0.00324578,0,0,0,iter,0,1,rootk,1,dynamic
30,1443,0.01,16,0,38431,38431,0.00147559,17443,0.00147559,0.00324578,0,0,0,iter,0,1,optk,1,dynamic
30,1443,0.01,16,1,1,1,8.45948e-08,1,8.45948e-08,8.45948e-08,0,1,1,iter,0,1,k1,1,dynamic
30,1443,0.01,16,1,18,18,2.53784e-07,3,2.53784e-07,1.52271e-06,0,3,3,iter,0,1,rootk,1,dynamic
30,1443,0.01,16,1,7,7,8.45948e-08,1,8.45948e-08,5.92164e-07,0,1,1,iter,0,1,optk,1,dynamic
30,1443,0.01,17,0,873281,873281,0.03721,439862,0.03721,0.0712123,0,0,0,iter,0,1,rootk,1,dynamic
30,1443,0.01,17,0,873281,873281,0.0372151,439922,0.0372151,0.0712123,0,0,0,iter,0,1,k1,1,dynamic
30,1443,0.01,17,0,873281,873281,0.0372269,440061,0.0372269,0.0712123,0,0,0,iter,0,1,optk,1,dynamic
30,1443,0.01,17,1,5379,5379,6.85218e-05,810,6.85218e-05,0.000454932,0,811,811,iter,0,1,optk,1,dynamic
30,1443,0.01,17,1,6977,6977,6.28539e-05,743,6.28539e-05,0.000590044,0,746,746,iter,0,1,rootk,1,dynamic
30,1443,0.01,17,1,7052,7052,6.74221e-05,797,6.74221e-05,0.000596385,0,798,798,iter,0,1,k1,1,dynamic
30,1443,0.01,18,0,10335675,10335675,0.35937,4248138,0.35937,0.582865,0,0,0,iter,0,1,k1,1,dynamic
30,1443,0.01,18,0,10335675,10335675,0.359444,4249005,0.359444,0.582865,0,0,0,iter,0,1,rootk,1,dynamic
30,1443,0.01,18,0,10335675,10335675,0.359463,4249228,0.359463,0.582865,0,0,0,iter,0,1,optk,1,dynamic
30,1443,0.01,18,1,1569216,1569216,0.00962858,113820,0.00962858,0.124314,0,0,0,iter,0,1,k1,1,dynamic
30,1443,0.01,18,1,1570803,1570803,0.00964271,113987,0.00964271,0.124431,0,0,0,iter,0,1,optk,1,dynamic
30,1443,0.01,18,1,1574621,1574621,0.0096433,113994,0.0096433,0.124714,0,0,0,iter,0,1,rootk,1,dynamic
30,1443,0.01,18,2,98592,98592,0.00426705,50441,0.00426705,0.00830569,72832,1,72833,iter,0,1,rootk,1,dynamic
30,1443,0.01,18,2,99200,99200,0.00424573,50189,0.00424573,0.00835669,72240,1,72241,iter,0,1,k1,1,dynamic
30,1443,0.01,18,2,99257,99257,0.0042574,50327,0.0042574,0.00836147,72559,1,72560,iter,0,1,optk,1,dynamic
30,14428,0.1,12,0,0,0,0,0,0,0,0,0,0,iter,0,1,k1,1,dynamic
30,14428,0.1,12,0,0,0,0,0,0,0,0,0,0,iter,0,1,optk,4,dynamic
30,14428,0.1,12,0,0,0,0,0,0,0,0,0,0,iter,0,1,rootk,2,dynamic
30,14428,0.1,13,0,0,0,0,0,0,0,0,0,0,iter,0,1,k1,1,dynamic
30,14428,0.1,13,0,0,0,0,0,0,0,0,0,0,iter,0,1,optk,4,dynamic
30,14428,0.1,13,0,0,0,0,0,0,0,0,0,0,iter,0,1,rootk,2,dynamic
30,14428,0.1,14,0,0,0,0,0,0,0,0,0,0,iter,0,1,k1,1,dynamic
30,14428,0.1,14,0,0,0,0,0,0,0,0,0,0,iter,0,1,optk,4,dynamic
30,14428,0.1,14,0,0,0,0,0,0,0,0,0,0,iter,0,1,rootk,2,dynamic
30,14428,0.1,15,0,177,177,1.75296e-24,136,1.15065e-06,5.99012e-06,0,0,0,iter,0,1,optk,4,dynamic
30,14428,0.1,15,0,177,177,2.87662e-07,34,2.87662e-07,1.49753e-06,0,0,0,iter,0,1,k1,1,dynamic
30,14428,0.1,15,0,177,177,3.30998e-13,68,5.75324e-07,2.99507e-06,0,0,0,iter,0,1,rootk,2,dynamic
30,14428,0.1,15,1,0,0,0,0,0,0,0,0,0,iter,0,1,k1,1,dynamic
30,14428,0.1,15,1,0,0,0,0,0,0,0,0,0,iter,0,1,optk,4,dynamic
30,14428,0.1,15,1,0,0,0,0,0,0,0,0,0,iter,0,1,rootk,2,dynamic
30,14428,0.1,16,0,38431,38431,0.00014763,17449,0.00014763,0.000325099,0,0,0,iter,0,1,k1,1,dynamic
30,14428,0.1,16,0,38431,38431,1.2149e-13,69780,0.000590384,0.00129976,0,0,0,iter,0,1,optk,4,dynamic
30,14428,0.1,16,0,38431,38431,8.71784e-08,34898,0.00029526,0.000650091,0,0,0,iter,0,1,rootk,2,dynamic
30,14428,0.1,16,1,0,0,0,0,0,0,0,0,0,iter,0,1,k1,1,dynamic
30,14428,0.1,16,1,0,0,0,0,0,0,0,0,0,iter,0,1,optk,4,dynamic
30,14428,0.1,16,1,0,0,0,0,0,0,0,0,0,iter,0,1,rootk,2,dynamic
30,14428,0.1,17,0,873281,873281,0.00378632,447521,0.00378632,0.0073613,0,0,0,iter,0,1,k1,1,dynamic
30,14428,0.1,17,0,873281,873281,5.14383e-08,1779991,0.0150599,0.0291217,0,0,0,iter,0,1,optk,4,dynamic
30,14428,0.1,17,0,873281,873281,5.71362e-05,893412,0.00755885,0.0146684,0,0,0,iter,0,1,rootk,2,dynamic
30,14428,0.1,17,1,0,0,0,0,0,0,0,0,0,iter,0,1,optk,4,dynamic
30,14428,0.1,17,1,1,1,2.86331e-16,2,1.69213e-08,1.69213e-08,0,1,1,iter,0,1,rootk,2,dynamic
30,14428,0.1,17,1,809,809,8.71447e-07,103,8.71447e-07,6.84465e-06,0,103,103,iter,0,1,k1,1,dynamic
30,14428,0.1,18,0,10335675,10335675,0.000709167,19287825,0.163188,0.295161,0,0,0,iter,0,1,optk,4,dynamic
30,14428,0.1,18,0,10335675,10335675,0.00726481,10074143,0.0852338,0.160453,0,0,0,iter,0,1,rootk,2,dynamic
30,14428,0.1,18,0,10335675,10335675,0.0435624,5148825,0.0435624,0.0837322,0,0,0,iter,0,1,k1,1,dynamic
30,14428,0.1,18,1,201679,201679,0.000117468,13884,0.000117468,0.00170488,1,13915,13916,iter,0,1,k1,1,dynamic
30,14428,0.1,18,1,2617,2617,5.12408e-21,1000,8.46065e-06,8.85622e-05,1,250,251,iter,0,1,optk,4,dynamic
30,14428,0.1,18,1,35510,35510,1.53716e-09,4634,3.92067e-05,0.000600695,1,2317,2318,iter,0,1,rootk,2,dynamic
30,72141,0.5,12,0,0,0,0,0,0,0,0,0,0,iter,0,1,k1,1,dynamic
30,72141,0.5,12,0,0,0,0,0,0,0,0,0,0,iter,0,1,optk,18,dynamic
30,72141,0.5,12,0,0,0,0,0,0,0,0,0,0,iter,0,1,rootk,4,dynamic
30,72141,0.5,13,0,0,0,0,0,0,0,0,0,0,iter,0,1,k1,1,dynamic
30,72141,0.5,13,0,0,0,0,0,0,0,0,0,0,iter,0,1,optk,18,dynamic
30,72141,0.5,13,0,0,0,0,0,0,0,0,0,0,iter,0,1,rootk,4,dynamic
30,72141,0.5,14,0,0,0,0,0,0,0,0,0,0,iter,0,1,k1,1,dynamic
30,72141,0.5,14,0,0,0,0,0,0,0,0,0,0,iter,0,1,optk,18,dynamic
30,72141,0.5,14,0,0,0,0,0,0,0,0,0,0,iter,0,1,rootk,4,dynamic
30,72141,0.5,15,0,177,177,1.87598e-108,612,1.03557e-06,5.39104e-06,0,0,0,iter,0,1,optk,18,dynamic
30,72141,0.5,15,0,177,177,2.80458e-27,136,2.30127e-07,1.19801e-06,0,0,0,iter,0,1,rootk,4,dynamic
30,72141,0.5,15,0,177,177,5.75316e-08,34,5.75316e-08,2.99503e-07,0,0,0,iter,0,1,k1,1,dynamic
30,72141,0.5,15,1,0,0,0,0,0,0,0,0,0,iter,0,1,k1,1,dynamic
30,72141,0.5,15,1,0,0,0,0,0,0,0,0,0,iter,0,1,optk,18,dynamic
30,72141,0.5,15,1,0,0,0,0,0,0,0,0,0,iter,0,1,rootk,4,dynamic
30,72141,0.5,16,0,38431,38431,1.14237e-59,314055,0.000531415,0.00116984,0,0,0,iter,0,1,optk,18,dynamic
30,72141,0.5,16,0,38431,38431,1.94607e-16,69801,0.000118111,0.000260084,0,0,0,iter,0,1,rootk,4,dynamic
30,72141,0.5,16,0,38431,38431,2.95307e-05,17452,2.95307e-05,6.50273e-05,0,0,0,iter,0,1,k1,1,dynamic
30,72141,0.5,16,1,0,0,0,0,0,0,0,0,0,iter,0,1,k1,1,dynamic
30,72141,0.5,16,1,0,0,0,0,0,0,0,0,0,iter,0,1,optk,18,dynamic
30,72141,0.5,16,1,0,0,0,0,0,0,0,0,0,iter,0,1,rootk,4,dynamic
30,72141,0.5,17,0,873281,873281,0.000758433,448218,0.000758433,0.00147659,0,0,0,iter,0,1,k1,1,dynamic
30,72141,0.5,17,0,873281,873281,2.41674e-34,8016297,0.0135644,0.0262477,0,0,0,iter,0,1,optk,18,dynamic
30,72141,0.5,17,0,873281,873281,8.43432e-11,1790955,0.00303049,0.00589331,0,0,0,iter,0,1,rootk,4,dynamic
30,72141,0.5,17,1,0,0,0,0,0,0,0,0,0,iter,0,1,optk,18,dynamic
30,72141,0.5,17,1,0,0,0,0,0,0,0,0,0,iter,0,1,rootk,4,dynamic
30,72141,0.5,17,1,206,206,2.87658e-08,17,2.87658e-08,3.48574e-07,0,17,17,iter,0,1,k1,1,dynamic
30,72141,0.5,18,0,10335675,10335675,0.00886868,5241202,0.00886868,0.017337,0,0,0,iter,0,1,k1,1,dynamic
30,72141,0.5,18,0,10335675,10335675,1.18248e-15,87555389,0.148153,0.270068,0,0,0,iter,0,1,optk,18,dynamic
30,72141,0.5,18,0,10335675,10335675,1.50161e-06,20687671,0.0350058,0.0675654,0,0,0,iter,0,1,rootk,4,dynamic
30,72141,0.5,18,1,14,14,2.17226e-115,252,4.26411e-07,4.26411e-07,1,14,15,iter,0,1,optk,18,dynamic
30,72141,0.5,18,1,14,14,8.06239e-29,56,9.4758e-08,9.4758e-08,1,14,15,iter,0,1,rootk,4,dynamic
30,72141,0.5,18,1,43661,43661,4.95618e-06,2929,4.95618e-06,7.38764e-05,1,2931,2932,iter,0,1,k1,1,dynamic
31,1,0.001,11,0,0,0,0,0,0,0,0,0,0,iter,0,1,k1,1,dynamic
31,1,0.001,11,0,0,0,0,0,0,0,0,0,0,iter,0,1,optk,1,dynamic
31,1,0.001,11,0,0,0,0,0,0,0,0,0,0,iter,0,1,rootk,1,dynamic
31,1,0.001,12,0,0,0,0,0,0,0,0,0,0,iter,0,1,k1,1,dynamic
31,1,0.001,12,0,0,0,0,0,0,0,0,0,0,iter,0,1,optk,1,dynamic
31,1,0.001,12,0,0,0,0,0,0,0,0,0,0,iter,0,1,rootk,1,dynamic
31,1,0.001,13,0,13,13,0.00146484,12,0.00146484,0.00158566,0,0,0,iter,0,1,k1,1,dynamic
31,1,0.001,13,0,13,13,0.00146484,12,0.00146484,0.00158566,0,0,0,iter,0,1,optk,1,dynamic
31,1,0.001,13,0,13,13,0.00146484,12,0.00146484,0.00158566,0,0,0,iter,0,1,rootk,1,dynamic
31,1,0.001,13,1,0,0,0,0,0,0,0,0,0,iter,0,1,k1,1,dynamic
31,1,0.001,13,1,0,0,0,0,0,0,0,0,0,iter,0,1,optk,1,dynamic
31,1,0.001,13,1,0,0,0,0,0,0,0,0,0,iter,0,1,rootk,1,dynamic
31,1,0.001,14,0,1918,1918,0.16333,1338,0.16333,0.208742,0,0,0,iter,0,1,rootk,1,dynamic
31,1,0.001,14,0,1918,1918,0.164551,1348,0.164551,0.208742,0,0,0,iter,0,1,optk,1,dynamic
31,1,0.001,14,0,1918,1918,0.166748,1366,0.166748,0.208742,0,0,0,iter,0,1,k1,1,dynamic
31,1,0.001,14,1,58,58,0.00427246,35,0.00427246,0.00705507,1,37,38,iter,0,1,rootk,1,dynamic
31,1,0.001,14,1,78,78,0.00549316,45,0.00549316,0.0094763,1,45,46,iter,0,1,optk,1,dynamic
31,1,0.001,14,1,79,79,0.00476074,39,0.00476074,0.0095972,1,39,40,iter,0,1,k1,1,dynamic
31,1,0.01,11,0,0,0,0,0,0,0,0,0,0,iter,0,1,k1,1,dynamic
31,1,0.01,11,0,0,0,0,0,0,0,0,0,0,iter,0,1,optk,1,dynamic
31,1,0.01,11,0,0,0,0,0,0,0,0,0,0,iter,0,1,rootk,1,dynamic
31,1,0.01,12,0,0,0,0,0,0,0,0,0,0,iter,0,1,k1,1,dynamic
31,1,0.01,12,0,0,0,0,0,0,0,0,0,0,iter,0,1,optk,1,dynamic
31,1,0.01,12,0,0,0,0,0,0,0,0,0,0,iter,0,1,rootk,1,dynamic
31,1,0.01,13,0,13,13,0.00146484,12,0.00146484,0.00158566,0,0,0,iter,0,1,k1,1,dynamic
31,1,0.01,13,0,13,13,0.00146484,12,0.00146484,0.00158566,0,0,0,iter,0,1,optk,1,dynamic
31,1,0.01,13,0,13,13,0.00146484,12,0.00146484,0.00158566,0,0,0,iter,0,1,rootk,1,dynamic
31,1,0.01,13,1,0,0,0,0,0,0,0,0,0,iter,0,1,k1,1,dynamic
31,1,0.01,13,1,0,0,0,0,0,0,0,0,0,iter,0,1,optk,1,dynamic
31,1,0.01,13,1,0,0,0,0,0,0,0,0,0,iter,0,1,rootk,1,dynamic
31,1,0.01,14,0,1918,1918,0.162231,1329,0.162231,0.208742,0,0,0,iter,0,1,k1,1,dynamic
31,1,0.01,14,0,1918,1918,0.16272,1333,0.16272,0.208742,0,0,0,iter,0,1,rootk,1,dynamic
31,1,0.01,14,0,1918,1918,0.163574,1340,0.163574,0.208742,0,0,0,iter,0,1,optk,1,dynamic
31,1,0.01,14,1,40,40,0.00341797,28,0.00341797,0.00487091,1,28,29,iter,0,1,optk,1,dynamic
31,1,0.01,14,1,72,72,0.00427246,35,0.00427246,0.00875055,1,35,36,iter,0,1,k1,1,dynamic
31,1,0.01,14,1,73,73,0.00585938,48,0.00585938,0.00887155,1,49,50,iter,0,1,rootk,1,dynamic
31,6,0.1,11,0,0,0,0,0,0,0,0,0,0,iter,0,1,k1,1,dynamic
31,6,0.1,11,0,0,0,0,0,0,0,0,0,0,iter,0,1,optk,3,dynamic
31,6,0.1,11,0,0,0,0,0,0,0,0,0,0,iter,0,1,rootk,2,dynamic
31,6,0.1,12,0,0,0,0,0,0,0,0,0,0,iter,0,1,k1,1,dynamic
31,6,0.1,12,0,0,0,0,0,0,0,0,0,0,iter,0,1,optk,3,dynamic
31,6,0.1,12,0,0,0,0,0,0,0,0,0,0,iter,0,1,rootk,2,dynamic
31,6,0.1,13,0,13,13,0.000244141,12,0.000244141,0.000264451,0,0,0,iter,0,1,k1,1,dynamic
31,6,0.1,13,0,13,13,2.38419e-07,24,0.000488281,0.000528831,0,0,0,iter,0,1,rootk,2,dynamic
31,6,0.1,13,0,13,13,3.92902e-10,36,0.000732422,0.000793142,0,0,0,iter,0,1,optk,3,dynamic
31,6,0.1,13,1,0,0,0,0,0,0,0,0,0,iter,0,1,k1,1,dynamic
31,6,0.1,13,1,0,0,0,0,0,0,0,0,0,iter,0,1,optk,3,dynamic
31,6,0.1,13,1,0,0,0,0,0,0,0,0,0,iter,0,1,rootk,2,dynamic
31,6,0.1,14,0,1918,1918,0.000635572,4226,0.0859782,0.110473,0,0,0,iter,0,1,optk,3,dynamic
31,6,0.1,14,0,1918,1918,0.00334323,2842,0.0578206,0.0750759,0,0,0,iter,0,1,rootk,2,dynamic
31,6,0.1,14,0,1918,1918,0.0293579,1443,0.0293579,0.0382703,0,0,0,iter,0,1,k1,1,dynamic
31,6,0.1,14,1,19,19,0.000101725,5,0.000101725,0.000386481,1,5,6,iter,0,1,k1,1,dynamic
31,6,0.1,14,1,2,2,1.81899e-12,6,0.00012207,0.000122063,1,2,3,iter,0,1,optk,3,dynamic
31,6,0.1,14,1,3,3,1.49012e-08,6,0.00012207,0.000122063,1,3,4,iter,0,1,rootk,2,dynamic
31,32,0.5,11,0,0,0,0,0,0,0,0,0,0,iter,0,1,k1,1,dynamic
31,32,0.5,11,0,0,0,0,0,0,0,0,0,0,iter,0,1,optk,16,dynamic
31,32,0.5,11,0,0,0,0,0,0,0,0,0,0,iter,0,1,rootk,4,dynamic
31,32,0.5,12,0,0,0,0,0,0,0,0,0,0,iter,0,1,k1,1,dynamic
31,32,0.5,12,0,0,0,0,0,0,0,0,0,0,iter,0,1,optk,16,dynamic
31,32,0.5,12,0,0,0,0,0,0,0,0,0,0,iter,0,1,rootk,4,dynamic
31,32,0.5,13,0,13,13,1.1241e-15,48,0.000183105,0.000198345,0,0,0,iter,0,1,rootk,4,dynamic
31,32,0.5,13,0,13,13,4.57764e-05,12,4.57764e-05,4.95898e-05,0,0,0,iter,0,1,k1,1,dynamic
31,32,0.5,13,0,13,13,6.85774e-51,192,0.000732422,0.000793142,0,0,0,iter,0,1,optk,16,dynamic
31,32,0.5,13,1,0,0,0,0,0,0,0,0,0,iter,0,1,k1,1,dynamic
31,32,0.5,13,1,0,0,0,0,0,0,0,0,0,iter,0,1,optk,16,dynamic
31,32,0.5,13,1,0,0,0,0,0,0,0,0,0,iter,0,1,rootk,4,dynamic
31,32,0.5,14,0,1918,1918,0.0055809,1463,0.0055809,0.00728989,0,0,0,iter,0,1,k1,1,dynamic
31,32,0.5,14,0,1918,1918,2.42458e-07,5817,0.0221901,0.0288422,0,0,0,iter,0,1,rootk,4,dynamic
31,32,0.5,14,0,1918,1918,8.50411e-18,22472,0.0857239,0.110473,0,0,0,iter,0,1,optk,16,dynamic
31,32,0.5,14,1,2,2,2.43087e-63,32,0.00012207,0.000122063,1,2,3,iter,0,1,optk,16,dynamic
31,32,0.5,14,1,2,2,7.62939e-06,2,7.62939e-06,7.62937e-06,1,2,3,iter,0,1,k1,1,dynamic
31,32,0.5,14,1,2,2,8.67362e-19,8,3.05176e-05,3.05171e-05,1,2,3,iter,0,1,rootk,4,dynamic
32,1,0.001,11,0,0,0,0,0,0,0,0,0,0,iter,0,1,k1,1,dynamic
32,1,0.001,11,0,0,0,0,0,0,0,0,0,0,iter,0,1,optk,1,dynamic
32,1,0.001,11,0,0,0,0,0,0,0,0,0,0,iter,0,1,rootk,1,dynamic
32,1,0.001,12,0,0,0,0,0,0,0,0,0,0,iter,0,1,k1,1,dynamic
32,1,0.001,12,0,0,0,0,0,0,0,0,0,0,iter,0,1,optk,1,dynamic
32,1,0.001,12,0,0,0,0,0,0,0,0,0,0,iter,0,1,rootk,1,dynamic
32,1,0.001,13,0,32,32,0.0012207,10,0.0012207,0.00389863,0,0,0,iter,0,1,k1,1,dynamic
32,1,0.001,13,0,32,32,0.0012207,10,0.0012207,0.00389863,0,0,0,iter,0,1,optk,1,dynamic
32,1,0.001,13,0,32,32,0.0012207,10,0.0012207,0.00389863,0,0,0,iter,0,1,rootk,1,dynamic
32,1,0.001,13,1,0,0,0,0,0,0,0,0,0,iter,0,1,k1,1,dynamic
32,1,0.001,13,1,0,0,0,0,0,0,0,0,0,iter,0,1,optk,1,dynamic
32,1,0.001,13,1,0,0,0,0,0,0,0,0,0,iter,0,1,rootk,1,dynamic
32,1,0.001,14,0,3222,3222,0.206299,1690,0.206299,0.325181,0,0,0,iter,0,1,rootk,1,dynamic
32,1,0.001,14,0,3222,3222,0.20752,1700,0.20752,0.325181,0,0,0,iter,0,1,k1,1,dynamic
32,1,0.001,14,0,3222,3222,0.210083,1721,0.210083,0.325181,0,0,0,iter,0,1,optk,1,dynamic
32,1,0.001,14,1,212,212,0.00805664,66,0.00805664,0.0255469,0,0,0,iter,0,1,k1,1,dynamic
32,1,0.001,14,1,233,233,0.0090332,74,0.0090332,0.0280417,0,0,0,iter,0,1,rootk,1,dynamic
32,1,0.001,14,1,262,262,0.0101318,83,0.0101318,0.0314764,0,0,0,iter,0,1,optk,1,dynamic
32,1,0.001,14,2,17,17,0.00170898,14,0.00170898,0.00207304,18,0,18,iter,0,1,k1,1,dynamic
32,1,0.001,14,2,32,32,0.00195312,16,0.00195312,0.00389863,20,0,20,iter,0,1,rootk,1,dynamic
32,1,0.001,14,2,32,32,0.00244141,20,0.00244141,0.00389863,22,0,22,iter,0,1,optk,1,dynamic
32,1,0.001,15,0,3272,3272,0.227661,1865,0.227661,0.329287,2660,1,2661,type,0,8,rootk,1,dynamic
32,1,0.001,15,0,3328,3328,0.223877,1834,0.223877,0.333856,2679,1,2680,type,0,8,k1,1,dynamic
32,1,0.001,15,0,3360,3360,0.229248,1878,0.229248,0.336453,2720,1,2721,type,0,8,optk,1,dynamic
32,1,0.001,15,0,57330,57330,0.987427,8089,0.987427,0.999087,0,0,0,iter,0,1,optk,1,dynamic
32,1,0.001,15,0,57330,57330,0.988525,8098,0.988525,0.999087,0,0,0,iter,0,1,k1,1,dynamic
32,1,0.001,15,0,57330,57330,0.988892,8101,0.988892,0.999087,0,0,0,iter,0,1,rootk,1,dynamic
32,1,0.001,15,1,20222,20222,0.451904,3702,0.451904,0.915289,0,0,0,iter,0,1,k1,1,dynamic
32,1,0.001,15,1,20353,20353,0.447388,3665,0.447388,0.916633,0,0,0,iter,0,1,optk,1,dynamic
32,1,0.001,15,1,20356,20356,0.448486,3674,0.448486,0.916663,0,0,0,iter,0,1,rootk,1,dynamic
32,13,0.01,11,0,0,0,0,0,0,0,0,0,0,iter,0,1,k1,1,dynamic
32,13,0.01,11,0,0,0,0,0,0,0,0,0,0,iter,0,1,optk,1,dynamic
32,13,0.01,11,0,0,0,0,0,0,0,0,0,0,iter,0,1,rootk,1,dynamic
32,13,0.01,12,0,0,0,0,0,0,0,0,0,0,iter,0,1,k1,1,dynamic
32,13,0.01,12,0,0,0,0,0,0,0,0,0,0,iter,0,1,optk,1,dynamic
32,13,0.01,12,0,0,0,0,0,0,0,0,0,0,iter,0,1,rootk,1,dynamic
32,13,0.01,13,0,32,32,9.39002e-05,10,9.39002e-05,0.000300436,0,0,0,iter,0,1,k1,1,dynamic
32,13,0.01,13,0,32,32,9.39002e-05,10,9.39002e-05,0.000300436,0,0,0,iter,0,1,optk,1,dynamic
32,13,0.01,13,0,32,32,9.39002e-05,10,9.39002e-05,0.000300436,0,0,0,iter,0,1,rootk,1,dynamic
32,13,0.01,13,1,0,0,0,0,0,0,0,0,0,iter,0,1,k1,1,dynamic
32,13,0.01,13,1,0,0,0,0,0,0,0,0,0,iter,0,1,optk,1,dynamic
32,13,0.01,13,1,0,0,0,0,0,0,0,0,0,iter,0,1,rootk,1,dynamic
32,13,0.01,14,0,3222,3222,0.017841,1900,0.017841,0.0298016,0,0,0,iter,0,1,optk,1,dynamic
32,13,0.01,14,0,3222,3222,0.0178692,1903,0.0178692,0.0298016,0,0,0,iter,0,1,k1,1,dynamic
32,13,0.01,14,0,3222,3222,0.0178974,1906,0.0178974,0.0298016,0,0,0,iter,0,1,rootk,1,dynamic
32,13,0.01,14,1,24,24,6.57302e-05,7,6.57302e-05,0.000225335,0,7,7,iter,0,1,k1,1,dynamic
32,13,0.01,14,1,4,4,3.75601e-05,4,3.75601e-05,3.75594e-05,0,4,4,iter,0,1,optk,1,dynamic
32,13,0.01,14,1,5,5,4.69501e-05,5,4.69501e-05,4.6949e-05,0,5,5,iter,0,1,rootk,1,dynamic
32,13,0.01,15,0,57330,57330,0.290875,30977,0.290875,0.416278,0,0,0,iter,0,1,optk,1,dynamic
32,13,0.01,15,0,57330,57330,0.290997,30990,0.290997,0.416278,0,0,0,iter,0,1,k1,1,dynamic
32,13,0.01,15,0,57330,57330,0.291495,31043,0.291495,0.416278,0,0,0,iter,0,1,rootk,1,dynamic
32,13,0.01,15,1,5334,5334,0.0127798,1361,0.0127798,0.0488527,0,0,0,iter,0,1,k1,1,dynamic
32,13,0.01,15,1,5472,5472,0.0133526,1422,0.0133526,0.0500845,0,0,0,iter,0,1,optk,1,dynamic
32,13,0.01,15,1,5557,5557,0.0132493,1411,0.0132493,0.0508423,0,0,0,iter,0,1,rootk,1,dynamic
32,13,0.01,15,2,697,697,0.00440392,469,0.00440392,0.00652348,639,1,640,iter,0,1,k1,1,dynamic
32,13,0.01,15,2,789,789,0.0045166,481,0.0045166,0.00738135,634,1,635,iter,0,1,optk,1,dynamic
32,13,0.01,15,2,818,818,0.00455416,485,0.00455416,0.00765162,648,1,649,iter,0,1,rootk,1,dynamic
32,126,0.1,11,0,0,0,0,0,0,0,0,0,0,iter,0,1,k1,1,dynamic
32,126,0.1,11,0,0,0,0,0,0,0,0,0,0,iter,0,1,optk,4,dynamic
32,126,0.1,11,0,0,0,0,0,0,0,0,0,0,iter,0,1,rootk,2,dynamic
32,126,0.1,12,0,0,0,0,0,0,0,0,0,0,iter,0,1,k1,1,dynamic
32,126,0.1,12,0,0,0,0,0,0,0,0,0,0,iter,0,1,optk,4,dynamic
32,126,0.1,12,0,0,0,0,0,0,0,0,0,0,iter,0,1,rootk,2,dynamic
32,126,0.1,13,0,32,32,2.25527e-18,40,3.87525e-05,0.000124,0,0,0,iter,0,1,optk,4,dynamic
32,126,0.1,13,0,32,32,3.75439e-10,20,1.93762e-05,6.2002e-05,0,0,0,iter,0,1,rootk,2,dynamic
32,126,0.1,13,0,32,32,9.68812e-06,10,9.68812e-06,3.10015e-05,0,0,0,iter,0,1,k1,1,dynamic
32,126,0.1,13,1,0,0,0,0,0,0,0,0,0,iter,0,1,k1,1,dynamic
32,126,0.1,13,1,0,0,0,0,0,0,0,0,0,iter,0,1,optk,4,dynamic
32,126,0.1,13,1,0,0,0,0,0,0,0,0,0,iter,0,1,rootk,2,dynamic
32,126,0.1,14,0,3222,3222,0.00185721,1917,0.00185721,0.00311665,0,0,0,iter,0,1,k1,1,dynamic
32,126,0.1,14,0,3222,3222,1.37826e-05,3832,0.00371249,0.00622358,0,0,0,iter,0,1,rootk,2,dynamic
32,126,0.1,14,0,3222,3222,3.00932e-09,7645,0.00740657,0.0124084,0,0,0,iter,0,1,optk,4,dynamic
32,126,0.1,14,1,0,0,0,0,0,0,0,0,0,iter,0,1,k1,1,dynamic
32,126,0.1,14,1,0,0,0,0,0,0,0,0,0,iter,0,1,optk,4,dynamic
32,126,0.1,14,1,0,0,0,0,0,0,0,0,0,iter,0,1,rootk,2,dynamic
32,126,0.1,15,0,57330,57330,0.000307308,136664,0.132402,0.199219,0,0,0,iter,0,1,optk,4,dynamic
32,126,0.1,15,0,57330,57330,0.00471708,70892,0.068681,0.105136,0,0,0,iter,0,1,rootk,2,dynamic
32,126,0.1,15,0,57330,57330,0.0349305,36055,0.0349305,0.0540277,0,0,0,iter,0,1,k1,1,dynamic
32,126,0.1,15,1,102,102,5.42133e-09,76,7.36297e-05,0.000197618,1,38,39,iter,0,1,rootk,2,dynamic
32,126,0.1,15,1,1046,1046,0.000206357,213,0.000206357,0.00101286,1,215,216,iter,0,1,k1,1,dynamic
32,126,0.1,15,1,29,29,1.88362e-17,68,6.58792e-05,0.000112376,1,17,18,iter,0,1,optk,4,dynamic
32,629,0.5,11,0,0,0,0,0,0,0,0,0,0,iter,0,1,k1,1,dynamic
32,629,0.5,11,0,0,0,0,0,0,0,0,0,0,iter,0,1,optk,22,dynamic
32,629,0.5,11,0,0,0,0,0,0,0,0,0,0,iter,0,1,rootk,5,dynamic
32,629,0.5,12,0,0,0,0,0,0,0,0,0,0,iter,0,1,k1,1,dynamic
32,629,0.5,12,0,0,0,0,0,0,0,0,0,0,iter,0,1,optk,22,dynamic
32,629,0.5,12,0,0,0,0,0,0,0,0,0,0,iter,0,1,rootk,5,dynamic
32,629,0.5,13,0,32,32,1.9407e-06,10,1.9407e-06,6.21024e-06,0,0,0,iter,0,1,k1,1,dynamic
32,629,0.5,13,0,32,32,7.38594e-97,220,4.26955e-05,0.000136616,0,0,0,iter,0,1,optk,22,dynamic
32,629,0.5,13,0,32,32,8.60294e-26,50,9.70352e-06,3.10508e-05,0,0,0,iter,0,1,rootk,5,dynamic
32,629,0.5,13,1,0,0,0,0,0,0,0,0,0,iter,0,1,k1,1,dynamic
32,629,0.5,13,1,0,0,0,0,0,0,0,0,0,iter,0,1,optk,22,dynamic
32,629,0.5,13,1,0,0,0,0,0,0,0,0,0,iter,0,1,rootk,5,dynamic
32,629,0.5,14,0,3222,3222,0.000372615,1920,0.000372615,0.0006251,0,0,0,iter,0,1,k1,1,dynamic
32,629,0.5,14,0,3222,3222,1.15781e-46,42075,0.00816551,0.0136623,0,0,0,iter,0,1,optk,22,dynamic
32,629,0.5,14,0,3222,3222,2.23301e-14,9590,0.00186114,0.00312159,0,0,0,iter,0,1,rootk,5,dynamic
32,629,0.5,14,1,0,0,0,0,0,0,0,0,0,iter,0,1,k1,1,dynamic
32,629,0.5,14,1,0,0,0,0,0,0,0,0,0,iter,0,1,optk,22,dynamic
32,629,0.5,14,1,0,0,0,0,0,0,0,0,0,iter,0,1,rootk,5,dynamic
32,629,0.5,15,0,57330,57330,0.00709774,36573,0.00709774,0.0110644,0,0,0,iter,0,1,k1,1,dynamic
32,629,0.5,15,0,57330,57330,3.59144e-19,747556,0.145079,0.217118,0,0,0,iter,0,1,optk,22,dynamic
32,629,0.5,15,0,57330,57330,5.25293e-08,180352,0.035001,0.0541112,0,0,0,iter,0,1,rootk,5,dynamic
32,629,0.5,15,1,28,28,2.28584e-92,352,6.83128e-05,0.00011954,1,16,17,iter,0,1,optk,22,dynamic
32,629,0.5,15,1,28,28,9.02084e-25,80,1.55256e-05,2.71695e-05,1,16,17,iter,0,1,rootk,5,dynamic
32,629,0.5,15,1,372,372,8.15096e-06,42,8.15096e-06,7.21916e-05,1,42,43,iter,0,1,k1,1,dynamic
33,38,0.001,10,0,0,0,0,0,0,0,0,0,0,iter,0,1,k1,1,dynamic
33,38,0.001,10,0,0,0,0,0,0,0,0,0,0,iter,0,1,optk,1,dynamic
33,38,0.001,10,0,0,0,0,0,0,0,0,0,0,iter,0,1,rootk,1,dynamic
33,38,0.001,11,0,0,0,0,0,0,0,0,0,0,iter,0,1,k1,1,dynamic
33,38,0.001,11,0,0,0,0,0,0,0,0,0,0,iter,0,1,optk,1,dynamic
33,38,0.001,11,0,0,0,0,0,0,0,0,0,0,iter,0,1,rootk,1,dynamic
33,38,0.001,12,0,0,0,0,0,0,0,0,0,0,iter,0,1,k1,1,dynamic
33,38,0.001,12,0,0,0,0,0,0,0,0,0,0,iter,0,1,optk,1,dynamic
33,38,0.001,12,0,0,0,0,0,0,0,0,0,0,iter,0,1,rootk,1,dynamic
33,38,0.001,13,0,36,36,5.1398e-05,16,5.1398e-05,0.000115639,0,0,0,iter,0,1,k1,1,dynamic
33,38,0.001,13,0,36,36,5.1398e-05,16,5.1398e-05,0.000115639,0,0,0,iter,0,1,optk,1,dynamic
33,38,0.001,13,0,36,36,5.1398e-05,16,5.1398e-05,0.000115639,0,0,0,iter,0,1,rootk,1,dynamic
33,38,0.001,13,1,0,0,0,0,0,0,0,0,0,iter,0,1,k1,1,dynamic
33,38,0.001,13,1,0,0,0,0,0,0,0,0,0,iter,0,1,optk,1,dynamic
33,38,0.001,13,1,0,0,0,0,0,0,0,0,0,iter,0,1,rootk,1,dynamic
33,38,0.001,14,0,11262,11262,0.0231163,7196,0.0231163,0.0355312,0,0,0,iter,0,1,rootk,1,dynamic
33,38,0.001,14,0,11262,11262,0.0231709,7213,0.0231709,0.0355312,0,0,0,iter,0,1,k1,1,dynamic
33,38,0.001,14,0,11262,11262,0.0231837,7217,0.0231837,0.0355312,0,0,0,iter,0,1,optk,1,dynamic
33,38,0.001,14,1,3,3,9.63713e-06,3,9.63713e-06,9.63708e-06,0,3,3,iter,0,1,optk,1,dynamic
33,38,0.001,14,1,9,9,1.92743e-05,6,1.92743e-05,2.8911e-05,0,6,6,iter,0,1,k1,1,dynamic
33,38,0.001,14,1,92,92,1.28495e-05,4,1.28495e-05,0.000295495,0,4,4,iter,0,1,rootk,1,dynamic
33,38,0.001,15,0,217570,217570,0.359857,112022,0.359857,0.502876,0,0,0,iter,0,1,rootk,1,dynamic
33,38,0.001,15,0,217570,217570,0.359886,112031,0.359886,0.502876,0,0,0,iter,0,1,k1,1,dynamic
33,38,0.001,15,0,217570,217570,0.360734,112295,0.360734,0.502876,0,0,0,iter,0,1,optk,1,dynamic
33,38,0.001,15,1,4889,4889,0.00389019,1211,0.00389019,0.0155826,0,1218,1218,iter,0,1,k1,1,dynamic
33,38,0.001,15,1,5947,5947,0.00401868,1251,0.00401868,0.0189227,0,0,0,iter,0,1,optk,1,dynamic
33,38,0.001,15,1,6474,6474,0.00401547,1250,0.00401547,0.0205822,0,0,0,iter,0,1,rootk,1,dynamic
33,38,0.001,15,2,841,841,0.00178287,555,0.00178287,0.00269796,837,0,837,iter,0,1,optk,1,dynamic
33,38,0.001,15,2,848,848,0.0016865,525,0.0016865,0.00272039,753,0,753,iter,0,1,rootk,1,dynamic
33,38,0.001,16,0,1852875,1852875,0.977475,304284,0.977475,0.9974,0,0,0,iter,0,1,k1,1,dynamic
33,38,0.001,16,0,1852875,1852875,0.977722,304361,0.977722,0.9974,0,0,0,iter,0,1,rootk,1,dynamic
33,38,0.001,16,0,1852875,1852875,0.977934,304427,0.977934,0.9974,0,0,0,iter,0,1,optk,1,dynamic
33,38,0.001,16,0,37640,37640,0.0744661,23181,0.0744661,0.11389,34775,1,34776,type,0,7,k1,1,dynamic
33,38,0.001,16,0,37713,37713,0.0737754,22966,0.0737754,0.114097,34807,1,34808,type,0,7,optk,1,dynamic
33,38,0.001,16,0,37824,37824,0.0745239,23199,0.0745239,0.114413,34844,1,34845,type,0,7,rootk,1,dynamic
33,38,0.001,16,1,349020,349020,0.141274,43978,0.141274,0.674106,0,0,0,iter,0,1,rootk,1,dynamic
33,38,0.001,16,1,351859,351859,0.140924,43869,0.140924,0.677065,0,0,0,iter,0,1,k1,1,dynamic
33,38,0.001,16,1,351971,351971,0.141296,43985,0.141296,0.677181,0,0,0,iter,0,1,optk,1,dynamic
33,375,0.01,10,0,0,0,0,0,0,0,0,0,0,iter,0,1,k1,1,dynamic
33,375,0.01,10,0,0,0,0,0,0,0,0,0,0,iter,0,1,optk,1,dynamic
33,375,0.01,10,0,0,0,0,0,0,0,0,0,0,iter,0,1,rootk,1,dynamic
33,375,0.01,11,0,0,0,0,0,0,0,0,0,0,iter,0,1,k1,1,dynamic
33,375,0.01,11,0,0,0,0,0,0,0,0,0,0,iter,0,1,optk,1,dynamic
33,375,0.01,11,0,0,0,0,0,0,0,0,0,0,iter,0,1,rootk,1,dynamic
33,375,0.01,12,0,0,0,0,0,0,0,0,0,0,iter,0,1,k1,1,dynamic
33,375,0.01,12,0,0,0,0,0,0,0,0,0,0,iter,0,1,optk,1,dynamic
33,375,0.01,12,0,0,0,0,0,0,0,0,0,0,iter,0,1,rootk,1,dynamic
33,375,0.01,13,0,36,36,5.20833e-06,16,5.20833e-06,1.17187e-05,0,0,0,iter,0,1,k1,1,dynamic
33,375,0.01,13,0,36,36,5.20833e-06,16,5.20833e-06,1.17187e-05,0,0,0,iter,0,1,optk,1,dynamic
33,375,0.01,13,0,36,36,5.20833e-06,16,5.20833e-06,1.17187e-05,0,0,0,iter,0,1,rootk,1,dynamic
33,375,0.01,13,1,0,0,0,0,0,0,0,0,0,iter,0,1,k1,1,dynamic
33,375,0.01,13,1,0,0,0,0,0,0,0,0,0,iter,0,1,optk,1,dynamic
33,375,0.01,13,1,0,0,0,0,0,0,0,0,0,iter,0,1,rootk,1,dynamic
33,375,0.01,14,0,11262,11262,0.00236882,7277,0.00236882,0.0036593,0,0,0,iter,0,1,rootk,1,dynamic
33,375,0.01,14,0,11262,11262,0.00236979,7280,0.00236979,0.0036593,0,0,0,iter,0,1,optk,1,dynamic
33,375,0.01,14,0,11262,11262,0.00237012,7281,0.00237012,0.0036593,0,0,0,iter,0,1,k1,1,dynamic
33,375,0.01,14,1,0,0,0,0,0,0,0,0,0,iter,0,1,k1,1,dynamic
33,375,0.01,14,1,1,1,3.25521e-07,1,3.25521e-07,3.25521e-07,0,1,1,iter,0,1,optk,1,dynamic
33,375,0.01,14,1,4,4,3.25521e-07,1,3.25521e-07,1.30208e-06,0,1,1,iter,0,1,rootk,1,dynamic
33,375,0.01,15,0,217570,217570,0.0442122,135820,0.0442122,0.0683738,0,0,0,iter,0,1,k1,1,dynamic
33,375,0.01,15,0,217570,217570,0.0442161,135832,0.0442161,0.0683738,0,0,0,iter,0,1,optk,1,dynamic
33,375,0.01,15,0,217570,217570,0.0442298,135874,0.0442298,0.0683738,0,0,0,iter,0,1,rootk,1,dynamic
33,375,0.01,15,1,416,416,5.07812e-05,156,5.07812e-05,0.000135407,0,156,156,iter,0,1,k1,1,dynamic
33,375,0.01,15,1,451,451,4.85026e-05,149,4.85026e-05,0.000146799,0,149,149,iter,0,1,optk,1,dynamic
33,375,0.01,15,1,513,513,4.32943e-05,133,4.32943e-05,0.000166978,0,133,133,iter,0,1,rootk,1,dynamic
33,375,0.01,16,0,1852875,1852875,0.320537,984689,0.320537,0.452914,0,0,0,iter,0,1,k1,1,dynamic
33,375,0.01,16,0,1852875,1852875,0.32055,984729,0.32055,0.452914,0,0,0,iter,0,1,rootk,1,dynamic
33,375,0.01,16,0,1852875,1852875,0.320602,984888,0.320602,0.452914,0,0,0,iter,0,1,optk,1,dynamic
33,375,0.01,16,1,104139,104139,0.00503743,15475,0.00503743,0.0333313,0,0,0,iter,0,1,rootk,1,dynamic
33,375,0.01,16,1,107972,107972,0.00504329,15493,0.00504329,0.0345366,0,0,0,iter,0,1,k1,1,dynamic
33,375,0.01,16,1,126008,126008,0.0050931,15646,0.0050931,0.0401884,0,0,0,iter,0,1,optk,1,dynamic
33,375,0.01,16,2,9297,9297,0.00198275,6091,0.00198275,0.00302179,8471,1,8472,iter,0,1,k1,1,dynamic
33,375,0.01,16,2,9650,9650,0.00195247,5998,0.00195247,0.00313635,8332,1,8333,iter,0,1,rootk,1,dynamic
33,375,0.01,16,2,9763,9763,0.00199772,6137,0.00199772,0.00317302,8508,1,8509,iter,0,1,optk,1,dynamic
33,3755,0.1,10,0,0,0,0,0,0,0,0,0,0,iter,0,1,k1,1,dynamic
33,3755,0.1,10,0,0,0,0,0,0,0,0,0,0,iter,0,1,optk,4,dynamic
33,3755,0.1,10,0,0,0,0,0,0,0,0,0,0,iter,0,1,rootk,2,dynamic
33,3755,0.1,11,0,0,0,0,0,0,0,0,0,0,iter,0,1,k1,1,dynamic
33,3755,0.1,11,0,0,0,0,0,0,0,0,0,0,iter,0,1,optk,4,dynamic
33,3755,0.1,11,0,0,0,0,0,0,0,0,0,0,iter,0,1,rootk,2,dynamic
33,3755,0.1,12,0,0,0,0,0,0,0,0,0,0,iter,0,1,k1,1,dynamic
33,3755,0.1,12,0,0,0,0,0,0,0,0,0,0,iter,0,1,optk,4,dynamic
33,3755,0.1,12,0,0,0,0,0,0,0,0,0,0,iter,0,1,rootk,2,dynamic
33,3755,0.1,13,0,36,36,1.08218e-12,32,1.04028e-06,2.34063e-06,0,0,0,iter,0,1,rootk,2,dynamic
33,3755,0.1,13,0,36,36,1.87379e-23,64,2.08056e-06,4.68125e-06,0,0,0,iter,0,1,optk,4,dynamic
33,3755,0.1,13,0,36,36,5.2014e-07,16,5.2014e-07,1.17031e-06,0,0,0,iter,0,1,k1,1,dynamic
33,3755,0.1,13,1,0,0,0,0,0,0,0,0,0,iter,0,1,k1,1,dynamic
33,3755,0.1,13,1,0,0,0,0,0,0,0,0,0,iter,0,1,optk,4,dynamic
33,3755,0.1,13,1,0,0,0,0,0,0,0,0,0,iter,0,1,rootk,2,dynamic
33,3755,0.1,14,0,11262,11262,0.000236826,7285,0.000236826,0.000366046,0,0,0,iter,0,1,k1,1,dynamic
33,3755,0.1,14,0,11262,11262,2.24285e-07,14568,0.000473587,0.000731959,0,0,0,iter,0,1,rootk,2,dynamic
33,3755,0.1,14,0,11262,11262,8.03976e-13,29128,0.000946915,0.00146338,0,0,0,iter,0,1,optk,4,dynamic
33,3755,0.1,14,1,0,0,0,0,0,0,0,0,0,iter,0,1,k1,1,dynamic
33,3755,0.1,14,1,0,0,0,0,0,0,0,0,0,iter,0,1,optk,4,dynamic
33,3755,0.1,14,1,0,0,0,0,0,0,0,0,0,iter,0,1,rootk,2,dynamic
33,3755,0.1,15,0,217570,217570,0.00450477,138571,0.00450477,0.00704797,0,0,0,iter,0,1,k1,1,dynamic
33,3755,0.1,15,0,217570,217570,1.02667e-07,550627,0.0179002,0.0278952,0,0,0,iter,0,1,optk,4,dynamic
33,3755,0.1,15,0,217570,217570,8.08008e-05,276508,0.00898893,0.0140463,0,0,0,iter,0,1,rootk,2,dynamic
33,3755,0.1,15,1,0,0,0,0,0,0,0,0,0,iter,0,1,optk,4,dynamic
33,3755,0.1,15,1,0,0,0,0,0,0,0,0,0,iter,0,1,rootk,2,dynamic
33,3755,0.1,15,1,89,89,7.15192e-07,22,7.15192e-07,2.89327e-06,0,22,22,iter,0,1,k1,1,dynamic
33,3755,0.1,16,0,1852875,1852875,0.000419281,4401757,0.143096,0.21411,0,0,0,iter,0,1,optk,4,dynamic
33,3755,0.1,16,0,1852875,1852875,0.00552104,2285654,0.0743037,0.113496,0,0,0,iter,0,1,rootk,2,dynamic
33,3755,0.1,16,0,1852875,1852875,0.0378756,1165091,0.0378756,0.0584564,0,0,0,iter,0,1,k1,1,dynamic
33,3755,0.1,16,1,15023,15023,6.17666e-05,1900,6.17666e-05,0.00048826,1,1900,1901,iter,0,1,k1,1,dynamic
33,3755,0.1,16,1,152,152,2.25602e-21,212,6.89185e-06,1.97651e-05,1,53,54,iter,0,1,optk,4,dynamic
33,3755,0.1,16,1,1758,1758,3.60434e-10,584,1.89851e-05,0.000114294,1,292,293,iter,0,1,rootk,2,dynamic
33,18774,0.5,10,0,0,0,0,0,0,0,0,0,0,iter,0,1,k1,1,dynamic
33,18774,0.5,10,0,0,0,0,0,0,0,0,0,0,iter,0,1,optk,18,dynamic
33,18774,0.5,10,0,0,0,0,0,0,0,0,0,0,iter,0,1,rootk,4,dynamic
33,18774,0.5,11,0,0,0,0,0,0,0,0,0,0,iter,0,1,k1,1,dynamic
33,18774,0.5,11,0,0,0,0,0,0,0,0,0,0,iter,0,1,optk,18,dynamic
33,18774,0.5,11,0,0,0,0,0,0,0,0,0,0,iter,0,1,rootk,4,dynamic
33,18774,0.5,12,0,0,0,0,0,0,0,0,0,0,iter,0,1,k1,1,dynamic
33,18774,0.5,12,0,0,0,0,0,0,0,0,0,0,iter,0,1,optk,18,dynamic
33,18774,0.5,12,0,0,0,0,0,0,0,0,0,0,iter,0,1,rootk,4,dynamic
33,18774,0.5,13,0,36,36,1.04034e-07,16,1.04034e-07,2.34075e-07,0,0,0,iter,0,1,k1,1,dynamic
33,18774,0.5,13,0,36,36,2.9987e-26,64,4.16134e-07,9.36301e-07,0,0,0,iter,0,1,rootk,4,dynamic
33,18774,0.5,13,0,36,36,8.01721e-104,288,1.8726e-06,4.21335e-06,0,0,0,iter,0,1,optk,18,dynamic
33,18774,0.5,13,1,0,0,0,0,0,0,0,0,0,iter,0,1,k1,1,dynamic
33,18774,0.5,13,1,0,0,0,0,0,0,0,0,0,iter,0,1,optk,18,dynamic
33,18774,0.5,13,1,0,0,0,0,0,0,0,0,0,iter,0,1,rootk,4,dynamic
33,18774,0.5,14,0,11262,11262,1.28893e-15,29141,0.000189478,0.000292863,0,0,0,iter,0,1,rootk,4,dynamic
33,18774,0.5,14,0,11262,11262,4.73743e-05,7286,4.73743e-05,7.32239e-05,0,0,0,iter,0,1,k1,1,dynamic
33,18774,0.5,14,0,11262,11262,5.63369e-56,131083,0.000852314,0.00131721,0,0,0,iter,0,1,optk,18,dynamic
33,18774,0.5,14,1,0,0,0,0,0,0,0,0,0,iter,0,1,k1,1,dynamic
33,18774,0.5,14,1,0,0,0,0,0,0,0,0,0,iter,0,1,optk,18,dynamic
33,18774,0.5,14,1,0,0,0,0,0,0,0,0,0,iter,0,1,rootk,4,dynamic
33,18774,0.5,15,0,217570,217570,0.000902764,138842,0.000902764,0.00141366,0,0,0,iter,0,1,k1,1,dynamic
33,18774,0.5,15,0,217570,217570,1.69043e-10,554557,0.00360578,0.00564266,0,0,0,iter,0,1,rootk,4,dynamic
33,18774,0.5,15,0,217570,217570,5.42132e-33,2479688,0.0161232,0.0251424,0,0,0,iter,0,1,optk,18,dynamic
33,18774,0.5,15,1,0,0,0,0,0,0,0,0,0,iter,0,1,optk,18,dynamic
33,18774,0.5,15,1,0,0,0,0,0,0,0,0,0,iter,0,1,rootk,4,dynamic
33,18774,0.5,15,1,4,4,2.60084e-08,4,2.60084e-08,2.60084e-08,0,4,4,iter,0,1,k1,1,dynamic
33,18774,0.5,16,0,1852875,1852875,0.00769232,1183052,0.00769232,0.0119753,0,0,0,iter,0,1,k1,1,dynamic
33,18774,0.5,16,0,1852875,1852875,1.08834e-16,19957231,0.129764,0.194954,0,0,0,iter,0,1,optk,18,dynamic
33,18774,0.5,16,0,1852875,1852875,8.55749e-07,4677711,0.0304149,0.0470475,0,0,0,iter,0,1,rootk,4,dynamic
33,18774,0.5,16,1,24,24,1.18486e-100,432,2.8089e-06,2.8089e-06,1,24,25,iter,0,1,optk,18,dynamic
33,18774,0.5,16,1,24,24,1.51809e-25,96,6.24201e-07,6.24201e-07,1,24,25,iter,0,1,rootk,4,dynamic
33,18774,0.5,16,1,2482,2482,2.52931e-06,389,2.52931e-06,1.61381e-05,1,389,390,iter,0,1,k1,1,dynamic
34,2,0.001,12,0,0,0,0,0,0,0,0,0,0,iter,0,1,k1,1,dynamic
34,2,0.001,12,0,0,0,0,0,0,0,0,0,0,iter,0,1,optk,1,dynamic
34,2,0.001,12,0,0,0,0,0,0,0,0,0,0,iter,0,1,rootk,1,dynamic
34,2,0.001,13,0,0,0,0,0,0,0,0,0,0,iter,0,1,k1,1,dynamic
34,2,0.001,13,0,0,0,0,0,0,0,0,0,0,iter,0,1,optk,1,dynamic
34,2,0.001,13,0,0,0,0,0,0,0,0,0,0,iter,0,1,rootk,1,dynamic
34,2,0.001,14,0,43,43,0.00177002,29,0.00177002,0.00262107,0,0,0,iter,0,1,k1,1,dynamic
34,2,0.001,14,0,43,43,0.00177002,29,0.00177002,0.00262107,0,0,0,iter,0,1,optk,1,dynamic
34,2,0.001,14,0,43,43,0.00177002,29,0.00177002,0.00262107,0,0,0,iter,0,1,rootk,1,dynamic
34,2,0.001,14,1,0,0,0,0,0,0,0,0,0,iter,0,1,optk,1,dynamic
34,2,0.001,14,1,0,0,0,0,0,0,0,0,0,iter,0,1,rootk,1,dynamic
34,2,0.001,14,1,1,1,6.10352e-05,1,6.10352e-05,6.10333e-05,0,1,1,iter,0,1,k1,1,dynamic
34,2,0.001,15,0,1285,1285,0.0412598,676,0.0412598,0.0754334,0,0,0,iter,0,1,k1,1,dynamic
34,2,0.001,15,0,1285,1285,0.0412598,676,0.0412598,0.0754334,0,0,0,iter,0,1,rootk,1,dynamic
34,2,0.001,15,0,1285,1285,0.0415649,681,0.0415649,0.0754334,0,0,0,iter,0,1,optk,1,dynamic
34,2,0.001,15,1,146,146,0.00543213,89,0.00543213,0.00887155,0,104,104,iter,0,1,rootk,1,dynamic
34,2,0.001,15,1,163,163,0.00610352,100,0.00610352,0.00989941,0,112,112,iter,0,1,optk,1,dynamic
34,2,0.001,15,1,209,209,0.00616455,101,0.00616455,0.0126753,0,119,119,iter,0,1,k1,1,dynamic
34,2,0.001,16,0,55987,55987,0.811951,13303,0.811951,0.967195,0,0,0,iter,0,1,rootk,1,dynamic
34,2,0.001,16,0,55987,55987,0.812012,13304,0.812012,0.967195,0,0,0,iter,0,1,optk,1,dynamic
34,2,0.001,16,0,55987,55987,0.812927,13319,0.812927,0.967195,0,0,0,iter,0,1,k1,1,dynamic
34,2,0.001,16,0,5616,5616,0.153992,2523,0.153992,0.290201,2815,1,2816,type,0,8,optk,1,dynamic
34,2,0.001,16,0,5686,5686,0.153931,2522,0.153931,0.293227,2834,1,2835,type,0,8,rootk,1,dynamic
34,2,0.001,16,0,5803,5803,0.155518,2548,0.155518,0.298256,2880,1,2881,type,0,8,k1,1,dynamic
34,2,0.001,16,1,57700,57700,0.800354,13113,0.800354,0.970452,0,0,0,iter,0,1,optk,1,dynamic
34,2,0.001,16,1,58275,58275,0.80542,13196,0.80542,0.971471,0,0,0,iter,0,1,k1,1,dynamic
34,2,0.001,16,1,58287,58287,0.799194,13094,0.799194,0.971492,0,0,0,iter,0,1,rootk,1,dynamic
34,21,0.01,12,0,0,0,0,0,0,0,0,0,0,iter,0,1,k1,1,dynamic
34,21,0.01,12,0,0,0,0,0,0,0,0,0,0,iter,0,1,optk,1,dynamic
34,21,0.01,12,0,0,0,0,0,0,0,0,0,0,iter,0,1,rootk,1,dynamic
34,21,0.01,13,0,0,0,0,0,0,0,0,0,0,iter,0,1,k1,1,dynamic
34,21,0.01,13,0,0,0,0,0,0,0,0,0,0,iter,0,1,optk,1,dynamic
34,21,0.01,13,0,0,0,0,0,0,0,0,0,0,iter,0,1,rootk,1,dynamic
34,21,0.01,14,0,43,43,0.000168573,29,0.000168573,0.000249922,0,0,0,iter,0,1,k1,1,dynamic
34,21,0.01,14,0,43,43,0.000168573,29,0.000168573,0.000249922,0,0,0,iter,0,1,optk,1,dynamic
34,21,0.01,14,0,43,43,0.000168573,29,0.000168573,0.000249922,0,0,0,iter,0,1,rootk,1,dynamic
34,21,0.01,14,1,0,0,0,0,0,0,0,0,0,iter,0,1,k1,1,dynamic
34,21,0.01,14,1,0,0,0,0,0,0,0,0,0,iter,0,1,optk,1,dynamic
34,21,0.01,14,1,0,0,0,0,0,0,0,0,0,iter,0,1,rootk,1,dynamic
34,21,0.01,15,0,1285,1285,0.00403413,694,0.00403413,0.00744171,0,0,0,iter,0,1,rootk,1,dynamic
34,21,0.01,15,0,1285,1285,0.00403995,695,0.00403995,0.00744171,0,0,0,iter,0,1,k1,1,dynamic
34,21,0.01,15,0,1285,1285,0.00403995,695,0.00403995,0.00744171,0,0,0,iter,0,1,optk,1,dynamic
34,21,0.01,15,1,22,22,5.23158e-05,9,5.23158e-05,0.000127875,0,9,9,iter,0,1,k1,1,dynamic
34,21,0.01,15,1,4,4,2.32515e-05,4,2.32515e-05,2.32512e-05,0,4,4,iter,0,1,optk,1,dynamic
34,21,0.01,15,1,7,7,3.48772e-05,6,3.48772e-05,4.06893e-05,0,6,6,iter,0,1,rootk,1,dynamic
34,21,0.01,16,0,55987,55987,0.146246,25159,0.146246,0.277794,0,0,0,iter,0,1,rootk,1,dynamic
34,21,0.01,16,0,55987,55987,0.146263,25162,0.146263,0.277794,0,0,0,iter,0,1,k1,1,dynamic
34,21,0.01,16,0,55987,55987,0.146659,25230,0.146659,0.277794,0,0,0,iter,0,1,optk,1,dynamic
34,21,0.01,16,1,10385,10385,0.0276983,4765,0.0276983,0.0585807,0,0,0,iter,0,1,k1,1,dynamic
34,21,0.01,16,1,10562,10562,0.0277913,4781,0.0277913,0.0595488,0,0,0,iter,0,1,rootk,1,dynamic
34,21,0.01,16,1,10846,10846,0.0277972,4782,0.0277972,0.0611001,0,0,0,iter,0,1,optk,1,dynamic
34,21,0.01,16,2,1446,1446,0.00460379,792,0.00460379,0.00837019,922,1,923,iter,0,1,optk,1,dynamic
34,21,0.01,16,2,1659,1659,0.00470843,810,0.00470843,0.0095972,938,1,939,iter,0,1,k1,1,dynamic
34,21,0.01,16,2,1787,1787,0.00489444,842,0.00489444,0.0103338,961,1,962,iter,0,1,rootk,1,dynamic
34,213,0.1,12,0,0,0,0,0,0,0,0,0,0,iter,0,1,k1,1,dynamic
34,213,0.1,12,0,0,0,0,0,0,0,0,0,0,iter,0,1,optk,5,dynamic
34,213,0.1,12,0,0,0,0,0,0,0,0,0,0,iter,0,1,rootk,2,dynamic
34,213,0.1,13,0,0,0,0,0,0,0,0,0,0,iter,0,1,k1,1,dynamic
34,213,0.1,13,0,0,0,0,0,0,0,0,0,0,iter,0,1,optk,5,dynamic
34,213,0.1,13,0,0,0,0,0,0,0,0,0,0,iter,0,1,rootk,2,dynamic
34,213,0.1,14,0,43,43,1.10488e-09,58,3.32398e-05,4.92854e-05,0,0,0,iter,0,1,rootk,2,dynamic
34,213,0.1,14,0,43,43,1.66199e-05,29,1.66199e-05,2.4643e-05,0,0,0,iter,0,1,k1,1,dynamic
34,213,0.1,14,0,43,43,3.96271e-21,145,8.30995e-05,0.000123209,0,0,0,iter,0,1,optk,5,dynamic
34,213,0.1,14,1,0,0,0,0,0,0,0,0,0,iter,0,1,k1,1,dynamic
34,213,0.1,14,1,0,0,0,0,0,0,0,0,0,iter,0,1,optk,5,dynamic
34,213,0.1,14,1,0,0,0,0,0,0,0,0,0,iter,0,1,rootk,2,dynamic
34,213,0.1,15,0,1285,1285,0.000398878,696,0.000398878,0.000736162,0,0,0,iter,0,1,k1,1,dynamic
34,213,0.1,15,0,1285,1285,3.1463e-14,3478,0.00199324,0.0036754,0,0,0,iter,0,1,optk,5,dynamic
34,213,0.1,15,0,1285,1285,6.35499e-07,1391,0.000797182,0.00147178,0,0,0,iter,0,1,rootk,2,dynamic
34,213,0.1,15,1,0,0,0,0,0,0,0,0,0,iter,0,1,optk,5,dynamic
34,213,0.1,15,1,0,0,0,0,0,0,0,0,0,iter,0,1,rootk,2,dynamic
34,213,0.1,15,1,8,8,1.1462e-06,2,1.1462e-06,4.58479e-06,0,2,2,iter,0,1,k1,1,dynamic
34,213,0.1,16,0,55987,55987,0.000945473,53653,0.0307485,0.0621566,0,0,0,iter,0,1,rootk,2,dynamic
34,213,0.1,16,0,55987,55987,0.0154846,27019,0.0154846,0.0315769,0,0,0,iter,0,1,k1,1,dynamic
34,213,0.1,16,0,55987,55987,2.39414e-06,131099,0.0751328,0.148223,0,0,0,iter,0,1,optk,5,dynamic
34,213,0.1,16,1,1084,1084,0.000308901,539,0.000308901,0.000621048,1,547,548,iter,0,1,k1,1,dynamic
34,213,0.1,16,1,155,155,1.36685e-08,204,0.000116912,0.000177645,1,102,103,iter,0,1,rootk,2,dynamic
34,213,0.1,16,1,73,73,2.04223e-19,319,0.000182819,0.00020916,1,64,65,iter,0,1,optk,5,dynamic
34,1063,0.5,12,0,0,0,0,0,0,0,0,0,0,iter,0,1,k1,1,dynamic
34,1063,0.5,12,0,0,0,0,0,0,0,0,0,0,iter,0,1,optk,23,dynamic
34,1063,0.5,12,0,0,0,0,0,0,0,0,0,0,iter,0,1,rootk,5,dynamic
34,1063,0.5,13,0,0,0,0,0,0,0,0,0,0,iter,0,1,k1,1,dynamic
34,1063,0.5,13,0,0,0,0,0,0,0,0,0,0,iter,0,1,optk,23,dynamic
34,1063,0.5,13,0,0,0,0,0,0,0,0,0,0,iter,0,1,rootk,5,dynamic
34,1063,0.5,14,0,43,43,1.28004e-24,145,1.66512e-05,2.46894e-05,0,0,0,iter,0,1,rootk,5,dynamic
34,1063,0.5,14,0,43,43,2.171e-95,667,7.65954e-05,0.000113566,0,0,0,iter,0,1,optk,23,dynamic
34,1063,0.5,14,0,43,43,3.33023e-06,29,3.33023e-06,4.93792e-06,0,0,0,iter,0,1,k1,1,dynamic
34,1063,0.5,14,1,0,0,0,0,0,0,0,0,0,iter,0,1,k1,1,dynamic
34,1063,0.5,14,1,0,0,0,0,0,0,0,0,0,iter,0,1,optk,23,dynamic
34,1063,0.5,14,1,0,0,0,0,0,0,0,0,0,iter,0,1,rootk,5,dynamic
34,1063,0.5,15,0,1285,1285,1.01925e-17,3480,0.000399628,0.000737547,0,0,0,iter,0,1,rootk,5,dynamic
34,1063,0.5,15,0,1285,1285,1.18074e-63,15993,0.00183657,0.00338822,0,0,0,iter,0,1,optk,23,dynamic
34,1063,0.5,15,0,1285,1285,7.99256e-05,696,7.99256e-05,0.000147553,0,0,0,iter,0,1,k1,1,dynamic
34,1063,0.5,15,1,0,0,0,0,0,0,0,0,0,iter,0,1,k1,1,dynamic
34,1063,0.5,15,1,0,0,0,0,0,0,0,0,0,iter,0,1,optk,23,dynamic
34,1063,0.5,15,1,0,0,0,0,0,0,0,0,0,iter,0,1,rootk,5,dynamic
34,1063,0.5,16,0,55987,55987,0.00312399,27204,0.00312399,0.00640868,0,0,0,iter,0,1,k1,1,dynamic
34,1063,0.5,16,0,55987,55987,2.27659e-27,604706,0.0694418,0.13746,0,0,0,iter,0,1,optk,23,dynamic
34,1063,0.5,16,0,55987,55987,8.99793e-10,135130,0.0155177,0.0316353,0,0,0,iter,0,1,rootk,5,dynamic
34,1063,0.5,16,1,332,332,1.91776e-05,167,1.91776e-05,3.81247e-05,1,168,169,iter,0,1,k1,1,dynamic
34,1063,0.5,16,1,73,73,1.75245e-87,1472,0.000169038,0.00019279,1,64,65,iter,0,1,optk,23,dynamic
34,1063,0.5,16,1,73,73,6.70091e-23,320,3.67474e-05,4.19141e-05,1,64,65,iter,0,1,rootk,5,dynamic
35,1,0.001,11,0,0,0,0,0,0,0,0,0,0,iter,0,1,k1,1,dynamic
35,1,0.001,11,0,0,0,0,0,0,0,0,0,0,iter,0,1,optk,1,dynamic
35,1,0.001,11,0,0,0,0,0,0,0,0,0,0,iter,0,1,rootk,1,dynamic
35,1,0.001,12,0,0,0,0,0,0,0,0,0,0,iter,0,1,k1,1,dynamic
35,1,0.001,12,0,0,0,0,0,0,0,0,0,0,iter,0,1,optk,1,dynamic
35,1,0.001,12,0,0,0,0,0,0,0,0,0,0,iter,0,1,rootk,1,dynamic
35,1,0.001,13,0,3,3,0.000366211,3,0.000366211,0.000366144,0,0,0,iter,0,1,k1,1,dynamic
35,1,0.001,13,0,3,3,0.000366211,3,0.000366211,0.000366144,0,0,0,iter,0,1,optk,1,dynamic
35,1,0.001,13,0,3,3,0.000366211,3,0.000366211,0.000366144,0,0,0,iter,0,1,rootk,1,dynamic
35,1,0.001,13,1,0,0,0,0,0,0,0,0,0,iter,0,1,k1,1,dynamic
35,1,0.001,13,1,0,0,0,0,0,0,0,0,0,iter,0,1,optk,1,dynamic
35,1,0.001,13,1,0,0,0,0,0,0,0,0,0,iter,0,1,rootk,1,dynamic
35,1,0.001,14,0,1632,1632,0.154907,1269,0.154907,0.180629,0,0,0,iter,0,1,optk,1,dynamic
35,1,0.001,14,0,1632,1632,0.15564,1275,0.15564,0.180629,0,0,0,iter,0,1,k1,1,dynamic
35,1,0.001,14,0,1632,1632,0.156006,1278,0.156006,0.180629,0,0,0,iter,0,1,rootk,1,dynamic
35,1,0.001,14,1,0,0,0,0,0,0,0,0,0,iter,0,1,k1,1,dynamic
35,1,0.001,14,1,0,0,0,0,0,0,0,0,0,iter,0,1,optk,1,dynamic
35,1,0.001,14,1,0,0,0,0,0,0,0,0,0,iter,0,1,rootk,1,dynamic
35,1,0.001,15,0,30793,30793,0.953369,7810,0.953369,0.976691,0,0,0,iter,0,1,optk,1,dynamic
35,1,0.001,15,0,30793,30793,0.955444,7827,0.955444,0.976691,0,0,0,iter,0,1,rootk,1,dynamic
35,1,0.001,15,0,30793,30793,0.956909,7839,0.956909,0.976691,0,0,0,iter,0,1,k1,1,dynamic
35,1,0.001,15,1,100,100,0.00671387,55,0.00671387,0.0121328,1,55,56,iter,0,1,k1,1,dynamic
35,1,0.001,15,1,101,101,0.00683594,56,0.00683594,0.0122534,1,56,57,iter,0,1,optk,1,dynamic
35,1,0.001,15,1,99,99,0.00671387,55,0.00671387,0.0120122,1,55,56,iter,0,1,rootk,1,dynamic
35,6,0.01,11,0,0,0,0,0,0,0,0,0,0,iter,0,1,k1,1,dynamic
35,6,0.01,11,0,0,0,0,0,0,0,0,0,0,iter,0,1,optk,1,dynamic
35,6,0.01,11,0,0,0,0,0,0,0,0,0,0,iter,0,1,rootk,1,dynamic
35,6,0.01,12,0,0,0,0,0,0,0,0,0,0,iter,0,1,k1,1,dynamic
35,6,0.01,12,0,0,0,0,0,0,0,0,0,0,iter,0,1,optk,1,dynamic
35,6,0.01,12,0,0,0,0,0,0,0,0,0,0,iter,0,1,rootk,1,dynamic
35,6,0.01,13,0,3,3,6.10352e-05,3,6.10352e-05,6.10333e-05,0,0,0,iter,0,1,k1,1,dynamic
35,6,0.01,13,0,3,3,6.10352e-05,3,6.10352e-05,6.10333e-05,0,0,0,iter,0,1,optk,1,dynamic
35,6,0.01,13,0,3,3,6.10352e-05,3,6.10352e-05,6.10333e-05,0,0,0,iter,0,1,rootk,1,dynamic
35,6,0.01,13,1,0,0,0,0,0,0,0,0,0,iter,0,1,k1,1,dynamic
35,6,0.01,13,1,0,0,0,0,0,0,0,0,0,iter,0,1,optk,1,dynamic
35,6,0.01,13,1,0,0,0,0,0,0,0,0,0,iter,0,1,rootk,1,dynamic
35,6,0.01,14,0,1632,1632,0.0279744,1375,0.0279744,0.032658,0,0,0,iter,0,1,k1,1,dynamic
35,6,0.01,14,0,1632,1632,0.0279744,1375,0.0279744,0.032658,0,0,0,iter,0,1,rootk,1,dynamic
35,6,0.01,14,0,1632,1632,0.0280558,1379,0.0280558,0.032658,0,0,0,iter,0,1,optk,1,dynamic
35,6,0.01,14,1,0,0,0,0,0,0,0,0,0,iter,0,1,k1,1,dynamic
35,6,0.01,14,1,0,0,0,0,0,0,0,0,0,iter,0,1,optk,1,dynamic
35,6,0.01,14,1,0,0,0,0,0,0,0,0,0,iter,0,1,rootk,1,dynamic
35,6,0.01,15,0,30793,30793,0.40507,19910,0.40507,0.465533,0,0,0,iter,0,1,k1,1,dynamic
35,6,0.01,15,0,30793,30793,0.406128,19962,0.406128,0.465533,0,0,0,iter,0,1,rootk,1,dynamic
35,6,0.01,15,0,30793,30793,0.406209,19966,0.406209,0.465533,0,0,0,iter,0,1,optk,1,dynamic
35,6,0.01,15,1,40,40,0.000569661,28,0.000569661,0.000813471,1,28,29,iter,0,1,rootk,1,dynamic
35,6,0.01,15,1,42,42,0.000488281,24,0.000488281,0.000854127,1,24,25,iter,0,1,optk,1,dynamic
35,6,0.01,15,1,44,44,0.000467936,23,0.000467936,0.000894782,1,23,24,iter,0,1,k1,1,dynamic
35,59,0.1,11,0,0,0,0,0,0,0,0,0,0,iter,0,1,k1,1,dynamic
35,59,0.1,11,0,0,0,0,0,0,0,0,0,0,iter,0,1,optk,2,dynamic
35,59,0.1,11,0,0,0,0,0,0,0,0,0,0,iter,0,1,rootk,1,dynamic
35,59,0.1,12,0,0,0,0,0,0,0,0,0,0,iter,0,1,k1,1,dynamic
35,59,0.1,12,0,0,0,0,0,0,0,0,0,0,iter,0,1,optk,2,dynamic
35,59,0.1,12,0,0,0,0,0,0,0,0,0,0,iter,0,1,rootk,1,dynamic
35,59,0.1,13,0,3,3,1.54106e-10,6,1.24139e-05,1.24139e-05,0,0,0,iter,0,1,optk,2,dynamic
35,59,0.1,13,0,3,3,6.20697e-06,3,6.20697e-06,6.20695e-06,0,0,0,iter,0,1,k1,1,dynamic
35,59,0.1,13,0,3,3,6.20697e-06,3,6.20697e-06,6.20695e-06,0,0,0,iter,0,1,rootk,1,dynamic
35,59,0.1,13,1,0,0,0,0,0,0,0,0,0,iter,0,1,k1,1,dynamic
35,59,0.1,13,1,0,0,0,0,0,0,0,0,0,iter,0,1,optk,2,dynamic
35,59,0.1,13,1,0,0,0,0,0,0,0,0,0,iter,0,1,rootk,1,dynamic
35,59,0.1,14,0,1632,1632,0.00288417,1394,0.00288417,0.00337089,0,0,0,iter,0,1,rootk,1,dynamic
35,59,0.1,14,0,1632,1632,0.00288624,1395,0.00288624,0.00337089,0,0,0,iter,0,1,k1,1,dynamic
35,59,0.1,14,0,1632,1632,3.3226e-05,2786,0.0057642,0.00673043,0,0,0,iter,0,1,optk,2,dynamic
35,59,0.1,14,1,0,0,0,0,0,0,0,0,0,iter,0,1,k1,1,dynamic
35,59,0.1,14,1,0,0,0,0,0,0,0,0,0,iter,0,1,optk,2,dynamic
35,59,0.1,14,1,0,0,0,0,0,0,0,0,0,iter,0,1,rootk,1,dynamic
35,59,0.1,15,0,30793,30793,0.0100913,48553,0.100456,0.119637,0,0,0,iter,0,1,optk,2,dynamic
35,59,0.1,15,0,30793,30793,0.0515323,24907,0.0515323,0.0617233,0,0,0,iter,0,1,k1,1,dynamic
35,59,0.1,15,0,30793,30793,0.0515426,24912,0.0515426,0.0617233,0,0,0,iter,0,1,rootk,1,dynamic
35,59,0.1,15,1,13,13,1.65519e-05,8,1.65519e-05,2.68965e-05,1,8,9,iter,0,1,rootk,1,dynamic
35,59,0.1,15,1,8,8,2.73966e-10,8,1.65519e-05,3.31033e-05,1,4,5,iter,0,1,optk,2,dynamic
35,59,0.1,15,1,9,9,1.03449e-05,5,1.03449e-05,1.86207e-05,1,5,6,iter,0,1,k1,1,dynamic
35,294,0.5,11,0,0,0,0,0,0,0,0,0,0,iter,0,1,k1,1,dynamic
35,294,0.5,11,0,0,0,0,0,0,0,0,0,0,iter,0,1,optk,10,dynamic
35,294,0.5,11,0,0,0,0,0,0,0,0,0,0,iter,0,1,rootk,3,dynamic
35,294,0.5,12,0,0,0,0,0,0,0,0,0,0,iter,0,1,k1,1,dynamic
35,294,0.5,12,0,0,0,0,0,0,0,0,0,0,iter,0,1,optk,10,dynamic
35,294,0.5,12,0,0,0,0,0,0,0,0,0,0,iter,0,1,rootk,3,dynamic
35,294,0.5,13,0,3,3,1.24562e-06,3,1.24562e-06,1.24561e-06,0,0,0,iter,0,1,k1,1,dynamic
35,294,0.5,13,0,3,3,5.21814e-17,9,3.73685e-06,3.73684e-06,0,0,0,iter,0,1,rootk,3,dynamic
35,294,0.5,13,0,3,3,8.99166e-50,30,1.24562e-05,1.24561e-05,0,0,0,iter,0,1,optk,10,dynamic
35,294,0.5,13,1,0,0,0,0,0,0,0,0,0,iter,0,1,k1,1,dynamic
35,294,0.5,13,1,0,0,0,0,0,0,0,0,0,iter,0,1,optk,10,dynamic
35,294,0.5,13,1,0,0,0,0,0,0,0,0,0,iter,0,1,rootk,3,dynamic
35,294,0.5,14,0,1632,1632,0.000579626,1396,0.000579626,0.000677385,0,0,0,iter,0,1,k1,1,dynamic
35,294,0.5,14,0,1632,1632,4.15929e-23,13920,0.00577966,0.00675324,0,0,0,iter,0,1,optk,10,dynamic
35,294,0.5,14,0,1632,1632,5.24656e-09,4185,0.00173763,0.00203078,0,0,0,iter,0,1,rootk,3,dynamic
35,294,0.5,14,1,0,0,0,0,0,0,0,0,0,iter,0,1,k1,1,dynamic
35,294,0.5,14,1,0,0,0,0,0,0,0,0,0,iter,0,1,optk,10,dynamic
35,294,0.5,14,1,0,0,0,0,0,0,0,0,0,iter,0,1,rootk,3,dynamic
35,294,0.5,15,0,30793,30793,0.0105657,25447,0.0105657,0.012704,0,0,0,iter,0,1,k1,1,dynamic
35,294,0.5,15,0,30793,30793,1.07847e-10,242671,0.100758,0.120018,0,0,0,iter,0,1,optk,10,dynamic
35,294,0.5,15,0,30793,30793,3.07896e-05,75487,0.0313426,0.03763,0,0,0,iter,0,1,rootk,3,dynamic
35,294,0.5,15,1,8,8,1.23689e-16,12,4.98246e-06,9.96487e-06,1,4,5,iter,0,1,rootk,3,dynamic
35,294,0.5,15,1,8,8,1.59671e-48,40,1.66082e-05,3.32159e-05,1,4,5,iter,0,1,optk,10,dynamic
35,294,0.5,15,1,9,9,2.07603e-06,5,2.07603e-06,3.73684e-06,1,5,6,iter,0,1,k1,1,dynamic
36,9,0.001,11,0,0,0,0,0,0,0,0,0,0,iter,0,1,k1,1,dynamic
36,9,0.001,11,0,0,0,0,0,0,0,0,0,0,iter,0,1,optk,1,dynamic
36,9,0.001,11,0,0,0,0,0,0,0,0,0,0,iter,0,1,rootk,1,dynamic
36,9,0.001,12,0,0,0,0,0,0,0,0,0,0,iter,0,1,k1,1,dynamic
36,9,0.001,12,0,0,0,0,0,0,0,0,0,0,iter,0,1,optk,1,dynamic
36,9,0.001,12,0,0,0,0,0,0,0,0,0,0,iter,0,1,rootk,1,dynamic
36,9,0.001,13,0,3,3,4.06901e-05,3,4.06901e-05,4.06893e-05,0,0,0,iter,0,1,k1,1,dynamic
36,9,0.001,13,0,3,3,4.06901e-05,3,4.06901e-05,4.06893e-05,0,0,0,iter,0,1,optk,1,dynamic
36,9,0.001,13,0,3,3,4.06901e-05,3,4.06901e-05,4.06893e-05,0,0,0,iter,0,1,rootk,1,dynamic
36,9,0.001,13,1,0,0,0,0,0,0,0,0,0,iter,0,1,k1,1,dynamic
36,9,0.001,13,1,0,0,0,0,0,0,0,0,0,iter,0,1,optk,1,dynamic
36,9,0.001,13,1,0,0,0,0,0,0,0,0,0,iter,0,1,rootk,1,dynamic
36,9,0.001,14,0,99,99,0.000759549,56,0.000759549,0.00134187,0,0,0,iter,0,1,k1,1,dynamic
36,9,0.001,14,0,99,99,0.000759549,56,0.000759549,0.00134187,0,0,0,iter,0,1,optk,1,dynamic
36,9,0.001,14,0,99,99,0.000759549,56,0.000759549,0.00134187,0,0,0,iter,0,1,rootk,1,dynamic
36,9,0.001,14,1,0,0,0,0,0,0,0,0,0,iter,0,1,optk,1,dynamic
36,9,0.001,14,1,1,1,1.35634e-05,1,1.35634e-05,1.35633e-05,0,1,1,iter,0,1,rootk,1,dynamic
36,9,0.001,14,1,2,2,1.35634e-05,1,1.35634e-05,2.71264e-05,0,1,1,iter,0,1,k1,1,dynamic
36,9,0.001,15,0,6334,6334,0.0401747,2962,0.0401747,0.0823235,0,0,0,iter,0,1,optk,1,dynamic
36,9,0.001,15,0,6334,6334,0.0401747,2962,0.0401747,0.0823235,0,0,0,iter,0,1,rootk,1,dynamic
36,9,0.001,15,0,6334,6334,0.0405816,2992,0.0405816,0.0823235,0,0,0,iter,0,1,k1,1,dynamic
36,9,0.001,15,1,1000,1000,0.00735135,542,0.00735135,0.0134718,0,632,632,iter,0,1,rootk,1,dynamic
36,9,0.001,15,1,1063,1063,0.00720215,531,0.00720215,0.0143144,0,611,611,iter,0,1,k1,1,dynamic
36,9,0.001,15,1,813,813,0.00671387,495,0.00671387,0.0109664,0,578,578,iter,0,1,optk,1,dynamic
36,9,0.001,16,0,25854,25854,0.129571,9553,0.129571,0.295782,10579,1,10580,type,0,8,k1,1,dynamic
36,9,0.001,16,0,26441,26441,0.129951,9581,0.129951,0.301367,10668,1,10669,type,0,8,rootk,1,dynamic
36,9,0.001,16,0,26610,26610,0.130425,9616,0.130425,0.302966,10660,1,10661,type,0,8,optk,1,dynamic
36,9,0.001,16,0,269182,269182,0.758111,55894,0.758111,0.974035,0,0,0,iter,0,1,k1,1,dynamic
36,9,0.001,16,0,269182,269182,0.760498,56070,0.760498,0.974035,0,0,0,iter,0,1,rootk,1,dynamic
36,9,0.001,16,0,269182,269182,0.761515,56145,0.761515,0.974035,0,0,0,iter,0,1,optk,1,dynamic
36,9,0.001,16,1,289276,289276,0.783502,57766,0.783502,0.980229,0,0,0,iter,0,1,rootk,1,dynamic
36,9,0.001,16,1,289411,289411,0.782647,57703,0.782647,0.980266,0,0,0,iter,0,1,k1,1,dynamic
36,9,0.001,16,1,292245,292245,0.782918,57723,0.782918,0.98101,0,0,0,iter,0,1,optk,1,dynamic
36,91,0.01,11,0,0,0,0,0,0,0,0,0,0,iter,0,1,k1,1,dynamic
36,91,0.01,11,0,0,0,0,0,0,0,0,0,0,iter,0,1,optk,1,dynamic
36,91,0.01,11,0,0,0,0,0,0,0,0,0,0,iter,0,1,rootk,1,dynamic
36,91,0.01,12,0,0,0,0,0,0,0,0,0,0,iter,0,1,k1,1,dynamic
36,91,0.01,12,0,0,0,0,0,0,0,0,0,0,iter,0,1,optk,1,dynamic
36,91,0.01,12,0,0,0,0,0,0,0,0,0,0,iter,0,1,rootk,1,dynamic
36,91,0.01,13,0,3,3,4.0243e-06,3,4.0243e-06,4.02429e-06,0,0,0,iter,0,1,k1,1,dynamic
36,91,0.01,13,0,3,3,4.0243e-06,3,4.0243e-06,4.02429e-06,0,0,0,iter,0,1,optk,1,dynamic
36,91,0.01,13,0,3,3,4.0243e-06,3,4.0243e-06,4.02429e-06,0,0,0,iter,0,1,rootk,1,dynamic
36,91,0.01,13,1,0,0,0,0,0,0,0,0,0,iter,0,1,k1,1,dynamic
36,91,0.01,13,1,0,0,0,0,0,0,0,0,0,iter,0,1,optk,1,dynamic
36,91,0.01,13,1,0,0,0,0,0,0,0,0,0,iter,0,1,rootk,1,dynamic
36,91,0.01,14,0,99,99,7.51202e-05,56,7.51202e-05,0.000132793,0,0,0,iter,0,1,k1,1,dynamic
36,91,0.01,14,0,99,99,7.51202e-05,56,7.51202e-05,0.000132793,0,0,0,iter,0,1,optk,1,dynamic
36,91,0.01,14,0,99,99,7.51202e-05,56,7.51202e-05,0.000132793,0,0,0,iter,0,1,rootk,1,dynamic
36,91,0.01,14,1,0,0,0,0,0,0,0,0,0,iter,0,1,k1,1,dynamic
36,91,0.01,14,1,0,0,0,0,0,0,0,0,0,iter,0,1,optk,1,dynamic
36,91,0.01,14,1,0,0,0,0,0,0,0,0,0,iter,0,1,rootk,1,dynamic
36,91,0.01,15,0,6334,6334,0.00407125,3035,0.00407125,0.00846064,0,0,0,iter,0,1,optk,1,dynamic
36,91,0.01,15,0,6334,6334,0.00407929,3041,0.00407929,0.00846064,0,0,0,iter,0,1,k1,1,dynamic
36,91,0.01,15,0,6334,6334,0.00407929,3041,0.00407929,0.00846064,0,0,0,iter,0,1,rootk,1,dynamic
36,91,0.01,15,1,66,66,6.30473e-05,47,6.30473e-05,8.85306e-05,0,48,48,iter,0,1,rootk,1,dynamic
36,91,0.01,15,1,67,67,6.03644e-05,45,6.03644e-05,8.98719e-05,0,45,45,iter,0,1,optk,1,dynamic
36,91,0.01,15,1,93,93,7.78031e-05,58,7.78031e-05,0.000124745,0,59,59,iter,0,1,k1,1,dynamic
36,91,0.01,16,0,269182,269182,0.131277,97863,0.131277,0.303083,0,0,0,iter,0,1,rootk,1,dynamic
36,91,0.01,16,0,269182,269182,0.131503,98032,0.131503,0.303083,0,0,0,iter,0,1,k1,1,dynamic
36,91,0.01,16,0,269182,269182,0.131601,98105,0.131601,0.303083,0,0,0,iter,0,1,optk,1,dynamic
36,91,0.01,16,1,49432,49432,0.0257904,19226,0.0257904,0.064159,0,0,0,iter,0,1,rootk,1,dynamic
36,91,0.01,16,1,49653,49653,0.0260654,19431,0.0260654,0.0644364,0,0,0,iter,0,1,k1,1,dynamic
36,91,0.01,16,1,49975,49975,0.0258427,19265,0.0258427,0.0648404,0,0,0,iter,0,1,optk,1,dynamic
36,91,0.01,16,2,6471,6471,0.00360443,2687,0.00360443,0.00864284,3048,1,3049,iter,0,1,optk,1,dynamic
36,91,0.01,16,2,7025,7025,0.00377613,2815,0.00377613,0.0093793,3191,1,3192,iter,0,1,k1,1,dynamic
36,91,0.01,16,2,7066,7066,0.00373321,2783,0.00373321,0.00943378,3140,1,3141,iter,0,1,rootk,1,dynamic
36,915,0.1,11,0,0,0,0,0,0,0,0,0,0,iter,0,1,k1,1,dynamic
36,915,0.1,11,0,0,0,0,0,0,0,0,0,0,iter,0,1,optk,5,dynamic
36,915,0.1,11,0,0,0,0,0,0,0,0,0,0,iter,0,1,rootk,2,dynamic
36,915,0.1,12,0,0,0,0,0,0,0,0,0,0,iter,0,1,k1,1,dynamic
36,915,0.1,12,0,0,0,0,0,0,0,0,0,0,iter,0,1,optk,5,dynamic
36,915,0.1,12,0,0,0,0,0,0,0,0,0,0,iter,0,1,rootk,2,dynamic
36,915,0.1,13,0,3,3,3.20923e-29,15,2.00115e-06,2.00115e-06,0,0,0,iter,0,1,optk,5,dynamic
36,915,0.1,13,0,3,3,4.00231e-07,3,4.00231e-07,4.0023e-07,0,0,0,iter,0,1,k1,1,dynamic
36,915,0.1,13,0,3,3,6.40738e-13,6,8.00461e-07,8.00461e-07,0,0,0,iter,0,1,rootk,2,dynamic
36,915,0.1,13,1,0,0,0,0,0,0,0,0,0,iter,0,1,k1,1,dynamic
36,915,0.1,13,1,0,0,0,0,0,0,0,0,0,iter,0,1,optk,5,dynamic
36,915,0.1,13,1,0,0,0,0,0,0,0,0,0,iter,0,1,rootk,2,dynamic
36,915,0.1,14,0,99,99,2.23262e-10,112,1.49419e-05,2.64149e-05,0,0,0,iter,0,1,rootk,2,dynamic
36,915,0.1,14,0,99,99,7.27336e-23,280,3.73548e-05,6.60359e-05,0,0,0,iter,0,1,optk,5,dynamic
36,915,0.1,14,0,99,99,7.47097e-06,56,7.47097e-06,1.32075e-05,0,0,0,iter,0,1,k1,1,dynamic
36,915,0.1,14,1,0,0,0,0,0,0,0,0,0,iter,0,1,k1,1,dynamic
36,915,0.1,14,1,0,0,0,0,0,0,0,0,0,iter,0,1,optk,5,dynamic
36,915,0.1,14,1,0,0,0,0,0,0,0,0,0,iter,0,1,rootk,2,dynamic
36,915,0.1,15,0,6334,6334,0.000405967,3043,0.000405967,0.000844663,0,0,0,iter,0,1,k1,1,dynamic
36,915,0.1,15,0,6334,6334,3.43913e-14,15209,0.00202904,0.00421619,0,0,0,iter,0,1,optk,5,dynamic
36,915,0.1,15,0,6334,6334,6.59887e-07,6089,0.000812335,0.00168861,0,0,0,iter,0,1,rootk,2,dynamic
36,915,0.1,15,1,0,0,0,0,0,0,0,0,0,iter,0,1,optk,5,dynamic
36,915,0.1,15,1,0,0,0,0,0,0,0,0,0,iter,0,1,rootk,2,dynamic
36,915,0.1,15,1,6,6,8.00461e-07,6,8.00461e-07,8.00461e-07,0,6,6,iter,0,1,k1,1,dynamic
36,915,0.1,16,0,269182,269182,0.000763515,207119,0.0276318,0.0693046,0,0,0,iter,0,1,rootk,2,dynamic
36,915,0.1,16,0,269182,269182,0.0139214,104350,0.0139214,0.0352744,0,0,0,iter,0,1,k1,1,dynamic
36,915,0.1,16,0,269182,269182,1.41857e-06,507202,0.0676659,0.164361,0,0,0,iter,0,1,optk,5,dynamic
36,915,0.1,16,1,320,320,1.62327e-09,302,4.02899e-05,8.53789e-05,1,151,152,iter,0,1,rootk,2,dynamic
36,915,0.1,16,1,37,37,2.27292e-24,140,1.86774e-05,2.46806e-05,1,28,29,iter,0,1,optk,5,dynamic
36,915,0.1,16,1,5321,5321,0.000278827,2090,0.000278827,0.000709624,1,2132,2133,iter,0,1,k1,1,dynamic
36,4574,0.5,11,0,0,0,0,0,0,0,0,0,0,iter,0,1,k1,1,dynamic
36,4574,0.5,11,0,0,0,0,0,0,0,0,0,0,iter,0,1,optk,23,dynamic
36,4574,0.5,11,0,0,0,0,0,0,0,0,0,0,iter,0,1,rootk,5,dynamic
36,4574,0.5,12,0,0,0,0,0,0,0,0,0,0,iter,0,1,k1,1,dynamic
36,4574,0.5,12,0,0,0,0,0,0,0,0,0,0,iter,0,1,optk,23,dynamic
36,4574,0.5,12,0,0,0,0,0,0,0,0,0,0,iter,0,1,rootk,5,dynamic
36,4574,0.5,13,0,3,3,1.02808e-32,15,4.00318e-07,4.00318e-07,0,0,0,iter,0,1,rootk,5,dynamic
36,4574,0.5,13,0,3,3,1.2553e-132,69,1.84146e-06,1.84146e-06,0,0,0,iter,0,1,optk,23,dynamic
36,4574,0.5,13,0,3,3,8.00636e-08,3,8.00636e-08,8.00636e-08,0,0,0,iter,0,1,k1,1,dynamic
36,4574,0.5,13,1,0,0,0,0,0,0,0,0,0,iter,0,1,k1,1,dynamic
36,4574,0.5,13,1,0,0,0,0,0,0,0,0,0,iter,0,1,optk,23,dynamic
36,4574,0.5,13,1,0,0,0,0,0,0,0,0,0,iter,0,1,rootk,5,dynamic
36,4574,0.5,14,0,99,99,1.49452e-06,56,1.49452e-06,2.6421e-06,0,0,0,iter,0,1,k1,1,dynamic
36,4574,0.5,14,0,99,99,2.15419e-103,1288,3.4374e-05,6.07664e-05,0,0,0,iter,0,1,optk,23,dynamic
36,4574,0.5,14,0,99,99,2.33002e-26,280,7.4726e-06,1.32104e-05,0,0,0,iter,0,1,rootk,5,dynamic
36,4574,0.5,14,1,0,0,0,0,0,0,0,0,0,iter,0,1,k1,1,dynamic
36,4574,0.5,14,1,0,0,0,0,0,0,0,0,0,iter,0,1,optk,23,dynamic
36,4574,0.5,14,1,0,0,0,0,0,0,0,0,0,iter,0,1,rootk,5,dynamic
36,4574,0.5,15,0,6334,6334,1.10608e-17,15221,0.000406216,0.000844848,0,0,0,iter,0,1,rootk,5,dynamic
36,4574,0.5,15,0,6334,6334,1.72888e-63,69967,0.00186727,0.00388039,0,0,0,iter,0,1,optk,23,dynamic
36,4574,0.5,15,0,6334,6334,8.12646e-05,3045,8.12646e-05,0.000169027,0,0,0,iter,0,1,k1,1,dynamic
36,4574,0.5,15,1,0,0,0,0,0,0,0,0,0,iter,0,1,optk,23,dynamic
36,4574,0.5,15,1,0,0,0,0,0,0,0,0,0,iter,0,1,rootk,5,dynamic
36,4574,0.5,15,1,1,1,2.66879e-08,1,2.66879e-08,2.66879e-08,0,1,1,iter,0,1,k1,1,dynamic
36,4574,0.5,16,0,269182,269182,0.00280025,104926,0.00280025,0.00715815,0,0,0,iter,0,1,k1,1,dynamic
36,4574,0.5,16,0,269182,269182,1.98007e-28,2339882,0.0624465,0.152301,0,0,0,iter,0,1,optk,23,dynamic
36,4574,0.5,16,0,269182,269182,5.23102e-10,521679,0.0139225,0.035282,0,0,0,iter,0,1,rootk,5,dynamic
36,4574,0.5,16,1,1093,1093,1.20896e-05,453,1.20896e-05,2.91694e-05,1,456,457,iter,0,1,k1,1,dynamic
36,4574,0.5,16,1,37,37,2.568e-110,644,1.7187e-05,2.27111e-05,1,28,29,iter,0,1,optk,23,dynamic
36,4574,0.5,16,1,37,37,7.28131e-28,140,3.7363e-06,4.93724e-06,1,28,29,iter,0,1,rootk,5,dynamic
37,1,0.001,10,0,0,0,0,0,0,0,0,0,0,iter,0,1,k1,1,dynamic
37,1,0.001,10,0,0,0,0,0,0,0,0,0,0,iter,0,1,optk,1,dynamic
37,1,0.001,10,0,0,0,0,0,0,0,0,0,0,iter,0,1,rootk,1,dynamic
37,1,0.001,11,0,0,0,0,0,0,0,0,0,0,iter,0,1,k1,1,dynamic
37,1,0.001,11,0,0,0,0,0,0,0,0,0,0,iter,0,1,optk,1,dynamic
37,1,0.001,11,0,0,0,0,0,0,0,0,0,0,iter,0,1,rootk,1,dynamic
37,1,0.001,12,0,0,0,0,0,0,0,0,0,0,iter,0,1,k1,1,dynamic
37,1,0.001,12,0,0,0,0,0,0,0,0,0,0,iter,0,1,optk,1,dynamic
37,1,0.001,12,0,0,0,0,0,0,0,0,0,0,iter,0,1,rootk,1,dynamic
37,1,0.001,13,0,83,83,0.00622559,51,0.00622559,0.0100807,0,0,0,iter,0,1,optk,1,dynamic
37,1,0.001,13,0,83,83,0.00634766,52,0.00634766,0.0100807,0,0,0,iter,0,1,k1,1,dynamic
37,1,0.001,13,0,83,83,0.00634766,52,0.00634766,0.0100807,0,0,0,iter,0,1,rootk,1,dynamic
37,1,0.001,13,1,0,0,0,0,0,0,0,0,0,iter,0,1,k1,1,dynamic
37,1,0.001,13,1,1,1,0.00012207,1,0.00012207,0.000122063,0,1,1,iter,0,1,optk,1,dynamic
37,1,0.001,13,1,6,6,0.000366211,3,0.000366211,0.000732154,0,3,3,iter,0,1,rootk,1,dynamic
37,1,0.001,14,0,442,442,0.0340576,279,0.0340576,0.0525253,322,1,323,type,0,2,rootk,1,dynamic
37,1,0.001,14,0,458,458,0.0344238,282,0.0344238,0.0543741,345,1,346,type,0,2,k1,1,dynamic
37,1,0.001,14,0,496,496,0.0335693,275,0.0335693,0.0587504,337,1,338,type,0,2,optk,1,dynamic
37,1,0.001,14,0,6194,6194,0.343872,2817,0.343872,0.530508,0,0,0,iter,0,1,optk,1,dynamic
37,1,0.001,14,0,6194,6194,0.347656,2848,0.347656,0.530508,0,0,0,iter,0,1,k1,1,dynamic
37,1,0.001,14,0,6194,6194,0.349243,2861,0.349243,0.530508,0,0,0,iter,0,1,rootk,1,dynamic
37,1,0.001,14,1,2746,2746,0.168579,1381,0.168579,0.284809,0,0,0,iter,0,1,k1,1,dynamic
37,1,0.001,14,1,2756,2756,0.164429,1347,0.164429,0.285681,0,0,0,iter,0,1,rootk,1,dynamic
37,1,0.001,14,1,2835,2835,0.164917,1351,0.164917,0.292537,0,0,0,iter,0,1,optk,1,dynamic
37,4,0.01,10,0,0,0,0,0,0,0,0,0,0,iter,0,1,k1,1,dynamic
37,4,0.01,10,0,0,0,0,0,0,0,0,0,0,iter,0,1,optk,1,dynamic
37,4,0.01,10,0,0,0,0,0,0,0,0,0,0,iter,0,1,rootk,1,dynamic
37,4,0.01,11,0,0,0,0,0,0,0,0,0,0,iter,0,1,k1,1,dynamic
37,4,0.01,11,0,0,0,0,0,0,0,0,0,0,iter,0,1,optk,1,dynamic
37,4,0.01,11,0,0,0,0,0,0,0,0,0,0,iter,0,1,rootk,1,dynamic
37,4,0.01,12,0,0,0,0,0,0,0,0,0,0,iter,0,1,k1,1,dynamic
37,4,0.01,12,0,0,0,0,0,0,0,0,0,0,iter,0,1,optk,1,dynamic
37,4,0.01,12,0,0,0,0,0,0,0,0,0,0,iter,0,1,rootk,1,dynamic
37,4,0.01,13,0,83,83,0.00158691,52,0.00158691,0.00252975,0,0,0,iter,0,1,k1,1,dynamic
37,4,0.01,13,0,83,83,0.00158691,52,0.00158691,0.00252975,0,0,0,iter,0,1,optk,1,dynamic
37,4,0.01,13,0,83,83,0.00158691,52,0.00158691,0.00252975,0,0,0,iter,0,1,rootk,1,dynamic
37,4,0.01,13,1,0,0,0,0,0,0,0,0,0,iter,0,1,rootk,1,dynamic
37,4,0.01,13,1,1,1,3.05176e-05,1,3.05176e-05,3.05171e-05,0,1,1,iter,0,1,k1,1,dynamic
37,4,0.01,13,1,3,3,9.15527e-05,3,9.15527e-05,9.15485e-05,0,3,3,iter,0,1,optk,1,dynamic
37,4,0.01,14,0,6194,6194,0.100067,3279,0.100067,0.172235,0,0,0,iter,0,1,k1,1,dynamic
37,4,0.01,14,0,6194,6194,0.100372,3289,0.100372,0.172235,0,0,0,iter,0,1,rootk,1,dynamic
37,4,0.01,14,0,6194,6194,0.101013,3310,0.101013,0.172235,0,0,0,iter,0,1,optk,1,dynamic
37,4,0.01,14,1,767,767,0.0128479,421,0.0128479,0.0231352,0,0,0,iter,0,1,k1,1,dynamic
37,4,0.01,14,1,909,909,0.0145264,476,0.0145264,0.0273592,0,0,0,iter,0,1,optk,1,dynamic
37,4,0.01,14,1,916,916,0.0148621,487,0.0148621,0.027567,0,0,0,iter,0,1,rootk,1,dynamic
37,4,0.01,14,2,102,102,0.00210571,69,0.00210571,0.00310795,74,1,75,iter,0,1,rootk,1,dynamic
37,4,0.01,14,2,106,106,0.00213623,70,0.00213623,0.00322964,75,1,76,iter,0,1,k1,1,dynamic
37,4,0.01,14,2,111,111,0.00216675,71,0.00216675,0.00338172,80,1,81,iter,0,1,optk,1,dynamic
37,43,0.1,10,0,0,0,0,0,0,0,0,0,0,iter,0,1,k1,1,dynamic
37,43,0.1,10,0,0,0,0,0,0,0,0,0,0,iter,0,1,optk,4,dynamic
37,43,0.1,10,0,0,0,0,0,0,0,0,0,0,iter,0,1,rootk,2,dynamic
37,43,0.1,11,0,0,0,0,0,0,0,0,0,0,iter,0,1,k1,1,dynamic
37,43,0.1,11,0,0,0,0,0,0,0,0,0,0,iter,0,1,optk,4,dynamic
37,43,0.1,11,0,0,0,0,0,0,0,0,0,0,iter,0,1,rootk,2,dynamic
37,43,0.1,12,0,0,0,0,0,0,0,0,0,0,iter,0,1,k1,1,dynamic
37,43,0.1,12,0,0,0,0,0,0,0,0,0,0,iter,0,1,optk,4,dynamic
37,43,0.1,12,0,0,0,0,0,0,0,0,0,0,iter,0,1,rootk,2,dynamic
37,43,0.1,13,0,83,83,0.00014762,52,0.00014762,0.000235596,0,0,0,iter,0,1,k1,1,dynamic
37,43,0.1,13,0,83,83,1.21568e-13,208,0.00059048,0.000942052,0,0,0,iter,0,1,optk,4,dynamic
37,43,0.1,13,0,83,83,8.71666e-08,104,0.00029524,0.000471137,0,0,0,iter,0,1,rootk,2,dynamic
37,43,0.1,13,1,0,0,0,0,0,0,0,0,0,iter,0,1,k1,1,dynamic
37,43,0.1,13,1,0,0,0,0,0,0,0,0,0,iter,0,1,optk,4,dynamic
37,43,0.1,13,1,0,0,0,0,0,0,0,0,0,iter,0,1,rootk,2,dynamic
37,43,0.1,14,0,6194,6194,0.000383024,6894,0.019571,0.0345564,0,0,0,iter,0,1,rootk,2,dynamic
37,43,0.1,14,0,6194,6194,0.00979969,3452,0.00979969,0.0174301,0,0,0,iter,0,1,k1,1,dynamic
37,43,0.1,14,0,6194,6194,2.22385e-06,13603,0.0386168,0.0679187,0,0,0,iter,0,1,optk,4,dynamic
37,43,0.1,14,1,130,130,0.000201558,71,0.000201558,0.000368982,1,71,72,iter,0,1,k1,1,dynamic
37,43,0.1,14,1,31,31,6.49481e-15,100,0.000283884,0.000351955,1,25,26,iter,0,1,optk,4,dynamic
37,43,0.1,14,1,32,32,2.17916e-08,52,0.00014762,0.00018167,1,26,27,iter,0,1,rootk,2,dynamic
37,213,0.5,10,0,0,0,0,0,0,0,0,0,0,iter,0,1,k1,1,dynamic
37,213,0.5,10,0,0,0,0,0,0,0,0,0,0,iter,0,1,optk,22,dynamic
37,213,0.5,10,0,0,0,0,0,0,0,0,0,0,iter,0,1,rootk,5,dynamic
37,213,0.5,11,0,0,0,0,0,0,0,0,0,0,iter,0,1,k1,1,dynamic
37,213,0.5,11,0,0,0,0,0,0,0,0,0,0,iter,0,1,optk,22,dynamic
37,213,0.5,11,0,0,0,0,0,0,0,0,0,0,iter,0,1,rootk,5,dynamic
37,213,0.5,12,0,0,0,0,0,0,0,0,0,0,iter,0,1,k1,1,dynamic
37,213,0.5,12,0,0,0,0,0,0,0,0,0,0,iter,0,1,optk,22,dynamic
37,213,0.5,12,0,0,0,0,0,0,0,0,0,0,iter,0,1,rootk,5,dynamic
37,213,0.5,13,0,83,83,2.98012e-05,52,2.98012e-05,4.75662e-05,0,0,0,iter,0,1,k1,1,dynamic
37,213,0.5,13,0,83,83,7.34546e-20,260,0.000149006,0.000237808,0,0,0,iter,0,1,rootk,5,dynamic
37,213,0.5,13,0,83,83,9.25641e-71,1144,0.000655626,0.00104593,0,0,0,iter,0,1,optk,22,dynamic
37,213,0.5,13,1,0,0,0,0,0,0,0,0,0,iter,0,1,k1,1,dynamic
37,213,0.5,13,1,0,0,0,0,0,0,0,0,0,iter,0,1,optk,22,dynamic
37,213,0.5,13,1,0,0,0,0,0,0,0,0,0,iter,0,1,rootk,5,dynamic
37,213,0.5,14,0,6194,6194,0.00198808,3469,0.00198808,0.00354349,0,0,0,iter,0,1,k1,1,dynamic
37,213,0.5,14,0,6194,6194,7.99027e-31,74766,0.0428484,0.0751236,0,0,0,iter,0,1,optk,22,dynamic
37,213,0.5,14,0,6194,6194,9.54444e-11,17287,0.00990718,0.0175923,0,0,0,iter,0,1,rootk,5,dynamic
37,213,0.5,14,1,31,31,1.8867e-21,125,7.16375e-05,8.88266e-05,1,25,26,iter,0,1,rootk,5,dynamic
37,213,0.5,14,1,31,31,9.31213e-78,550,0.000315205,0.000390778,1,25,26,iter,0,1,optk,22,dynamic
37,213,0.5,14,1,45,45,2.00585e-05,35,2.00585e-05,2.57892e-05,1,35,36,iter,0,1,k1,1,dynamic
38,4,0.001,10,0,0,0,0,0,0,0,0,0,0,iter,0,1,k1,1,dynamic
38,4,0.001,10,0,0,0,0,0,0,0,0,0,0,iter,0,1,optk,1,dynamic
38,4,0.001,10,0,0,0,0,0,0,0,0,0,0,iter,0,1,rootk,1,dynamic
38,4,0.001,11,0,0,0,0,0,0,0,0,0,0,iter,0,1,k1,1,dynamic
38,4,0.001,11,0,0,0,0,0,0,0,0,0,0,iter,0,1,optk,1,dynamic
38,4,0.001,11,0,0,0,0,0,0,0,0,0,0,iter,0,1,rootk,1,dynamic
38,4,0.001,12,0,0,0,0,0,0,0,0,0,0,iter,0,1,k1,1,dynamic
38,4,0.001,12,0,0,0,0,0,0,0,0,0,0,iter,0,1,optk,1,dynamic
38,4,0.001,12,0,0,0,0,0,0,0,0,0,0,iter,0,1,rootk,1,dynamic
38,4,0.001,13,0,1,1,3.05176e-05,1,3.05176e-05,3.05171e-05,0,0,0,iter,0,1,k1,1,dynamic
38,4,0.001,13,0,1,1,3.05176e-05,1,3.05176e-05,3.05171e-05,0,0,0,iter,0,1,optk,1,dynamic
38,4,0.001,13,0,1,1,3.05176e-05,1,3.05176e-05,3.05171e-05,0,0,0,iter,0,1,rootk,1,dynamic
38,4,0.001,13,1,0,0,0,0,0,0,0,0,0,iter,0,1,k1,1,dynamic
38,4,0.001,13,1,0,0,0,0,0,0,0,0,0,iter,0,1,optk,1,dynamic
38,4,0.001,13,1,0,0,0,0,0,0,0,0,0,iter,0,1,rootk,1,dynamic
38,4,0.001,14,0,519,519,0.00662231,217,0.00662231,0.0157139,0,0,0,iter,0,1,optk,1,dynamic
38,4,0.001,14,0,519,519,0.00665283,218,0.00665283,0.0157139,0,0,0,iter,0,1,rootk,1,dynamic
38,4,0.001,14,0,519,519,0.00668335,219,0.00668335,0.0157139,0,0,0,iter,0,1,k1,1,dynamic
38,4,0.001,14,1,104,104,0.0020752,68,0.0020752,0.0031688,0,92,92,iter,0,1,optk,1,dynamic
38,4,0.001,14,1,106,106,0.00210571,69,0.00210571,0.00322964,0,87,87,iter,0,1,rootk,1,dynamic
38,4,0.001,14,1,89,89,0.00198364,65,0.00198364,0.00271238,0,83,83,iter,0,1,k1,1,dynamic
38,4,0.001,15,0,50010,50010,0.453491,14860,0.453491,0.782636,0,0,0,iter,0,1,rootk,1,dynamic
38,4,0.001,15,0,50010,50010,0.455597,14929,0.455597,0.782636,0,0,0,iter,0,1,optk,1,dynamic
38,4,0.001,15,0,50010,50010,0.457306,14985,0.457306,0.782636,0,0,0,iter,0,1,k1,1,dynamic
38,4,0.001,15,0,6162,6162,0.0718079,2353,0.0718079,0.171426,2493,1,2494,type,0,6,rootk,1,dynamic
38,4,0.001,15,0,6261,6261,0.0727844,2385,0.0727844,0.173926,2522,1,2523,type,0,6,optk,1,dynamic
38,4,0.001,15,0,6265,6265,0.0723267,2370,0.0723267,0.174027,2528,1,2529,type,0,6,k1,1,dynamic
38,4,0.001,15,1,91510,91510,0.75116,24614,0.75116,0.938742,0,0,0,iter,0,1,rootk,1,dynamic
38,4,0.001,15,1,92105,92105,0.756134,24777,0.756134,0.939844,0,0,0,iter,0,1,k1,1,dynamic
38,4,0.001,15,1,92962,92962,0.757751,24830,0.757751,0.941397,0,0,0,iter,0,1,optk,1,dynamic
38,39,0.01,10,0,0,0,0,0,0,0,0,0,0,iter,0,1,k1,1,dynamic
38,39,0.01,10,0,0,0,0,0,0,0,0,0,0,iter,0,1,optk,1,dynamic
38,39,0.01,10,0,0,0,0,0,0,0,0,0,0,iter,0,1,rootk,1,dynamic
38,39,0.01,11,0,0,0,0,0,0,0,0,0,0,iter,0,1,k1,1,dynamic
38,39,0.01,11,0,0,0,0,0,0,0,0,0,0,iter,0,1,optk,1,dynamic
38,39,0.01,11,0,0,0,0,0,0,0,0,0,0,iter,0,1,rootk,1,dynamic
38,39,0.01,12,0,0,0,0,0,0,0,0,0,0,iter,0,1,k1,1,dynamic
38,39,0.01,12,0,0,0,0,0,0,0,0,0,0,iter,0,1,optk,1,dynamic
38,39,0.01,12,0,0,0,0,0,0,0,0,0,0,iter,0,1,rootk,1,dynamic
38,39,0.01,13,0,1,1,3.13001e-06,1,3.13001e-06,3.13e-06,0,0,0,iter,0,1,k1,1,dynamic
38,39,0.01,13,0,1,1,3.13001e-06,1,3.13001e-06,3.13e-06,0,0,0,iter,0,1,optk,1,dynamic
38,39,0.01,13,0,1,1,3.13001e-06,1,3.13001e-06,3.13e-06,0,0,0,iter,0,1,rootk,1,dynamic
38,39,0.01,13,1,0,0,0,0,0,0,0,0,0,iter,0,1,k1,1,dynamic
38,39,0.01,13,1,0,0,0,0,0,0,0,0,0,iter,0,1,optk,1,dynamic
38,39,0.01,13,1,0,0,0,0,0,0,0,0,0,iter,0,1,rootk,1,dynamic
38,39,0.01,14,0,519,519,0.000682342,218,0.000682342,0.00162316,0,0,0,iter,0,1,k1,1,dynamic
38,39,0.01,14,0,519,519,0.000685472,219,0.000685472,0.00162316,0,0,0,iter,0,1,optk,1,dynamic
38,39,0.01,14,0,519,519,0.000685472,219,0.000685472,0.00162316,0,0,0,iter,0,1,rootk,1,dynamic
38,39,0.01,14,1,13,13,2.19101e-05,7,2.19101e-05,4.06893e-05,0,8,8,iter,0,1,rootk,1,dynamic
38,39,0.01,14,1,13,13,2.81701e-05,9,2.81701e-05,4.06893e-05,0,9,9,iter,0,1,optk,1,dynamic
38,39,0.01,14,1,6,6,9.39002e-06,3,9.39002e-06,1.87799e-05,0,3,3,iter,0,1,k1,1,dynamic
38,39,0.01,15,0,50010,50010,0.0605375,19341,0.0605375,0.144896,0,0,0,iter,0,1,k1,1,dynamic
38,39,0.01,15,0,50010,50010,0.0605625,19349,0.0605625,0.144896,0,0,0,iter,0,1,optk,1,dynamic
38,39,0.01,15,0,50010,50010,0.0606909,19390,0.0606909,0.144896,0,0,0,iter,0,1,rootk,1,dynamic
38,39,0.01,15,1,11912,11912,0.0191181,6108,0.0191181,0.0365981,0,0,0,iter,0,1,optk,1,dynamic
38,39,0.01,15,1,12393,12393,0.0191337,6113,0.0191337,0.0380475,0,0,0,iter,0,1,rootk,1,dynamic
38,39,0.01,15,1,12492,12492,0.0193904,6195,0.0193904,0.0383455,0,0,0,iter,0,1,k1,1,dynamic
38,39,0.01,15,2,1059,1059,0.00148675,475,0.00148675,0.00330919,507,1,508,iter,0,1,rootk,1,dynamic
38,39,0.01,15,2,1098,1098,0.00138033,441,0.00138033,0.00343085,459,1,460,iter,0,1,k1,1,dynamic
38,39,0.01,15,2,1125,1125,0.00144293,461,0.00144293,0.00351507,487,1,488,iter,0,1,optk,1,dynamic
38,389,0.1,10,0,0,0,0,0,0,0,0,0,0,iter,0,1,k1,1,dynamic
38,389,0.1,10,0,0,0,0,0,0,0,0,0,0,iter,0,1,optk,4,dynamic
38,389,0.1,10,0,0,0,0,0,0,0,0,0,0,iter,0,1,rootk,2,dynamic
38,389,0.1,11,0,0,0,0,0,0,0,0,0,0,iter,0,1,k1,1,dynamic
38,389,0.1,11,0,0,0,0,0,0,0,0,0,0,iter,0,1,optk,4,dynamic
38,389,0.1,11,0,0,0,0,0,0,0,0,0,0,iter,0,1,rootk,2,dynamic
38,389,0.1,12,0,0,0,0,0,0,0,0,0,0,iter,0,1,k1,1,dynamic
38,389,0.1,12,0,0,0,0,0,0,0,0,0,0,iter,0,1,optk,4,dynamic
38,389,0.1,12,0,0,0,0,0,0,0,0,0,0,iter,0,1,rootk,2,dynamic
38,389,0.1,13,0,1,1,2.48246e-24,4,1.25522e-06,1.25522e-06,0,0,0,iter,0,1,optk,4,dynamic
38,389,0.1,13,0,1,1,3.13805e-07,1,3.13805e-07,3.13805e-07,0,0,0,iter,0,1,k1,1,dynamic
38,389,0.1,13,0,1,1,3.93895e-13,2,6.27611e-07,6.27611e-07,0,0,0,iter,0,1,rootk,2,dynamic
38,389,0.1,13,1,0,0,0,0,0,0,0,0,0,iter,0,1,k1,1,dynamic
38,389,0.1,13,1,0,0,0,0,0,0,0,0,0,iter,0,1,optk,4,dynamic
38,389,0.1,13,1,0,0,0,0,0,0,0,0,0,iter,0,1,rootk,2,dynamic
38,389,0.1,14,0,519,519,1.88916e-08,438,0.000137447,0.000325677,0,0,0,iter,0,1,rootk,2,dynamic
38,389,0.1,14,0,519,519,5.68426e-15,875,0.00027458,0.000651248,0,0,0,iter,0,1,optk,4,dynamic
38,389,0.1,14,0,519,519,6.87234e-05,219,6.87234e-05,0.000162852,0,0,0,iter,0,1,k1,1,dynamic
38,389,0.1,14,1,0,0,0,0,0,0,0,0,0,iter,0,1,optk,4,dynamic
38,389,0.1,14,1,0,0,0,0,0,0,0,0,0,iter,0,1,rootk,2,dynamic
38,389,0.1,14,1,1,1,3.13805e-07,1,3.13805e-07,3.13805e-07,0,1,1,iter,0,1,k1,1,dynamic
38,389,0.1,15,0,50010,50010,0.000154938,39666,0.0124474,0.0308994,0,0,0,iter,0,1,rootk,2,dynamic
38,389,0.1,15,0,50010,50010,0.00624285,19894,0.00624285,0.0155709,0,0,0,iter,0,1,k1,1,dynamic
38,389,0.1,15,0,50010,50010,3.75109e-07,78864,0.024748,0.060844,0,0,0,iter,0,1,optk,4,dynamic
38,389,0.1,15,1,107,107,3.4068e-09,186,5.83678e-05,6.71521e-05,1,93,94,iter,0,1,rootk,2,dynamic
38,389,0.1,15,1,1478,1478,0.000242572,773,0.000242572,0.000463697,1,804,805,iter,0,1,k1,1,dynamic
38,389,0.1,15,1,73,73,7.04974e-17,292,9.16312e-05,9.1627e-05,1,73,74,iter,0,1,optk,4,dynamic
38,1947,0.5,10,0,0,0,0,0,0,0,0,0,0,iter,0,1,k1,1,dynamic
38,1947,0.5,10,0,0,0,0,0,0,0,0,0,0,iter,0,1,optk,21,dynamic
38,1947,0.5,10,0,0,0,0,0,0,0,0,0,0,iter,0,1,rootk,5,dynamic
38,1947,0.5,11,0,0,0,0,0,0,0,0,0,0,iter,0,1,k1,1,dynamic
38,1947,0.5,11,0,0,0,0,0,0,0,0,0,0,iter,0,1,optk,21,dynamic
38,1947,0.5,11,0,0,0,0,0,0,0,0,0,0,iter,0,1,rootk,5,dynamic
38,1947,0.5,12,0,0,0,0,0,0,0,0,0,0,iter,0,1,k1,1,dynamic
38,1947,0.5,12,0,0,0,0,0,0,0,0,0,0,iter,0,1,optk,21,dynamic
38,1947,0.5,12,0,0,0,0,0,0,0,0,0,0,iter,0,1,rootk,5,dynamic
38,1947,0.5,13,0,1,1,3.02741e-33,5,3.13483e-07,3.13483e-07,0,0,0,iter,0,1,rootk,5,dynamic
38,1947,0.5,13,0,1,1,3.2265e-124,21,1.31663e-06,1.31663e-06,0,0,0,iter,0,1,optk,21,dynamic
38,1947,0.5,13,0,1,1,6.26966e-08,1,6.26966e-08,6.26966e-08,0,0,0,iter,0,1,k1,1,dynamic
38,1947,0.5,13,1,0,0,0,0,0,0,0,0,0,iter,0,1,k1,1,dynamic
38,1947,0.5,13,1,0,0,0,0,0,0,0,0,0,iter,0,1,optk,21,dynamic
38,1947,0.5,13,1,0,0,0,0,0,0,0,0,0,iter,0,1,rootk,5,dynamic
38,1947,0.5,14,0,519,519,1.37306e-05,219,1.37306e-05,3.2539e-05,0,0,0,iter,0,1,k1,1,dynamic
38,1947,0.5,14,0,519,519,1.52507e-21,1095,6.86528e-05,0.000162684,0,0,0,iter,0,1,rootk,5,dynamic
38,1947,0.5,14,0,519,519,4.55049e-75,4599,0.000288342,0.000683097,0,0,0,iter,0,1,optk,21,dynamic
38,1947,0.5,14,1,0,0,0,0,0,0,0,0,0,iter,0,1,k1,1,dynamic
38,1947,0.5,14,1,0,0,0,0,0,0,0,0,0,iter,0,1,optk,21,dynamic
38,1947,0.5,14,1,0,0,0,0,0,0,0,0,0,iter,0,1,rootk,5,dynamic
38,1947,0.5,15,0,50010,50010,0.0012503,19942,0.0012503,0.00313055,0,0,0,iter,0,1,k1,1,dynamic
38,1947,0.5,15,0,50010,50010,4.95264e-34,413805,0.0259442,0.0637237,0,0,0,iter,0,1,optk,21,dynamic
38,1947,0.5,15,0,50010,50010,9.44744e-12,99499,0.00623825,0.015555,0,0,0,iter,0,1,rootk,5,dynamic
38,1947,0.5,15,1,342,342,1.18497e-05,189,1.18497e-05,2.1442e-05,1,191,192,iter,0,1,k1,1,dynamic
38,1947,0.5,15,1,73,73,4.35022e-85,1533,9.61139e-05,9.61093e-05,1,73,74,iter,0,1,optk,21,dynamic
38,1947,0.5,15,1,73,73,6.27603e-24,365,2.28843e-05,2.2884e-05,1,73,74,iter,0,1,rootk,5,dynamic
39,5,0.001,10,0,0,0,0,0,0,0,0,0,0,iter,0,1,k1,1,dynamic
39,5,0.001,10,0,0,0,0,0,0,0,0,0,0,iter,0,1,optk,1,dynamic
39,5,0.001,10,0,0,0,0,0,0,0,0,0,0,iter,0,1,rootk,1,dynamic
39,5,0.001,11,0,0,0,0,0,0,0,0,0,0,iter,0,1,k1,1,dynamic
39,5,0.001,11,0,0,0,0,0,0,0,0,0,0,iter,0,1,optk,1,dynamic
39,5,0.001,11,0,0,0,0,0,0,0,0,0,0,iter,0,1,rootk,1,dynamic
39,5,0.001,12,0,4,4,7.32422e-05,3,7.32422e-05,9.76515e-05,0,0,0,iter,0,1,k1,1,dynamic
39,5,0.001,12,0,4,4,7.32422e-05,3,7.32422e-05,9.76515e-05,0,0,0,iter,0,1,optk,1,dynamic
39,5,0.001,12,0,4,4,7.32422e-05,3,7.32422e-05,9.76515e-05,0,0,0,iter,0,1,rootk,1,dynamic
39,5,0.001,12,1,0,0,0,0,0,0,0,0,0,iter,0,1,k1,1,dynamic
39,5,0.001,12,1,0,0,0,0,0,0,0,0,0,iter,0,1,optk,1,dynamic
39,5,0.001,12,1,0,0,0,0,0,0,0,0,0,iter,0,1,rootk,1,dynamic
39,5,0.001,13,0,1622,1622,0.0290527,1190,0.0290527,0.0388258,0,0,0,iter,0,1,k1,1,dynamic
39,5,0.001,13,0,1622,1622,0.0290527,1190,0.0290527,0.0388258,0,0,0,iter,0,1,rootk,1,dynamic
39,5,0.001,13,0,1622,1622,0.0291016,1192,0.0291016,0.0388258,0,0,0,iter,0,1,optk,1,dynamic
39,5,0.001,13,1,0,0,0,0,0,0,0,0,0,iter,0,1,k1,1,dynamic
39,5,0.001,13,1,0,0,0,0,0,0,0,0,0,iter,0,1,optk,1,dynamic
39,5,0.001,13,1,0,0,0,0,0,0,0,0,0,iter,0,1,rootk,1,dynamic
39,5,0.001,14,0,22713,22713,0.358325,14677,0.358325,0.42565,0,0,0,iter,0,1,optk,1,dynamic
39,5,0.001,14,0,22713,22713,0.359375,14720,0.359375,0.42565,0,0,0,iter,0,1,k1,1,dynamic
39,5,0.001,14,0,22713,22713,0.360254,14756,0.360254,0.42565,0,0,0,iter,0,1,rootk,1,dynamic
39,5,0.001,14,1,193,193,0.00144043,59,0.00144043,0.00470083,0,59,59,iter,0,1,k1,1,dynamic
39,5,0.001,14,1,216,216,0.00153809,63,0.00153809,0.00525956,0,63,63,iter,0,1,rootk,1,dynamic
39,5,0.001,14,1,240,240,0.00146484,60,0.00146484,0.00584224,0,60,60,iter,0,1,optk,1,dynamic
39,5,0.001,15,0,163029,163029,0.959277,39292,0.959277,0.981318,0,0,0,iter,0,1,optk,1,dynamic
39,5,0.001,15,0,163029,163029,0.9604,39338,0.9604,0.981318,0,0,0,iter,0,1,k1,1,dynamic
39,5,0.001,15,0,163029,163029,0.961279,39374,0.961279,0.981318,0,0,0,iter,0,1,rootk,1,dynamic
39,5,0.001,15,0,3120,3120,0.0597412,2447,0.0597412,0.0733431,4322,1,4323,type,0,4,rootk,1,dynamic
39,5,0.001,15,0,3171,3171,0.0611816,2506,0.0611816,0.0744962,4383,1,4384,type,0,4,optk,1,dynamic
39,5,0.001,15,0,3303,3303,0.0609619,2497,0.0609619,0.0774739,4541,1,4542,type,0,4,k1,1,dynamic
39,5,0.001,15,1,18863,18863,0.0771973,3162,0.0771973,0.369046,0,0,0,iter,0,1,rootk,1,dynamic
39,5,0.001,15,1,18913,18913,0.0770508,3156,0.0770508,0.369816,0,0,0,iter,0,1,k1,1,dynamic
39,5,0.001,15,1,18954,18954,0.077124,3159,0.077124,0.370446,0,0,0,iter,0,1,optk,1,dynamic
39,51,0.01,10,0,0,0,0,0,0,0,0,0,0,iter,0,1,k1,1,dynamic
39,51,0.01,10,0,0,0,0,0,0,0,0,0,0,iter,0,1,optk,1,dynamic
39,51,0.01,10,0,0,0,0,0,0,0,0,0,0,iter,0,1,rootk,1,dynamic
39,51,0.01,11,0,0,0,0,0,0,0,0,0,0,iter,0,1,k1,1,dynamic
39,51,0.01,11,0,0,0,0,0,0,0,0,0,0,iter,0,1,optk,1,dynamic
39,51,0.01,11,0,0,0,0,0,0,0,0,0,0,iter,0,1,rootk,1,dynamic
39,51,0.01,12,0,4,4,7.18061e-06,3,7.18061e-06,9.5741e-06,0,0,0,iter,0,1,k1,1,dynamic
39,51,0.01,12,0,4,4,7.18061e-06,3,7.18061e-06,9.5741e-06,0,0,0,iter,0,1,optk,1,dynamic
39,51,0.01,12,0,4,4,7.18061e-06,3,7.18061e-06,9.5741e-06,0,0,0,iter,0,1,rootk,1,dynamic
39,51,0.01,12,1,0,0,0,0,0,0,0,0,0,iter,0,1,k1,1,dynamic
39,51,0.01,12,1,0,0,0,0,0,0,0,0,0,iter,0,1,optk,1,dynamic
39,51,0.01,12,1,0,0,0,0,0,0,0,0,0,iter,0,1,rootk,1,dynamic
39,51,0.01,13,0,1622,1622,0.00287942,1203,0.00287942,0.00387479,0,0,0,iter,0,1,rootk,1,dynamic
39,51,0.01,13,0,1622,1622,0.002889,1207,0.002889,0.00387479,0,0,0,iter,0,1,k1,1,dynamic
39,51,0.01,13,0,1622,1622,0.002889,1207,0.002889,0.00387479,0,0,0,iter,0,1,optk,1,dynamic
39,51,0.01,13,1,0,0,0,0,0,0,0,0,0,iter,0,1,k1,1,dynamic
39,51,0.01,13,1,0,0,0,0,0,0,0,0,0,iter,0,1,optk,1,dynamic
39,51,0.01,13,1,0,0,0,0,0,0,0,0,0,iter,0,1,rootk,1,dynamic
39,51,0.01,14,0,22713,22713,0.0427462,17859,0.0427462,0.052913,0,0,0,iter,0,1,k1,1,dynamic
39,51,0.01,14,0,22713,22713,0.0427462,17859,0.0427462,0.052913,0,0,0,iter,0,1,rootk,1,dynamic
39,51,0.01,14,0,22713,22713,0.0428036,17883,0.0428036,0.052913,0,0,0,iter,0,1,optk,1,dynamic
39,51,0.01,14,1,19,19,2.15418e-05,9,2.15418e-05,4.54761e-05,0,9,9,iter,0,1,k1,1,dynamic
39,51,0.01,14,1,22,22,2.15418e-05,9,2.15418e-05,5.26564e-05,0,9,9,iter,0,1,optk,1,dynamic
39,51,0.01,14,1,5,5,1.19677e-05,5,1.19677e-05,1.19676e-05,0,5,5,iter,0,1,rootk,1,dynamic
39,51,0.01,15,0,163029,163029,0.270673,113085,0.270673,0.323089,0,0,0,iter,0,1,rootk,1,dynamic
39,51,0.01,15,0,163029,163029,0.270771,113126,0.270771,0.323089,0,0,0,iter,0,1,k1,1,dynamic
39,51,0.01,15,0,163029,163029,0.271235,113320,0.271235,0.323089,0,0,0,iter,0,1,optk,1,dynamic
39,51,0.01,15,1,4328,4328,0.00213503,892,0.00213503,0.0103057,1,899,900,iter,0,1,k1,1,dynamic
39,51,0.01,15,1,5081,5081,0.00212785,889,0.00212785,0.0120879,1,896,897,iter,0,1,optk,1,dynamic
39,51,0.01,15,1,5570,5570,0.00216615,905,0.00216615,0.0132435,1,913,914,iter,0,1,rootk,1,dynamic
39,511,0.1,10,0,0,0,0,0,0,0,0,0,0,iter,0,1,k1,1,dynamic
39,511,0.1,10,0,0,0,0,0,0,0,0,0,0,iter,0,1,optk,3,dynamic
39,511,0.1,10,0,0,0,0,0,0,0,0,0,0,iter,0,1,rootk,2,dynamic
39,511,0.1,11,0,0,0,0,0,0,0,0,0,0,iter,0,1,k1,1,dynamic
39,511,0.1,11,0,0,0,0,0,0,0,0,0,0,iter,0,1,optk,3,dynamic
39,511,0.1,11,0,0,0,0,0,0,0,0,0,0,iter,0,1,rootk,2,dynamic
39,511,0.1,12,0,4,4,2.05438e-12,6,1.43331e-06,1.91108e-06,0,0,0,iter,0,1,rootk,2,dynamic
39,511,0.1,12,0,4,4,7.16655e-07,3,7.16655e-07,9.5554e-07,0,0,0,iter,0,1,k1,1,dynamic
39,511,0.1,12,0,4,4,9.93791e-18,9,2.14997e-06,2.86662e-06,0,0,0,iter,0,1,optk,3,dynamic
39,511,0.1,12,1,0,0,0,0,0,0,0,0,0,iter,0,1,k1,1,dynamic
39,511,0.1,12,1,0,0,0,0,0,0,0,0,0,iter,0,1,optk,3,dynamic
39,511,0.1,12,1,0,0,0,0,0,0,0,0,0,iter,0,1,rootk,2,dynamic
39,511,0.1,13,0,1622,1622,0.000288573,1208,0.000288573,0.000387397,0,0,0,iter,0,1,k1,1,dynamic
39,511,0.1,13,0,1622,1622,3.32822e-07,2415,0.000576908,0.000774643,0,0,0,iter,0,1,rootk,2,dynamic
39,511,0.1,13,0,1622,1622,6.46686e-10,3620,0.000864764,0.00116174,0,0,0,iter,0,1,optk,3,dynamic
39,511,0.1,13,1,0,0,0,0,0,0,0,0,0,iter,0,1,k1,1,dynamic
39,511,0.1,13,1,0,0,0,0,0,0,0,0,0,iter,0,1,optk,3,dynamic
39,511,0.1,13,1,0,0,0,0,0,0,0,0,0,iter,0,1,rootk,2,dynamic
39,511,0.1,14,0,22713,22713,0.00435058,18212,0.00435058,0.00541111,0,0,0,iter,0,1,k1,1,dynamic
39,511,0.1,14,0,22713,22713,2.19041e-06,54365,0.012987,0.0161456,0,0,0,iter,0,1,optk,3,dynamic
39,511,0.1,14,0,22713,22713,7.54442e-05,36360,0.00868586,0.0107929,0,0,0,iter,0,1,rootk,2,dynamic
39,511,0.1,14,1,0,0,0,0,0,0,0,0,0,iter,0,1,k1,1,dynamic
39,511,0.1,14,1,0,0,0,0,0,0,0,0,0,iter,0,1,optk,3,dynamic
39,511,0.1,14,1,0,0,0,0,0,0,0,0,0,iter,0,1,rootk,2,dynamic
39,511,0.1,15,0,163029,163029,0.000735906,377936,0.0902833,0.110269,0,0,0,iter,0,1,optk,3,dynamic
39,511,0.1,15,0,163029,163029,0.00372862,255614,0.0610624,0.0749342,0,0,0,iter,0,1,rootk,2,dynamic
39,511,0.1,15,0,163029,163029,0.0310274,129884,0.0310274,0.0381966,0,0,0,iter,0,1,k1,1,dynamic
39,511,0.1,15,1,21,21,8.08651e-16,39,9.31652e-06,1.50497e-05,1,13,14,iter,0,1,optk,3,dynamic
39,511,0.1,15,1,608,608,2.93829e-05,123,2.93829e-05,0.000145232,1,123,124,iter,0,1,k1,1,dynamic
39,511,0.1,15,1,94,94,1.54307e-10,52,1.2422e-05,4.49094e-05,1,26,27,iter,0,1,rootk,2,dynamic
39,2553,0.5,10,0,0,0,0,0,0,0,0,0,0,iter,0,1,k1,1,dynamic
39,2553,0.5,10,0,0,0,0,0,0,0,0,0,0,iter,0,1,optk,14,dynamic
39,2553,0.5,10,0,0,0,0,0,0,0,0,0,0,iter,0,1,rootk,4,dynamic
39,2553,0.5,11,0,0,0,0,0,0,0,0,0,0,iter,0,1,k1,1,dynamic
39,2553,0.5,11,0,0,0,0,0,0,0,0,0,0,iter,0,1,optk,14,dynamic
39,2553,0.5,11,0,0,0,0,0,0,0,0,0,0,iter,0,1,rootk,4,dynamic
39,2553,0.5,12,0,4,4,1.08383e-25,12,5.73774e-07,7.65031e-07,0,0,0,iter,0,1,rootk,4,dynamic
39,2553,0.5,12,0,4,4,1.43443e-07,3,1.43443e-07,1.91258e-07,0,0,0,iter,0,1,k1,1,dynamic
39,2553,0.5,12,0,4,4,1.73508e-80,42,2.00821e-06,2.67761e-06,0,0,0,iter,0,1,optk,14,dynamic
39,2553,0.5,12,1,0,0,0,0,0,0,0,0,0,iter,0,1,k1,1,dynamic
39,2553,0.5,12,1,0,0,0,0,0,0,0,0,0,iter,0,1,optk,14,dynamic
39,2553,0.5,12,1,0,0,0,0,0,0,0,0,0,iter,0,1,rootk,4,dynamic
39,2553,0.5,13,0,1622,1622,2.84934e-15,4832,0.000231039,0.000310172,0,0,0,iter,0,1,rootk,4,dynamic
39,2553,0.5,13,0,1622,1622,5.07367e-44,16903,0.000808208,0.00108518,0,0,0,iter,0,1,optk,14,dynamic
39,2553,0.5,13,0,1622,1622,5.77599e-05,1208,5.77599e-05,7.7552e-05,0,0,0,iter,0,1,k1,1,dynamic
39,2553,0.5,13,1,0,0,0,0,0,0,0,0,0,iter,0,1,k1,1,dynamic
39,2553,0.5,13,1,0,0,0,0,0,0,0,0,0,iter,0,1,optk,14,dynamic
39,2553,0.5,13,1,0,0,0,0,0,0,0,0,0,iter,0,1,rootk,4,dynamic
39,2553,0.5,14,0,22713,22713,0.000872614,18250,0.000872614,0.00108542,0,0,0,iter,0,1,k1,1,dynamic
39,2553,0.5,14,0,22713,22713,1.47483e-10,72883,0.00348486,0.00433462,0,0,0,iter,0,1,rootk,4,dynamic
39,2553,0.5,14,0,22713,22713,1.52325e-27,254053,0.0121474,0.0150891,0,0,0,iter,0,1,optk,14,dynamic
39,2553,0.5,14,1,0,0,0,0,0,0,0,0,0,iter,0,1,k1,1,dynamic
39,2553,0.5,14,1,0,0,0,0,0,0,0,0,0,iter,0,1,optk,14,dynamic
39,2553,0.5,14,1,0,0,0,0,0,0,0,0,0,iter,0,1,rootk,4,dynamic
39,2553,0.5,15,0,163029,163029,0.00628779,131504,0.00628779,0.00776484,0,0,0,iter,0,1,k1,1,dynamic
39,2553,0.5,15,0,163029,163029,3.85219e-07,521036,0.0249131,0.0306995,0,0,0,iter,0,1,rootk,4,dynamic
39,2553,0.5,15,0,163029,163029,9.51395e-16,1767936,0.0845329,0.103388,0,0,0,iter,0,1,optk,14,dynamic
39,2553,0.5,15,1,12,12,2.77461e-23,48,2.29509e-06,2.29509e-06,1,12,13,iter,0,1,rootk,4,dynamic
39,2553,0.5,15,1,12,12,4.65757e-72,168,8.03283e-06,8.0328e-06,1,12,13,iter,0,1,optk,14,dynamic
39,2553,0.5,15,1,26,26,9.56289e-07,20,9.56289e-07,1.24318e-06,1,20,21,iter,0,1,k1,1,dynamic
40,39,0.001,10,0,0,0,0,0,0,0,0,0,0,iter,0,1,k1,1,dynamic
40,39,0.001,10,0,0,0,0,0,0,0,0,0,0,iter,0,1,optk,1,dynamic
40,39,0.001,10,0,0,0,0,0,0,0,0,0,0,iter,0,1,rootk,1,dynamic
40,39,0.001,11,0,0,0,0,0,0,0,0,0,0,iter,0,1,k1,1,dynamic
40,39,0.001,11,0,0,0,0,0,0,0,0,0,0,iter,0,1,optk,1,dynamic
40,39,0.001,11,0,0,0,0,0,0,0,0,0,0,iter,0,1,rootk,1,dynamic
40,39,0.001,12,0,0,0,0,0,0,0,0,0,0,iter,0,1,k1,1,dynamic
40,39,0.001,12,0,0,0,0,0,0,0,0,0,0,iter,0,1,optk,1,dynamic
40,39,0.001,12,0,0,0,0,0,0,0,0,0,0,iter,0,1,rootk,1,dynamic
40,39,0.001,13,0,17,17,4.06901e-05,13,4.06901e-05,5.32087e-05,0,0,0,iter,0,1,k1,1,dynamic
40,39,0.001,13,0,17,17,4.06901e-05,13,4.06901e-05,5.32087e-05,0,0,0,iter,0,1,optk,1,dynamic
40,39,0.001,13,0,17,17,4.06901e-05,13,4.06901e-05,5.32087e-05,0,0,0,iter,0,1,rootk,1,dynamic
40,39,0.001,13,1,0,0,0,0,0,0,0,0,0,iter,0,1,k1,1,dynamic
40,39,0.001,13,1,0,0,0,0,0,0,0,0,0,iter,0,1,optk,1,dynamic
40,39,0.001,13,1,0,0,0,0,0,0,0,0,0,iter,0,1,rootk,1,dynamic
40,39,0.001,14,0,12483,12483,0.0250088,7990,0.0250088,0.0383184,0,0,0,iter,0,1,rootk,1,dynamic
40,39,0.001,14,0,12483,12483,0.0250307,7997,0.0250307,0.0383184,0,0,0,iter,0,1,k1,1,dynamic
40,39,0.001,14,0,12483,12483,0.0250588,8006,0.0250588,0.0383184,0,0,0,iter,0,1,optk,1,dynamic
40,39,0.001,14,1,16,16,1.878e-05,6,1.878e-05,5.00789e-05,0,7,7,iter,0,1,optk,1,dynamic
40,39,0.001,14,1,4,4,1.252e-05,4,1.252e-05,1.252e-05,0,4,4,iter,0,1,k1,1,dynamic
40,39,0.001,14,1,4,4,1.252e-05,4,1.252e-05,1.252e-05,0,4,4,iter,0,1,rootk,1,dynamic
40,39,0.001,15,0,229148,229148,0.36453,116463,0.36453,0.5119,0,0,0,iter,0,1,rootk,1,dynamic
40,39,0.001,15,0,229148,229148,0.364884,116576,0.364884,0.5119,0,0,0,iter,0,1,k1,1,dynamic
40,39,0.001,15,0,229148,229148,0.365075,116637,0.365075,0.5119,0,0,0,iter,0,1,optk,1,dynamic
40,39,0.001,15,1,5286,5286,0.00504244,1611,0.00504244,0.0164091,0,0,0,iter,0,1,k1,1,dynamic
40,39,0.001,15,1,6493,6493,0.00510191,1630,0.00510191,0.020118,0,0,0,iter,0,1,optk,1,dynamic
40,39,0.001,15,1,7503,7503,0.00513321,1640,0.00513321,0.0232108,0,0,0,iter,0,1,rootk,1,dynamic
40,39,0.001,15,2,1057,1057,0.00218475,698,0.00218475,0.00330295,1003,0,1003,iter,0,1,rootk,1,dynamic
40,39,0.001,15,2,1064,1064,0.00219414,701,0.00219414,0.00332479,1029,0,1029,iter,0,1,optk,1,dynamic
40,39,0.001,15,2,1173,1173,0.00236003,754,0.00236003,0.00366477,1104,0,1104,iter,0,1,k1,1,dynamic
40,39,0.001,16,0,1882384,1882384,0.975899,311788,0.975899,0.997238,0,0,0,iter,0,1,optk,1,dynamic
40,39,0.001,16,0,1882384,1882384,0.976008,311823,0.976008,0.997238,0,0,0,iter,0,1,k1,1,dynamic
40,39,0.001,16,0,1882384,1882384,0.976757,312062,0.976757,0.997238,0,0,0,iter,0,1,rootk,1,dynamic
40,39,0.001,16,0,44207,44207,0.0847356,27072,0.0847356,0.129222,40433,1,40434,type,0,7,rootk,1,dynamic
40,39,0.001,16,0,44378,44378,0.084698,27060,0.084698,0.129688,40317,1,40318,type,0,7,optk,1,dynamic
40,39,0.001,16,0,44419,44419,0.0847199,27067,0.0847199,0.1298,40381,1,40382,type,0,7,k1,1,dynamic
40,39,0.001,16,1,399700,399700,0.16492,52690,0.16492,0.7138,0,0,0,iter,0,1,optk,1,dynamic
40,39,0.001,16,1,400424,400424,0.165045,52730,0.165045,0.714448,0,0,0,iter,0,1,rootk,1,dynamic
40,39,0.001,16,1,401696,401696,0.164798,52651,0.164798,0.715582,0,0,0,iter,0,1,k1,1,dynamic
40,394,0.01,10,0,0,0,0,0,0,0,0,0,0,iter,0,1,k1,1,dynamic
40,394,0.01,10,0,0,0,0,0,0,0,0,0,0,iter,0,1,optk,1,dynamic
40,394,0.01,10,0,0,0,0,0,0,0,0,0,0,iter,0,1,rootk,1,dynamic
40,394,0.01,11,0,0,0,0,0,0,0,0,0,0,iter,0,1,k1,1,dynamic
40,394,0.01,11,0,0,0,0,0,0,0,0,0,0,iter,0,1,optk,1,dynamic
40,394,0.01,11,0,0,0,0,0,0,0,0,0,0,iter,0,1,rootk,1,dynamic
40,394,0.01,12,0,0,0,0,0,0,0,0,0,0,iter,0,1,k1,1,dynamic
40,394,0.01,12,0,0,0,0,0,0,0,0,0,0,iter,0,1,optk,1,dynamic
40,394,0.01,12,0,0,0,0,0,0,0,0,0,0,iter,0,1,rootk,1,dynamic
40,394,0.01,13,0,17,17,4.0277e-06,13,4.0277e-06,5.26698e-06,0,0,0,iter,0,1,k1,1,dynamic
40,394,0.01,13,0,17,17,4.0277e-06,13,4.0277e-06,5.26698e-06,0,0,0,iter,0,1,optk,1,dynamic
40,394,0.01,13,0,17,17,4.0277e-06,13,4.0277e-06,5.26698e-06,0,0,0,iter,0,1,rootk,1,dynamic
40,394,0.01,13,1,0,0,0,0,0,0,0,0,0,iter,0,1,k1,1,dynamic
40,394,0.01,13,1,0,0,0,0,0,0,0,0,0,iter,0,1,optk,1,dynamic
40,394,0.01,13,1,0,0,0,0,0,0,0,0,0,iter,0,1,rootk,1,dynamic
40,394,0.01,14,0,12483,12483,0.00250895,8098,0.00250895,0.00386005,0,0,0,iter,0,1,k1,1,dynamic
40,394,0.01,14,0,12483,12483,0.00250957,8100,0.00250957,0.00386005,0,0,0,iter,0,1,rootk,1,dynamic
40,394,0.01,14,0,12483,12483,0.00251112,8105,0.00251112,0.00386005,0,0,0,iter,0,1,optk,1,dynamic
40,394,0.01,14,1,0,0,0,0,0,0,0,0,0,iter,0,1,k1,1,dynamic
40,394,0.01,14,1,0,0,0,0,0,0,0,0,0,iter,0,1,rootk,1,dynamic
40,394,0.01,14,1,5,5,6.19646e-07,2,6.19646e-07,1.54911e-06,0,2,2,iter,0,1,optk,1,dynamic
40,394,0.01,15,0,229148,229148,0.043932,141797,0.043932,0.0685338,0,0,0,iter,0,1,optk,1,dynamic
40,394,0.01,15,0,229148,229148,0.0439416,141828,0.0439416,0.0685338,0,0,0,iter,0,1,k1,1,dynamic
40,394,0.01,15,0,229148,229148,0.0439586,141883,0.0439586,0.0685338,0,0,0,iter,0,1,rootk,1,dynamic
40,394,0.01,15,1,1149,1149,5.54583e-05,179,5.54583e-05,0.000355923,0,179,179,iter,0,1,rootk,1,dynamic
40,394,0.01,15,1,517,517,5.70075e-05,184,5.70075e-05,0.000160166,0,184,184,iter,0,1,k1,1,dynamic
40,394,0.01,15,1,869,869,6.38236e-05,206,6.38236e-05,0.0002692,0,207,207,iter,0,1,optk,1,dynamic
40,394,0.01,16,0,1882384,1882384,0.309684,999550,0.309684,0.441894,0,0,0,iter,0,1,k1,1,dynamic
40,394,0.01,16,0,1882384,1882384,0.309947,1000399,0.309947,0.441894,0,0,0,iter,0,1,optk,1,dynamic
40,394,0.01,16,0,1882384,1882384,0.309988,1000531,0.309988,0.441894,0,0,0,iter,0,1,rootk,1,dynamic
40,394,0.01,16,1,120669,120669,0.00561523,18124,0.00561523,0.0366958,0,0,0,iter,0,1,rootk,1,dynamic
40,394,0.01,16,1,125220,125220,0.00563816,18198,0.00563816,0.0380531,0,0,0,iter,0,1,optk,1,dynamic
40,394,0.01,16,1,132413,132413,0.00570787,18423,0.00570787,0.0401945,0,0,0,iter,0,1,k1,1,dynamic
40,394,0.01,16,2,10408,10408,0.00207736,6705,0.00207736,0.00321945,9114,1,9115,iter,0,1,rootk,1,dynamic
40,394,0.01,16,2,10646,10646,0.00209286,6755,0.00209286,0.00329294,9241,1,9242,iter,0,1,optk,1,dynamic
40,394,0.01,16,2,10958,10958,0.00216226,6979,0.00216226,0.00338929,9578,1,9579,iter,0,1,k1,1,dynamic
40,3935,0.1,10,0,0,0,0,0,0,0,0,0,0,iter,0,1,k1,1,dynamic
40,3935,0.1,10,0,0,0,0,0,0,0,0,0,0,iter,0,1,optk,4,dynamic
40,3935,0.1,10,0,0,0,0,0,0,0,0,0,0,iter,0,1,rootk,2,dynamic
40,3935,0.1,11,0,0,0,0,0,0,0,0,0,0,iter,0,1,k1,1,dynamic
40,3935,0.1,11,0,0,0,0,0,0,0,0,0,0,iter,0,1,optk,4,dynamic
40,3935,0.1,11,0,0,0,0,0,0,0,0,0,0,iter,0,1,rootk,2,dynamic
40,3935,0.1,12,0,0,0,0,0,0,0,0,0,0,iter,0,1,k1,1,dynamic
40,3935,0.1,12,0,0,0,0,0,0,0,0,0,0,iter,0,1,optk,4,dynamic
40,3935,0.1,12,0,0,0,0,0,0,0,0,0,0,iter,0,1,rootk,2,dynamic
40,3935,0.1,13,0,17,17,4.03282e-07,13,4.03282e-07,5.27368e-07,0,0,0,iter,0,1,k1,1,dynamic
40,3935,0.1,13,0,17,17,6.50545e-13,26,8.06564e-07,1.05474e-06,0,0,0,iter,0,1,rootk,2,dynamic
40,3935,0.1,13,0,17,17,6.77134e-24,52,1.61313e-06,2.10947e-06,0,0,0,iter,0,1,optk,4,dynamic
40,3935,0.1,13,1,0,0,0,0,0,0,0,0,0,iter,0,1,k1,1,dynamic
40,3935,0.1,13,1,0,0,0,0,0,0,0,0,0,iter,0,1,optk,4,dynamic
40,3935,0.1,13,1,0,0,0,0,0,0,0,0,0,iter,0,1,rootk,2,dynamic
40,3935,0.1,14,0,12483,12483,0.000251617,8111,0.000251617,0.000387169,0,0,0,iter,0,1,k1,1,dynamic
40,3935,0.1,14,0,12483,12483,1.02473e-12,32433,0.00100613,0.00154778,0,0,0,iter,0,1,optk,4,dynamic
40,3935,0.1,14,0,12483,12483,2.53275e-07,16223,0.000503265,0.000774187,0,0,0,iter,0,1,rootk,2,dynamic
40,3935,0.1,14,1,0,0,0,0,0,0,0,0,0,iter,0,1,k1,1,dynamic
40,3935,0.1,14,1,0,0,0,0,0,0,0,0,0,iter,0,1,optk,4,dynamic
40,3935,0.1,14,1,0,0,0,0,0,0,0,0,0,iter,0,1,rootk,2,dynamic
40,3935,0.1,15,0,229148,229148,0.00448943,144719,0.00448943,0.00708335,0,0,0,iter,0,1,k1,1,dynamic
40,3935,0.1,15,0,229148,229148,1.01238e-07,575004,0.0178376,0.0280338,0,0,0,iter,0,1,optk,4,dynamic
40,3935,0.1,15,0,229148,229148,8.0272e-05,288813,0.00895946,0.0141165,0,0,0,iter,0,1,rootk,2,dynamic
40,3935,0.1,15,1,0,0,0,0,0,0,0,0,0,iter,0,1,optk,4,dynamic
40,3935,0.1,15,1,0,0,0,0,0,0,0,0,0,iter,0,1,rootk,2,dynamic
40,3935,0.1,15,1,74,74,6.20434e-07,20,6.20434e-07,2.2956e-06,0,20,20,iter,0,1,k1,1,dynamic
40,3935,0.1,16,0,1882384,1882384,0.000362785,4448841,0.138011,0.208305,0,0,0,iter,0,1,optk,4,dynamic
40,3935,0.1,16,0,1882384,1882384,0.00511879,2306314,0.0715457,0.110227,0,0,0,iter,0,1,rootk,2,dynamic
40,3935,0.1,16,0,1882384,1882384,0.0364379,1174596,0.0364379,0.0567225,0,0,0,iter,0,1,k1,1,dynamic
40,3935,0.1,16,1,12173,12173,6.73791e-05,2172,6.73791e-05,0.000377556,1,2175,2176,iter,0,1,k1,1,dynamic
40,3935,0.1,16,1,2335,2335,4.01602e-10,646,2.004e-05,0.000144861,1,323,324,iter,0,1,rootk,2,dynamic
40,3935,0.1,16,1,283,283,3.28262e-21,244,7.56929e-06,3.51159e-05,1,61,62,iter,0,1,optk,4,dynamic
40,19677,0.5,10,0,0,0,0,0,0,0,0,0,0,iter,0,1,k1,1,dynamic
40,19677,0.5,10,0,0,0,0,0,0,0,0,0,0,iter,0,1,optk,18,dynamic
40,19677,0.5,10,0,0,0,0,0,0,0,0,0,0,iter,0,1,rootk,4,dynamic
40,19677,0.5,11,0,0,0,0,0,0,0,0,0,0,iter,0,1,k1,1,dynamic
40,19677,0.5,11,0,0,0,0,0,0,0,0,0,0,iter,0,1,optk,18,dynamic
40,19677,0.5,11,0,0,0,0,0,0,0,0,0,0,iter,0,1,rootk,4,dynamic
40,19677,0.5,12,0,0,0,0,0,0,0,0,0,0,iter,0,1,k1,1,dynamic
40,19677,0.5,12,0,0,0,0,0,0,0,0,0,0,iter,0,1,optk,18,dynamic
40,19677,0.5,12,0,0,0,0,0,0,0,0,0,0,iter,0,1,rootk,4,dynamic
40,19677,0.5,13,0,17,17,1.08297e-26,52,3.22593e-07,4.21852e-07,0,0,0,iter,0,1,rootk,4,dynamic
40,19677,0.5,13,0,17,17,8.06482e-08,13,8.06482e-08,1.05463e-07,0,0,0,iter,0,1,k1,1,dynamic
40,19677,0.5,13,0,17,17,8.19609e-106,234,1.45167e-06,1.89833e-06,0,0,0,iter,0,1,optk,18,dynamic
40,19677,0.5,13,1,0,0,0,0,0,0,0,0,0,iter,0,1,k1,1,dynamic
40,19677,0.5,13,1,0,0,0,0,0,0,0,0,0,iter,0,1,optk,18,dynamic
40,19677,0.5,13,1,0,0,0,0,0,0,0,0,0,iter,0,1,rootk,4,dynamic
40,19677,0.5,14,0,12483,12483,1.64194e-15,32448,0.000201298,0.000309715,0,0,0,iter,0,1,rootk,4,dynamic
40,19677,0.5,14,0,12483,12483,1.67406e-55,145957,0.000905474,0.00139296,0,0,0,iter,0,1,optk,18,dynamic
40,19677,0.5,14,0,12483,12483,5.03307e-05,8113,5.03307e-05,7.74379e-05,0,0,0,iter,0,1,k1,1,dynamic
40,19677,0.5,14,1,0,0,0,0,0,0,0,0,0,iter,0,1,k1,1,dynamic
40,19677,0.5,14,1,0,0,0,0,0,0,0,0,0,iter,0,1,optk,18,dynamic
40,19677,0.5,14,1,0,0,0,0,0,0,0,0,0,iter,0,1,rootk,4,dynamic
40,19677,0.5,15,0,229148,229148,0.00089924,144952,0.00089924,0.00142056,0,0,0,iter,0,1,k1,1,dynamic
40,19677,0.5,15,0,229148,229148,1.66559e-10,579083,0.00359246,0.00567013,0,0,0,iter,0,1,rootk,4,dynamic
40,19677,0.5,15,0,229148,229148,5.06992e-33,2589299,0.0160632,0.0252636,0,0,0,iter,0,1,optk,18,dynamic
40,19677,0.5,15,1,0,0,0,0,0,0,0,0,0,iter,0,1,optk,18,dynamic
40,19677,0.5,15,1,0,0,0,0,0,0,0,0,0,iter,0,1,rootk,4,dynamic
40,19677,0.5,15,1,2,2,1.24074e-08,2,1.24074e-08,1.24074e-08,0,2,2,iter,0,1,k1,1,dynamic
40,19677,0.5,16,0,1882384,1882384,0.00739627,1192234,0.00739627,0.0116098,0,0,0,iter,0,1,k1,1,dynamic
40,19677,0.5,16,0,1882384,1882384,5.61574e-17,20162208,0.12508,0.189578,0,0,0,iter,0,1,optk,18,dynamic
40,19677,0.5,16,0,1882384,1882384,7.32771e-07,4716186,0.0292578,0.0456369,0,0,0,iter,0,1,rootk,4,dynamic
40,19677,0.5,16,1,2881,2881,2.86611e-06,462,2.86611e-06,1.78727e-05,1,462,463,iter,0,1,k1,1,dynamic
40,19677,0.5,16,1,50,50,6.36876e-25,144,8.93334e-07,1.24074e-06,1,36,37,iter,0,1,rootk,4,dynamic
40,19677,0.5,16,1,50,50,7.51746e-98,648,4.02e-06,5.58332e-06,1,36,37,iter,0,1,optk,18,dynamic
41,50,0.001,10,0,0,0,0,0,0,0,0,0,0,iter,0,1,k1,1,dynamic
41,50,0.001,10,0,0,0,0,0,0,0,0,0,0,iter,0,1,optk,1,dynamic
41,50,0.001,10,0,0,0,0,0,0,0,0,0,0,iter,0,1,rootk,1,dynamic
41,50,0.001,11,0,0,0,0,0,0,0,0,0,0,iter,0,1,k1,1,dynamic
41,50,0.001,11,0,0,0,0,0,0,0,0,0,0,iter,0,1,optk,1,dynamic
41,50,0.001,11,0,0,0,0,0,0,0,0,0,0,iter,0,1,rootk,1,dynamic
41,50,0.001,12,0,1,1,2.44141e-06,1,2.44141e-06,2.4414e-06,0,0,0,iter,0,1,k1,1,dynamic
41,50,0.001,12,0,1,1,2.44141e-06,1,2.44141e-06,2.4414e-06,0,0,0,iter,0,1,optk,1,dynamic
41,50,0.001,12,0,1,1,2.44141e-06,1,2.44141e-06,2.4414e-06,0,0,0,iter,0,1,rootk,1,dynamic
41,50,0.001,12,1,0,0,0,0,0,0,0,0,0,iter,0,1,k1,1,dynamic
41,50,0.001,12,1,0,0,0,0,0,0,0,0,0,iter,0,1,optk,1,dynamic
41,50,0.001,12,1,0,0,0,0,0,0,0,0,0,iter,0,1,rootk,1,dynamic
41,50,0.001,13,0,107,107,0.000134277,55,0.000134277,0.000261196,0,0,0,iter,0,1,k1,1,dynamic
41,50,0.001,13,0,107,107,0.000134277,55,0.000134277,0.000261196,0,0,0,iter,0,1,optk,1,dynamic
41,50,0.001,13,0,107,107,0.000134277,55,0.000134277,0.000261196,0,0,0,iter,0,1,rootk,1,dynamic
41,50,0.001,13,1,0,0,0,0,0,0,0,0,0,iter,0,1,k1,1,dynamic
41,50,0.001,13,1,0,0,0,0,0,0,0,0,0,iter,0,1,optk,1,dynamic
41,50,0.001,13,1,0,0,0,0,0,0,0,0,0,iter,0,1,rootk,1,dynamic
41,50,0.001,14,0,8713,8713,0.00908203,3720,0.00908203,0.0210473,0,0,0,iter,0,1,k1,1,dynamic
41,50,0.001,14,0,8713,8713,0.00909912,3727,0.00909912,0.0210473,0,0,0,iter,0,1,optk,1,dynamic
41,50,0.001,14,0,8713,8713,0.00910156,3728,0.00910156,0.0210473,0,0,0,iter,0,1,rootk,1,dynamic
41,50,0.001,14,1,67,67,8.54492e-05,35,8.54492e-05,0.000163561,0,35,35,iter,0,1,k1,1,dynamic
41,50,0.001,14,1,87,87,9.76563e-05,40,9.76563e-05,0.00021238,0,40,40,iter,0,1,rootk,1,dynamic
41,50,0.001,14,1,88,88,0.00012207,50,0.00012207,0.000214821,0,51,51,iter,0,1,optk,1,dynamic
41,50,0.001,15,0,214231,214231,0.203191,83227,0.203191,0.407275,0,0,0,iter,0,1,rootk,1,dynamic
41,50,0.001,15,0,214231,214231,0.203269,83259,0.203269,0.407275,0,0,0,iter,0,1,k1,1,dynamic
41,50,0.001,15,0,214231,214231,0.203423,83322,0.203423,0.407275,0,0,0,iter,0,1,optk,1,dynamic
41,50,0.001,15,1,33335,33335,0.0274829,11257,0.0274829,0.0781606,0,0,0,iter,0,1,rootk,1,dynamic
41,50,0.001,15,1,33974,33974,0.0274292,11235,0.0274292,0.0795976,0,0,0,iter,0,1,optk,1,dynamic
41,50,0.001,15,1,35041,35041,0.0271753,11131,0.0271753,0.0819921,0,0,0,iter,0,1,k1,1,dynamic
41,50,0.001,15,2,5675,5675,0.00609863,2498,0.00609863,0.0137594,3080,0,3080,iter,0,1,optk,1,dynamic
41,50,0.001,15,2,5714,5714,0.00620117,2540,0.00620117,0.0138533,3171,0,3171,iter,0,1,k1,1,dynamic
41,50,0.001,15,2,5722,5722,0.00621826,2547,0.00621826,0.0138726,3124,0,3124,iter,0,1,rootk,1,dynamic
41,50,0.001,16,0,244498,244498,0.237273,97187,0.237273,0.449495,122121,1,122122,type,0,8,rootk,1,dynamic
41,50,0.001,16,0,245588,245588,0.236614,96917,0.236614,0.450958,121661,1,121662,type,0,8,k1,1,dynamic
41,50,0.001,16,0,246551,246551,0.237437,97254,0.237437,0.452247,121924,1,121925,type,0,8,optk,1,dynamic
41,50,0.001,16,0,2822766,2822766,0.954438,390938,0.954438,0.998984,0,0,0,iter,0,1,rootk,1,dynamic
41,50,0.001,16,0,2822766,2822766,0.954792,391083,0.954792,0.998984,0,0,0,iter,0,1,k1,1,dynamic
41,50,0.001,16,0,2822766,2822766,0.954856,391109,0.954856,0.998984,0,0,0,iter,0,1,optk,1,dynamic
41,50,0.001,16,1,2501930,2501930,0.700137,286776,0.700137,0.997776,0,0,0,iter,0,1,rootk,1,dynamic
41,50,0.001,16,1,2502280,2502280,0.700701,287007,0.700701,0.997777,0,0,0,iter,0,1,optk,1,dynamic
41,50,0.001,16,1,2507169,2507169,0.700176,286792,0.700176,0.997804,0,0,0,iter,0,1,k1,1,dynamic
41,505,0.01,10,0,0,0,0,0,0,0,0,0,0,iter,0,1,k1,1,dynamic
41,505,0.01,10,0,0,0,0,0,0,0,0,0,0,iter,0,1,optk,1,dynamic
41,505,0.01,10,0,0,0,0,0,0,0,0,0,0,iter,0,1,rootk,1,dynamic
41,505,0.01,11,0,0,0,0,0,0,0,0,0,0,iter,0,1,k1,1,dynamic
41,505,0.01,11,0,0,0,0,0,0,0,0,0,0,iter,0,1,optk,1,dynamic
41,505,0.01,11,0,0,0,0,0,0,0,0,0,0,iter,0,1,rootk,1,dynamic
41,505,0.01,12,0,1,1,2.41723e-07,1,2.41723e-07,2.41723e-07,0,0,0,iter,0,1,k1,1,dynamic
41,505,0.01,12,0,1,1,2.41723e-07,1,2.41723e-07,2.41723e-07,0,0,0,iter,0,1,optk,1,dynamic
41,505,0.01,12,0,1,1,2.41723e-07,1,2.41723e-07,2.41723e-07,0,0,0,iter,0,1,rootk,1,dynamic
41,505,0.01,12,1,0,0,0,0,0,0,0,0,0,iter,0,1,k1,1,dynamic
41,505,0.01,12,1,0,0,0,0,0,0,0,0,0,iter,0,1,optk,1,dynamic
41,505,0.01,12,1,0,0,0,0,0,0,0,0,0,iter,0,1,rootk,1,dynamic
41,505,0.01,13,0,107,107,1.32948e-05,55,1.32948e-05,2.58641e-05,0,0,0,iter,0,1,k1,1,dynamic
41,505,0.01,13,0,107,107,1.32948e-05,55,1.32948e-05,2.58641e-05,0,0,0,iter,0,1,optk,1,dynamic
41,505,0.01,13,0,107,107,1.32948e-05,55,1.32948e-05,2.58641e-05,0,0,0,iter,0,1,rootk,1,dynamic
41,505,0.01,13,1,0,0,0,0,0,0,0,0,0,iter,0,1,k1,1,dynamic
41,505,0.01,13,1,0,0,0,0,0,0,0,0,0,iter,0,1,optk,1,dynamic
41,505,0.01,13,1,0,0,0,0,0,0,0,0,0,iter,0,1,rootk,1,dynamic
41,505,0.01,14,0,8713,8713,0.000904287,3741,0.000904287,0.00210392,0,0,0,iter,0,1,rootk,1,dynamic
41,505,0.01,14,0,8713,8713,0.000904529,3742,0.000904529,0.00210392,0,0,0,iter,0,1,k1,1,dynamic
41,505,0.01,14,0,8713,8713,0.000904771,3743,0.000904771,0.00210392,0,0,0,iter,0,1,optk,1,dynamic
41,505,0.01,14,1,1,1,2.41723e-07,1,2.41723e-07,2.41723e-07,0,1,1,iter,0,1,optk,1,dynamic
41,505,0.01,14,1,11,11,1.93379e-06,8,1.93379e-06,2.65895e-06,0,8,8,iter,0,1,rootk,1,dynamic
41,505,0.01,14,1,13,13,1.20862e-06,5,1.20862e-06,3.1424e-06,0,5,5,iter,0,1,k1,1,dynamic
41,505,0.01,15,0,214231,214231,0.0222755,92153,0.0222755,0.0504667,0,0,0,iter,0,1,k1,1,dynamic
41,505,0.01,15,0,214231,214231,0.0222842,92189,0.0222842,0.0504667,0,0,0,iter,0,1,optk,1,dynamic
41,505,0.01,15,0,214231,214231,0.022291,92217,0.022291,0.0504667,0,0,0,iter,0,1,rootk,1,dynamic
41,505,0.01,15,1,3773,3773,0.000286926,1187,0.000286926,0.000911607,0,1202,1202,iter,0,1,rootk,1,dynamic
41,505,0.01,15,1,3775,3775,0.000309406,1280,0.000309406,0.00091209,0,1300,1300,iter,0,1,k1,1,dynamic
41,505,0.01,15,1,3900,3900,0.000303846,1257,0.000303846,0.000942277,0,1274,1274,iter,0,1,optk,1,dynamic
41,505,0.01,16,0,2822766,2822766,0.263811,1091375,0.263811,0.494561,0,0,0,iter,0,1,k1,1,dynamic
41,505,0.01,16,0,2822766,2822766,0.264109,1092607,0.264109,0.494561,0,0,0,iter,0,1,optk,1,dynamic
41,505,0.01,16,0,2822766,2822766,0.264145,1092758,0.264145,0.494561,0,0,0,iter,0,1,rootk,1,dynamic
41,505,0.01,16,1,694656,694656,0.0326092,134903,0.0326092,0.154574,0,0,0,iter,0,1,k1,1,dynamic
41,505,0.01,16,1,699638,699638,0.032535,134596,0.032535,0.155591,0,0,0,iter,0,1,rootk,1,dynamic
41,505,0.01,16,1,701571,701571,0.032739,135440,0.032739,0.155986,0,0,0,iter,0,1,optk,1,dynamic
41,505,0.01,16,2,91076,91076,0.0100419,41543,0.0100419,0.0217746,0,0,0,iter,0,1,k1,1,dynamic
41,505,0.01,16,2,92179,92179,0.0101463,41975,0.0101463,0.0220354,0,0,0,iter,0,1,optk,1,dynamic
41,505,0.01,16,2,93967,93967,0.010048,41568,0.010048,0.022458,0,0,0,iter,0,1,rootk,1,dynamic
41,505,0.01,16,3,26449,26449,0.00141843,5868,0.00141843,0.00637295,1,6580,6581,iter,0,1,optk,1,dynamic
41,505,0.01,16,3,27322,27322,0.00141384,5849,0.00141384,0.00658261,1,6547,6548,iter,0,1,k1,1,dynamic
41,505,0.01,16,3,29075,29075,0.00136405,5643,0.00136405,0.00700347,1,6361,6362,iter,0,1,rootk,1,dynamic
41,5049,0.1,10,0,0,0,0,0,0,0,0,0,0,iter,0,1,k1,1,dynamic
41,5049,0.1,10,0,0,0,0,0,0,0,0,0,0,iter,0,1,optk,5,dynamic
41,5049,0.1,10,0,0,0,0,0,0,0,0,0,0,iter,0,1,rootk,2,dynamic
41,5049,0.1,11,0,0,0,0,0,0,0,0,0,0,iter,0,1,k1,1,dynamic
41,5049,0.1,11,0,0,0,0,0,0,0,0,0,0,iter,0,1,optk,5,dynamic
41,5049,0.1,11,0,0,0,0,0,0,0,0,0,0,iter,0,1,rootk,2,dynamic
41,5049,0.1,12,0,1,1,2.33813e-15,2,4.83543e-08,4.83543e-08,0,0,0,iter,0,1,rootk,2,dynamic
41,5049,0.1,12,0,1,1,2.41771e-08,1,2.41771e-08,2.41771e-08,0,0,0,iter,0,1,k1,1,dynamic
41,5049,0.1,12,0,1,1,2.58151e-35,5,1.20886e-07,1.20886e-07,0,0,0,iter,0,1,optk,5,dynamic
41,5049,0.1,12,1,0,0,0,0,0,0,0,0,0,iter,0,1,k1,1,dynamic
41,5049,0.1,12,1,0,0,0,0,0,0,0,0,0,iter,0,1,optk,5,dynamic
41,5049,0.1,12,1,0,0,0,0,0,0,0,0,0,iter,0,1,rootk,2,dynamic
41,5049,0.1,13,0,107,107,1.29923e-26,275,6.64871e-06,1.29347e-05,0,0,0,iter,0,1,optk,5,dynamic
41,5049,0.1,13,0,107,107,1.32974e-06,55,1.32974e-06,2.58695e-06,0,0,0,iter,0,1,k1,1,dynamic
41,5049,0.1,13,0,107,107,7.07285e-12,110,2.65948e-06,5.17389e-06,0,0,0,iter,0,1,rootk,2,dynamic
41,5049,0.1,13,1,0,0,0,0,0,0,0,0,0,iter,0,1,k1,1,dynamic
41,5049,0.1,13,1,0,0,0,0,0,0,0,0,0,iter,0,1,optk,5,dynamic
41,5049,0.1,13,1,0,0,0,0,0,0,0,0,0,iter,0,1,rootk,2,dynamic
41,5049,0.1,14,0,8713,8713,1.89507e-17,18712,0.000452402,0.00105272,0,0,0,iter,0,1,optk,5,dynamic
41,5049,0.1,14,0,8713,8713,3.27574e-08,7486,0.00018099,0.000421222,0,0,0,iter,0,1,rootk,2,dynamic
41,5049,0.1,14,0,8713,8713,9.0495e-05,3743,9.0495e-05,0.000210633,0,0,0,iter,0,1,k1,1,dynamic
41,5049,0.1,14,1,0,0,0,0,0,0,0,0,0,iter,0,1,k1,1,dynamic
41,5049,0.1,14,1,0,0,0,0,0,0,0,0,0,iter,0,1,optk,5,dynamic
41,5049,0.1,14,1,0,0,0,0,0,0,0,0,0,iter,0,1,rootk,2,dynamic
41,5049,0.1,15,0,214231,214231,0.00225048,93083,0.00225048,0.0051661,0,0,0,iter,0,1,k1,1,dynamic
41,5049,0.1,15,0,214231,214231,1.76332e-10,463299,0.0112012,0.025565,0,0,0,iter,0,1,optk,5,dynamic
41,5049,0.1,15,0,214231,214231,2.02014e-05,185903,0.0044946,0.0103055,0,0,0,iter,0,1,rootk,2,dynamic
41,5049,0.1,15,1,0,0,0,0,0,0,0,0,0,iter,0,1,optk,5,dynamic
41,5049,0.1,15,1,1,1,2.33813e-15,2,4.83543e-08,4.83543e-08,0,1,1,iter,0,1,rootk,2,dynamic
41,5049,0.1,15,1,374,374,2.82872e-06,117,2.82872e-06,9.0422e-06,0,117,117,iter,0,1,k1,1,dynamic
41,5049,0.1,16,0,2822766,2822766,0.00353621,2459598,0.059466,0.127587,0,0,0,iter,0,1,rootk,2,dynamic
41,5049,0.1,16,0,2822766,2822766,0.0301905,1248722,0.0301905,0.0659697,0,0,0,iter,0,1,k1,1,dynamic
41,5049,0.1,16,0,2822766,2822766,5.79226e-05,5877124,0.142092,0.289106,0,0,0,iter,0,1,optk,5,dynamic
41,5049,0.1,16,1,10120,10120,1.2096e-08,4549,0.000109982,0.000489225,1,2275,2276,iter,0,1,rootk,2,dynamic
41,5049,0.1,16,1,80449,80449,0.000395635,16364,0.000395635,0.00194314,1,16543,16544,iter,0,1,k1,1,dynamic
41,5049,0.1,16,1,900,900,1.44215e-21,2808,6.78894e-05,0.000108791,1,562,563,iter,0,1,optk,5,dynamic
41,25245,0.5,10,0,0,0,0,0,0,0,0,0,0,iter,0,1,k1,1,dynamic
41,25245,0.5,10,0,0,0,0,0,0,0,0,0,0,iter,0,1,optk,25,dynamic
41,25245,0.5,10,0,0,0,0,0,0,0,0,0,0,iter,0,1,rootk,5,dynamic
41,25245,0.5,11,0,0,0,0,0,0,0,0,0,0,iter,0,1,k1,1,dynamic
41,25245,0.5,11,0,0,0,0,0,0,0,0,0,0,iter,0,1,optk,25,dynamic
41,25245,0.5,11,0,0,0,0,0,0,0,0,0,0,iter,0,1,rootk,5,dynamic
41,25245,0.5,12,0,1,1,1.14648e-173,25,1.20886e-07,1.20886e-07,0,0,0,iter,0,1,optk,25,dynamic
41,25245,0.5,12,0,1,1,4.83543e-09,1,4.83543e-09,4.83543e-09,0,0,0,iter,0,1,k1,1,dynamic
41,25245,0.5,12,0,1,1,8.26083e-39,5,2.41771e-08,2.41771e-08,0,0,0,iter,0,1,rootk,5,dynamic
41,25245,0.5,12,1,0,0,0,0,0,0,0,0,0,iter,0,1,k1,1,dynamic
41,25245,0.5,12,1,0,0,0,0,0,0,0,0,0,iter,0,1,optk,25,dynamic
41,25245,0.5,12,1,0,0,0,0,0,0,0,0,0,iter,0,1,rootk,5,dynamic
41,25245,0.5,13,0,107,107,2.65948e-07,55,2.65948e-07,5.1739e-07,0,0,0,iter,0,1,k1,1,dynamic
41,25245,0.5,13,0,107,107,3.70198e-130,1375,6.64871e-06,1.29347e-05,0,0,0,iter,0,1,optk,25,dynamic
41,25245,0.5,13,0,107,107,4.15754e-30,275,1.32974e-06,2.58695e-06,0,0,0,iter,0,1,rootk,5,dynamic
41,25245,0.5,13,1,0,0,0,0,0,0,0,0,0,iter,0,1,k1,1,dynamic
41,25245,0.5,13,1,0,0,0,0,0,0,0,0,0,iter,0,1,optk,25,dynamic
41,25245,0.5,13,1,0,0,0,0,0,0,0,0,0,iter,0,1,rootk,5,dynamic
41,25245,0.5,14,0,8713,8713,1.8099e-05,3743,1.8099e-05,4.21302e-05,0,0,0,iter,0,1,k1,1,dynamic
41,25245,0.5,14,0,8713,8713,2.43499e-84,93546,0.000452335,0.00105272,0,0,0,iter,0,1,optk,25,dynamic
41,25245,0.5,14,0,8713,8713,6.06908e-21,18715,9.0495e-05,0.000210633,0,0,0,iter,0,1,rootk,5,dynamic
41,25245,0.5,14,1,0,0,0,0,0,0,0,0,0,iter,0,1,k1,1,dynamic
41,25245,0.5,14,1,0,0,0,0,0,0,0,0,0,iter,0,1,optk,25,dynamic
41,25245,0.5,14,1,0,0,0,0,0,0,0,0,0,iter,0,1,rootk,5,dynamic
41,25245,0.5,15,0,214231,214231,0.000450444,93155,0.000450444,0.00103536,0,0,0,iter,0,1,k1,1,dynamic
41,25245,0.5,15,0,214231,214231,1.70517e-49,2316520,0.0112014,0.025565,0,0,0,iter,0,1,optk,25,dynamic
41,25245,0.5,15,0,214231,214231,5.77271e-14,465416,0.00225048,0.0051661,0,0,0,iter,0,1,rootk,5,dynamic
41,25245,0.5,15,1,0,0,0,0,0,0,0,0,0,iter,0,1,optk,25,dynamic
41,25245,0.5,15,1,0,0,0,0,0,0,0,0,0,iter,0,1,rootk,5,dynamic
41,25245,0.5,15,1,67,67,1.30556e-07,27,1.30556e-07,3.23973e-07,0,27,27,iter,0,1,k1,1,dynamic
41,25245,0.5,16,0,2822766,2822766,0.00611194,1263993,0.00611194,0.0135565,0,0,0,iter,0,1,k1,1,dynamic
41,25245,0.5,16,0,2822766,2822766,2.50765e-08,6243364,0.0301893,0.0659697,0,0,0,iter,0,1,rootk,5,dynamic
41,25245,0.5,16,0,2822766,2822766,6.52061e-22,29385754,0.142093,0.289106,0,0,0,iter,0,1,optk,25,dynamic
41,25245,0.5,16,1,16144,16144,1.81038e-05,3744,1.81038e-05,7.80601e-05,1,3758,3759,iter,0,1,k1,1,dynamic
41,25245,0.5,16,1,768,768,1.39881e-105,13225,6.39485e-05,9.28359e-05,1,529,530,iter,0,1,optk,25,dynamic
41,25245,0.5,16,1,768,768,3.42217e-25,2645,1.27897e-05,1.85679e-05,1,529,530,iter,0,1,rootk,5,dynamic
42,46,0.001,10,0,0,0,0,0,0,0,0,0,0,iter,0,1,k1,1,dynamic
42,46,0.001,10,0,0,0,0,0,0,0,0,0,0,iter,0,1,optk,1,dynamic
42,46,0.001,10,0,0,0,0,0,0,0,0,0,0,iter,0,1,rootk,1,dynamic
42,46,0.001,11,0,0,0,0,0,0,0,0,0,0,iter,0,1,k1,1,dynamic
42,46,0.001,11,0,0,0,0,0,0,0,0,0,0,iter,0,1,optk,1,dynamic
42,46,0.001,11,0,0,0,0,0,0,0,0,0,0,iter,0,1,rootk,1,dynamic
42,46,0.001,12,0,0,0,0,0,0,0,0,0,0,iter,0,1,k1,1,dynamic
42,46,0.001,12,0,0,0,0,0,0,0,0,0,0,iter,0,1,optk,1,dynamic
42,46,0.001,12,0,0,0,0,0,0,0,0,0,0,iter,0,1,rootk,1,dynamic
42,46,0.001,13,0,59,59,8.75722e-05,33,8.75722e-05,0.000156556,0,0,0,iter,0,1,k1,1,dynamic
42,46,0.001,13,0,59,59,8.75722e-05,33,8.75722e-05,0.000156556,0,0,0,iter,0,1,optk,1,dynamic
42,46,0.001,13,0,59,59,8.75722e-05,33,8.75722e-05,0.000156556,0,0,0,iter,0,1,rootk,1,dynamic
42,46,0.001,13,1,0,0,0,0,0,0,0,0,0,iter,0,1,k1,1,dynamic
42,46,0.001,13,1,0,0,0,0,0,0,0,0,0,iter,0,1,optk,1,dynamic
42,46,0.001,13,1,0,0,0,0,0,0,0,0,0,iter,0,1,rootk,1,dynamic
42,46,0.001,14,0,7836,7836,0.0067404,2540,0.0067404,0.0205797,0,0,0,iter,0,1,rootk,1,dynamic
42,46,0.001,14,0,7836,7836,0.00674571,2542,0.00674571,0.0205797,0,0,0,iter,0,1,k1,1,dynamic
42,46,0.001,14,0,7836,7836,0.00675367,2545,0.00675367,0.0205797,0,0,0,iter,0,1,optk,1,dynamic
42,46,0.001,14,1,33,33,3.71518e-05,14,3.71518e-05,8.75683e-05,0,14,14,iter,0,1,optk,1,dynamic
42,46,0.001,14,1,40,40,4.24592e-05,16,4.24592e-05,0.000106142,0,17,17,iter,0,1,k1,1,dynamic
42,46,0.001,14,1,81,81,7.43037e-05,28,7.43037e-05,0.000214927,0,28,28,iter,0,1,rootk,1,dynamic
42,46,0.001,15,0,204455,204455,0.186181,70159,0.186181,0.418743,0,0,0,iter,0,1,k1,1,dynamic
42,46,0.001,15,0,204455,204455,0.186274,70194,0.186274,0.418743,0,0,0,iter,0,1,optk,1,dynamic
42,46,0.001,15,0,204455,204455,0.186314,70209,0.186314,0.418743,0,0,0,iter,0,1,rootk,1,dynamic
42,46,0.001,15,1,25031,25031,0.0156807,5909,0.0156807,0.0642667,0,0,0,iter,0,1,rootk,1,dynamic
42,46,0.001,15,1,25172,25172,0.0158585,5976,0.0158585,0.0646168,0,0,0,iter,0,1,k1,1,dynamic
42,46,0.001,15,1,25661,25661,0.0155825,5872,0.0155825,0.0658298,0,0,0,iter,0,1,optk,1,dynamic
42,46,0.001,15,2,3049,3049,0.00318179,1199,0.00318179,0.00805849,1440,0,1440,iter,0,1,optk,1,dynamic
42,46,0.001,15,2,3079,3079,0.00329059,1240,0.00329059,0.00813746,1466,0,1466,iter,0,1,rootk,1,dynamic
42,46,0.001,15,2,3179,3179,0.00325875,1228,0.00325875,0.00840064,1479,0,1479,iter,0,1,k1,1,dynamic
42,46,0.001,16,0,198629,198629,0.201257,75840,0.201257,0.409687,97853,1,97854,type,0,8,k1,1,dynamic
42,46,0.001,16,0,199539,199539,0.201206,75821,0.201206,0.411111,97596,1,97597,type,0,8,optk,1,dynamic
42,46,0.001,16,0,200290,200290,0.201029,75754,0.201029,0.412283,97498,1,97499,type,0,8,rootk,1,dynamic
42,46,0.001,16,0,2811507,2811507,0.956686,360510,0.956686,0.999425,0,0,0,iter,0,1,optk,1,dynamic
42,46,0.001,16,0,2811507,2811507,0.957305,360743,0.957305,0.999425,0,0,0,iter,0,1,k1,1,dynamic
42,46,0.001,16,0,2811507,2811507,0.957498,360816,0.957498,0.999425,0,0,0,iter,0,1,rootk,1,dynamic
42,46,0.001,16,1,2116798,2116798,0.564636,212773,0.564636,0.996366,0,0,0,iter,0,1,optk,1,dynamic
42,46,0.001,16,1,2119046,2119046,0.56432,212654,0.56432,0.996387,0,0,0,iter,0,1,rootk,1,dynamic
42,46,0.001,16,1,2120485,2120485,0.565419,213068,0.565419,0.996401,0,0,0,iter,0,1,k1,1,dynamic
42,465,0.01,10,0,0,0,0,0,0,0,0,0,0,iter,0,1,k1,1,dynamic
42,465,0.01,10,0,0,0,0,0,0,0,0,0,0,iter,0,1,optk,1,dynamic
42,465,0.01,10,0,0,0,0,0,0,0,0,0,0,iter,0,1,rootk,1,dynamic
42,465,0.01,11,0,0,0,0,0,0,0,0,0,0,iter,0,1,k1,1,dynamic
42,465,0.01,11,0,0,0,0,0,0,0,0,0,0,iter,0,1,optk,1,dynamic
42,465,0.01,11,0,0,0,0,0,0,0,0,0,0,iter,0,1,rootk,1,dynamic
42,465,0.01,12,0,0,0,0,0,0,0,0,0,0,iter,0,1,k1,1,dynamic
42,465,0.01,12,0,0,0,0,0,0,0,0,0,0,iter,0,1,optk,1,dynamic
42,465,0.01,12,0,0,0,0,0,0,0,0,0,0,iter,0,1,rootk,1,dynamic
42,465,0.01,13,0,59,59,8.66305e-06,33,8.66305e-06,1.54884e-05,0,0,0,iter,0,1,k1,1,dynamic
42,465,0.01,13,0,59,59,8.66305e-06,33,8.66305e-06,1.54884e-05,0,0,0,iter,0,1,optk,1,dynamic
42,465,0.01,13,0,59,59,8.66305e-06,33,8.66305e-06,1.54884e-05,0,0,0,iter,0,1,rootk,1,dynamic
42,465,0.01,13,1,0,0,0,0,0,0,0,0,0,iter,0,1,k1,1,dynamic
42,465,0.01,13,1,0,0,0,0,0,0,0,0,0,iter,0,1,optk,1,dynamic
42,465,0.01,13,1,0,0,0,0,0,0,0,0,0,iter,0,1,rootk,1,dynamic
42,465,0.01,14,0,7836,7836,0.000669155,2549,0.000669155,0.00205497,0,0,0,iter,0,1,rootk,1,dynamic
42,465,0.01,14,0,7836,7836,0.000669943,2552,0.000669943,0.00205497,0,0,0,iter,0,1,k1,1,dynamic
42,465,0.01,14,0,7836,7836,0.000669943,2552,0.000669943,0.00205497,0,0,0,iter,0,1,optk,1,dynamic
42,465,0.01,14,1,2,2,5.25034e-07,2,5.25034e-07,5.25033e-07,0,2,2,iter,0,1,k1,1,dynamic
42,465,0.01,14,1,2,2,5.25034e-07,2,5.25034e-07,5.25033e-07,0,2,2,iter,0,1,rootk,1,dynamic
42,465,0.01,14,1,3,3,2.62517e-07,1,2.62517e-07,7.8755e-07,0,1,1,iter,0,1,optk,1,dynamic
42,465,0.01,15,0,204455,204455,0.0201736,76847,0.0201736,0.0522579,0,0,0,iter,0,1,rootk,1,dynamic
42,465,0.01,15,0,204455,204455,0.0201959,76932,0.0201959,0.0522579,0,0,0,iter,0,1,k1,1,dynamic
42,465,0.01,15,0,204455,204455,0.0201978,76939,0.0201978,0.0522579,0,0,0,iter,0,1,optk,1,dynamic
42,465,0.01,15,1,2628,2628,0.000169323,645,0.000169323,0.000689656,0,651,651,iter,0,1,rootk,1,dynamic
42,465,0.01,15,1,2672,2672,0.000163285,622,0.000163285,0.000701199,0,629,629,iter,0,1,k1,1,dynamic
42,465,0.01,15,1,2866,2866,0.000171423,653,0.000171423,0.00075209,0,660,660,iter,0,1,optk,1,dynamic
42,465,0.01,16,0,2811507,2811507,0.268134,1021399,0.268134,0.521963,0,0,0,iter,0,1,rootk,1,dynamic
42,465,0.01,16,0,2811507,2811507,0.268222,1021733,0.268222,0.521963,0,0,0,iter,0,1,k1,1,dynamic
42,465,0.01,16,0,2811507,2811507,0.268265,1021898,0.268265,0.521963,0,0,0,iter,0,1,optk,1,dynamic
42,465,0.01,16,1,582717,582717,0.0227161,86532,0.0227161,0.141847,0,0,0,iter,0,1,k1,1,dynamic
42,465,0.01,16,1,592402,592402,0.0227791,86772,0.0227791,0.144026,0,0,0,iter,0,1,rootk,1,dynamic
42,465,0.01,16,1,596456,596456,0.0227938,86828,0.0227938,0.144937,0,0,0,iter,0,1,optk,1,dynamic
42,465,0.01,16,2,63449,63449,0.00705041,26857,0.00705041,0.0165185,0,0,0,iter,0,1,rootk,1,dynamic
42,465,0.01,16,2,64767,64767,0.0069945,26644,0.0069945,0.0168587,0,0,0,iter,0,1,k1,1,dynamic
42,465,0.01,16,2,65109,65109,0.00716802,27305,0.00716802,0.016947,0,0,0,iter,0,1,optk,1,dynamic
42,465,0.01,16,3,14490,14490,0.000654454,2493,0.000654454,0.00379664,1,2733,2734,iter,0,1,rootk,1,dynamic
42,465,0.01,16,3,15538,15538,0.000645791,2460,0.000645791,0.00407068,1,2682,2683,iter,0,1,k1,1,dynamic
42,465,0.01,16,3,15737,15737,0.00066863,2547,0.00066863,0.00412271,1,2759,2760,iter,0,1,optk,1,dynamic
42,4647,0.1,10,0,0,0,0,0,0,0,0,0,0,iter,0,1,k1,1,dynamic
42,4647,0.1,10,0,0,0,0,0,0,0,0,0,0,iter,0,1,optk,5,dynamic
42,4647,0.1,10,0,0,0,0,0,0,0,0,0,0,iter,0,1,rootk,2,dynamic
42,4647,0.1,11,0,0,0,0,0,0,0,0,0,0,iter,0,1,k1,1,dynamic
42,4647,0.1,11,0,0,0,0,0,0,0,0,0,0,iter,0,1,optk,5,dynamic
42,4647,0.1,11,0,0,0,0,0,0,0,0,0,0,iter,0,1,rootk,2,dynamic
42,4647,0.1,12,0,0,0,0,0,0,0,0,0,0,iter,0,1,k1,1,dynamic
42,4647,0.1,12,0,0,0,0,0,0,0,0,0,0,iter,0,1,optk,5,dynamic
42,4647,0.1,12,0,0,0,0,0,0,0,0,0,0,iter,0,1,rootk,2,dynamic
42,4647,0.1,13,0,59,59,1.5297e-27,165,4.33432e-06,7.74922e-06,0,0,0,iter,0,1,optk,5,dynamic
42,4647,0.1,13,0,59,59,3.00582e-12,66,1.73373e-06,3.09969e-06,0,0,0,iter,0,1,rootk,2,dynamic
42,4647,0.1,13,0,59,59,8.66865e-07,33,8.66865e-07,1.54985e-06,0,0,0,iter,0,1,k1,1,dynamic
42,4647,0.1,13,1,0,0,0,0,0,0,0,0,0,iter,0,1,k1,1,dynamic
42,4647,0.1,13,1,0,0,0,0,0,0,0,0,0,iter,0,1,optk,5,dynamic
42,4647,0.1,13,1,0,0,0,0,0,0,0,0,0,iter,0,1,rootk,2,dynamic
42,4647,0.1,14,0,7836,7836,1.79761e-08,5104,0.000134075,0.000411597,0,0,0,iter,0,1,rootk,2,dynamic
42,4647,0.1,14,0,7836,7836,4.22932e-18,12759,0.000335161,0.00102868,0,0,0,iter,0,1,optk,5,dynamic
42,4647,0.1,14,0,7836,7836,6.70375e-05,2552,6.70375e-05,0.00020582,0,0,0,iter,0,1,k1,1,dynamic
42,4647,0.1,14,1,0,0,0,0,0,0,0,0,0,iter,0,1,optk,5,dynamic
42,4647,0.1,14,1,0,0,0,0,0,0,0,0,0,iter,0,1,rootk,2,dynamic
42,4647,0.1,14,1,1,1,2.62686e-08,1,2.62686e-08,2.62686e-08,0,1,1,iter,0,1,k1,1,dynamic
42,4647,0.1,15,0,204455,204455,0.00203908,77624,0.00203908,0.00535636,0,0,0,iter,0,1,k1,1,dynamic
42,4647,0.1,15,0,204455,204455,1.07998e-10,386586,0.0101551,0.0264964,0,0,0,iter,0,1,optk,5,dynamic
42,4647,0.1,15,0,204455,204455,1.65958e-05,155082,0.00407379,0.010684,0,0,0,iter,0,1,rootk,2,dynamic
42,4647,0.1,15,1,0,0,0,0,0,0,0,0,0,iter,0,1,optk,5,dynamic
42,4647,0.1,15,1,0,0,0,0,0,0,0,0,0,iter,0,1,rootk,2,dynamic
42,4647,0.1,15,1,255,255,1.57612e-06,60,1.57612e-06,6.69848e-06,0,60,60,iter,0,1,k1,1,dynamic
42,4647,0.1,16,0,2811507,2811507,0.00366894,2305861,0.0605718,0.137318,0,0,0,iter,0,1,rootk,2,dynamic
42,4647,0.1,16,0,2811507,2811507,0.0307575,1170883,0.0307575,0.0711931,0,0,0,iter,0,1,k1,1,dynamic
42,4647,0.1,16,0,2811507,2811507,6.32566e-05,5505336,0.144618,0.308763,0,0,0,iter,0,1,optk,5,dynamic
42,4647,0.1,16,1,10547,10547,4.91923e-09,2670,7.01372e-05,0.000553957,1,1335,1336,iter,0,1,rootk,2,dynamic
42,4647,0.1,16,1,339,339,4.49754e-24,815,2.14089e-05,4.45243e-05,1,163,164,iter,0,1,optk,5,dynamic
42,4647,0.1,16,1,66832,66832,0.000268334,10215,0.000268334,0.00175404,1,10300,10301,iter,0,1,k1,1,dynamic
42,23234,0.5,10,0,0,0,0,0,0,0,0,0,0,iter,0,1,k1,1,dynamic
42,23234,0.5,10,0,0,0,0,0,0,0,0,0,0,iter,0,1,optk,24,dynamic
42,23234,0.5,10,0,0,0,0,0,0,0,0,0,0,iter,0,1,rootk,5,dynamic
42,23234,0.5,11,0,0,0,0,0,0,0,0,0,0,iter,0,1,k1,1,dynamic
42,23234,0.5,11,0,0,0,0,0,0,0,0,0,0,iter,0,1,optk,24,dynamic
42,23234,0.5,11,0,0,0,0,0,0,0,0,0,0,iter,0,1,rootk,5,dynamic
42,23234,0.5,12,0,0,0,0,0,0,0,0,0,0,iter,0,1,k1,1,dynamic
42,23234,0.5,12,0,0,0,0,0,0,0,0,0,0,iter,0,1,optk,24,dynamic
42,23234,0.5,12,0,0,0,0,0,0,0,0,0,0,iter,0,1,rootk,5,dynamic
42,23234,0.5,13,0,59,59,1.7338e-07,33,1.7338e-07,3.09983e-07,0,0,0,iter,0,1,k1,1,dynamic
42,23234,0.5,13,0,59,59,4.8961e-31,165,8.66902e-07,1.54991e-06,0,0,0,iter,0,1,rootk,5,dynamic
42,23234,0.5,13,0,59,59,7.26223e-130,792,4.16113e-06,7.43957e-06,0,0,0,iter,0,1,optk,24,dynamic
42,23234,0.5,13,1,0,0,0,0,0,0,0,0,0,iter,0,1,k1,1,dynamic
42,23234,0.5,13,1,0,0,0,0,0,0,0,0,0,iter,0,1,optk,24,dynamic
42,23234,0.5,13,1,0,0,0,0,0,0,0,0,0,iter,0,1,rootk,5,dynamic
42,23234,0.5,14,0,7836,7836,1.34081e-05,2552,1.34081e-05,4.11691e-05,0,0,0,iter,0,1,k1,1,dynamic
42,23234,0.5,14,0,7836,7836,1.3542e-21,12760,6.70404e-05,0.000205829,0,0,0,iter,0,1,rootk,5,dynamic
42,23234,0.5,14,0,7836,7836,1.51534e-84,61240,0.000321752,0.000987591,0,0,0,iter,0,1,optk,24,dynamic
42,23234,0.5,14,1,0,0,0,0,0,0,0,0,0,iter,0,1,k1,1,dynamic
42,23234,0.5,14,1,0,0,0,0,0,0,0,0,0,iter,0,1,optk,24,dynamic
42,23234,0.5,14,1,0,0,0,0,0,0,0,0,0,iter,0,1,rootk,5,dynamic
42,23234,0.5,15,0,204455,204455,0.000408169,77688,0.000408169,0.00107362,0,0,0,iter,0,1,k1,1,dynamic
42,23234,0.5,15,0,204455,204455,3.52441e-14,388089,0.002039,0.00535659,0,0,0,iter,0,1,rootk,5,dynamic
42,23234,0.5,15,0,204455,204455,5.46235e-49,1855972,0.00975119,0.0254512,0,0,0,iter,0,1,optk,24,dynamic
42,23234,0.5,15,1,0,0,0,0,0,0,0,0,0,iter,0,1,optk,24,dynamic
42,23234,0.5,15,1,0,0,0,0,0,0,0,0,0,iter,0,1,rootk,5,dynamic
42,23234,0.5,15,1,23,23,6.30474e-08,12,6.30474e-08,1.20841e-07,0,12,12,iter,0,1,k1,1,dynamic
42,23234,0.5,16,0,2811507,2811507,0.00622937,1185654,0.00622937,0.014663,0,0,0,iter,0,1,k1,1,dynamic
42,23234,0.5,16,0,2811507,2811507,2.75385e-08,5854665,0.0307601,0.0711961,0,0,0,iter,0,1,rootk,5,dynamic
42,23234,0.5,16,0,2811507,2811507,2.82572e-21,26503972,0.139251,0.298487,0,0,0,iter,0,1,optk,24,dynamic
42,23234,0.5,16,1,15421,15421,1.14063e-05,2171,1.14063e-05,8.10179e-05,1,2173,2174,iter,0,1,k1,1,dynamic
42,23234,0.5,16,1,213,213,2.29723e-114,3504,1.84098e-05,2.68578e-05,1,146,147,iter,0,1,optk,24,dynamic
42,23234,0.5,16,1,213,213,8.29936e-28,730,3.83538e-06,5.59544e-06,1,146,147,iter,0,1,rootk,5,dynamic
43,7,0.001,11,0,0,0,0,0,0,0,0,0,0,iter,0,1,k1,1,dynamic
43,7,0.001,11,0,0,0,0,0,0,0,0,0,0,iter,0,1,optk,1,dynamic
43,7,0.001,11,0,0,0,0,0,0,0,0,0,0,iter,0,1,rootk,1,dynamic
43,7,0.001,12,0,0,0,0,0,0,0,0,0,0,iter,0,1,k1,1,dynamic
43,7,0.001,12,0,0,0,0,0,0,0,0,0,0,iter,0,1,optk,1,dynamic
43,7,0.001,12,0,0,0,0,0,0,0,0,0,0,iter,0,1,rootk,1,dynamic
43,7,0.001,13,0,1,1,1.74386e-05,1,1.74386e-05,1.74385e-05,0,0,0,iter,0,1,k1,1,dynamic
43,7,0.001,13,0,1,1,1.74386e-05,1,1.74386e-05,1.74385e-05,0,0,0,iter,0,1,optk,1,dynamic
43,7,0.001,13,0,1,1,1.74386e-05,1,1.74386e-05,1.74385e-05,0,0,0,iter,0,1,rootk,1,dynamic
43,7,0.001,13,1,0,0,0,0,0,0,0,0,0,iter,0,1,k1,1,dynamic
43,7,0.001,13,1,0,0,0,0,0,0,0,0,0,iter,0,1,optk,1,dynamic
43,7,0.001,13,1,0,0,0,0,0,0,0,0,0,iter,0,1,rootk,1,dynamic
43,7,0.001,14,0,109,109,0.00132533,76,0.00132533,0.001899,0,0,0,iter,0,1,k1,1,dynamic
43,7,0.001,14,0,109,109,0.00132533,76,0.00132533,0.001899,0,0,0,iter,0,1,optk,1,dynamic
43,7,0.001,14,0,109,109,0.00132533,76,0.00132533,0.001899,0,0,0,iter,0,1,rootk,1,dynamic
43,7,0.001,14,1,0,0,0,0,0,0,0,0,0,iter,0,1,k1,1,dynamic
43,7,0.001,14,1,0,0,0,0,0,0,0,0,0,iter,0,1,optk,1,dynamic
43,7,0.001,14,1,0,0,0,0,0,0,0,0,0,iter,0,1,rootk,1,dynamic
43,7,0.001,15,0,8788,8788,0.0924421,5301,0.0924421,0.142085,0,0,0,iter,0,1,k1,1,dynamic
43,7,0.001,15,0,8788,8788,0.0928083,5322,0.0928083,0.142085,0,0,0,iter,0,1,rootk,1,dynamic
43,7,0.001,15,0,8788,8788,0.093035,5335,0.093035,0.142085,0,0,0,iter,0,1,optk,1,dynamic
43,7,0.001,15,1,201,201,0.00211007,121,0.00211007,0.00349903,0,123,123,iter,0,1,k1,1,dynamic
43,7,0.001,15,1,247,247,0.00247628,142,0.00247628,0.00429807,0,146,146,iter,0,1,optk,1,dynamic
43,7,0.001,15,1,312,312,0.00280762,161,0.00280762,0.00542607,0,167,167,iter,0,1,rootk,1,dynamic
43,7,0.001,16,0,14921,14921,0.133475,7654,0.133475,0.229104,10290,1,10291,type,0,6,rootk,1,dynamic
43,7,0.001,16,0,15040,15040,0.133876,7677,0.133876,0.230702,10372,1,10373,type,0,6,k1,1,dynamic
43,7,0.001,16,0,15362,15362,0.136143,7807,0.136143,0.23501,10524,1,10525,type,0,6,optk,1,dynamic
43,7,0.001,16,0,260933,260933,0.915981,52526,0.915981,0.989436,0,0,0,iter,0,1,optk,1,dynamic
43,7,0.001,16,0,260933,260933,0.916591,52561,0.916591,0.989436,0,0,0,iter,0,1,k1,1,dynamic
43,7,0.001,16,0,260933,260933,0.91687,52577,0.91687,0.989436,0,0,0,iter,0,1,rootk,1,dynamic
43,7,0.001,16,1,69080,69080,0.343907,19721,0.343907,0.700206,0,0,0,iter,0,1,rootk,1,dynamic
43,7,0.001,16,1,69721,69721,0.34293,19665,0.34293,0.703538,0,0,0,iter,0,1,optk,1,dynamic
43,7,0.001,16,1,69780,69780,0.342407,19635,0.342407,0.703843,0,0,0,iter,0,1,k1,1,dynamic
43,67,0.01,11,0,0,0,0,0,0,0,0,0,0,iter,0,1,k1,1,dynamic
43,67,0.01,11,0,0,0,0,0,0,0,0,0,0,iter,0,1,optk,1,dynamic
43,67,0.01,11,0,0,0,0,0,0,0,0,0,0,iter,0,1,rootk,1,dynamic
43,67,0.01,12,0,0,0,0,0,0,0,0,0,0,iter,0,1,k1,1,dynamic
43,67,0.01,12,0,0,0,0,0,0,0,0,0,0,iter,0,1,optk,1,dynamic
43,67,0.01,12,0,0,0,0,0,0,0,0,0,0,iter,0,1,rootk,1,dynamic
43,67,0.01,13,0,1,1,1.82194e-06,1,1.82194e-06,1.82194e-06,0,0,0,iter,0,1,k1,1,dynamic
43,67,0.01,13,0,1,1,1.82194e-06,1,1.82194e-06,1.82194e-06,0,0,0,iter,0,1,optk,1,dynamic
43,67,0.01,13,0,1,1,1.82194e-06,1,1.82194e-06,1.82194e-06,0,0,0,iter,0,1,rootk,1,dynamic
43,67,0.01,13,1,0,0,0,0,0,0,0,0,0,iter,0,1,k1,1,dynamic
43,67,0.01,13,1,0,0,0,0,0,0,0,0,0,iter,0,1,optk,1,dynamic
43,67,0.01,13,1,0,0,0,0,0,0,0,0,0,iter,0,1,rootk,1,dynamic
43,67,0.01,14,0,109,109,0.000138468,76,0.000138468,0.000198572,0,0,0,iter,0,1,k1,1,dynamic
43,67,0.01,14,0,109,109,0.000138468,76,0.000138468,0.000198572,0,0,0,iter,0,1,optk,1,dynamic
43,67,0.01,14,0,109,109,0.000138468,76,0.000138468,0.000198572,0,0,0,iter,0,1,rootk,1,dynamic
43,67,0.01,14,1,0,0,0,0,0,0,0,0,0,iter,0,1,k1,1,dynamic
43,67,0.01,14,1,0,0,0,0,0,0,0,0,0,iter,0,1,optk,1,dynamic
43,67,0.01,14,1,0,0,0,0,0,0,0,0,0,iter,0,1,rootk,1,dynamic
43,67,0.01,15,0,8788,8788,0.0101409,5566,0.0101409,0.0158838,0,0,0,iter,0,1,optk,1,dynamic
43,67,0.01,15,0,8788,8788,0.0101555,5574,0.0101555,0.0158838,0,0,0,iter,0,1,k1,1,dynamic
43,67,0.01,15,0,8788,8788,0.0101555,5574,0.0101555,0.0158838,0,0,0,iter,0,1,rootk,1,dynamic
43,67,0.01,15,1,14,14,2.18633e-05,12,2.18633e-05,2.55069e-05,0,12,12,iter,0,1,optk,1,dynamic
43,67,0.01,15,1,25,25,3.2795e-05,18,3.2795e-05,4.55476e-05,0,18,18,iter,0,1,k1,1,dynamic
43,67,0.01,15,1,34,34,3.2795e-05,18,3.2795e-05,6.19442e-05,0,18,18,iter,0,1,rootk,1,dynamic
43,67,0.01,16,0,260933,260933,0.227832,125049,0.227832,0.378367,0,0,0,iter,0,1,rootk,1,dynamic
43,67,0.01,16,0,260933,260933,0.228146,125221,0.228146,0.378367,0,0,0,iter,0,1,k1,1,dynamic
43,67,0.01,16,0,260933,260933,0.22818,125240,0.22818,0.378367,0,0,0,iter,0,1,optk,1,dynamic
43,67,0.01,16,1,17156,17156,0.0109645,6018,0.0109645,0.0307738,0,0,0,iter,0,1,optk,1,dynamic
43,67,0.01,16,1,17234,17234,0.0108807,5972,0.0108807,0.0309116,0,0,0,iter,0,1,k1,1,dynamic
43,67,0.01,16,1,17806,17806,0.0109153,5991,0.0109153,0.031921,0,0,0,iter,0,1,rootk,1,dynamic
43,67,0.01,16,2,3048,3048,0.00290965,1597,0.00290965,0.0055379,2002,1,2003,iter,0,1,optk,1,dynamic
43,67,0.01,16,2,3062,3062,0.00301168,1653,0.00301168,0.00556326,2091,1,2092,iter,0,1,k1,1,dynamic
43,67,0.01,16,2,3180,3180,0.00300621,1650,0.00300621,0.00577703,2091,1,2092,iter,0,1,rootk,1,dynamic
43,673,0.1,11,0,0,0,0,0,0,0,0,0,0,iter,0,1,k1,1,dynamic
43,673,0.1,11,0,0,0,0,0,0,0,0,0,0,iter,0,1,optk,5,dynamic
43,673,0.1,11,0,0,0,0,0,0,0,0,0,0,iter,0,1,rootk,2,dynamic
43,673,0.1,12,0,0,0,0,0,0,0,0,0,0,iter,0,1,k1,1,dynamic
43,673,0.1,12,0,0,0,0,0,0,0,0,0,0,iter,0,1,optk,5,dynamic
43,673,0.1,12,0,0,0,0,0,0,0,0,0,0,iter,0,1,rootk,2,dynamic
43,673,0.1,13,0,1,1,1.31598e-13,2,3.62765e-07,3.62765e-07,0,0,0,iter,0,1,rootk,2,dynamic
43,673,0.1,13,0,1,1,1.81382e-07,1,1.81382e-07,1.81382e-07,0,0,0,iter,0,1,k1,1,dynamic
43,673,0.1,13,0,1,1,6.13515e-31,5,9.06912e-07,9.06911e-07,0,0,0,iter,0,1,optk,5,dynamic
43,673,0.1,13,1,0,0,0,0,0,0,0,0,0,iter,0,1,k1,1,dynamic
43,673,0.1,13,1,0,0,0,0,0,0,0,0,0,iter,0,1,optk,5,dynamic
43,673,0.1,13,1,0,0,0,0,0,0,0,0,0,iter,0,1,rootk,2,dynamic
43,673,0.1,14,0,109,109,1.37851e-05,76,1.37851e-05,1.97705e-05,0,0,0,iter,0,1,k1,1,dynamic
43,673,0.1,14,0,109,109,1.55558e-21,380,6.89253e-05,9.88485e-05,0,0,0,iter,0,1,optk,5,dynamic
43,673,0.1,14,0,109,109,7.60111e-10,152,2.75701e-05,3.95406e-05,0,0,0,iter,0,1,rootk,2,dynamic
43,673,0.1,14,1,0,0,0,0,0,0,0,0,0,iter,0,1,k1,1,dynamic
43,673,0.1,14,1,0,0,0,0,0,0,0,0,0,iter,0,1,optk,5,dynamic
43,673,0.1,14,1,0,0,0,0,0,0,0,0,0,iter,0,1,rootk,2,dynamic
43,673,0.1,15,0,8788,8788,0.00101592,5601,0.00101592,0.00159272,0,0,0,iter,0,1,k1,1,dynamic
43,673,0.1,15,0,8788,8788,3.34277e-12,27940,0.00506782,0.00793826,0,0,0,iter,0,1,optk,5,dynamic
43,673,0.1,15,0,8788,8788,4.1225e-06,11194,0.00203039,0.0031829,0,0,0,iter,0,1,rootk,2,dynamic
43,673,0.1,15,1,0,0,0,0,0,0,0,0,0,iter,0,1,k1,1,dynamic
43,673,0.1,15,1,0,0,0,0,0,0,0,0,0,iter,0,1,optk,5,dynamic
43,673,0.1,15,1,0,0,0,0,0,0,0,0,0,iter,0,1,rootk,2,dynamic
43,673,0.1,16,0,260933,260933,0.00252515,277044,0.0502509,0.0903153,0,0,0,iter,0,1,rootk,2,dynamic
43,673,0.1,16,0,260933,260933,0.0254302,140202,0.0254302,0.0462261,0,0,0,iter,0,1,k1,1,dynamic
43,673,0.1,16,0,260933,260933,2.58549e-05,666674,0.120923,0.210727,0,0,0,iter,0,1,optk,5,dynamic
43,673,0.1,16,1,2222,2222,0.000130595,720,0.000130595,0.00040295,1,723,724,iter,0,1,k1,1,dynamic
43,673,0.1,16,1,312,312,1.42337e-09,208,3.77275e-05,0.000113176,1,104,105,iter,0,1,rootk,2,dynamic
43,673,0.1,16,1,35,35,2.05861e-23,160,2.90212e-05,3.17414e-05,1,32,33,iter,0,1,optk,5,dynamic
43,3363,0.5,11,0,0,0,0,0,0,0,0,0,0,iter,0,1,k1,1,dynamic
43,3363,0.5,11,0,0,0,0,0,0,0,0,0,0,iter,0,1,optk,23,dynamic
43,3363,0.5,11,0,0,0,0,0,0,0,0,0,0,iter,0,1,rootk,5,dynamic
43,3363,0.5,12,0,0,0,0,0,0,0,0,0,0,iter,0,1,k1,1,dynamic
43,3363,0.5,12,0,0,0,0,0,0,0,0,0,0,iter,0,1,optk,23,dynamic
43,3363,0.5,12,0,0,0,0,0,0,0,0,0,0,iter,0,1,rootk,5,dynamic
43,3363,0.5,13,0,1,1,1.57418e-140,23,8.34855e-07,8.34855e-07,0,0,0,iter,0,1,optk,23,dynamic
43,3363,0.5,13,0,1,1,1.96909e-34,5,1.8149e-07,1.8149e-07,0,0,0,iter,0,1,rootk,5,dynamic
43,3363,0.5,13,0,1,1,3.6298e-08,1,3.6298e-08,3.6298e-08,0,0,0,iter,0,1,k1,1,dynamic
43,3363,0.5,13,1,0,0,0,0,0,0,0,0,0,iter,0,1,k1,1,dynamic
43,3363,0.5,13,1,0,0,0,0,0,0,0,0,0,iter,0,1,optk,23,dynamic
43,3363,0.5,13,1,0,0,0,0,0,0,0,0,0,iter,0,1,rootk,5,dynamic
43,3363,0.5,14,0,109,109,2.75865e-06,76,2.75865e-06,3.95648e-06,0,0,0,iter,0,1,k1,1,dynamic
43,3363,0.5,14,0,109,109,2.85605e-97,1748,6.3449e-05,9.0995e-05,0,0,0,iter,0,1,optk,23,dynamic
43,3363,0.5,14,0,109,109,4.99268e-25,380,1.37933e-05,1.97822e-05,0,0,0,iter,0,1,rootk,5,dynamic
43,3363,0.5,14,1,0,0,0,0,0,0,0,0,0,iter,0,1,k1,1,dynamic
43,3363,0.5,14,1,0,0,0,0,0,0,0,0,0,iter,0,1,optk,23,dynamic
43,3363,0.5,14,1,0,0,0,0,0,0,0,0,0,iter,0,1,rootk,5,dynamic
43,3363,0.5,15,0,8788,8788,0.000203414,5604,0.000203414,0.000318936,0,0,0,iter,0,1,k1,1,dynamic
43,3363,0.5,15,0,8788,8788,1.0856e-15,28006,0.00101656,0.00159366,0,0,0,iter,0,1,rootk,5,dynamic
43,3363,0.5,15,0,8788,8788,2.45521e-54,128603,0.00466804,0.00730986,0,0,0,iter,0,1,optk,23,dynamic
43,3363,0.5,15,1,0,0,0,0,0,0,0,0,0,iter,0,1,k1,1,dynamic
43,3363,0.5,15,1,0,0,0,0,0,0,0,0,0,iter,0,1,optk,23,dynamic
43,3363,0.5,15,1,0,0,0,0,0,0,0,0,0,iter,0,1,rootk,5,dynamic
43,3363,0.5,16,0,260933,260933,0.00514303,141689,0.00514303,0.00942664,0,0,0,iter,0,1,k1,1,dynamic
43,3363,0.5,16,0,260933,260933,1.06989e-08,701431,0.0254606,0.0462529,0,0,0,iter,0,1,rootk,5,dynamic
43,3363,0.5,16,0,260933,260933,1.31332e-22,3081354,0.111847,0.195747,0,0,0,iter,0,1,optk,23,dynamic
43,3363,0.5,16,1,34,34,3.15045e-106,713,2.58805e-05,2.83847e-05,1,31,32,iter,0,1,optk,23,dynamic
43,3363,0.5,16,1,34,34,5.63734e-27,155,5.6262e-06,6.17065e-06,1,31,32,iter,0,1,rootk,5,dynamic
43,3363,0.5,16,1,421,421,5.80769e-06,160,5.80769e-06,1.52814e-05,1,161,162,iter,0,1,k1,1,dynamic
44,9,0.001,11,0,0,0,0,0,0,0,0,0,0,iter,0,1,k1,1,dynamic
44,9,0.001,11,0,0,0,0,0,0,0,0,0,0,iter,0,1,optk,1,dynamic
44,9,0.001,11,0,0,0,0,0,0,0,0,0,0,iter,0,1,rootk,1,dynamic
44,9,0.001,12,0,1,1,1.35634e-05,1,1.35634e-05,1.35633e-05,0,0,0,iter,0,1,k1,1,dynamic
44,9,0.001,12,0,1,1,1.35634e-05,1,1.35634e-05,1.35633e-05,0,0,0,iter,0,1,optk,1,dynamic
44,9,0.001,12,0,1,1,1.35634e-05,1,1.35634e-05,1.35633e-05,0,0,0,iter,0,1,rootk,1,dynamic
44,9,0.001,12,1,0,0,0,0,0,0,0,0,0,iter,0,1,k1,1,dynamic
44,9,0.001,12,1,0,0,0,0,0,0,0,0,0,iter,0,1,optk,1,dynamic
44,9,0.001,12,1,0,0,0,0,0,0,0,0,0,iter,0,1,rootk,1,dynamic
44,9,0.001,13,0,2,2,2.71267e-05,2,2.71267e-05,2.71264e-05,0,0,0,iter,0,1,k1,1,dynamic
44,9,0.001,13,0,2,2,2.71267e-05,2,2.71267e-05,2.71264e-05,0,0,0,iter,0,1,optk,1,dynamic
44,9,0.001,13,0,2,2,2.71267e-05,2,2.71267e-05,2.71264e-05,0,0,0,iter,0,1,rootk,1,dynamic
44,9,0.001,13,1,0,0,0,0,0,0,0,0,0,iter,0,1,k1,1,dynamic
44,9,0.001,13,1,0,0,0,0,0,0,0,0,0,iter,0,1,optk,1,dynamic
44,9,0.001,13,1,0,0,0,0,0,0,0,0,0,iter,0,1,rootk,1,dynamic
44,9,0.001,14,0,425,425,0.00206163,152,0.00206163,0.00574785,0,0,0,iter,0,1,k1,1,dynamic
44,9,0.001,14,0,425,425,0.00206163,152,0.00206163,0.00574785,0,0,0,iter,0,1,optk,1,dynamic
44,9,0.001,14,0,425,425,0.00206163,152,0.00206163,0.00574785,0,0,0,iter,0,1,rootk,1,dynamic
44,9,0.001,14,1,1,1,1.35634e-05,1,1.35634e-05,1.35633e-05,0,1,1,iter,0,1,optk,1,dynamic
44,9,0.001,14,1,4,4,5.42535e-05,4,5.42535e-05,5.4252e-05,0,4,4,iter,0,1,rootk,1,dynamic
44,9,0.001,14,1,6,6,1.35634e-05,1,1.35634e-05,8.13769e-05,0,1,1,iter,0,1,k1,1,dynamic
44,9,0.001,15,0,12051,12051,0.0594618,4384,0.0594618,0.150793,0,0,0,iter,0,1,rootk,1,dynamic
44,9,0.001,15,0,12051,12051,0.0596653,4399,0.0596653,0.150793,0,0,0,iter,0,1,k1,1,dynamic
44,9,0.001,15,0,12051,12051,0.0597466,4405,0.0597466,0.150793,0,0,0,iter,0,1,optk,1,dynamic
44,9,0.001,15,1,1700,1700,0.0104438,770,0.0104438,0.0227939,0,0,0,iter,0,1,rootk,1,dynamic
44,9,0.001,15,1,1832,1832,0.0111762,824,0.0111762,0.0245419,0,0,0,iter,0,1,optk,1,dynamic
44,9,0.001,15,1,1944,1944,0.0115967,855,0.0115967,0.0260226,0,0,0,iter,0,1,k1,1,dynamic
44,9,0.001,15,2,106,106,0.000610352,45,0.000610352,0.00143668,47,0,47,iter,0,1,optk,1,dynamic
44,9,0.001,15,2,84,84,0.000528971,39,0.000528971,0.00113867,41,0,41,iter,0,1,k1,1,dynamic
44,9,0.001,15,2,85,85,0.000569661,42,0.000569661,0.00115222,44,0,44,iter,0,1,rootk,1,dynamic
44,9,0.001,16,0,340600,340600,0.776299,57235,0.776299,0.990144,0,0,0,iter,0,1,optk,1,dynamic
44,9,0.001,16,0,340600,340600,0.779229,57451,0.779229,0.990144,0,0,0,iter,0,1,rootk,1,dynamic
44,9,0.001,16,0,340600,340600,0.78125,57600,0.78125,0.990144,0,0,0,iter,0,1,k1,1,dynamic
44,9,0.001,16,0,34553,34553,0.142008,10470,0.142008,0.374157,11641,1,11642,type,0,8,k1,1,dynamic
44,9,0.001,16,0,34629,34629,0.142063,10474,0.142063,0.374801,11695,1,11696,type,0,8,optk,1,dynamic
44,9,0.001,16,0,34785,34785,0.14091,10389,0.14091,0.376123,11592,1,11593,type,0,8,rootk,1,dynamic
44,9,0.001,16,1,374164,374164,0.802151,59141,0.802151,0.993748,0,0,0,iter,0,1,optk,1,dynamic
44,9,0.001,16,1,377351,377351,0.804308,59300,0.804308,0.994013,0,0,0,iter,0,1,rootk,1,dynamic
44,9,0.001,16,1,377485,377485,0.806871,59489,0.806871,0.994024,0,0,0,iter,0,1,k1,1,dynamic
44,88,0.01,11,0,0,0,0,0,0,0,0,0,0,iter,0,1,k1,1,dynamic
44,88,0.01,11,0,0,0,0,0,0,0,0,0,0,iter,0,1,optk,1,dynamic
44,88,0.01,11,0,0,0,0,0,0,0,0,0,0,iter,0,1,rootk,1,dynamic
44,88,0.01,12,0,1,1,1.38716e-06,1,1.38716e-06,1.38716e-06,0,0,0,iter,0,1,k1,1,dynamic
44,88,0.01,12,0,1,1,1.38716e-06,1,1.38716e-06,1.38716e-06,0,0,0,iter,0,1,optk,1,dynamic
44,88,0.01,12,0,1,1,1.38716e-06,1,1.38716e-06,1.38716e-06,0,0,0,iter,0,1,rootk,1,dynamic
44,88,0.01,12,1,0,0,0,0,0,0,0,0,0,iter,0,1,k1,1,dynamic
44,88,0.01,12,1,0,0,0,0,0,0,0,0,0,iter,0,1,optk,1,dynamic
44,88,0.01,12,1,0,0,0,0,0,0,0,0,0,iter,0,1,rootk,1,dynamic
44,88,0.01,13,0,2,2,2.77433e-06,2,2.77433e-06,2.77432e-06,0,0,0,iter,0,1,k1,1,dynamic
44,88,0.01,13,0,2,2,2.77433e-06,2,2.77433e-06,2.77432e-06,0,0,0,iter,0,1,optk,1,dynamic
44,88,0.01,13,0,2,2,2.77433e-06,2,2.77433e-06,2.77432e-06,0,0,0,iter,0,1,rootk,1,dynamic
44,88,0.01,13,1,0,0,0,0,0,0,0,0,0,iter,0,1,k1,1,dynamic
44,88,0.01,13,1,0,0,0,0,0,0,0,0,0,iter,0,1,optk,1,dynamic
44,88,0.01,13,1,0,0,0,0,0,0,0,0,0,iter,0,1,rootk,1,dynamic
44,88,0.01,14,0,425,425,0.000210849,152,0.000210849,0.00058937,0,0,0,iter,0,1,k1,1,dynamic
44,88,0.01,14,0,425,425,0.000210849,152,0.000210849,0.00058937,0,0,0,iter,0,1,optk,1,dynamic
44,88,0.01,14,0,425,425,0.000210849,152,0.000210849,0.00058937,0,0,0,iter,0,1,rootk,1,dynamic
44,88,0.01,14,1,0,0,0,0,0,0,0,0,0,iter,0,1,k1,1,dynamic
44,88,0.01,14,1,0,0,0,0,0,0,0,0,0,iter,0,1,optk,1,dynamic
44,88,0.01,14,1,2,2,2.77433e-06,2,2.77433e-06,2.77432e-06,0,2,2,iter,0,1,rootk,1,dynamic
44,88,0.01,15,0,12051,12051,0.00625055,4506,0.00625055,0.0165777,0,0,0,iter,0,1,k1,1,dynamic
44,88,0.01,15,0,12051,12051,0.00625333,4508,0.00625333,0.0165777,0,0,0,iter,0,1,optk,1,dynamic
44,88,0.01,15,0,12051,12051,0.00625888,4512,0.00625888,0.0165777,0,0,0,iter,0,1,rootk,1,dynamic
44,88,0.01,15,1,182,182,0.000106812,77,0.000106812,0.000252432,0,77,77,iter,0,1,k1,1,dynamic
44,88,0.01,15,1,203,203,0.000123457,89,0.000123457,0.000281554,0,90,90,iter,0,1,optk,1,dynamic
44,88,0.01,15,1,260,260,0.000126232,91,0.000126232,0.000360597,0,92,92,iter,0,1,rootk,1,dynamic
44,88,0.01,16,0,340600,340600,0.142947,103050,0.142947,0.376538,0,0,0,iter,0,1,k1,1,dynamic
44,88,0.01,16,0,340600,340600,0.143022,103104,0.143022,0.376538,0,0,0,iter,0,1,optk,1,dynamic
44,88,0.01,16,0,340600,340600,0.143158,103202,0.143158,0.376538,0,0,0,iter,0,1,rootk,1,dynamic
44,88,0.01,16,1,67900,67900,0.0302651,21818,0.0302651,0.0898887,0,0,0,iter,0,1,rootk,1,dynamic
44,88,0.01,16,1,69252,69252,0.0302471,21805,0.0302471,0.0915939,0,0,0,iter,0,1,k1,1,dynamic
44,88,0.01,16,1,72368,72368,0.0303927,21910,0.0303927,0.095512,0,0,0,iter,0,1,optk,1,dynamic
44,88,0.01,16,2,10513,10513,0.00486617,3508,0.00486617,0.0144774,4068,1,4069,iter,0,1,rootk,1,dynamic
44,88,0.01,16,2,10732,10732,0.00481068,3468,0.00481068,0.0147768,4011,1,4012,iter,0,1,optk,1,dynamic
44,88,0.01,16,2,9521,9521,0.00475381,3427,0.00475381,0.0131203,3955,1,3956,iter,0,1,k1,1,dynamic
44,882,0.1,11,0,0,0,0,0,0,0,0,0,0,iter,0,1,k1,1,dynamic
44,882,0.1,11,0,0,0,0,0,0,0,0,0,0,iter,0,1,optk,5,dynamic
44,882,0.1,11,0,0,0,0,0,0,0,0,0,0,iter,0,1,rootk,2,dynamic
44,882,0.1,12,0,1,1,1.38402e-07,1,1.38402e-07,1.38402e-07,0,0,0,iter,0,1,k1,1,dynamic
44,882,0.1,12,0,1,1,1.58693e-31,5,6.92009e-07,6.92008e-07,0,0,0,iter,0,1,optk,5,dynamic
44,882,0.1,12,0,1,1,7.66201e-14,2,2.76803e-07,2.76803e-07,0,0,0,iter,0,1,rootk,2,dynamic
44,882,0.1,12,1,0,0,0,0,0,0,0,0,0,iter,0,1,k1,1,dynamic
44,882,0.1,12,1,0,0,0,0,0,0,0,0,0,iter,0,1,optk,5,dynamic
44,882,0.1,12,1,0,0,0,0,0,0,0,0,0,iter,0,1,rootk,2,dynamic
44,882,0.1,13,0,2,2,2.76803e-07,2,2.76803e-07,2.76803e-07,0,0,0,iter,0,1,k1,1,dynamic
44,882,0.1,13,0,2,2,3.06481e-13,4,5.53607e-07,5.53607e-07,0,0,0,iter,0,1,rootk,2,dynamic
44,882,0.1,13,0,2,2,5.07817e-30,10,1.38402e-06,1.38402e-06,0,0,0,iter,0,1,optk,5,dynamic
44,882,0.1,13,1,0,0,0,0,0,0,0,0,0,iter,0,1,k1,1,dynamic
44,882,0.1,13,1,0,0,0,0,0,0,0,0,0,iter,0,1,optk,5,dynamic
44,882,0.1,13,1,0,0,0,0,0,0,0,0,0,iter,0,1,rootk,2,dynamic
44,882,0.1,14,0,425,425,1.28758e-20,760,0.000105185,0.00029406,0,0,0,iter,0,1,optk,5,dynamic
44,882,0.1,14,0,425,425,1.77023e-09,304,4.20741e-05,0.000117635,0,0,0,iter,0,1,rootk,2,dynamic
44,882,0.1,14,0,425,425,2.10371e-05,152,2.10371e-05,5.8819e-05,0,0,0,iter,0,1,k1,1,dynamic
44,882,0.1,14,1,0,0,0,0,0,0,0,0,0,iter,0,1,k1,1,dynamic
44,882,0.1,14,1,0,0,0,0,0,0,0,0,0,iter,0,1,optk,5,dynamic
44,882,0.1,14,1,0,0,0,0,0,0,0,0,0,iter,0,1,rootk,2,dynamic
44,882,0.1,15,0,12051,12051,0.000625991,4523,0.000625991,0.00166649,0,0,0,iter,0,1,k1,1,dynamic
44,882,0.1,15,0,12051,12051,1.56538e-06,9040,0.00125115,0.0033302,0,0,0,iter,0,1,rootk,2,dynamic
44,882,0.1,15,0,12051,12051,2.98274e-13,22583,0.00312553,0.00830472,0,0,0,iter,0,1,optk,5,dynamic
44,882,0.1,15,1,0,0,0,0,0,0,0,0,0,iter,0,1,optk,5,dynamic
44,882,0.1,15,1,0,0,0,0,0,0,0,0,0,iter,0,1,rootk,2,dynamic
44,882,0.1,15,1,18,18,8.3041e-07,6,8.3041e-07,2.49123e-06,0,6,6,iter,0,1,k1,1,dynamic
44,882,0.1,16,0,340600,340600,0.000920944,219268,0.0303471,0.0899714,0,0,0,iter,0,1,rootk,2,dynamic
44,882,0.1,16,0,340600,340600,0.0152902,110477,0.0152902,0.0460458,0,0,0,iter,0,1,k1,1,dynamic
44,882,0.1,16,0,340600,340600,2.23947e-06,535658,0.074136,0.209981,0,0,0,iter,0,1,optk,5,dynamic
44,882,0.1,16,1,409,409,3.44362e-09,424,5.86823e-05,0.000113206,1,212,213,iter,0,1,rootk,2,dynamic
44,882,0.1,16,1,7686,7686,0.000338531,2446,0.000338531,0.00106319,1,2498,2499,iter,0,1,k1,1,dynamic
44,882,0.1,16,1,92,92,3.5214e-22,370,5.12086e-05,6.36628e-05,1,74,75,iter,0,1,optk,5,dynamic
44,4409,0.5,11,0,0,0,0,0,0,0,0,0,0,iter,0,1,k1,1,dynamic
44,4409,0.5,11,0,0,0,0,0,0,0,0,0,0,iter,0,1,optk,24,dynamic
44,4409,0.5,11,0,0,0,0,0,0,0,0,0,0,iter,0,1,rootk,5,dynamic
44,4409,0.5,12,0,1,1,2.76866e-08,1,2.76866e-08,2.76866e-08,0,0,0,iter,0,1,k1,1,dynamic
44,4409,0.5,12,0,1,1,5.08393e-35,5,1.38433e-07,1.38433e-07,0,0,0,iter,0,1,rootk,5,dynamic
44,4409,0.5,12,0,1,1,5.4897e-149,24,6.64479e-07,6.64479e-07,0,0,0,iter,0,1,optk,24,dynamic
44,4409,0.5,12,1,0,0,0,0,0,0,0,0,0,iter,0,1,k1,1,dynamic
44,4409,0.5,12,1,0,0,0,0,0,0,0,0,0,iter,0,1,optk,24,dynamic
44,4409,0.5,12,1,0,0,0,0,0,0,0,0,0,iter,0,1,rootk,5,dynamic
44,4409,0.5,13,0,2,2,1.62686e-33,10,2.76866e-07,2.76866e-07,0,0,0,iter,0,1,rootk,5,dynamic
44,4409,0.5,13,0,2,2,5.53732e-08,2,5.53732e-08,5.53732e-08,0,0,0,iter,0,1,k1,1,dynamic
44,4409,0.5,13,0,2,2,9.21019e-142,48,1.32896e-06,1.32896e-06,0,0,0,iter,0,1,optk,24,dynamic
44,4409,0.5,13,1,0,0,0,0,0,0,0,0,0,iter,0,1,k1,1,dynamic
44,4409,0.5,13,1,0,0,0,0,0,0,0,0,0,iter,0,1,optk,24,dynamic
44,4409,0.5,13,1,0,0,0,0,0,0,0,0,0,iter,0,1,rootk,5,dynamic
44,4409,0.5,14,0,425,425,1.26165e-96,3647,0.000100973,0.000282364,0,0,0,iter,0,1,optk,24,dynamic
44,4409,0.5,14,0,425,425,4.12494e-24,760,2.10418e-05,5.88323e-05,0,0,0,iter,0,1,rootk,5,dynamic
44,4409,0.5,14,0,425,425,4.20837e-06,152,4.20837e-06,1.17667e-05,0,0,0,iter,0,1,k1,1,dynamic
44,4409,0.5,14,1,0,0,0,0,0,0,0,0,0,iter,0,1,k1,1,dynamic
44,4409,0.5,14,1,0,0,0,0,0,0,0,0,0,iter,0,1,optk,24,dynamic
44,4409,0.5,14,1,0,0,0,0,0,0,0,0,0,iter,0,1,rootk,5,dynamic
44,4409,0.5,15,0,12051,12051,0.000125254,4524,0.000125254,0.000333596,0,0,0,iter,0,1,k1,1,dynamic
44,4409,0.5,15,0,12051,12051,2.87312e-61,108433,0.00300214,0.00797566,0,0,0,iter,0,1,optk,24,dynamic
44,4409,0.5,15,0,12051,12051,9.61711e-17,22612,0.00062605,0.00166687,0,0,0,iter,0,1,rootk,5,dynamic
44,4409,0.5,15,1,0,0,0,0,0,0,0,0,0,iter,0,1,optk,24,dynamic
44,4409,0.5,15,1,0,0,0,0,0,0,0,0,0,iter,0,1,rootk,5,dynamic
44,4409,0.5,15,1,1,1,2.76866e-08,1,2.76866e-08,2.76866e-08,0,1,1,iter,0,1,k1,1,dynamic
44,4409,0.5,16,0,340600,340600,0.00307784,111167,0.00307784,0.00938574,0,0,0,iter,0,1,k1,1,dynamic
44,4409,0.5,16,0,340600,340600,2.9837e-28,2575401,0.0713042,0.202538,0,0,0,iter,0,1,optk,24,dynamic
44,4409,0.5,16,0,340600,340600,8.36967e-10,552423,0.0152947,0.046056,0,0,0,iter,0,1,rootk,5,dynamic
44,4409,0.5,16,1,1720,1720,1.52553e-05,551,1.52553e-05,4.76199e-05,1,551,552,iter,0,1,k1,1,dynamic
44,4409,0.5,16,1,91,91,1.05394e-25,365,1.01056e-05,1.25973e-05,1,73,74,iter,0,1,rootk,5,dynamic
44,4409,0.5,16,1,91,91,2.87937e-104,1752,4.8507e-05,6.04658e-05,1,73,74,iter,0,1,optk,24,dynamic
45,1,0.001,11,0,0,0,0,0,0,0,0,0,0,iter,0,1,k1,1,dynamic
45,1,0.001,11,0,0,0,0,0,0,0,0,0,0,iter,0,1,optk,1,dynamic
45,1,0.001,11,0,0,0,0,0,0,0,0,0,0,iter,0,1,rootk,1,dynamic
45,1,0.001,12,0,0,0,0,0,0,0,0,0,0,iter,0,1,k1,1,dynamic
45,1,0.001,12,0,0,0,0,0,0,0,0,0,0,iter,0,1,optk,1,dynamic
45,1,0.001,12,0,0,0,0,0,0,0,0,0,0,iter,0,1,rootk,1,dynamic
45,1,0.001,13,0,16,16,0.00158691,13,0.00158691,0.00195122,0,0,0,iter,0,1,k1,1,dynamic
45,1,0.001,13,0,16,16,0.00158691,13,0.00158691,0.00195122,0,0,0,iter,0,1,optk,1,dynamic
45,1,0.001,13,0,16,16,0.00158691,13,0.00158691,0.00195122,0,0,0,iter,0,1,rootk,1,dynamic
45,1,0.001,13,1,0,0,0,0,0,0,0,0,0,iter,0,1,k1,1,dynamic
45,1,0.001,13,1,0,0,0,0,0,0,0,0,0,iter,0,1,optk,1,dynamic
45,1,0.001,13,1,0,0,0,0,0,0,0,0,0,iter,0,1,rootk,1,dynamic
45,1,0.001,14,0,970,970,0.0753174,617,0.0753174,0.111667,0,0,0,iter,0,1,optk,1,dynamic
45,1,0.001,14,0,970,970,0.0766602,628,0.0766602,0.111667,0,0,0,iter,0,1,rootk,1,dynamic
45,1,0.001,14,0,970,970,0.0772705,633,0.0772705,0.111667,0,0,0,iter,0,1,k1,1,dynamic
45,1,0.001,14,1,68,68,0.00537109,44,0.00537109,0.00826642,0,48,48,iter,0,1,rootk,1,dynamic
45,1,0.001,14,1,69,69,0.00476074,39,0.00476074,0.00838748,0,41,41,iter,0,1,optk,1,dynamic
45,1,0.001,14,1,88,88,0.00512695,42,0.00512695,0.0106847,0,43,43,iter,0,1,k1,1,dynamic
45,1,0.001,15,0,2566,2566,0.174805,1432,0.174805,0.26892,1754,1,1755,type,0,8,rootk,1,dynamic
45,1,0.001,15,0,2576,2576,0.176636,1447,0.176636,0.269812,1750,1,1751,type,0,8,optk,1,dynamic
45,1,0.001,15,0,2585,2585,0.17395,1425,0.17395,0.270614,1750,1,1751,type,0,8,k1,1,dynamic
45,1,0.001,15,0,34524,34524,0.91333,7482,0.91333,0.985218,0,0,0,iter,0,1,optk,1,dynamic
45,1,0.001,15,0,34524,34524,0.915161,7497,0.915161,0.985218,0,0,0,iter,0,1,rootk,1,dynamic
45,1,0.001,15,0,34524,34524,0.916748,7510,0.916748,0.985218,0,0,0,iter,0,1,k1,1,dynamic
45,1,0.001,15,1,17400,17400,0.614502,5034,0.614502,0.88045,0,0,0,iter,0,1,k1,1,dynamic
45,1,0.001,15,1,17494,17494,0.610962,5005,0.610962,0.881814,0,0,0,iter,0,1,rootk,1,dynamic
45,1,0.001,15,1,17686,17686,0.611328,5008,0.611328,0.884552,0,0,0,iter,0,1,optk,1,dynamic
45,11,0.01,11,0,0,0,0,0,0,0,0,0,0,iter,0,1,k1,1,dynamic
45,11,0.01,11,0,0,0,0,0,0,0,0,0,0,iter,0,1,optk,1,dynamic
45,11,0.01,11,0,0,0,0,0,0,0,0,0,0,iter,0,1,rootk,1,dynamic
45,11,0.01,12,0,0,0,0,0,0,0,0,0,0,iter,0,1,k1,1,dynamic
45,11,0.01,12,0,0,0,0,0,0,0,0,0,0,iter,0,1,optk,1,dynamic
45,11,0.01,12,0,0,0,0,0,0,0,0,0,0,iter,0,1,rootk,1,dynamic
45,11,0.01,13,0,16,16,0.000144265,13,0.000144265,0.000177541,0,0,0,iter,0,1,k1,1,dynamic
45,11,0.01,13,0,16,16,0.000144265,13,0.000144265,0.000177541,0,0,0,iter,0,1,optk,1,dynamic
45,11,0.01,13,0,16,16,0.000144265,13,0.000144265,0.000177541,0,0,0,iter,0,1,rootk,1,dynamic
45,11,0.01,13,1,0,0,0,0,0,0,0,0,0,iter,0,1,k1,1,dynamic
45,11,0.01,13,1,0,0,0,0,0,0,0,0,0,iter,0,1,optk,1,dynamic
45,11,0.01,13,1,0,0,0,0,0,0,0,0,0,iter,0,1,rootk,1,dynamic
45,11,0.01,14,0,970,970,0.00714666,644,0.00714666,0.0107067,0,0,0,iter,0,1,k1,1,dynamic
45,11,0.01,14,0,970,970,0.00715776,645,0.00715776,0.0107067,0,0,0,iter,0,1,optk,1,dynamic
45,11,0.01,14,0,970,970,0.00716886,646,0.00716886,0.0107067,0,0,0,iter,0,1,rootk,1,dynamic
45,11,0.01,14,1,1,1,1.10973e-05,1,1.10973e-05,1.10972e-05,0,1,1,iter,0,1,k1,1,dynamic
45,11,0.01,14,1,16,16,3.32919e-05,3,3.32919e-05,0.000177541,0,3,3,iter,0,1,optk,1,dynamic
45,11,0.01,14,1,4,4,4.43892e-05,4,4.43892e-05,4.43882e-05,0,4,4,iter,0,1,rootk,1,dynamic
45,11,0.01,15,0,34524,34524,0.201338,18143,0.201338,0.318271,0,0,0,iter,0,1,rootk,1,dynamic
45,11,0.01,15,0,34524,34524,0.201982,18201,0.201982,0.318271,0,0,0,iter,0,1,k1,1,dynamic
45,11,0.01,15,0,34524,34524,0.202271,18227,0.202271,0.318271,0,0,0,iter,0,1,optk,1,dynamic
45,11,0.01,15,1,4038,4038,0.0195423,1761,0.0195423,0.0438217,0,0,0,iter,0,1,k1,1,dynamic
45,11,0.01,15,1,4069,4069,0.0197421,1779,0.0197421,0.0441506,0,0,0,iter,0,1,optk,1,dynamic
45,11,0.01,15,1,4161,4161,0.0191872,1729,0.0191872,0.045126,0,0,0,iter,0,1,rootk,1,dynamic
45,11,0.01,15,2,702,702,0.00497159,448,0.00497159,0.00776004,547,1,548,iter,0,1,k1,1,dynamic
45,11,0.01,15,2,740,740,0.00531561,479,0.00531561,0.00817838,580,1,581,iter,0,1,rootk,1,dynamic
45,11,0.01,15,2,877,877,0.00548207,494,0.00548207,0.00968513,596,1,597,iter,0,1,optk,1,dynamic
45,111,0.1,11,0,0,0,0,0,0,0,0,0,0,iter,0,1,k1,1,dynamic
45,111,0.1,11,0,0,0,0,0,0,0,0,0,0,iter,0,1,optk,4,dynamic
45,111,0.1,11,0,0,0,0,0,0,0,0,0,0,iter,0,1,rootk,2,dynamic
45,111,0.1,12,0,0,0,0,0,0,0,0,0,0,iter,0,1,k1,1,dynamic
45,111,0.1,12,0,0,0,0,0,0,0,0,0,0,iter,0,1,optk,4,dynamic
45,111,0.1,12,0,0,0,0,0,0,0,0,0,0,iter,0,1,rootk,2,dynamic
45,111,0.1,13,0,16,16,1.06945e-17,52,5.71861e-05,7.03804e-05,0,0,0,iter,0,1,optk,4,dynamic
45,111,0.1,13,0,16,16,1.42965e-05,13,1.42965e-05,1.75956e-05,0,0,0,iter,0,1,k1,1,dynamic
45,111,0.1,13,0,16,16,8.17562e-10,26,2.8593e-05,3.51908e-05,0,0,0,iter,0,1,rootk,2,dynamic
45,111,0.1,13,1,0,0,0,0,0,0,0,0,0,iter,0,1,k1,1,dynamic
45,111,0.1,13,1,0,0,0,0,0,0,0,0,0,iter,0,1,optk,4,dynamic
45,111,0.1,13,1,0,0,0,0,0,0,0,0,0,iter,0,1,rootk,2,dynamic
45,111,0.1,14,0,970,970,0.000711527,647,0.000711527,0.00106617,0,0,0,iter,0,1,k1,1,dynamic
45,111,0.1,14,0,970,970,2.0157e-06,1291,0.00141975,0.00213121,0,0,0,iter,0,1,rootk,2,dynamic
45,111,0.1,14,0,970,970,6.5009e-11,2582,0.00283951,0.00425787,0,0,0,iter,0,1,optk,4,dynamic
45,111,0.1,14,1,0,0,0,0,0,0,0,0,0,iter,0,1,k1,1,dynamic
45,111,0.1,14,1,0,0,0,0,0,0,0,0,0,iter,0,1,optk,4,dynamic
45,111,0.1,14,1,0,0,0,0,0,0,0,0,0,iter,0,1,rootk,2,dynamic
45,111,0.1,15,0,34524,34524,0.00191383,39780,0.0437474,0.0731229,0,0,0,iter,0,1,rootk,2,dynamic
45,111,0.1,15,0,34524,34524,0.0221299,20123,0.0221299,0.0372554,0,0,0,iter,0,1,k1,1,dynamic
45,111,0.1,15,0,34524,34524,5.36816e-05,77834,0.0855966,0.140899,0,0,0,iter,0,1,optk,4,dynamic
45,111,0.1,15,1,110,110,3.18034e-14,384,0.000422297,0.000483765,1,96,97,iter,0,1,optk,4,dynamic
45,111,0.1,15,1,137,137,6.39779e-08,230,0.000252938,0.000301281,1,115,116,iter,0,1,rootk,2,dynamic
45,111,0.1,15,1,556,556,0.000307925,280,0.000307925,0.000611264,1,283,284,iter,0,1,k1,1,dynamic
45,555,0.5,11,0,0,0,0,0,0,0,0,0,0,iter,0,1,k1,1,dynamic
45,555,0.5,11,0,0,0,0,0,0,0,0,0,0,iter,0,1,optk,22,dynamic
45,555,0.5,11,0,0,0,0,0,0,0,0,0,0,iter,0,1,rootk,5,dynamic
45,555,0.5,12,0,0,0,0,0,0,0,0,0,0,iter,0,1,k1,1,dynamic
45,555,0.5,12,0,0,0,0,0,0,0,0,0,0,iter,0,1,optk,22,dynamic
45,555,0.5,12,0,0,0,0,0,0,0,0,0,0,iter,0,1,rootk,5,dynamic
45,555,0.5,13,0,16,16,2.8593e-06,13,2.8593e-06,3.51914e-06,0,0,0,iter,0,1,k1,1,dynamic
45,555,0.5,13,0,16,16,3.72416e-93,286,6.29047e-05,7.74182e-05,0,0,0,iter,0,1,optk,22,dynamic
45,555,0.5,13,0,16,16,5.97244e-25,65,1.42965e-05,1.75956e-05,0,0,0,iter,0,1,rootk,5,dynamic
45,555,0.5,13,1,0,0,0,0,0,0,0,0,0,iter,0,1,k1,1,dynamic
45,555,0.5,13,1,0,0,0,0,0,0,0,0,0,iter,0,1,optk,22,dynamic
45,555,0.5,13,1,0,0,0,0,0,0,0,0,0,iter,0,1,rootk,5,dynamic
45,555,0.5,14,0,970,970,0.000142085,646,0.000142085,0.000213325,0,0,0,iter,0,1,k1,1,dynamic
45,555,0.5,14,0,970,970,1.8209e-16,3234,0.000711307,0.00106617,0,0,0,iter,0,1,rootk,5,dynamic
45,555,0.5,14,0,970,970,7.82389e-56,14218,0.0031272,0.00468266,0,0,0,iter,0,1,optk,22,dynamic
45,555,0.5,14,1,0,0,0,0,0,0,0,0,0,iter,0,1,k1,1,dynamic
45,555,0.5,14,1,0,0,0,0,0,0,0,0,0,iter,0,1,optk,22,dynamic
45,555,0.5,14,1,0,0,0,0,0,0,0,0,0,iter,0,1,rootk,5,dynamic
45,555,0.5,15,0,34524,34524,0.00446513,20301,0.00446513,0.00756468,0,0,0,iter,0,1,k1,1,dynamic
45,555,0.5,15,0,34524,34524,2.38996e-23,426018,0.0937012,0.153847,0,0,0,iter,0,1,optk,22,dynamic
45,555,0.5,15,0,34524,34524,5.29628e-09,100572,0.0221205,0.0372554,0,0,0,iter,0,1,rootk,5,dynamic
45,555,0.5,15,1,110,110,1.31157e-20,480,0.000105574,0.000120963,1,96,97,iter,0,1,rootk,5,dynamic
45,555,0.5,15,1,110,110,4.72326e-74,2112,0.000464527,0.000532129,1,96,97,iter,0,1,optk,22,dynamic
45,555,0.5,15,1,170,170,2.74933e-05,125,2.74933e-05,3.73902e-05,1,125,126,iter,0,1,k1,1,dynamic
46,37,0.001,10,0,0,0,0,0,0,0,0,0,0,iter,0,1,k1,1,dynamic
46,37,0.001,10,0,0,0,0,0,0,0,0,0,0,iter,0,1,optk,1,dynamic
46,37,0.001,10,0,0,0,0,0,0,0,0,0,0,iter,0,1,rootk,1,dynamic
46,37,0.001,11,0,0,0,0,0,0,0,0,0,0,iter,0,1,k1,1,dynamic
46,37,0.001,11,0,0,0,0,0,0,0,0,0,0,iter,0,1,optk,1,dynamic
46,37,0.001,11,0,0,0,0,0,0,0,0,0,0,iter,0,1,rootk,1,dynamic
46,37,0.001,12,0,0,0,0,0,0,0,0,0,0,iter,0,1,k1,1,dynamic
46,37,0.001,12,0,0,0,0,0,0,0,0,0,0,iter,0,1,optk,1,dynamic
46,37,0.001,12,0,0,0,0,0,0,0,0,0,0,iter,0,1,rootk,1,dynamic
46,37,0.001,13,0,27,27,1.31968e-05,4,1.31968e-05,8.90744e-05,0,0,0,iter,0,1,k1,1,dynamic
46,37,0.001,13,0,27,27,1.31968e-05,4,1.31968e-05,8.90744e-05,0,0,0,iter,0,1,optk,1,dynamic
46,37,0.001,13,0,27,27,1.31968e-05,4,1.31968e-05,8.90744e-05,0,0,0,iter,0,1,rootk,1,dynamic
46,37,0.001,13,1,0,0,0,0,0,0,0,0,0,iter,0,1,k1,1,dynamic
46,37,0.001,13,1,0,0,0,0,0,0,0,0,0,iter,0,1,optk,1,dynamic
46,37,0.001,13,1,0,0,0,0,0,0,0,0,0,iter,0,1,rootk,1,dynamic
46,37,0.001,14,0,674,674,0.000343117,104,0.000343117,0.00222119,0,0,0,iter,0,1,k1,1,dynamic
46,37,0.001,14,0,674,674,0.000343117,104,0.000343117,0.00222119,0,0,0,iter,0,1,optk,1,dynamic
46,37,0.001,14,0,674,674,0.000343117,104,0.000343117,0.00222119,0,0,0,iter,0,1,rootk,1,dynamic
46,37,0.001,14,1,10,10,9.89759e-06,3,9.89759e-06,3.29914e-05,0,3,3,iter,0,1,k1,1,dynamic
46,37,0.001,14,1,13,13,1.6496e-05,5,1.6496e-05,4.28886e-05,0,5,5,iter,0,1,rootk,1,dynamic
46,37,0.001,14,1,8,8,9.89759e-06,3,9.89759e-06,2.63932e-05,0,3,3,iter,0,1,optk,1,dynamic
46,37,0.001,15,0,57025,57025,0.0403063,12217,0.0403063,0.171499,0,0,0,iter,0,1,k1,1,dynamic
46,37,0.001,15,0,57025,57025,0.0403591,12233,0.0403591,0.171499,0,0,0,iter,0,1,rootk,1,dynamic
46,37,0.001,15,0,57025,57025,0.0403723,12237,0.0403723,0.171499,0,0,0,iter,0,1,optk,1,dynamic
46,37,0.001,15,1,7200,7200,0.0102605,3110,0.0102605,0.0234743,0,0,0,iter,0,1,optk,1,dynamic
46,37,0.001,15,1,7562,7562,0.01031,3125,0.01031,0.0246399,0,0,0,iter,0,1,rootk,1,dynamic
46,37,0.001,15,1,7575,7575,0.0102836,3117,0.0102836,0.0246817,0,0,0,iter,0,1,k1,1,dynamic
46,37,0.001,15,2,543,543,0.000392605,119,0.000392605,0.00178986,124,0,124,iter,0,1,rootk,1,dynamic
46,37,0.001,15,2,552,552,0.000402502,122,0.000402502,0.0018195,128,0,128,iter,0,1,k1,1,dynamic
46,37,0.001,15,2,629,629,0.000418998,127,0.000418998,0.00207304,136,0,136,iter,0,1,optk,1,dynamic
46,37,0.001,16,0,1802502,1802502,0.796806,241515,0.796806,0.997386,0,0,0,iter,0,1,k1,1,dynamic
46,37,0.001,16,0,1802502,1802502,0.797291,241662,0.797291,0.997386,0,0,0,iter,0,1,rootk,1,dynamic
46,37,0.001,16,0,1802502,1802502,0.797522,241732,0.797522,0.997386,0,0,0,iter,0,1,optk,1,dynamic
46,37,0.001,16,0,191877,191877,0.155481,47127,0.155481,0.469025,52735,1,52736,type,0,8,k1,1,dynamic
46,37,0.001,16,0,193413,193413,0.156395,47404,0.156395,0.471709,52909,1,52910,type,0,8,optk,1,dynamic
46,37,0.001,16,0,194558,194558,0.156613,47470,0.156613,0.473701,52953,1,52954,type,0,8,rootk,1,dynamic
46,37,0.001,16,1,2048660,2048660,0.854885,259119,0.854885,0.99884,0,0,0,iter,0,1,rootk,1,dynamic
46,37,0.001,16,1,2050345,2050345,0.853476,258692,0.853476,0.998846,0,0,0,iter,0,1,k1,1,dynamic
46,37,0.001,16,1,2056337,2056337,0.854413,258976,0.854413,0.998869,0,0,0,iter,0,1,optk,1,dynamic
46,372,0.01,10,0,0,0,0,0,0,0,0,0,0,iter,0,1,k1,1,dynamic
46,372,0.01,10,0,0,0,0,0,0,0,0,0,0,iter,0,1,optk,1,dynamic
46,372,0.01,10,0,0,0,0,0,0,0,0,0,0,iter,0,1,rootk,1,dynamic
46,372,0.01,11,0,0,0,0,0,0,0,0,0,0,iter,0,1,k1,1,dynamic
46,372,0.01,11,0,0,0,0,0,0,0,0,0,0,iter,0,1,optk,1,dynamic
46,372,0.01,11,0,0,0,0,0,0,0,0,0,0,iter,0,1,rootk,1,dynamic
46,372,0.01,12,0,0,0,0,0,0,0,0,0,0,iter,0,1,k1,1,dynamic
46,372,0.01,12,0,0,0,0,0,0,0,0,0,0,iter,0,1,optk,1,dynamic
46,372,0.01,12,0,0,0,0,0,0,0,0,0,0,iter,0,1,rootk,1,dynamic
46,372,0.01,13,0,27,27,1.31258e-06,4,1.31258e-06,8.8599e-06,0,0,0,iter,0,1,k1,1,dynamic
46,372,0.01,13,0,27,27,1.31258e-06,4,1.31258e-06,8.8599e-06,0,0,0,iter,0,1,optk,1,dynamic
46,372,0.01,13,0,27,27,1.31258e-06,4,1.31258e-06,8.8599e-06,0,0,0,iter,0,1,rootk,1,dynamic
46,372,0.01,13,1,0,0,0,0,0,0,0,0,0,iter,0,1,k1,1,dynamic
46,372,0.01,13,1,0,0,0,0,0,0,0,0,0,iter,0,1,optk,1,dynamic
46,372,0.01,13,1,0,0,0,0,0,0,0,0,0,iter,0,1,rootk,1,dynamic
46,372,0.01,14,0,674,674,3.41272e-05,104,3.41272e-05,0.000221146,0,0,0,iter,0,1,k1,1,dynamic
46,372,0.01,14,0,674,674,3.41272e-05,104,3.41272e-05,0.000221146,0,0,0,iter,0,1,optk,1,dynamic
46,372,0.01,14,0,674,674,3.41272e-05,104,3.41272e-05,0.000221146,0,0,0,iter,0,1,rootk,1,dynamic
46,372,0.01,14,1,1,1,3.28146e-07,1,3.28146e-07,3.28146e-07,0,1,1,iter,0,1,k1,1,dynamic
46,372,0.01,14,1,1,1,3.28146e-07,1,3.28146e-07,3.28146e-07,0,1,1,iter,0,1,rootk,1,dynamic
46,372,0.01,14,1,5,5,6.56292e-07,2,6.56292e-07,1.64073e-06,0,2,2,iter,0,1,optk,1,dynamic
46,372,0.01,15,0,57025,57025,0.00408214,12440,0.00408214,0.0185385,0,0,0,iter,0,1,k1,1,dynamic
46,372,0.01,15,0,57025,57025,0.00408312,12443,0.00408312,0.0185385,0,0,0,iter,0,1,rootk,1,dynamic
46,372,0.01,15,0,57025,57025,0.00408378,12445,0.00408378,0.0185385,0,0,0,iter,0,1,optk,1,dynamic
46,372,0.01,15,1,622,622,9.61468e-05,293,9.61468e-05,0.000204086,0,303,303,iter,0,1,rootk,1,dynamic
46,372,0.01,15,1,724,724,0.000100413,306,0.000100413,0.000237549,0,310,310,iter,0,1,k1,1,dynamic
46,372,0.01,15,1,976,976,0.000117148,357,0.000117148,0.000320219,0,371,371,iter,0,1,optk,1,dynamic
46,372,0.01,16,0,1802502,1802502,0.146686,447013,0.146686,0.446495,0,0,0,iter,0,1,optk,1,dynamic
46,372,0.01,16,0,1802502,1802502,0.146725,447134,0.146725,0.446495,0,0,0,iter,0,1,rootk,1,dynamic
46,372,0.01,16,0,1802502,1802502,0.146767,447262,0.146767,0.446495,0,0,0,iter,0,1,k1,1,dynamic
46,372,0.01,16,1,375530,375530,0.0345,105136,0.0345,0.115939,0,0,0,iter,0,1,k1,1,dynamic
46,372,0.01,16,1,376821,376821,0.0346476,105586,0.0346476,0.116313,0,0,0,iter,0,1,rootk,1,dynamic
46,372,0.01,16,1,377954,377954,0.0342932,104506,0.0342932,0.116641,0,0,0,iter,0,1,optk,1,dynamic
46,372,0.01,16,2,60615,60615,0.00552499,16837,0.00552499,0.0196941,0,0,0,iter,0,1,k1,1,dynamic
46,372,0.01,16,2,61924,61924,0.00543246,16555,0.00543246,0.0201151,0,0,0,iter,0,1,optk,1,dynamic
46,372,0.01,16,2,64537,64537,0.00547085,16672,0.00547085,0.0209549,0,0,0,iter,0,1,rootk,1,dynamic
46,372,0.01,16,3,13768,13768,0.00131422,4005,0.00131422,0.00450772,1,4958,4959,iter,0,1,k1,1,dynamic
46,372,0.01,16,3,13773,13773,0.00127944,3899,0.00127944,0.00450936,1,4845,4846,iter,0,1,rootk,1,dynamic
46,372,0.01,16,3,14848,14848,0.00130963,3991,0.00130963,0.00486046,1,4929,4930,iter,0,1,optk,1,dynamic
46,3725,0.1,10,0,0,0,0,0,0,0,0,0,0,iter,0,1,k1,1,dynamic
46,3725,0.1,10,0,0,0,0,0,0,0,0,0,0,iter,0,1,optk,5,dynamic
46,3725,0.1,10,0,0,0,0,0,0,0,0,0,0,iter,0,1,rootk,2,dynamic
46,3725,0.1,11,0,0,0,0,0,0,0,0,0,0,iter,0,1,k1,1,dynamic
46,3725,0.1,11,0,0,0,0,0,0,0,0,0,0,iter,0,1,optk,5,dynamic
46,3725,0.1,11,0,0,0,0,0,0,0,0,0,0,iter,0,1,rootk,2,dynamic
46,3725,0.1,12,0,0,0,0,0,0,0,0,0,0,iter,0,1,k1,1,dynamic
46,3725,0.1,12,0,0,0,0,0,0,0,0,0,0,iter,0,1,optk,5,dynamic
46,3725,0.1,12,0,0,0,0,0,0,0,0,0,0,iter,0,1,rootk,2,dynamic
46,3725,0.1,13,0,27,27,1.2094e-31,20,6.55411e-07,4.42401e-06,0,0,0,iter,0,1,optk,5,dynamic
46,3725,0.1,13,0,27,27,1.31082e-07,4,1.31082e-07,8.84805e-07,0,0,0,iter,0,1,k1,1,dynamic
46,3725,0.1,13,0,27,27,6.87302e-14,8,2.62164e-07,1.76961e-06,0,0,0,iter,0,1,rootk,2,dynamic
46,3725,0.1,13,1,0,0,0,0,0,0,0,0,0,iter,0,1,k1,1,dynamic
46,3725,0.1,13,1,0,0,0,0,0,0,0,0,0,iter,0,1,optk,5,dynamic
46,3725,0.1,13,1,0,0,0,0,0,0,0,0,0,iter,0,1,rootk,2,dynamic
46,3725,0.1,14,0,674,674,1.43693e-24,520,1.70407e-05,0.000110431,0,0,0,iter,0,1,optk,5,dynamic
46,3725,0.1,14,0,674,674,3.40814e-06,104,3.40814e-06,2.20871e-05,0,0,0,iter,0,1,k1,1,dynamic
46,3725,0.1,14,0,674,674,4.64616e-11,208,6.81628e-06,4.41737e-05,0,0,0,iter,0,1,rootk,2,dynamic
46,3725,0.1,14,1,0,0,0,0,0,0,0,0,0,iter,0,1,k1,1,dynamic
46,3725,0.1,14,1,0,0,0,0,0,0,0,0,0,iter,0,1,optk,5,dynamic
46,3725,0.1,14,1,0,0,0,0,0,0,0,0,0,iter,0,1,rootk,2,dynamic
46,3725,0.1,15,0,57025,57025,0.000408518,12466,0.000408518,0.001867,0,0,0,iter,0,1,k1,1,dynamic
46,3725,0.1,15,0,57025,57025,3.53589e-14,62261,0.00204033,0.00930019,0,0,0,iter,0,1,optk,5,dynamic
46,3725,0.1,15,0,57025,57025,6.67012e-07,24922,0.000816708,0.00373051,0,0,0,iter,0,1,rootk,2,dynamic
46,3725,0.1,15,1,0,0,0,0,0,0,0,0,0,iter,0,1,optk,5,dynamic
46,3725,0.1,15,1,0,0,0,0,0,0,0,0,0,iter,0,1,rootk,2,dynamic
46,3725,0.1,15,1,65,65,9.83117e-07,30,9.83117e-07,2.13008e-06,0,31,31,iter,0,1,k1,1,dynamic
46,3725,0.1,16,0,1802502,1802502,0.000973047,951882,0.0311937,0.111427,0,0,0,iter,0,1,rootk,2,dynamic
46,3725,0.1,16,0,1802502,1802502,0.0157222,479767,0.0157222,0.0573583,0,0,0,iter,0,1,k1,1,dynamic
46,3725,0.1,16,0,1802502,1802502,2.55946e-06,2323517,0.0761429,0.255725,0,0,0,iter,0,1,optk,5,dynamic
46,3725,0.1,16,1,20,20,1.9021e-29,55,1.80238e-06,3.27705e-06,1,11,12,iter,0,1,optk,5,dynamic
46,3725,0.1,16,1,2561,2561,2.44862e-09,1510,4.94835e-05,0.000167837,1,755,756,iter,0,1,rootk,2,dynamic
46,3725,0.1,16,1,38624,38624,0.000377746,11527,0.000377746,0.00126493,1,11776,11777,iter,0,1,k1,1,dynamic
46,18624,0.5,10,0,0,0,0,0,0,0,0,0,0,iter,0,1,k1,1,dynamic
46,18624,0.5,10,0,0,0,0,0,0,0,0,0,0,iter,0,1,optk,23,dynamic
46,18624,0.5,10,0,0,0,0,0,0,0,0,0,0,iter,0,1,rootk,5,dynamic
46,18624,0.5,11,0,0,0,0,0,0,0,0,0,0,iter,0,1,k1,1,dynamic
46,18624,0.5,11,0,0,0,0,0,0,0,0,0,0,iter,0,1,optk,23,dynamic
46,18624,0.5,11,0,0,0,0,0,0,0,0,0,0,iter,0,1,rootk,5,dynamic
46,18624,0.5,12,0,0,0,0,0,0,0,0,0,0,iter,0,1,k1,1,dynamic
46,18624,0.5,12,0,0,0,0,0,0,0,0,0,0,iter,0,1,optk,23,dynamic
46,18624,0.5,12,0,0,0,0,0,0,0,0,0,0,iter,0,1,rootk,5,dynamic
46,18624,0.5,13,0,27,27,2.62179e-08,4,2.62179e-08,1.7697e-07,0,0,0,iter,0,1,k1,1,dynamic
46,18624,0.5,13,0,27,27,3.87111e-35,20,1.31089e-07,8.84852e-07,0,0,0,iter,0,1,rootk,5,dynamic
46,18624,0.5,13,0,27,27,8.8608e-144,92,6.03011e-07,4.07031e-06,0,0,0,iter,0,1,optk,23,dynamic
46,18624,0.5,13,1,0,0,0,0,0,0,0,0,0,iter,0,1,k1,1,dynamic
46,18624,0.5,13,1,0,0,0,0,0,0,0,0,0,iter,0,1,optk,23,dynamic
46,18624,0.5,13,1,0,0,0,0,0,0,0,0,0,iter,0,1,rootk,5,dynamic
46,18624,0.5,14,0,674,674,3.10356e-111,2392,1.56783e-05,0.000101602,0,0,0,iter,0,1,optk,23,dynamic
46,18624,0.5,14,0,674,674,4.59941e-28,520,3.40832e-06,2.20883e-05,0,0,0,iter,0,1,rootk,5,dynamic
46,18624,0.5,14,0,674,674,6.81664e-07,104,6.81664e-07,4.4177e-06,0,0,0,iter,0,1,k1,1,dynamic
46,18624,0.5,14,1,0,0,0,0,0,0,0,0,0,iter,0,1,k1,1,dynamic
46,18624,0.5,14,1,0,0,0,0,0,0,0,0,0,iter,0,1,optk,23,dynamic
46,18624,0.5,14,1,0,0,0,0,0,0,0,0,0,iter,0,1,rootk,5,dynamic
46,18624,0.5,15,0,57025,57025,1.13725e-17,62321,0.000408481,0.0018671,0,0,0,iter,0,1,rootk,5,dynamic
46,18624,0.5,15,0,57025,57025,1.96793e-63,286494,0.00187781,0.00855982,0,0,0,iter,0,1,optk,23,dynamic
46,18624,0.5,15,0,57025,57025,8.17145e-05,12467,8.17145e-05,0.000373698,0,0,0,iter,0,1,k1,1,dynamic
46,18624,0.5,15,1,0,0,0,0,0,0,0,0,0,iter,0,1,optk,23,dynamic
46,18624,0.5,15,1,0,0,0,0,0,0,0,0,0,iter,0,1,rootk,5,dynamic
46,18624,0.5,15,1,13,13,5.24357e-08,8,5.24357e-08,8.5208e-08,0,8,8,iter,0,1,k1,1,dynamic
46,18624,0.5,16,0,1802502,1802502,0.00316413,482744,0.00316413,0.0117449,0,0,0,iter,0,1,k1,1,dynamic
46,18624,0.5,16,0,1802502,1802502,3.02157e-27,10725796,0.0703018,0.237941,0,0,0,iter,0,1,optk,23,dynamic
46,18624,0.5,16,0,1802502,1802502,9.59945e-10,2398348,0.0157199,0.0573613,0,0,0,iter,0,1,rootk,5,dynamic
46,18624,0.5,16,1,10,10,1.2592e-134,230,1.50753e-06,1.50753e-06,1,10,11,iter,0,1,optk,23,dynamic
46,18624,0.5,16,1,10,10,3.78038e-33,50,3.27723e-07,3.27723e-07,1,10,11,iter,0,1,rootk,5,dynamic
46,18624,0.5,16,1,7689,7689,1.51277e-05,2308,1.51277e-05,5.0396e-05,1,2314,2315,iter,0,1,k1,1,dynamic
47,3,0.001,10,0,0,0,0,0,0,0,0,0,0,iter,0,1,k1,1,dynamic
47,3,0.001,10,0,0,0,0,0,0,0,0,0,0,iter,0,1,optk,1,dynamic
47,3,0.001,10,0,0,0,0,0,0,0,0,0,0,iter,0,1,rootk,1,dynamic
47,3,0.001,11,0,0,0,0,0,0,0,0,0,0,iter,0,1,k1,1,dynamic
47,3,0.001,11,0,0,0,0,0,0,0,0,0,0,iter,0,1,optk,1,dynamic
47,3,0.001,11,0,0,0,0,0,0,0,0,0,0,iter,0,1,rootk,1,dynamic
47,3,0.001,12,0,0,0,0,0,0,0,0,0,0,iter,0,1,k1,1,dynamic
47,3,0.001,12,0,0,0,0,0,0,0,0,0,0,iter,0,1,optk,1,dynamic
47,3,0.001,12,0,0,0,0,0,0,0,0,0,0,iter,0,1,rootk,1,dynamic
47,3,0.001,13,0,0,0,0,0,0,0,0,0,0,iter,0,1,k1,1,dynamic
47,3,0.001,13,0,0,0,0,0,0,0,0,0,0,iter,0,1,optk,1,dynamic
47,3,0.001,13,0,0,0,0,0,0,0,0,0,0,iter,0,1,rootk,1,dynamic
47,3,0.001,14,0,399,399,0.0107422,264,0.0107422,0.0161043,0,0,0,iter,0,1,rootk,1,dynamic
47,3,0.001,14,0,399,399,0.0107829,265,0.0107829,0.0161043,0,0,0,iter,0,1,optk,1,dynamic
47,3,0.001,14,0,399,399,0.0108236,266,0.0108236,0.0161043,0,0,0,iter,0,1,k1,1,dynamic
47,3,0.001,14,1,15,15,0.000366211,9,0.000366211,0.000610165,0,9,9,iter,0,1,rootk,1,dynamic
47,3,0.001,14,1,15,15,0.000447591,11,0.000447591,0.000610165,0,13,13,iter,0,1,k1,1,dynamic
47,3,0.001,14,1,19,19,0.000610352,15,0.000610352,0.000772813,0,15,15,iter,0,1,optk,1,dynamic
47,3,0.001,15,0,14209,14209,0.238322,5857,0.238322,0.439074,0,0,0,iter,0,1,optk,1,dynamic
47,3,0.001,15,0,14209,14209,0.238647,5865,0.238647,0.439074,0,0,0,iter,0,1,k1,1,dynamic
47,3,0.001,15,0,14209,14209,0.240316,5906,0.240316,0.439074,0,0,0,iter,0,1,rootk,1,dynamic
47,3,0.001,15,0,2344,2344,0.0469564,1154,0.0469564,0.0909704,1292,1,1293,type,0,2,rootk,1,dynamic
47,3,0.001,15,0,2481,2481,0.0477702,1174,0.0477702,0.0960237,1304,1,1305,type,0,2,optk,1,dynamic
47,3,0.001,15,0,2664,2664,0.0476888,1172,0.0476888,0.10273,1313,1,1314,type,0,2,k1,1,dynamic
47,3,0.001,15,1,19137,19137,0.352458,8662,0.352458,0.540991,0,0,0,iter,0,1,k1,1,dynamic
47,3,0.001,15,1,19188,19188,0.353638,8691,0.353638,0.541943,0,0,0,iter,0,1,rootk,1,dynamic
47,3,0.001,15,1,19853,19853,0.353963,8699,0.353963,0.554171,0,0,0,iter,0,1,optk,1,dynamic
47,30,0.01,10,0,0,0,0,0,0,0,0,0,0,iter,0,1,k1,1,dynamic
47,30,0.01,10,0,0,0,0,0,0,0,0,0,0,iter,0,1,optk,1,dynamic
47,30,0.01,10,0,0,0,0,0,0,0,0,0,0,iter,0,1,rootk,1,dynamic
47,30,0.01,11,0,0,0,0,0,0,0,0,0,0,iter,0,1,k1,1,dynamic
47,30,0.01,11,0,0,0,0,0,0,0,0,0,0,iter,0,1,optk,1,dynamic
47,30,0.01,11,0,0,0,0,0,0,0,0,0,0,iter,0,1,rootk,1,dynamic
47,30,0.01,12,0,0,0,0,0,0,0,0,0,0,iter,0,1,k1,1,dynamic
47,30,0.01,12,0,0,0,0,0,0,0,0,0,0,iter,0,1,optk,1,dynamic
47,30,0.01,12,0,0,0,0,0,0,0,0,0,0,iter,0,1,rootk,1,dynamic
47,30,0.01,13,0,0,0,0,0,0,0,0,0,0,iter,0,1,k1,1,dynamic
47,30,0.01,13,0,0,0,0,0,0,0,0,0,0,iter,0,1,optk,1,dynamic
47,30,0.01,13,0,0,0,0,0,0,0,0,0,0,iter,0,1,rootk,1,dynamic
47,30,0.01,14,0,399,399,0.00108236,266,0.00108236,0.00162222,0,0,0,iter,0,1,k1,1,dynamic
47,30,0.01,14,0,399,399,0.00108236,266,0.00108236,0.00162222,0,0,0,iter,0,1,optk,1,dynamic
47,30,0.01,14,0,399,399,0.00108236,266,0.00108236,0.00162222,0,0,0,iter,0,1,rootk,1,dynamic
47,30,0.01,14,1,0,0,0,0,0,0,0,0,0,iter,0,1,k1,1,dynamic
47,30,0.01,14,1,1,1,4.06901e-06,1,4.06901e-06,4.069e-06,0,1,1,iter,0,1,optk,1,dynamic
47,30,0.01,14,1,6,6,1.6276e-05,4,1.6276e-05,2.44138e-05,0,4,4,iter,0,1,rootk,1,dynamic
47,30,0.01,15,0,14209,14209,0.0271037,6661,0.0271037,0.0561769,0,0,0,iter,0,1,k1,1,dynamic
47,30,0.01,15,0,14209,14209,0.0271891,6682,0.0271891,0.0561769,0,0,0,iter,0,1,optk,1,dynamic
47,30,0.01,15,0,14209,14209,0.0271973,6684,0.0271973,0.0561769,0,0,0,iter,0,1,rootk,1,dynamic
47,30,0.01,15,1,2100,2100,0.00473226,1163,0.00473226,0.00850852,1,1360,1361,iter,0,1,rootk,1,dynamic
47,30,0.01,15,1,2161,2161,0.00474447,1166,0.00474447,0.00875458,1,1381,1382,iter,0,1,k1,1,dynamic
47,30,0.01,15,1,2171,2171,0.00496826,1221,0.00496826,0.00879492,1,1453,1454,iter,0,1,optk,1,dynamic
47,298,0.1,10,0,0,0,0,0,0,0,0,0,0,iter,0,1,k1,1,dynamic
47,298,0.1,10,0,0,0,0,0,0,0,0,0,0,iter,0,1,optk,4,dynamic
47,298,0.1,10,0,0,0,0,0,0,0,0,0,0,iter,0,1,rootk,2,dynamic
47,298,0.1,11,0,0,0,0,0,0,0,0,0,0,iter,0,1,k1,1,dynamic
47,298,0.1,11,0,0,0,0,0,0,0,0,0,0,iter,0,1,optk,4,dynamic
47,298,0.1,11,0,0,0,0,0,0,0,0,0,0,iter,0,1,rootk,2,dynamic
47,298,0.1,12,0,0,0,0,0,0,0,0,0,0,iter,0,1,k1,1,dynamic
47,298,0.1,12,0,0,0,0,0,0,0,0,0,0,iter,0,1,optk,4,dynamic
47,298,0.1,12,0,0,0,0,0,0,0,0,0,0,iter,0,1,rootk,2,dynamic
47,298,0.1,13,0,0,0,0,0,0,0,0,0,0,iter,0,1,k1,1,dynamic
47,298,0.1,13,0,0,0,0,0,0,0,0,0,0,iter,0,1,optk,4,dynamic
47,298,0.1,13,0,0,0,0,0,0,0,0,0,0,iter,0,1,rootk,2,dynamic
47,298,0.1,14,0,399,399,0.000108962,266,0.000108962,0.00016343,0,0,0,iter,0,1,k1,1,dynamic
47,298,0.1,14,0,399,399,3.60862e-14,1064,0.000435848,0.000653559,0,0,0,iter,0,1,optk,4,dynamic
47,298,0.1,14,0,399,399,4.74909e-08,532,0.000217924,0.000326833,0,0,0,iter,0,1,rootk,2,dynamic
47,298,0.1,14,1,0,0,0,0,0,0,0,0,0,iter,0,1,k1,1,dynamic
47,298,0.1,14,1,0,0,0,0,0,0,0,0,0,iter,0,1,optk,4,dynamic
47,298,0.1,14,1,0,0,0,0,0,0,0,0,0,iter,0,1,rootk,2,dynamic
47,298,0.1,15,0,14209,14209,0.00276543,6751,0.00276543,0.00580355,0,0,0,iter,0,1,k1,1,dynamic
47,298,0.1,15,0,14209,14209,1.47057e-08,26883,0.0110121,0.0230129,0,0,0,iter,0,1,optk,4,dynamic
47,298,0.1,15,0,14209,14209,3.05043e-05,13483,0.00552307,0.0115734,0,0,0,iter,0,1,rootk,2,dynamic
47,298,0.1,15,1,178,178,5.20233e-05,127,5.20233e-05,7.29118e-05,1,128,129,iter,0,1,k1,1,dynamic
47,298,0.1,15,1,5,5,4.505e-21,20,8.19264e-06,8.1926e-06,1,5,6,iter,0,1,optk,4,dynamic
47,298,0.1,15,1,6,6,2.4163e-11,12,4.91558e-06,4.91557e-06,1,6,7,iter,0,1,rootk,2,dynamic
47,1491,0.5,10,0,0,0,0,0,0,0,0,0,0,iter,0,1,k1,1,dynamic
47,1491,0.5,10,0,0,0,0,0,0,0,0,0,0,iter,0,1,optk,19,dynamic
47,1491,0.5,10,0,0,0,0,0,0,0,0,0,0,iter,0,1,rootk,4,dynamic
47,1491,0.5,11,0,0,0,0,0,0,0,0,0,0,iter,0,1,k1,1,dynamic
47,1491,0.5,11,0,0,0,0,0,0,0,0,0,0,iter,0,1,optk,19,dynamic
47,1491,0.5,11,0,0,0,0,0,0,0,0,0,0,iter,0,1,rootk,4,dynamic
47,1491,0.5,12,0,0,0,0,0,0,0,0,0,0,iter,0,1,k1,1,dynamic
47,1491,0.5,12,0,0,0,0,0,0,0,0,0,0,iter,0,1,optk,19,dynamic
47,1491,0.5,12,0,0,0,0,0,0,0,0,0,0,iter,0,1,rootk,4,dynamic
47,1491,0.5,13,0,0,0,0,0,0,0,0,0,0,iter,0,1,k1,1,dynamic
47,1491,0.5,13,0,0,0,0,0,0,0,0,0,0,iter,0,1,optk,19,dynamic
47,1491,0.5,13,0,0,0,0,0,0,0,0,0,0,iter,0,1,rootk,4,dynamic
47,1491,0.5,14,0,399,399,2.17778e-05,266,2.17778e-05,3.26662e-05,0,0,0,iter,0,1,k1,1,dynamic
47,1491,0.5,14,0,399,399,5.23101e-65,5054,0.000413778,0.000620475,0,0,0,iter,0,1,optk,19,dynamic
47,1491,0.5,14,0,399,399,5.75832e-17,1064,8.71112e-05,0.000130658,0,0,0,iter,0,1,rootk,4,dynamic
47,1491,0.5,14,1,0,0,0,0,0,0,0,0,0,iter,0,1,k1,1,dynamic
47,1491,0.5,14,1,0,0,0,0,0,0,0,0,0,iter,0,1,optk,19,dynamic
47,1491,0.5,14,1,0,0,0,0,0,0,0,0,0,iter,0,1,rootk,4,dynamic
47,1491,0.5,15,0,14209,14209,0.000553042,6755,0.000553042,0.00116263,0,0,0,iter,0,1,k1,1,dynamic
47,1491,0.5,15,0,14209,14209,2.35603e-38,127778,0.0104614,0.0218604,0,0,0,iter,0,1,optk,19,dynamic
47,1491,0.5,15,0,14209,14209,2.38914e-11,27004,0.00221086,0.00464244,0,0,0,iter,0,1,rootk,4,dynamic
47,1491,0.5,15,1,43,43,3.02924e-06,37,3.02924e-06,3.52047e-06,1,37,38,iter,0,1,k1,1,dynamic
47,1491,0.5,15,1,5,5,7.18869e-24,20,1.63743e-06,1.63743e-06,1,5,6,iter,0,1,rootk,4,dynamic
47,1491,0.5,15,1,5,5,8.43848e-98,95,7.77779e-06,7.77776e-06,1,5,6,iter,0,1,optk,19,dynamic
48,88,0.001,11,0,0,0,0,0,0,0,0,0,0,iter,0,1,k1,1,dynamic
48,88,0.001,11,0,0,0,0,0,0,0,0,0,0,iter,0,1,optk,1,dynamic
48,88,0.001,11,0,0,0,0,0,0,0,0,0,0,iter,0,1,rootk,1,dynamic
48,88,0.001,12,0,0,0,0,0,0,0,0,0,0,iter,0,1,k1,1,dynamic
48,88,0.001,12,0,0,0,0,0,0,0,0,0,0,iter,0,1,optk,1,dynamic
48,88,0.001,12,0,0,0,0,0,0,0,0,0,0,iter,0,1,rootk,1,dynamic
48,88,0.001,13,0,0,0,0,0,0,0,0,0,0,iter,0,1,k1,1,dynamic
48,88,0.001,13,0,0,0,0,0,0,0,0,0,0,iter,0,1,optk,1,dynamic
48,88,0.001,13,0,0,0,0,0,0,0,0,0,0,iter,0,1,rootk,1,dynamic
48,88,0.001,14,0,99,99,0.000104037,75,0.000104037,0.00013732,0,0,0,iter,0,1,k1,1,dynamic
48,88,0.001,14,0,99,99,0.000104037,75,0.000104037,0.00013732,0,0,0,iter,0,1,optk,1,dynamic
48,88,0.001,14,0,99,99,0.000104037,75,0.000104037,0.00013732,0,0,0,iter,0,1,rootk,1,dynamic
48,88,0.001,14,1,0,0,0,0,0,0,0,0,0,iter,0,1,k1,1,dynamic
48,88,0.001,14,1,0,0,0,0,0,0,0,0,0,iter,0,1,optk,1,dynamic
48,88,0.001,14,1,0,0,0,0,0,0,0,0,0,iter,0,1,rootk,1,dynamic
48,88,0.001,15,0,1034,1034,0.00058677,423,0.00058677,0.0014333,0,0,0,iter,0,1,optk,1,dynamic
48,88,0.001,15,0,1034,1034,0.000590931,426,0.000590931,0.0014333,0,0,0,iter,0,1,k1,1,dynamic
48,88,0.001,15,0,1034,1034,0.000590931,426,0.000590931,0.0014333,0,0,0,iter,0,1,rootk,1,dynamic
48,88,0.001,15,1,13,13,1.38716e-05,10,1.38716e-05,1.8033e-05,0,10,10,iter,0,1,rootk,1,dynamic
48,88,0.001,15,1,16,16,2.08074e-05,15,2.08074e-05,2.21944e-05,0,15,15,iter,0,1,optk,1,dynamic
48,88,0.001,15,1,21,21,1.94203e-05,14,1.94203e-05,2.913e-05,0,14,14,iter,0,1,k1,1,dynamic
48,88,0.001,16,0,103580,103580,0.0417536,30100,0.0417536,0.133837,0,0,0,iter,0,1,k1,1,dynamic
48,88,0.001,16,0,103580,103580,0.041755,30101,0.041755,0.133837,0,0,0,iter,0,1,optk,1,dynamic
48,88,0.001,16,0,103580,103580,0.0418368,30160,0.0418368,0.133837,0,0,0,iter,0,1,rootk,1,dynamic
48,88,0.001,16,1,17980,17980,0.0134874,9723,0.0134874,0.0246327,0,0,0,iter,0,1,k1,1,dynamic
48,88,0.001,16,1,18553,18553,0.0136566,9845,0.0136566,0.0254077,0,0,0,iter,0,1,optk,1,dynamic
48,88,0.001,16,1,18662,18662,0.0136011,9805,0.0136011,0.025555,0,0,0,iter,0,1,rootk,1,dynamic
48,88,0.001,16,2,1406,1406,0.000585383,422,0.000585383,0.00194845,434,0,434,iter,0,1,optk,1,dynamic
48,88,0.001,16,2,1637,1637,0.000559027,403,0.000559027,0.00226821,417,0,417,iter,0,1,k1,1,dynamic
48,88,0.001,16,2,1685,1685,0.000546542,394,0.000546542,0.00233464,411,0,411,iter,0,1,rootk,1,dynamic
48,88,0.001,17,0,4047977,4047977,0.753561,543239,0.753561,0.996358,0,0,0,iter,0,1,rootk,1,dynamic
48,88,0.001,17,0,4047977,4047977,0.754034,543580,0.754034,0.996358,0,0,0,iter,0,1,k1,1,dynamic
48,88,0.001,17,0,4047977,4047977,0.75442,543858,0.75442,0.996358,0,0,0,iter,0,1,optk,1,dynamic
48,88,0.001,17,0,462578,462578,0.148683,107185,0.148683,0.473588,117696,1,117697,type,0,8,optk,1,dynamic
48,88,0.001,17,0,464158,464158,0.148518,107066,0.148518,0.47474,117443,1,117444,type,0,8,k1,1,dynamic
48,88,0.001,17,0,465783,465783,0.148818,107282,0.148818,0.475923,117698,1,117699,type,0,8,rootk,1,dynamic
48,88,0.001,17,1,5040277,5040277,0.921485,664295,0.921485,0.999081,0,0,0,iter,0,1,rootk,1,dynamic
48,88,0.001,17,1,5041931,5041931,0.920725,663747,0.920725,0.999083,0,0,0,iter,0,1,optk,1,dynamic
48,88,0.001,17,1,5045926,5045926,0.920375,663495,0.920375,0.999088,0,0,0,iter,0,1,k1,1,dynamic
48,880,0.01,11,0,0,0,0,0,0,0,0,0,0,iter,0,1,k1,1,dynamic
48,880,0.01,11,0,0,0,0,0,0,0,0,0,0,iter,0,1,optk,1,dynamic
48,880,0.01,11,0,0,0,0,0,0,0,0,0,0,iter,0,1,rootk,1,dynamic
48,880,0.01,12,0,0,0,0,0,0,0,0,0,0,iter,0,1,k1,1,dynamic
48,880,0.01,12,0,0,0,0,0,0,0,0,0,0,iter,0,1,optk,1,dynamic
48,880,0.01,12,0,0,0,0,0,0,0,0,0,0,iter,0,1,rootk,1,dynamic
48,880,0.01,13,0,0,0,0,0,0,0,0,0,0,iter,0,1,k1,1,dynamic
48,880,0.01,13,0,0,0,0,0,0,0,0,0,0,iter,0,1,optk,1,dynamic
48,880,0.01,13,0,0,0,0,0,0,0,0,0,0,iter,0,1,rootk,1,dynamic
48,880,0.01,14,0,99,99,1.04037e-05,75,1.04037e-05,1.37328e-05,0,0,0,iter,0,1,k1,1,dynamic
48,880,0.01,14,0,99,99,1.04037e-05,75,1.04037e-05,1.37328e-05,0,0,0,iter,0,1,optk,1,dynamic
48,880,0.01,14,0,99,99,1.04037e-05,75,1.04037e-05,1.37328e-05,0,0,0,iter,0,1,rootk,1,dynamic
48,880,0.01,14,1,0,0,0,0,0,0,0,0,0,iter,0,1,k1,1,dynamic
48,880,0.01,14,1,0,0,0,0,0,0,0,0,0,iter,0,1,optk,1,dynamic
48,880,0.01,14,1,0,0,0,0,0,0,0,0,0,iter,0,1,rootk,1,dynamic
48,880,0.01,15,0,1034,1034,5.90931e-05,426,5.90931e-05,0.000143422,0,0,0,iter,0,1,k1,1,dynamic
48,880,0.01,15,0,1034,1034,5.90931e-05,426,5.90931e-05,0.000143422,0,0,0,iter,0,1,optk,1,dynamic
48,880,0.01,15,0,1034,1034,5.90931e-05,426,5.90931e-05,0.000143422,0,0,0,iter,0,1,rootk,1,dynamic
48,880,0.01,15,1,0,0,0,0,0,0,0,0,0,iter,0,1,optk,1,dynamic
48,880,0.01,15,1,1,1,1.38716e-07,1,1.38716e-07,1.38716e-07,0,1,1,iter,0,1,rootk,1,dynamic
48,880,0.01,15,1,2,2,2.77433e-07,2,2.77433e-07,2.77432e-07,0,2,2,iter,0,1,k1,1,dynamic
48,880,0.01,16,0,103580,103580,0.0042572,30690,0.0042572,0.0142655,0,0,0,iter,0,1,rootk,1,dynamic
48,880,0.01,16,0,103580,103580,0.00425845,30699,0.00425845,0.0142655,0,0,0,iter,0,1,k1,1,dynamic
48,880,0.01,16,0,103580,103580,0.00425998,30710,0.00425998,0.0142655,0,0,0,iter,0,1,optk,1,dynamic
48,880,0.01,16,1,1929,1929,0.000138578,999,0.000138578,0.000267548,0,1037,1037,iter,0,1,k1,1,dynamic
48,880,0.01,16,1,1935,1935,0.00014593,1052,0.00014593,0.00026838,0,1088,1088,iter,0,1,optk,1,dynamic
48,880,0.01,16,1,1984,1984,0.000147872,1066,0.000147872,0.000275175,0,1110,1110,iter,0,1,rootk,1,dynamic
48,880,0.01,17,0,4047977,4047977,0.13081,943001,0.13081,0.429659,0,0,0,iter,0,1,k1,1,dynamic
48,880,0.01,17,0,4047977,4047977,0.130921,943801,0.130921,0.429659,0,0,0,iter,0,1,optk,1,dynamic
48,880,0.01,17,0,4047977,4047977,0.130952,944028,0.130952,0.429659,0,0,0,iter,0,1,rootk,1,dynamic
48,880,0.01,17,1,865414,865414,0.042941,309560,0.042941,0.113121,0,0,0,iter,0,1,k1,1,dynamic
48,880,0.01,17,1,873538,873538,0.0430273,310182,0.0430273,0.11412,0,0,0,iter,0,1,optk,1,dynamic
48,880,0.01,17,1,880924,880924,0.0431675,311193,0.0431675,0.115027,0,0,0,iter,0,1,rootk,1,dynamic
48,880,0.01,17,2,172658,172658,0.00605164,43626,0.00605164,0.0236659,0,0,0,iter,0,1,optk,1,dynamic
48,880,0.01,17,2,175400,175400,0.00602264,43417,0.00602264,0.0240372,0,0,0,iter,0,1,rootk,1,dynamic
48,880,0.01,17,2,176625,176625,0.00602292,43419,0.00602292,0.0242031,0,0,0,iter,0,1,k1,1,dynamic
48,880,0.01,17,3,39997,39997,0.00205369,14805,0.00205369,0.00553287,1,19683,19684,iter,0,1,k1,1,dynamic
48,880,0.01,17,3,41021,41021,0.00205564,14819,0.00205564,0.00567412,1,19927,19928,iter,0,1,rootk,1,dynamic
48,880,0.01,17,3,41603,41603,0.00208421,15025,0.00208421,0.00575439,1,20124,20125,iter,0,1,optk,1,dynamic
48,8798,0.1,11,0,0,0,0,0,0,0,0,0,0,iter,0,1,k1,1,dynamic
48,8798,0.1,11,0,0,0,0,0,0,0,0,0,0,iter,0,1,optk,5,dynamic
48,8798,0.1,11,0,0,0,0,0,0,0,0,0,0,iter,0,1,rootk,2,dynamic
48,8798,0.1,12,0,0,0,0,0,0,0,0,0,0,iter,0,1,k1,1,dynamic
48,8798,0.1,12,0,0,0,0,0,0,0,0,0,0,iter,0,1,optk,5,dynamic
48,8798,0.1,12,0,0,0,0,0,0,0,0,0,0,iter,0,1,rootk,2,dynamic
48,8798,0.1,13,0,0,0,0,0,0,0,0,0,0,iter,0,1,k1,1,dynamic
48,8798,0.1,13,0,0,0,0,0,0,0,0,0,0,iter,0,1,optk,5,dynamic
48,8798,0.1,13,0,0,0,0,0,0,0,0,0,0,iter,0,1,rootk,2,dynamic
48,8798,0.1,14,0,99,99,1.04061e-06,75,1.04061e-06,1.3736e-06,0,0,0,iter,0,1,k1,1,dynamic
48,8798,0.1,14,0,99,99,3.81318e-27,375,5.20304e-06,6.86799e-06,0,0,0,iter,0,1,optk,5,dynamic
48,8798,0.1,14,0,99,99,4.33146e-12,150,2.08122e-06,2.7472e-06,0,0,0,iter,0,1,rootk,2,dynamic
48,8798,0.1,14,1,0,0,0,0,0,0,0,0,0,iter,0,1,k1,1,dynamic
48,8798,0.1,14,1,0,0,0,0,0,0,0,0,0,iter,0,1,optk,5,dynamic
48,8798,0.1,14,1,0,0,0,0,0,0,0,0,0,iter,0,1,rootk,2,dynamic
48,8798,0.1,15,0,1034,1034,1.39743e-10,852,1.18213e-05,2.86926e-05,0,0,0,iter,0,1,rootk,2,dynamic
48,8798,0.1,15,0,1034,1034,2.25439e-23,2130,2.95533e-05,7.173e-05,0,0,0,iter,0,1,optk,5,dynamic
48,8798,0.1,15,0,1034,1034,5.91066e-06,426,5.91066e-06,1.43464e-05,0,0,0,iter,0,1,k1,1,dynamic
48,8798,0.1,15,1,0,0,0,0,0,0,0,0,0,iter,0,1,k1,1,dynamic
48,8798,0.1,15,1,0,0,0,0,0,0,0,0,0,iter,0,1,optk,5,dynamic
48,8798,0.1,15,1,0,0,0,0,0,0,0,0,0,iter,0,1,rootk,2,dynamic
48,8798,0.1,16,0,103580,103580,0.00042676,30758,0.00042676,0.00143612,0,0,0,iter,0,1,k1,1,dynamic
48,8798,0.1,16,0,103580,103580,4.40861e-14,153686,0.00213236,0.00715999,0,0,0,iter,0,1,optk,5,dynamic
48,8798,0.1,16,0,103580,103580,7.28072e-07,61498,0.000853271,0.00287017,0,0,0,iter,0,1,rootk,2,dynamic
48,8798,0.1,16,1,0,0,0,0,0,0,0,0,0,iter,0,1,optk,5,dynamic
48,8798,0.1,16,1,0,0,0,0,0,0,0,0,0,iter,0,1,rootk,2,dynamic
48,8798,0.1,16,1,163,163,1.4291e-06,103,1.4291e-06,2.26159e-06,0,103,103,iter,0,1,k1,1,dynamic
48,8798,0.1,17,0,4047977,4047977,0.000765653,1994297,0.0276704,0.10625,0,0,0,iter,0,1,rootk,2,dynamic
48,8798,0.1,17,0,4047977,4047977,0.013932,1004124,0.013932,0.0546167,0,0,0,iter,0,1,k1,1,dynamic
48,8798,0.1,17,0,4047977,4047977,1.4274e-06,4882956,0.0677499,0.244839,0,0,0,iter,0,1,optk,5,dynamic
48,8798,0.1,17,1,345,345,3.84005e-24,1495,2.07428e-05,2.39337e-05,1,299,300,iter,0,1,optk,5,dynamic
48,8798,0.1,17,1,4939,4939,3.27408e-09,4124,5.72196e-05,0.000137046,1,2062,2063,iter,0,1,rootk,2,dynamic
48,8798,0.1,17,1,95130,95130,0.000475059,34239,0.000475059,0.00131904,1,35390,35391,iter,0,1,k1,1,dynamic
48,43992,0.5,11,0,0,0,0,0,0,0,0,0,0,iter,0,1,k1,1,dynamic
48,43992,0.5,11,0,0,0,0,0,0,0,0,0,0,iter,0,1,optk,25,dynamic
48,43992,0.5,11,0,0,0,0,0,0,0,0,0,0,iter,0,1,rootk,5,dynamic
48,43992,0.5,12,0,0,0,0,0,0,0,0,0,0,iter,0,1,k1,1,dynamic
48,43992,0.5,12,0,0,0,0,0,0,0,0,0,0,iter,0,1,optk,25,dynamic
48,43992,0.5,12,0,0,0,0,0,0,0,0,0,0,iter,0,1,rootk,5,dynamic
48,43992,0.5,13,0,0,0,0,0,0,0,0,0,0,iter,0,1,k1,1,dynamic
48,43992,0.5,13,0,0,0,0,0,0,0,0,0,0,iter,0,1,optk,25,dynamic
48,43992,0.5,13,0,0,0,0,0,0,0,0,0,0,iter,0,1,rootk,5,dynamic
48,43992,0.5,14,0,99,99,1.21994e-30,375,1.04056e-06,1.37354e-06,0,0,0,iter,0,1,rootk,5,dynamic
48,43992,0.5,14,0,99,99,2.08112e-07,75,2.08112e-07,2.74708e-07,0,0,0,iter,0,1,k1,1,dynamic
48,43992,0.5,14,0,99,99,8.05268e-133,1875,5.20281e-06,6.86768e-06,0,0,0,iter,0,1,optk,25,dynamic
48,43992,0.5,14,1,0,0,0,0,0,0,0,0,0,iter,0,1,k1,1,dynamic
48,43992,0.5,14,1,0,0,0,0,0,0,0,0,0,iter,0,1,optk,25,dynamic
48,43992,0.5,14,1,0,0,0,0,0,0,0,0,0,iter,0,1,rootk,5,dynamic
48,43992,0.5,15,0,1034,1034,1.18208e-06,426,1.18208e-06,2.86917e-06,0,0,0,iter,0,1,k1,1,dynamic
48,43992,0.5,15,0,1034,1034,5.81633e-114,10650,2.95519e-05,7.17268e-05,0,0,0,iter,0,1,optk,25,dynamic
48,43992,0.5,15,0,1034,1034,7.2124e-27,2130,5.91039e-06,1.43458e-05,0,0,0,iter,0,1,rootk,5,dynamic
48,43992,0.5,15,1,0,0,0,0,0,0,0,0,0,iter,0,1,k1,1,dynamic
48,43992,0.5,15,1,0,0,0,0,0,0,0,0,0,iter,0,1,optk,25,dynamic
48,43992,0.5,15,1,0,0,0,0,0,0,0,0,0,iter,0,1,rootk,5,dynamic
48,43992,0.5,16,0,103580,103580,1.41531e-17,153792,0.000426747,0.00143605,0,0,0,iter,0,1,rootk,5,dynamic
48,43992,0.5,16,0,103580,103580,1.65888e-67,768345,0.00213203,0.00715967,0,0,0,iter,0,1,optk,25,dynamic
48,43992,0.5,16,0,103580,103580,8.53593e-05,30762,8.53593e-05,0.000287376,0,0,0,iter,0,1,k1,1,dynamic
48,43992,0.5,16,1,0,0,0,0,0,0,0,0,0,iter,0,1,optk,25,dynamic
48,43992,0.5,16,1,0,0,0,0,0,0,0,0,0,iter,0,1,rootk,5,dynamic
48,43992,0.5,16,1,44,44,7.76952e-08,28,7.76952e-08,1.22093e-07,0,28,28,iter,0,1,k1,1,dynamic
48,43992,0.5,17,0,4047977,4047977,0.00280224,1009879,0.00280224,0.0111696,0,0,0,iter,0,1,k1,1,dynamic
48,43992,0.5,17,0,4047977,4047977,5.25108e-10,5021267,0.0139332,0.0546143,0,0,0,iter,0,1,rootk,5,dynamic
48,43992,0.5,17,0,4047977,4047977,5.91972e-30,24414942,0.0677473,0.244829,0,0,0,iter,0,1,optk,25,dynamic
48,43992,0.5,17,1,19729,19729,1.97263e-05,7109,1.97263e-05,5.47431e-05,1,7148,7149,iter,0,1,k1,1,dynamic
48,43992,0.5,17,1,333,333,1.16813e-27,1480,4.10675e-06,4.62008e-06,1,296,297,iter,0,1,rootk,5,dynamic
48,43992,0.5,17,1,333,333,6.48189e-118,7400,2.05337e-05,2.31002e-05,1,296,297,iter,0,1,optk,25,dynamic
49,1,0.001,10,0,0,0,0,0,0,0,0,0,0,iter,0,1,k1,1,dynamic
49,1,0.001,10,0,0,0,0,0,0,0,0,0,0,iter,0,1,optk,1,dynamic
49,1,0.001,10,0,0,0,0,0,0,0,0,0,0,iter,0,1,rootk,1,dynamic
49,1,0.001,11,0,0,0,0,0,0,0,0,0,0,iter,0,1,k1,1,dynamic
49,1,0.001,11,0,0,0,0,0,0,0,0,0,0,iter,0,1,optk,1,dynamic
49,1,0.001,11,0,0,0,0,0,0,0,0,0,0,iter,0,1,rootk,1,dynamic
49,1,0.001,12,0,0,0,0,0,0,0,0,0,0,iter,0,1,k1,1,dynamic
49,1,0.001,12,0,0,0,0,0,0,0,0,0,0,iter,0,1,optk,1,dynamic
49,1,0.001,12,0,0,0,0,0,0,0,0,0,0,iter,0,1,rootk,1,dynamic
49,1,0.001,13,0,89,89,0.00488281,40,0.00488281,0.0108055,0,0,0,iter,0,1,k1,1,dynamic
49,1,0.001,13,0,89,89,0.00488281,40,0.00488281,0.0108055,0,0,0,iter,0,1,optk,1,dynamic
49,1,0.001,13,0,89,89,0.00488281,40,0.00488281,0.0108055,0,0,0,iter,0,1,rootk,1,dynamic
49,1,0.001,13,1,0,0,0,0,0,0,0,0,0,iter,0,1,k1,1,dynamic
49,1,0.001,13,1,0,0,0,0,0,0,0,0,0,iter,0,1,optk,1,dynamic
49,1,0.001,13,1,5,5,0.000244141,2,0.000244141,0.000610165,0,2,2,iter,0,1,rootk,1,dynamic
49,1,0.001,14,0,443,443,0.0233154,191,0.0233154,0.052641,228,1,229,type,0,2,optk,1,dynamic
49,1,0.001,14,0,490,490,0.0263672,216,0.0263672,0.0580607,253,1,254,type,0,2,k1,1,dynamic
49,1,0.001,14,0,525,525,0.0228271,187,0.0228271,0.0620765,213,1,214,type,0,2,rootk,1,dynamic
49,1,0.001,14,0,7921,7921,0.327881,2686,0.327881,0.619747,0,0,0,iter,0,1,rootk,1,dynamic
49,1,0.001,14,0,7921,7921,0.328247,2689,0.328247,0.619747,0,0,0,iter,0,1,k1,1,dynamic
49,1,0.001,14,0,7921,7921,0.331055,2712,0.331055,0.619747,0,0,0,iter,0,1,optk,1,dynamic
49,1,0.001,14,1,2449,2449,0.124512,1020,0.124512,0.258404,0,0,0,iter,0,1,rootk,1,dynamic
49,1,0.001,14,1,2523,2523,0.129028,1057,0.129028,0.265072,0,0,0,iter,0,1,optk,1,dynamic
49,1,0.001,14,1,2544,2544,0.128784,1055,0.128784,0.266954,0,0,0,iter,0,1,k1,1,dynamic
49,4,0.01,10,0,0,0,0,0,0,0,0,0,0,iter,0,1,k1,1,dynamic
49,4,0.01,10,0,0,0,0,0,0,0,0,0,0,iter,0,1,optk,1,dynamic
49,4,0.01,10,0,0,0,0,0,0,0,0,0,0,iter,0,1,rootk,1,dynamic
49,4,0.01,11,0,0,0,0,0,0,0,0,0,0,iter,0,1,k1,1,dynamic
49,4,0.01,11,0,0,0,0,0,0,0,0,0,0,iter,0,1,optk,1,dynamic
49,4,0.01,11,0,0,0,0,0,0,0,0,0,0,iter,0,1,rootk,1,dynamic
49,4,0.01,12,0,0,0,0,0,0,0,0,0,0,iter,0,1,k1,1,dynamic
49,4,0.01,12,0,0,0,0,0,0,0,0,0,0,iter,0,1,optk,1,dynamic
49,4,0.01,12,0,0,0,0,0,0,0,0,0,0,iter,0,1,rootk,1,dynamic
49,4,0.01,13,0,89,89,0.0012207,40,0.0012207,0.00271238,0,0,0,iter,0,1,k1,1,dynamic
49,4,0.01,13,0,89,89,0.0012207,40,0.0012207,0.00271238,0,0,0,iter,0,1,optk,1,dynamic
49,4,0.01,13,0,89,89,0.0012207,40,0.0012207,0.00271238,0,0,0,iter,0,1,rootk,1,dynamic
49,4,0.01,13,1,0,0,0,0,0,0,0,0,0,iter,0,1,k1,1,dynamic
49,4,0.01,13,1,0,0,0,0,0,0,0,0,0,iter,0,1,optk,1,dynamic
49,4,0.01,13,1,1,1,3.05176e-05,1,3.05176e-05,3.05171e-05,0,1,1,iter,0,1,rootk,1,dynamic
49,4,0.01,14,0,7921,7921,0.0940552,3082,0.0940552,0.214732,0,0,0,iter,0,1,k1,1,dynamic
49,4,0.01,14,0,7921,7921,0.0943604,3092,0.0943604,0.214732,0,0,0,iter,0,1,optk,1,dynamic
49,4,0.01,14,0,7921,7921,0.0943604,3092,0.0943604,0.214732,0,0,0,iter,0,1,rootk,1,dynamic
49,4,0.01,14,1,649,649,0.00979614,321,0.00979614,0.0196111,0,0,0,iter,0,1,k1,1,dynamic
49,4,0.01,14,1,695,695,0.0103455,339,0.0103455,0.0209864,0,0,0,iter,0,1,optk,1,dynamic
49,4,0.01,14,1,723,723,0.00967407,317,0.00967407,0.0218226,0,0,0,iter,0,1,rootk,1,dynamic
49,4,0.01,14,2,108,108,0.00119019,39,0.00119019,0.00329047,44,1,45,iter,0,1,k1,1,dynamic
49,4,0.01,14,2,51,51,0.00088501,29,0.00088501,0.00155519,31,1,32,iter,0,1,rootk,1,dynamic
49,4,0.01,14,2,67,67,0.00112915,37,0.00112915,0.00204259,40,1,41,iter,0,1,optk,1,dynamic
49,43,0.1,10,0,0,0,0,0,0,0,0,0,0,iter,0,1,k1,1,dynamic
49,43,0.1,10,0,0,0,0,0,0,0,0,0,0,iter,0,1,optk,4,dynamic
49,43,0.1,10,0,0,0,0,0,0,0,0,0,0,iter,0,1,rootk,2,dynamic
49,43,0.1,11,0,0,0,0,0,0,0,0,0,0,iter,0,1,k1,1,dynamic
49,43,0.1,11,0,0,0,0,0,0,0,0,0,0,iter,0,1,optk,4,dynamic
49,43,0.1,11,0,0,0,0,0,0,0,0,0,0,iter,0,1,rootk,2,dynamic
49,43,0.1,12,0,0,0,0,0,0,0,0,0,0,iter,0,1,k1,1,dynamic
49,43,0.1,12,0,0,0,0,0,0,0,0,0,0,iter,0,1,optk,4,dynamic
49,43,0.1,12,0,0,0,0,0,0,0,0,0,0,iter,0,1,rootk,2,dynamic
49,43,0.1,13,0,89,89,0.000113554,40,0.000113554,0.000252625,0,0,0,iter,0,1,k1,1,dynamic
49,43,0.1,13,0,89,89,4.25644e-14,160,0.000454215,0.00101012,0,0,0,iter,0,1,optk,4,dynamic
49,43,0.1,13,0,89,89,5.15778e-08,80,0.000227108,0.000505187,0,0,0,iter,0,1,rootk,2,dynamic
49,43,0.1,13,1,0,0,0,0,0,0,0,0,0,iter,0,1,k1,1,dynamic
49,43,0.1,13,1,0,0,0,0,0,0,0,0,0,iter,0,1,optk,4,dynamic
49,43,0.1,13,1,0,0,0,0,0,0,0,0,0,iter,0,1,rootk,2,dynamic
49,43,0.1,14,0,7921,7921,0.000333407,6432,0.0182594,0.0439767,0,0,0,iter,0,1,rootk,2,dynamic
49,43,0.1,14,0,7921,7921,0.00915243,3224,0.00915243,0.0222356,0,0,0,iter,0,1,k1,1,dynamic
49,43,0.1,14,0,7921,7921,1.70776e-06,12734,0.0361498,0.0860194,0,0,0,iter,0,1,optk,4,dynamic
49,43,0.1,14,1,5,5,4.25644e-18,16,4.54215e-05,5.67753e-05,1,4,5,iter,0,1,optk,4,dynamic
49,43,0.1,14,1,6,6,8.05904e-10,10,2.83884e-05,3.40656e-05,1,5,6,iter,0,1,rootk,2,dynamic
49,43,0.1,14,1,65,65,9.36819e-05,33,9.36819e-05,0.000184508,1,34,35,iter,0,1,k1,1,dynamic
49,215,0.5,10,0,0,0,0,0,0,0,0,0,0,iter,0,1,k1,1,dynamic
49,215,0.5,10,0,0,0,0,0,0,0,0,0,0,iter,0,1,optk,22,dynamic
49,215,0.5,10,0,0,0,0,0,0,0,0,0,0,iter,0,1,rootk,5,dynamic
49,215,0.5,11,0,0,0,0,0,0,0,0,0,0,iter,0,1,k1,1,dynamic
49,215,0.5,11,0,0,0,0,0,0,0,0,0,0,iter,0,1,optk,22,dynamic
49,215,0.5,11,0,0,0,0,0,0,0,0,0,0,iter,0,1,rootk,5,dynamic
49,215,0.5,12,0,0,0,0,0,0,0,0,0,0,iter,0,1,k1,1,dynamic
49,215,0.5,12,0,0,0,0,0,0,0,0,0,0,iter,0,1,optk,22,dynamic
49,215,0.5,12,0,0,0,0,0,0,0,0,0,0,iter,0,1,rootk,5,dynamic
49,215,0.5,13,0,89,89,1.88803e-20,200,0.000113554,0.000252625,0,0,0,iter,0,1,rootk,5,dynamic
49,215,0.5,13,0,89,89,2.27108e-05,40,2.27108e-05,5.05302e-05,0,0,0,iter,0,1,k1,1,dynamic
49,215,0.5,13,0,89,89,2.34636e-73,880,0.000499637,0.00111107,0,0,0,iter,0,1,optk,22,dynamic
49,215,0.5,13,1,0,0,0,0,0,0,0,0,0,iter,0,1,k1,1,dynamic
49,215,0.5,13,1,0,0,0,0,0,0,0,0,0,iter,0,1,optk,22,dynamic
49,215,0.5,13,1,0,0,0,0,0,0,0,0,0,iter,0,1,rootk,5,dynamic
49,215,0.5,14,0,7921,7921,0.00184014,3241,0.00184014,0.0044872,0,0,0,iter,0,1,k1,1,dynamic
49,215,0.5,14,0,7921,7921,1.50303e-31,69949,0.0397149,0.0942034,0,0,0,iter,0,1,optk,22,dynamic
49,215,0.5,14,0,7921,7921,6.47214e-11,16145,0.00916663,0.0222356,0,0,0,iter,0,1,rootk,5,dynamic
49,215,0.5,14,1,30,30,5.67769e-06,10,5.67769e-06,1.70329e-05,1,10,11,iter,0,1,k1,1,dynamic
49,215,0.5,14,1,5,5,1.88803e-25,20,1.13554e-05,1.41941e-05,1,4,5,iter,0,1,rootk,5,dynamic
49,215,0.5,14,1,5,5,2.34636e-95,88,4.99637e-05,6.24526e-05,1,4,5,iter,0,1,optk,22,dynamic
50,94,0.001,11,0,0,0,0,0,0,0,0,0,0,iter,0,1,k1,1,dynamic
50,94,0.001,11,0,0,0,0,0,0,0,0,0,0,iter,0,1,optk,1,dynamic
50,94,0.001,11,0,0,0,0,0,0,0,0,0,0,iter,0,1,rootk,1,dynamic
50,94,0.001,12,0,0,0,0,0,0,0,0,0,0,iter,0,1,k1,1,dynamic
50,94,0.001,12,0,0,0,0,0,0,0,0,0,0,iter,0,1,optk,1,dynamic
50,94,0.001,12,0,0,0,0,0,0,0,0,0,0,iter,0,1,rootk,1,dynamic
50,94,0.001,13,0,0,0,0,0,0,0,0,0,0,iter,0,1,k1,1,dynamic
50,94,0.001,13,0,0,0,0,0,0,0,0,0,0,iter,0,1,optk,1,dynamic
50,94,0.001,13,0,0,0,0,0,0,0,0,0,0,iter,0,1,rootk,1,dynamic
50,94,0.001,14,0,277,277,0.00012207,94,0.00012207,0.000359653,0,0,0,iter,0,1,k1,1,dynamic
50,94,0.001,14,0,277,277,0.00012207,94,0.00012207,0.000359653,0,0,0,iter,0,1,optk,1,dynamic
50,94,0.001,14,0,277,277,0.00012207,94,0.00012207,0.000359653,0,0,0,iter,0,1,rootk,1,dynamic
50,94,0.001,14,1,0,0,0,0,0,0,0,0,0,iter,0,1,k1,1,dynamic
50,94,0.001,14,1,0,0,0,0,0,0,0,0,0,iter,0,1,optk,1,dynamic
50,94,0.001,14,1,0,0,0,0,0,0,0,0,0,iter,0,1,rootk,1,dynamic
50,94,0.001,15,0,7841,7841,0.00278684,2146,0.00278684,0.0101308,0,0,0,iter,0,1,rootk,1,dynamic
50,94,0.001,15,0,7841,7841,0.00278944,2148,0.00278944,0.0101308,0,0,0,iter,0,1,k1,1,dynamic
50,94,0.001,15,0,7841,7841,0.00278944,2148,0.00278944,0.0101308,0,0,0,iter,0,1,optk,1,dynamic
50,94,0.001,15,1,21,21,1.55834e-05,12,1.55834e-05,2.72707e-05,0,12,12,iter,0,1,optk,1,dynamic
50,94,0.001,15,1,27,27,2.07779e-05,16,2.07779e-05,3.50621e-05,0,16,16,iter,0,1,k1,1,dynamic
50,94,0.001,15,1,57,57,2.7271e-05,21,2.7271e-05,7.40186e-05,0,22,22,iter,0,1,rootk,1,dynamic
50,94,0.001,16,0,325226,325226,0.126693,97560,0.126693,0.344492,0,0,0,iter,0,1,k1,1,dynamic
50,94,0.001,16,0,325226,325226,0.126852,97682,0.126852,0.344492,0,0,0,iter,0,1,rootk,1,dynamic
50,94,0.001,16,0,325226,325226,0.126944,97753,0.126944,0.344492,0,0,0,iter,0,1,optk,1,dynamic
50,94,0.001,16,1,43252,43252,0.0159393,12274,0.0159393,0.0546196,0,0,0,iter,0,1,optk,1,dynamic
50,94,0.001,16,1,43830,43830,0.0161016,12399,0.0161016,0.055329,0,0,0,iter,0,1,rootk,1,dynamic
50,94,0.001,16,1,44270,44270,0.0160302,12344,0.0160302,0.0558686,0,0,0,iter,0,1,k1,1,dynamic
50,94,0.001,16,2,5157,5157,0.00219727,1692,0.00219727,0.00667461,1900,0,1900,iter,0,1,k1,1,dynamic
50,94,0.001,16,2,5203,5203,0.00218428,1682,0.00218428,0.00673395,1943,0,1943,iter,0,1,optk,1,dynamic
50,94,0.001,16,2,5745,5745,0.00218947,1686,0.00218947,0.00743281,1909,0,1909,iter,0,1,rootk,1,dynamic
50,94,0.001,17,0,643621,643621,0.24782,190833,0.24782,0.566481,237451,1,237452,type,0,8,k1,1,dynamic
50,94,0.001,17,0,645670,645670,0.247639,190694,0.247639,0.567633,237348,1,237349,type,0,8,optk,1,dynamic
50,94,0.001,17,0,646417,646417,0.247572,190642,0.247572,0.568052,237350,1,237351,type,0,8,rootk,1,dynamic
50,94,0.001,17,0,6896128,6896128,0.951821,732948,0.951821,0.999871,0,0,0,iter,0,1,k1,1,dynamic
50,94,0.001,17,0,6896128,6896128,0.951924,733027,0.951924,0.999871,0,0,0,iter,0,1,rootk,1,dynamic
50,94,0.001,17,0,6896128,6896128,0.951933,733034,0.951933,0.999871,0,0,0,iter,0,1,optk,1,dynamic
50,94,0.001,17,1,5543973,5543973,0.749314,577008,0.749314,0.999253,0,0,0,iter,0,1,k1,1,dynamic
50,94,0.001,17,1,5548250,5548250,0.747685,575753,0.747685,0.999257,0,0,0,iter,0,1,optk,1,dynamic
50,94,0.001,17,1,5550465,5550465,0.748709,576542,0.748709,0.999259,0,0,0,iter,0,1,rootk,1,dynamic
50,945,0.01,11,0,0,0,0,0,0,0,0,0,0,iter,0,1,k1,1,dynamic
50,945,0.01,11,0,0,0,0,0,0,0,0,0,0,iter,0,1,optk,1,dynamic
50,945,0.01,11,0,0,0,0,0,0,0,0,0,0,iter,0,1,rootk,1,dynamic
50,945,0.01,12,0,0,0,0,0,0,0,0,0,0,iter,0,1,k1,1,dynamic
50,945,0.01,12,0,0,0,0,0,0,0,0,0,0,iter,0,1,optk,1,dynamic
50,945,0.01,12,0,0,0,0,0,0,0,0,0,0,iter,0,1,rootk,1,dynamic
50,945,0.01,13,0,0,0,0,0,0,0,0,0,0,iter,0,1,k1,1,dynamic
50,945,0.01,13,0,0,0,0,0,0,0,0,0,0,iter,0,1,optk,1,dynamic
50,945,0.01,13,0,0,0,0,0,0,0,0,0,0,iter,0,1,rootk,1,dynamic
50,945,0.01,14,0,277,277,1.21424e-05,94,1.21424e-05,3.57808e-05,0,0,0,iter,0,1,k1,1,dynamic
50,945,0.01,14,0,277,277,1.21424e-05,94,1.21424e-05,3.57808e-05,0,0,0,iter,0,1,optk,1,dynamic
50,945,0.01,14,0,277,277,1.21424e-05,94,1.21424e-05,3.57808e-05,0,0,0,iter,0,1,rootk,1,dynamic
50,945,0.01,14,1,0,0,0,0,0,0,0,0,0,iter,0,1,k1,1,dynamic
50,945,0.01,14,1,0,0,0,0,0,0,0,0,0,iter,0,1,optk,1,dynamic
50,945,0.01,14,1,0,0,0,0,0,0,0,0,0,iter,0,1,rootk,1,dynamic
50,945,0.01,15,0,7841,7841,0.000277726,2150,0.000277726,0.00101235,0,0,0,iter,0,1,k1,1,dynamic
50,945,0.01,15,0,7841,7841,0.000277855,2151,0.000277855,0.00101235,0,0,0,iter,0,1,optk,1,dynamic
50,945,0.01,15,0,7841,7841,0.000277855,2151,0.000277855,0.00101235,0,0,0,iter,0,1,rootk,1,dynamic
50,945,0.01,15,1,0,0,0,0,0,0,0,0,0,iter,0,1,optk,1,dynamic
50,945,0.01,15,1,3,3,3.87525e-07,3,3.87525e-07,3.87525e-07,0,3,3,iter,0,1,k1,1,dynamic
50,945,0.01,15,1,4,4,5.167e-07,4,5.167e-07,5.167e-07,0,4,4,iter,0,1,rootk,1,dynamic
50,945,0.01,16,0,325226,325226,0.0133863,103629,0.0133863,0.0411408,0,0,0,iter,0,1,optk,1,dynamic
50,945,0.01,16,0,325226,325226,0.0133938,103687,0.0133938,0.0411408,0,0,0,iter,0,1,rootk,1,dynamic
50,945,0.01,16,0,325226,325226,0.0133939,103688,0.0133939,0.0411408,0,0,0,iter,0,1,k1,1,dynamic
50,945,0.01,16,1,4708,4708,0.000168832,1307,0.000168832,0.000607971,0,1324,1324,iter,0,1,optk,1,dynamic
50,945,0.01,16,1,4779,4779,0.000163019,1262,0.000163019,0.000617137,0,1275,1275,iter,0,1,rootk,1,dynamic
50,945,0.01,16,1,4870,4870,0.000176065,1363,0.000176065,0.000628884,0,1387,1387,iter,0,1,k1,1,dynamic
50,945,0.01,17,0,125736,125736,0.00555762,43024,0.00555762,0.0161108,49345,1,49346,type,0,2,optk,1,dynamic
50,945,0.01,17,0,127798,127798,0.00553967,42885,0.00553967,0.0163728,49378,1,49379,type,0,2,rootk,1,dynamic
50,945,0.01,17,0,128113,128113,0.00554638,42937,0.00554638,0.0164128,49336,1,49337,type,0,2,k1,1,dynamic
50,945,0.01,17,0,6896128,6896128,0.260639,2017718,0.260639,0.589675,0,0,0,iter,0,1,rootk,1,dynamic
50,945,0.01,17,0,6896128,6896128,0.260658,2017871,0.260658,0.589675,0,0,0,iter,0,1,optk,1,dynamic
50,945,0.01,17,0,6896128,6896128,0.260687,2018089,0.260687,0.589675,0,0,0,iter,0,1,k1,1,dynamic
50,945,0.01,17,1,1510073,1510073,0.0367718,284667,0.0367718,0.177218,0,0,0,iter,0,1,optk,1,dynamic
50,945,0.01,17,1,1520418,1520418,0.0369914,286367,0.0369914,0.178316,0,0,0,iter,0,1,k1,1,dynamic
50,945,0.01,17,1,1520650,1520650,0.0368471,285250,0.0368471,0.178341,0,0,0,iter,0,1,rootk,1,dynamic
50,9448,0.1,11,0,0,0,0,0,0,0,0,0,0,iter,0,1,k1,1,dynamic
50,9448,0.1,11,0,0,0,0,0,0,0,0,0,0,iter,0,1,optk,5,dynamic
50,9448,0.1,11,0,0,0,0,0,0,0,0,0,0,iter,0,1,rootk,2,dynamic
50,9448,0.1,12,0,0,0,0,0,0,0,0,0,0,iter,0,1,k1,1,dynamic
50,9448,0.1,12,0,0,0,0,0,0,0,0,0,0,iter,0,1,optk,5,dynamic
50,9448,0.1,12,0,0,0,0,0,0,0,0,0,0,iter,0,1,rootk,2,dynamic
50,9448,0.1,13,0,0,0,0,0,0,0,0,0,0,iter,0,1,k1,1,dynamic
50,9448,0.1,13,0,0,0,0,0,0,0,0,0,0,iter,0,1,optk,5,dynamic
50,9448,0.1,13,0,0,0,0,0,0,0,0,0,0,iter,0,1,rootk,2,dynamic
50,9448,0.1,14,0,277,277,1.2145e-06,94,1.2145e-06,3.5789e-06,0,0,0,iter,0,1,k1,1,dynamic
50,9448,0.1,14,0,277,277,5.90005e-12,188,2.429e-06,7.15778e-06,0,0,0,iter,0,1,rootk,2,dynamic
50,9448,0.1,14,0,277,277,8.25734e-27,470,6.07251e-06,1.78944e-05,0,0,0,iter,0,1,optk,5,dynamic
50,9448,0.1,14,1,0,0,0,0,0,0,0,0,0,iter,0,1,k1,1,dynamic
50,9448,0.1,14,1,0,0,0,0,0,0,0,0,0,iter,0,1,optk,5,dynamic
50,9448,0.1,14,1,0,0,0,0,0,0,0,0,0,iter,0,1,rootk,2,dynamic
50,9448,0.1,15,0,7841,7841,2.77914e-05,2151,2.77914e-05,0.000101302,0,0,0,iter,0,1,k1,1,dynamic
50,9448,0.1,15,0,7841,7841,3.08945e-09,4302,5.55828e-05,0.000202594,0,0,0,iter,0,1,rootk,2,dynamic
50,9448,0.1,15,0,7841,7841,5.17606e-20,10753,0.000138931,0.000506409,0,0,0,iter,0,1,optk,5,dynamic
50,9448,0.1,15,1,0,0,0,0,0,0,0,0,0,iter,0,1,k1,1,dynamic
50,9448,0.1,15,1,0,0,0,0,0,0,0,0,0,iter,0,1,optk,5,dynamic
50,9448,0.1,15,1,0,0,0,0,0,0,0,0,0,iter,0,1,rootk,2,dynamic
50,9448,0.1,16,0,325226,325226,0.00134785,104321,0.00134785,0.00419318,0,0,0,iter,0,1,k1,1,dynamic
50,9448,0.1,16,0,325226,325226,1.37235e-11,520263,0.00672192,0.0207908,0,0,0,iter,0,1,optk,5,dynamic
50,9448,0.1,16,0,325226,325226,7.25706e-06,208502,0.00269389,0.00836877,0,0,0,iter,0,1,rootk,2,dynamic
50,9448,0.1,16,1,0,0,0,0,0,0,0,0,0,iter,0,1,optk,5,dynamic
50,9448,0.1,16,1,1,1,6.67729e-16,2,2.58405e-08,2.58405e-08,0,1,1,iter,0,1,rootk,2,dynamic
50,9448,0.1,16,1,382,382,1.75715e-06,136,1.75715e-06,4.93551e-06,0,136,136,iter,0,1,k1,1,dynamic
50,9448,0.1,17,0,6896128,6896128,0.00343529,4536399,0.0586113,0.163224,0,0,0,iter,0,1,rootk,2,dynamic
50,9448,0.1,17,0,6896128,6896128,0.029752,2302748,0.029752,0.0852455,0,0,0,iter,0,1,k1,1,dynamic
50,9448,0.1,17,0,6896128,6896128,5.40742e-05,10847455,0.140152,0.359495,0,0,0,iter,0,1,optk,5,dynamic
50,9448,0.1,17,1,174906,174906,0.000431226,33376,0.000431226,0.00225727,1,33865,33866,iter,0,1,k1,1,dynamic
50,9448,0.1,17,1,18446,18446,9.95405e-09,7722,9.977e-05,0.000476539,1,3861,3862,iter,0,1,rootk,2,dynamic
50,9448,0.1,17,1,452,452,7.21175e-26,725,9.36717e-06,2.91993e-05,1,145,146,iter,0,1,optk,5,dynamic
50,47239,0.5,11,0,0,0,0,0,0,0,0,0,0,iter,0,1,k1,1,dynamic
50,47239,0.5,11,0,0,0,0,0,0,0,0,0,0,iter,0,1,optk,23,dynamic
50,47239,0.5,11,0,0,0,0,0,0,0,0,0,0,iter,0,1,rootk,5,dynamic
50,47239,0.5,12,0,0,0,0,0,0,0,0,0,0,iter,0,1,k1,1,dynamic
50,47239,0.5,12,0,0,0,0,0,0,0,0,0,0,iter,0,1,optk,23,dynamic
50,47239,0.5,12,0,0,0,0,0,0,0,0,0,0,iter,0,1,rootk,5,dynamic
50,47239,0.5,13,0,0,0,0,0,0,0,0,0,0,iter,0,1,k1,1,dynamic
50,47239,0.5,13,0,0,0,0,0,0,0,0,0,0,iter,0,1,optk,23,dynamic
50,47239,0.5,13,0,0,0,0,0,0,0,0,0,0,iter,0,1,rootk,5,dynamic
50,47239,0.5,14,0,277,277,1.53037e-121,2162,5.58682e-06,1.64632e-05,0,0,0,iter,0,1,optk,23,dynamic
50,47239,0.5,14,0,277,277,2.42905e-07,94,2.42905e-07,7.15796e-07,0,0,0,iter,0,1,k1,1,dynamic
50,47239,0.5,14,0,277,277,2.64263e-30,470,1.21453e-06,3.57897e-06,0,0,0,iter,0,1,rootk,5,dynamic
50,47239,0.5,14,1,0,0,0,0,0,0,0,0,0,iter,0,1,k1,1,dynamic
50,47239,0.5,14,1,0,0,0,0,0,0,0,0,0,iter,0,1,optk,23,dynamic
50,47239,0.5,14,1,0,0,0,0,0,0,0,0,0,iter,0,1,rootk,5,dynamic
50,47239,0.5,15,0,7841,7841,1.65805e-23,10755,2.7792e-05,0.000101305,0,0,0,iter,0,1,rootk,5,dynamic
50,47239,0.5,15,0,7841,7841,2.83646e-90,49469,0.000127833,0.000465916,0,0,0,iter,0,1,optk,23,dynamic
50,47239,0.5,15,0,7841,7841,5.5584e-06,2151,5.5584e-06,2.02617e-05,0,0,0,iter,0,1,k1,1,dynamic
50,47239,0.5,15,1,0,0,0,0,0,0,0,0,0,iter,0,1,k1,1,dynamic
50,47239,0.5,15,1,0,0,0,0,0,0,0,0,0,iter,0,1,optk,23,dynamic
50,47239,0.5,15,1,0,0,0,0,0,0,0,0,0,iter,0,1,rootk,5,dynamic
50,47239,0.5,16,0,325226,325226,0.000269705,104371,0.000269705,0.000840064,0,0,0,iter,0,1,k1,1,dynamic
50,47239,0.5,16,0,325226,325226,1.58533e-51,2393317,0.00618457,0.019144,0,0,0,iter,0,1,optk,23,dynamic
50,47239,0.5,16,0,325226,325226,4.4471e-15,521562,0.00134777,0.00419327,0,0,0,iter,0,1,rootk,5,dynamic
50,47239,0.5,16,1,0,0,0,0,0,0,0,0,0,iter,0,1,optk,23,dynamic
50,47239,0.5,16,1,0,0,0,0,0,0,0,0,0,iter,0,1,rootk,5,dynamic
50,47239,0.5,16,1,79,79,8.01071e-08,31,8.01071e-08,2.04144e-07,0,31,31,iter,0,1,k1,1,dynamic
50,47239,0.5,17,0,6896128,6896128,0.00602194,2330382,0.00602194,0.0176624,0,0,0,iter,0,1,k1,1,dynamic
50,47239,0.5,17,0,6896128,6896128,2.3301e-08,11512388,0.0297492,0.0852472,0,0,0,iter,0,1,rootk,5,dynamic
50,47239,0.5,17,0,6896128,6896128,3.96532e-21,50194860,0.129709,0.336261,0,0,0,iter,0,1,optk,23,dynamic
50,47239,0.5,17,1,122,122,1.33495e-30,410,1.05948e-06,1.5763e-06,1,82,83,iter,0,1,rootk,5,dynamic
50,47239,0.5,17,1,122,122,6.61567e-123,1886,4.87361e-06,7.25096e-06,1,82,83,iter,0,1,optk,23,dynamic
50,47239,0.5,17,1,34836,34836,1.75254e-05,6782,1.75254e-05,9.00157e-05,1,6806,6807,iter,0,1,k1,1,dynamic
51,6,0.001,10,0,0,0,0,0,0,0,0,0,0,iter,0,1,k1,1,dynamic
51,6,0.001,10,0,0,0,0,0,0,0,0,0,0,iter,0,1,optk,1,dynamic
51,6,0.001,10,0,0,0,0,0,0,0,0,0,0,iter,0,1,rootk,1,dynamic
51,6,0.001,11,0,0,0,0,0,0,0,0,0,0,iter,0,1,k1,1,dynamic
51,6,0.001,11,0,0,0,0,0,0,0,0,0,0,iter,0,1,optk,1,dynamic
51,6,0.001,11,0,0,0,0,0,0,0,0,0,0,iter,0,1,rootk,1,dynamic
51,6,0.001,12,0,14,14,6.10352e-05,3,6.10352e-05,0.00028479,0,0,0,iter,0,1,k1,1,dynamic
51,6,0.001,12,0,14,14,6.10352e-05,3,6.10352e-05,0.00028479,0,0,0,iter,0,1,optk,1,dynamic
51,6,0.001,12,0,14,14,6.10352e-05,3,6.10352e-05,0.00028479,0,0,0,iter,0,1,rootk,1,dynamic
51,6,0.001,12,1,0,0,0,0,0,0,0,0,0,iter,0,1,k1,1,dynamic
51,6,0.001,12,1,0,0,0,0,0,0,0,0,0,iter,0,1,optk,1,dynamic
51,6,0.001,12,1,0,0,0,0,0,0,0,0,0,iter,0,1,rootk,1,dynamic
51,6,0.001,13,0,589,589,0.00628662,309,0.00628662,0.0119117,0,0,0,iter,0,1,k1,1,dynamic
51,6,0.001,13,0,589,589,0.00628662,309,0.00628662,0.0119117,0,0,0,iter,0,1,optk,1,dynamic
51,6,0.001,13,0,589,589,0.00632731,311,0.00632731,0.0119117,0,0,0,iter,0,1,rootk,1,dynamic
51,6,0.001,13,1,0,0,0,0,0,0,0,0,0,iter,0,1,k1,1,dynamic
51,6,0.001,13,1,1,1,2.03451e-05,1,2.03451e-05,2.03448e-05,0,1,1,iter,0,1,optk,1,dynamic
51,6,0.001,13,1,1,1,2.03451e-05,1,2.03451e-05,2.03448e-05,0,1,1,iter,0,1,rootk,1,dynamic
51,6,0.001,14,0,17027,17027,0.185486,9117,0.185486,0.292781,0,0,0,iter,0,1,optk,1,dynamic
51,6,0.001,14,0,17027,17027,0.185689,9127,0.185689,0.292781,0,0,0,iter,0,1,k1,1,dynamic
51,6,0.001,14,0,17027,17027,0.185811,9133,0.185811,0.292781,0,0,0,iter,0,1,rootk,1,dynamic
51,6,0.001,14,1,688,688,0.00585938,288,0.00585938,0.0138999,0,295,295,iter,0,1,k1,1,dynamic
51,6,0.001,14,1,702,702,0.00559489,275,0.00559489,0.0141807,0,283,283,iter,0,1,optk,1,dynamic
51,6,0.001,14,1,758,758,0.00616455,303,0.00616455,0.0153032,0,308,308,iter,0,1,rootk,1,dynamic
51,6,0.001,15,0,10398,10398,0.129618,6371,0.129618,0.190669,8769,1,8770,type,0,7,k1,1,dynamic
51,6,0.001,15,0,10433,10433,0.128764,6329,0.128764,0.191246,8747,1,8748,type,0,7,rootk,1,dynamic
51,6,0.001,15,0,10580,10580,0.130941,6436,0.130941,0.193661,8872,1,8873,type,0,7,optk,1,dynamic
51,6,0.001,15,0,240082,240082,0.95577,46978,0.95577,0.992437,0,0,0,iter,0,1,rootk,1,dynamic
51,6,0.001,15,0,240082,240082,0.956177,46998,0.956177,0.992437,0,0,0,iter,0,1,k1,1,dynamic
51,6,0.001,15,0,240082,240082,0.957133,47045,0.957133,0.992437,0,0,0,iter,0,1,optk,1,dynamic
51,6,0.001,15,1,75514,75514,0.309143,15195,0.309143,0.784832,0,0,0,iter,0,1,optk,1,dynamic
51,6,0.001,15,1,75574,75574,0.309611,15218,0.309611,0.785095,0,0,0,iter,0,1,k1,1,dynamic
51,6,0.001,15,1,75841,75841,0.309347,15205,0.309347,0.786259,0,0,0,iter,0,1,rootk,1,dynamic
51,56,0.01,10,0,0,0,0,0,0,0,0,0,0,iter,0,1,k1,1,dynamic
51,56,0.01,10,0,0,0,0,0,0,0,0,0,0,iter,0,1,optk,1,dynamic
51,56,0.01,10,0,0,0,0,0,0,0,0,0,0,iter,0,1,rootk,1,dynamic
51,56,0.01,11,0,0,0,0,0,0,0,0,0,0,iter,0,1,k1,1,dynamic
51,56,0.01,11,0,0,0,0,0,0,0,0,0,0,iter,0,1,optk,1,dynamic
51,56,0.01,11,0,0,0,0,0,0,0,0,0,0,iter,0,1,rootk,1,dynamic
51,56,0.01,12,0,14,14,6.53948e-06,3,6.53948e-06,3.05171e-05,0,0,0,iter,0,1,k1,1,dynamic
51,56,0.01,12,0,14,14,6.53948e-06,3,6.53948e-06,3.05171e-05,0,0,0,iter,0,1,optk,1,dynamic
51,56,0.01,12,0,14,14,6.53948e-06,3,6.53948e-06,3.05171e-05,0,0,0,iter,0,1,rootk,1,dynamic
51,56,0.01,12,1,0,0,0,0,0,0,0,0,0,iter,0,1,k1,1,dynamic
51,56,0.01,12,1,0,0,0,0,0,0,0,0,0,iter,0,1,optk,1,dynamic
51,56,0.01,12,1,0,0,0,0,0,0,0,0,0,iter,0,1,rootk,1,dynamic
51,56,0.01,13,0,589,589,0.000677926,311,0.000677926,0.00128309,0,0,0,iter,0,1,k1,1,dynamic
51,56,0.01,13,0,589,589,0.000677926,311,0.000677926,0.00128309,0,0,0,iter,0,1,optk,1,dynamic
51,56,0.01,13,0,589,589,0.000677926,311,0.000677926,0.00128309,0,0,0,iter,0,1,rootk,1,dynamic
51,56,0.01,13,1,0,0,0,0,0,0,0,0,0,iter,0,1,k1,1,dynamic
51,56,0.01,13,1,0,0,0,0,0,0,0,0,0,iter,0,1,optk,1,dynamic
51,56,0.01,13,1,0,0,0,0,0,0,0,0,0,iter,0,1,rootk,1,dynamic
51,56,0.01,14,0,17027,17027,0.0217547,9980,0.0217547,0.0364356,0,0,0,iter,0,1,k1,1,dynamic
51,56,0.01,14,0,17027,17027,0.0217787,9991,0.0217787,0.0364356,0,0,0,iter,0,1,rootk,1,dynamic
51,56,0.01,14,0,17027,17027,0.0217961,9999,0.0217961,0.0364356,0,0,0,iter,0,1,optk,1,dynamic
51,56,0.01,14,1,62,62,5.88553e-05,27,5.88553e-05,0.00013514,0,27,27,iter,0,1,optk,1,dynamic
51,56,0.01,14,1,64,64,7.19343e-05,33,7.19343e-05,0.000139499,0,33,33,iter,0,1,rootk,1,dynamic
51,56,0.01,14,1,88,88,5.23158e-05,24,5.23158e-05,0.000191806,0,24,24,iter,0,1,k1,1,dynamic
51,56,0.01,15,0,240082,240082,0.285337,130899,0.285337,0.40746,0,0,0,iter,0,1,rootk,1,dynamic
51,56,0.01,15,0,240082,240082,0.285627,131032,0.285627,0.40746,0,0,0,iter,0,1,optk,1,dynamic
51,56,0.01,15,0,240082,240082,0.285921,131167,0.285921,0.40746,0,0,0,iter,0,1,k1,1,dynamic
51,56,0.01,15,1,22445,22445,0.0117645,5397,0.0117645,0.0477486,0,0,0,iter,0,1,optk,1,dynamic
51,56,0.01,15,1,23046,23046,0.0117362,5384,0.0117362,0.0489953,0,0,0,iter,0,1,k1,1,dynamic
51,56,0.01,15,1,23125,23125,0.011795,5411,0.011795,0.0491591,0,0,0,iter,0,1,rootk,1,dynamic
51,56,0.01,15,2,2922,2922,0.00399998,1835,0.00399998,0.00634921,2476,1,2477,iter,0,1,optk,1,dynamic
51,56,0.01,15,2,2958,2958,0.00406974,1867,0.00406974,0.00642719,2544,1,2545,iter,0,1,rootk,1,dynamic
51,56,0.01,15,2,2979,2979,0.00400434,1837,0.00400434,0.00647267,2462,1,2463,iter,0,1,k1,1,dynamic
51,562,0.1,10,0,0,0,0,0,0,0,0,0,0,iter,0,1,k1,1,dynamic
51,562,0.1,10,0,0,0,0,0,0,0,0,0,0,iter,0,1,optk,4,dynamic
51,562,0.1,10,0,0,0,0,0,0,0,0,0,0,iter,0,1,rootk,2,dynamic
51,562,0.1,11,0,0,0,0,0,0,0,0,0,0,iter,0,1,k1,1,dynamic
51,562,0.1,11,0,0,0,0,0,0,0,0,0,0,iter,0,1,optk,4,dynamic
51,562,0.1,11,0,0,0,0,0,0,0,0,0,0,iter,0,1,rootk,2,dynamic
51,562,0.1,12,0,14,14,1.69844e-12,6,1.30324e-06,6.08178e-06,0,0,0,iter,0,1,rootk,2,dynamic
51,562,0.1,12,0,14,14,4.61551e-23,12,2.60648e-06,1.21635e-05,0,0,0,iter,0,1,optk,4,dynamic
51,562,0.1,12,0,14,14,6.51621e-07,3,6.51621e-07,3.04089e-06,0,0,0,iter,0,1,k1,1,dynamic
51,562,0.1,12,1,0,0,0,0,0,0,0,0,0,iter,0,1,k1,1,dynamic
51,562,0.1,12,1,0,0,0,0,0,0,0,0,0,iter,0,1,optk,4,dynamic
51,562,0.1,12,1,0,0,0,0,0,0,0,0,0,iter,0,1,rootk,2,dynamic
51,562,0.1,13,0,589,589,1.81941e-08,621,0.000134886,0.000255837,0,0,0,iter,0,1,rootk,2,dynamic
51,562,0.1,13,0,589,589,5.31349e-15,1243,0.000269988,0.000511609,0,0,0,iter,0,1,optk,4,dynamic
51,562,0.1,13,0,589,589,6.75514e-05,311,6.75514e-05,0.000127927,0,0,0,iter,0,1,k1,1,dynamic
51,562,0.1,13,1,0,0,0,0,0,0,0,0,0,iter,0,1,k1,1,dynamic
51,562,0.1,13,1,0,0,0,0,0,0,0,0,0,iter,0,1,optk,4,dynamic
51,562,0.1,13,1,0,0,0,0,0,0,0,0,0,iter,0,1,rootk,2,dynamic
51,562,0.1,14,0,17027,17027,0.00219227,10093,0.00219227,0.00369155,0,0,0,iter,0,1,k1,1,dynamic
51,562,0.1,14,0,17027,17027,1.91671e-05,20156,0.00437802,0.00736948,0,0,0,iter,0,1,rootk,2,dynamic
51,562,0.1,14,0,17027,17027,5.835e-09,40238,0.00873997,0.0146846,0,0,0,iter,0,1,optk,4,dynamic
51,562,0.1,14,1,0,0,0,0,0,0,0,0,0,iter,0,1,optk,4,dynamic
51,562,0.1,14,1,0,0,0,0,0,0,0,0,0,iter,0,1,rootk,2,dynamic
51,562,0.1,14,1,6,6,1.30324e-06,6,1.30324e-06,1.30324e-06,0,6,6,iter,0,1,k1,1,dynamic
51,562,0.1,15,0,240082,240082,0.000247686,577566,0.125451,0.188272,0,0,0,iter,0,1,optk,4,dynamic
51,562,0.1,15,0,240082,240082,0.00420174,298429,0.0648209,0.0990405,0,0,0,iter,0,1,rootk,2,dynamic
51,562,0.1,15,0,240082,240082,0.032969,151786,0.032969,0.0508111,0,0,0,iter,0,1,k1,1,dynamic
51,562,0.1,15,1,240,240,1.70316e-09,190,4.12693e-05,0.000104254,1,95,96,iter,0,1,rootk,2,dynamic
51,562,0.1,15,1,2625,2625,0.00013684,630,0.00013684,0.000570006,1,635,636,iter,0,1,k1,1,dynamic
51,562,0.1,15,1,54,54,1.06793e-18,148,3.21466e-05,4.69156e-05,1,37,38,iter,0,1,optk,4,dynamic
51,2808,0.5,10,0,0,0,0,0,0,0,0,0,0,iter,0,1,k1,1,dynamic
51,2808,0.5,10,0,0,0,0,0,0,0,0,0,0,iter,0,1,optk,18,dynamic
51,2808,0.5,10,0,0,0,0,0,0,0,0,0,0,iter,0,1,rootk,4,dynamic
51,2808,0.5,11,0,0,0,0,0,0,0,0,0,0,iter,0,1,k1,1,dynamic
51,2808,0.5,11,0,0,0,0,0,0,0,0,0,0,iter,0,1,optk,18,dynamic
51,2808,0.5,11,0,0,0,0,0,0,0,0,0,0,iter,0,1,rootk,4,dynamic
51,2808,0.5,12,0,14,14,1.30417e-07,3,1.30417e-07,6.08612e-07,0,0,0,iter,0,1,k1,1,dynamic
51,2808,0.5,12,0,14,14,4.68728e-102,54,2.34751e-06,1.0955e-05,0,0,0,iter,0,1,optk,18,dynamic
51,2808,0.5,12,0,14,14,7.40588e-26,12,5.21668e-07,2.43445e-06,0,0,0,iter,0,1,rootk,4,dynamic
51,2808,0.5,12,1,0,0,0,0,0,0,0,0,0,iter,0,1,k1,1,dynamic
51,2808,0.5,12,1,0,0,0,0,0,0,0,0,0,iter,0,1,optk,18,dynamic
51,2808,0.5,12,1,0,0,0,0,0,0,0,0,0,iter,0,1,rootk,4,dynamic
51,2808,0.5,13,0,589,589,1.35199e-05,311,1.35199e-05,2.56049e-05,0,0,0,iter,0,1,k1,1,dynamic
51,2808,0.5,13,0,589,589,8.55329e-18,1244,5.40796e-05,0.000102416,0,0,0,iter,0,1,rootk,4,dynamic
51,2808,0.5,13,0,589,589,8.93364e-66,5597,0.000243315,0.000460787,0,0,0,iter,0,1,optk,18,dynamic
51,2808,0.5,13,1,0,0,0,0,0,0,0,0,0,iter,0,1,k1,1,dynamic
51,2808,0.5,13,1,0,0,0,0,0,0,0,0,0,iter,0,1,optk,18,dynamic
51,2808,0.5,13,1,0,0,0,0,0,0,0,0,0,iter,0,1,rootk,4,dynamic
51,2808,0.5,14,0,17027,17027,0.000439158,10102,0.000439158,0.00073993,0,0,0,iter,0,1,k1,1,dynamic
51,2808,0.5,14,0,17027,17027,1.3629e-38,181195,0.00787697,0.0132353,0,0,0,iter,0,1,optk,18,dynamic
51,2808,0.5,14,0,17027,17027,9.50113e-12,40386,0.00175567,0.00295643,0,0,0,iter,0,1,rootk,4,dynamic
51,2808,0.5,14,1,0,0,0,0,0,0,0,0,0,iter,0,1,k1,1,dynamic
51,2808,0.5,14,1,0,0,0,0,0,0,0,0,0,iter,0,1,optk,18,dynamic
51,2808,0.5,14,1,0,0,0,0,0,0,0,0,0,iter,0,1,rootk,4,dynamic
51,2808,0.5,15,0,240082,240082,0.00668365,153745,0.00668365,0.0103826,0,0,0,iter,0,1,k1,1,dynamic
51,2808,0.5,15,0,240082,240082,1.008e-17,2615381,0.113697,0.171273,0,0,0,iter,0,1,optk,18,dynamic
51,2808,0.5,15,0,240082,240082,4.90545e-07,608775,0.0264649,0.0408883,0,0,0,iter,0,1,rootk,4,dynamic
51,2808,0.5,15,1,32,32,4.68728e-84,540,2.34751e-05,2.50398e-05,1,30,31,iter,0,1,optk,18,dynamic
51,2808,0.5,15,1,32,32,7.40588e-22,120,5.21668e-06,5.56444e-06,1,30,31,iter,0,1,rootk,4,dynamic
51,2808,0.5,15,1,626,626,7.3903e-06,170,7.3903e-06,2.72133e-05,1,170,171,iter,0,1,k1,1,dynamic
52,1,0.001,12,0,0,0,0,0,0,0,0,0,0,iter,0,1,k1,1,dynamic
52,1,0.001,12,0,0,0,0,0,0,0,0,0,0,iter,0,1,optk,1,dynamic
52,1,0.001,12,0,0,0,0,0,0,0,0,0,0,iter,0,1,rootk,1,dynamic
52,1,0.001,13,0,0,0,0,0,0,0,0,0,0,iter,0,1,k1,1,dynamic
52,1,0.001,13,0,0,0,0,0,0,0,0,0,0,iter,0,1,optk,1,dynamic
52,1,0.001,13,0,0,0,0,0,0,0,0,0,0,iter,0,1,rootk,1,dynamic
52,1,0.001,14,0,1,1,0.00012207,1,0.00012207,0.000122063,0,0,0,iter,0,1,k1,1,dynamic
52,1,0.001,14,0,1,1,0.00012207,1,0.00012207,0.000122063,0,0,0,iter,0,1,optk,1,dynamic
52,1,0.001,14,0,1,1,0.00012207,1,0.00012207,0.000122063,0,0,0,iter,0,1,rootk,1,dynamic
52,1,0.001,14,1,0,0,0,0,0,0,0,0,0,iter,0,1,k1,1,dynamic
52,1,0.001,14,1,0,0,0,0,0,0,0,0,0,iter,0,1,optk,1,dynamic
52,1,0.001,14,1,0,0,0,0,0,0,0,0,0,iter,0,1,rootk,1,dynamic
52,1,0.001,15,0,7,7,0.000732422,6,0.000732422,0.000854127,0,0,0,iter,0,1,k1,1,dynamic
52,1,0.001,15,0,7,7,0.000732422,6,0.000732422,0.000854127,0,0,0,iter,0,1,optk,1,dynamic
52,1,0.001,15,0,7,7,0.000732422,6,0.000732422,0.000854127,0,0,0,iter,0,1,rootk,1,dynamic
52,1,0.001,15,1,2,2,0.000244141,2,0.000244141,0.000244111,0,3,3,iter,0,1,rootk,1,dynamic
52,1,0.001,15,1,3,3,0.000244141,2,0.000244141,0.000366144,0,3,3,iter,0,1,k1,1,dynamic
52,1,0.001,15,1,6,6,0.000488281,4,0.000488281,0.000732154,0,4,4,iter,0,1,optk,1,dynamic
52,1,0.001,16,0,2667,2667,0.0970459,795,0.0970459,0.277878,0,0,0,iter,0,1,k1,1,dynamic
52,1,0.001,16,0,2667,2667,0.0979004,802,0.0979004,0.277878,0,0,0,iter,0,1,rootk,1,dynamic
52,1,0.001,16,0,2667,2667,0.0982666,805,0.0982666,0.277878,0,0,0,iter,0,1,optk,1,dynamic
52,1,0.001,16,0,760,760,0.0245361,201,0.0245361,0.0886,212,1,213,type,0,2,optk,1,dynamic
52,1,0.001,16,0,764,764,0.0246582,202,0.0246582,0.0890449,206,1,207,type,0,2,rootk,1,dynamic
52,1,0.001,16,0,809,809,0.0247803,203,0.0247803,0.0940353,211,1,212,type,0,2,k1,1,dynamic
52,1,0.001,16,1,7733,7733,0.491089,4023,0.491089,0.61092,0,0,0,iter,0,1,k1,1,dynamic
52,1,0.001,16,1,7888,7888,0.503418,4124,0.503418,0.618212,0,0,0,iter,0,1,optk,1,dynamic
52,1,0.001,16,1,7902,7902,0.498901,4087,0.498901,0.618864,0,0,0,iter,0,1,rootk,1,dynamic
52,10,0.01,12,0,0,0,0,0,0,0,0,0,0,iter,0,1,k1,1,dynamic
52,10,0.01,12,0,0,0,0,0,0,0,0,0,0,iter,0,1,optk,1,dynamic
52,10,0.01,12,0,0,0,0,0,0,0,0,0,0,iter,0,1,rootk,1,dynamic
52,10,0.01,13,0,0,0,0,0,0,0,0,0,0,iter,0,1,k1,1,dynamic
52,10,0.01,13,0,0,0,0,0,0,0,0,0,0,iter,0,1,optk,1,dynamic
52,10,0.01,13,0,0,0,0,0,0,0,0,0,0,iter,0,1,rootk,1,dynamic
52,10,0.01,14,0,1,1,1.2207e-05,1,1.2207e-05,1.2207e-05,0,0,0,iter,0,1,k1,1,dynamic
52,10,0.01,14,0,1,1,1.2207e-05,1,1.2207e-05,1.2207e-05,0,0,0,iter,0,1,optk,1,dynamic
52,10,0.01,14,0,1,1,1.2207e-05,1,1.2207e-05,1.2207e-05,0,0,0,iter,0,1,rootk,1,dynamic
52,10,0.01,14,1,0,0,0,0,0,0,0,0,0,iter,0,1,k1,1,dynamic
52,10,0.01,14,1,0,0,0,0,0,0,0,0,0,iter,0,1,optk,1,dynamic
52,10,0.01,14,1,0,0,0,0,0,0,0,0,0,iter,0,1,rootk,1,dynamic
52,10,0.01,15,0,7,7,7.32422e-05,6,7.32422e-05,8.54456e-05,0,0,0,iter,0,1,k1,1,dynamic
52,10,0.01,15,0,7,7,7.32422e-05,6,7.32422e-05,8.54456e-05,0,0,0,iter,0,1,optk,1,dynamic
52,10,0.01,15,0,7,7,7.32422e-05,6,7.32422e-05,8.54456e-05,0,0,0,iter,0,1,rootk,1,dynamic
52,10,0.01,15,1,0,0,0,0,0,0,0,0,0,iter,0,1,rootk,1,dynamic
52,10,0.01,15,1,1,1,1.2207e-05,1,1.2207e-05,1.2207e-05,0,1,1,iter,0,1,k1,1,dynamic
52,10,0.01,15,1,1,1,1.2207e-05,1,1.2207e-05,1.2207e-05,0,1,1,iter,0,1,optk,1,dynamic
52,10,0.01,16,0,2667,2667,0.0102539,840,0.0102539,0.0320319,0,0,0,iter,0,1,k1,1,dynamic
52,10,0.01,16,0,2667,2667,0.0102539,840,0.0102539,0.0320319,0,0,0,iter,0,1,optk,1,dynamic
52,10,0.01,16,0,2667,2667,0.0102661,841,0.0102661,0.0320319,0,0,0,iter,0,1,rootk,1,dynamic
52,10,0.01,16,1,789,789,0.00692139,567,0.00692139,0.00958511,1,974,975,iter,0,1,k1,1,dynamic
52,10,0.01,16,1,839,839,0.00760498,623,0.00760498,0.0101894,1,1057,1058,iter,0,1,optk,1,dynamic
52,10,0.01,16,1,874,874,0.00754395,618,0.00754395,0.0106122,1,1039,1040,iter,0,1,rootk,1,dynamic
52,98,0.1,12,0,0,0,0,0,0,0,0,0,0,iter,0,1,k1,1,dynamic
52,98,0.1,12,0,0,0,0,0,0,0,0,0,0,iter,0,1,optk,4,dynamic
52,98,0.1,12,0,0,0,0,0,0,0,0,0,0,iter,0,1,rootk,2,dynamic
52,98,0.1,13,0,0,0,0,0,0,0,0,0,0,iter,0,1,k1,1,dynamic
52,98,0.1,13,0,0,0,0,0,0,0,0,0,0,iter,0,1,optk,4,dynamic
52,98,0.1,13,0,0,0,0,0,0,0,0,0,0,iter,0,1,rootk,2,dynamic
52,98,0.1,14,0,1,1,1.24562e-06,1,1.24562e-06,1.24561e-06,0,0,0,iter,0,1,k1,1,dynamic
52,98,0.1,14,0,1,1,6.16277e-22,4,4.98246e-06,4.98245e-06,0,0,0,iter,0,1,optk,4,dynamic
52,98,0.1,14,0,1,1,6.20623e-12,2,2.49123e-06,2.49123e-06,0,0,0,iter,0,1,rootk,2,dynamic
52,98,0.1,14,1,0,0,0,0,0,0,0,0,0,iter,0,1,k1,1,dynamic
52,98,0.1,14,1,0,0,0,0,0,0,0,0,0,iter,0,1,optk,4,dynamic
52,98,0.1,14,1,0,0,0,0,0,0,0,0,0,iter,0,1,rootk,2,dynamic
52,98,0.1,15,0,7,7,2.23424e-10,12,1.49474e-05,1.74385e-05,0,0,0,iter,0,1,rootk,2,dynamic
52,98,0.1,15,0,7,7,7.47369e-06,6,7.47369e-06,8.71927e-06,0,0,0,iter,0,1,k1,1,dynamic
52,98,0.1,15,0,7,7,7.98695e-19,24,2.98948e-05,3.48766e-05,0,0,0,iter,0,1,optk,4,dynamic
52,98,0.1,15,1,0,0,0,0,0,0,0,0,0,iter,0,1,k1,1,dynamic
52,98,0.1,15,1,0,0,0,0,0,0,0,0,0,iter,0,1,optk,4,dynamic
52,98,0.1,15,1,0,0,0,0,0,0,0,0,0,iter,0,1,rootk,2,dynamic
52,98,0.1,16,0,2667,2667,0.0010513,844,0.0010513,0.00331654,0,0,0,iter,0,1,k1,1,dynamic
52,98,0.1,16,0,2667,2667,3.09759e-10,3368,0.00419523,0.0132003,0,0,0,iter,0,1,optk,4,dynamic
52,98,0.1,16,0,2667,2667,4.41045e-06,1686,0.00210011,0.00662209,0,0,0,iter,0,1,rootk,2,dynamic
52,98,0.1,16,1,132,132,0.000112105,90,0.000112105,0.000164408,1,95,96,iter,0,1,k1,1,dynamic
52,98,0.1,16,1,21,21,1.19854e-16,84,0.000104632,0.000104626,1,21,22,iter,0,1,optk,4,dynamic
52,98,0.1,16,1,21,21,2.73695e-09,42,5.23158e-05,5.23145e-05,1,21,22,iter,0,1,rootk,2,dynamic
52,488,0.5,12,0,0,0,0,0,0,0,0,0,0,iter,0,1,k1,1,dynamic
52,488,0.5,12,0,0,0,0,0,0,0,0,0,0,iter,0,1,optk,22,dynamic
52,488,0.5,12,0,0,0,0,0,0,0,0,0,0,iter,0,1,rootk,5,dynamic
52,488,0.5,13,0,0,0,0,0,0,0,0,0,0,iter,0,1,k1,1,dynamic
52,488,0.5,13,0,0,0,0,0,0,0,0,0,0,iter,0,1,optk,22,dynamic
52,488,0.5,13,0,0,0,0,0,0,0,0,0,0,iter,0,1,rootk,5,dynamic
52,488,0.5,14,0,1,1,1.96555e-116,22,5.50317e-06,5.50315e-06,0,0,0,iter,0,1,optk,22,dynamic
52,488,0.5,14,0,1,1,2.50144e-07,1,2.50144e-07,2.50144e-07,0,0,0,iter,0,1,k1,1,dynamic
52,488,0.5,14,0,1,1,3.06056e-30,5,1.25072e-06,1.25072e-06,0,0,0,iter,0,1,rootk,5,dynamic
52,488,0.5,14,1,0,0,0,0,0,0,0,0,0,iter,0,1,k1,1,dynamic
52,488,0.5,14,1,0,0,0,0,0,0,0,0,0,iter,0,1,optk,22,dynamic
52,488,0.5,14,1,0,0,0,0,0,0,0,0,0,iter,0,1,rootk,5,dynamic
52,488,0.5,15,0,7,7,1.50086e-06,6,1.50086e-06,1.75101e-06,0,0,0,iter,0,1,k1,1,dynamic
52,488,0.5,15,0,7,7,2.37989e-26,30,7.50432e-06,8.755e-06,0,0,0,iter,0,1,rootk,5,dynamic
52,488,0.5,15,0,7,7,2.58709e-99,132,3.3019e-05,3.85214e-05,0,0,0,iter,0,1,optk,22,dynamic
52,488,0.5,15,1,0,0,0,0,0,0,0,0,0,iter,0,1,k1,1,dynamic
52,488,0.5,15,1,0,0,0,0,0,0,0,0,0,iter,0,1,optk,22,dynamic
52,488,0.5,15,1,0,0,0,0,0,0,0,0,0,iter,0,1,rootk,5,dynamic
52,488,0.5,16,0,2667,2667,0.000211122,844,0.000211122,0.000666912,0,0,0,iter,0,1,k1,1,dynamic
52,488,0.5,16,0,2667,2667,1.2999e-15,4213,0.00105386,0.00333011,0,0,0,iter,0,1,rootk,5,dynamic
52,488,0.5,16,0,2667,2667,4.47575e-52,18525,0.00463392,0.0145698,0,0,0,iter,0,1,optk,22,dynamic
52,488,0.5,16,1,21,21,1.24996e-23,105,2.62651e-05,2.62648e-05,1,21,22,iter,0,1,rootk,5,dynamic
52,488,0.5,16,1,21,21,2.41162e-87,462,0.000115567,0.00011556,1,21,22,iter,0,1,optk,22,dynamic
52,488,0.5,16,1,34,34,8.25475e-06,33,8.25475e-06,8.50486e-06,1,33,34,iter,0,1,k1,1,dynamic
53,24,0.001,9,0,0,0,0,0,0,0,0,0,0,iter,0,1,k1,1,dynamic
53,24,0.001,9,0,0,0,0,0,0,0,0,0,0,iter,0,1,optk,1,dynamic
53,24,0.001,9,0,0,0,0,0,0,0,0,0,0,iter,0,1,rootk,1,dynamic
53,24,0.001,10,0,0,0,0,0,0,0,0,0,0,iter,0,1,k1,1,dynamic
53,24,0.001,10,0,0,0,0,0,0,0,0,0,0,iter,0,1,optk,1,dynamic
53,24,0.001,10,0,0,0,0,0,0,0,0,0,0,iter,0,1,rootk,1,dynamic
53,24,0.001,11,0,0,0,0,0,0,0,0,0,0,iter,0,1,k1,1,dynamic
53,24,0.001,11,0,0,0,0,0,0,0,0,0,0,iter,0,1,optk,1,dynamic
53,24,0.001,11,0,0,0,0,0,0,0,0,0,0,iter,0,1,rootk,1,dynamic
53,24,0.001,12,0,58,58,0.000239054,47,0.000239054,0.00029496,0,0,0,iter,0,1,k1,1,dynamic
53,24,0.001,12,0,58,58,0.000239054,47,0.000239054,0.00029496,0,0,0,iter,0,1,optk,1,dynamic
53,24,0.001,12,0,58,58,0.000239054,47,0.000239054,0.00029496,0,0,0,iter,0,1,rootk,1,dynamic
53,24,0.001,12,1,0,0,0,0,0,0,0,0,0,iter,0,1,k1,1,dynamic
53,24,0.001,12,1,0,0,0,0,0,0,0,0,0,iter,0,1,optk,1,dynamic
53,24,0.001,12,1,0,0,0,0,0,0,0,0,0,iter,0,1,rootk,1,dynamic
53,24,0.001,13,0,1341,1341,0.0037028,728,0.0037028,0.00679747,0,0,0,iter,0,1,k1,1,dynamic
53,24,0.001,13,0,1341,1341,0.0037028,728,0.0037028,0.00679747,0,0,0,iter,0,1,optk,1,dynamic
53,24,0.001,13,0,1341,1341,0.00371297,730,0.00371297,0.00679747,0,0,0,iter,0,1,rootk,1,dynamic
53,24,0.001,13,1,21,21,4.57764e-05,9,4.57764e-05,0.000106806,0,9,9,iter,0,1,optk,1,dynamic
53,24,0.001,13,1,25,25,7.12077e-05,14,7.12077e-05,0.000127148,0,14,14,iter,0,1,k1,1,dynamic
53,24,0.001,13,1,8,8,2.54313e-05,5,2.54313e-05,4.06893e-05,0,5,5,iter,0,1,rootk,1,dynamic
53,24,0.001,14,0,59287,59287,0.128352,25235,0.128352,0.260329,0,0,0,iter,0,1,rootk,1,dynamic
53,24,0.001,14,0,59287,59287,0.128657,25295,0.128657,0.260329,0,0,0,iter,0,1,k1,1,dynamic
53,24,0.001,14,0,59287,59287,0.12913,25388,0.12913,0.260329,0,0,0,iter,0,1,optk,1,dynamic
53,24,0.001,14,1,7379,7379,0.017451,3431,0.017451,0.036836,0,0,0,iter,0,1,optk,1,dynamic
53,24,0.001,14,1,7589,7589,0.0176799,3476,0.0176799,0.0378642,0,0,0,iter,0,1,k1,1,dynamic
53,24,0.001,14,1,7828,7828,0.0176544,3471,0.0176544,0.0390331,0,0,0,iter,0,1,rootk,1,dynamic
53,24,0.001,14,2,1011,1011,0.00228882,450,0.00228882,0.00512901,511,0,511,iter,0,1,k1,1,dynamic
53,24,0.001,14,2,1088,1088,0.00237528,467,0.00237528,0.00551857,521,0,521,iter,0,1,optk,1,dynamic
53,24,0.001,14,2,1142,1142,0.00252787,497,0.00252787,0.00579168,567,0,567,iter,0,1,rootk,1,dynamic
53,24,0.001,15,0,100808,100808,0.198675,39061,0.198675,0.401145,47481,1,47482,type,0,8,rootk,1,dynamic
53,24,0.001,15,0,101009,101009,0.1987,39066,0.1987,0.401757,47518,1,47519,type,0,8,k1,1,dynamic
53,24,0.001,15,0,102119,102119,0.199727,39268,0.199727,0.405125,47648,1,47649,type,0,8,optk,1,dynamic
53,24,0.001,15,0,1191738,1191738,0.924271,181719,0.924271,0.997669,0,0,0,iter,0,1,rootk,1,dynamic
53,24,0.001,15,0,1191738,1191738,0.924393,181743,0.924393,0.997669,0,0,0,iter,0,1,optk,1,dynamic
53,24,0.001,15,0,1191738,1191738,0.924398,181744,0.924398,0.997669,0,0,0,iter,0,1,k1,1,dynamic
53,24,0.001,15,1,783688,783688,0.684499,134578,0.684499,0.981427,0,0,0,iter,0,1,rootk,1,dynamic
53,24,0.001,15,1,784133,784133,0.685511,134777,0.685511,0.981469,0,0,0,iter,0,1,optk,1,dynamic
53,24,0.001,15,1,785096,785096,0.685455,134766,0.685455,0.981559,0,0,0,iter,0,1,k1,1,dynamic
53,242,0.01,9,0,0,0,0,0,0,0,0,0,0,iter,0,1,k1,1,dynamic
53,242,0.01,9,0,0,0,0,0,0,0,0,0,0,iter,0,1,optk,1,dynamic
53,242,0.01,9,0,0,0,0,0,0,0,0,0,0,iter,0,1,rootk,1,dynamic
53,242,0.01,10,0,0,0,0,0,0,0,0,0,0,iter,0,1,k1,1,dynamic
53,242,0.01,10,0,0,0,0,0,0,0,0,0,0,iter,0,1,optk,1,dynamic
53,242,0.01,10,0,0,0,0,0,0,0,0,0,0,iter,0,1,rootk,1,dynamic
53,242,0.01,11,0,0,0,0,0,0,0,0,0,0,iter,0,1,k1,1,dynamic
53,242,0.01,11,0,0,0,0,0,0,0,0,0,0,iter,0,1,optk,1,dynamic
53,242,0.01,11,0,0,0,0,0,0,0,0,0,0,iter,0,1,rootk,1,dynamic
53,242,0.01,12,0,58,58,2.37079e-05,47,2.37079e-05,2.92561e-05,0,0,0,iter,0,1,k1,1,dynamic
53,242,0.01,12,0,58,58,2.37079e-05,47,2.37079e-05,2.92561e-05,0,0,0,iter,0,1,optk,1,dynamic
53,242,0.01,12,0,58,58,2.37079e-05,47,2.37079e-05,2.92561e-05,0,0,0,iter,0,1,rootk,1,dynamic
53,242,0.01,12,1,0,0,0,0,0,0,0,0,0,iter,0,1,k1,1,dynamic
53,242,0.01,12,1,0,0,0,0,0,0,0,0,0,iter,0,1,optk,1,dynamic
53,242,0.01,12,1,0,0,0,0,0,0,0,0,0,iter,0,1,rootk,1,dynamic
53,242,0.01,13,0,1341,1341,0.000368229,730,0.000368229,0.000676202,0,0,0,iter,0,1,k1,1,dynamic
53,242,0.01,13,0,1341,1341,0.000368229,730,0.000368229,0.000676202,0,0,0,iter,0,1,optk,1,dynamic
53,242,0.01,13,0,1341,1341,0.000368229,730,0.000368229,0.000676202,0,0,0,iter,0,1,rootk,1,dynamic
53,242,0.01,13,1,0,0,0,0,0,0,0,0,0,iter,0,1,k1,1,dynamic
53,242,0.01,13,1,0,0,0,0,0,0,0,0,0,iter,0,1,optk,1,dynamic
53,242,0.01,13,1,1,1,5.04423e-07,1,5.04423e-07,5.04423e-07,0,1,1,iter,0,1,rootk,1,dynamic
53,242,0.01,14,0,59287,59287,0.0135649,26892,0.0135649,0.029463,0,0,0,iter,0,1,k1,1,dynamic
53,242,0.01,14,0,59287,59287,0.01357,26902,0.01357,0.029463,0,0,0,iter,0,1,rootk,1,dynamic
53,242,0.01,14,0,59287,59287,0.0135705,26903,0.0135705,0.029463,0,0,0,iter,0,1,optk,1,dynamic
53,242,0.01,14,1,729,729,0.000167973,333,0.000167973,0.000367657,0,336,336,iter,0,1,rootk,1,dynamic
53,242,0.01,14,1,854,854,0.000183105,363,0.000183105,0.000430684,0,365,365,iter,0,1,k1,1,dynamic
53,242,0.01,14,1,876,876,0.000193194,383,0.000193194,0.000441777,0,383,383,iter,0,1,optk,1,dynamic
53,242,0.01,15,0,1191738,1191738,0.226177,448387,0.226177,0.451814,0,0,0,iter,0,1,k1,1,dynamic
53,242,0.01,15,0,1191738,1191738,0.226273,448578,0.226273,0.451814,0,0,0,iter,0,1,optk,1,dynamic
53,242,0.01,15,0,1191738,1191738,0.226401,448832,0.226401,0.451814,0,0,0,iter,0,1,rootk,1,dynamic
53,242,0.01,15,1,191931,191931,0.0277856,55084,0.0277856,0.0922755,0,0,0,iter,0,1,optk,1,dynamic
53,242,0.01,15,1,192342,192342,0.0275743,54665,0.0275743,0.0924637,0,0,0,iter,0,1,k1,1,dynamic
53,242,0.01,15,1,193799,193799,0.0277947,55102,0.0277947,0.0931304,0,0,0,iter,0,1,rootk,1,dynamic
53,242,0.01,15,2,33044,33044,0.00722485,14323,0.00722485,0.01653,0,0,0,iter,0,1,rootk,1,dynamic
53,242,0.01,15,2,33555,33555,0.00716835,14211,0.00716835,0.0167835,0,0,0,iter,0,1,k1,1,dynamic
53,242,0.01,15,2,34435,34435,0.00732119,14514,0.00732119,0.0172198,0,0,0,iter,0,1,optk,1,dynamic
53,242,0.01,15,3,5836,5836,0.00101994,2022,0.00101994,0.00293948,1,2277,2278,iter,0,1,k1,1,dynamic
53,242,0.01,15,3,5949,5949,0.00100279,1988,0.00100279,0.00299631,1,2247,2248,iter,0,1,rootk,1,dynamic
53,242,0.01,15,3,6847,6847,0.000979085,1941,0.000979085,0.00344783,1,2181,2182,iter,0,1,optk,1,dynamic
53,2423,0.1,9,0,0,0,0,0,0,0,0,0,0,iter,0,1,k1,1,dynamic
53,2423,0.1,9,0,0,0,0,0,0,0,0,0,0,iter,0,1,optk,5,dynamic
53,2423,0.1,9,0,0,0,0,0,0,0,0,0,0,iter,0,1,rootk,2,dynamic
53,2423,0.1,10,0,0,0,0,0,0,0,0,0,0,iter,0,1,k1,1,dynamic
53,2423,0.1,10,0,0,0,0,0,0,0,0,0,0,iter,0,1,optk,5,dynamic
53,2423,0.1,10,0,0,0,0,0,0,0,0,0,0,iter,0,1,rootk,2,dynamic
53,2423,0.1,11,0,0,0,0,0,0,0,0,0,0,iter,0,1,k1,1,dynamic
53,2423,0.1,11,0,0,0,0,0,0,0,0,0,0,iter,0,1,optk,5,dynamic
53,2423,0.1,11,0,0,0,0,0,0,0,0,0,0,iter,0,1,rootk,2,dynamic
53,2423,0.1,12,0,58,58,2.24269e-11,94,4.7357e-06,5.84404e-06,0,0,0,iter,0,1,rootk,2,dynamic
53,2423,0.1,12,0,58,58,2.32607e-25,235,1.18393e-05,1.461e-05,0,0,0,iter,0,1,optk,5,dynamic
53,2423,0.1,12,0,58,58,2.36785e-06,47,2.36785e-06,2.92203e-06,0,0,0,iter,0,1,k1,1,dynamic
53,2423,0.1,12,1,0,0,0,0,0,0,0,0,0,iter,0,1,k1,1,dynamic
53,2423,0.1,12,1,0,0,0,0,0,0,0,0,0,iter,0,1,optk,5,dynamic
53,2423,0.1,12,1,0,0,0,0,0,0,0,0,0,iter,0,1,rootk,2,dynamic
53,2423,0.1,13,0,1341,1341,2.10256e-19,3650,0.000183886,0.00033774,0,0,0,iter,0,1,optk,5,dynamic
53,2423,0.1,13,0,1341,1341,3.67773e-05,730,3.67773e-05,6.75571e-05,0,0,0,iter,0,1,k1,1,dynamic
53,2423,0.1,13,0,1341,1341,5.41027e-09,1460,7.35545e-05,0.00013511,0,0,0,iter,0,1,rootk,2,dynamic
53,2423,0.1,13,1,0,0,0,0,0,0,0,0,0,iter,0,1,k1,1,dynamic
53,2423,0.1,13,1,0,0,0,0,0,0,0,0,0,iter,0,1,optk,5,dynamic
53,2423,0.1,13,1,0,0,0,0,0,0,0,0,0,iter,0,1,rootk,2,dynamic
53,2423,0.1,14,0,59287,59287,0.00136403,27075,0.00136403,0.00298241,0,0,0,iter,0,1,k1,1,dynamic
53,2423,0.1,14,0,59287,59287,1.45406e-11,134977,0.00680012,0.0148234,0,0,0,iter,0,1,optk,5,dynamic
53,2423,0.1,14,0,59287,59287,7.42861e-06,54100,0.00272555,0.00595593,0,0,0,iter,0,1,rootk,2,dynamic
53,2423,0.1,14,1,0,0,0,0,0,0,0,0,0,iter,0,1,optk,5,dynamic
53,2423,0.1,14,1,0,0,0,0,0,0,0,0,0,iter,0,1,rootk,2,dynamic
53,2423,0.1,14,1,73,73,2.01519e-06,40,2.01519e-06,3.67772e-06,0,40,40,iter,0,1,k1,1,dynamic
53,2423,0.1,15,0,1191738,1191738,0.00249526,991520,0.0499526,0.11315,0,0,0,iter,0,1,rootk,2,dynamic
53,2423,0.1,15,0,1191738,1191738,0.0253013,502210,0.0253013,0.0582727,0,0,0,iter,0,1,k1,1,dynamic
53,2423,0.1,15,0,1191738,1191738,2.51644e-05,2387266,0.12027,0.259328,0,0,0,iter,0,1,optk,5,dynamic
53,2423,0.1,15,1,22258,22258,0.000330341,6557,0.000330341,0.00112073,1,6636,6637,iter,0,1,k1,1,dynamic
53,2423,0.1,15,1,2374,2374,6.84321e-09,1642,8.27237e-05,0.000239175,1,821,822,iter,0,1,rootk,2,dynamic
53,2423,0.1,15,1,326,326,7.42495e-22,1180,5.94482e-05,8.21157e-05,1,236,237,iter,0,1,optk,5,dynamic
53,12114,0.5,9,0,0,0,0,0,0,0,0,0,0,iter,0,1,k1,1,dynamic
53,12114,0.5,9,0,0,0,0,0,0,0,0,0,0,iter,0,1,optk,25,dynamic
53,12114,0.5,9,0,0,0,0,0,0,0,0,0,0,iter,0,1,rootk,5,dynamic
53,12114,0.5,10,0,0,0,0,0,0,0,0,0,0,iter,0,1,k1,1,dynamic
53,12114,0.5,10,0,0,0,0,0,0,0,0,0,0,iter,0,1,optk,25,dynamic
53,12114,0.5,10,0,0,0,0,0,0,0,0,0,0,iter,0,1,rootk,5,dynamic
53,12114,0.5,11,0,0,0,0,0,0,0,0,0,0,iter,0,1,k1,1,dynamic
53,12114,0.5,11,0,0,0,0,0,0,0,0,0,0,iter,0,1,optk,25,dynamic
53,12114,0.5,11,0,0,0,0,0,0,0,0,0,0,iter,0,1,rootk,5,dynamic
53,12114,0.5,12,0,58,58,4.73609e-07,47,4.73609e-07,5.84454e-07,0,0,0,iter,0,1,k1,1,dynamic
53,12114,0.5,12,0,58,58,6.82353e-124,1175,1.18402e-05,1.46112e-05,0,0,0,iter,0,1,optk,25,dynamic
53,12114,0.5,12,0,58,58,7.44649e-29,235,2.36805e-06,2.92227e-06,0,0,0,iter,0,1,rootk,5,dynamic
53,12114,0.5,12,1,0,0,0,0,0,0,0,0,0,iter,0,1,k1,1,dynamic
53,12114,0.5,12,1,0,0,0,0,0,0,0,0,0,iter,0,1,optk,25,dynamic
53,12114,0.5,12,1,0,0,0,0,0,0,0,0,0,iter,0,1,rootk,5,dynamic
53,12114,0.5,13,0,1341,1341,4.10624e-94,18248,0.000183881,0.000337768,0,0,0,iter,0,1,optk,25,dynamic
53,12114,0.5,13,0,1341,1341,6.72174e-23,3649,3.67702e-05,6.75626e-05,0,0,0,iter,0,1,rootk,5,dynamic
53,12114,0.5,13,0,1341,1341,7.35606e-06,730,7.35606e-06,1.35129e-05,0,0,0,iter,0,1,k1,1,dynamic
53,12114,0.5,13,1,0,0,0,0,0,0,0,0,0,iter,0,1,k1,1,dynamic
53,12114,0.5,13,1,0,0,0,0,0,0,0,0,0,iter,0,1,optk,25,dynamic
53,12114,0.5,13,1,0,0,0,0,0,0,0,0,0,iter,0,1,rootk,5,dynamic
53,12114,0.5,14,0,59287,59287,0.000273011,27093,0.000273011,0.000597245,0,0,0,iter,0,1,k1,1,dynamic
53,12114,0.5,14,0,59287,59287,4.72499e-15,135381,0.00136421,0.00298266,0,0,0,iter,0,1,rootk,5,dynamic
53,12114,0.5,14,0,59287,59287,6.55622e-55,675062,0.00680246,0.0148246,0,0,0,iter,0,1,optk,25,dynamic
53,12114,0.5,14,1,0,0,0,0,0,0,0,0,0,iter,0,1,optk,25,dynamic
53,12114,0.5,14,1,0,0,0,0,0,0,0,0,0,iter,0,1,rootk,5,dynamic
53,12114,0.5,14,1,10,10,1.00768e-07,10,1.00768e-07,1.00768e-07,0,10,10,iter,0,1,k1,1,dynamic
53,12114,0.5,15,0,1191738,1191738,0.00511278,507381,0.00511278,0.0119371,0,0,0,iter,0,1,k1,1,dynamic
53,12114,0.5,15,0,1191738,1191738,1.0078e-23,11934727,0.120264,0.259347,0,0,0,iter,0,1,optk,25,dynamic
53,12114,0.5,15,0,1191738,1191738,1.03808e-08,2511446,0.0253073,0.0582774,0,0,0,iter,0,1,rootk,5,dynamic
53,12114,0.5,15,1,299,299,1.8723e-25,1125,1.13364e-05,1.50647e-05,1,225,226,iter,0,1,rootk,5,dynamic
53,12114,0.5,15,1,299,299,6.85686e-107,5625,5.6682e-05,7.53212e-05,1,225,226,iter,0,1,optk,25,dynamic
53,12114,0.5,15,1,4899,4899,1.4964e-05,1485,1.4964e-05,4.9365e-05,1,1487,1488,iter,0,1,k1,1,dynamic
54,33,0.001,10,0,0,0,0,0,0,0,0,0,0,iter,0,1,k1,1,dynamic
54,33,0.001,10,0,0,0,0,0,0,0,0,0,0,iter,0,1,optk,1,dynamic
54,33,0.001,10,0,0,0,0,0,0,0,0,0,0,iter,0,1,rootk,1,dynamic
54,33,0.001,11,0,0,0,0,0,0,0,0,0,0,iter,0,1,k1,1,dynamic
54,33,0.001,11,0,0,0,0,0,0,0,0,0,0,iter,0,1,optk,1,dynamic
54,33,0.001,11,0,0,0,0,0,0,0,0,0,0,iter,0,1,rootk,1,dynamic
54,33,0.001,12,0,0,0,0,0,0,0,0,0,0,iter,0,1,k1,1,dynamic
54,33,0.001,12,0,0,0,0,0,0,0,0,0,0,iter,0,1,optk,1,dynamic
54,33,0.001,12,0,0,0,0,0,0,0,0,0,0,iter,0,1,rootk,1,dynamic
54,33,0.001,13,0,9,9,1.47964e-05,4,1.47964e-05,3.32913e-05,0,0,0,iter,0,1,k1,1,dynamic
54,33,0.001,13,0,9,9,1.47964e-05,4,1.47964e-05,3.32913e-05,0,0,0,iter,0,1,optk,1,dynamic
54,33,0.001,13,0,9,9,1.47964e-05,4,1.47964e-05,3.32913e-05,0,0,0,iter,0,1,rootk,1,dynamic
54,33,0.001,13,1,0,0,0,0,0,0,0,0,0,iter,0,1,k1,1,dynamic
54,33,0.001,13,1,0,0,0,0,0,0,0,0,0,iter,0,1,optk,1,dynamic
54,33,0.001,13,1,0,0,0,0,0,0,0,0,0,iter,0,1,rootk,1,dynamic
54,33,0.001,14,0,1339,1339,0.00274843,743,0.00274843,0.00494085,0,0,0,iter,0,1,optk,1,dynamic
54,33,0.001,14,0,1339,1339,0.00275213,744,0.00275213,0.00494085,0,0,0,iter,0,1,k1,1,dynamic
54,33,0.001,14,0,1339,1339,0.00275213,744,0.00275213,0.00494085,0,0,0,iter,0,1,rootk,1,dynamic
54,33,0.001,14,1,1,1,3.6991e-06,1,3.6991e-06,3.69909e-06,0,1,1,iter,0,1,optk,1,dynamic
54,33,0.001,14,1,1,1,3.6991e-06,1,3.6991e-06,3.69909e-06,0,1,1,iter,0,1,rootk,1,dynamic
54,33,0.001,14,1,7,7,1.47964e-05,4,1.47964e-05,2.58934e-05,0,4,4,iter,0,1,k1,1,dynamic
54,33,0.001,15,0,77018,77018,0.127349,34427,0.127349,0.247909,0,0,0,iter,0,1,optk,1,dynamic
54,33,0.001,15,0,77018,77018,0.127412,34444,0.127412,0.247909,0,0,0,iter,0,1,k1,1,dynamic
54,33,0.001,15,0,77018,77018,0.127715,34526,0.127715,0.247909,0,0,0,iter,0,1,rootk,1,dynamic
54,33,0.001,15,1,3835,3835,0.00510476,1380,0.00510476,0.0140859,0,1427,1427,iter,0,1,k1,1,dynamic
54,33,0.001,15,1,3848,3848,0.00503448,1361,0.00503448,0.0141333,0,1411,1411,iter,0,1,optk,1,dynamic
54,33,0.001,15,1,3902,3902,0.00526752,1424,0.00526752,0.0143302,0,1470,1470,iter,0,1,rootk,1,dynamic
54,33,0.001,16,0,1759349,1759349,0.947406,256118,0.947406,0.998509,0,0,0,iter,0,1,rootk,1,dynamic
54,33,0.001,16,0,1759349,1759349,0.947532,256152,0.947532,0.998509,0,0,0,iter,0,1,k1,1,dynamic
54,33,0.001,16,0,1759349,1759349,0.948083,256301,0.948083,0.998509,0,0,0,iter,0,1,optk,1,dynamic
54,33,0.001,16,0,81380,81380,0.129332,34963,0.129332,0.259946,45553,1,45554,type,0,8,optk,1,dynamic
54,33,0.001,16,0,81383,81383,0.129465,34999,0.129465,0.259955,45495,1,45496,type,0,8,rootk,1,dynamic
54,33,0.001,16,0,81991,81991,0.129949,35130,0.129949,0.261617,45715,1,45716,type,0,8,k1,1,dynamic
54,33,0.001,16,1,578773,578773,0.377793,102131,0.377793,0.882456,0,0,0,iter,0,1,optk,1,dynamic
54,33,0.001,16,1,579786,579786,0.377637,102089,0.377637,0.882895,0,0,0,iter,0,1,rootk,1,dynamic
54,33,0.001,16,1,580424,580424,0.377471,102044,0.377471,0.883171,0,0,0,iter,0,1,k1,1,dynamic
54,328,0.01,10,0,0,0,0,0,0,0,0,0,0,iter,0,1,k1,1,dynamic
54,328,0.01,10,0,0,0,0,0,0,0,0,0,0,iter,0,1,optk,1,dynamic
54,328,0.01,10,0,0,0,0,0,0,0,0,0,0,iter,0,1,rootk,1,dynamic
54,328,0.01,11,0,0,0,0,0,0,0,0,0,0,iter,0,1,k1,1,dynamic
54,328,0.01,11,0,0,0,0,0,0,0,0,0,0,iter,0,1,optk,1,dynamic
54,328,0.01,11,0,0,0,0,0,0,0,0,0,0,iter,0,1,rootk,1,dynamic
54,328,0.01,12,0,0,0,0,0,0,0,0,0,0,iter,0,1,k1,1,dynamic
54,328,0.01,12,0,0,0,0,0,0,0,0,0,0,iter,0,1,optk,1,dynamic
54,328,0.01,12,0,0,0,0,0,0,0,0,0,0,iter,0,1,rootk,1,dynamic
54,328,0.01,13,0,9,9,1.48866e-06,4,1.48866e-06,3.34948e-06,0,0,0,iter,0,1,k1,1,dynamic
54,328,0.01,13,0,9,9,1.48866e-06,4,1.48866e-06,3.34948e-06,0,0,0,iter,0,1,optk,1,dynamic
54,328,0.01,13,0,9,9,1.48866e-06,4,1.48866e-06,3.34948e-06,0,0,0,iter,0,1,rootk,1,dynamic
54,328,0.01,13,1,0,0,0,0,0,0,0,0,0,iter,0,1,k1,1,dynamic
54,328,0.01,13,1,0,0,0,0,0,0,0,0,0,iter,0,1,optk,1,dynamic
54,328,0.01,13,1,0,0,0,0,0,0,0,0,0,iter,0,1,rootk,1,dynamic
54,328,0.01,14,0,1339,1339,0.000276519,743,0.000276519,0.000498206,0,0,0,iter,0,1,k1,1,dynamic
54,328,0.01,14,0,1339,1339,0.000276891,744,0.000276891,0.000498206,0,0,0,iter,0,1,optk,1,dynamic
54,328,0.01,14,0,1339,1339,0.000276891,744,0.000276891,0.000498206,0,0,0,iter,0,1,rootk,1,dynamic
54,328,0.01,14,1,0,0,0,0,0,0,0,0,0,iter,0,1,k1,1,dynamic
54,328,0.01,14,1,0,0,0,0,0,0,0,0,0,iter,0,1,optk,1,dynamic
54,328,0.01,14,1,1,1,3.72166e-07,1,3.72166e-07,3.72166e-07,0,1,1,iter,0,1,rootk,1,dynamic
54,328,0.01,15,0,77018,77018,0.0136246,36609,0.0136246,0.0282565,0,0,0,iter,0,1,k1,1,dynamic
54,328,0.01,15,0,77018,77018,0.0136358,36639,0.0136358,0.0282565,0,0,0,iter,0,1,rootk,1,dynamic
54,328,0.01,15,0,77018,77018,0.0136391,36648,0.0136391,0.0282565,0,0,0,iter,0,1,optk,1,dynamic
54,328,0.01,15,1,340,340,4.76372e-05,128,4.76372e-05,0.000126528,0,128,128,iter,0,1,optk,1,dynamic
54,328,0.01,15,1,458,458,6.62455e-05,178,6.62455e-05,0.000170437,0,180,180,iter,0,1,rootk,1,dynamic
54,328,0.01,15,1,564,564,6.25238e-05,168,6.25238e-05,0.000209879,0,168,168,iter,0,1,k1,1,dynamic
54,328,0.01,16,0,1759349,1759349,0.256858,690170,0.256858,0.480438,0,0,0,iter,0,1,k1,1,dynamic
54,328,0.01,16,0,1759349,1759349,0.257009,690577,0.257009,0.480438,0,0,0,iter,0,1,optk,1,dynamic
54,328,0.01,16,0,1759349,1759349,0.257082,690774,0.257082,0.480438,0,0,0,iter,0,1,rootk,1,dynamic
54,328,0.01,16,1,157391,157391,0.0128792,34606,0.0128792,0.056893,0,0,0,iter,0,1,k1,1,dynamic
54,328,0.01,16,1,157551,157551,0.0128539,34538,0.0128539,0.0569491,0,0,0,iter,0,1,rootk,1,dynamic
54,328,0.01,16,1,158600,158600,0.0128751,34595,0.0128751,0.0573172,0,0,0,iter,0,1,optk,1,dynamic
54,328,0.01,16,2,22348,22348,0.00384745,10338,0.00384745,0.00828266,13381,1,13382,iter,0,1,optk,1,dynamic
54,328,0.01,16,2,22832,22832,0.00384521,10332,0.00384521,0.00846128,13423,1,13424,iter,0,1,rootk,1,dynamic
54,328,0.01,16,2,23095,23095,0.00378381,10167,0.00378381,0.00855833,13220,1,13221,iter,0,1,k1,1,dynamic
54,3283,0.1,10,0,0,0,0,0,0,0,0,0,0,iter,0,1,k1,1,dynamic
54,3283,0.1,10,0,0,0,0,0,0,0,0,0,0,iter,0,1,optk,5,dynamic
54,3283,0.1,10,0,0,0,0,0,0,0,0,0,0,iter,0,1,rootk,2,dynamic
54,3283,0.1,11,0,0,0,0,0,0,0,0,0,0,iter,0,1,k1,1,dynamic
54,3283,0.1,11,0,0,0,0,0,0,0,0,0,0,iter,0,1,optk,5,dynamic
54,3283,0.1,11,0,0,0,0,0,0,0,0,0,0,iter,0,1,rootk,2,dynamic
54,3283,0.1,12,0,0,0,0,0,0,0,0,0,0,iter,0,1,k1,1,dynamic
54,3283,0.1,12,0,0,0,0,0,0,0,0,0,0,iter,0,1,optk,5,dynamic
54,3283,0.1,12,0,0,0,0,0,0,0,0,0,0,iter,0,1,rootk,2,dynamic
54,3283,0.1,13,0,9,9,1.4873e-07,4,1.4873e-07,3.34643e-07,0,0,0,iter,0,1,k1,1,dynamic
54,3283,0.1,13,0,9,9,2.27429e-31,20,7.43651e-07,1.67321e-06,0,0,0,iter,0,1,optk,5,dynamic
54,3283,0.1,13,0,9,9,8.84827e-14,8,2.9746e-07,6.69286e-07,0,0,0,iter,0,1,rootk,2,dynamic
54,3283,0.1,13,1,0,0,0,0,0,0,0,0,0,iter,0,1,k1,1,dynamic
54,3283,0.1,13,1,0,0,0,0,0,0,0,0,0,iter,0,1,optk,5,dynamic
54,3283,0.1,13,1,0,0,0,0,0,0,0,0,0,iter,0,1,rootk,2,dynamic
54,3283,0.1,14,0,1339,1339,2.76638e-05,744,2.76638e-05,4.97862e-05,0,0,0,iter,0,1,k1,1,dynamic
54,3283,0.1,14,0,1339,1339,3.06115e-09,1488,5.53276e-05,9.95699e-05,0,0,0,iter,0,1,rootk,2,dynamic
54,3283,0.1,14,0,1339,1339,5.06303e-20,3720,0.000138319,0.000248906,0,0,0,iter,0,1,optk,5,dynamic
54,3283,0.1,14,1,0,0,0,0,0,0,0,0,0,iter,0,1,k1,1,dynamic
54,3283,0.1,14,1,0,0,0,0,0,0,0,0,0,iter,0,1,optk,5,dynamic
54,3283,0.1,14,1,0,0,0,0,0,0,0,0,0,iter,0,1,rootk,2,dynamic
54,3283,0.1,15,0,77018,77018,0.00136981,36840,0.00136981,0.00285963,0,0,0,iter,0,1,k1,1,dynamic
54,3283,0.1,15,0,77018,77018,1.48717e-11,183710,0.00683081,0.0142166,0,0,0,iter,0,1,optk,5,dynamic
54,3283,0.1,15,0,77018,77018,7.49711e-06,73639,0.00273809,0.00571108,0,0,0,iter,0,1,rootk,2,dynamic
54,3283,0.1,15,1,0,0,0,0,0,0,0,0,0,iter,0,1,optk,5,dynamic
54,3283,0.1,15,1,0,0,0,0,0,0,0,0,0,iter,0,1,rootk,2,dynamic
54,3283,0.1,15,1,35,35,4.46191e-07,12,4.46191e-07,1.30139e-06,0,12,12,iter,0,1,k1,1,dynamic
54,3283,0.1,16,0,1759349,1759349,0.00332113,1549900,0.0576292,0.122637,0,0,0,iter,0,1,rootk,2,dynamic
54,3283,0.1,16,0,1759349,1759349,0.0292469,786575,0.0292469,0.0633233,0,0,0,iter,0,1,k1,1,dynamic
54,3283,0.1,16,0,1759349,1759349,4.99406e-05,3709809,0.13794,0.278978,0,0,0,iter,0,1,optk,5,dynamic
54,3283,0.1,16,1,17559,17559,0.000149251,4014,0.000149251,0.000652675,1,4029,4030,iter,0,1,k1,1,dynamic
54,3283,0.1,16,1,2109,2109,1.21124e-09,936,3.48029e-05,0.000156824,1,468,469,iter,0,1,rootk,2,dynamic
54,3283,0.1,16,1,22,22,7.27773e-30,40,1.4873e-06,4.09007e-06,1,8,9,iter,0,1,optk,5,dynamic
54,16417,0.5,10,0,0,0,0,0,0,0,0,0,0,iter,0,1,k1,1,dynamic
54,16417,0.5,10,0,0,0,0,0,0,0,0,0,0,iter,0,1,optk,23,dynamic
54,16417,0.5,10,0,0,0,0,0,0,0,0,0,0,iter,0,1,rootk,5,dynamic
54,16417,0.5,11,0,0,0,0,0,0,0,0,0,0,iter,0,1,k1,1,dynamic
54,16417,0.5,11,0,0,0,0,0,0,0,0,0,0,iter,0,1,optk,23,dynamic
54,16417,0.5,11,0,0,0,0,0,0,0,0,0,0,iter,0,1,rootk,5,dynamic
54,16417,0.5,12,0,0,0,0,0,0,0,0,0,0,iter,0,1,k1,1,dynamic
54,16417,0.5,12,0,0,0,0,0,0,0,0,0,0,iter,0,1,optk,23,dynamic
54,16417,0.5,12,0,0,0,0,0,0,0,0,0,0,iter,0,1,rootk,5,dynamic
54,16417,0.5,13,0,9,9,1.61211e-142,92,6.84076e-07,1.53917e-06,0,0,0,iter,0,1,optk,23,dynamic
54,16417,0.5,13,0,9,9,2.97424e-08,4,2.97424e-08,6.69204e-08,0,0,0,iter,0,1,k1,1,dynamic
54,16417,0.5,13,0,9,9,7.2733e-35,20,1.48712e-07,3.34602e-07,0,0,0,iter,0,1,rootk,5,dynamic
54,16417,0.5,13,1,0,0,0,0,0,0,0,0,0,iter,0,1,k1,1,dynamic
54,16417,0.5,13,1,0,0,0,0,0,0,0,0,0,iter,0,1,optk,23,dynamic
54,16417,0.5,13,1,0,0,0,0,0,0,0,0,0,iter,0,1,rootk,5,dynamic
54,16417,0.5,14,0,1339,1339,1.61918e-23,3720,2.76604e-05,4.97801e-05,0,0,0,iter,0,1,rootk,5,dynamic
54,16417,0.5,14,0,1339,1339,2.54453e-90,17111,0.000127231,0.000228968,0,0,0,iter,0,1,optk,23,dynamic
54,16417,0.5,14,0,1339,1339,5.53209e-06,744,5.53209e-06,9.95622e-06,0,0,0,iter,0,1,k1,1,dynamic
54,16417,0.5,14,1,0,0,0,0,0,0,0,0,0,iter,0,1,k1,1,dynamic
54,16417,0.5,14,1,0,0,0,0,0,0,0,0,0,iter,0,1,optk,23,dynamic
54,16417,0.5,14,1,0,0,0,0,0,0,0,0,0,iter,0,1,rootk,5,dynamic
54,16417,0.5,15,0,77018,77018,0.000274069,36859,0.000274069,0.000572511,0,0,0,iter,0,1,k1,1,dynamic
54,16417,0.5,15,0,77018,77018,2.29711e-51,845271,0.0062851,0.0130852,0,0,0,iter,0,1,optk,23,dynamic
54,16417,0.5,15,0,77018,77018,4.82491e-15,184239,0.00136993,0.00285928,0,0,0,iter,0,1,rootk,5,dynamic
54,16417,0.5,15,1,0,0,0,0,0,0,0,0,0,iter,0,1,optk,23,dynamic
54,16417,0.5,15,1,0,0,0,0,0,0,0,0,0,iter,0,1,rootk,5,dynamic
54,16417,0.5,15,1,9,9,2.23068e-08,3,2.23068e-08,6.69204e-08,0,3,3,iter,0,1,k1,1,dynamic
54,16417,0.5,16,0,1759349,1759349,0.00591734,795812,0.00591734,0.0129966,0,0,0,iter,0,1,k1,1,dynamic
54,16417,0.5,16,0,1759349,1759349,2.13872e-08,3932913,0.0292436,0.0633158,0,0,0,iter,0,1,rootk,5,dynamic
54,16417,0.5,16,0,1759349,1759349,2.72984e-21,17163377,0.12762,0.259835,0,0,0,iter,0,1,optk,23,dynamic
54,16417,0.5,16,1,3298,3298,6.08976e-06,819,6.08976e-06,2.45223e-05,1,820,821,iter,0,1,k1,1,dynamic
54,16417,0.5,16,1,4,4,1.61211e-142,92,6.84076e-07,6.84075e-07,1,4,5,iter,0,1,optk,23,dynamic
54,16417,0.5,16,1,4,4,7.2733e-35,20,1.48712e-07,1.48712e-07,1,4,5,iter,0,1,rootk,5,dynamic
55,1,0.001,10,0,0,0,0,0,0,0,0,0,0,iter,0,1,k1,1,dynamic
55,1,0.001,10,0,0,0,0,0,0,0,0,0,0,iter,0,1,optk,1,dynamic
55,1,0.001,10,0,0,0,0,0,0,0,0,0,0,iter,0,1,rootk,1,dynamic
55,1,0.001,11,0,0,0,0,0,0,0,0,0,0,iter,0,1,k1,1,dynamic
55,1,0.001,11,0,0,0,0,0,0,0,0,0,0,iter,0,1,optk,1,dynamic
55,1,0.001,11,0,0,0,0,0,0,0,0,0,0,iter,0,1,rootk,1,dynamic
55,1,0.001,12,0,0,0,0,0,0,0,0,0,0,iter,0,1,k1,1,dynamic
55,1,0.001,12,0,0,0,0,0,0,0,0,0,0,iter,0,1,optk,1,dynamic
55,1,0.001,12,0,0,0,0,0,0,0,0,0,0,iter,0,1,rootk,1,dynamic
55,1,0.001,13,0,59,59,0.00537109,44,0.00537109,0.00717628,0,0,0,iter,0,1,optk,1,dynamic
55,1,0.001,13,0,59,59,0.00549316,45,0.00549316,0.00717628,0,0,0,iter,0,1,k1,1,dynamic
55,1,0.001,13,0,59,59,0.00549316,45,0.00549316,0.00717628,0,0,0,iter,0,1,rootk,1,dynamic
55,1,0.001,13,1,0,0,0,0,0,0,0,0,0,iter,0,1,k1,1,dynamic
55,1,0.001,13,1,0,0,0,0,0,0,0,0,0,iter,0,1,rootk,1,dynamic
55,1,0.001,13,1,2,2,0.00012207,1,0.00012207,0.000244111,0,1,1,iter,0,1,optk,1,dynamic
55,1,0.001,14,0,16373,16373,0.801147,6563,0.801147,0.864483,0,0,0,iter,0,1,k1,1,dynamic
55,1,0.001,14,0,16373,16373,0.804688,6592,0.804688,0.864483,0,0,0,iter,0,1,rootk,1,dynamic
55,1,0.001,14,0,16373,16373,0.806885,6610,0.806885,0.864483,0,0,0,iter,0,1,optk,1,dynamic
55,1,0.001,14,1,130,130,0.00769043,63,0.00769043,0.0157439,1,64,65,iter,0,1,optk,1,dynamic
55,1,0.001,14,1,130,130,0.00793457,65,0.00793457,0.0157439,1,65,66,iter,0,1,rootk,1,dynamic
55,1,0.001,14,1,131,131,0.00793457,65,0.00793457,0.015864,1,65,66,iter,0,1,k1,1,dynamic
55,5,0.01,10,0,0,0,0,0,0,0,0,0,0,iter,0,1,k1,1,dynamic
55,5,0.01,10,0,0,0,0,0,0,0,0,0,0,iter,0,1,optk,1,dynamic
55,5,0.01,10,0,0,0,0,0,0,0,0,0,0,iter,0,1,rootk,1,dynamic
55,5,0.01,11,0,0,0,0,0,0,0,0,0,0,iter,0,1,k1,1,dynamic
55,5,0.01,11,0,0,0,0,0,0,0,0,0,0,iter,0,1,optk,1,dynamic
55,5,0.01,11,0,0,0,0,0,0,0,0,0,0,iter,0,1,rootk,1,dynamic
55,5,0.01,12,0,0,0,0,0,0,0,0,0,0,iter,0,1,k1,1,dynamic
55,5,0.01,12,0,0,0,0,0,0,0,0,0,0,iter,0,1,optk,1,dynamic
55,5,0.01,12,0,0,0,0,0,0,0,0,0,0,iter,0,1,rootk,1,dynamic
55,5,0.01,13,0,59,59,0.00109863,45,0.00109863,0.00143939,0,0,0,iter,0,1,k1,1,dynamic
55,5,0.01,13,0,59,59,0.00109863,45,0.00109863,0.00143939,0,0,0,iter,0,1,optk,1,dynamic
55,5,0.01,13,0,59,59,0.00109863,45,0.00109863,0.00143939,0,0,0,iter,0,1,rootk,1,dynamic
55,5,0.01,13,1,0,0,0,0,0,0,0,0,0,iter,0,1,k1,1,dynamic
55,5,0.01,13,1,0,0,0,0,0,0,0,0,0,iter,0,1,optk,1,dynamic
55,5,0.01,13,1,0,0,0,0,0,0,0,0,0,iter,0,1,rootk,1,dynamic
55,5,0.01,14,0,16373,16373,0.27583,11298,0.27583,0.3295,0,0,0,iter,0,1,rootk,1,dynamic
55,5,0.01,14,0,16373,16373,0.277759,11377,0.277759,0.3295,0,0,0,iter,0,1,k1,1,dynamic
55,5,0.01,14,0,16373,16373,0.278174,11394,0.278174,0.3295,0,0,0,iter,0,1,optk,1,dynamic
55,5,0.01,14,1,28,28,0.000390625,16,0.000390625,0.00068336,1,16,17,iter,0,1,optk,1,dynamic
55,5,0.01,14,1,41,41,0.000512695,21,0.000512695,0.00100048,1,21,22,iter,0,1,rootk,1,dynamic
55,5,0.01,14,1,48,48,0.000463867,19,0.000463867,0.00117119,1,19,20,iter,0,1,k1,1,dynamic
55,46,0.1,10,0,0,0,0,0,0,0,0,0,0,iter,0,1,k1,1,dynamic
55,46,0.1,10,0,0,0,0,0,0,0,0,0,0,iter,0,1,optk,1,dynamic
55,46,0.1,10,0,0,0,0,0,0,0,0,0,0,iter,0,1,rootk,1,dynamic
55,46,0.1,11,0,0,0,0,0,0,0,0,0,0,iter,0,1,k1,1,dynamic
55,46,0.1,11,0,0,0,0,0,0,0,0,0,0,iter,0,1,optk,1,dynamic
55,46,0.1,11,0,0,0,0,0,0,0,0,0,0,iter,0,1,rootk,1,dynamic
55,46,0.1,12,0,0,0,0,0,0,0,0,0,0,iter,0,1,k1,1,dynamic
55,46,0.1,12,0,0,0,0,0,0,0,0,0,0,iter,0,1,optk,1,dynamic
55,46,0.1,12,0,0,0,0,0,0,0,0,0,0,iter,0,1,rootk,1,dynamic
55,46,0.1,13,0,59,59,0.000119417,45,0.000119417,0.000156556,0,0,0,iter,0,1,k1,1,dynamic
55,46,0.1,13,0,59,59,0.000119417,45,0.000119417,0.000156556,0,0,0,iter,0,1,optk,1,dynamic
55,46,0.1,13,0,59,59,0.000119417,45,0.000119417,0.000156556,0,0,0,iter,0,1,rootk,1,dynamic
55,46,0.1,13,1,0,0,0,0,0,0,0,0,0,iter,0,1,k1,1,dynamic
55,46,0.1,13,1,0,0,0,0,0,0,0,0,0,iter,0,1,optk,1,dynamic
55,46,0.1,13,1,0,0,0,0,0,0,0,0,0,iter,0,1,rootk,1,dynamic
55,46,0.1,14,0,16373,16373,0.0346175,13045,0.0346175,0.0425187,0,0,0,iter,0,1,optk,1,dynamic
55,46,0.1,14,0,16373,16373,0.0346335,13051,0.0346335,0.0425187,0,0,0,iter,0,1,k1,1,dynamic
55,46,0.1,14,0,16373,16373,0.034668,13064,0.034668,0.0425187,0,0,0,iter,0,1,rootk,1,dynamic
55,46,0.1,14,1,18,18,1.06148e-05,4,1.06148e-05,4.77655e-05,1,4,5,iter,0,1,optk,1,dynamic
55,46,0.1,14,1,21,21,1.59222e-05,6,1.59222e-05,5.57262e-05,1,6,7,iter,0,1,k1,1,dynamic
55,46,0.1,14,1,5,5,1.32685e-05,5,1.32685e-05,1.32684e-05,1,5,6,iter,0,1,rootk,1,dynamic
55,232,0.5,10,0,0,0,0,0,0,0,0,0,0,iter,0,1,k1,1,dynamic
55,232,0.5,10,0,0,0,0,0,0,0,0,0,0,iter,0,1,optk,2,dynamic
55,232,0.5,10,0,0,0,0,0,0,0,0,0,0,iter,0,1,rootk,1,dynamic
55,232,0.5,11,0,0,0,0,0,0,0,0,0,0,iter,0,1,k1,1,dynamic
55,232,0.5,11,0,0,0,0,0,0,0,0,0,0,iter,0,1,optk,2,dynamic
55,232,0.5,11,0,0,0,0,0,0,0,0,0,0,iter,0,1,rootk,1,dynamic
55,232,0.5,12,0,0,0,0,0,0,0,0,0,0,iter,0,1,k1,1,dynamic
55,232,0.5,12,0,0,0,0,0,0,0,0,0,0,iter,0,1,optk,2,dynamic
55,232,0.5,12,0,0,0,0,0,0,0,0,0,0,iter,0,1,rootk,1,dynamic
55,232,0.5,13,0,59,59,2.24248e-09,90,4.73549e-05,6.20856e-05,0,0,0,iter,0,1,optk,2,dynamic
55,232,0.5,13,0,59,59,2.36774e-05,45,2.36774e-05,3.10433e-05,0,0,0,iter,0,1,k1,1,dynamic
55,232,0.5,13,0,59,59,2.36774e-05,45,2.36774e-05,3.10433e-05,0,0,0,iter,0,1,rootk,1,dynamic
55,232,0.5,13,1,0,0,0,0,0,0,0,0,0,iter,0,1,k1,1,dynamic
55,232,0.5,13,1,0,0,0,0,0,0,0,0,0,iter,0,1,optk,2,dynamic
55,232,0.5,13,1,0,0,0,0,0,0,0,0,0,iter,0,1,rootk,1,dynamic
55,232,0.5,14,0,16373,16373,0.000192705,26383,0.0138818,0.0170822,0,0,0,iter,0,1,optk,2,dynamic
55,232,0.5,14,0,16373,16373,0.00696169,13231,0.00696169,0.0085779,0,0,0,iter,0,1,k1,1,dynamic
55,232,0.5,14,0,16373,16373,0.006968,13243,0.006968,0.0085779,0,0,0,iter,0,1,rootk,1,dynamic
55,232,0.5,14,1,2,2,1.05233e-06,2,1.05233e-06,1.05233e-06,1,2,3,iter,0,1,k1,1,dynamic
55,232,0.5,14,1,2,2,1.05233e-06,2,1.05233e-06,1.05233e-06,1,2,3,iter,0,1,rootk,1,dynamic
55,232,0.5,14,1,2,2,4.4296e-12,4,2.10466e-06,2.10466e-06,1,2,3,iter,0,1,optk,2,dynamic
56,7,0.001,11,0,0,0,0,0,0,0,0,0,0,iter,0,1,k1,1,dynamic
56,7,0.001,11,0,0,0,0,0,0,0,0,0,0,iter,0,1,optk,1,dynamic
56,7,0.001,11,0,0,0,0,0,0,0,0,0,0,iter,0,1,rootk,1,dynamic
56,7,0.001,12,0,0,0,0,0,0,0,0,0,0,iter,0,1,k1,1,dynamic
56,7,0.001,12,0,0,0,0,0,0,0,0,0,0,iter,0,1,optk,1,dynamic
56,7,0.001,12,0,0,0,0,0,0,0,0,0,0,iter,0,1,rootk,1,dynamic
56,7,0.001,13,0,0,0,0,0,0,0,0,0,0,iter,0,1,k1,1,dynamic
56,7,0.001,13,0,0,0,0,0,0,0,0,0,0,iter,0,1,optk,1,dynamic
56,7,0.001,13,0,0,0,0,0,0,0,0,0,0,iter,0,1,rootk,1,dynamic
56,7,0.001,14,0,63,63,0.000662667,38,0.000662667,0.00109803,0,0,0,iter,0,1,k1,1,dynamic
56,7,0.001,14,0,63,63,0.000662667,38,0.000662667,0.00109803,0,0,0,iter,0,1,optk,1,dynamic
56,7,0.001,14,0,63,63,0.000662667,38,0.000662667,0.00109803,0,0,0,iter,0,1,rootk,1,dynamic
56,7,0.001,14,1,0,0,0,0,0,0,0,0,0,iter,0,1,k1,1,dynamic
56,7,0.001,14,1,0,0,0,0,0,0,0,0,0,iter,0,1,optk,1,dynamic
56,7,0.001,14,1,0,0,0,0,0,0,0,0,0,iter,0,1,rootk,1,dynamic
56,7,0.001,15,0,8134,8134,0.0807757,4632,0.0807757,0.132245,0,0,0,iter,0,1,rootk,1,dynamic
56,7,0.001,15,0,8134,8134,0.081107,4651,0.081107,0.132245,0,0,0,iter,0,1,k1,1,dynamic
56,7,0.001,15,0,8134,8134,0.081386,4667,0.081386,0.132245,0,0,0,iter,0,1,optk,1,dynamic
56,7,0.001,15,1,142,142,0.00111607,64,0.00111607,0.00247322,0,65,65,iter,0,1,optk,1,dynamic
56,7,0.001,15,1,143,143,0.00106376,61,0.00106376,0.00249062,0,61,61,iter,0,1,rootk,1,dynamic
56,7,0.001,15,1,171,171,0.00134277,77,0.00134277,0.00297756,0,77,77,iter,0,1,k1,1,dynamic
56,7,0.001,16,0,12685,12685,0.119594,6858,0.119594,0.198451,10331,0,10331,type,0,5,rootk,1,dynamic
56,7,0.001,16,0,12840,12840,0.120082,6886,0.120082,0.200614,10185,0,10185,type,0,5,k1,1,dynamic
56,7,0.001,16,0,13144,13144,0.121111,6945,0.121111,0.204841,10345,0,10345,type,0,5,optk,1,dynamic
56,7,0.001,16,0,276241,276241,0.93464,53596,0.93464,0.991911,0,0,0,iter,0,1,rootk,1,dynamic
56,7,0.001,16,0,276241,276241,0.935024,53618,0.935024,0.991911,0,0,0,iter,0,1,optk,1,dynamic
56,7,0.001,16,0,276241,276241,0.937012,53732,0.937012,0.991911,0,0,0,iter,0,1,k1,1,dynamic
56,7,0.001,16,1,12678,12678,0.120361,6902,0.120361,0.198353,10197,1,10198,type,1,5,k1,1,dynamic
56,7,0.001,16,1,12735,12735,0.11935,6844,0.11935,0.199149,10158,1,10159,type,1,5,optk,1,dynamic
56,7,0.001,16,1,13166,13166,0.121181,6949,0.121181,0.205146,10311,1,10312,type,1,5,rootk,1,dynamic
56,7,0.001,16,1,45976,45976,0.231881,13297,0.231881,0.55146,0,0,0,iter,0,1,optk,1,dynamic
56,7,0.001,16,1,46259,46259,0.232335,13323,0.232335,0.553668,0,0,0,iter,0,1,k1,1,dynamic
56,7,0.001,16,1,46829,46829,0.233102,13367,0.233102,0.558083,0,0,0,iter,0,1,rootk,1,dynamic
56,70,0.01,11,0,0,0,0,0,0,0,0,0,0,iter,0,1,k1,1,dynamic
56,70,0.01,11,0,0,0,0,0,0,0,0,0,0,iter,0,1,optk,1,dynamic
56,70,0.01,11,0,0,0,0,0,0,0,0,0,0,iter,0,1,rootk,1,dynamic
56,70,0.01,12,0,0,0,0,0,0,0,0,0,0,iter,0,1,k1,1,dynamic
56,70,0.01,12,0,0,0,0,0,0,0,0,0,0,iter,0,1,optk,1,dynamic
56,70,0.01,12,0,0,0,0,0,0,0,0,0,0,iter,0,1,rootk,1,dynamic
56,70,0.01,13,0,0,0,0,0,0,0,0,0,0,iter,0,1,k1,1,dynamic
56,70,0.01,13,0,0,0,0,0,0,0,0,0,0,iter,0,1,optk,1,dynamic
56,70,0.01,13,0,0,0,0,0,0,0,0,0,0,iter,0,1,rootk,1,dynamic
56,70,0.01,14,0,63,63,6.62667e-05,38,6.62667e-05,0.000109857,0,0,0,iter,0,1,k1,1,dynamic
56,70,0.01,14,0,63,63,6.62667e-05,38,6.62667e-05,0.000109857,0,0,0,iter,0,1,optk,1,dynamic
56,70,0.01,14,0,63,63,6.62667e-05,38,6.62667e-05,0.000109857,0,0,0,iter,0,1,rootk,1,dynamic
56,70,0.01,14,1,0,0,0,0,0,0,0,0,0,iter,0,1,k1,1,dynamic
56,70,0.01,14,1,0,0,0,0,0,0,0,0,0,iter,0,1,optk,1,dynamic
56,70,0.01,14,1,0,0,0,0,0,0,0,0,0,iter,0,1,rootk,1,dynamic
56,70,0.01,15,0,8134,8134,0.00845075,4846,0.00845075,0.0140844,0,0,0,iter,0,1,optk,1,dynamic
56,70,0.01,15,0,8134,8134,0.00845424,4848,0.00845424,0.0140844,0,0,0,iter,0,1,rootk,1,dynamic
56,70,0.01,15,0,8134,8134,0.00846296,4853,0.00846296,0.0140844,0,0,0,iter,0,1,k1,1,dynamic
56,70,0.01,15,1,14,14,1.74386e-05,10,1.74386e-05,2.44138e-05,0,10,10,iter,0,1,k1,1,dynamic
56,70,0.01,15,1,33,33,1.91825e-05,11,1.91825e-05,5.75458e-05,0,11,11,iter,0,1,optk,1,dynamic
56,70,0.01,15,1,6,6,1.04632e-05,6,1.04632e-05,1.04631e-05,0,6,6,iter,0,1,rootk,1,dynamic
56,70,0.01,16,0,276241,276241,0.239631,137414,0.239631,0.382284,0,0,0,iter,0,1,rootk,1,dynamic
56,70,0.01,16,0,276241,276241,0.239767,137492,0.239767,0.382284,0,0,0,iter,0,1,k1,1,dynamic
56,70,0.01,16,0,276241,276241,0.239934,137588,0.239934,0.382284,0,0,0,iter,0,1,optk,1,dynamic
56,70,0.01,16,1,11644,11644,0.00675572,3874,0.00675572,0.0201008,0,0,0,iter,0,1,rootk,1,dynamic
56,70,0.01,16,1,11866,11866,0.0068028,3901,0.0068028,0.02048,0,0,0,iter,0,1,k1,1,dynamic
56,70,0.01,16,1,11949,11949,0.00693185,3975,0.00693185,0.0206218,0,0,0,iter,0,1,optk,1,dynamic
56,70,0.01,16,2,1851,1851,0.00192174,1102,0.00192174,0.00322268,1393,1,1394,iter,0,1,optk,1,dynamic
56,70,0.01,16,2,1893,1893,0.00191476,1098,0.00191476,0.00329569,1388,1,1389,iter,0,1,k1,1,dynamic
56,70,0.01,16,2,2045,2045,0.00197056,1130,0.00197056,0.00355985,1417,1,1418,iter,0,1,rootk,1,dynamic
56,698,0.1,11,0,0,0,0,0,0,0,0,0,0,iter,0,1,k1,1,dynamic
56,698,0.1,11,0,0,0,0,0,0,0,0,0,0,iter,0,1,optk,4,dynamic
56,698,0.1,11,0,0,0,0,0,0,0,0,0,0,iter,0,1,rootk,2,dynamic
56,698,0.1,12,0,0,0,0,0,0,0,0,0,0,iter,0,1,k1,1,dynamic
56,698,0.1,12,0,0,0,0,0,0,0,0,0,0,iter,0,1,optk,4,dynamic
56,698,0.1,12,0,0,0,0,0,0,0,0,0,0,iter,0,1,rootk,2,dynamic
56,698,0.1,13,0,0,0,0,0,0,0,0,0,0,iter,0,1,k1,1,dynamic
56,698,0.1,13,0,0,0,0,0,0,0,0,0,0,iter,0,1,optk,4,dynamic
56,698,0.1,13,0,0,0,0,0,0,0,0,0,0,iter,0,1,rootk,2,dynamic
56,698,0.1,14,0,63,63,1.76659e-10,76,1.32913e-05,2.20354e-05,0,0,0,iter,0,1,rootk,2,dynamic
56,698,0.1,14,0,63,63,4.99336e-19,152,2.65826e-05,4.40703e-05,0,0,0,iter,0,1,optk,4,dynamic
56,698,0.1,14,0,63,63,6.64566e-06,38,6.64566e-06,1.10177e-05,0,0,0,iter,0,1,k1,1,dynamic
56,698,0.1,14,1,0,0,0,0,0,0,0,0,0,iter,0,1,k1,1,dynamic
56,698,0.1,14,1,0,0,0,0,0,0,0,0,0,iter,0,1,optk,4,dynamic
56,698,0.1,14,1,0,0,0,0,0,0,0,0,0,iter,0,1,rootk,2,dynamic
56,698,0.1,15,0,8134,8134,0.000850645,4864,0.000850645,0.00142151,0,0,0,iter,0,1,k1,1,dynamic
56,698,0.1,15,0,8134,8134,1.33572e-10,19439,0.00339961,0.00567393,0,0,0,iter,0,1,optk,4,dynamic
56,698,0.1,15,0,8134,8134,2.89379e-06,9727,0.00170111,0.002841,0,0,0,iter,0,1,rootk,2,dynamic
56,698,0.1,15,1,0,0,0,0,0,0,0,0,0,iter,0,1,k1,1,dynamic
56,698,0.1,15,1,0,0,0,0,0,0,0,0,0,iter,0,1,optk,4,dynamic
56,698,0.1,15,1,0,0,0,0,0,0,0,0,0,iter,0,1,rootk,2,dynamic
56,698,0.1,16,0,276241,276241,0.000118176,596181,0.104264,0.175718,0,0,0,iter,0,1,optk,4,dynamic
56,698,0.1,16,0,276241,276241,0.00286757,306198,0.0535497,0.0921002,0,0,0,iter,0,1,rootk,2,dynamic
56,698,0.1,16,0,276241,276241,0.0271755,155390,0.0271755,0.0471622,0,0,0,iter,0,1,k1,1,dynamic
56,698,0.1,16,1,1368,1368,7.38018e-05,422,7.38018e-05,0.000239215,1,422,423,iter,0,1,k1,1,dynamic
56,698,0.1,16,1,203,203,2.7025e-10,94,1.64393e-05,7.10011e-05,1,47,48,iter,0,1,rootk,2,dynamic
56,698,0.1,16,1,6,6,1.49671e-22,20,3.49772e-06,4.19725e-06,1,5,6,iter,0,1,optk,4,dynamic
56,3490,0.5,11,0,0,0,0,0,0,0,0,0,0,iter,0,1,k1,1,dynamic
56,3490,0.5,11,0,0,0,0,0,0,0,0,0,0,iter,0,1,optk,22,dynamic
56,3490,0.5,11,0,0,0,0,0,0,0,0,0,0,iter,0,1,rootk,5,dynamic
56,3490,0.5,12,0,0,0,0,0,0,0,0,0,0,iter,0,1,k1,1,dynamic
56,3490,0.5,12,0,0,0,0,0,0,0,0,0,0,iter,0,1,optk,22,dynamic
56,3490,0.5,12,0,0,0,0,0,0,0,0,0,0,iter,0,1,rootk,5,dynamic
56,3490,0.5,13,0,0,0,0,0,0,0,0,0,0,iter,0,1,k1,1,dynamic
56,3490,0.5,13,0,0,0,0,0,0,0,0,0,0,iter,0,1,optk,22,dynamic
56,3490,0.5,13,0,0,0,0,0,0,0,0,0,0,iter,0,1,rootk,5,dynamic
56,3490,0.5,14,0,63,63,1.29626e-26,190,6.64566e-06,1.10177e-05,0,0,0,iter,0,1,rootk,5,dynamic
56,3490,0.5,14,0,63,63,1.32913e-06,38,1.32913e-06,2.20356e-06,0,0,0,iter,0,1,k1,1,dynamic
56,3490,0.5,14,0,63,63,1.78566e-100,836,2.92409e-05,4.84772e-05,0,0,0,iter,0,1,optk,22,dynamic
56,3490,0.5,14,1,0,0,0,0,0,0,0,0,0,iter,0,1,k1,1,dynamic
56,3490,0.5,14,1,0,0,0,0,0,0,0,0,0,iter,0,1,optk,22,dynamic
56,3490,0.5,14,1,0,0,0,0,0,0,0,0,0,iter,0,1,rootk,5,dynamic
56,3490,0.5,15,0,8134,8134,0.000170199,4866,0.000170199,0.000284464,0,0,0,iter,0,1,k1,1,dynamic
56,3490,0.5,15,0,8134,8134,3.95545e-54,106860,0.00373766,0.00623955,0,0,0,iter,0,1,optk,22,dynamic
56,3490,0.5,15,0,8134,8134,4.46032e-16,24327,0.00085089,0.00142151,0,0,0,iter,0,1,rootk,5,dynamic
56,3490,0.5,15,1,0,0,0,0,0,0,0,0,0,iter,0,1,k1,1,dynamic
56,3490,0.5,15,1,0,0,0,0,0,0,0,0,0,iter,0,1,optk,22,dynamic
56,3490,0.5,15,1,0,0,0,0,0,0,0,0,0,iter,0,1,rootk,5,dynamic
56,3490,0.5,16,0,276241,276241,0.00548886,156927,0.00548886,0.0096156,0,0,0,iter,0,1,k1,1,dynamic
56,3490,0.5,16,0,276241,276241,1.47391e-08,776086,0.0271453,0.0471622,0,0,0,iter,0,1,rootk,5,dynamic
56,3490,0.5,16,0,276241,276241,1.80742e-21,3261027,0.114061,0.191494,0,0,0,iter,0,1,optk,22,dynamic
56,3490,0.5,16,1,266,266,3.35781e-06,96,3.35781e-06,9.30388e-06,1,96,97,iter,0,1,k1,1,dynamic
56,3490,0.5,16,1,4,4,3.97539e-32,15,5.24658e-07,6.99543e-07,1,3,4,iter,0,1,rootk,5,dynamic
56,3490,0.5,16,1,4,4,9.84529e-125,66,2.30849e-06,3.07799e-06,1,3,4,iter,0,1,optk,22,dynamic
57,17,0.001,12,0,0,0,0,0,0,0,0,0,0,iter,0,1,k1,1,dynamic
57,17,0.001,12,0,0,0,0,0,0,0,0,0,0,iter,0,1,optk,1,dynamic
57,17,0.001,12,0,0,0,0,0,0,0,0,0,0,iter,0,1,rootk,1,dynamic
57,17,0.001,13,0,0,0,0,0,0,0,0,0,0,iter,0,1,k1,1,dynamic
57,17,0.001,13,0,0,0,0,0,0,0,0,0,0,iter,0,1,optk,1,dynamic
57,17,0.001,13,0,0,0,0,0,0,0,0,0,0,iter,0,1,rootk,1,dynamic
57,17,0.001,14,0,22,22,5.74449e-05,8,5.74449e-05,0.000157961,0,0,0,iter,0,1,k1,1,dynamic
57,17,0.001,14,0,22,22,5.74449e-05,8,5.74449e-05,0.000157961,0,0,0,iter,0,1,optk,1,dynamic
57,17,0.001,14,0,22,22,5.74449e-05,8,5.74449e-05,0.000157961,0,0,0,iter,0,1,rootk,1,dynamic
57,17,0.001,14,1,0,0,0,0,0,0,0,0,0,iter,0,1,k1,1,dynamic
57,17,0.001,14,1,0,0,0,0,0,0,0,0,0,iter,0,1,optk,1,dynamic
57,17,0.001,14,1,0,0,0,0,0,0,0,0,0,iter,0,1,rootk,1,dynamic
57,17,0.001,15,0,240,240,0.000143612,20,0.000143612,0.00172186,0,0,0,iter,0,1,k1,1,dynamic
57,17,0.001,15,0,240,240,0.000143612,20,0.000143612,0.00172186,0,0,0,iter,0,1,optk,1,dynamic
57,17,0.001,15,0,240,240,0.000143612,20,0.000143612,0.00172186,0,0,0,iter,0,1,rootk,1,dynamic
57,17,0.001,15,1,0,0,0,0,0,0,0,0,0,iter,0,1,optk,1,dynamic
57,17,0.001,15,1,0,0,0,0,0,0,0,0,0,iter,0,1,rootk,1,dynamic
57,17,0.001,15,1,1,1,7.18061e-06,1,7.18061e-06,7.18058e-06,0,1,1,iter,0,1,k1,1,dynamic
57,17,0.001,16,0,8030,8030,0.0108786,1515,0.0108786,0.0560294,0,0,0,iter,0,1,k1,1,dynamic
57,17,0.001,16,0,8030,8030,0.0108858,1516,0.0108858,0.0560294,0,0,0,iter,0,1,rootk,1,dynamic
57,17,0.001,16,0,8030,8030,0.0109145,1520,0.0109145,0.0560294,0,0,0,iter,0,1,optk,1,dynamic
57,17,0.001,16,1,827,827,0.00396369,552,0.00396369,0.00592076,0,759,759,iter,0,1,rootk,1,dynamic
57,17,0.001,16,1,869,869,0.0040714,567,0.0040714,0.00622052,0,765,765,iter,0,1,optk,1,dynamic
57,17,0.001,16,1,879,879,0.00385599,537,0.00385599,0.00629188,0,729,729,iter,0,1,k1,1,dynamic
57,17,0.001,17,0,42178,42178,0.0559944,7798,0.0559944,0.2613,8095,1,8096,type,0,8,k1,1,dynamic
57,17,0.001,17,0,42390,42390,0.0555923,7742,0.0555923,0.262424,8077,1,8078,type,0,8,rootk,1,dynamic
57,17,0.001,17,0,432212,432212,0.418723,58313,0.418723,0.95511,0,0,0,iter,0,1,optk,1,dynamic
57,17,0.001,17,0,432212,432212,0.418759,58318,0.418759,0.95511,0,0,0,iter,0,1,k1,1,dynamic
57,17,0.001,17,0,432212,432212,0.418967,58347,0.418967,0.95511,0,0,0,iter,0,1,rootk,1,dynamic
57,17,0.001,17,0,43924,43924,0.0560159,7801,0.0560159,0.270504,8133,1,8134,type,0,8,optk,1,dynamic
57,17,0.001,17,1,488477,488477,0.841129,117139,0.841129,0.97003,0,0,0,iter,0,1,optk,1,dynamic
57,17,0.001,17,1,488658,488658,0.842278,117299,0.842278,0.970069,0,0,0,iter,0,1,rootk,1,dynamic
57,17,0.001,17,1,490675,490675,0.841948,117253,0.841948,0.970499,0,0,0,iter,0,1,k1,1,dynamic
57,167,0.01,12,0,0,0,0,0,0,0,0,0,0,iter,0,1,k1,1,dynamic
57,167,0.01,12,0,0,0,0,0,0,0,0,0,0,iter,0,1,optk,1,dynamic
57,167,0.01,12,0,0,0,0,0,0,0,0,0,0,iter,0,1,rootk,1,dynamic
57,167,0.01,13,0,0,0,0,0,0,0,0,0,0,iter,0,1,k1,1,dynamic
57,167,0.01,13,0,0,0,0,0,0,0,0,0,0,iter,0,1,optk,1,dynamic
57,167,0.01,13,0,0,0,0,0,0,0,0,0,0,iter,0,1,rootk,1,dynamic
57,167,0.01,14,0,22,22,5.84768e-06,8,5.84768e-06,1.6081e-05,0,0,0,iter,0,1,k1,1,dynamic
57,167,0.01,14,0,22,22,5.84768e-06,8,5.84768e-06,1.6081e-05,0,0,0,iter,0,1,optk,1,dynamic
57,167,0.01,14,0,22,22,5.84768e-06,8,5.84768e-06,1.6081e-05,0,0,0,iter,0,1,rootk,1,dynamic
57,167,0.01,14,1,0,0,0,0,0,0,0,0,0,iter,0,1,k1,1,dynamic
57,167,0.01,14,1,0,0,0,0,0,0,0,0,0,iter,0,1,optk,1,dynamic
57,167,0.01,14,1,0,0,0,0,0,0,0,0,0,iter,0,1,rootk,1,dynamic
57,167,0.01,15,0,240,240,1.46192e-05,20,1.46192e-05,0.000175415,0,0,0,iter,0,1,k1,1,dynamic
57,167,0.01,15,0,240,240,1.46192e-05,20,1.46192e-05,0.000175415,0,0,0,iter,0,1,optk,1,dynamic
57,167,0.01,15,0,240,240,1.46192e-05,20,1.46192e-05,0.000175415,0,0,0,iter,0,1,rootk,1,dynamic
57,167,0.01,15,1,0,0,0,0,0,0,0,0,0,iter,0,1,k1,1,dynamic
57,167,0.01,15,1,0,0,0,0,0,0,0,0,0,iter,0,1,optk,1,dynamic
57,167,0.01,15,1,0,0,0,0,0,0,0,0,0,iter,0,1,rootk,1,dynamic
57,167,0.01,16,0,8030,8030,0.00111544,1526,0.00111544,0.00585242,0,0,0,iter,0,1,k1,1,dynamic
57,167,0.01,16,0,8030,8030,0.00111618,1527,0.00111618,0.00585242,0,0,0,iter,0,1,optk,1,dynamic
57,167,0.01,16,0,8030,8030,0.00111618,1527,0.00111618,0.00585242,0,0,0,iter,0,1,rootk,1,dynamic
57,167,0.01,16,1,81,81,3.80099e-05,52,3.80099e-05,5.9206e-05,0,54,54,iter,0,1,k1,1,dynamic
57,167,0.01,16,1,81,81,4.16647e-05,57,4.16647e-05,5.9206e-05,0,57,57,iter,0,1,rootk,1,dynamic
57,167,0.01,16,1,86,86,3.87409e-05,53,3.87409e-05,6.28606e-05,0,55,55,iter,0,1,optk,1,dynamic
57,167,0.01,17,0,432212,432212,0.0537701,73561,0.0537701,0.270889,0,0,0,iter,0,1,optk,1,dynamic
57,167,0.01,17,0,432212,432212,0.0538228,73633,0.0538228,0.270889,0,0,0,iter,0,1,k1,1,dynamic
57,167,0.01,17,0,432212,432212,0.0538345,73649,0.0538345,0.270889,0,0,0,iter,0,1,rootk,1,dynamic
57,167,0.01,17,1,62517,62517,0.0240318,32877,0.0240318,0.044669,0,0,0,iter,0,1,optk,1,dynamic
57,167,0.01,17,1,62911,62911,0.0240822,32946,0.0240822,0.0449441,0,0,0,iter,0,1,k1,1,dynamic
57,167,0.01,17,1,62976,62976,0.0240537,32907,0.0240537,0.0449895,0,0,0,iter,0,1,rootk,1,dynamic
57,167,0.01,17,2,10241,10241,0.00155694,2130,0.00155694,0.00745781,2244,1,2245,iter,0,1,optk,1,dynamic
57,167,0.01,17,2,10876,10876,0.00157083,2149,0.00157083,0.0079184,2254,1,2255,iter,0,1,rootk,1,dynamic
57,167,0.01,17,2,13210,13210,0.00157741,2158,0.00157741,0.00960951,2263,1,2264,iter,0,1,k1,1,dynamic
57,1670,0.1,12,0,0,0,0,0,0,0,0,0,0,iter,0,1,k1,1,dynamic
57,1670,0.1,12,0,0,0,0,0,0,0,0,0,0,iter,0,1,optk,5,dynamic
57,1670,0.1,12,0,0,0,0,0,0,0,0,0,0,iter,0,1,rootk,2,dynamic
57,1670,0.1,13,0,0,0,0,0,0,0,0,0,0,iter,0,1,k1,1,dynamic
57,1670,0.1,13,0,0,0,0,0,0,0,0,0,0,iter,0,1,optk,5,dynamic
57,1670,0.1,13,0,0,0,0,0,0,0,0,0,0,iter,0,1,rootk,2,dynamic
57,1670,0.1,14,0,22,22,1.36781e-12,16,1.16954e-06,3.21622e-06,0,0,0,iter,0,1,rootk,2,dynamic
57,1670,0.1,14,0,22,22,2.13682e-28,40,2.92384e-06,8.04053e-06,0,0,0,iter,0,1,optk,5,dynamic
57,1670,0.1,14,0,22,22,5.84768e-07,8,5.84768e-07,1.60811e-06,0,0,0,iter,0,1,k1,1,dynamic
57,1670,0.1,14,1,0,0,0,0,0,0,0,0,0,iter,0,1,k1,1,dynamic
57,1670,0.1,14,1,0,0,0,0,0,0,0,0,0,iter,0,1,optk,5,dynamic
57,1670,0.1,14,1,0,0,0,0,0,0,0,0,0,iter,0,1,rootk,2,dynamic
57,1670,0.1,15,0,240,240,1.46192e-06,20,1.46192e-06,1.75429e-05,0,0,0,iter,0,1,k1,1,dynamic
57,1670,0.1,15,0,240,240,2.08674e-26,100,7.3096e-06,8.77113e-05,0,0,0,iter,0,1,optk,5,dynamic
57,1670,0.1,15,0,240,240,8.54884e-12,40,2.92384e-06,3.50855e-05,0,0,0,iter,0,1,rootk,2,dynamic
57,1670,0.1,15,1,0,0,0,0,0,0,0,0,0,iter,0,1,k1,1,dynamic
57,1670,0.1,15,1,0,0,0,0,0,0,0,0,0,iter,0,1,optk,5,dynamic
57,1670,0.1,15,1,0,0,0,0,0,0,0,0,0,iter,0,1,rootk,2,dynamic
57,1670,0.1,16,0,8030,8030,0.000111618,1527,0.000111618,0.000586789,0,0,0,iter,0,1,k1,1,dynamic
57,1670,0.1,16,0,8030,8030,4.98339e-08,3054,0.000223235,0.00117323,0,0,0,iter,0,1,rootk,2,dynamic
57,1670,0.1,16,0,8030,8030,5.41039e-17,7634,0.000558015,0.0029305,0,0,0,iter,0,1,optk,5,dynamic
57,1670,0.1,16,1,0,0,0,0,0,0,0,0,0,iter,0,1,optk,5,dynamic
57,1670,0.1,16,1,0,0,0,0,0,0,0,0,0,iter,0,1,rootk,2,dynamic
57,1670,0.1,16,1,5,5,3.6548e-07,5,3.6548e-07,3.6548e-07,0,5,5,iter,0,1,k1,1,dynamic
57,1670,0.1,17,0,432212,432212,0.000120932,150445,0.0109969,0.0612311,0,0,0,iter,0,1,rootk,2,dynamic
57,1670,0.1,17,0,432212,432212,0.00551509,75450,0.00551509,0.0310991,0,0,0,iter,0,1,k1,1,dynamic
57,1670,0.1,17,0,432212,432212,1.50909e-08,373121,0.0272737,0.14612,0,0,0,iter,0,1,optk,5,dynamic
57,1670,0.1,17,1,304,304,1.38431e-20,1460,0.00010672,0.0001111,1,292,293,iter,0,1,optk,5,dynamic
57,1670,0.1,17,1,483,483,3.16788e-09,770,5.62839e-05,7.06082e-05,1,385,386,iter,0,1,rootk,2,dynamic
57,1670,0.1,17,1,6950,6950,0.000267897,3665,0.000267897,0.000507888,1,3828,3829,iter,0,1,k1,1,dynamic
57,8350,0.5,12,0,0,0,0,0,0,0,0,0,0,iter,0,1,k1,1,dynamic
57,8350,0.5,12,0,0,0,0,0,0,0,0,0,0,iter,0,1,optk,25,dynamic
57,8350,0.5,12,0,0,0,0,0,0,0,0,0,0,iter,0,1,rootk,5,dynamic
57,8350,0.5,13,0,0,0,0,0,0,0,0,0,0,iter,0,1,k1,1,dynamic
57,8350,0.5,13,0,0,0,0,0,0,0,0,0,0,iter,0,1,optk,25,dynamic
57,8350,0.5,13,0,0,0,0,0,0,0,0,0,0,iter,0,1,rootk,5,dynamic
57,8350,0.5,14,0,22,22,1.16954e-07,8,1.16954e-07,3.21622e-07,0,0,0,iter,0,1,k1,1,dynamic
57,8350,0.5,14,0,22,22,4.45491e-139,200,2.92384e-06,8.04053e-06,0,0,0,iter,0,1,optk,25,dynamic
57,8350,0.5,14,0,22,22,6.83782e-32,40,5.84768e-07,1.60811e-06,0,0,0,iter,0,1,rootk,5,dynamic
57,8350,0.5,14,1,0,0,0,0,0,0,0,0,0,iter,0,1,k1,1,dynamic
57,8350,0.5,14,1,0,0,0,0,0,0,0,0,0,iter,0,1,optk,25,dynamic
57,8350,0.5,14,1,0,0,0,0,0,0,0,0,0,iter,0,1,rootk,5,dynamic
57,8350,0.5,15,0,240,240,2.92384e-07,20,2.92384e-07,3.5086e-06,0,0,0,iter,0,1,k1,1,dynamic
57,8350,0.5,15,0,240,240,3.95676e-129,500,7.3096e-06,8.77113e-05,0,0,0,iter,0,1,optk,25,dynamic
57,8350,0.5,15,0,240,240,6.67756e-30,100,1.46192e-06,1.75429e-05,0,0,0,iter,0,1,rootk,5,dynamic
57,8350,0.5,15,1,0,0,0,0,0,0,0,0,0,iter,0,1,k1,1,dynamic
57,8350,0.5,15,1,0,0,0,0,0,0,0,0,0,iter,0,1,optk,25,dynamic
57,8350,0.5,15,1,0,0,0,0,0,0,0,0,0,iter,0,1,rootk,5,dynamic
57,8350,0.5,16,0,8030,8030,1.73246e-20,7635,0.000111618,0.000586789,0,0,0,iter,0,1,rootk,5,dynamic
57,8350,0.5,16,0,8030,8030,2.23235e-05,1527,2.23235e-05,0.000117385,0,0,0,iter,0,1,k1,1,dynamic
57,8350,0.5,16,0,8030,8030,4.61177e-82,38162,0.000557898,0.0029305,0,0,0,iter,0,1,optk,25,dynamic
57,8350,0.5,16,1,0,0,0,0,0,0,0,0,0,iter,0,1,optk,25,dynamic
57,8350,0.5,16,1,0,0,0,0,0,0,0,0,0,iter,0,1,rootk,5,dynamic
57,8350,0.5,16,1,1,1,1.46192e-08,1,1.46192e-08,1.46192e-08,0,1,1,iter,0,1,k1,1,dynamic
57,8350,0.5,17,0,432212,432212,0.00110562,75628,0.00110562,0.00629867,0,0,0,iter,0,1,k1,1,dynamic
57,8350,0.5,17,0,432212,432212,5.10356e-12,377269,0.00551537,0.0310991,0,0,0,iter,0,1,rootk,5,dynamic
57,8350,0.5,17,0,432212,432212,7.85986e-40,1865920,0.0272783,0.14612,0,0,0,iter,0,1,optk,25,dynamic
57,8350,0.5,17,1,1637,1637,1.3859e-05,948,1.3859e-05,2.39313e-05,1,958,959,iter,0,1,k1,1,dynamic
57,8350,0.5,17,1,304,304,4.42978e-24,1460,2.1344e-05,2.22209e-05,1,292,293,iter,0,1,rootk,5,dynamic
57,8350,0.5,17,1,304,304,5.08348e-100,7300,0.00010672,0.0001111,1,292,293,iter,0,1,optk,25,dynamic
58,13,0.001,12,0,0,0,0,0,0,0,0,0,0,iter,0,1,k1,1,dynamic
58,13,0.001,12,0,0,0,0,0,0,0,0,0,0,iter,0,1,optk,1,dynamic
58,13,0.001,12,0,0,0,0,0,0,0,0,0,0,iter,0,1,rootk,1,dynamic
58,13,0.001,13,0,0,0,0,0,0,0,0,0,0,iter,0,1,k1,1,dynamic
58,13,0.001,13,0,0,0,0,0,0,0,0,0,0,iter,0,1,optk,1,dynamic
58,13,0.001,13,0,0,0,0,0,0,0,0,0,0,iter,0,1,rootk,1,dynamic
58,13,0.001,14,0,0,0,0,0,0,0,0,0,0,iter,0,1,k1,1,dynamic
58,13,0.001,14,0,0,0,0,0,0,0,0,0,0,iter,0,1,optk,1,dynamic
58,13,0.001,14,0,0,0,0,0,0,0,0,0,0,iter,0,1,rootk,1,dynamic
58,13,0.001,15,0,15,15,4.69501e-05,5,4.69501e-05,0.00014084,0,0,0,iter,0,1,k1,1,dynamic
58,13,0.001,15,0,15,15,4.69501e-05,5,4.69501e-05,0.00014084,0,0,0,iter,0,1,optk,1,dynamic
58,13,0.001,15,0,15,15,4.69501e-05,5,4.69501e-05,0.00014084,0,0,0,iter,0,1,rootk,1,dynamic
58,13,0.001,15,1,0,0,0,0,0,0,0,0,0,iter,0,1,k1,1,dynamic
58,13,0.001,15,1,0,0,0,0,0,0,0,0,0,iter,0,1,optk,1,dynamic
58,13,0.001,15,1,0,0,0,0,0,0,0,0,0,iter,0,1,rootk,1,dynamic
58,13,0.001,16,0,7316,7316,0.0305739,3256,0.0305739,0.0663909,0,0,0,iter,0,1,optk,1,dynamic
58,13,0.001,16,0,7316,7316,0.0306021,3259,0.0306021,0.0663909,0,0,0,iter,0,1,k1,1,dynamic
58,13,0.001,16,0,7316,7316,0.0306209,3261,0.0306209,0.0663909,0,0,0,iter,0,1,rootk,1,dynamic
58,13,0.001,16,1,188,188,0.000826322,88,0.000826322,0.00176377,0,91,91,iter,0,1,k1,1,dynamic
58,13,0.001,16,1,197,197,0.000985953,105,0.000985953,0.00184812,0,110,110,iter,0,1,rootk,1,dynamic
58,13,0.001,16,1,267,267,0.00102351,109,0.00102351,0.002504,0,114,114,iter,0,1,optk,1,dynamic
58,13,0.001,17,0,24366,24366,0.0899095,9575,0.0899095,0.20451,11441,1,11442,type,0,7,k1,1,dynamic
58,13,0.001,17,0,24528,24528,0.0886512,9441,0.0886512,0.205719,11337,1,11338,type,0,7,optk,1,dynamic
58,13,0.001,17,0,24973,24973,0.0898907,9573,0.0898907,0.209031,11575,1,11576,type,0,7,rootk,1,dynamic
58,13,0.001,17,0,454944,454944,0.821965,87536,0.821965,0.986045,0,0,0,iter,0,1,optk,1,dynamic
58,13,0.001,17,0,454944,454944,0.824519,87808,0.824519,0.986045,0,0,0,iter,0,1,rootk,1,dynamic
58,13,0.001,17,0,454944,454944,0.825073,87867,0.825073,0.986045,0,0,0,iter,0,1,k1,1,dynamic
58,13,0.001,17,1,168519,168519,0.378662,40326,0.378662,0.794518,0,0,0,iter,0,1,k1,1,dynamic
58,13,0.001,17,1,168734,168734,0.379404,40405,0.379404,0.794933,0,0,0,iter,0,1,rootk,1,dynamic
58,13,0.001,17,1,170359,170359,0.377019,40151,0.377019,0.798038,0,0,0,iter,0,1,optk,1,dynamic
58,133,0.01,12,0,0,0,0,0,0,0,0,0,0,iter,0,1,k1,1,dynamic
58,133,0.01,12,0,0,0,0,0,0,0,0,0,0,iter,0,1,optk,1,dynamic
58,133,0.01,12,0,0,0,0,0,0,0,0,0,0,iter,0,1,rootk,1,dynamic
58,133,0.01,13,0,0,0,0,0,0,0,0,0,0,iter,0,1,k1,1,dynamic
58,133,0.01,13,0,0,0,0,0,0,0,0,0,0,iter,0,1,optk,1,dynamic
58,133,0.01,13,0,0,0,0,0,0,0,0,0,0,iter,0,1,rootk,1,dynamic
58,133,0.01,14,0,0,0,0,0,0,0,0,0,0,iter,0,1,k1,1,dynamic
58,133,0.01,14,0,0,0,0,0,0,0,0,0,0,iter,0,1,optk,1,dynamic
58,133,0.01,14,0,0,0,0,0,0,0,0,0,0,iter,0,1,rootk,1,dynamic
58,133,0.01,15,0,15,15,4.58911e-06,5,4.58911e-06,1.37672e-05,0,0,0,iter,0,1,k1,1,dynamic
58,133,0.01,15,0,15,15,4.58911e-06,5,4.58911e-06,1.37672e-05,0,0,0,iter,0,1,optk,1,dynamic
58,133,0.01,15,0,15,15,4.58911e-06,5,4.58911e-06,1.37672e-05,0,0,0,iter,0,1,rootk,1,dynamic
58,133,0.01,15,1,0,0,0,0,0,0,0,0,0,iter,0,1,k1,1,dynamic
58,133,0.01,15,1,0,0,0,0,0,0,0,0,0,iter,0,1,optk,1,dynamic
58,133,0.01,15,1,0,0,0,0,0,0,0,0,0,iter,0,1,rootk,1,dynamic
58,133,0.01,16,0,7316,7316,0.00303524,3307,0.00303524,0.00669229,0,0,0,iter,0,1,k1,1,dynamic
58,133,0.01,16,0,7316,7316,0.00303524,3307,0.00303524,0.00669229,0,0,0,iter,0,1,rootk,1,dynamic
58,133,0.01,16,0,7316,7316,0.00303707,3309,0.00303707,0.00669229,0,0,0,iter,0,1,optk,1,dynamic
58,133,0.01,16,1,12,12,5.50693e-06,6,5.50693e-06,1.10138e-05,0,6,6,iter,0,1,optk,1,dynamic
58,133,0.01,16,1,14,14,8.2604e-06,9,8.2604e-06,1.28494e-05,0,9,9,iter,0,1,k1,1,dynamic
58,133,0.01,16,1,6,6,3.67129e-06,4,3.67129e-06,5.50692e-06,0,4,4,iter,0,1,rootk,1,dynamic
58,133,0.01,17,0,454944,454944,0.156209,170195,0.156209,0.341346,0,0,0,iter,0,1,k1,1,dynamic
58,133,0.01,17,0,454944,454944,0.156215,170202,0.156215,0.341346,0,0,0,iter,0,1,optk,1,dynamic
58,133,0.01,17,0,454944,454944,0.15631,170305,0.15631,0.341346,0,0,0,iter,0,1,rootk,1,dynamic
58,133,0.01,17,1,30654,30654,0.00891389,9712,0.00891389,0.0277428,0,0,0,iter,0,1,k1,1,dynamic
58,133,0.01,17,1,30917,30917,0.00875419,9538,0.00875419,0.0279775,0,0,0,iter,0,1,optk,1,dynamic
58,133,0.01,17,1,32537,32537,0.00878356,9570,0.00878356,0.0294217,0,0,0,iter,0,1,rootk,1,dynamic
58,133,0.01,17,2,4010,4010,0.0014933,1627,0.0014933,0.0036737,1898,1,1899,iter,0,1,rootk,1,dynamic
58,133,0.01,17,2,4126,4126,0.00148962,1623,0.00148962,0.00377977,1869,1,1870,iter,0,1,k1,1,dynamic
58,133,0.01,17,2,4240,4240,0.00153368,1671,0.00153368,0.003884,1935,1,1936,iter,0,1,optk,1,dynamic
58,1334,0.1,12,0,0,0,0,0,0,0,0,0,0,iter,0,1,k1,1,dynamic
58,1334,0.1,12,0,0,0,0,0,0,0,0,0,0,iter,0,1,optk,1,dynamic
58,1334,0.1,12,0,0,0,0,0,0,0,0,0,0,iter,0,1,rootk,1,dynamic
58,1334,0.1,13,0,0,0,0,0,0,0,0,0,0,iter,0,1,k1,1,dynamic
58,1334,0.1,13,0,0,0,0,0,0,0,0,0,0,iter,0,1,optk,1,dynamic
58,1334,0.1,13,0,0,0,0,0,0,0,0,0,0,iter,0,1,rootk,1,dynamic
58,1334,0.1,14,0,0,0,0,0,0,0,0,0,0,iter,0,1,k1,1,dynamic
58,1334,0.1,14,0,0,0,0,0,0,0,0,0,0,iter,0,1,optk,1,dynamic
58,1334,0.1,14,0,0,0,0,0,0,0,0,0,0,iter,0,1,rootk,1,dynamic
58,1334,0.1,15,0,15,15,4.57535e-07,5,4.57535e-07,1.3726e-06,0,0,0,iter,0,1,k1,1,dynamic
58,1334,0.1,15,0,15,15,4.57535e-07,5,4.57535e-07,1.3726e-06,0,0,0,iter,0,1,optk,1,dynamic
58,1334,0.1,15,0,15,15,4.57535e-07,5,4.57535e-07,1.3726e-06,0,0,0,iter,0,1,rootk,1,dynamic
58,1334,0.1,15,1,0,0,0,0,0,0,0,0,0,iter,0,1,k1,1,dynamic
58,1334,0.1,15,1,0,0,0,0,0,0,0,0,0,iter,0,1,optk,1,dynamic
58,1334,0.1,15,1,0,0,0,0,0,0,0,0,0,iter,0,1,rootk,1,dynamic
58,1334,0.1,16,0,7316,7316,0.000303163,3313,0.000303163,0.000669241,0,0,0,iter,0,1,k1,1,dynamic
58,1334,0.1,16,0,7316,7316,0.000303163,3313,0.000303163,0.000669241,0,0,0,iter,0,1,optk,1,dynamic
58,1334,0.1,16,0,7316,7316,0.000303163,3313,0.000303163,0.000669241,0,0,0,iter,0,1,rootk,1,dynamic
58,1334,0.1,16,1,0,0,0,0,0,0,0,0,0,iter,0,1,rootk,1,dynamic
58,1334,0.1,16,1,1,1,9.1507e-08,1,9.1507e-08,9.1507e-08,0,1,1,iter,0,1,k1,1,dynamic
58,1334,0.1,16,1,1,1,9.1507e-08,1,9.1507e-08,9.1507e-08,0,1,1,iter,0,1,optk,1,dynamic
58,1334,0.1,17,0,454944,454944,0.0167866,183446,0.0167866,0.0407759,0,0,0,iter,0,1,k1,1,dynamic
58,1334,0.1,17,0,454944,454944,0.0167904,183488,0.0167904,0.0407759,0,0,0,iter,0,1,optk,1,dynamic
58,1334,0.1,17,0,454944,454944,0.0167937,183524,0.0167937,0.0407759,0,0,0,iter,0,1,rootk,1,dynamic
58,1334,0.1,17,1,3119,3119,9.53503e-05,1042,9.53503e-05,0.00028537,1,1046,1047,iter,0,1,k1,1,dynamic
58,1334,0.1,17,1,3198,3198,9.1507e-05,1000,9.1507e-05,0.000292597,1,1005,1006,iter,0,1,optk,1,dynamic
58,1334,0.1,17,1,3220,3220,9.25136e-05,1011,9.25136e-05,0.000294609,1,1017,1018,iter,0,1,rootk,1,dynamic
58,6669,0.5,12,0,0,0,0,0,0,0,0,0,0,iter,0,1,k1,1,dynamic
58,6669,0.5,12,0,0,0,0,0,0,0,0,0,0,iter,0,1,optk,2,dynamic
58,6669,0.5,12,0,0,0,0,0,0,0,0,0,0,iter,0,1,rootk,1,dynamic
58,6669,0.5,13,0,0,0,0,0,0,0,0,0,0,iter,0,1,k1,1,dynamic
58,6669,0.5,13,0,0,0,0,0,0,0,0,0,0,iter,0,1,optk,2,dynamic
58,6669,0.5,13,0,0,0,0,0,0,0,0,0,0,iter,0,1,rootk,1,dynamic
58,6669,0.5,14,0,0,0,0,0,0,0,0,0,0,iter,0,1,k1,1,dynamic
58,6669,0.5,14,0,0,0,0,0,0,0,0,0,0,iter,0,1,optk,2,dynamic
58,6669,0.5,14,0,0,0,0,0,0,0,0,0,0,iter,0,1,rootk,1,dynamic
58,6669,0.5,15,0,15,15,3.35042e-14,10,1.83041e-07,5.49124e-07,0,0,0,iter,0,1,optk,2,dynamic
58,6669,0.5,15,0,15,15,9.15207e-08,5,9.15207e-08,2.74562e-07,0,0,0,iter,0,1,k1,1,dynamic
58,6669,0.5,15,0,15,15,9.15207e-08,5,9.15207e-08,2.74562e-07,0,0,0,iter,0,1,rootk,1,dynamic
58,6669,0.5,15,1,0,0,0,0,0,0,0,0,0,iter,0,1,k1,1,dynamic
58,6669,0.5,15,1,0,0,0,0,0,0,0,0,0,iter,0,1,optk,2,dynamic
58,6669,0.5,15,1,0,0,0,0,0,0,0,0,0,iter,0,1,rootk,1,dynamic
58,6669,0.5,16,0,7316,7316,1.47096e-08,6626,0.000121283,0.00026779,0,0,0,iter,0,1,optk,2,dynamic
58,6669,0.5,16,0,7316,7316,6.06233e-05,3312,6.06233e-05,0.000133904,0,0,0,iter,0,1,rootk,1,dynamic
58,6669,0.5,16,0,7316,7316,6.06416e-05,3313,6.06416e-05,0.000133904,0,0,0,iter,0,1,k1,1,dynamic
58,6669,0.5,16,1,0,0,0,0,0,0,0,0,0,iter,0,1,k1,1,dynamic
58,6669,0.5,16,1,0,0,0,0,0,0,0,0,0,iter,0,1,optk,2,dynamic
58,6669,0.5,16,1,0,0,0,0,0,0,0,0,0,iter,0,1,rootk,1,dynamic
58,6669,0.5,17,0,454944,454944,0.00338127,184727,0.00338127,0.00829278,0,0,0,iter,0,1,rootk,1,dynamic
58,6669,0.5,17,0,454944,454944,0.00338165,184748,0.00338165,0.00829278,0,0,0,iter,0,1,k1,1,dynamic
58,6669,0.5,17,0,454944,454944,4.55697e-05,368798,0.00675053,0.0165168,0,0,0,iter,0,1,optk,2,dynamic
58,6669,0.5,17,1,231,231,2.14427e-14,8,1.46433e-07,8.45648e-06,1,4,5,iter,0,1,optk,2,dynamic
58,6669,0.5,17,1,640,640,3.67913e-06,201,3.67913e-06,1.17146e-05,1,201,202,iter,0,1,rootk,1,dynamic
58,6669,0.5,17,1,766,766,4.11843e-06,225,4.11843e-06,1.40209e-05,1,225,226,iter,0,1,k1,1,dynamic
59,39,0.001,10,0,0,0,0,0,0,0,0,0,0,iter,0,1,k1,1,dynamic
59,39,0.001,10,0,0,0,0,0,0,0,0,0,0,iter,0,1,optk,1,dynamic
59,39,0.001,10,0,0,0,0,0,0,0,0,0,0,iter,0,1,rootk,1,dynamic
59,39,0.001,11,0,0,0,0,0,0,0,0,0,0,iter,0,1,k1,1,dynamic
59,39,0.001,11,0,0,0,0,0,0,0,0,0,0,iter,0,1,optk,1,dynamic
59,39,0.001,11,0,0,0,0,0,0,0,0,0,0,iter,0,1,rootk,1,dynamic
59,39,0.001,12,0,0,0,0,0,0,0,0,0,0,iter,0,1,k1,1,dynamic
59,39,0.001,12,0,0,0,0,0,0,0,0,0,0,iter,0,1,optk,1,dynamic
59,39,0.001,12,0,0,0,0,0,0,0,0,0,0,iter,0,1,rootk,1,dynamic
59,39,0.001,13,0,4,4,6.26002e-06,2,6.26002e-06,1.252e-05,0,0,0,iter,0,1,k1,1,dynamic
59,39,0.001,13,0,4,4,6.26002e-06,2,6.26002e-06,1.252e-05,0,0,0,iter,0,1,optk,1,dynamic
59,39,0.001,13,0,4,4,6.26002e-06,2,6.26002e-06,1.252e-05,0,0,0,iter,0,1,rootk,1,dynamic
59,39,0.001,13,1,0,0,0,0,0,0,0,0,0,iter,0,1,k1,1,dynamic
59,39,0.001,13,1,0,0,0,0,0,0,0,0,0,iter,0,1,optk,1,dynamic
59,39,0.001,13,1,0,0,0,0,0,0,0,0,0,iter,0,1,rootk,1,dynamic
59,39,0.001,14,0,1616,1616,0.00296725,948,0.00296725,0.00504532,0,0,0,iter,0,1,rootk,1,dynamic
59,39,0.001,14,0,1616,1616,0.00297038,949,0.00297038,0.00504532,0,0,0,iter,0,1,optk,1,dynamic
59,39,0.001,14,0,1616,1616,0.00297351,950,0.00297351,0.00504532,0,0,0,iter,0,1,k1,1,dynamic
59,39,0.001,14,1,0,0,0,0,0,0,0,0,0,iter,0,1,rootk,1,dynamic
59,39,0.001,14,1,3,3,9.39002e-06,3,9.39002e-06,9.38998e-06,0,3,3,iter,0,1,k1,1,dynamic
59,39,0.001,14,1,4,4,6.26002e-06,2,6.26002e-06,1.252e-05,0,2,2,iter,0,1,optk,1,dynamic
59,39,0.001,15,0,96143,96143,0.143599,45878,0.143599,0.259869,0,0,0,iter,0,1,rootk,1,dynamic
59,39,0.001,15,0,96143,96143,0.143652,45895,0.143652,0.259869,0,0,0,iter,0,1,k1,1,dynamic
59,39,0.001,15,0,96143,96143,0.143764,45931,0.143764,0.259869,0,0,0,iter,0,1,optk,1,dynamic
59,39,0.001,15,1,5974,5974,0.00758088,2422,0.00758088,0.0185249,0,0,0,iter,0,1,rootk,1,dynamic
59,39,0.001,15,1,6325,6325,0.00797526,2548,0.00797526,0.0196026,0,0,0,iter,0,1,optk,1,dynamic
59,39,0.001,15,1,6395,6395,0.00796274,2544,0.00796274,0.0198174,0,0,0,iter,0,1,k1,1,dynamic
59,39,0.001,15,2,763,763,0.00121757,389,0.00121757,0.00238535,452,0,452,iter,0,1,rootk,1,dynamic
59,39,0.001,15,2,797,797,0.00125826,402,0.00125826,0.00249151,472,0,472,iter,0,1,optk,1,dynamic
59,39,0.001,15,2,818,818,0.00128643,411,0.00128643,0.00255707,471,0,471,iter,0,1,k1,1,dynamic
59,39,0.001,16,0,122414,122414,0.167155,53404,0.167155,0.318294,69556,1,69557,type,0,8,k1,1,dynamic
59,39,0.001,16,0,123221,123221,0.167095,53385,0.167095,0.320014,69561,1,69562,type,0,8,rootk,1,dynamic
59,39,0.001,16,0,123390,123390,0.166801,53291,0.166801,0.320373,69652,1,69653,type,0,8,optk,1,dynamic
59,39,0.001,16,0,2152209,2152209,0.957031,305760,0.957031,0.998813,0,0,0,iter,0,1,k1,1,dynamic
59,39,0.001,16,0,2152209,2152209,0.957801,306006,0.957801,0.998813,0,0,0,iter,0,1,optk,1,dynamic
59,39,0.001,16,0,2152209,2152209,0.958108,306104,0.958108,0.998813,0,0,0,iter,0,1,rootk,1,dynamic
59,39,0.001,16,1,797790,797790,0.461078,147309,0.461078,0.917676,0,0,0,iter,0,1,k1,1,dynamic
59,39,0.001,16,1,799718,799718,0.462772,147850,0.462772,0.918171,0,0,0,iter,0,1,rootk,1,dynamic
59,39,0.001,16,1,799795,799795,0.461908,147574,0.461908,0.918191,0,0,0,iter,0,1,optk,1,dynamic
59,394,0.01,10,0,0,0,0,0,0,0,0,0,0,iter,0,1,k1,1,dynamic
59,394,0.01,10,0,0,0,0,0,0,0,0,0,0,iter,0,1,optk,1,dynamic
59,394,0.01,10,0,0,0,0,0,0,0,0,0,0,iter,0,1,rootk,1,dynamic
59,394,0.01,11,0,0,0,0,0,0,0,0,0,0,iter,0,1,k1,1,dynamic
59,394,0.01,11,0,0,0,0,0,0,0,0,0,0,iter,0,1,optk,1,dynamic
59,394,0.01,11,0,0,0,0,0,0,0,0,0,0,iter,0,1,rootk,1,dynamic
59,394,0.01,12,0,0,0,0,0,0,0,0,0,0,iter,0,1,k1,1,dynamic
59,394,0.01,12,0,0,0,0,0,0,0,0,0,0,iter,0,1,optk,1,dynamic
59,394,0.01,12,0,0,0,0,0,0,0,0,0,0,iter,0,1,rootk,1,dynamic
59,394,0.01,13,0,4,4,6.19646e-07,2,6.19646e-07,1.23929e-06,0,0,0,iter,0,1,k1,1,dynamic
59,394,0.01,13,0,4,4,6.19646e-07,2,6.19646e-07,1.23929e-06,0,0,0,iter,0,1,optk,1,dynamic
59,394,0.01,13,0,4,4,6.19646e-07,2,6.19646e-07,1.23929e-06,0,0,0,iter,0,1,rootk,1,dynamic
59,394,0.01,13,1,0,0,0,0,0,0,0,0,0,iter,0,1,k1,1,dynamic
59,394,0.01,13,1,0,0,0,0,0,0,0,0,0,iter,0,1,optk,1,dynamic
59,394,0.01,13,1,0,0,0,0,0,0,0,0,0,iter,0,1,rootk,1,dynamic
59,394,0.01,14,0,1616,1616,0.000294332,950,0.000294332,0.000500549,0,0,0,iter,0,1,rootk,1,dynamic
59,394,0.01,14,0,1616,1616,0.000294642,951,0.000294642,0.000500549,0,0,0,iter,0,1,k1,1,dynamic
59,394,0.01,14,0,1616,1616,0.000294642,951,0.000294642,0.000500549,0,0,0,iter,0,1,optk,1,dynamic
59,394,0.01,14,1,0,0,0,0,0,0,0,0,0,iter,0,1,optk,1,dynamic
59,394,0.01,14,1,1,1,3.09823e-07,1,3.09823e-07,3.09823e-07,0,1,1,iter,0,1,k1,1,dynamic
59,394,0.01,14,1,2,2,6.19646e-07,2,6.19646e-07,6.19646e-07,0,2,2,iter,0,1,rootk,1,dynamic
59,394,0.01,15,0,96143,96143,0.0152399,49189,0.0152399,0.0293481,0,0,0,iter,0,1,k1,1,dynamic
59,394,0.01,15,0,96143,96143,0.0152427,49198,0.0152427,0.0293481,0,0,0,iter,0,1,rootk,1,dynamic
59,394,0.01,15,0,96143,96143,0.0152529,49231,0.0152529,0.0293481,0,0,0,iter,0,1,optk,1,dynamic
59,394,0.01,15,1,602,602,8.67505e-05,280,8.67505e-05,0.000186496,0,280,280,iter,0,1,rootk,1,dynamic
59,394,0.01,15,1,660,660,8.64407e-05,279,8.64407e-05,0.000204462,0,280,280,iter,0,1,optk,1,dynamic
59,394,0.01,15,1,773,773,8.92291e-05,288,8.92291e-05,0.000239465,0,290,290,iter,0,1,k1,1,dynamic
59,394,0.01,16,0,2152209,2152209,0.268602,866952,0.268602,0.486653,0,0,0,iter,0,1,rootk,1,dynamic
59,394,0.01,16,0,2152209,2152209,0.268645,867090,0.268645,0.486653,0,0,0,iter,0,1,k1,1,dynamic
59,394,0.01,16,0,2152209,2152209,0.268782,867535,0.268782,0.486653,0,0,0,iter,0,1,optk,1,dynamic
59,394,0.01,16,1,224216,224216,0.0169975,54862,0.0169975,0.0671094,0,0,0,iter,0,1,rootk,1,dynamic
59,394,0.01,16,1,227801,227801,0.0170579,55057,0.0170579,0.068145,0,0,0,iter,0,1,optk,1,dynamic
59,394,0.01,16,1,231408,231408,0.0170725,55104,0.0170725,0.0691858,0,0,0,iter,0,1,k1,1,dynamic
59,394,0.01,16,2,36887,36887,0.00530479,17122,0.00530479,0.0113634,22455,1,22456,iter,0,1,optk,1,dynamic
59,394,0.01,16,2,36979,36979,0.00534631,17256,0.00534631,0.0113916,22697,1,22698,iter,0,1,k1,1,dynamic
59,394,0.01,16,2,37218,37218,0.00533856,17231,0.00533856,0.0114648,22579,1,22580,iter,0,1,rootk,1,dynamic
59,3942,0.1,10,0,0,0,0,0,0,0,0,0,0,iter,0,1,k1,1,dynamic
59,3942,0.1,10,0,0,0,0,0,0,0,0,0,0,iter,0,1,optk,5,dynamic
59,3942,0.1,10,0,0,0,0,0,0,0,0,0,0,iter,0,1,rootk,2,dynamic
59,3942,0.1,11,0,0,0,0,0,0,0,0,0,0,iter,0,1,k1,1,dynamic
59,3942,0.1,11,0,0,0,0,0,0,0,0,0,0,iter,0,1,optk,5,dynamic
59,3942,0.1,11,0,0,0,0,0,0,0,0,0,0,iter,0,1,rootk,2,dynamic
59,3942,0.1,12,0,0,0,0,0,0,0,0,0,0,iter,0,1,k1,1,dynamic
59,3942,0.1,12,0,0,0,0,0,0,0,0,0,0,iter,0,1,optk,5,dynamic
59,3942,0.1,12,0,0,0,0,0,0,0,0,0,0,iter,0,1,rootk,2,dynamic
59,3942,0.1,13,0,4,4,1.53429e-14,4,1.23866e-07,2.47733e-07,0,0,0,iter,0,1,rootk,2,dynamic
59,3942,0.1,13,0,4,4,2.84752e-33,10,3.09666e-07,6.19332e-07,0,0,0,iter,0,1,optk,5,dynamic
59,3942,0.1,13,0,4,4,6.19332e-08,2,6.19332e-08,1.23866e-07,0,0,0,iter,0,1,k1,1,dynamic
59,3942,0.1,13,1,0,0,0,0,0,0,0,0,0,iter,0,1,k1,1,dynamic
59,3942,0.1,13,1,0,0,0,0,0,0,0,0,0,iter,0,1,optk,5,dynamic
59,3942,0.1,13,1,0,0,0,0,0,0,0,0,0,iter,0,1,rootk,2,dynamic
59,3942,0.1,14,0,1616,1616,2.94492e-05,951,2.94492e-05,5.00408e-05,0,0,0,iter,0,1,k1,1,dynamic
59,3942,0.1,14,0,1616,1616,3.46903e-09,1902,5.88985e-05,0.000100079,0,0,0,iter,0,1,rootk,2,dynamic
59,3942,0.1,14,0,1616,1616,6.92181e-20,4755,0.000147246,0.000250179,0,0,0,iter,0,1,optk,5,dynamic
59,3942,0.1,14,1,0,0,0,0,0,0,0,0,0,iter,0,1,k1,1,dynamic
59,3942,0.1,14,1,0,0,0,0,0,0,0,0,0,iter,0,1,optk,5,dynamic
59,3942,0.1,14,1,0,0,0,0,0,0,0,0,0,iter,0,1,rootk,2,dynamic
59,3942,0.1,15,0,96143,96143,0.0015347,49560,0.0015347,0.00297279,0,0,0,iter,0,1,k1,1,dynamic
59,3942,0.1,15,0,96143,96143,2.61895e-11,247020,0.00764937,0.0147759,0,0,0,iter,0,1,optk,5,dynamic
59,3942,0.1,15,0,96143,96143,9.40645e-06,99042,0.00306699,0.00593675,0,0,0,iter,0,1,rootk,2,dynamic
59,3942,0.1,15,1,0,0,0,0,0,0,0,0,0,iter,0,1,optk,5,dynamic
59,3942,0.1,15,1,0,0,0,0,0,0,0,0,0,iter,0,1,rootk,2,dynamic
59,3942,0.1,15,1,68,68,8.36098e-07,27,8.36098e-07,2.10573e-06,0,27,27,iter,0,1,k1,1,dynamic
59,3942,0.1,16,0,2152209,2152209,0.00367539,1957754,0.060625,0.124792,0,0,0,iter,0,1,rootk,2,dynamic
59,3942,0.1,16,0,2152209,2152209,0.0307866,994186,0.0307866,0.0644742,0,0,0,iter,0,1,k1,1,dynamic
59,3942,0.1,16,0,2152209,2152209,6.3545e-05,4674367,0.144749,0.283397,0,0,0,iter,0,1,optk,5,dynamic
59,3942,0.1,16,1,26708,26708,0.000196669,6351,0.000196669,0.000826714,1,6395,6396,iter,0,1,k1,1,dynamic
59,3942,0.1,16,1,3498,3498,2.68719e-09,1674,5.18381e-05,0.000216619,1,837,838,iter,0,1,rootk,2,dynamic
59,3942,0.1,16,1,55,55,3.48247e-27,165,5.10949e-06,8.51578e-06,1,33,34,iter,0,1,optk,5,dynamic
59,19712,0.5,10,0,0,0,0,0,0,0,0,0,0,iter,0,1,k1,1,dynamic
59,19712,0.5,10,0,0,0,0,0,0,0,0,0,0,iter,0,1,optk,23,dynamic
59,19712,0.5,10,0,0,0,0,0,0,0,0,0,0,iter,0,1,rootk,5,dynamic
59,19712,0.5,11,0,0,0,0,0,0,0,0,0,0,iter,0,1,k1,1,dynamic
59,19712,0.5,11,0,0,0,0,0,0,0,0,0,0,iter,0,1,optk,23,dynamic
59,19712,0.5,11,0,0,0,0,0,0,0,0,0,0,iter,0,1,rootk,5,dynamic
59,19712,0.5,12,0,0,0,0,0,0,0,0,0,0,iter,0,1,k1,1,dynamic
59,19712,0.5,12,0,0,0,0,0,0,0,0,0,0,iter,0,1,optk,23,dynamic
59,19712,0.5,12,0,0,0,0,0,0,0,0,0,0,iter,0,1,rootk,5,dynamic
59,19712,0.5,13,0,4,4,1.23854e-08,2,1.23854e-08,2.47708e-08,0,0,0,iter,0,1,k1,1,dynamic
59,19712,0.5,13,0,4,4,2.86191e-151,46,2.84864e-07,5.69727e-07,0,0,0,iter,0,1,optk,23,dynamic
59,19712,0.5,13,0,4,4,9.10745e-37,10,6.19269e-08,1.23854e-07,0,0,0,iter,0,1,rootk,5,dynamic
59,19712,0.5,13,1,0,0,0,0,0,0,0,0,0,iter,0,1,k1,1,dynamic
59,19712,0.5,13,1,0,0,0,0,0,0,0,0,0,iter,0,1,optk,23,dynamic
59,19712,0.5,13,1,0,0,0,0,0,0,0,0,0,iter,0,1,rootk,5,dynamic
59,19712,0.5,14,0,1616,1616,1.07202e-89,21871,0.00013544,0.000230143,0,0,0,iter,0,1,optk,23,dynamic
59,19712,0.5,14,0,1616,1616,2.21386e-23,4755,2.94462e-05,5.00357e-05,0,0,0,iter,0,1,rootk,5,dynamic
59,19712,0.5,14,0,1616,1616,5.88925e-06,951,5.88925e-06,1.00073e-05,0,0,0,iter,0,1,k1,1,dynamic
59,19712,0.5,14,1,0,0,0,0,0,0,0,0,0,iter,0,1,k1,1,dynamic
59,19712,0.5,14,1,0,0,0,0,0,0,0,0,0,iter,0,1,optk,23,dynamic
59,19712,0.5,14,1,0,0,0,0,0,0,0,0,0,iter,0,1,rootk,5,dynamic
59,19712,0.5,15,0,96143,96143,0.000307089,49589,0.000307089,0.000595207,0,0,0,iter,0,1,k1,1,dynamic
59,19712,0.5,15,0,96143,96143,3.10657e-50,1136609,0.00703867,0.0136005,0,0,0,iter,0,1,optk,23,dynamic
59,19712,0.5,15,0,96143,96143,8.50622e-15,247781,0.00153443,0.00297249,0,0,0,iter,0,1,rootk,5,dynamic
59,19712,0.5,15,1,0,0,0,0,0,0,0,0,0,iter,0,1,optk,23,dynamic
59,19712,0.5,15,1,0,0,0,0,0,0,0,0,0,iter,0,1,rootk,5,dynamic
59,19712,0.5,15,1,8,8,3.71561e-08,6,3.71561e-08,4.95415e-08,0,6,6,iter,0,1,k1,1,dynamic
59,19712,0.5,16,0,2152209,2152209,0.00623474,1006791,0.00623474,0.0132395,0,0,0,iter,0,1,k1,1,dynamic
59,19712,0.5,16,0,2152209,2152209,2.76529e-08,4971285,0.0307856,0.0644679,0,0,0,iter,0,1,rootk,5,dynamic
59,19712,0.5,16,0,2152209,2152209,8.33925e-21,21633469,0.133969,0.264013,0,0,0,iter,0,1,optk,23,dynamic
59,19712,0.5,16,1,21,21,2.86191e-128,460,2.84864e-06,2.99106e-06,1,20,21,iter,0,1,optk,23,dynamic
59,19712,0.5,16,1,21,21,9.10745e-32,100,6.19269e-07,6.50232e-07,1,20,21,iter,0,1,rootk,5,dynamic
59,19712,0.5,16,1,4863,4863,8.42206e-06,1360,8.42206e-06,3.01146e-05,1,1362,1363,iter,0,1,k1,1,dynamic
60,69,0.001,11,0,0,0,0,0,0,0,0,0,0,iter,0,1,k1,1,dynamic
60,69,0.001,11,0,0,0,0,0,0,0,0,0,0,iter,0,1,optk,1,dynamic
60,69,0.001,11,0,0,0,0,0,0,0,0,0,0,iter,0,1,rootk,1,dynamic
60,69,0.001,12,0,0,0,0,0,0,0,0,0,0,iter,0,1,k1,1,dynamic
60,69,0.001,12,0,0,0,0,0,0,0,0,0,0,iter,0,1,optk,1,dynamic
60,69,0.001,12,0,0,0,0,0,0,0,0,0,0,iter,0,1,rootk,1,dynamic
60,69,0.001,13,0,0,0,0,0,0,0,0,0,0,iter,0,1,k1,1,dynamic
60,69,0.001,13,0,0,0,0,0,0,0,0,0,0,iter,0,1,optk,1,dynamic
60,69,0.001,13,0,0,0,0,0,0,0,0,0,0,iter,0,1,rootk,1,dynamic
60,69,0.001,14,0,68,68,5.3074e-05,30,5.3074e-05,0.000120294,0,0,0,iter,0,1,k1,1,dynamic
60,69,0.001,14,0,68,68,5.3074e-05,30,5.3074e-05,0.000120294,0,0,0,iter,0,1,optk,1,dynamic
60,69,0.001,14,0,68,68,5.3074e-05,30,5.3074e-05,0.000120294,0,0,0,iter,0,1,rootk,1,dynamic
60,69,0.001,14,1,0,0,0,0,0,0,0,0,0,iter,0,1,k1,1,dynamic
60,69,0.001,14,1,0,0,0,0,0,0,0,0,0,iter,0,1,optk,1,dynamic
60,69,0.001,14,1,0,0,0,0,0,0,0,0,0,iter,0,1,rootk,1,dynamic
60,69,0.001,15,0,868,868,0.000272447,154,0.000272447,0.00153443,0,0,0,iter,0,1,rootk,1,dynamic
60,69,0.001,15,0,868,868,0.000274216,155,0.000274216,0.00153443,0,0,0,iter,0,1,k1,1,dynamic
60,69,0.001,15,0,868,868,0.000274216,155,0.000274216,0.00153443,0,0,0,iter,0,1,optk,1,dynamic
60,69,0.001,15,1,11,11,1.06148e-05,6,1.06148e-05,1.94603e-05,0,6,6,iter,0,1,optk,1,dynamic
60,69,0.001,15,1,13,13,8.84567e-06,5,8.84567e-06,2.29985e-05,0,5,5,iter,0,1,k1,1,dynamic
60,69,0.001,15,1,3,3,5.3074e-06,3,5.3074e-06,5.30739e-06,0,3,3,iter,0,1,rootk,1,dynamic
60,69,0.001,16,0,70700,70700,0.0250669,14169,0.0250669,0.117572,0,0,0,iter,0,1,optk,1,dynamic
60,69,0.001,16,0,70700,70700,0.0250704,14171,0.0250704,0.117572,0,0,0,iter,0,1,k1,1,dynamic
60,69,0.001,16,0,70700,70700,0.0251129,14195,0.0251129,0.117572,0,0,0,iter,0,1,rootk,1,dynamic
60,69,0.001,16,1,10636,10636,0.00915527,5175,0.00915527,0.0186406,0,0,0,iter,0,1,rootk,1,dynamic
60,69,0.001,16,1,11010,11010,0.00930211,5258,0.00930211,0.0192897,0,0,0,iter,0,1,optk,1,dynamic
60,69,0.001,16,1,11454,11454,0.00948079,5359,0.00948079,0.0200597,0,0,0,iter,0,1,k1,1,dynamic
60,69,0.001,16,2,520,520,0.000229988,130,0.000229988,0.000919527,133,0,133,iter,0,1,k1,1,dynamic
60,69,0.001,16,2,612,612,0.000217604,123,0.000217604,0.00108212,128,0,128,iter,0,1,rootk,1,dynamic
60,69,0.001,16,2,792,792,0.00024591,139,0.00024591,0.00140017,141,0,141,iter,0,1,optk,1,dynamic
60,69,0.001,17,0,3106656,3106656,0.648448,366534,0.648448,0.995897,0,0,0,iter,0,1,k1,1,dynamic
60,69,0.001,17,0,3106656,3106656,0.648896,366787,0.648896,0.995897,0,0,0,iter,0,1,optk,1,dynamic
60,69,0.001,17,0,3106656,3106656,0.648922,366802,0.648922,0.995897,0,0,0,iter,0,1,rootk,1,dynamic
60,69,0.001,17,0,353874,353874,0.112743,63728,0.112743,0.465301,68400,1,68401,type,0,8,optk,1,dynamic
60,69,0.001,17,0,356308,356308,0.113003,63875,0.113003,0.467598,68392,1,68393,type,0,8,rootk,1,dynamic
60,69,0.001,17,0,357577,357577,0.113051,63902,0.113051,0.468792,68580,1,68581,type,0,8,k1,1,dynamic
60,69,0.001,17,1,4210094,4210094,0.91566,517575,0.91566,0.999418,0,0,0,iter,0,1,rootk,1,dynamic
60,69,0.001,17,1,4211148,4211148,0.914961,517180,0.914961,0.999419,0,0,0,iter,0,1,optk,1,dynamic
60,69,0.001,17,1,4211759,4211759,0.914583,516966,0.914583,0.999419,0,0,0,iter,0,1,k1,1,dynamic
60,689,0.01,11,0,0,0,0,0,0,0,0,0,0,iter,0,1,k1,1,dynamic
60,689,0.01,11,0,0,0,0,0,0,0,0,0,0,iter,0,1,optk,1,dynamic
60,689,0.01,11,0,0,0,0,0,0,0,0,0,0,iter,0,1,rootk,1,dynamic
60,689,0.01,12,0,0,0,0,0,0,0,0,0,0,iter,0,1,k1,1,dynamic
60,689,0.01,12,0,0,0,0,0,0,0,0,0,0,iter,0,1,optk,1,dynamic
60,689,0.01,12,0,0,0,0,0,0,0,0,0,0,iter,0,1,rootk,1,dynamic
60,689,0.01,13,0,0,0,0,0,0,0,0,0,0,iter,0,1,k1,1,dynamic
60,689,0.01,13,0,0,0,0,0,0,0,0,0,0,iter,0,1,optk,1,dynamic
60,689,0.01,13,0,0,0,0,0,0,0,0,0,0,iter,0,1,rootk,1,dynamic
60,689,0.01,14,0,68,68,5.31511e-06,30,5.31511e-06,1.20475e-05,0,0,0,iter,0,1,k1,1,dynamic
60,689,0.01,14,0,68,68,5.31511e-06,30,5.31511e-06,1.20475e-05,0,0,0,iter,0,1,optk,1,dynamic
60,689,0.01,14,0,68,68,5.31511e-06,30,5.31511e-06,1.20475e-05,0,0,0,iter,0,1,rootk,1,dynamic
60,689,0.01,14,1,0,0,0,0,0,0,0,0,0,iter,0,1,k1,1,dynamic
60,689,0.01,14,1,0,0,0,0,0,0,0,0,0,iter,0,1,optk,1,dynamic
60,689,0.01,14,1,0,0,0,0,0,0,0,0,0,iter,0,1,rootk,1,dynamic
60,689,0.01,15,0,868,868,2.74614e-05,155,2.74614e-05,0.000153772,0,0,0,iter,0,1,k1,1,dynamic
60,689,0.01,15,0,868,868,2.74614e-05,155,2.74614e-05,0.000153772,0,0,0,iter,0,1,optk,1,dynamic
60,689,0.01,15,0,868,868,2.74614e-05,155,2.74614e-05,0.000153772,0,0,0,iter,0,1,rootk,1,dynamic
60,689,0.01,15,1,0,0,0,0,0,0,0,0,0,iter,0,1,k1,1,dynamic
60,689,0.01,15,1,0,0,0,0,0,0,0,0,0,iter,0,1,rootk,1,dynamic
60,689,0.01,15,1,1,1,1.7717e-07,1,1.7717e-07,1.7717e-07,0,1,1,iter,0,1,optk,1,dynamic
60,689,0.01,16,0,70700,70700,0.0025392,14332,0.0025392,0.0124478,0,0,0,iter,0,1,optk,1,dynamic
60,689,0.01,16,0,70700,70700,0.00253974,14335,0.00253974,0.0124478,0,0,0,iter,0,1,k1,1,dynamic
60,689,0.01,16,0,70700,70700,0.00254009,14337,0.00254009,0.0124478,0,0,0,iter,0,1,rootk,1,dynamic
60,689,0.01,16,1,1107,1107,9.9924e-05,564,9.9924e-05,0.000196108,0,594,594,iter,0,1,optk,1,dynamic
60,689,0.01,16,1,1121,1121,9.30144e-05,525,9.30144e-05,0.000198588,0,541,541,iter,0,1,rootk,1,dynamic
60,689,0.01,16,1,1154,1154,9.92153e-05,560,9.92153e-05,0.000204434,0,584,584,iter,0,1,k1,1,dynamic
60,689,0.01,17,0,3106656,3106656,0.099583,562075,0.099583,0.423285,0,0,0,iter,0,1,rootk,1,dynamic
60,689,0.01,17,0,3106656,3106656,0.0995913,562122,0.0995913,0.423285,0,0,0,iter,0,1,optk,1,dynamic
60,689,0.01,17,0,3106656,3106656,0.0996283,562331,0.0996283,0.423285,0,0,0,iter,0,1,k1,1,dynamic
60,689,0.01,17,1,638328,638328,0.0371037,209424,0.0371037,0.106932,0,0,0,iter,0,1,k1,1,dynamic
60,689,0.01,17,1,646110,646110,0.0371104,209462,0.0371104,0.108163,0,0,0,iter,0,1,optk,1,dynamic
60,689,0.01,17,1,647393,647393,0.0371471,209669,0.0371471,0.108365,0,0,0,iter,0,1,rootk,1,dynamic
60,689,0.01,17,2,112417,112417,0.00391617,22104,0.00391617,0.0197199,0,0,0,iter,0,1,optk,1,dynamic
60,689,0.01,17,2,118349,118349,0.00391121,22076,0.00391121,0.0207496,0,0,0,iter,0,1,k1,1,dynamic
60,689,0.01,17,2,118505,118505,0.00395249,22309,0.00395249,0.0207767,0,0,0,iter,0,1,rootk,1,dynamic
60,689,0.01,17,3,25450,25450,0.00150719,8507,0.00150719,0.00449883,1,11734,11735,iter,0,1,optk,1,dynamic
60,689,0.01,17,3,26506,26506,0.00151286,8539,0.00151286,0.00468507,1,11715,11716,iter,0,1,k1,1,dynamic
60,689,0.01,17,3,27149,27149,0.00153341,8655,0.00153341,0.00479845,1,11932,11933,iter,0,1,rootk,1,dynamic
60,6893,0.1,11,0,0,0,0,0,0,0,0,0,0,iter,0,1,k1,1,dynamic
60,6893,0.1,11,0,0,0,0,0,0,0,0,0,0,iter,0,1,optk,5,dynamic
60,6893,0.1,11,0,0,0,0,0,0,0,0,0,0,iter,0,1,rootk,2,dynamic
60,6893,0.1,12,0,0,0,0,0,0,0,0,0,0,iter,0,1,k1,1,dynamic
60,6893,0.1,12,0,0,0,0,0,0,0,0,0,0,iter,0,1,optk,5,dynamic
60,6893,0.1,12,0,0,0,0,0,0,0,0,0,0,iter,0,1,rootk,2,dynamic
60,6893,0.1,13,0,0,0,0,0,0,0,0,0,0,iter,0,1,k1,1,dynamic
60,6893,0.1,13,0,0,0,0,0,0,0,0,0,0,iter,0,1,optk,5,dynamic
60,6893,0.1,13,0,0,0,0,0,0,0,0,0,0,iter,0,1,rootk,2,dynamic
60,6893,0.1,14,0,68,68,1.12903e-12,60,1.06256e-06,2.40846e-06,0,0,0,iter,0,1,rootk,2,dynamic
60,6893,0.1,14,0,68,68,1.32271e-28,150,2.6564e-06,6.02115e-06,0,0,0,iter,0,1,optk,5,dynamic
60,6893,0.1,14,0,68,68,5.31279e-07,30,5.31279e-07,1.20423e-06,0,0,0,iter,0,1,k1,1,dynamic
60,6893,0.1,14,1,0,0,0,0,0,0,0,0,0,iter,0,1,k1,1,dynamic
60,6893,0.1,14,1,0,0,0,0,0,0,0,0,0,iter,0,1,optk,5,dynamic
60,6893,0.1,14,1,0,0,0,0,0,0,0,0,0,iter,0,1,rootk,2,dynamic
60,6893,0.1,15,0,868,868,2.74494e-06,155,2.74494e-06,1.53716e-05,0,0,0,iter,0,1,k1,1,dynamic
60,6893,0.1,15,0,868,868,3.01389e-11,310,5.48989e-06,3.07429e-05,0,0,0,iter,0,1,rootk,2,dynamic
60,6893,0.1,15,0,868,868,4.86987e-25,775,1.37247e-05,7.68555e-05,0,0,0,iter,0,1,optk,5,dynamic
60,6893,0.1,15,1,0,0,0,0,0,0,0,0,0,iter,0,1,k1,1,dynamic
60,6893,0.1,15,1,0,0,0,0,0,0,0,0,0,iter,0,1,optk,5,dynamic
60,6893,0.1,15,1,0,0,0,0,0,0,0,0,0,iter,0,1,rootk,2,dynamic
60,6893,0.1,16,0,70700,70700,0.0002542,14354,0.0002542,0.00125127,0,0,0,iter,0,1,k1,1,dynamic
60,6893,0.1,16,0,70700,70700,2.58308e-07,28699,0.00050824,0.00250096,0,0,0,iter,0,1,rootk,2,dynamic
60,6893,0.1,16,0,70700,70700,3.30691e-15,71727,0.00127024,0.00624069,0,0,0,iter,0,1,optk,5,dynamic
60,6893,0.1,16,1,0,0,0,0,0,0,0,0,0,iter,0,1,optk,5,dynamic
60,6893,0.1,16,1,0,0,0,0,0,0,0,0,0,iter,0,1,rootk,2,dynamic
60,6893,0.1,16,1,201,201,9.38594e-07,53,9.38594e-07,3.55957e-06,0,53,53,iter,0,1,k1,1,dynamic
60,6893,0.1,17,0,3106656,3106656,0.000430834,1172069,0.0207565,0.104196,0,0,0,iter,0,1,rootk,2,dynamic
60,6893,0.1,17,0,3106656,3106656,0.0104323,589087,0.0104323,0.0535307,0,0,0,iter,0,1,k1,1,dynamic
60,6893,0.1,17,0,3106656,3106656,3.47733e-07,2884346,0.0510798,0.240491,0,0,0,iter,0,1,optk,5,dynamic
60,6893,0.1,17,1,231,231,1.05743e-24,905,1.60269e-05,2.04541e-05,1,181,182,iter,0,1,optk,5,dynamic
60,6893,0.1,17,1,3053,3053,1.54008e-09,2216,3.92438e-05,0.000108127,1,1108,1109,iter,0,1,rootk,2,dynamic
60,6893,0.1,17,1,67283,67283,0.000399469,22557,0.000399469,0.00119083,1,23382,23383,iter,0,1,k1,1,dynamic
60,34464,0.5,11,0,0,0,0,0,0,0,0,0,0,iter,0,1,k1,1,dynamic
60,34464,0.5,11,0,0,0,0,0,0,0,0,0,0,iter,0,1,optk,24,dynamic
60,34464,0.5,11,0,0,0,0,0,0,0,0,0,0,iter,0,1,rootk,5,dynamic
60,34464,0.5,12,0,0,0,0,0,0,0,0,0,0,iter,0,1,k1,1,dynamic
60,34464,0.5,12,0,0,0,0,0,0,0,0,0,0,iter,0,1,optk,24,dynamic
60,34464,0.5,12,0,0,0,0,0,0,0,0,0,0,iter,0,1,rootk,5,dynamic
60,34464,0.5,13,0,0,0,0,0,0,0,0,0,0,iter,0,1,k1,1,dynamic
60,34464,0.5,13,0,0,0,0,0,0,0,0,0,0,iter,0,1,optk,24,dynamic
60,34464,0.5,13,0,0,0,0,0,0,0,0,0,0,iter,0,1,rootk,5,dynamic
60,34464,0.5,14,0,68,68,1.06259e-07,30,1.06259e-07,2.40854e-07,0,0,0,iter,0,1,k1,1,dynamic
60,34464,0.5,14,0,68,68,4.23329e-32,150,5.31295e-07,1.20427e-06,0,0,0,iter,0,1,rootk,5,dynamic
60,34464,0.5,14,0,68,68,5.72592e-135,720,2.55022e-06,5.78047e-06,0,0,0,iter,0,1,optk,24,dynamic
60,34464,0.5,14,1,0,0,0,0,0,0,0,0,0,iter,0,1,k1,1,dynamic
60,34464,0.5,14,1,0,0,0,0,0,0,0,0,0,iter,0,1,optk,24,dynamic
60,34464,0.5,14,1,0,0,0,0,0,0,0,0,0,iter,0,1,rootk,5,dynamic
60,34464,0.5,15,0,868,868,1.55858e-28,775,2.74502e-06,1.5372e-05,0,0,0,iter,0,1,rootk,5,dynamic
60,34464,0.5,15,0,868,868,5.49005e-07,155,5.49005e-07,3.07442e-06,0,0,0,iter,0,1,k1,1,dynamic
60,34464,0.5,15,0,868,868,7.44892e-118,3719,1.31726e-05,7.37835e-05,0,0,0,iter,0,1,optk,24,dynamic
60,34464,0.5,15,1,0,0,0,0,0,0,0,0,0,iter,0,1,k1,1,dynamic
60,34464,0.5,15,1,0,0,0,0,0,0,0,0,0,iter,0,1,optk,24,dynamic
60,34464,0.5,15,1,0,0,0,0,0,0,0,0,0,iter,0,1,rootk,5,dynamic
60,34464,0.5,16,0,70700,70700,1.0608e-18,71760,0.000254171,0.0012513,0,0,0,iter,0,1,rootk,5,dynamic
60,34464,0.5,16,0,70700,70700,1.17004e-70,344295,0.00121948,0.00599198,0,0,0,iter,0,1,optk,24,dynamic
60,34464,0.5,16,0,70700,70700,5.08414e-05,14354,5.08414e-05,0.000250386,0,0,0,iter,0,1,k1,1,dynamic
60,34464,0.5,16,1,0,0,0,0,0,0,0,0,0,iter,0,1,optk,24,dynamic
60,34464,0.5,16,1,0,0,0,0,0,0,0,0,0,iter,0,1,rootk,5,dynamic
60,34464,0.5,16,1,28,28,4.25036e-08,12,4.25036e-08,9.9175e-08,0,12,12,iter,0,1,k1,1,dynamic
60,34464,0.5,17,0,3106656,3106656,0.0020954,591591,0.0020954,0.0109434,0,0,0,iter,0,1,k1,1,dynamic
60,34464,0.5,17,0,3106656,3106656,1.23564e-10,2945331,0.0104323,0.0535322,0,0,0,iter,0,1,rootk,5,dynamic
60,34464,0.5,17,0,3106656,3106656,3.83785e-32,13859874,0.0490912,0.232094,0,0,0,iter,0,1,optk,24,dynamic
60,34464,0.5,17,1,13708,13708,1.6293e-05,4600,1.6293e-05,4.85521e-05,1,4634,4635,iter,0,1,k1,1,dynamic
60,34464,0.5,17,1,225,225,2.71316e-116,4320,1.53013e-05,1.91264e-05,1,180,181,iter,0,1,optk,24,dynamic
60,34464,0.5,17,1,225,225,3.29181e-28,900,3.18777e-06,3.9847e-06,1,180,181,iter,0,1,rootk,5,dynamic
61,39,0.001,10,0,0,0,0,0,0,0,0,0,0,iter,0,1,k1,1,dynamic
61,39,0.001,10,0,0,0,0,0,0,0,0,0,0,iter,0,1,optk,1,dynamic
61,39,0.001,10,0,0,0,0,0,0,0,0,0,0,iter,0,1,rootk,1,dynamic
61,39,0.001,11,0,0,0,0,0,0,0,0,0,0,iter,0,1,k1,1,dynamic
61,39,0.001,11,0,0,0,0,0,0,0,0,0,0,iter,0,1,optk,1,dynamic
61,39,0.001,11,0,0,0,0,0,0,0,0,0,0,iter,0,1,rootk,1,dynamic
61,39,0.001,12,0,0,0,0,0,0,0,0,0,0,iter,0,1,k1,1,dynamic
61,39,0.001,12,0,0,0,0,0,0,0,0,0,0,iter,0,1,optk,1,dynamic
61,39,0.001,12,0,0,0,0,0,0,0,0,0,0,iter,0,1,rootk,1,dynamic
61,39,0.001,13,0,39,39,7.19902e-05,23,7.19902e-05,0.000122063,0,0,0,iter,0,1,k1,1,dynamic
61,39,0.001,13,0,39,39,7.19902e-05,23,7.19902e-05,0.000122063,0,0,0,iter,0,1,optk,1,dynamic
61,39,0.001,13,0,39,39,7.19902e-05,23,7.19902e-05,0.000122063,0,0,0,iter,0,1,rootk,1,dynamic
61,39,0.001,13,1,0,0,0,0,0,0,0,0,0,iter,0,1,k1,1,dynamic
61,39,0.001,13,1,0,0,0,0,0,0,0,0,0,iter,0,1,optk,1,dynamic
61,39,0.001,13,1,0,0,0,0,0,0,0,0,0,iter,0,1,rootk,1,dynamic
61,39,0.001,14,0,3213,3213,0.00567783,1814,0.00567783,0.0100063,0,0,0,iter,0,1,rootk,1,dynamic
61,39,0.001,14,0,3213,3213,0.00568409,1816,0.00568409,0.0100063,0,0,0,iter,0,1,k1,1,dynamic
61,39,0.001,14,0,3213,3213,0.00568409,1816,0.00568409,0.0100063,0,0,0,iter,0,1,optk,1,dynamic
61,39,0.001,14,1,10,10,2.50401e-05,8,2.50401e-05,3.12996e-05,0,8,8,iter,0,1,optk,1,dynamic
61,39,0.001,14,1,11,11,2.50401e-05,8,2.50401e-05,3.44295e-05,0,10,10,iter,0,1,k1,1,dynamic
61,39,0.001,14,1,8,8,1.878e-05,6,1.878e-05,2.50398e-05,0,6,6,iter,0,1,rootk,1,dynamic
61,39,0.001,15,0,122389,122389,0.174839,55859,0.174839,0.318241,0,0,0,iter,0,1,rootk,1,dynamic
61,39,0.001,15,0,122389,122389,0.174886,55874,0.174886,0.318241,0,0,0,iter,0,1,k1,1,dynamic
61,39,0.001,15,0,122389,122389,0.175024,55918,0.175024,0.318241,0,0,0,iter,0,1,optk,1,dynamic
61,39,0.001,15,1,7852,7852,0.00914275,2921,0.00914275,0.0242773,0,0,0,iter,0,1,rootk,1,dynamic
61,39,0.001,15,1,8008,8008,0.00933994,2984,0.00933994,0.0247536,0,0,0,iter,0,1,optk,1,dynamic
61,39,0.001,15,1,8241,8241,0.00957782,3060,0.00957782,0.0254646,0,0,0,iter,0,1,k1,1,dynamic
61,39,0.001,15,2,1086,1086,0.00178723,571,0.00178723,0.00339342,673,0,673,iter,0,1,rootk,1,dynamic
61,39,0.001,15,2,1152,1152,0.001878,600,0.001878,0.00359928,705,0,705,iter,0,1,optk,1,dynamic
61,39,0.001,15,2,1206,1206,0.00190304,608,0.00190304,0.00376767,699,0,699,iter,0,1,k1,1,dynamic
61,39,0.001,16,0,121523,121523,0.166144,53081,0.166144,0.31639,69383,1,69384,type,0,8,optk,1,dynamic
61,39,0.001,16,0,122325,122325,0.167183,53413,0.167183,0.318104,69788,1,69789,type,0,8,k1,1,dynamic
61,39,0.001,16,0,122960,122960,0.166895,53321,0.166895,0.319458,69838,1,69839,type,0,8,rootk,1,dynamic
61,39,0.001,16,0,2148741,2148741,0.958308,306168,0.958308,0.9988,0,0,0,iter,0,1,optk,1,dynamic
61,39,0.001,16,0,2148741,2148741,0.958903,306358,0.958903,0.9988,0,0,0,iter,0,1,k1,1,dynamic
61,39,0.001,16,0,2148741,2148741,0.959078,306414,0.959078,0.9988,0,0,0,iter,0,1,rootk,1,dynamic
61,39,0.001,16,1,839714,839714,0.457504,146167,0.457504,0.9278,0,0,0,iter,0,1,k1,1,dynamic
61,39,0.001,16,1,840313,840313,0.457914,146298,0.457914,0.927935,0,0,0,iter,0,1,optk,1,dynamic
61,39,0.001,16,1,840395,840395,0.459144,146691,0.459144,0.927953,0,0,0,iter,0,1,rootk,1,dynamic
61,391,0.01,10,0,0,0,0,0,0,0,0,0,0,iter,0,1,k1,1,dynamic
61,391,0.01,10,0,0,0,0,0,0,0,0,0,0,iter,0,1,optk,1,dynamic
61,391,0.01,10,0,0,0,0,0,0,0,0,0,0,iter,0,1,rootk,1,dynamic
61,391,0.01,11,0,0,0,0,0,0,0,0,0,0,iter,0,1,k1,1,dynamic
61,391,0.01,11,0,0,0,0,0,0,0,0,0,0,iter,0,1,optk,1,dynamic
61,391,0.01,11,0,0,0,0,0,0,0,0,0,0,iter,0,1,rootk,1,dynamic
61,391,0.01,12,0,0,0,0,0,0,0,0,0,0,iter,0,1,k1,1,dynamic
61,391,0.01,12,0,0,0,0,0,0,0,0,0,0,iter,0,1,optk,1,dynamic
61,391,0.01,12,0,0,0,0,0,0,0,0,0,0,iter,0,1,rootk,1,dynamic
61,391,0.01,13,0,39,39,7.18061e-06,23,7.18061e-06,1.21757e-05,0,0,0,iter,0,1,k1,1,dynamic
61,391,0.01,13,0,39,39,7.18061e-06,23,7.18061e-06,1.21757e-05,0,0,0,iter,0,1,optk,1,dynamic
61,391,0.01,13,0,39,39,7.18061e-06,23,7.18061e-06,1.21757e-05,0,0,0,iter,0,1,rootk,1,dynamic
61,391,0.01,13,1,0,0,0,0,0,0,0,0,0,iter,0,1,k1,1,dynamic
61,391,0.01,13,1,0,0,0,0,0,0,0,0,0,iter,0,1,optk,1,dynamic
61,391,0.01,13,1,0,0,0,0,0,0,0,0,0,iter,0,1,rootk,1,dynamic
61,391,0.01,14,0,3213,3213,0.000568205,1820,0.000568205,0.0010026,0,0,0,iter,0,1,optk,1,dynamic
61,391,0.01,14,0,3213,3213,0.000568205,1820,0.000568205,0.0010026,0,0,0,iter,0,1,rootk,1,dynamic
61,391,0.01,14,0,3213,3213,0.000568517,1821,0.000568517,0.0010026,0,0,0,iter,0,1,k1,1,dynamic
61,391,0.01,14,1,0,0,0,0,0,0,0,0,0,iter,0,1,optk,1,dynamic
61,391,0.01,14,1,1,1,3.122e-07,1,3.122e-07,3.122e-07,0,1,1,iter,0,1,rootk,1,dynamic
61,391,0.01,14,1,2,2,3.122e-07,1,3.122e-07,6.244e-07,0,1,1,iter,0,1,k1,1,dynamic
61,391,0.01,15,0,122389,122389,0.0189818,60800,0.0189818,0.0374891,0,0,0,iter,0,1,rootk,1,dynamic
61,391,0.01,15,0,122389,122389,0.0189849,60810,0.0189849,0.0374891,0,0,0,iter,0,1,optk,1,dynamic
61,391,0.01,15,0,122389,122389,0.0189905,60828,0.0189905,0.0374891,0,0,0,iter,0,1,k1,1,dynamic
61,391,0.01,15,1,814,814,9.58455e-05,307,9.58455e-05,0.000254099,0,309,309,iter,0,1,k1,1,dynamic
61,391,0.01,15,1,911,911,0.000102402,328,0.000102402,0.000284374,0,329,329,iter,0,1,optk,1,dynamic
61,391,0.01,15,1,981,981,0.000103026,330,0.000103026,0.000306222,0,334,334,iter,0,1,rootk,1,dynamic
61,391,0.01,16,0,2148741,2148741,0.27231,872229,0.27231,0.48872,0,0,0,iter,0,1,optk,1,dynamic
61,391,0.01,16,0,2148741,2148741,0.272486,872793,0.272486,0.48872,0,0,0,iter,0,1,k1,1,dynamic
61,391,0.01,16,0,2148741,2148741,0.272674,873396,0.272674,0.48872,0,0,0,iter,0,1,rootk,1,dynamic
61,391,0.01,16,1,237546,237546,0.0172013,55097,0.0172013,0.0714787,0,0,0,iter,0,1,k1,1,dynamic
61,391,0.01,16,1,239316,239316,0.017349,55570,0.017349,0.0719916,0,0,0,iter,0,1,optk,1,dynamic
61,391,0.01,16,1,241860,241860,0.0173405,55543,0.0173405,0.0727284,0,0,0,iter,0,1,rootk,1,dynamic
61,391,0.01,16,2,36610,36610,0.00548286,17562,0.00548286,0.0113646,23107,1,23108,iter,0,1,k1,1,dynamic
61,391,0.01,16,2,37355,37355,0.00555685,17799,0.00555685,0.0115945,23308,1,23309,iter,0,1,rootk,1,dynamic
61,391,0.01,16,2,38037,38037,0.00558589,17892,0.00558589,0.0118049,23426,1,23427,iter,0,1,optk,1,dynamic
61,3907,0.1,10,0,0,0,0,0,0,0,0,0,0,iter,0,1,k1,1,dynamic
61,3907,0.1,10,0,0,0,0,0,0,0,0,0,0,iter,0,1,optk,4,dynamic
61,3907,0.1,10,0,0,0,0,0,0,0,0,0,0,iter,0,1,rootk,2,dynamic
61,3907,0.1,11,0,0,0,0,0,0,0,0,0,0,iter,0,1,k1,1,dynamic
61,3907,0.1,11,0,0,0,0,0,0,0,0,0,0,iter,0,1,optk,4,dynamic
61,3907,0.1,11,0,0,0,0,0,0,0,0,0,0,iter,0,1,rootk,2,dynamic
61,3907,0.1,12,0,0,0,0,0,0,0,0,0,0,iter,0,1,k1,1,dynamic
61,3907,0.1,12,0,0,0,0,0,0,0,0,0,0,iter,0,1,optk,4,dynamic
61,3907,0.1,12,0,0,0,0,0,0,0,0,0,0,iter,0,1,rootk,2,dynamic
61,3907,0.1,13,0,39,39,2.06561e-12,46,1.43722e-06,2.43703e-06,0,0,0,iter,0,1,rootk,2,dynamic
61,3907,0.1,13,0,39,39,6.82681e-23,92,2.87445e-06,4.87405e-06,0,0,0,iter,0,1,optk,4,dynamic
61,3907,0.1,13,0,39,39,7.18612e-07,23,7.18612e-07,1.21852e-06,0,0,0,iter,0,1,k1,1,dynamic
61,3907,0.1,13,1,0,0,0,0,0,0,0,0,0,iter,0,1,k1,1,dynamic
61,3907,0.1,13,1,0,0,0,0,0,0,0,0,0,iter,0,1,optk,4,dynamic
61,3907,0.1,13,1,0,0,0,0,0,0,0,0,0,iter,0,1,rootk,2,dynamic
61,3907,0.1,14,0,3213,3213,1.29483e-08,3642,0.000113791,0.000200754,0,0,0,iter,0,1,rootk,2,dynamic
61,3907,0.1,14,0,3213,3213,2.68107e-15,7283,0.00022755,0.000401467,0,0,0,iter,0,1,optk,4,dynamic
61,3907,0.1,14,0,3213,3213,5.68953e-05,1821,5.68953e-05,0.000100382,0,0,0,iter,0,1,k1,1,dynamic
61,3907,0.1,14,1,0,0,0,0,0,0,0,0,0,iter,0,1,k1,1,dynamic
61,3907,0.1,14,1,0,0,0,0,0,0,0,0,0,iter,0,1,optk,4,dynamic
61,3907,0.1,14,1,0,0,0,0,0,0,0,0,0,iter,0,1,rootk,2,dynamic
61,3907,0.1,15,0,122389,122389,0.00191641,61337,0.00191641,0.00381662,0,0,0,iter,0,1,k1,1,dynamic
61,3907,0.1,15,0,122389,122389,1.4653e-05,122517,0.00382792,0.00761867,0,0,0,iter,0,1,rootk,2,dynamic
61,3907,0.1,15,0,122389,122389,3.41142e-09,244606,0.00764247,0.0151793,0,0,0,iter,0,1,optk,4,dynamic
61,3907,0.1,15,1,0,0,0,0,0,0,0,0,0,iter,0,1,optk,4,dynamic
61,3907,0.1,15,1,0,0,0,0,0,0,0,0,0,iter,0,1,rootk,2,dynamic
61,3907,0.1,15,1,50,50,1.03105e-06,33,1.03105e-06,1.5622e-06,0,33,33,iter,0,1,k1,1,dynamic
61,3907,0.1,16,0,2148741,2148741,0.000204214,3826086,0.119542,0.235506,0,0,0,iter,0,1,optk,4,dynamic
61,3907,0.1,16,0,2148741,2148741,0.00380268,1973686,0.0616658,0.125647,0,0,0,iter,0,1,rootk,2,dynamic
61,3907,0.1,16,0,2148741,2148741,0.031332,1002816,0.031332,0.0649313,0,0,0,iter,0,1,k1,1,dynamic
61,3907,0.1,16,1,1128,1128,3.49632e-18,1384,4.32417e-05,0.000140963,1,346,347,iter,0,1,optk,4,dynamic
61,3907,0.1,16,1,27238,27238,0.000209022,6690,0.000209022,0.000850662,1,6725,6726,iter,0,1,k1,1,dynamic
61,3907,0.1,16,1,3391,3391,4.45385e-09,2136,6.67372e-05,0.000211874,1,1068,1069,iter,0,1,rootk,2,dynamic
61,19533,0.5,10,0,0,0,0,0,0,0,0,0,0,iter,0,1,k1,1,dynamic
61,19533,0.5,10,0,0,0,0,0,0,0,0,0,0,iter,0,1,optk,22,dynamic
61,19533,0.5,10,0,0,0,0,0,0,0,0,0,0,iter,0,1,rootk,5,dynamic
61,19533,0.5,11,0,0,0,0,0,0,0,0,0,0,iter,0,1,k1,1,dynamic
61,19533,0.5,11,0,0,0,0,0,0,0,0,0,0,iter,0,1,optk,22,dynamic
61,19533,0.5,11,0,0,0,0,0,0,0,0,0,0,iter,0,1,rootk,5,dynamic
61,19533,0.5,12,0,0,0,0,0,0,0,0,0,0,iter,0,1,k1,1,dynamic
61,19533,0.5,12,0,0,0,0,0,0,0,0,0,0,iter,0,1,optk,22,dynamic
61,19533,0.5,12,0,0,0,0,0,0,0,0,0,0,iter,0,1,rootk,5,dynamic
61,19533,0.5,13,0,39,39,1.43737e-07,23,1.43737e-07,2.43728e-07,0,0,0,iter,0,1,k1,1,dynamic
61,19533,0.5,13,0,39,39,1.91732e-31,115,7.18686e-07,1.21864e-06,0,0,0,iter,0,1,rootk,5,dynamic
61,19533,0.5,13,0,39,39,9.99576e-122,506,3.16222e-06,5.36201e-06,0,0,0,iter,0,1,optk,22,dynamic
61,19533,0.5,13,1,0,0,0,0,0,0,0,0,0,iter,0,1,k1,1,dynamic
61,19533,0.5,13,1,0,0,0,0,0,0,0,0,0,iter,0,1,optk,22,dynamic
61,19533,0.5,13,1,0,0,0,0,0,0,0,0,0,iter,0,1,rootk,5,dynamic
61,19533,0.5,14,0,3213,3213,1.13802e-05,1821,1.13802e-05,2.00792e-05,0,0,0,iter,0,1,k1,1,dynamic
61,19533,0.5,14,0,3213,3213,5.86012e-80,40059,0.000250346,0.00044165,0,0,0,iter,0,1,optk,22,dynamic
61,19533,0.5,14,0,3213,3213,5.96493e-22,9105,5.69012e-05,0.000100392,0,0,0,iter,0,1,rootk,5,dynamic
61,19533,0.5,14,1,0,0,0,0,0,0,0,0,0,iter,0,1,k1,1,dynamic
61,19533,0.5,14,1,0,0,0,0,0,0,0,0,0,iter,0,1,optk,22,dynamic
61,19533,0.5,14,1,0,0,0,0,0,0,0,0,0,iter,0,1,rootk,5,dynamic
61,19533,0.5,15,0,122389,122389,0.000383566,61376,0.000383566,0.00076457,0,0,0,iter,0,1,k1,1,dynamic
61,19533,0.5,15,0,122389,122389,2.17736e-46,1344653,0.00840333,0.0166862,0,0,0,iter,0,1,optk,22,dynamic
61,19533,0.5,15,0,122389,122389,2.58501e-14,306656,0.00191643,0.00381701,0,0,0,iter,0,1,rootk,5,dynamic
61,19533,0.5,15,1,0,0,0,0,0,0,0,0,0,iter,0,1,optk,22,dynamic
61,19533,0.5,15,1,0,0,0,0,0,0,0,0,0,iter,0,1,rootk,5,dynamic
61,19533,0.5,15,1,10,10,4.37461e-08,7,4.37461e-08,6.24944e-08,0,7,7,iter,0,1,k1,1,dynamic
61,19533,0.5,16,0,2148741,2148741,0.00634602,1015454,0.00634602,0.0133387,0,0,0,iter,0,1,k1,1,dynamic
61,19533,0.5,16,0,2148741,2148741,3.01887e-08,5013348,0.0313306,0.0649377,0,0,0,iter,0,1,rootk,5,dynamic
61,19533,0.5,16,0,2148741,2148741,3.61304e-20,20913457,0.130697,0.255785,0,0,0,iter,0,1,optk,22,dynamic
61,19533,0.5,16,1,5619,5619,9.94911e-06,1592,9.94911e-06,3.5115e-05,1,1594,1595,iter,0,1,k1,1,dynamic
61,19533,0.5,16,1,572,572,6.1648e-97,6776,4.23462e-05,7.86399e-05,1,308,309,iter,0,1,optk,22,dynamic
61,19533,0.5,16,1,572,572,8.25675e-26,1540,9.62414e-06,1.78732e-05,1,308,309,iter,0,1,rootk,5,dynamic
62,2,0.001,12,0,0,0,0,0,0,0,0,0,0,iter,0,1,k1,1,dynamic
62,2,0.001,12,0,0,0,0,0,0,0,0,0,0,iter,0,1,optk,1,dynamic
62,2,0.001,12,0,0,0,0,0,0,0,0,0,0,iter,0,1,rootk,1,dynamic
62,2,0.001,13,0,0,0,0,0,0,0,0,0,0,iter,0,1,k1,1,dynamic
62,2,0.001,13,0,0,0,0,0,0,0,0,0,0,iter,0,1,optk,1,dynamic
62,2,0.001,13,0,0,0,0,0,0,0,0,0,0,iter,0,1,rootk,1,dynamic
62,2,0.001,14,0,121,121,0.00170898,28,0.00170898,0.00735805,0,0,0,iter,0,1,k1,1,dynamic
62,2,0.001,14,0,121,121,0.00170898,28,0.00170898,0.00735805,0,0,0,iter,0,1,optk,1,dynamic
62,2,0.001,14,0,121,121,0.00170898,28,0.00170898,0.00735805,0,0,0,iter,0,1,rootk,1,dynamic
62,2,0.001,14,1,0,0,0,0,0,0,0,0,0,iter,0,1,k1,1,dynamic
62,2,0.001,14,1,0,0,0,0,0,0,0,0,0,iter,0,1,optk,1,dynamic
62,2,0.001,14,1,0,0,0,0,0,0,0,0,0,iter,0,1,rootk,1,dynamic
62,2,0.001,15,0,3374,3374,0.0919189,1506,0.0919189,0.186112,0,0,0,iter,0,1,optk,1,dynamic
62,2,0.001,15,0,3374,3374,0.0921631,1510,0.0921631,0.186112,0,0,0,iter,0,1,k1,1,dynamic
62,2,0.001,15,0,3374,3374,0.0928345,1521,0.0928345,0.186112,0,0,0,iter,0,1,rootk,1,dynamic
62,2,0.001,15,1,31,31,0.000732422,12,0.000732422,0.0018903,0,13,13,iter,0,1,k1,1,dynamic
62,2,0.001,15,1,40,40,0.0010376,17,0.0010376,0.00243843,0,17,17,iter,0,1,rootk,1,dynamic
62,2,0.001,15,1,77,77,0.0010376,17,0.0010376,0.00468868,0,17,17,iter,0,1,optk,1,dynamic
62,2,0.001,16,0,2667,2667,0.0756836,1240,0.0756836,0.150223,1633,1,1634,type,0,7,k1,1,dynamic
62,2,0.001,16,0,2671,2671,0.0790405,1295,0.0790405,0.15043,1732,1,1733,type,0,7,optk,1,dynamic
62,2,0.001,16,0,2852,2852,0.0803223,1316,0.0803223,0.159764,1718,1,1719,type,0,7,rootk,1,dynamic
62,2,0.001,16,0,83030,83030,0.913818,14972,0.913818,0.993703,0,0,0,iter,0,1,k1,1,dynamic
62,2,0.001,16,0,83030,83030,0.916626,15018,0.916626,0.993703,0,0,0,iter,0,1,rootk,1,dynamic
62,2,0.001,16,0,83030,83030,0.916748,15020,0.916748,0.993703,0,0,0,iter,0,1,optk,1,dynamic
62,2,0.001,16,1,19507,19507,0.228699,3747,0.228699,0.695965,0,0,0,iter,0,1,optk,1,dynamic
62,2,0.001,16,1,19582,19582,0.227234,3723,0.227234,0.697354,0,0,0,iter,0,1,k1,1,dynamic
62,2,0.001,16,1,19750,19750,0.233093,3819,0.233093,0.700441,0,0,0,iter,0,1,rootk,1,dynamic
62,16,0.01,12,0,0,0,0,0,0,0,0,0,0,iter,0,1,k1,1,dynamic
62,16,0.01,12,0,0,0,0,0,0,0,0,0,0,iter,0,1,optk,1,dynamic
62,16,0.01,12,0,0,0,0,0,0,0,0,0,0,iter,0,1,rootk,1,dynamic
62,16,0.01,13,0,0,0,0,0,0,0,0,0,0,iter,0,1,k1,1,dynamic
62,16,0.01,13,0,0,0,0,0,0,0,0,0,0,iter,0,1,optk,1,dynamic
62,16,0.01,13,0,0,0,0,0,0,0,0,0,0,iter,0,1,rootk,1,dynamic
62,16,0.01,14,0,121,121,0.000213623,28,0.000213623,0.000922731,0,0,0,iter,0,1,k1,1,dynamic
62,16,0.01,14,0,121,121,0.000213623,28,0.000213623,0.000922731,0,0,0,iter,0,1,optk,1,dynamic
62,16,0.01,14,0,121,121,0.000213623,28,0.000213623,0.000922731,0,0,0,iter,0,1,rootk,1,dynamic
62,16,0.01,14,1,0,0,0,0,0,0,0,0,0,iter,0,1,k1,1,dynamic
62,16,0.01,14,1,0,0,0,0,0,0,0,0,0,iter,0,1,optk,1,dynamic
62,16,0.01,14,1,0,0,0,0,0,0,0,0,0,iter,0,1,rootk,1,dynamic
62,16,0.01,15,0,3374,3374,0.0120468,1579,0.0120468,0.0254131,0,0,0,iter,0,1,rootk,1,dynamic
62,16,0.01,15,0,3374,3374,0.0120544,1580,0.0120544,0.0254131,0,0,0,iter,0,1,optk,1,dynamic
62,16,0.01,15,0,3374,3374,0.012085,1584,0.012085,0.0254131,0,0,0,iter,0,1,k1,1,dynamic
62,16,0.01,15,1,10,10,3.05176e-05,4,3.05176e-05,7.6291e-05,0,4,4,iter,0,1,optk,1,dynamic
62,16,0.01,15,1,14,14,3.05176e-05,4,3.05176e-05,0.000106806,0,4,4,iter,0,1,k1,1,dynamic
62,16,0.01,15,1,8,8,2.28882e-05,3,2.28882e-05,6.10333e-05,0,3,3,iter,0,1,rootk,1,dynamic
62,16,0.01,16,0,83030,83030,0.267212,35024,0.267212,0.469252,0,0,0,iter,0,1,k1,1,dynamic
62,16,0.01,16,0,83030,83030,0.267235,35027,0.267235,0.469252,0,0,0,iter,0,1,optk,1,dynamic
62,16,0.01,16,0,83030,83030,0.267235,35027,0.267235,0.469252,0,0,0,iter,0,1,rootk,1,dynamic
62,16,0.01,16,1,5323,5323,0.00952911,1249,0.00952911,0.0397977,0,0,0,iter,0,1,k1,1,dynamic
62,16,0.01,16,1,5393,5393,0.00952148,1248,0.00952148,0.0403103,0,0,0,iter,0,1,optk,1,dynamic
62,16,0.01,16,1,5631,5631,0.0100327,1315,0.0100327,0.0420514,0,0,0,iter,0,1,rootk,1,dynamic
62,16,0.01,16,2,800,800,0.00325775,427,0.00325775,0.00608493,559,1,560,iter,0,1,rootk,1,dynamic
62,16,0.01,16,2,808,808,0.0032196,422,0.0032196,0.00614559,545,1,546,iter,0,1,optk,1,dynamic
62,16,0.01,16,2,813,813,0.0032959,432,0.0032959,0.0061835,545,1,546,iter,0,1,k1,1,dynamic
62,156,0.1,12,0,0,0,0,0,0,0,0,0,0,iter,0,1,k1,1,dynamic
62,156,0.1,12,0,0,0,0,0,0,0,0,0,0,iter,0,1,optk,4,dynamic
62,156,0.1,12,0,0,0,0,0,0,0,0,0,0,iter,0,1,rootk,2,dynamic
62,156,0.1,13,0,0,0,0,0,0,0,0,0,0,iter,0,1,k1,1,dynamic
62,156,0.1,13,0,0,0,0,0,0,0,0,0,0,iter,0,1,optk,4,dynamic
62,156,0.1,13,0,0,0,0,0,0,0,0,0,0,iter,0,1,rootk,2,dynamic
62,156,0.1,14,0,121,121,1.9202e-09,56,4.38201e-05,0.000189348,0,0,0,iter,0,1,rootk,2,dynamic
62,156,0.1,14,0,121,121,2.19101e-05,28,2.19101e-05,9.46783e-05,0,0,0,iter,0,1,k1,1,dynamic
62,156,0.1,14,0,121,121,5.89948e-17,112,8.76402e-05,0.000378659,0,0,0,iter,0,1,optk,4,dynamic
62,156,0.1,14,1,0,0,0,0,0,0,0,0,0,iter,0,1,k1,1,dynamic
62,156,0.1,14,1,0,0,0,0,0,0,0,0,0,iter,0,1,optk,4,dynamic
62,156,0.1,14,1,0,0,0,0,0,0,0,0,0,iter,0,1,rootk,2,dynamic
62,156,0.1,15,0,3374,3374,0.00124183,1587,0.00124183,0.00263668,0,0,0,iter,0,1,k1,1,dynamic
62,156,0.1,15,0,3374,3374,6.09205e-10,6349,0.00496811,0.0105051,0,0,0,iter,0,1,optk,4,dynamic
62,156,0.1,15,0,3374,3374,6.18024e-06,3177,0.00248601,0.00526641,0,0,0,iter,0,1,rootk,2,dynamic
62,156,0.1,15,1,0,0,0,0,0,0,0,0,0,iter,0,1,k1,1,dynamic
62,156,0.1,15,1,0,0,0,0,0,0,0,0,0,iter,0,1,optk,4,dynamic
62,156,0.1,15,1,0,0,0,0,0,0,0,0,0,iter,0,1,rootk,2,dynamic
62,156,0.1,16,0,83030,83030,0.000204914,152900,0.119645,0.228859,0,0,0,iter,0,1,optk,4,dynamic
62,156,0.1,16,0,83030,83030,0.00381069,78889,0.0617308,0.121854,0,0,0,iter,0,1,rootk,2,dynamic
62,156,0.1,16,0,83030,83030,0.0313658,40084,0.0313658,0.0629055,0,0,0,iter,0,1,k1,1,dynamic
62,156,0.1,16,1,122,122,3.91878e-09,80,6.26002e-05,0.000190912,1,40,41,iter,0,1,rootk,2,dynamic
62,156,0.1,16,1,79,79,4.38607e-17,104,8.13802e-05,0.00024724,1,26,27,iter,0,1,optk,4,dynamic
62,156,0.1,16,1,794,794,0.000133025,170,0.000133025,0.000621114,1,171,172,iter,0,1,k1,1,dynamic
62,778,0.5,12,0,0,0,0,0,0,0,0,0,0,iter,0,1,k1,1,dynamic
62,778,0.5,12,0,0,0,0,0,0,0,0,0,0,iter,0,1,optk,19,dynamic
62,778,0.5,12,0,0,0,0,0,0,0,0,0,0,iter,0,1,rootk,4,dynamic
62,778,0.5,13,0,0,0,0,0,0,0,0,0,0,iter,0,1,k1,1,dynamic
62,778,0.5,13,0,0,0,0,0,0,0,0,0,0,iter,0,1,optk,19,dynamic
62,778,0.5,13,0,0,0,0,0,0,0,0,0,0,iter,0,1,rootk,4,dynamic
62,778,0.5,14,0,121,121,3.23072e-78,532,8.34722e-05,0.000360654,0,0,0,iter,0,1,optk,19,dynamic
62,778,0.5,14,0,121,121,4.39328e-06,28,4.39328e-06,1.8985e-05,0,0,0,iter,0,1,k1,1,dynamic
62,778,0.5,14,0,121,121,9.53661e-20,112,1.75731e-05,7.5938e-05,0,0,0,iter,0,1,rootk,4,dynamic
62,778,0.5,14,1,0,0,0,0,0,0,0,0,0,iter,0,1,k1,1,dynamic
62,778,0.5,14,1,0,0,0,0,0,0,0,0,0,iter,0,1,optk,19,dynamic
62,778,0.5,14,1,0,0,0,0,0,0,0,0,0,iter,0,1,rootk,4,dynamic
62,778,0.5,15,0,3374,3374,0.000249475,1590,0.000249475,0.00052925,0,0,0,iter,0,1,k1,1,dynamic
62,778,0.5,15,0,3374,3374,6.6051e-45,30137,0.00472858,0.010008,0,0,0,iter,0,1,optk,19,dynamic
62,778,0.5,15,0,3374,3374,9.90385e-13,6358,0.000997587,0.00211532,0,0,0,iter,0,1,rootk,4,dynamic
62,778,0.5,15,1,0,0,0,0,0,0,0,0,0,iter,0,1,k1,1,dynamic
62,778,0.5,15,1,0,0,0,0,0,0,0,0,0,iter,0,1,optk,19,dynamic
62,778,0.5,15,1,0,0,0,0,0,0,0,0,0,iter,0,1,rootk,4,dynamic
62,778,0.5,16,0,83030,83030,0.00636978,40597,0.00636978,0.0129431,0,0,0,iter,0,1,k1,1,dynamic
62,778,0.5,16,0,83030,83030,1.27685e-18,728765,0.114345,0.219269,0,0,0,iter,0,1,optk,19,dynamic
62,778,0.5,16,0,83030,83030,4.05873e-07,160867,0.0252405,0.0507761,0,0,0,iter,0,1,rootk,4,dynamic
62,778,0.5,16,1,189,189,7.68823e-06,49,7.68823e-06,2.96542e-05,1,49,50,iter,0,1,k1,1,dynamic
62,778,0.5,16,1,72,72,3.75109e-79,475,7.45288e-05,0.00021462,1,25,26,iter,0,1,optk,19,dynamic
62,778,0.5,16,1,72,72,6.06069e-20,100,1.56903e-05,4.5187e-05,1,25,26,iter,0,1,rootk,4,dynamic
63,13,0.001,12,0,0,0,0,0,0,0,0,0,0,iter,0,1,k1,1,dynamic
63,13,0.001,12,0,0,0,0,0,0,0,0,0,0,iter,0,1,optk,1,dynamic
63,13,0.001,12,0,0,0,0,0,0,0,0,0,0,iter,0,1,rootk,1,dynamic
63,13,0.001,13,0,0,0,0,0,0,0,0,0,0,iter,0,1,k1,1,dynamic
63,13,0.001,13,0,0,0,0,0,0,0,0,0,0,iter,0,1,optk,1,dynamic
63,13,0.001,13,0,0,0,0,0,0,0,0,0,0,iter,0,1,rootk,1,dynamic
63,13,0.001,14,0,0,0,0,0,0,0,0,0,0,iter,0,1,k1,1,dynamic
63,13,0.001,14,0,0,0,0,0,0,0,0,0,0,iter,0,1,optk,1,dynamic
63,13,0.001,14,0,0,0,0,0,0,0,0,0,0,iter,0,1,rootk,1,dynamic
63,13,0.001,15,0,70,70,0.000441331,47,0.000441331,0.000657086,0,0,0,iter,0,1,k1,1,dynamic
63,13,0.001,15,0,70,70,0.000441331,47,0.000441331,0.000657086,0,0,0,iter,0,1,optk,1,dynamic
63,13,0.001,15,0,70,70,0.000441331,47,0.000441331,0.000657086,0,0,0,iter,0,1,rootk,1,dynamic
63,13,0.001,15,1,0,0,0,0,0,0,0,0,0,iter,0,1,k1,1,dynamic
63,13,0.001,15,1,0,0,0,0,0,0,0,0,0,iter,0,1,optk,1,dynamic
63,13,0.001,15,1,0,0,0,0,0,0,0,0,0,iter,0,1,rootk,1,dynamic
63,13,0.001,16,0,28843,28843,0.158391,16868,0.158391,0.237259,0,0,0,iter,0,1,rootk,1,dynamic
63,13,0.001,16,0,28843,28843,0.15841,16870,0.15841,0.237259,0,0,0,iter,0,1,optk,1,dynamic
63,13,0.001,16,0,28843,28843,0.158682,16899,0.158682,0.237259,0,0,0,iter,0,1,k1,1,dynamic
63,13,0.001,16,1,399,399,0.00184983,197,0.00184983,0.00373961,0,200,200,iter,0,1,rootk,1,dynamic
63,13,0.001,16,1,449,449,0.00183105,195,0.00183105,0.00420725,0,196,196,iter,0,1,optk,1,dynamic
63,13,0.001,16,1,467,467,0.00175593,187,0.00175593,0.00437554,0,188,188,iter,0,1,k1,1,dynamic
63,13,0.001,17,0,23878,23878,0.12007,12787,0.12007,0.200857,18958,0,18958,type,0,8,optk,1,dynamic
63,13,0.001,17,0,27842,27842,0.13609,14493,0.13609,0.230056,22660,1,22661,type,0,7,k1,1,dynamic
63,13,0.001,17,0,27960,27960,0.136756,14564,0.136756,0.230908,22707,1,22708,type,0,7,rootk,1,dynamic
63,13,0.001,17,0,836113,836113,0.988319,105252,0.988319,0.999611,0,0,0,iter,0,1,k1,1,dynamic
63,13,0.001,17,0,836113,836113,0.988319,105252,0.988319,0.999611,0,0,0,iter,0,1,optk,1,dynamic
63,13,0.001,17,0,836113,836113,0.988713,105294,0.988713,0.999611,0,0,0,iter,0,1,rootk,1,dynamic
63,13,0.001,17,1,107862,107862,0.232121,24720,0.232121,0.636809,0,0,0,iter,0,1,rootk,1,dynamic
63,13,0.001,17,1,107951,107951,0.23045,24542,0.23045,0.637113,0,0,0,iter,0,1,k1,1,dynamic
63,13,0.001,17,1,108071,108071,0.23075,24574,0.23075,0.637521,0,0,0,iter,0,1,optk,1,dynamic
63,13,0.001,17,1,24104,24104,0.121075,12894,0.121075,0.202551,19199,0,19199,type,1,8,optk,1,dynamic
63,13,0.001,17,2,24327,24327,0.121009,12887,0.121009,0.204219,19284,1,19285,type,2,8,optk,1,dynamic
63,128,0.01,12,0,0,0,0,0,0,0,0,0,0,iter,0,1,k1,1,dynamic
63,128,0.01,12,0,0,0,0,0,0,0,0,0,0,iter,0,1,optk,1,dynamic
63,128,0.01,12,0,0,0,0,0,0,0,0,0,0,iter,0,1,rootk,1,dynamic
63,128,0.01,13,0,0,0,0,0,0,0,0,0,0,iter,0,1,k1,1,dynamic
63,128,0.01,13,0,0,0,0,0,0,0,0,0,0,iter,0,1,optk,1,dynamic
63,128,0.01,13,0,0,0,0,0,0,0,0,0,0,iter,0,1,rootk,1,dynamic
63,128,0.01,14,0,0,0,0,0,0,0,0,0,0,iter,0,1,k1,1,dynamic
63,128,0.01,14,0,0,0,0,0,0,0,0,0,0,iter,0,1,optk,1,dynamic
63,128,0.01,14,0,0,0,0,0,0,0,0,0,0,iter,0,1,rootk,1,dynamic
63,128,0.01,15,0,70,70,4.48227e-05,47,4.48227e-05,6.6755e-05,0,0,0,iter,0,1,k1,1,dynamic
63,128,0.01,15,0,70,70,4.48227e-05,47,4.48227e-05,6.6755e-05,0,0,0,iter,0,1,optk,1,dynamic
63,128,0.01,15,0,70,70,4.48227e-05,47,4.48227e-05,6.6755e-05,0,0,0,iter,0,1,rootk,1,dynamic
63,128,0.01,15,1,0,0,0,0,0,0,0,0,0,iter,0,1,k1,1,dynamic
63,128,0.01,15,1,0,0,0,0,0,0,0,0,0,iter,0,1,optk,1,dynamic
63,128,0.01,15,1,0,0,0,0,0,0,0,0,0,iter,0,1,rootk,1,dynamic
63,128,0.01,16,0,28843,28843,0.0173321,18174,0.0173321,0.027132,0,0,0,iter,0,1,optk,1,dynamic
63,128,0.01,16,0,28843,28843,0.0173378,18180,0.0173378,0.027132,0,0,0,iter,0,1,k1,1,dynamic
63,128,0.01,16,0,28843,28843,0.0173512,18194,0.0173512,0.027132,0,0,0,iter,0,1,rootk,1,dynamic
63,128,0.01,16,1,42,42,1.81198e-05,19,1.81198e-05,4.00535e-05,0,19,19,iter,0,1,k1,1,dynamic
63,128,0.01,16,1,43,43,1.81198e-05,19,1.81198e-05,4.10072e-05,0,19,19,iter,0,1,rootk,1,dynamic
63,128,0.01,16,1,47,47,1.90735e-05,20,1.90735e-05,4.48217e-05,0,20,20,iter,0,1,optk,1,dynamic
63,128,0.01,17,0,836113,836113,0.361683,379252,0.361683,0.549492,0,0,0,iter,0,1,optk,1,dynamic
63,128,0.01,17,0,836113,836113,0.36184,379417,0.36184,0.549492,0,0,0,iter,0,1,rootk,1,dynamic
63,128,0.01,17,0,836113,836113,0.362489,380097,0.362489,0.549492,0,0,0,iter,0,1,k1,1,dynamic
63,128,0.01,17,1,38586,38586,0.00970364,10175,0.00970364,0.0361296,0,0,0,iter,0,1,optk,1,dynamic
63,128,0.01,17,1,39854,39854,0.00973511,10208,0.00973511,0.0372945,0,0,0,iter,0,1,k1,1,dynamic
63,128,0.01,17,1,40999,40999,0.00963593,10104,0.00963593,0.0383452,0,0,0,iter,0,1,rootk,1,dynamic
63,128,0.01,17,2,7772,7772,0.00427723,4485,0.00427723,0.00738456,6442,1,6443,iter,0,1,rootk,1,dynamic
63,128,0.01,17,2,8138,8138,0.00434303,4554,0.00434303,0.00773096,6572,1,6573,iter,0,1,optk,1,dynamic
63,128,0.01,17,2,8283,8283,0.00437164,4584,0.00437164,0.00786817,6676,1,6677,iter,0,1,k1,1,dynamic
63,1283,0.1,12,0,0,0,0,0,0,0,0,0,0,iter,0,1,k1,1,dynamic
63,1283,0.1,12,0,0,0,0,0,0,0,0,0,0,iter,0,1,optk,3,dynamic
63,1283,0.1,12,0,0,0,0,0,0,0,0,0,0,iter,0,1,rootk,2,dynamic
63,1283,0.1,13,0,0,0,0,0,0,0,0,0,0,iter,0,1,k1,1,dynamic
63,1283,0.1,13,0,0,0,0,0,0,0,0,0,0,iter,0,1,optk,3,dynamic
63,1283,0.1,13,0,0,0,0,0,0,0,0,0,0,iter,0,1,rootk,2,dynamic
63,1283,0.1,14,0,0,0,0,0,0,0,0,0,0,iter,0,1,k1,1,dynamic
63,1283,0.1,14,0,0,0,0,0,0,0,0,0,0,iter,0,1,optk,3,dynamic
63,1283,0.1,14,0,0,0,0,0,0,0,0,0,0,iter,0,1,rootk,2,dynamic
63,1283,0.1,15,0,70,70,2.41439e-15,141,1.34154e-05,1.99801e-05,0,0,0,iter,0,1,optk,3,dynamic
63,1283,0.1,15,0,70,70,4.47179e-06,47,4.47179e-06,6.66009e-06,0,0,0,iter,0,1,k1,1,dynamic
63,1283,0.1,15,0,70,70,7.99876e-11,94,8.94358e-06,1.33201e-05,0,0,0,iter,0,1,rootk,2,dynamic
63,1283,0.1,15,1,0,0,0,0,0,0,0,0,0,iter,0,1,k1,1,dynamic
63,1283,0.1,15,1,0,0,0,0,0,0,0,0,0,iter,0,1,optk,3,dynamic
63,1283,0.1,15,1,0,0,0,0,0,0,0,0,0,iter,0,1,rootk,2,dynamic
63,1283,0.1,16,0,28843,28843,0.00174362,18326,0.00174362,0.00274049,0,0,0,iter,0,1,k1,1,dynamic
63,1283,0.1,16,0,28843,28843,1.21329e-05,36610,0.00348324,0.00547347,0,0,0,iter,0,1,rootk,2,dynamic
63,1283,0.1,16,0,28843,28843,1.42463e-07,54893,0.00522276,0.00819896,0,0,0,iter,0,1,optk,3,dynamic
63,1283,0.1,16,1,0,0,0,0,0,0,0,0,0,iter,0,1,optk,3,dynamic
63,1283,0.1,16,1,0,0,0,0,0,0,0,0,0,iter,0,1,rootk,2,dynamic
63,1283,0.1,16,1,16,16,1.90289e-07,2,1.90289e-07,1.52231e-06,0,2,2,iter,0,1,k1,1,dynamic
63,1283,0.1,17,0,836113,836113,0.00199611,1323361,0.12591,0.212313,0,0,0,iter,0,1,optk,3,dynamic
63,1283,0.1,17,0,836113,836113,0.00735918,901636,0.0857856,0.147091,0,0,0,iter,0,1,rootk,2,dynamic
63,1283,0.1,17,0,836113,836113,0.0438532,460912,0.0438532,0.0764695,0,0,0,iter,0,1,k1,1,dynamic
63,1283,0.1,17,1,1236,1236,2.05107e-09,476,4.52888e-05,0.000235169,1,238,239,iter,0,1,rootk,2,dynamic
63,1283,0.1,17,1,176,176,2.1191e-15,135,1.28445e-05,5.0235e-05,1,45,46,iter,0,1,optk,3,dynamic
63,1283,0.1,17,1,4938,4938,0.000114554,1204,0.000114554,0.000469713,1,1208,1209,iter,0,1,k1,1,dynamic
63,6413,0.5,12,0,0,0,0,0,0,0,0,0,0,iter,0,1,k1,1,dynamic
63,6413,0.5,12,0,0,0,0,0,0,0,0,0,0,iter,0,1,optk,14,dynamic
63,6413,0.5,12,0,0,0,0,0,0,0,0,0,0,iter,0,1,rootk,4,dynamic
63,6413,0.5,13,0,0,0,0,0,0,0,0,0,0,iter,0,1,k1,1,dynamic
63,6413,0.5,13,0,0,0,0,0,0,0,0,0,0,iter,0,1,optk,14,dynamic
63,6413,0.5,13,0,0,0,0,0,0,0,0,0,0,iter,0,1,rootk,4,dynamic
63,6413,0.5,14,0,0,0,0,0,0,0,0,0,0,iter,0,1,k1,1,dynamic
63,6413,0.5,14,0,0,0,0,0,0,0,0,0,0,iter,0,1,optk,14,dynamic
63,6413,0.5,14,0,0,0,0,0,0,0,0,0,0,iter,0,1,rootk,4,dynamic
63,6413,0.5,15,0,70,70,1.63994e-22,188,3.57855e-06,5.32974e-06,0,0,0,iter,0,1,rootk,4,dynamic
63,6413,0.5,15,0,70,70,2.33801e-69,658,1.25249e-05,1.8654e-05,0,0,0,iter,0,1,optk,14,dynamic
63,6413,0.5,15,0,70,70,8.94637e-07,47,8.94637e-07,1.33244e-06,0,0,0,iter,0,1,k1,1,dynamic
63,6413,0.5,15,1,0,0,0,0,0,0,0,0,0,iter,0,1,k1,1,dynamic
63,6413,0.5,15,1,0,0,0,0,0,0,0,0,0,iter,0,1,optk,14,dynamic
63,6413,0.5,15,1,0,0,0,0,0,0,0,0,0,iter,0,1,rootk,4,dynamic
63,6413,0.5,16,0,28843,28843,0.000349061,18338,0.000349061,0.000548871,0,0,0,iter,0,1,k1,1,dynamic
63,6413,0.5,16,0,28843,28843,3.79203e-12,73311,0.00139546,0.00219368,0,0,0,iter,0,1,rootk,4,dynamic
63,6413,0.5,16,0,28843,28843,4.28958e-33,256142,0.00487562,0.00765684,0,0,0,iter,0,1,optk,14,dynamic
63,6413,0.5,16,1,0,0,0,0,0,0,0,0,0,iter,0,1,k1,1,dynamic
63,6413,0.5,16,1,0,0,0,0,0,0,0,0,0,iter,0,1,optk,14,dynamic
63,6413,0.5,16,1,0,0,0,0,0,0,0,0,0,iter,0,1,rootk,4,dynamic
63,6413,0.5,17,0,836113,836113,0.00893089,469187,0.00893089,0.0157893,0,0,0,iter,0,1,k1,1,dynamic
63,6413,0.5,17,0,836113,836113,1.01912e-13,6201081,0.118036,0.199736,0,0,0,iter,0,1,optk,14,dynamic
63,6413,0.5,17,0,836113,836113,1.54416e-06,1851929,0.0352511,0.061677,0,0,0,iter,0,1,rootk,4,dynamic
63,6413,0.5,17,1,1239,1239,4.89195e-06,257,4.89195e-06,2.35839e-05,1,258,259,iter,0,1,k1,1,dynamic
63,6413,0.5,17,1,3,3,2.7222e-27,12,2.28418e-07,2.28418e-07,1,3,4,iter,0,1,rootk,4,dynamic
63,6413,0.5,17,1,3,3,4.35686e-86,42,7.99463e-07,7.99462e-07,1,3,4,iter,0,1,optk,14,dynamic
64,67,0.001,11,0,0,0,0,0,0,0,0,0,0,iter,0,1,k1,1,dynamic
64,67,0.001,11,0,0,0,0,0,0,0,0,0,0,iter,0,1,optk,1,dynamic
64,67,0.001,11,0,0,0,0,0,0,0,0,0,0,iter,0,1,rootk,1,dynamic
64,67,0.001,12,0,0,0,0,0,0,0,0,0,0,iter,0,1,k1,1,dynamic
64,67,0.001,12,0,0,0,0,0,0,0,0,0,0,iter,0,1,optk,1,dynamic
64,67,0.001,12,0,0,0,0,0,0,0,0,0,0,iter,0,1,rootk,1,dynamic
64,67,0.001,13,0,0,0,0,0,0,0,0,0,0,iter,0,1,k1,1,dynamic
64,67,0.001,13,0,0,0,0,0,0,0,0,0,0,iter,0,1,optk,1,dynamic
64,67,0.001,13,0,0,0,0,0,0,0,0,0,0,iter,0,1,rootk,1,dynamic
64,67,0.001,14,0,37,37,2.91511e-05,16,2.91511e-05,6.74097e-05,0,0,0,iter,0,1,k1,1,dynamic
64,67,0.001,14,0,37,37,2.91511e-05,16,2.91511e-05,6.74097e-05,0,0,0,iter,0,1,optk,1,dynamic
64,67,0.001,14,0,37,37,2.91511e-05,16,2.91511e-05,6.74097e-05,0,0,0,iter,0,1,rootk,1,dynamic
64,67,0.001,14,1,0,0,0,0,0,0,0,0,0,iter,0,1,k1,1,dynamic
64,67,0.001,14,1,0,0,0,0,0,0,0,0,0,iter,0,1,optk,1,dynamic
64,67,0.001,14,1,0,0,0,0,0,0,0,0,0,iter,0,1,rootk,1,dynamic
64,67,0.001,15,0,1572,1572,0.000974741,535,0.000974741,0.00286,0,0,0,iter,0,1,optk,1,dynamic
64,67,0.001,15,0,1572,1572,0.000974741,535,0.000974741,0.00286,0,0,0,iter,0,1,rootk,1,dynamic
64,67,0.001,15,0,1572,1572,0.000976562,536,0.000976562,0.00286,0,0,0,iter,0,1,k1,1,dynamic
64,67,0.001,15,1,1,1,1.82194e-06,1,1.82194e-06,1.82194e-06,0,1,1,iter,0,1,optk,1,dynamic
64,67,0.001,15,1,1,1,1.82194e-06,1,1.82194e-06,1.82194e-06,0,1,1,iter,0,1,rootk,1,dynamic
64,67,0.001,15,1,5,5,9.10972e-06,5,9.10972e-06,9.10968e-06,0,5,5,iter,0,1,k1,1,dynamic
64,67,0.001,16,0,116831,116831,0.0744137,40843,0.0744137,0.19173,0,0,0,iter,0,1,optk,1,dynamic
64,67,0.001,16,0,116831,116831,0.0744884,40884,0.0744884,0.19173,0,0,0,iter,0,1,rootk,1,dynamic
64,67,0.001,16,0,116831,116831,0.0745048,40893,0.0745048,0.19173,0,0,0,iter,0,1,k1,1,dynamic
64,67,0.001,16,1,10040,10040,0.00593407,3257,0.00593407,0.018126,0,0,0,iter,0,1,optk,1,dynamic
64,67,0.001,16,1,8349,8349,0.00561341,3081,0.00561341,0.0150963,0,3339,3339,iter,0,1,k1,1,dynamic
64,67,0.001,16,1,8577,8577,0.00576463,3164,0.00576463,0.0155054,0,3418,3418,iter,0,1,rootk,1,dynamic
64,67,0.001,16,2,623,623,0.000431801,237,0.000431801,0.00113443,256,0,256,iter,0,1,optk,1,dynamic
64,67,0.001,17,0,259522,259522,0.153564,84286,0.153564,0.376767,101105,1,101106,type,0,8,k1,1,dynamic
64,67,0.001,17,0,260004,260004,0.153947,84496,0.153947,0.377314,101692,1,101693,type,0,8,optk,1,dynamic
64,67,0.001,17,0,261581,261581,0.153876,84457,0.153876,0.379101,101517,1,101518,type,0,8,rootk,1,dynamic
64,67,0.001,17,0,3507776,3507776,0.895335,491417,0.895335,0.998323,0,0,0,iter,0,1,optk,1,dynamic
64,67,0.001,17,0,3507776,3507776,0.895349,491425,0.895349,0.998323,0,0,0,iter,0,1,rootk,1,dynamic
64,67,0.001,17,0,3507776,3507776,0.895827,491687,0.895827,0.998323,0,0,0,iter,0,1,k1,1,dynamic
64,67,0.001,17,1,2015222,2015222,0.59179,324812,0.59179,0.974565,0,0,0,iter,0,1,rootk,1,dynamic
64,67,0.001,17,1,2021136,2021136,0.591992,324923,0.591992,0.974837,0,0,0,iter,0,1,k1,1,dynamic
64,67,0.001,17,1,2029410,2029410,0.591737,324783,0.591737,0.975214,0,0,0,iter,0,1,optk,1,dynamic
64,667,0.01,11,0,0,0,0,0,0,0,0,0,0,iter,0,1,k1,1,dynamic
64,667,0.01,11,0,0,0,0,0,0,0,0,0,0,iter,0,1,optk,1,dynamic
64,667,0.01,11,0,0,0,0,0,0,0,0,0,0,iter,0,1,rootk,1,dynamic
64,667,0.01,12,0,0,0,0,0,0,0,0,0,0,iter,0,1,k1,1,dynamic
64,667,0.01,12,0,0,0,0,0,0,0,0,0,0,iter,0,1,optk,1,dynamic
64,667,0.01,12,0,0,0,0,0,0,0,0,0,0,iter,0,1,rootk,1,dynamic
64,667,0.01,13,0,0,0,0,0,0,0,0,0,0,iter,0,1,k1,1,dynamic
64,667,0.01,13,0,0,0,0,0,0,0,0,0,0,iter,0,1,optk,1,dynamic
64,667,0.01,13,0,0,0,0,0,0,0,0,0,0,iter,0,1,rootk,1,dynamic
64,667,0.01,14,0,37,37,2.92822e-06,16,2.92822e-06,6.77149e-06,0,0,0,iter,0,1,k1,1,dynamic
64,667,0.01,14,0,37,37,2.92822e-06,16,2.92822e-06,6.77149e-06,0,0,0,iter,0,1,optk,1,dynamic
64,667,0.01,14,0,37,37,2.92822e-06,16,2.92822e-06,6.77149e-06,0,0,0,iter,0,1,rootk,1,dynamic
64,667,0.01,14,1,0,0,0,0,0,0,0,0,0,iter,0,1,k1,1,dynamic
64,667,0.01,14,1,0,0,0,0,0,0,0,0,0,iter,0,1,optk,1,dynamic
64,667,0.01,14,1,0,0,0,0,0,0,0,0,0,iter,0,1,rootk,1,dynamic
64,667,0.01,15,0,1572,1572,9.80955e-05,536,9.80955e-05,0.000287657,0,0,0,iter,0,1,k1,1,dynamic
64,667,0.01,15,0,1572,1572,9.80955e-05,536,9.80955e-05,0.000287657,0,0,0,iter,0,1,optk,1,dynamic
64,667,0.01,15,0,1572,1572,9.80955e-05,536,9.80955e-05,0.000287657,0,0,0,iter,0,1,rootk,1,dynamic
64,667,0.01,15,1,0,0,0,0,0,0,0,0,0,iter,0,1,k1,1,dynamic
64,667,0.01,15,1,0,0,0,0,0,0,0,0,0,iter,0,1,optk,1,dynamic
64,667,0.01,15,1,0,0,0,0,0,0,0,0,0,iter,0,1,rootk,1,dynamic
64,667,0.01,16,0,116831,116831,0.0077479,42335,0.0077479,0.0211547,0,0,0,iter,0,1,optk,1,dynamic
64,667,0.01,16,0,116831,116831,0.00774881,42340,0.00774881,0.0211547,0,0,0,iter,0,1,rootk,1,dynamic
64,667,0.01,16,0,116831,116831,0.00774991,42346,0.00774991,0.0211547,0,0,0,iter,0,1,k1,1,dynamic
64,667,0.01,16,1,1006,1006,5.74664e-05,314,5.74664e-05,0.000184095,0,314,314,iter,0,1,rootk,1,dynamic
64,667,0.01,16,1,850,850,6.18587e-05,338,6.18587e-05,0.00015555,0,343,343,iter,0,1,optk,1,dynamic
64,667,0.01,16,1,910,910,6.11267e-05,334,6.11267e-05,0.000166529,0,337,337,iter,0,1,k1,1,dynamic
64,667,0.01,17,0,3507776,3507776,0.202868,1108485,0.202868,0.473746,0,0,0,iter,0,1,k1,1,dynamic
64,667,0.01,17,0,3507776,3507776,0.202983,1109114,0.202983,0.473746,0,0,0,iter,0,1,optk,1,dynamic
64,667,0.01,17,0,3507776,3507776,0.202985,1109121,0.202985,0.473746,0,0,0,iter,0,1,rootk,1,dynamic
64,667,0.01,17,1,454386,454386,0.0202251,110511,0.0202251,0.0797952,0,0,0,iter,0,1,k1,1,dynamic
64,667,0.01,17,1,456856,456856,0.0201694,110207,0.0201694,0.080211,0,0,0,iter,0,1,optk,1,dynamic
64,667,0.01,17,1,459227,459227,0.0201277,109979,0.0201277,0.0806101,0,0,0,iter,0,1,rootk,1,dynamic
64,667,0.01,17,2,71059,71059,0.00458541,25055,0.00458541,0.0129206,30655,1,30656,iter,0,1,k1,1,dynamic
64,667,0.01,17,2,72327,72327,0.00457498,24998,0.00457498,0.0131496,30646,1,30647,iter,0,1,rootk,1,dynamic
64,667,0.01,17,2,72958,72958,0.00460024,25136,0.00460024,0.0132636,30858,1,30859,iter,0,1,optk,1,dynamic
64,6669,0.1,11,0,0,0,0,0,0,0,0,0,0,iter,0,1,k1,1,dynamic
64,6669,0.1,11,0,0,0,0,0,0,0,0,0,0,iter,0,1,optk,5,dynamic
64,6669,0.1,11,0,0,0,0,0,0,0,0,0,0,iter,0,1,rootk,2,dynamic
64,6669,0.1,12,0,0,0,0,0,0,0,0,0,0,iter,0,1,k1,1,dynamic
64,6669,0.1,12,0,0,0,0,0,0,0,0,0,0,iter,0,1,optk,5,dynamic
64,6669,0.1,12,0,0,0,0,0,0,0,0,0,0,iter,0,1,rootk,2,dynamic
64,6669,0.1,13,0,0,0,0,0,0,0,0,0,0,iter,0,1,k1,1,dynamic
64,6669,0.1,13,0,0,0,0,0,0,0,0,0,0,iter,0,1,optk,5,dynamic
64,6669,0.1,13,0,0,0,0,0,0,0,0,0,0,iter,0,1,rootk,2,dynamic
64,6669,0.1,14,0,37,37,2.92866e-07,16,2.92866e-07,6.77253e-07,0,0,0,iter,0,1,k1,1,dynamic
64,6669,0.1,14,0,37,37,3.43083e-13,32,5.85732e-07,1.35451e-06,0,0,0,iter,0,1,rootk,2,dynamic
64,6669,0.1,14,0,37,37,6.73281e-30,80,1.46433e-06,3.38626e-06,0,0,0,iter,0,1,optk,5,dynamic
64,6669,0.1,14,1,0,0,0,0,0,0,0,0,0,iter,0,1,k1,1,dynamic
64,6669,0.1,14,1,0,0,0,0,0,0,0,0,0,iter,0,1,optk,5,dynamic
64,6669,0.1,14,1,0,0,0,0,0,0,0,0,0,iter,0,1,rootk,2,dynamic
64,6669,0.1,15,0,1572,1572,2.83537e-22,2679,4.90368e-05,0.00014386,0,0,0,iter,0,1,optk,5,dynamic
64,6669,0.1,15,0,1572,1572,3.85024e-10,1072,1.9622e-05,5.75466e-05,0,0,0,iter,0,1,rootk,2,dynamic
64,6669,0.1,15,0,1572,1572,9.81102e-06,536,9.81102e-06,2.87737e-05,0,0,0,iter,0,1,k1,1,dynamic
64,6669,0.1,15,1,0,0,0,0,0,0,0,0,0,iter,0,1,optk,5,dynamic
64,6669,0.1,15,1,0,0,0,0,0,0,0,0,0,iter,0,1,rootk,2,dynamic
64,6669,0.1,15,1,1,1,1.83041e-08,1,1.83041e-08,1.83041e-08,0,1,1,iter,0,1,k1,1,dynamic
64,6669,0.1,16,0,116831,116831,0.000777651,42485,0.000777651,0.00213621,0,0,0,iter,0,1,k1,1,dynamic
64,6669,0.1,16,0,116831,116831,2.41908e-06,84972,0.00155534,0.00426785,0,0,0,iter,0,1,rootk,2,dynamic
64,6669,0.1,16,0,116831,116831,8.83086e-13,212154,0.0038833,0.0106355,0,0,0,iter,0,1,optk,5,dynamic
64,6669,0.1,16,1,0,0,0,0,0,0,0,0,0,iter,0,1,optk,5,dynamic
64,6669,0.1,16,1,1,1,1.34017e-15,2,3.66083e-08,3.66083e-08,0,1,1,iter,0,1,rootk,2,dynamic
64,6669,0.1,16,1,136,136,6.40645e-07,35,6.40645e-07,2.48936e-06,0,35,35,iter,0,1,k1,1,dynamic
64,6669,0.1,17,0,3507776,3507776,0.00196767,2423408,0.0443584,0.12051,0,0,0,iter,0,1,rootk,2,dynamic
64,6669,0.1,17,0,3507776,3507776,0.0224367,1225771,0.0224367,0.062189,0,0,0,iter,0,1,k1,1,dynamic
64,6669,0.1,17,0,3507776,3507776,1.41931e-05,5859573,0.107254,0.274602,0,0,0,iter,0,1,optk,5,dynamic
64,6669,0.1,17,1,425,425,2.94978e-24,1075,1.9677e-05,3.88955e-05,1,215,216,iter,0,1,optk,5,dynamic
64,6669,0.1,17,1,4957,4957,2.14796e-09,2532,4.63461e-05,0.000181451,1,1266,1267,iter,0,1,rootk,2,dynamic
64,6669,0.1,17,1,51142,51142,0.000229992,12565,0.000229992,0.000935672,1,12682,12683,iter,0,1,k1,1,dynamic
64,33343,0.5,11,0,0,0,0,0,0,0,0,0,0,iter,0,1,k1,1,dynamic
64,33343,0.5,11,0,0,0,0,0,0,0,0,0,0,iter,0,1,optk,24,dynamic
64,33343,0.5,11,0,0,0,0,0,0,0,0,0,0,iter,0,1,rootk,5,dynamic
64,33343,0.5,12,0,0,0,0,0,0,0,0,0,0,iter,0,1,k1,1,dynamic
64,33343,0.5,12,0,0,0,0,0,0,0,0,0,0,iter,0,1,optk,24,dynamic
64,33343,0.5,12,0,0,0,0,0,0,0,0,0,0,iter,0,1,rootk,5,dynamic
64,33343,0.5,13,0,0,0,0,0,0,0,0,0,0,iter,0,1,k1,1,dynamic
64,33343,0.5,13,0,0,0,0,0,0,0,0,0,0,iter,0,1,optk,24,dynamic
64,33343,0.5,13,0,0,0,0,0,0,0,0,0,0,iter,0,1,rootk,5,dynamic
64,33343,0.5,14,0,37,37,2.15515e-33,80,2.92884e-07,6.77294e-07,0,0,0,iter,0,1,rootk,5,dynamic
64,33343,0.5,14,0,37,37,3.55205e-141,384,1.40584e-06,3.25101e-06,0,0,0,iter,0,1,optk,24,dynamic
64,33343,0.5,14,0,37,37,5.85768e-08,16,5.85768e-08,1.35459e-07,0,0,0,iter,0,1,k1,1,dynamic
64,33343,0.5,14,1,0,0,0,0,0,0,0,0,0,iter,0,1,k1,1,dynamic
64,33343,0.5,14,1,0,0,0,0,0,0,0,0,0,iter,0,1,optk,24,dynamic
64,33343,0.5,14,1,0,0,0,0,0,0,0,0,0,iter,0,1,rootk,5,dynamic
64,33343,0.5,15,0,1572,1572,1.4176e-104,12864,4.70957e-05,0.000138114,0,0,0,iter,0,1,optk,24,dynamic
64,33343,0.5,15,0,1572,1572,1.96232e-06,536,1.96232e-06,5.75515e-06,0,0,0,iter,0,1,k1,1,dynamic
64,33343,0.5,15,0,1572,1572,9.09287e-26,2680,9.81161e-06,2.87754e-05,0,0,0,iter,0,1,rootk,5,dynamic
64,33343,0.5,15,1,0,0,0,0,0,0,0,0,0,iter,0,1,k1,1,dynamic
64,33343,0.5,15,1,0,0,0,0,0,0,0,0,0,iter,0,1,optk,24,dynamic
64,33343,0.5,15,1,0,0,0,0,0,0,0,0,0,iter,0,1,rootk,5,dynamic
64,33343,0.5,16,0,116831,116831,0.000155609,42504,0.000155609,0.000427632,0,0,0,iter,0,1,k1,1,dynamic
64,33343,0.5,16,0,116831,116831,2.84824e-16,212476,0.000777885,0.00213633,0,0,0,iter,0,1,rootk,5,dynamic
64,33343,0.5,16,0,116831,116831,5.20741e-59,1018405,0.00372843,0.0102129,0,0,0,iter,0,1,optk,24,dynamic
64,33343,0.5,16,1,0,0,0,0,0,0,0,0,0,iter,0,1,optk,24,dynamic
64,33343,0.5,16,1,0,0,0,0,0,0,0,0,0,iter,0,1,rootk,5,dynamic
64,33343,0.5,16,1,9,9,1.09831e-08,3,1.09831e-08,3.29494e-08,0,3,3,iter,0,1,k1,1,dynamic
64,33343,0.5,17,0,3507776,3507776,0.00452774,1236733,0.00452774,0.01276,0,0,0,iter,0,1,k1,1,dynamic
64,33343,0.5,17,0,3507776,3507776,2.12331e-24,28185137,0.103187,0.26524,0,0,0,iter,0,1,optk,24,dynamic
64,33343,0.5,17,0,3507776,3507776,5.68408e-09,6128112,0.0224353,0.0621926,0,0,0,iter,0,1,rootk,5,dynamic
64,33343,0.5,17,1,11704,11704,1.01704e-05,2778,1.01704e-05,4.2848e-05,1,2784,2785,iter,0,1,k1,1,dynamic
64,33343,0.5,17,1,248,248,6.74306e-28,1005,3.67935e-06,4.53969e-06,1,201,202,iter,0,1,rootk,5,dynamic
64,33343,0.5,17,1,248,248,8.47821e-115,4824,1.76609e-05,2.17903e-05,1,201,202,iter,0,1,optk,24,dynamic
65,8,0.001,11,0,0,0,0,0,0,0,0,0,0,iter,0,1,k1,1,dynamic
65,8,0.001,11,0,0,0,0,0,0,0,0,0,0,iter,0,1,optk,1,dynamic
65,8,0.001,11,0,0,0,0,0,0,0,0,0,0,iter,0,1,rootk,1,dynamic
65,8,0.001,12,0,0,0,0,0,0,0,0,0,0,iter,0,1,k1,1,dynamic
65,8,0.001,12,0,0,0,0,0,0,0,0,0,0,iter,0,1,optk,1,dynamic
65,8,0.001,12,0,0,0,0,0,0,0,0,0,0,iter,0,1,rootk,1,dynamic
65,8,0.001,13,0,8,8,4.57764e-05,3,4.57764e-05,0.000122063,0,0,0,iter,0,1,k1,1,dynamic
65,8,0.001,13,0,8,8,4.57764e-05,3,4.57764e-05,0.000122063,0,0,0,iter,0,1,optk,1,dynamic
65,8,0.001,13,0,8,8,4.57764e-05,3,4.57764e-05,0.000122063,0,0,0,iter,0,1,rootk,1,dynamic
65,8,0.001,13,1,0,0,0,0,0,0,0,0,0,iter,0,1,k1,1,dynamic
65,8,0.001,13,1,0,0,0,0,0,0,0,0,0,iter,0,1,optk,1,dynamic
65,8,0.001,13,1,0,0,0,0,0,0,0,0,0,iter,0,1,rootk,1,dynamic
65,8,0.001,14,0,2567,2567,0.0294647,1931,0.0294647,0.0384121,0,0,0,iter,0,1,rootk,1,dynamic
65,8,0.001,14,0,2567,2567,0.0295258,1935,0.0295258,0.0384121,0,0,0,iter,0,1,optk,1,dynamic
65,8,0.001,14,0,2567,2567,0.0295563,1937,0.0295563,0.0384121,0,0,0,iter,0,1,k1,1,dynamic
65,8,0.001,14,1,0,0,0,0,0,0,0,0,0,iter,0,1,k1,1,dynamic
65,8,0.001,14,1,0,0,0,0,0,0,0,0,0,iter,0,1,optk,1,dynamic
65,8,0.001,14,1,0,0,0,0,0,0,0,0,0,iter,0,1,rootk,1,dynamic
65,8,0.001,15,0,34404,34404,0.346603,22715,0.346603,0.408423,0,0,0,iter,0,1,k1,1,dynamic
65,8,0.001,15,0,34404,34404,0.347,22741,0.347,0.408423,0,0,0,iter,0,1,optk,1,dynamic
65,8,0.001,15,0,34404,34404,0.349213,22886,0.349213,0.408423,0,0,0,iter,0,1,rootk,1,dynamic
65,8,0.001,15,1,126,126,0.000244141,16,0.000244141,0.00192076,0,16,16,iter,0,1,optk,1,dynamic
65,8,0.001,15,1,162,162,0.000411987,27,0.000411987,0.00246887,0,27,27,iter,0,1,k1,1,dynamic
65,8,0.001,15,1,178,178,0.000411987,27,0.000411987,0.00271238,0,27,27,iter,0,1,rootk,1,dynamic
65,8,0.001,16,0,2043,2043,0.0248566,1629,0.0248566,0.0306928,3243,0,3243,type,0,3,k1,1,dynamic
65,8,0.001,16,0,2049,2049,0.0253754,1663,0.0253754,0.0307816,3275,0,3275,type,0,3,optk,1,dynamic
65,8,0.001,16,0,2056,2056,0.0248718,1630,0.0248718,0.0308851,3197,0,3197,type,0,3,rootk,1,dynamic
65,8,0.001,16,0,237634,237634,0.947037,62065,0.947037,0.973378,0,0,0,iter,0,1,optk,1,dynamic
65,8,0.001,16,0,237634,237634,0.948822,62182,0.948822,0.973378,0,0,0,iter,0,1,rootk,1,dynamic
65,8,0.001,16,0,237634,237634,0.949539,62229,0.949539,0.973378,0,0,0,iter,0,1,k1,1,dynamic
65,8,0.001,16,1,16479,16479,0.0254822,1670,0.0254822,0.222327,0,0,0,iter,0,1,k1,1,dynamic
65,8,0.001,16,1,16582,16582,0.0252075,1652,0.0252075,0.223549,0,0,0,iter,0,1,rootk,1,dynamic
65,8,0.001,16,1,16811,16811,0.0254974,1671,0.0254974,0.226257,0,0,0,iter,0,1,optk,1,dynamic
65,8,0.001,16,1,1952,1952,0.0243225,1594,0.0243225,0.0293459,3147,1,3148,type,1,3,optk,1,dynamic
65,8,0.001,16,1,1968,1968,0.0239258,1568,0.0239258,0.0295829,3029,1,3030,type,1,3,rootk,1,dynamic
65,8,0.001,16,1,1992,1992,0.0250549,1642,0.0250549,0.0299382,3232,1,3233,type,1,3,k1,1,dynamic
65,76,0.01,11,0,0,0,0,0,0,0,0,0,0,iter,0,1,k1,1,dynamic
65,76,0.01,11,0,0,0,0,0,0,0,0,0,0,iter,0,1,optk,1,dynamic
65,76,0.01,11,0,0,0,0,0,0,0,0,0,0,iter,0,1,rootk,1,dynamic
65,76,0.01,12,0,0,0,0,0,0,0,0,0,0,iter,0,1,k1,1,dynamic
65,76,0.01,12,0,0,0,0,0,0,0,0,0,0,iter,0,1,optk,1,dynamic
65,76,0.01,12,0,0,0,0,0,0,0,0,0,0,iter,0,1,rootk,1,dynamic
65,76,0.01,13,0,8,8,4.81856e-06,3,4.81856e-06,1.28494e-05,0,0,0,iter,0,1,k1,1,dynamic
65,76,0.01,13,0,8,8,4.81856e-06,3,4.81856e-06,1.28494e-05,0,0,0,iter,0,1,optk,1,dynamic
65,76,0.01,13,0,8,8,4.81856e-06,3,4.81856e-06,1.28494e-05,0,0,0,iter,0,1,rootk,1,dynamic
65,76,0.01,13,1,0,0,0,0,0,0,0,0,0,iter,0,1,k1,1,dynamic
65,76,0.01,13,1,0,0,0,0,0,0,0,0,0,iter,0,1,optk,1,dynamic
65,76,0.01,13,1,0,0,0,0,0,0,0,0,0,iter,0,1,rootk,1,dynamic
65,76,0.01,14,0,2567,2567,0.00314974,1961,0.00314974,0.0041146,0,0,0,iter,0,1,k1,1,dynamic
65,76,0.01,14,0,2567,2567,0.00314974,1961,0.00314974,0.0041146,0,0,0,iter,0,1,rootk,1,dynamic
65,76,0.01,14,0,2567,2567,0.00315295,1963,0.00315295,0.0041146,0,0,0,iter,0,1,optk,1,dynamic
65,76,0.01,14,1,0,0,0,0,0,0,0,0,0,iter,0,1,k1,1,dynamic
65,76,0.01,14,1,0,0,0,0,0,0,0,0,0,iter,0,1,optk,1,dynamic
65,76,0.01,14,1,0,0,0,0,0,0,0,0,0,iter,0,1,rootk,1,dynamic
65,76,0.01,15,0,34404,34404,0.0439774,27380,0.0439774,0.0537602,0,0,0,iter,0,1,optk,1,dynamic
65,76,0.01,15,0,34404,34404,0.0440144,27403,0.0440144,0.0537602,0,0,0,iter,0,1,k1,1,dynamic
65,76,0.01,15,0,34404,34404,0.0440304,27413,0.0440304,0.0537602,0,0,0,iter,0,1,rootk,1,dynamic
65,76,0.01,15,1,10,10,3.21238e-06,2,3.21238e-06,1.60618e-05,0,2,2,iter,0,1,k1,1,dynamic
65,76,0.01,15,1,11,11,4.81856e-06,3,4.81856e-06,1.76679e-05,0,3,3,iter,0,1,rootk,1,dynamic
65,76,0.01,15,1,38,38,1.12433e-05,7,1.12433e-05,6.10333e-05,0,7,7,iter,0,1,optk,1,dynamic
65,76,0.01,16,0,237634,237634,0.267705,166671,0.267705,0.31729,0,0,0,iter,0,1,optk,1,dynamic
65,76,0.01,16,0,237634,237634,0.268118,166928,0.268118,0.31729,0,0,0,iter,0,1,k1,1,dynamic
65,76,0.01,16,0,237634,237634,0.268126,166933,0.268126,0.31729,0,0,0,iter,0,1,rootk,1,dynamic
65,76,0.01,16,1,3265,3265,0.000743665,463,0.000743665,0.00523048,1,466,467,iter,0,1,k1,1,dynamic
65,76,0.01,16,1,4796,4796,0.000748484,466,0.000748484,0.00767368,1,467,468,iter,0,1,optk,1,dynamic
65,76,0.01,16,1,5357,5357,0.00077097,480,0.00077097,0.00856744,1,481,482,iter,0,1,rootk,1,dynamic
65,760,0.1,11,0,0,0,0,0,0,0,0,0,0,iter,0,1,k1,1,dynamic
65,760,0.1,11,0,0,0,0,0,0,0,0,0,0,iter,0,1,optk,3,dynamic
65,760,0.1,11,0,0,0,0,0,0,0,0,0,0,iter,0,1,rootk,2,dynamic
65,760,0.1,12,0,0,0,0,0,0,0,0,0,0,iter,0,1,k1,1,dynamic
65,760,0.1,12,0,0,0,0,0,0,0,0,0,0,iter,0,1,optk,3,dynamic
65,760,0.1,12,0,0,0,0,0,0,0,0,0,0,iter,0,1,rootk,2,dynamic
65,760,0.1,13,0,8,8,3.02076e-18,9,1.44557e-06,3.85484e-06,0,0,0,iter,0,1,optk,3,dynamic
65,760,0.1,13,0,8,8,4.81856e-07,3,4.81856e-07,1.28495e-06,0,0,0,iter,0,1,k1,1,dynamic
65,760,0.1,13,0,8,8,9.28743e-13,6,9.63713e-07,2.5699e-06,0,0,0,iter,0,1,rootk,2,dynamic
65,760,0.1,13,1,0,0,0,0,0,0,0,0,0,iter,0,1,k1,1,dynamic
65,760,0.1,13,1,0,0,0,0,0,0,0,0,0,iter,0,1,optk,3,dynamic
65,760,0.1,13,1,0,0,0,0,0,0,0,0,0,iter,0,1,rootk,2,dynamic
65,760,0.1,14,0,2567,2567,0.000315455,1964,0.000315455,0.000412224,0,0,0,iter,0,1,k1,1,dynamic
65,760,0.1,14,0,2567,2567,3.97238e-07,3924,0.000630268,0.000824277,0,0,0,iter,0,1,rootk,2,dynamic
65,760,0.1,14,0,2567,2567,8.45849e-10,5888,0.000945724,0.00123616,0,0,0,iter,0,1,optk,3,dynamic
65,760,0.1,14,1,0,0,0,0,0,0,0,0,0,iter,0,1,k1,1,dynamic
65,760,0.1,14,1,0,0,0,0,0,0,0,0,0,iter,0,1,optk,3,dynamic
65,760,0.1,14,1,0,0,0,0,0,0,0,0,0,iter,0,1,rootk,2,dynamic
65,760,0.1,15,0,34404,34404,0.0044909,27960,0.0044909,0.00551069,0,0,0,iter,0,1,k1,1,dynamic
65,760,0.1,15,0,34404,34404,2.41196e-06,83495,0.0134109,0.0164411,0,0,0,iter,0,1,optk,3,dynamic
65,760,0.1,15,0,34404,34404,8.02895e-05,55787,0.00896044,0.010991,0,0,0,iter,0,1,rootk,2,dynamic
65,760,0.1,15,1,0,0,0,0,0,0,0,0,0,iter,0,1,k1,1,dynamic
65,760,0.1,15,1,0,0,0,0,0,0,0,0,0,iter,0,1,optk,3,dynamic
65,760,0.1,15,1,0,0,0,0,0,0,0,0,0,iter,0,1,rootk,2,dynamic
65,760,0.1,16,0,237634,237634,0.00071355,556346,0.0893596,0.108193,0,0,0,iter,0,1,optk,3,dynamic
65,760,0.1,16,0,237634,237634,0.00365832,376569,0.0604841,0.0734961,0,0,0,iter,0,1,rootk,2,dynamic
65,760,0.1,16,0,237634,237634,0.0307069,191179,0.0307069,0.0374493,0,0,0,iter,0,1,k1,1,dynamic
65,760,0.1,16,1,12,12,5.05649e-12,14,2.24866e-06,3.85484e-06,1,7,8,iter,0,1,rootk,2,dynamic
65,760,0.1,16,1,2,2,8.95041e-19,6,9.63713e-07,9.63713e-07,1,2,3,iter,0,1,optk,3,dynamic
65,760,0.1,16,1,343,343,7.7097e-06,48,7.7097e-06,5.50907e-05,1,48,49,iter,0,1,k1,1,dynamic
65,3799,0.5,11,0,0,0,0,0,0,0,0,0,0,iter,0,1,k1,1,dynamic
65,3799,0.5,11,0,0,0,0,0,0,0,0,0,0,iter,0,1,optk,16,dynamic
65,3799,0.5,11,0,0,0,0,0,0,0,0,0,0,iter,0,1,rootk,4,dynamic
65,3799,0.5,12,0,0,0,0,0,0,0,0,0,0,iter,0,1,k1,1,dynamic
65,3799,0.5,12,0,0,0,0,0,0,0,0,0,0,iter,0,1,optk,16,dynamic
65,3799,0.5,12,0,0,0,0,0,0,0,0,0,0,iter,0,1,rootk,4,dynamic
65,3799,0.5,13,0,8,8,1.02544e-93,48,1.54235e-06,4.11292e-06,0,0,0,iter,0,1,optk,16,dynamic
65,3799,0.5,13,0,8,8,2.21049e-26,12,3.85587e-07,1.02823e-06,0,0,0,iter,0,1,rootk,4,dynamic
65,3799,0.5,13,0,8,8,9.63967e-08,3,9.63967e-08,2.57058e-07,0,0,0,iter,0,1,k1,1,dynamic
65,3799,0.5,13,1,0,0,0,0,0,0,0,0,0,iter,0,1,k1,1,dynamic
65,3799,0.5,13,1,0,0,0,0,0,0,0,0,0,iter,0,1,optk,16,dynamic
65,3799,0.5,13,1,0,0,0,0,0,0,0,0,0,iter,0,1,rootk,4,dynamic
65,3799,0.5,14,0,2567,2567,1.15915e-48,31410,0.00100927,0.00131886,0,0,0,iter,0,1,optk,16,dynamic
65,3799,0.5,14,0,2567,2567,4.05627e-15,7854,0.000252366,0.000329879,0,0,0,iter,0,1,rootk,4,dynamic
65,3799,0.5,14,0,2567,2567,6.31077e-05,1964,6.31077e-05,8.248e-05,0,0,0,iter,0,1,k1,1,dynamic
65,3799,0.5,14,1,0,0,0,0,0,0,0,0,0,iter,0,1,k1,1,dynamic
65,3799,0.5,14,1,0,0,0,0,0,0,0,0,0,iter,0,1,optk,16,dynamic
65,3799,0.5,14,1,0,0,0,0,0,0,0,0,0,iter,0,1,rootk,4,dynamic
65,3799,0.5,15,0,34404,34404,0.000900088,28012,0.000900088,0.00110487,0,0,0,iter,0,1,k1,1,dynamic
65,3799,0.5,15,0,34404,34404,1.6704e-10,111883,0.00359505,0.00441215,0,0,0,iter,0,1,rootk,4,dynamic
65,3799,0.5,15,0,34404,34404,3.07762e-30,445218,0.0143058,0.0175321,0,0,0,iter,0,1,optk,16,dynamic
65,3799,0.5,15,1,0,0,0,0,0,0,0,0,0,iter,0,1,k1,1,dynamic
65,3799,0.5,15,1,0,0,0,0,0,0,0,0,0,iter,0,1,optk,16,dynamic
65,3799,0.5,15,1,0,0,0,0,0,0,0,0,0,iter,0,1,rootk,4,dynamic
65,3799,0.5,16,0,237634,237634,0.00622144,193620,0.00622144,0.00760663,0,0,0,iter,0,1,k1,1,dynamic
65,3799,0.5,16,0,237634,237634,3.69799e-07,767451,0.0246599,0.0300811,0,0,0,iter,0,1,rootk,4,dynamic
65,3799,0.5,16,0,237634,237634,4.44002e-17,2958154,0.0950521,0.115003,0,0,0,iter,0,1,optk,16,dynamic
65,3799,0.5,16,1,2,2,1.56118e-96,32,1.02823e-06,1.02823e-06,1,2,3,iter,0,1,optk,16,dynamic
65,3799,0.5,16,1,2,2,4.36639e-27,8,2.57058e-07,2.57058e-07,1,2,3,iter,0,1,rootk,4,dynamic
65,3799,0.5,16,1,50,50,2.24926e-07,7,2.24926e-07,1.60661e-06,1,7,8,iter,0,1,k1,1,dynamic
66,9,0.001,11,0,0,0,0,0,0,0,0,0,0,iter,0,1,k1,1,dynamic
66,9,0.001,11,0,0,0,0,0,0,0,0,0,0,iter,0,1,optk,1,dynamic
66,9,0.001,11,0,0,0,0,0,0,0,0,0,0,iter,0,1,rootk,1,dynamic
66,9,0.001,12,0,0,0,0,0,0,0,0,0,0,iter,0,1,k1,1,dynamic
66,9,0.001,12,0,0,0,0,0,0,0,0,0,0,iter,0,1,optk,1,dynamic
66,9,0.001,12,0,0,0,0,0,0,0,0,0,0,iter,0,1,rootk,1,dynamic
66,9,0.001,13,0,0,0,0,0,0,0,0,0,0,iter,0,1,k1,1,dynamic
66,9,0.001,13,0,0,0,0,0,0,0,0,0,0,iter,0,1,optk,1,dynamic
66,9,0.001,13,0,0,0,0,0,0,0,0,0,0,iter,0,1,rootk,1,dynamic
66,9,0.001,14,0,131,131,0.0011122,82,0.0011122,0.00177522,0,0,0,iter,0,1,k1,1,dynamic
66,9,0.001,14,0,131,131,0.0011122,82,0.0011122,0.00177522,0,0,0,iter,0,1,optk,1,dynamic
66,9,0.001,14,0,131,131,0.0011122,82,0.0011122,0.00177522,0,0,0,iter,0,1,rootk,1,dynamic
66,9,0.001,14,1,0,0,0,0,0,0,0,0,0,iter,0,1,k1,1,dynamic
66,9,0.001,14,1,0,0,0,0,0,0,0,0,0,iter,0,1,optk,1,dynamic
66,9,0.001,14,1,0,0,0,0,0,0,0,0,0,iter,0,1,rootk,1,dynamic
66,9,0.001,15,0,5540,5540,0.0345459,2547,0.0345459,0.0723874,0,0,0,iter,0,1,rootk,1,dynamic
66,9,0.001,15,0,5540,5540,0.034573,2549,0.034573,0.0723874,0,0,0,iter,0,1,optk,1,dynamic
66,9,0.001,15,0,5540,5540,0.0346544,2555,0.0346544,0.0723874,0,0,0,iter,0,1,k1,1,dynamic
66,9,0.001,15,1,475,475,0.00398763,294,0.00398763,0.00642189,0,318,318,iter,0,1,optk,1,dynamic
66,9,0.001,15,1,511,511,0.00424533,313,0.00424533,0.00690692,0,350,350,iter,0,1,rootk,1,dynamic
66,9,0.001,15,1,514,514,0.00419108,309,0.00419108,0.00694733,0,339,339,iter,0,1,k1,1,dynamic
66,9,0.001,16,0,24639,24639,0.131293,9680,0.131293,0.284081,10901,1,10902,type,0,8,k1,1,dynamic
66,9,0.001,16,0,25073,25073,0.13048,9620,0.13048,0.288283,10805,1,10806,type,0,8,rootk,1,dynamic
66,9,0.001,16,0,25200,25200,0.133558,9847,0.133558,0.289507,10985,1,10986,type,0,8,optk,1,dynamic
66,9,0.001,16,0,275308,275308,0.779514,57472,0.779514,0.976105,0,0,0,iter,0,1,rootk,1,dynamic
66,9,0.001,16,0,275308,275308,0.78064,57555,0.78064,0.976105,0,0,0,iter,0,1,optk,1,dynamic
66,9,0.001,16,0,275308,275308,0.782362,57682,0.782362,0.976105,0,0,0,iter,0,1,k1,1,dynamic
66,9,0.001,16,1,221138,221138,0.732571,54011,0.732571,0.950182,0,0,0,iter,0,1,optk,1,dynamic
66,9,0.001,16,1,222531,222531,0.731337,53920,0.731337,0.951114,0,0,0,iter,0,1,rootk,1,dynamic
66,9,0.001,16,1,222842,222842,0.731472,53930,0.731472,0.95132,0,0,0,iter,0,1,k1,1,dynamic
66,86,0.01,11,0,0,0,0,0,0,0,0,0,0,iter,0,1,k1,1,dynamic
66,86,0.01,11,0,0,0,0,0,0,0,0,0,0,iter,0,1,optk,1,dynamic
66,86,0.01,11,0,0,0,0,0,0,0,0,0,0,iter,0,1,rootk,1,dynamic
66,86,0.01,12,0,0,0,0,0,0,0,0,0,0,iter,0,1,k1,1,dynamic
66,86,0.01,12,0,0,0,0,0,0,0,0,0,0,iter,0,1,optk,1,dynamic
66,86,0.01,12,0,0,0,0,0,0,0,0,0,0,iter,0,1,rootk,1,dynamic
66,86,0.01,13,0,0,0,0,0,0,0,0,0,0,iter,0,1,k1,1,dynamic
66,86,0.01,13,0,0,0,0,0,0,0,0,0,0,iter,0,1,optk,1,dynamic
66,86,0.01,13,0,0,0,0,0,0,0,0,0,0,iter,0,1,rootk,1,dynamic
66,86,0.01,14,0,131,131,0.000116393,82,0.000116393,0.000185927,0,0,0,iter,0,1,k1,1,dynamic
66,86,0.01,14,0,131,131,0.000116393,82,0.000116393,0.000185927,0,0,0,iter,0,1,optk,1,dynamic
66,86,0.01,14,0,131,131,0.000116393,82,0.000116393,0.000185927,0,0,0,iter,0,1,rootk,1,dynamic
66,86,0.01,14,1,0,0,0,0,0,0,0,0,0,iter,0,1,k1,1,dynamic
66,86,0.01,14,1,0,0,0,0,0,0,0,0,0,iter,0,1,optk,1,dynamic
66,86,0.01,14,1,0,0,0,0,0,0,0,0,0,iter,0,1,rootk,1,dynamic
66,86,0.01,15,0,5540,5540,0.00367205,2587,0.00367205,0.00783276,0,0,0,iter,0,1,optk,1,dynamic
66,86,0.01,15,0,5540,5540,0.00367205,2587,0.00367205,0.00783276,0,0,0,iter,0,1,rootk,1,dynamic
66,86,0.01,15,0,5540,5540,0.00367488,2589,0.00367488,0.00783276,0,0,0,iter,0,1,k1,1,dynamic
66,86,0.01,15,1,44,44,4.54215e-05,32,4.54215e-05,6.24526e-05,0,32,32,iter,0,1,optk,1,dynamic
66,86,0.01,15,1,53,53,4.40021e-05,31,4.40021e-05,7.52265e-05,0,31,31,iter,0,1,k1,1,dynamic
66,86,0.01,15,1,55,55,4.68409e-05,33,4.68409e-05,7.80652e-05,0,33,33,iter,0,1,rootk,1,dynamic
66,86,0.01,16,0,275308,275308,0.146906,103497,0.146906,0.32347,0,0,0,iter,0,1,k1,1,dynamic
66,86,0.01,16,0,275308,275308,0.146936,103518,0.146936,0.32347,0,0,0,iter,0,1,rootk,1,dynamic
66,86,0.01,16,0,275308,275308,0.147042,103593,0.147042,0.32347,0,0,0,iter,0,1,optk,1,dynamic
66,86,0.01,16,1,41463,41463,0.025605,18039,0.025605,0.0571551,0,0,0,iter,0,1,k1,1,dynamic
66,86,0.01,16,1,41547,41547,0.0255751,18018,0.0255751,0.0572675,0,0,0,iter,0,1,rootk,1,dynamic
66,86,0.01,16,1,42226,42226,0.0258023,18178,0.0258023,0.0581757,0,0,0,iter,0,1,optk,1,dynamic
66,86,0.01,16,2,6938,6938,0.00428666,3020,0.00428666,0.00979962,3509,1,3510,iter,0,1,rootk,1,dynamic
66,86,0.01,16,2,7179,7179,0.00419439,2955,0.00419439,0.0101383,3413,1,3414,iter,0,1,k1,1,dynamic
66,86,0.01,16,2,7544,7544,0.0041362,2914,0.0041362,0.010651,3375,1,3376,iter,0,1,optk,1,dynamic
66,857,0.1,11,0,0,0,0,0,0,0,0,0,0,iter,0,1,k1,1,dynamic
66,857,0.1,11,0,0,0,0,0,0,0,0,0,0,iter,0,1,optk,5,dynamic
66,857,0.1,11,0,0,0,0,0,0,0,0,0,0,iter,0,1,rootk,2,dynamic
66,857,0.1,12,0,0,0,0,0,0,0,0,0,0,iter,0,1,k1,1,dynamic
66,857,0.1,12,0,0,0,0,0,0,0,0,0,0,iter,0,1,optk,5,dynamic
66,857,0.1,12,0,0,0,0,0,0,0,0,0,0,iter,0,1,rootk,2,dynamic
66,857,0.1,13,0,0,0,0,0,0,0,0,0,0,iter,0,1,k1,1,dynamic
66,857,0.1,13,0,0,0,0,0,0,0,0,0,0,iter,0,1,optk,5,dynamic
66,857,0.1,13,0,0,0,0,0,0,0,0,0,0,iter,0,1,rootk,2,dynamic
66,857,0.1,14,0,131,131,1.168e-05,82,1.168e-05,1.86593e-05,0,0,0,iter,0,1,k1,1,dynamic
66,857,0.1,14,0,131,131,5.4569e-10,164,2.336e-05,3.73183e-05,0,0,0,iter,0,1,rootk,2,dynamic
66,857,0.1,14,0,131,131,6.79306e-22,410,5.84e-05,9.32933e-05,0,0,0,iter,0,1,optk,5,dynamic
66,857,0.1,14,1,0,0,0,0,0,0,0,0,0,iter,0,1,k1,1,dynamic
66,857,0.1,14,1,0,0,0,0,0,0,0,0,0,iter,0,1,optk,5,dynamic
66,857,0.1,14,1,0,0,0,0,0,0,0,0,0,iter,0,1,rootk,2,dynamic
66,857,0.1,15,0,5540,5540,0.000369345,2593,0.000369345,0.000788801,0,0,0,iter,0,1,k1,1,dynamic
66,857,0.1,15,0,5540,5540,2.14043e-14,12956,0.00184544,0.00393779,0,0,0,iter,0,1,optk,5,dynamic
66,857,0.1,15,0,5540,5540,5.45451e-07,5185,0.000738547,0.00157698,0,0,0,iter,0,1,rootk,2,dynamic
66,857,0.1,15,1,0,0,0,0,0,0,0,0,0,iter,0,1,optk,5,dynamic
66,857,0.1,15,1,0,0,0,0,0,0,0,0,0,iter,0,1,rootk,2,dynamic
66,857,0.1,15,1,4,4,5.69756e-07,4,5.69756e-07,5.69756e-07,0,4,4,iter,0,1,k1,1,dynamic
66,857,0.1,16,0,275308,275308,0.000987946,220667,0.0314316,0.0754325,0,0,0,iter,0,1,rootk,2,dynamic
66,857,0.1,16,0,275308,275308,0.0158355,111174,0.0158355,0.0384557,0,0,0,iter,0,1,k1,1,dynamic
66,857,0.1,16,0,275308,275308,2.65866e-06,538646,0.0767243,0.178048,0,0,0,iter,0,1,optk,5,dynamic
66,857,0.1,16,1,167,167,1.02116e-20,705,0.00010042,0.00011893,1,141,142,iter,0,1,optk,5,dynamic
66,857,0.1,16,1,487,487,5.5284e-09,522,7.43532e-05,0.000138726,1,261,262,iter,0,1,rootk,2,dynamic
66,857,0.1,16,1,4959,4959,0.000305389,2144,0.000305389,0.000706106,1,2185,2186,iter,0,1,k1,1,dynamic
66,4287,0.5,11,0,0,0,0,0,0,0,0,0,0,iter,0,1,k1,1,dynamic
66,4287,0.5,11,0,0,0,0,0,0,0,0,0,0,iter,0,1,optk,23,dynamic
66,4287,0.5,11,0,0,0,0,0,0,0,0,0,0,iter,0,1,rootk,5,dynamic
66,4287,0.5,12,0,0,0,0,0,0,0,0,0,0,iter,0,1,k1,1,dynamic
66,4287,0.5,12,0,0,0,0,0,0,0,0,0,0,iter,0,1,optk,23,dynamic
66,4287,0.5,12,0,0,0,0,0,0,0,0,0,0,iter,0,1,rootk,5,dynamic
66,4287,0.5,13,0,0,0,0,0,0,0,0,0,0,iter,0,1,k1,1,dynamic
66,4287,0.5,13,0,0,0,0,0,0,0,0,0,0,iter,0,1,optk,23,dynamic
66,4287,0.5,13,0,0,0,0,0,0,0,0,0,0,iter,0,1,rootk,5,dynamic
66,4287,0.5,14,0,131,131,2.16871e-25,410,1.16746e-05,1.86506e-05,0,0,0,iter,0,1,rootk,5,dynamic
66,4287,0.5,14,0,131,131,2.33491e-06,82,2.33491e-06,3.73016e-06,0,0,0,iter,0,1,k1,1,dynamic
66,4287,0.5,14,0,131,131,6.16538e-99,1886,5.3703e-05,8.57901e-05,0,0,0,iter,0,1,optk,23,dynamic
66,4287,0.5,14,1,0,0,0,0,0,0,0,0,0,iter,0,1,k1,1,dynamic
66,4287,0.5,14,1,0,0,0,0,0,0,0,0,0,iter,0,1,optk,23,dynamic
66,4287,0.5,14,1,0,0,0,0,0,0,0,0,0,iter,0,1,rootk,5,dynamic
66,4287,0.5,15,0,5540,5540,1.91866e-64,59599,0.00169705,0.00362165,0,0,0,iter,0,1,optk,23,dynamic
66,4287,0.5,15,0,5540,5540,6.84397e-18,12960,0.00036903,0.000788434,0,0,0,iter,0,1,rootk,5,dynamic
66,4287,0.5,15,0,5540,5540,7.38345e-05,2593,7.38345e-05,0.000157736,0,0,0,iter,0,1,k1,1,dynamic
66,4287,0.5,15,1,0,0,0,0,0,0,0,0,0,iter,0,1,optk,23,dynamic
66,4287,0.5,15,1,0,0,0,0,0,0,0,0,0,iter,0,1,rootk,5,dynamic
66,4287,0.5,15,1,1,1,2.84745e-08,1,2.84745e-08,2.84745e-08,0,1,1,iter,0,1,k1,1,dynamic
66,4287,0.5,16,0,275308,275308,0.00318713,111929,0.00318713,0.00780862,0,0,0,iter,0,1,k1,1,dynamic
66,4287,0.5,16,0,275308,275308,3.52751e-27,2485612,0.0707766,0.164983,0,0,0,iter,0,1,optk,23,dynamic
66,4287,0.5,16,0,275308,275308,9.93904e-10,555920,0.0158296,0.0384381,0,0,0,iter,0,1,rootk,5,dynamic
66,4287,0.5,16,1,1192,1192,1.59742e-05,561,1.59742e-05,3.39411e-05,1,565,566,iter,0,1,k1,1,dynamic
66,4287,0.5,16,1,165,165,1.15234e-93,3197,9.10331e-05,0.000108055,1,139,140,iter,0,1,optk,23,dynamic
66,4287,0.5,16,1,165,165,3.03534e-24,695,1.97898e-05,2.34912e-05,1,139,140,iter,0,1,rootk,5,dynamic
67,1,0.001,11,0,0,0,0,0,0,0,0,0,0,iter,0,1,k1,1,dynamic
67,1,0.001,11,0,0,0,0,0,0,0,0,0,0,iter,0,1,optk,1,dynamic
67,1,0.001,11,0,0,0,0,0,0,0,0,0,0,iter,0,1,rootk,1,dynamic
67,1,0.001,12,0,1,1,0.00012207,1,0.00012207,0.000122063,0,0,0,iter,0,1,k1,1,dynamic
67,1,0.001,12,0,1,1,0.00012207,1,0.00012207,0.000122063,0,0,0,iter,0,1,optk,1,dynamic
67,1,0.001,12,0,1,1,0.00012207,1,0.00012207,0.000122063,0,0,0,iter,0,1,rootk,1,dynamic
67,1,0.001,12,1,0,0,0,0,0,0,0,0,0,iter,0,1,k1,1,dynamic
67,1,0.001,12,1,0,0,0,0,0,0,0,0,0,iter,0,1,optk,1,dynamic
67,1,0.001,12,1,0,0,0,0,0,0,0,0,0,iter,0,1,rootk,1,dynamic
67,1,0.001,13,0,112,112,0.010498,86,0.010498,0.0135788,0,0,0,iter,0,1,optk,1,dynamic
67,1,0.001,13,0,112,112,0.010498,86,0.010498,0.0135788,0,0,0,iter,0,1,rootk,1,dynamic
67,1,0.001,13,0,112,112,0.0106201,87,0.0106201,0.0135788,0,0,0,iter,0,1,k1,1,dynamic
67,1,0.001,13,1,0,0,0,0,0,0,0,0,0,iter,0,1,k1,1,dynamic
67,1,0.001,13,1,0,0,0,0,0,0,0,0,0,iter,0,1,optk,1,dynamic
67,1,0.001,13,1,0,0,0,0,0,0,0,0,0,iter,0,1,rootk,1,dynamic
67,1,0.001,14,0,2781,2781,0.238525,1954,0.238525,0.287858,0,0,0,iter,0,1,k1,1,dynamic
67,1,0.001,14,0,2781,2781,0.23938,1961,0.23938,0.287858,0,0,0,iter,0,1,rootk,1,dynamic
67,1,0.001,14,0,2781,2781,0.242432,1986,0.242432,0.287858,0,0,0,iter,0,1,optk,1,dynamic
67,1,0.001,14,1,25,25,0.00231934,19,0.00231934,0.00304711,0,19,19,iter,0,1,rootk,1,dynamic
67,1,0.001,14,1,30,30,0.00292969,24,0.00292969,0.00365541,0,24,24,iter,0,1,k1,1,dynamic
67,1,0.001,14,1,35,35,0.00219727,18,0.00219727,0.00426335,0,18,18,iter,0,1,optk,1,dynamic
67,1,0.001,15,0,1256,1256,0.115845,949,0.115845,0.142145,1734,1,1735,type,0,4,k1,1,dynamic
67,1,0.001,15,0,1264,1264,0.121948,999,0.121948,0.142982,1863,1,1864,type,0,4,optk,1,dynamic
67,1,0.001,15,0,1321,1321,0.124023,1016,0.124023,0.148925,1803,1,1804,type,0,4,rootk,1,dynamic
67,1,0.001,15,0,35581,35581,0.969604,7943,0.969604,0.987008,0,0,0,iter,0,1,rootk,1,dynamic
67,1,0.001,15,0,35581,35581,0.970093,7947,0.970093,0.987008,0,0,0,iter,0,1,optk,1,dynamic
67,1,0.001,15,0,35581,35581,0.972412,7966,0.972412,0.987008,0,0,0,iter,0,1,k1,1,dynamic
67,1,0.001,15,1,3534,3534,0.140503,1151,0.140503,0.350399,0,0,0,iter,0,1,k1,1,dynamic
67,1,0.001,15,1,3578,3578,0.139404,1142,0.139404,0.353878,0,0,0,iter,0,1,rootk,1,dynamic
67,1,0.001,15,1,3583,3583,0.141235,1157,0.141235,0.354273,0,0,0,iter,0,1,optk,1,dynamic
67,9,0.01,11,0,0,0,0,0,0,0,0,0,0,iter,0,1,k1,1,dynamic
67,9,0.01,11,0,0,0,0,0,0,0,0,0,0,iter,0,1,optk,1,dynamic
67,9,0.01,11,0,0,0,0,0,0,0,0,0,0,iter,0,1,rootk,1,dynamic
67,9,0.01,12,0,1,1,1.35634e-05,1,1.35634e-05,1.35633e-05,0,0,0,iter,0,1,k1,1,dynamic
67,9,0.01,12,0,1,1,1.35634e-05,1,1.35634e-05,1.35633e-05,0,0,0,iter,0,1,optk,1,dynamic
67,9,0.01,12,0,1,1,1.35634e-05,1,1.35634e-05,1.35633e-05,0,0,0,iter,0,1,rootk,1,dynamic
67,9,0.01,12,1,0,0,0,0,0,0,0,0,0,iter,0,1,k1,1,dynamic
67,9,0.01,12,1,0,0,0,0,0,0,0,0,0,iter,0,1,optk,1,dynamic
67,9,0.01,12,1,0,0,0,0,0,0,0,0,0,iter,0,1,rootk,1,dynamic
67,9,0.01,13,0,112,112,0.00118001,87,0.00118001,0.00151794,0,0,0,iter,0,1,k1,1,dynamic
67,9,0.01,13,0,112,112,0.00118001,87,0.00118001,0.00151794,0,0,0,iter,0,1,optk,1,dynamic
67,9,0.01,13,0,112,112,0.00118001,87,0.00118001,0.00151794,0,0,0,iter,0,1,rootk,1,dynamic
67,9,0.01,13,1,0,0,0,0,0,0,0,0,0,iter,0,1,k1,1,dynamic
67,9,0.01,13,1,0,0,0,0,0,0,0,0,0,iter,0,1,optk,1,dynamic
67,9,0.01,13,1,0,0,0,0,0,0,0,0,0,iter,0,1,rootk,1,dynamic
67,9,0.01,14,0,2781,2781,0.0300836,2218,0.0300836,0.0370172,0,0,0,iter,0,1,optk,1,dynamic
67,9,0.01,14,0,2781,2781,0.0302056,2227,0.0302056,0.0370172,0,0,0,iter,0,1,rootk,1,dynamic
67,9,0.01,14,0,2781,2781,0.0302734,2232,0.0302734,0.0370172,0,0,0,iter,0,1,k1,1,dynamic
67,9,0.01,14,1,1,1,1.35634e-05,1,1.35634e-05,1.35633e-05,0,1,1,iter,0,1,k1,1,dynamic
67,9,0.01,14,1,4,4,4.06901e-05,3,4.06901e-05,5.4252e-05,0,3,3,iter,0,1,optk,1,dynamic
67,9,0.01,14,1,7,7,6.78168e-05,5,6.78168e-05,9.49391e-05,0,5,5,iter,0,1,rootk,1,dynamic
67,9,0.01,15,0,35581,35581,0.326118,24044,0.326118,0.382822,0,0,0,iter,0,1,k1,1,dynamic
67,9,0.01,15,0,35581,35581,0.32666,24084,0.32666,0.382822,0,0,0,iter,0,1,optk,1,dynamic
67,9,0.01,15,0,35581,35581,0.327216,24125,0.327216,0.382822,0,0,0,iter,0,1,rootk,1,dynamic
67,9,0.01,15,1,1068,1068,0.00595432,439,0.00595432,0.0143813,1,444,445,iter,0,1,optk,1,dynamic
67,9,0.01,15,1,1220,1220,0.00575087,424,0.00575087,0.0164112,0,0,0,iter,0,1,k1,1,dynamic
67,9,0.01,15,1,1304,1304,0.00565592,417,0.00565592,0.0175311,0,0,0,iter,0,1,rootk,1,dynamic
67,9,0.01,15,2,203,203,0.00225152,166,0.00225152,0.00274958,223,1,224,iter,0,1,rootk,1,dynamic
67,9,0.01,15,2,252,252,0.0027398,202,0.0027398,0.00341213,282,1,283,iter,0,1,k1,1,dynamic
67,92,0.1,11,0,0,0,0,0,0,0,0,0,0,iter,0,1,k1,1,dynamic
67,92,0.1,11,0,0,0,0,0,0,0,0,0,0,iter,0,1,optk,3,dynamic
67,92,0.1,11,0,0,0,0,0,0,0,0,0,0,iter,0,1,rootk,2,dynamic
67,92,0.1,12,0,1,1,1.32685e-06,1,1.32685e-06,1.32685e-06,0,0,0,iter,0,1,k1,1,dynamic
67,92,0.1,12,0,1,1,6.30711e-17,3,3.98055e-06,3.98055e-06,0,0,0,iter,0,1,optk,3,dynamic
67,92,0.1,12,0,1,1,7.04214e-12,2,2.6537e-06,2.6537e-06,0,0,0,iter,0,1,rootk,2,dynamic
67,92,0.1,12,1,0,0,0,0,0,0,0,0,0,iter,0,1,k1,1,dynamic
67,92,0.1,12,1,0,0,0,0,0,0,0,0,0,iter,0,1,optk,3,dynamic
67,92,0.1,12,1,0,0,0,0,0,0,0,0,0,iter,0,1,rootk,2,dynamic
67,92,0.1,13,0,112,112,0.000115436,87,0.000115436,0.000148596,0,0,0,iter,0,1,k1,1,dynamic
67,92,0.1,13,0,112,112,4.15325e-11,261,0.000346308,0.000445723,0,0,0,iter,0,1,optk,3,dynamic
67,92,0.1,13,0,112,112,5.33019e-08,174,0.000230872,0.000297171,0,0,0,iter,0,1,rootk,2,dynamic
67,92,0.1,13,1,0,0,0,0,0,0,0,0,0,iter,0,1,k1,1,dynamic
67,92,0.1,13,1,0,0,0,0,0,0,0,0,0,iter,0,1,optk,3,dynamic
67,92,0.1,13,1,0,0,0,0,0,0,0,0,0,iter,0,1,rootk,2,dynamic
67,92,0.1,14,0,2781,2781,0.0029947,2257,0.0029947,0.00368317,0,0,0,iter,0,1,k1,1,dynamic
67,92,0.1,14,0,2781,2781,3.55716e-05,4495,0.0059642,0.00735278,0,0,0,iter,0,1,rootk,2,dynamic
67,92,0.1,14,0,2781,2781,7.17462e-07,6747,0.00895227,0.0110089,0,0,0,iter,0,1,optk,3,dynamic
67,92,0.1,14,1,0,0,0,0,0,0,0,0,0,iter,0,1,k1,1,dynamic
67,92,0.1,14,1,0,0,0,0,0,0,0,0,0,iter,0,1,optk,3,dynamic
67,92,0.1,14,1,0,0,0,0,0,0,0,0,0,iter,0,1,rootk,2,dynamic
67,92,0.1,15,0,35581,35581,0.0013156,82582,0.109574,0.132059,0,0,0,iter,0,1,optk,3,dynamic
67,92,0.1,15,0,35581,35581,0.00553228,56057,0.0743793,0.0901007,0,0,0,iter,0,1,rootk,2,dynamic
67,92,0.1,15,0,35581,35581,0.0379572,28607,0.0379572,0.0461136,0,0,0,iter,0,1,k1,1,dynamic
67,92,0.1,15,1,185,185,7.29768e-05,55,7.29768e-05,0.000245437,1,55,56,iter,0,1,k1,1,dynamic
67,92,0.1,15,1,21,21,2.12865e-13,45,5.97083e-05,8.35881e-05,1,15,16,iter,0,1,optk,3,dynamic
67,92,0.1,15,1,34,34,3.40839e-09,44,5.83815e-05,9.02218e-05,1,22,23,iter,0,1,rootk,2,dynamic
67,461,0.5,11,0,0,0,0,0,0,0,0,0,0,iter,0,1,k1,1,dynamic
67,461,0.5,11,0,0,0,0,0,0,0,0,0,0,iter,0,1,optk,15,dynamic
67,461,0.5,11,0,0,0,0,0,0,0,0,0,0,iter,0,1,rootk,4,dynamic
67,461,0.5,12,0,1,1,1.25857e-24,4,1.05918e-06,1.05918e-06,0,0,0,iter,0,1,rootk,4,dynamic
67,461,0.5,12,0,1,1,2.64795e-07,1,2.64795e-07,2.64795e-07,0,0,0,iter,0,1,k1,1,dynamic
67,461,0.5,12,0,1,1,9.66064e-82,15,3.97192e-06,3.97191e-06,0,0,0,iter,0,1,optk,15,dynamic
67,461,0.5,12,1,0,0,0,0,0,0,0,0,0,iter,0,1,k1,1,dynamic
67,461,0.5,12,1,0,0,0,0,0,0,0,0,0,iter,0,1,optk,15,dynamic
67,461,0.5,12,1,0,0,0,0,0,0,0,0,0,iter,0,1,rootk,4,dynamic
67,461,0.5,13,0,112,112,1.19617e-52,1305,0.000345557,0.000444756,0,0,0,iter,0,1,optk,15,dynamic
67,461,0.5,13,0,112,112,2.30371e-05,87,2.30371e-05,2.96566e-05,0,0,0,iter,0,1,k1,1,dynamic
67,461,0.5,13,0,112,112,7.2103e-17,348,9.21485e-05,0.000118621,0,0,0,iter,0,1,rootk,4,dynamic
67,461,0.5,13,1,0,0,0,0,0,0,0,0,0,iter,0,1,k1,1,dynamic
67,461,0.5,13,1,0,0,0,0,0,0,0,0,0,iter,0,1,optk,15,dynamic
67,461,0.5,13,1,0,0,0,0,0,0,0,0,0,iter,0,1,rootk,4,dynamic
67,461,0.5,14,0,2781,2781,0.000598171,2259,0.000598171,0.000736123,0,0,0,iter,0,1,k1,1,dynamic
67,461,0.5,14,0,2781,2781,1.8475e-31,33744,0.00893523,0.0109851,0,0,0,iter,0,1,optk,15,dynamic
67,461,0.5,14,0,2781,2781,3.26879e-11,9030,0.0023911,0.00294124,0,0,0,iter,0,1,rootk,4,dynamic
67,461,0.5,14,1,0,0,0,0,0,0,0,0,0,iter,0,1,k1,1,dynamic
67,461,0.5,14,1,0,0,0,0,0,0,0,0,0,iter,0,1,optk,15,dynamic
67,461,0.5,14,1,0,0,0,0,0,0,0,0,0,iter,0,1,rootk,4,dynamic
67,461,0.5,15,0,35581,35581,0.00768328,29016,0.00768328,0.00937741,0,0,0,iter,0,1,k1,1,dynamic
67,461,0.5,15,0,35581,35581,3.76806e-15,412571,0.109247,0.131793,0,0,0,iter,0,1,optk,15,dynamic
67,461,0.5,15,0,35581,35581,8.51695e-07,114726,0.0303788,0.0369853,0,0,0,iter,0,1,rootk,4,dynamic
67,461,0.5,15,1,20,20,1.50289e-64,210,5.56069e-05,7.94352e-05,1,14,15,iter,0,1,optk,15,dynamic
67,461,0.5,15,1,20,20,4.83491e-20,56,1.48285e-05,2.11833e-05,1,14,15,iter,0,1,rootk,4,dynamic
67,461,0.5,15,1,48,48,6.61987e-06,25,6.61987e-06,1.27101e-05,1,25,26,iter,0,1,k1,1,dynamic
68,1,0.001,9,0,0,0,0,0,0,0,0,0,0,iter,0,1,k1,1,dynamic
68,1,0.001,9,0,0,0,0,0,0,0,0,0,0,iter,0,1,optk,1,dynamic
68,1,0.001,9,0,0,0,0,0,0,0,0,0,0,iter,0,1,rootk,1,dynamic
68,1,0.001,10,0,0,0,0,0,0,0,0,0,0,iter,0,1,k1,1,dynamic
68,1,0.001,10,0,0,0,0,0,0,0,0,0,0,iter,0,1,optk,1,dynamic
68,1,0.001,10,0,0,0,0,0,0,0,0,0,0,iter,0,1,rootk,1,dynamic
68,1,0.001,11,0,0,0,0,0,0,0,0,0,0,iter,0,1,k1,1,dynamic
68,1,0.001,11,0,0,0,0,0,0,0,0,0,0,iter,0,1,optk,1,dynamic
68,1,0.001,11,0,0,0,0,0,0,0,0,0,0,iter,0,1,rootk,1,dynamic
68,1,0.001,12,0,215,215,0.017334,142,0.017334,0.0259037,0,0,0,iter,0,1,k1,1,dynamic
68,1,0.001,12,0,215,215,0.0175781,144,0.0175781,0.0259037,0,0,0,iter,0,1,optk,1,dynamic
68,1,0.001,12,0,215,215,0.0175781,144,0.0175781,0.0259037,0,0,0,iter,0,1,rootk,1,dynamic
68,1,0.001,12,1,14,14,0.000732422,6,0.000732422,0.00170752,0,6,6,iter,0,1,rootk,1,dynamic
68,1,0.001,12,1,5,5,0.000610352,5,0.000610352,0.000610165,0,6,6,iter,0,1,k1,1,dynamic
68,1,0.001,12,1,8,8,0.000366211,3,0.000366211,0.000976086,0,3,3,iter,0,1,optk,1,dynamic
68,1,0.001,13,0,380,380,0.0247803,203,0.0247803,0.0453273,227,1,228,type,0,2,k1,1,dynamic
68,1,0.001,13,0,4332,4332,0.229614,1881,0.229614,0.410693,0,0,0,iter,0,1,optk,1,dynamic
68,1,0.001,13,0,4332,4332,0.231323,1895,0.231323,0.410693,0,0,0,iter,0,1,k1,1,dynamic
68,1,0.001,13,0,4332,4332,0.232544,1905,0.232544,0.410693,0,0,0,iter,0,1,rootk,1,dynamic
68,1,0.001,13,0,488,488,0.0262451,215,0.0262451,0.0578307,240,1,241,type,0,2,optk,1,dynamic
68,1,0.001,13,0,515,515,0.027832,228,0.027832,0.0609309,255,1,256,type,0,2,rootk,1,dynamic
68,1,0.001,13,1,2908,2908,0.205688,1685,0.205688,0.298813,0,0,0,iter,0,1,optk,1,dynamic
68,1,0.001,13,1,2958,2958,0.201294,1649,0.201294,0.30308,0,0,0,iter,0,1,k1,1,dynamic
68,1,0.001,13,1,2983,2983,0.204224,1673,0.204224,0.305203,0,0,0,iter,0,1,rootk,1,dynamic
68,4,0.01,9,0,0,0,0,0,0,0,0,0,0,iter,0,1,k1,1,dynamic
68,4,0.01,9,0,0,0,0,0,0,0,0,0,0,iter,0,1,optk,1,dynamic
68,4,0.01,9,0,0,0,0,0,0,0,0,0,0,iter,0,1,rootk,1,dynamic
68,4,0.01,10,0,0,0,0,0,0,0,0,0,0,iter,0,1,k1,1,dynamic
68,4,0.01,10,0,0,0,0,0,0,0,0,0,0,iter,0,1,optk,1,dynamic
68,4,0.01,10,0,0,0,0,0,0,0,0,0,0,iter,0,1,rootk,1,dynamic
68,4,0.01,11,0,0,0,0,0,0,0,0,0,0,iter,0,1,k1,1,dynamic
68,4,0.01,11,0,0,0,0,0,0,0,0,0,0,iter,0,1,optk,1,dynamic
68,4,0.01,11,0,0,0,0,0,0,0,0,0,0,iter,0,1,rootk,1,dynamic
68,4,0.01,12,0,215,215,0.00439453,144,0.00439453,0.0065398,0,0,0,iter,0,1,optk,1,dynamic
68,4,0.01,12,0,215,215,0.00442505,145,0.00442505,0.0065398,0,0,0,iter,0,1,k1,1,dynamic
68,4,0.01,12,0,215,215,0.00442505,145,0.00442505,0.0065398,0,0,0,iter,0,1,rootk,1,dynamic
68,4,0.01,12,1,0,0,0,0,0,0,0,0,0,iter,0,1,optk,1,dynamic
68,4,0.01,12,1,1,1,3.05176e-05,1,3.05176e-05,3.05171e-05,0,1,1,iter,0,1,rootk,1,dynamic
68,4,0.01,12,1,2,2,3.05176e-05,1,3.05176e-05,6.10333e-05,0,1,1,iter,0,1,k1,1,dynamic
68,4,0.01,13,0,4332,4332,0.0633545,2076,0.0633545,0.123836,0,0,0,iter,0,1,k1,1,dynamic
68,4,0.01,13,0,4332,4332,0.0635071,2081,0.0635071,0.123836,0,0,0,iter,0,1,optk,1,dynamic
68,4,0.01,13,0,4332,4332,0.0637207,2088,0.0637207,0.123836,0,0,0,iter,0,1,rootk,1,dynamic
68,4,0.01,13,1,755,755,0.0146484,480,0.0146484,0.0227774,0,0,0,iter,0,1,optk,1,dynamic
68,4,0.01,13,1,808,808,0.0161133,528,0.0161133,0.0243567,0,0,0,iter,0,1,rootk,1,dynamic
68,4,0.01,13,1,813,813,0.0154114,505,0.0154114,0.0245055,0,0,0,iter,0,1,k1,1,dynamic
68,4,0.01,13,2,31,31,0.000671387,22,0.000671387,0.000945598,23,1,24,iter,0,1,k1,1,dynamic
68,4,0.01,13,2,46,46,0.000823975,27,0.000823975,0.00140282,28,1,29,iter,0,1,optk,1,dynamic
68,4,0.01,13,2,71,71,0.00100708,33,0.00100708,0.0021644,36,1,37,iter,0,1,rootk,1,dynamic
68,39,0.1,9,0,0,0,0,0,0,0,0,0,0,iter,0,1,k1,1,dynamic
68,39,0.1,9,0,0,0,0,0,0,0,0,0,0,iter,0,1,optk,2,dynamic
68,39,0.1,9,0,0,0,0,0,0,0,0,0,0,iter,0,1,rootk,1,dynamic
68,39,0.1,10,0,0,0,0,0,0,0,0,0,0,iter,0,1,k1,1,dynamic
68,39,0.1,10,0,0,0,0,0,0,0,0,0,0,iter,0,1,optk,2,dynamic
68,39,0.1,10,0,0,0,0,0,0,0,0,0,0,iter,0,1,rootk,1,dynamic
68,39,0.1,11,0,0,0,0,0,0,0,0,0,0,iter,0,1,k1,1,dynamic
68,39,0.1,11,0,0,0,0,0,0,0,0,0,0,iter,0,1,optk,2,dynamic
68,39,0.1,11,0,0,0,0,0,0,0,0,0,0,iter,0,1,rootk,1,dynamic
68,39,0.1,12,0,215,215,0.000453851,145,0.000453851,0.000672725,0,0,0,iter,0,1,k1,1,dynamic
68,39,0.1,12,0,215,215,0.000453851,145,0.000453851,0.000672725,0,0,0,iter,0,1,rootk,1,dynamic
68,39,0.1,12,0,215,215,8.18251e-07,289,0.000904572,0.001345,0,0,0,iter,0,1,optk,2,dynamic
68,39,0.1,12,1,0,0,0,0,0,0,0,0,0,iter,0,1,k1,1,dynamic
68,39,0.1,12,1,0,0,0,0,0,0,0,0,0,iter,0,1,optk,2,dynamic
68,39,0.1,12,1,0,0,0,0,0,0,0,0,0,iter,0,1,rootk,1,dynamic
68,39,0.1,13,0,4332,4332,0.000180472,4292,0.013434,0.026754,0,0,0,iter,0,1,optk,2,dynamic
68,39,0.1,13,0,4332,4332,0.00672326,2148,0.00672326,0.0134677,0,0,0,iter,0,1,rootk,1,dynamic
68,39,0.1,13,0,4332,4332,0.00672639,2149,0.00672639,0.0134677,0,0,0,iter,0,1,k1,1,dynamic
68,39,0.1,13,1,2,2,1.56751e-10,4,1.252e-05,1.252e-05,1,2,3,iter,0,1,optk,2,dynamic
68,39,0.1,13,1,77,77,0.00014398,46,0.00014398,0.000240982,1,47,48,iter,0,1,rootk,1,dynamic
68,39,0.1,13,1,84,84,0.000200321,64,0.000200321,0.000262886,1,65,66,iter,0,1,k1,1,dynamic
68,196,0.5,9,0,0,0,0,0,0,0,0,0,0,iter,0,1,k1,1,dynamic
68,196,0.5,9,0,0,0,0,0,0,0,0,0,0,iter,0,1,optk,10,dynamic
68,196,0.5,9,0,0,0,0,0,0,0,0,0,0,iter,0,1,rootk,3,dynamic
68,196,0.5,10,0,0,0,0,0,0,0,0,0,0,iter,0,1,k1,1,dynamic
68,196,0.5,10,0,0,0,0,0,0,0,0,0,0,iter,0,1,optk,10,dynamic
68,196,0.5,10,0,0,0,0,0,0,0,0,0,0,iter,0,1,rootk,3,dynamic
68,196,0.5,11,0,0,0,0,0,0,0,0,0,0,iter,0,1,k1,1,dynamic
68,196,0.5,11,0,0,0,0,0,0,0,0,0,0,iter,0,1,optk,10,dynamic
68,196,0.5,11,0,0,0,0,0,0,0,0,0,0,iter,0,1,rootk,3,dynamic
68,196,0.5,12,0,215,215,1.98852e-11,435,0.000270921,0.00040163,0,0,0,iter,0,1,rootk,3,dynamic
68,196,0.5,12,0,215,215,3.60761e-31,1450,0.000903071,0.00133814,0,0,0,iter,0,1,optk,10,dynamic
68,196,0.5,12,0,215,215,9.03071e-05,145,9.03071e-05,0.000133895,0,0,0,iter,0,1,k1,1,dynamic
68,196,0.5,12,1,0,0,0,0,0,0,0,0,0,iter,0,1,k1,1,dynamic
68,196,0.5,12,1,0,0,0,0,0,0,0,0,0,iter,0,1,optk,10,dynamic
68,196,0.5,12,1,0,0,0,0,0,0,0,0,0,iter,0,1,rootk,3,dynamic
68,196,0.5,13,0,4332,4332,0.00134028,2152,0.00134028,0.00269437,0,0,0,iter,0,1,k1,1,dynamic
68,196,0.5,13,0,4332,4332,1.77293e-19,21405,0.0133312,0.0266193,0,0,0,iter,0,1,optk,10,dynamic
68,196,0.5,13,0,4332,4332,6.47645e-08,6448,0.00401586,0.00806134,0,0,0,iter,0,1,rootk,3,dynamic
68,196,0.5,13,1,1,1,6.52267e-18,3,1.86842e-06,1.86842e-06,1,1,2,iter,0,1,rootk,3,dynamic
68,196,0.5,13,1,1,1,8.78092e-53,10,6.22808e-06,6.22806e-06,1,1,2,iter,0,1,optk,10,dynamic
68,196,0.5,13,1,23,23,9.34212e-06,15,9.34212e-06,1.43245e-05,1,15,16,iter,0,1,k1,1,dynamic
69,10,0.001,11,0,0,0,0,0,0,0,0,0,0,iter,0,1,k1,1,dynamic
69,10,0.001,11,0,0,0,0,0,0,0,0,0,0,iter,0,1,optk,1,dynamic
69,10,0.001,11,0,0,0,0,0,0,0,0,0,0,iter,0,1,rootk,1,dynamic
69,10,0.001,12,0,0,0,0,0,0,0,0,0,0,iter,0,1,k1,1,dynamic
69,10,0.001,12,0,0,0,0,0,0,0,0,0,0,iter,0,1,optk,1,dynamic
69,10,0.001,12,0,0,0,0,0,0,0,0,0,0,iter,0,1,rootk,1,dynamic
69,10,0.001,13,0,1,1,1.2207e-05,1,1.2207e-05,1.2207e-05,0,0,0,iter,0,1,k1,1,dynamic
69,10,0.001,13,0,1,1,1.2207e-05,1,1.2207e-05,1.2207e-05,0,0,0,iter,0,1,optk,1,dynamic
69,10,0.001,13,0,1,1,1.2207e-05,1,1.2207e-05,1.2207e-05,0,0,0,iter,0,1,rootk,1,dynamic
69,10,0.001,13,1,0,0,0,0,0,0,0,0,0,iter,0,1,k1,1,dynamic
69,10,0.001,13,1,0,0,0,0,0,0,0,0,0,iter,0,1,optk,1,dynamic
69,10,0.001,13,1,0,0,0,0,0,0,0,0,0,iter,0,1,rootk,1,dynamic
69,10,0.001,14,0,856,856,0.00671387,550,0.00671387,0.0103948,0,0,0,iter,0,1,rootk,1,dynamic
69,10,0.001,14,0,856,856,0.00672607,551,0.00672607,0.0103948,0,0,0,iter,0,1,optk,1,dynamic
69,10,0.001,14,0,856,856,0.00673828,552,0.00673828,0.0103948,0,0,0,iter,0,1,k1,1,dynamic
69,10,0.001,14,1,0,0,0,0,0,0,0,0,0,iter,0,1,k1,1,dynamic
69,10,0.001,14,1,0,0,0,0,0,0,0,0,0,iter,0,1,optk,1,dynamic
69,10,0.001,14,1,0,0,0,0,0,0,0,0,0,iter,0,1,rootk,1,dynamic
69,10,0.001,15,0,25993,25993,0.191809,15713,0.191809,0.271886,0,0,0,iter,0,1,optk,1,dynamic
69,10,0.001,15,0,25993,25993,0.191809,15713,0.191809,0.271886,0,0,0,iter,0,1,rootk,1,dynamic
69,10,0.001,15,0,25993,25993,0.192224,15747,0.192224,0.271886,0,0,0,iter,0,1,k1,1,dynamic
69,10,0.001,15,1,119,119,0.000280762,23,0.000280762,0.00145158,0,23,23,iter,0,1,optk,1,dynamic
69,10,0.001,15,1,220,220,0.000439453,36,0.000439453,0.00268194,0,36,36,iter,0,1,k1,1,dynamic
69,10,0.001,15,1,69,69,0.000390625,32,0.000390625,0.000841931,0,32,32,iter,0,1,rootk,1,dynamic
69,10,0.001,16,0,415486,415486,0.965625,79104,0.965625,0.993729,0,0,0,iter,0,1,rootk,1,dynamic
69,10,0.001,16,0,415486,415486,0.966199,79151,0.966199,0.993729,0,0,0,iter,0,1,k1,1,dynamic
69,10,0.001,16,0,415486,415486,0.966687,79191,0.966687,0.993729,0,0,0,iter,0,1,optk,1,dynamic
69,10,0.001,16,0,4812,4812,0.0396729,3250,0.0396729,0.0570483,5930,0,5930,type,0,4,rootk,1,dynamic
69,10,0.001,16,0,5075,5075,0.0403687,3307,0.0403687,0.0600708,6006,0,6006,type,0,4,optk,1,dynamic
69,10,0.001,16,0,5133,5133,0.0402832,3300,0.0402832,0.060736,6068,0,6068,type,0,4,k1,1,dynamic
69,10,0.001,16,1,30284,30284,0.048999,4014,0.048999,0.309043,0,0,0,iter,0,1,rootk,1,dynamic
69,10,0.001,16,1,30414,30414,0.0492676,4036,0.0492676,0.310139,0,0,0,iter,0,1,k1,1,dynamic
69,10,0.001,16,1,30807,30807,0.0491211,4024,0.0491211,0.31344,0,0,0,iter,0,1,optk,1,dynamic
69,10,0.001,16,1,5148,5148,0.0407715,3340,0.0407715,0.060908,5968,0,5968,type,1,4,optk,1,dynamic
69,10,0.001,16,1,5170,5170,0.0402588,3298,0.0402588,0.0611601,5974,0,5974,type,1,4,rootk,1,dynamic
69,10,0.001,16,1,5335,5335,0.0422363,3460,0.0422363,0.0630492,6221,0,6221,type,1,4,k1,1,dynamic
69,10,0.001,16,2,4997,4997,0.0406006,3326,0.0406006,0.0591754,6003,1,6004,type,2,4,rootk,1,dynamic
69,10,0.001,16,2,5161,5161,0.0402832,3300,0.0402832,0.061057,5951,1,5952,type,2,4,k1,1,dynamic
69,10,0.001,16,2,5180,5180,0.041394,3391,0.041394,0.0612747,6222,1,6223,type,2,4,optk,1,dynamic
69,97,0.01,11,0,0,0,0,0,0,0,0,0,0,iter,0,1,k1,1,dynamic
69,97,0.01,11,0,0,0,0,0,0,0,0,0,0,iter,0,1,optk,1,dynamic
69,97,0.01,11,0,0,0,0,0,0,0,0,0,0,iter,0,1,rootk,1,dynamic
69,97,0.01,12,0,0,0,0,0,0,0,0,0,0,iter,0,1,k1,1,dynamic
69,97,0.01,12,0,0,0,0,0,0,0,0,0,0,iter,0,1,optk,1,dynamic
69,97,0.01,12,0,0,0,0,0,0,0,0,0,0,iter,0,1,rootk,1,dynamic
69,97,0.01,13,0,1,1,1.25846e-06,1,1.25846e-06,1.25846e-06,0,0,0,iter,0,1,k1,1,dynamic
69,97,0.01,13,0,1,1,1.25846e-06,1,1.25846e-06,1.25846e-06,0,0,0,iter,0,1,optk,1,dynamic
69,97,0.01,13,0,1,1,1.25846e-06,1,1.25846e-06,1.25846e-06,0,0,0,iter,0,1,rootk,1,dynamic
69,97,0.01,13,1,0,0,0,0,0,0,0,0,0,iter,0,1,k1,1,dynamic
69,97,0.01,13,1,0,0,0,0,0,0,0,0,0,iter,0,1,optk,1,dynamic
69,97,0.01,13,1,0,0,0,0,0,0,0,0,0,iter,0,1,rootk,1,dynamic
69,97,0.01,14,0,856,856,0.000695927,553,0.000695927,0.00107666,0,0,0,iter,0,1,k1,1,dynamic
69,97,0.01,14,0,856,856,0.000695927,553,0.000695927,0.00107666,0,0,0,iter,0,1,optk,1,dynamic
69,97,0.01,14,0,856,856,0.000695927,553,0.000695927,0.00107666,0,0,0,iter,0,1,rootk,1,dynamic
69,97,0.01,14,1,0,0,0,0,0,0,0,0,0,iter,0,1,k1,1,dynamic
69,97,0.01,14,1,0,0,0,0,0,0,0,0,0,iter,0,1,optk,1,dynamic
69,97,0.01,14,1,0,0,0,0,0,0,0,0,0,iter,0,1,rootk,1,dynamic
69,97,0.01,15,0,25993,25993,0.021731,17268,0.021731,0.0321818,0,0,0,iter,0,1,rootk,1,dynamic
69,97,0.01,15,0,25993,25993,0.0217537,17286,0.0217537,0.0321818,0,0,0,iter,0,1,optk,1,dynamic
69,97,0.01,15,0,25993,25993,0.0218002,17323,0.0218002,0.0321818,0,0,0,iter,0,1,k1,1,dynamic
69,97,0.01,15,1,110,110,5.03383e-06,4,5.03383e-06,0.000138421,0,4,4,iter,0,1,optk,1,dynamic
69,97,0.01,15,1,72,72,5.03383e-06,4,5.03383e-06,9.06048e-05,0,4,4,iter,0,1,k1,1,dynamic
69,97,0.01,15,1,8,8,2.51691e-06,2,2.51691e-06,1.00676e-05,0,2,2,iter,0,1,rootk,1,dynamic
69,97,0.01,16,0,415486,415486,0.292979,232808,0.292979,0.407184,0,0,0,iter,0,1,rootk,1,dynamic
69,97,0.01,16,0,415486,415486,0.29299,232817,0.29299,0.407184,0,0,0,iter,0,1,optk,1,dynamic
69,97,0.01,16,0,415486,415486,0.293444,233178,0.293444,0.407184,0,0,0,iter,0,1,k1,1,dynamic
69,97,0.01,16,1,7179,7179,0.0016297,1295,0.0016297,0.00899377,1,1302,1303,iter,0,1,k1,1,dynamic
69,97,0.01,16,1,7686,7686,0.00160453,1275,0.00160453,0.00962587,1,1277,1278,iter,0,1,rootk,1,dynamic
69,97,0.01,16,1,8952,8952,0.00158188,1257,0.00158188,0.0112025,1,1262,1263,iter,0,1,optk,1,dynamic
69,974,0.1,11,0,0,0,0,0,0,0,0,0,0,iter,0,1,k1,1,dynamic
69,974,0.1,11,0,0,0,0,0,0,0,0,0,0,iter,0,1,optk,1,dynamic
69,974,0.1,11,0,0,0,0,0,0,0,0,0,0,iter,0,1,rootk,1,dynamic
69,974,0.1,12,0,0,0,0,0,0,0,0,0,0,iter,0,1,k1,1,dynamic
69,974,0.1,12,0,0,0,0,0,0,0,0,0,0,iter,0,1,optk,1,dynamic
69,974,0.1,12,0,0,0,0,0,0,0,0,0,0,iter,0,1,rootk,1,dynamic
69,974,0.1,13,0,1,1,1.25329e-07,1,1.25329e-07,1.25329e-07,0,0,0,iter,0,1,k1,1,dynamic
69,974,0.1,13,0,1,1,1.25329e-07,1,1.25329e-07,1.25329e-07,0,0,0,iter,0,1,optk,1,dynamic
69,974,0.1,13,0,1,1,1.25329e-07,1,1.25329e-07,1.25329e-07,0,0,0,iter,0,1,rootk,1,dynamic
69,974,0.1,13,1,0,0,0,0,0,0,0,0,0,iter,0,1,k1,1,dynamic
69,974,0.1,13,1,0,0,0,0,0,0,0,0,0,iter,0,1,optk,1,dynamic
69,974,0.1,13,1,0,0,0,0,0,0,0,0,0,iter,0,1,rootk,1,dynamic
69,974,0.1,14,0,856,856,6.93069e-05,553,6.93069e-05,0.000107276,0,0,0,iter,0,1,k1,1,dynamic
69,974,0.1,14,0,856,856,6.93069e-05,553,6.93069e-05,0.000107276,0,0,0,iter,0,1,optk,1,dynamic
69,974,0.1,14,0,856,856,6.93069e-05,553,6.93069e-05,0.000107276,0,0,0,iter,0,1,rootk,1,dynamic
69,974,0.1,14,1,0,0,0,0,0,0,0,0,0,iter,0,1,k1,1,dynamic
69,974,0.1,14,1,0,0,0,0,0,0,0,0,0,iter,0,1,optk,1,dynamic
69,974,0.1,14,1,0,0,0,0,0,0,0,0,0,iter,0,1,rootk,1,dynamic
69,974,0.1,15,0,25993,25993,0.0021895,17470,0.0021895,0.00325237,0,0,0,iter,0,1,k1,1,dynamic
69,974,0.1,15,0,25993,25993,0.00218962,17471,0.00218962,0.00325237,0,0,0,iter,0,1,optk,1,dynamic
69,974,0.1,15,0,25993,25993,0.00219012,17475,0.00219012,0.00325237,0,0,0,iter,0,1,rootk,1,dynamic
69,974,0.1,15,1,0,0,0,0,0,0,0,0,0,iter,0,1,k1,1,dynamic
69,974,0.1,15,1,0,0,0,0,0,0,0,0,0,iter,0,1,optk,1,dynamic
69,974,0.1,15,1,2,2,1.25329e-07,1,1.25329e-07,2.50658e-07,0,1,1,iter,0,1,rootk,1,dynamic
69,974,0.1,16,0,415486,415486,0.0339357,270773,0.0339357,0.0507399,0,0,0,iter,0,1,optk,1,dynamic
69,974,0.1,16,0,415486,415486,0.0339448,270846,0.0339448,0.0507399,0,0,0,iter,0,1,k1,1,dynamic
69,974,0.1,16,0,415486,415486,0.0339492,270881,0.0339492,0.0507399,0,0,0,iter,0,1,rootk,1,dynamic
69,974,0.1,16,1,1204,1204,1.70447e-05,136,1.70447e-05,0.000150885,1,136,137,iter,0,1,optk,1,dynamic
69,974,0.1,16,1,1317,1317,2.16819e-05,173,2.16819e-05,0.000165044,1,173,174,iter,0,1,rootk,1,dynamic
69,974,0.1,16,1,3944,3944,2.05539e-05,164,2.05539e-05,0.000494175,1,164,165,iter,0,1,k1,1,dynamic
69,4871,0.5,11,0,0,0,0,0,0,0,0,0,0,iter,0,1,k1,1,dynamic
69,4871,0.5,11,0,0,0,0,0,0,0,0,0,0,iter,0,1,optk,3,dynamic
69,4871,0.5,11,0,0,0,0,0,0,0,0,0,0,iter,0,1,rootk,2,dynamic
69,4871,0.5,12,0,0,0,0,0,0,0,0,0,0,iter,0,1,k1,1,dynamic
69,4871,0.5,12,0,0,0,0,0,0,0,0,0,0,iter,0,1,optk,3,dynamic
69,4871,0.5,12,0,0,0,0,0,0,0,0,0,0,iter,0,1,rootk,2,dynamic
69,4871,0.5,13,0,1,1,2.50606e-08,1,2.50606e-08,2.50606e-08,0,0,0,iter,0,1,k1,1,dynamic
69,4871,0.5,13,0,1,1,2.51214e-15,2,5.01213e-08,5.01213e-08,0,0,0,iter,0,1,rootk,2,dynamic
69,4871,0.5,13,0,1,1,4.24952e-22,3,7.51819e-08,7.51819e-08,0,0,0,iter,0,1,optk,3,dynamic
69,4871,0.5,13,1,0,0,0,0,0,0,0,0,0,iter,0,1,k1,1,dynamic
69,4871,0.5,13,1,0,0,0,0,0,0,0,0,0,iter,0,1,optk,3,dynamic
69,4871,0.5,13,1,0,0,0,0,0,0,0,0,0,iter,0,1,rootk,2,dynamic
69,4871,0.5,14,0,856,856,1.38585e-05,553,1.38585e-05,2.14517e-05,0,0,0,iter,0,1,k1,1,dynamic
69,4871,0.5,14,0,856,856,7.18646e-14,1659,4.15756e-05,6.43536e-05,0,0,0,iter,0,1,optk,3,dynamic
69,4871,0.5,14,0,856,856,7.68235e-10,1106,2.77171e-05,4.29029e-05,0,0,0,iter,0,1,rootk,2,dynamic
69,4871,0.5,14,1,0,0,0,0,0,0,0,0,0,iter,0,1,k1,1,dynamic
69,4871,0.5,14,1,0,0,0,0,0,0,0,0,0,iter,0,1,optk,3,dynamic
69,4871,0.5,14,1,0,0,0,0,0,0,0,0,0,iter,0,1,rootk,2,dynamic
69,4871,0.5,15,0,25993,25993,0.00043816,17484,0.00043816,0.000651189,0,0,0,iter,0,1,k1,1,dynamic
69,4871,0.5,15,0,25993,25993,2.26773e-09,52425,0.0013138,0.00195229,0,0,0,iter,0,1,optk,3,dynamic
69,4871,0.5,15,0,25993,25993,7.67981e-07,34969,0.000876345,0.00130195,0,0,0,iter,0,1,rootk,2,dynamic
69,4871,0.5,15,1,0,0,0,0,0,0,0,0,0,iter,0,1,optk,3,dynamic
69,4871,0.5,15,1,0,0,0,0,0,0,0,0,0,iter,0,1,rootk,2,dynamic
69,4871,0.5,15,1,1,1,2.50606e-08,1,2.50606e-08,2.50606e-08,0,1,1,iter,0,1,k1,1,dynamic
69,4871,0.5,16,0,415486,415486,0.000187987,547107,0.0137108,0.0206093,0,0,0,iter,0,1,rootk,2,dynamic
69,4871,0.5,16,0,415486,415486,0.00688014,274540,0.00688014,0.0103583,0,0,0,iter,0,1,k1,1,dynamic
69,4871,0.5,16,0,415486,415486,8.61123e-06,817893,0.0204969,0.0307542,0,0,0,iter,0,1,optk,3,dynamic
69,4871,0.5,16,1,102,102,8.52061e-07,34,8.52061e-07,2.55618e-06,1,34,35,iter,0,1,k1,1,dynamic
69,4871,0.5,16,1,2,2,1.00486e-14,4,1.00243e-07,1.00243e-07,1,2,3,iter,0,1,rootk,2,dynamic
69,4871,0.5,16,1,2,2,3.39961e-21,6,1.50364e-07,1.50364e-07,1,2,3,iter,0,1,optk,3,dynamic
70,1,0.001,11,0,0,0,0,0,0,0,0,0,0,iter,0,1,k1,1,dynamic
70,1,0.001,11,0,0,0,0,0,0,0,0,0,0,iter,0,1,optk,1,dynamic
70,1,0.001,11,0,0,0,0,0,0,0,0,0,0,iter,0,1,rootk,1,dynamic
70,1,0.001,12,0,0,0,0,0,0,0,0,0,0,iter,0,1,k1,1,dynamic
70,1,0.001,12,0,0,0,0,0,0,0,0,0,0,iter,0,1,optk,1,dynamic
70,1,0.001,12,0,0,0,0,0,0,0,0,0,0,iter,0,1,rootk,1,dynamic
70,1,0.001,13,0,4,4,0.000366211,3,0.000366211,0.000488162,0,0,0,iter,0,1,k1,1,dynamic
70,1,0.001,13,0,4,4,0.000366211,3,0.000366211,0.000488162,0,0,0,iter,0,1,optk,1,dynamic
70,1,0.001,13,0,4,4,0.000366211,3,0.000366211,0.000488162,0,0,0,iter,0,1,rootk,1,dynamic
70,1,0.001,13,1,0,0,0,0,0,0,0,0,0,iter,0,1,k1,1,dynamic
70,1,0.001,13,1,0,0,0,0,0,0,0,0,0,iter,0,1,optk,1,dynamic
70,1,0.001,13,1,0,0,0,0,0,0,0,0,0,iter,0,1,rootk,1,dynamic
70,1,0.001,14,0,1542,1542,0.126831,1039,0.126831,0.171578,0,0,0,iter,0,1,k1,1,dynamic
70,1,0.001,14,0,1542,1542,0.127808,1047,0.127808,0.171578,0,0,0,iter,0,1,optk,1,dynamic
70,1,0.001,14,0,1542,1542,0.128418,1052,0.128418,0.171578,0,0,0,iter,0,1,rootk,1,dynamic
70,1,0.001,14,1,1,1,0.00012207,1,0.00012207,0.000122063,0,1,1,iter,0,1,k1,1,dynamic
70,1,0.001,14,1,3,3,0.000366211,3,0.000366211,0.000366144,0,3,3,iter,0,1,optk,1,dynamic
70,1,0.001,14,1,3,3,0.000366211,3,0.000366211,0.000366144,0,3,3,iter,0,1,rootk,1,dynamic
70,1,0.001,15,0,1114,1114,0.0887451,727,0.0887451,0.127145,1306,0,1306,type,0,4,optk,1,dynamic
70,1,0.001,15,0,1115,1115,0.0931396,763,0.0931396,0.127252,1352,0,1352,type,0,4,rootk,1,dynamic
70,1,0.001,15,0,1216,1216,0.0968018,793,0.0968018,0.137946,1428,0,1428,type,0,4,k1,1,dynamic
70,1,0.001,15,0,40269,40269,0.964844,7904,0.964844,0.992669,0,0,0,iter,0,1,optk,1,dynamic
70,1,0.001,15,0,40269,40269,0.968262,7932,0.968262,0.992669,0,0,0,iter,0,1,rootk,1,dynamic
70,1,0.001,15,0,40269,40269,0.970093,7947,0.970093,0.992669,0,0,0,iter,0,1,k1,1,dynamic
70,1,0.001,15,1,1126,1126,0.0933838,765,0.0933838,0.128423,1376,0,1376,type,1,4,k1,1,dynamic
70,1,0.001,15,1,1147,1147,0.0933838,765,0.0933838,0.130654,1391,0,1391,type,1,4,rootk,1,dynamic
70,1,0.001,15,1,1176,1176,0.0941162,771,0.0941162,0.133727,1397,0,1397,type,1,4,optk,1,dynamic
70,1,0.001,15,1,2576,2576,0.115479,946,0.115479,0.269812,0,0,0,iter,0,1,rootk,1,dynamic
70,1,0.001,15,1,2597,2597,0.113403,929,0.113403,0.271681,0,0,0,iter,0,1,optk,1,dynamic
70,1,0.001,15,1,2598,2598,0.115845,949,0.115845,0.27177,0,0,0,iter,0,1,k1,1,dynamic
70,1,0.001,15,2,1048,1048,0.0855713,701,0.0855713,0.120085,1267,1,1268,type,2,4,optk,1,dynamic
70,1,0.001,15,2,1133,1133,0.0906982,743,0.0906982,0.129168,1321,1,1322,type,2,4,rootk,1,dynamic
70,1,0.001,15,2,1146,1146,0.0909424,745,0.0909424,0.130548,1358,1,1359,type,2,4,k1,1,dynamic
70,12,0.01,11,0,0,0,0,0,0,0,0,0,0,iter,0,1,k1,1,dynamic
70,12,0.01,11,0,0,0,0,0,0,0,0,0,0,iter,0,1,optk,1,dynamic
70,12,0.01,11,0,0,0,0,0,0,0,0,0,0,iter,0,1,rootk,1,dynamic
70,12,0.01,12,0,0,0,0,0,0,0,0,0,0,iter,0,1,k1,1,dynamic
70,12,0.01,12,0,0,0,0,0,0,0,0,0,0,iter,0,1,optk,1,dynamic
70,12,0.01,12,0,0,0,0,0,0,0,0,0,0,iter,0,1,rootk,1,dynamic
70,12,0.01,13,0,4,4,3.05176e-05,3,3.05176e-05,4.06893e-05,0,0,0,iter,0,1,k1,1,dynamic
70,12,0.01,13,0,4,4,3.05176e-05,3,3.05176e-05,4.06893e-05,0,0,0,iter,0,1,optk,1,dynamic
70,12,0.01,13,0,4,4,3.05176e-05,3,3.05176e-05,4.06893e-05,0,0,0,iter,0,1,rootk,1,dynamic
70,12,0.01,13,1,0,0,0,0,0,0,0,0,0,iter,0,1,k1,1,dynamic
70,12,0.01,13,1,0,0,0,0,0,0,0,0,0,iter,0,1,optk,1,dynamic
70,12,0.01,13,1,0,0,0,0,0,0,0,0,0,iter,0,1,rootk,1,dynamic
70,12,0.01,14,0,1542,1542,0.0113118,1112,0.0113118,0.0155637,0,0,0,iter,0,1,rootk,1,dynamic
70,12,0.01,14,0,1542,1542,0.0113424,1115,0.0113424,0.0155637,0,0,0,iter,0,1,optk,1,dynamic
70,12,0.01,14,0,1542,1542,0.0113729,1118,0.0113729,0.0155637,0,0,0,iter,0,1,k1,1,dynamic
70,12,0.01,14,1,0,0,0,0,0,0,0,0,0,iter,0,1,optk,1,dynamic
70,12,0.01,14,1,1,1,1.01725e-05,1,1.01725e-05,1.01725e-05,0,1,1,iter,0,1,k1,1,dynamic
70,12,0.01,14,1,1,1,1.01725e-05,1,1.01725e-05,1.01725e-05,0,1,1,iter,0,1,rootk,1,dynamic
70,12,0.01,15,0,40269,40269,0.249268,24504,0.249268,0.336109,0,0,0,iter,0,1,rootk,1,dynamic
70,12,0.01,15,0,40269,40269,0.24943,24520,0.24943,0.336109,0,0,0,iter,0,1,k1,1,dynamic
70,12,0.01,15,0,40269,40269,0.249441,24521,0.249441,0.336109,0,0,0,iter,0,1,optk,1,dynamic
70,12,0.01,15,1,671,671,0.0025533,251,0.0025533,0.00680252,1,254,255,iter,0,1,optk,1,dynamic
70,12,0.01,15,1,799,799,0.00245158,241,0.00245158,0.00809491,1,242,243,iter,0,1,rootk,1,dynamic
70,12,0.01,15,1,931,931,0.0026652,262,0.0026652,0.00942592,1,265,266,iter,0,1,k1,1,dynamic
70,125,0.1,11,0,0,0,0,0,0,0,0,0,0,iter,0,1,k1,1,dynamic
70,125,0.1,11,0,0,0,0,0,0,0,0,0,0,iter,0,1,optk,3,dynamic
70,125,0.1,11,0,0,0,0,0,0,0,0,0,0,iter,0,1,rootk,2,dynamic
70,125,0.1,12,0,0,0,0,0,0,0,0,0,0,iter,0,1,k1,1,dynamic
70,125,0.1,12,0,0,0,0,0,0,0,0,0,0,iter,0,1,optk,3,dynamic
70,125,0.1,12,0,0,0,0,0,0,0,0,0,0,iter,0,1,rootk,2,dynamic
70,125,0.1,13,0,4,4,2.92969e-06,3,2.92969e-06,3.90624e-06,0,0,0,iter,0,1,k1,1,dynamic
70,125,0.1,13,0,4,4,3.43323e-11,6,5.85938e-06,7.81247e-06,0,0,0,iter,0,1,rootk,2,dynamic
70,125,0.1,13,0,4,4,6.78934e-16,9,8.78906e-06,1.17187e-05,0,0,0,iter,0,1,optk,3,dynamic
70,125,0.1,13,1,0,0,0,0,0,0,0,0,0,iter,0,1,k1,1,dynamic
70,125,0.1,13,1,0,0,0,0,0,0,0,0,0,iter,0,1,optk,3,dynamic
70,125,0.1,13,1,0,0,0,0,0,0,0,0,0,iter,0,1,rootk,2,dynamic
70,125,0.1,14,0,1542,1542,0.00109668,1123,0.00109668,0.00150473,0,0,0,iter,0,1,k1,1,dynamic
70,125,0.1,14,0,1542,1542,3.55492e-08,3367,0.00328809,0.00450739,0,0,0,iter,0,1,optk,3,dynamic
70,125,0.1,14,0,1542,1542,4.81511e-06,2247,0.00219434,0.00300719,0,0,0,iter,0,1,rootk,2,dynamic
70,125,0.1,14,1,0,0,0,0,0,0,0,0,0,iter,0,1,k1,1,dynamic
70,125,0.1,14,1,0,0,0,0,0,0,0,0,0,iter,0,1,optk,3,dynamic
70,125,0.1,14,1,0,0,0,0,0,0,0,0,0,iter,0,1,rootk,2,dynamic
70,125,0.1,15,0,40269,40269,0.000497606,81145,0.0792432,0.111282,0,0,0,iter,0,1,optk,3,dynamic
70,125,0.1,15,0,40269,40269,0.00287334,54890,0.0536035,0.075637,0,0,0,iter,0,1,rootk,2,dynamic
70,125,0.1,15,0,40269,40269,0.0271904,27843,0.0271904,0.038562,0,0,0,iter,0,1,k1,1,dynamic
70,125,0.1,15,1,1,1,2.51457e-17,3,2.92969e-06,2.92968e-06,1,1,2,iter,0,1,optk,3,dynamic
70,125,0.1,15,1,2,2,1.52588e-11,4,3.90625e-06,3.90624e-06,1,2,3,iter,0,1,rootk,2,dynamic
70,125,0.1,15,1,79,79,3.02734e-05,31,3.02734e-05,7.71455e-05,1,31,32,iter,0,1,k1,1,dynamic
70,623,0.5,11,0,0,0,0,0,0,0,0,0,0,iter,0,1,k1,1,dynamic
70,623,0.5,11,0,0,0,0,0,0,0,0,0,0,iter,0,1,optk,15,dynamic
70,623,0.5,11,0,0,0,0,0,0,0,0,0,0,iter,0,1,rootk,4,dynamic
70,623,0.5,12,0,0,0,0,0,0,0,0,0,0,iter,0,1,k1,1,dynamic
70,623,0.5,12,0,0,0,0,0,0,0,0,0,0,iter,0,1,optk,15,dynamic
70,623,0.5,12,0,0,0,0,0,0,0,0,0,0,iter,0,1,rootk,4,dynamic
70,623,0.5,13,0,4,4,1.51362e-76,45,8.81728e-06,1.17563e-05,0,0,0,iter,0,1,optk,15,dynamic
70,623,0.5,13,0,4,4,3.05642e-23,12,2.35127e-06,3.13503e-06,0,0,0,iter,0,1,rootk,4,dynamic
70,623,0.5,13,0,4,4,5.87819e-07,3,5.87819e-07,7.83758e-07,0,0,0,iter,0,1,k1,1,dynamic
70,623,0.5,13,1,0,0,0,0,0,0,0,0,0,iter,0,1,k1,1,dynamic
70,623,0.5,13,1,0,0,0,0,0,0,0,0,0,iter,0,1,optk,15,dynamic
70,623,0.5,13,1,0,0,0,0,0,0,0,0,0,iter,0,1,rootk,4,dynamic
70,623,0.5,14,0,1542,1542,0.000220236,1124,0.000220236,0.000302093,0,0,0,iter,0,1,k1,1,dynamic
70,623,0.5,14,0,1542,1542,5.92522e-38,16829,0.00329747,0.00452183,0,0,0,iter,0,1,optk,15,dynamic
70,623,0.5,14,0,1542,1542,6.00667e-13,4493,0.000880356,0.00120782,0,0,0,iter,0,1,rootk,4,dynamic
70,623,0.5,14,1,0,0,0,0,0,0,0,0,0,iter,0,1,k1,1,dynamic
70,623,0.5,14,1,0,0,0,0,0,0,0,0,0,iter,0,1,optk,15,dynamic
70,623,0.5,14,1,0,0,0,0,0,0,0,0,0,iter,0,1,rootk,4,dynamic
70,623,0.5,15,0,40269,40269,0.0055108,28125,0.0055108,0.00785924,0,0,0,iter,0,1,k1,1,dynamic
70,623,0.5,15,0,40269,40269,2.2803e-07,111526,0.0218523,0.0310683,0,0,0,iter,0,1,rootk,4,dynamic
70,623,0.5,15,0,40269,40269,3.24307e-17,406077,0.0795665,0.111619,0,0,0,iter,0,1,optk,15,dynamic
70,623,0.5,15,1,1,1,1.05487e-83,15,2.93909e-06,2.93909e-06,1,1,2,iter,0,1,optk,15,dynamic
70,623,0.5,15,1,1,1,3.77336e-25,4,7.83758e-07,7.83758e-07,1,1,2,iter,0,1,rootk,4,dynamic
70,623,0.5,15,1,15,15,1.56752e-06,8,1.56752e-06,2.93909e-06,1,8,9,iter,0,1,k1,1,dynamic
71,35,0.001,10,0,0,0,0,0,0,0,0,0,0,iter,0,1,k1,1,dynamic
71,35,0.001,10,0,0,0,0,0,0,0,0,0,0,iter,0,1,optk,1,dynamic
71,35,0.001,10,0,0,0,0,0,0,0,0,0,0,iter,0,1,rootk,1,dynamic
71,35,0.001,11,0,0,0,0,0,0,0,0,0,0,iter,0,1,k1,1,dynamic
71,35,0.001,11,0,0,0,0,0,0,0,0,0,0,iter,0,1,optk,1,dynamic
71,35,0.001,11,0,0,0,0,0,0,0,0,0,0,iter,0,1,rootk,1,dynamic
71,35,0.001,12,0,0,0,0,0,0,0,0,0,0,iter,0,1,k1,1,dynamic
71,35,0.001,12,0,0,0,0,0,0,0,0,0,0,iter,0,1,optk,1,dynamic
71,35,0.001,12,0,0,0,0,0,0,0,0,0,0,iter,0,1,rootk,1,dynamic
71,35,0.001,13,0,5,5,1.39509e-05,4,1.39509e-05,1.74385e-05,0,0,0,iter,0,1,k1,1,dynamic
71,35,0.001,13,0,5,5,1.39509e-05,4,1.39509e-05,1.74385e-05,0,0,0,iter,0,1,optk,1,dynamic
71,35,0.001,13,0,5,5,1.39509e-05,4,1.39509e-05,1.74385e-05,0,0,0,iter,0,1,rootk,1,dynamic
71,35,0.001,13,1,0,0,0,0,0,0,0,0,0,iter,0,1,k1,1,dynamic
71,35,0.001,13,1,0,0,0,0,0,0,0,0,0,iter,0,1,optk,1,dynamic
71,35,0.001,13,1,0,0,0,0,0,0,0,0,0,iter,0,1,rootk,1,dynamic
71,35,0.001,14,0,1170,1170,0.00262277,752,0.00262277,0.00407232,0,0,0,iter,0,1,k1,1,dynamic
71,35,0.001,14,0,1170,1170,0.00262277,752,0.00262277,0.00407232,0,0,0,iter,0,1,rootk,1,dynamic
71,35,0.001,14,0,1170,1170,0.00262626,753,0.00262626,0.00407232,0,0,0,iter,0,1,optk,1,dynamic
71,35,0.001,14,1,1,1,3.48772e-06,1,3.48772e-06,3.48772e-06,0,1,1,iter,0,1,optk,1,dynamic
71,35,0.001,14,1,2,2,6.97545e-06,2,6.97545e-06,6.97542e-06,0,2,2,iter,0,1,k1,1,dynamic
71,35,0.001,14,1,4,4,1.04632e-05,3,1.04632e-05,1.39508e-05,0,3,3,iter,0,1,rootk,1,dynamic
71,35,0.001,15,0,70357,70357,0.121885,34947,0.121885,0.217597,0,0,0,iter,0,1,optk,1,dynamic
71,35,0.001,15,0,70357,70357,0.12191,34954,0.12191,0.217597,0,0,0,iter,0,1,k1,1,dynamic
71,35,0.001,15,0,70357,70357,0.122133,35018,0.122133,0.217597,0,0,0,iter,0,1,rootk,1,dynamic
71,35,0.001,15,1,3195,3195,0.00497001,1425,0.00497001,0.0110814,0,1486,1486,iter,0,1,k1,1,dynamic
71,35,0.001,15,1,3351,3351,0.00496652,1424,0.00496652,0.0116193,0,1493,1493,iter,0,1,optk,1,dynamic
71,35,0.001,15,1,3383,3383,0.00493513,1415,0.00493513,0.0117296,0,1463,1463,iter,0,1,rootk,1,dynamic
71,35,0.001,16,0,1744767,1744767,0.946446,271365,0.946446,0.997724,0,0,0,iter,0,1,k1,1,dynamic
71,35,0.001,16,0,1744767,1744767,0.946589,271406,0.946589,0.997724,0,0,0,iter,0,1,optk,1,dynamic
71,35,0.001,16,0,1744767,1744767,0.94752,271673,0.94752,0.997724,0,0,0,iter,0,1,rootk,1,dynamic
71,35,0.001,16,0,82639,82639,0.130999,37560,0.130999,0.250405,48697,1,48698,type,0,8,optk,1,dynamic
71,35,0.001,16,0,83010,83010,0.130783,37498,0.130783,0.251374,48517,1,48518,type,0,8,rootk,1,dynamic
71,35,0.001,16,0,85046,85046,0.131288,37643,0.131288,0.256671,48744,1,48745,type,0,8,k1,1,dynamic
71,35,0.001,16,1,516216,516216,0.381466,109374,0.381466,0.83477,0,0,0,iter,0,1,k1,1,dynamic
71,35,0.001,16,1,517634,517634,0.381156,109285,0.381156,0.835585,0,0,0,iter,0,1,optk,1,dynamic
71,35,0.001,16,1,518570,518570,0.381229,109306,0.381229,0.836121,0,0,0,iter,0,1,rootk,1,dynamic
71,352,0.01,10,0,0,0,0,0,0,0,0,0,0,iter,0,1,k1,1,dynamic
71,352,0.01,10,0,0,0,0,0,0,0,0,0,0,iter,0,1,optk,1,dynamic
71,352,0.01,10,0,0,0,0,0,0,0,0,0,0,iter,0,1,rootk,1,dynamic
71,352,0.01,11,0,0,0,0,0,0,0,0,0,0,iter,0,1,k1,1,dynamic
71,352,0.01,11,0,0,0,0,0,0,0,0,0,0,iter,0,1,optk,1,dynamic
71,352,0.01,11,0,0,0,0,0,0,0,0,0,0,iter,0,1,rootk,1,dynamic
71,352,0.01,12,0,0,0,0,0,0,0,0,0,0,iter,0,1,k1,1,dynamic
71,352,0.01,12,0,0,0,0,0,0,0,0,0,0,iter,0,1,optk,1,dynamic
71,352,0.01,12,0,0,0,0,0,0,0,0,0,0,iter,0,1,rootk,1,dynamic
71,352,0.01,13,0,5,5,1.38716e-06,4,1.38716e-06,1.73395e-06,0,0,0,iter,0,1,k1,1,dynamic
71,352,0.01,13,0,5,5,1.38716e-06,4,1.38716e-06,1.73395e-06,0,0,0,iter,0,1,optk,1,dynamic
71,352,0.01,13,0,5,5,1.38716e-06,4,1.38716e-06,1.73395e-06,0,0,0,iter,0,1,rootk,1,dynamic
71,352,0.01,13,1,0,0,0,0,0,0,0,0,0,iter,0,1,k1,1,dynamic
71,352,0.01,13,1,0,0,0,0,0,0,0,0,0,iter,0,1,optk,1,dynamic
71,352,0.01,13,1,0,0,0,0,0,0,0,0,0,iter,0,1,rootk,1,dynamic
71,352,0.01,14,0,1170,1170,0.000261133,753,0.000261133,0.000405663,0,0,0,iter,0,1,k1,1,dynamic
71,352,0.01,14,0,1170,1170,0.000261133,753,0.000261133,0.000405663,0,0,0,iter,0,1,optk,1,dynamic
71,352,0.01,14,0,1170,1170,0.000261133,753,0.000261133,0.000405663,0,0,0,iter,0,1,rootk,1,dynamic
71,352,0.01,14,1,0,0,0,0,0,0,0,0,0,iter,0,1,k1,1,dynamic
71,352,0.01,14,1,0,0,0,0,0,0,0,0,0,iter,0,1,optk,1,dynamic
71,352,0.01,14,1,0,0,0,0,0,0,0,0,0,iter,0,1,rootk,1,dynamic
71,352,0.01,15,0,70357,70357,0.0128462,37043,0.0128462,0.0241039,0,0,0,iter,0,1,optk,1,dynamic
71,352,0.01,15,0,70357,70357,0.0128486,37050,0.0128486,0.0241039,0,0,0,iter,0,1,k1,1,dynamic
71,352,0.01,15,0,70357,70357,0.0128486,37050,0.0128486,0.0241039,0,0,0,iter,0,1,rootk,1,dynamic
71,352,0.01,15,1,311,311,5.68737e-05,164,5.68737e-05,0.000107846,0,164,164,iter,0,1,rootk,1,dynamic
71,352,0.01,15,1,311,311,5.72205e-05,165,5.72205e-05,0.000107846,0,165,165,iter,0,1,optk,1,dynamic
71,352,0.01,15,1,318,318,5.27122e-05,152,5.27122e-05,0.000110273,0,153,153,iter,0,1,k1,1,dynamic
71,352,0.01,16,0,1744767,1744767,0.252919,729313,0.252919,0.453963,0,0,0,iter,0,1,rootk,1,dynamic
71,352,0.01,16,0,1744767,1744767,0.252944,729386,0.252944,0.453963,0,0,0,iter,0,1,k1,1,dynamic
71,352,0.01,16,0,1744767,1744767,0.252962,729438,0.252962,0.453963,0,0,0,iter,0,1,optk,1,dynamic
71,352,0.01,16,1,137678,137678,0.0126291,36417,0.0126291,0.0466236,0,0,0,iter,0,1,rootk,1,dynamic
71,352,0.01,16,1,139686,139686,0.0126762,36553,0.0126762,0.0472872,0,0,0,iter,0,1,optk,1,dynamic
71,352,0.01,16,1,143157,143157,0.0126301,36420,0.0126301,0.0484333,0,0,0,iter,0,1,k1,1,dynamic
71,352,0.01,16,2,21544,21544,0.00367598,10600,0.00367598,0.00744342,13721,1,13722,iter,0,1,k1,1,dynamic
71,352,0.01,16,2,21716,21716,0.00365067,10527,0.00365067,0.00750262,13690,1,13691,iter,0,1,optk,1,dynamic
71,352,0.01,16,2,21940,21940,0.00371482,10712,0.00371482,0.00757972,13769,1,13770,iter,0,1,rootk,1,dynamic
71,3524,0.1,10,0,0,0,0,0,0,0,0,0,0,iter,0,1,k1,1,dynamic
71,3524,0.1,10,0,0,0,0,0,0,0,0,0,0,iter,0,1,optk,5,dynamic
71,3524,0.1,10,0,0,0,0,0,0,0,0,0,0,iter,0,1,rootk,2,dynamic
71,3524,0.1,11,0,0,0,0,0,0,0,0,0,0,iter,0,1,k1,1,dynamic
71,3524,0.1,11,0,0,0,0,0,0,0,0,0,0,iter,0,1,optk,5,dynamic
71,3524,0.1,11,0,0,0,0,0,0,0,0,0,0,iter,0,1,rootk,2,dynamic
71,3524,0.1,12,0,0,0,0,0,0,0,0,0,0,iter,0,1,k1,1,dynamic
71,3524,0.1,12,0,0,0,0,0,0,0,0,0,0,iter,0,1,optk,5,dynamic
71,3524,0.1,12,0,0,0,0,0,0,0,0,0,0,iter,0,1,rootk,2,dynamic
71,3524,0.1,13,0,5,5,1.38559e-07,4,1.38559e-07,1.73198e-07,0,0,0,iter,0,1,k1,1,dynamic
71,3524,0.1,13,0,5,5,1.59596e-31,20,6.92794e-07,8.65992e-07,0,0,0,iter,0,1,optk,5,dynamic
71,3524,0.1,13,0,5,5,7.67942e-14,8,2.77118e-07,3.46397e-07,0,0,0,iter,0,1,rootk,2,dynamic
71,3524,0.1,13,1,0,0,0,0,0,0,0,0,0,iter,0,1,k1,1,dynamic
71,3524,0.1,13,1,0,0,0,0,0,0,0,0,0,iter,0,1,optk,5,dynamic
71,3524,0.1,13,1,0,0,0,0,0,0,0,0,0,iter,0,1,rootk,2,dynamic
71,3524,0.1,14,0,1170,1170,2.60837e-05,753,2.60837e-05,4.05276e-05,0,0,0,iter,0,1,k1,1,dynamic
71,3524,0.1,14,0,1170,1170,2.72144e-09,1506,5.21674e-05,8.10536e-05,0,0,0,iter,0,1,rootk,2,dynamic
71,3524,0.1,14,0,1170,1170,3.77308e-20,3765,0.000130418,0.000202622,0,0,0,iter,0,1,optk,5,dynamic
71,3524,0.1,14,1,0,0,0,0,0,0,0,0,0,iter,0,1,k1,1,dynamic
71,3524,0.1,14,1,0,0,0,0,0,0,0,0,0,iter,0,1,optk,5,dynamic
71,3524,0.1,14,1,0,0,0,0,0,0,0,0,0,iter,0,1,rootk,2,dynamic
71,3524,0.1,15,0,70357,70357,0.00129088,37266,0.00129088,0.00243418,0,0,0,iter,0,1,k1,1,dynamic
71,3524,0.1,15,0,70357,70357,1.10549e-11,185839,0.00643741,0.0121118,0,0,0,iter,0,1,optk,5,dynamic
71,3524,0.1,15,0,70357,70357,6.65354e-06,74465,0.00257945,0.00486243,0,0,0,iter,0,1,rootk,2,dynamic
71,3524,0.1,15,1,0,0,0,0,0,0,0,0,0,iter,0,1,optk,5,dynamic
71,3524,0.1,15,1,0,0,0,0,0,0,0,0,0,iter,0,1,rootk,2,dynamic
71,3524,0.1,15,1,23,23,3.81037e-07,11,3.81037e-07,7.96713e-07,0,11,11,iter,0,1,k1,1,dynamic
71,3524,0.1,16,0,1744767,1744767,0.00320188,1633534,0.0565851,0.113857,0,0,0,iter,0,1,rootk,2,dynamic
71,3524,0.1,16,0,1744767,1744767,0.0287077,828750,0.0287077,0.0586481,0,0,0,iter,0,1,k1,1,dynamic
71,3524,0.1,16,0,1744767,1744767,4.5699e-05,3912075,0.135513,0.260803,0,0,0,iter,0,1,optk,5,dynamic
71,3524,0.1,16,1,15181,15181,0.000144586,4174,0.000144586,0.000525727,1,4197,4198,iter,0,1,k1,1,dynamic
71,3524,0.1,16,1,1699,1699,1.26804e-09,1028,3.56096e-05,0.000117699,1,514,515,iter,0,1,rootk,2,dynamic
71,3524,0.1,16,1,56,56,5.22963e-27,160,5.54235e-06,9.69907e-06,1,32,33,iter,0,1,optk,5,dynamic
71,17622,0.5,10,0,0,0,0,0,0,0,0,0,0,iter,0,1,k1,1,dynamic
71,17622,0.5,10,0,0,0,0,0,0,0,0,0,0,iter,0,1,optk,23,dynamic
71,17622,0.5,10,0,0,0,0,0,0,0,0,0,0,iter,0,1,rootk,5,dynamic
71,17622,0.5,11,0,0,0,0,0,0,0,0,0,0,iter,0,1,k1,1,dynamic
71,17622,0.5,11,0,0,0,0,0,0,0,0,0,0,iter,0,1,optk,23,dynamic
71,17622,0.5,11,0,0,0,0,0,0,0,0,0,0,iter,0,1,rootk,5,dynamic
71,17622,0.5,12,0,0,0,0,0,0,0,0,0,0,iter,0,1,k1,1,dynamic
71,17622,0.5,12,0,0,0,0,0,0,0,0,0,0,iter,0,1,optk,23,dynamic
71,17622,0.5,12,0,0,0,0,0,0,0,0,0,0,iter,0,1,rootk,5,dynamic
71,17622,0.5,13,0,5,5,2.77086e-08,4,2.77086e-08,3.46358e-08,0,0,0,iter,0,1,k1,1,dynamic
71,17622,0.5,13,0,5,5,3.16142e-143,92,6.37298e-07,7.96622e-07,0,0,0,iter,0,1,optk,23,dynamic
71,17622,0.5,13,0,5,5,5.10416e-35,20,1.38543e-07,1.73179e-07,0,0,0,iter,0,1,rootk,5,dynamic
71,17622,0.5,13,1,0,0,0,0,0,0,0,0,0,iter,0,1,k1,1,dynamic
71,17622,0.5,13,1,0,0,0,0,0,0,0,0,0,iter,0,1,optk,23,dynamic
71,17622,0.5,13,1,0,0,0,0,0,0,0,0,0,iter,0,1,rootk,5,dynamic
71,17622,0.5,14,0,1170,1170,1.2067e-23,3765,2.60807e-05,4.0523e-05,0,0,0,iter,0,1,rootk,5,dynamic
71,17622,0.5,14,0,1170,1170,5.21615e-06,753,5.21615e-06,8.10474e-06,0,0,0,iter,0,1,k1,1,dynamic
71,17622,0.5,14,0,1170,1170,6.57975e-91,17318,0.000119964,0.000186392,0,0,0,iter,0,1,optk,23,dynamic
71,17622,0.5,14,1,0,0,0,0,0,0,0,0,0,iter,0,1,k1,1,dynamic
71,17622,0.5,14,1,0,0,0,0,0,0,0,0,0,iter,0,1,optk,23,dynamic
71,17622,0.5,14,1,0,0,0,0,0,0,0,0,0,iter,0,1,rootk,5,dynamic
71,17622,0.5,15,0,70357,70357,0.00025823,37278,0.00025823,0.000487255,0,0,0,iter,0,1,k1,1,dynamic
71,17622,0.5,15,0,70357,70357,3.57954e-15,186299,0.00129052,0.0024339,0,0,0,iter,0,1,rootk,5,dynamic
71,17622,0.5,15,0,70357,70357,5.8684e-52,855046,0.00592304,0.011147,0,0,0,iter,0,1,optk,23,dynamic
71,17622,0.5,15,1,0,0,0,0,0,0,0,0,0,iter,0,1,optk,23,dynamic
71,17622,0.5,15,1,0,0,0,0,0,0,0,0,0,iter,0,1,rootk,5,dynamic
71,17622,0.5,15,1,1,1,6.92715e-09,1,6.92715e-09,6.92715e-09,0,1,1,iter,0,1,k1,1,dynamic
71,17622,0.5,16,0,1744767,1744767,0.00580746,838362,0.00580746,0.0120135,0,0,0,iter,0,1,k1,1,dynamic
71,17622,0.5,16,0,1744767,1744767,1.81158e-21,18097625,0.125365,0.242691,0,0,0,iter,0,1,optk,23,dynamic
71,17622,0.5,16,0,1744767,1744767,1.9488e-08,4143800,0.0287047,0.0586416,0,0,0,iter,0,1,rootk,5,dynamic
71,17622,0.5,16,1,27,27,2.49667e-125,552,3.82379e-06,4.30175e-06,1,24,25,iter,0,1,optk,23,dynamic
71,17622,0.5,16,1,27,27,3.96899e-31,120,8.31259e-07,9.35165e-07,1,24,25,iter,0,1,rootk,5,dynamic
71,17622,0.5,16,1,2716,2716,5.77725e-06,834,5.77725e-06,1.8814e-05,1,834,835,iter,0,1,k1,1,dynamic
72,5,0.001,10,0,0,0,0,0,0,0,0,0,0,iter,0,1,k1,1,dynamic
72,5,0.001,10,0,0,0,0,0,0,0,0,0,0,iter,0,1,optk,1,dynamic
72,5,0.001,10,0,0,0,0,0,0,0,0,0,0,iter,0,1,rootk,1,dynamic
72,5,0.001,11,0,0,0,0,0,0,0,0,0,0,iter,0,1,k1,1,dynamic
72,5,0.001,11,0,0,0,0,0,0,0,0,0,0,iter,0,1,optk,1,dynamic
72,5,0.001,11,0,0,0,0,0,0,0,0,0,0,iter,0,1,rootk,1,dynamic
72,5,0.001,12,0,0,0,0,0,0,0,0,0,0,iter,0,1,k1,1,dynamic
72,5,0.001,12,0,0,0,0,0,0,0,0,0,0,iter,0,1,optk,1,dynamic
72,5,0.001,12,0,0,0,0,0,0,0,0,0,0,iter,0,1,rootk,1,dynamic
72,5,0.001,13,0,23,23,0.000366211,15,0.000366211,0.000561366,0,0,0,iter,0,1,k1,1,dynamic
72,5,0.001,13,0,23,23,0.000366211,15,0.000366211,0.000561366,0,0,0,iter,0,1,optk,1,dynamic
72,5,0.001,13,0,23,23,0.000366211,15,0.000366211,0.000561366,0,0,0,iter,0,1,rootk,1,dynamic
72,5,0.001,13,1,0,0,0,0,0,0,0,0,0,iter,0,1,k1,1,dynamic
72,5,0.001,13,1,0,0,0,0,0,0,0,0,0,iter,0,1,optk,1,dynamic
72,5,0.001,13,1,0,0,0,0,0,0,0,0,0,iter,0,1,rootk,1,dynamic
72,5,0.001,14,0,20580,20580,0.327026,13395,0.327026,0.394948,0,0,0,iter,0,1,optk,1,dynamic
72,5,0.001,14,0,20580,20580,0.3271,13398,0.3271,0.394948,0,0,0,iter,0,1,rootk,1,dynamic
72,5,0.001,14,0,20580,20580,0.328223,13444,0.328223,0.394948,0,0,0,iter,0,1,k1,1,dynamic
72,5,0.001,14,1,15,15,0.000317383,13,0.000317383,0.000366144,0,13,13,iter,0,1,k1,1,dynamic
72,5,0.001,14,1,17,17,0.000244141,10,0.000244141,0.000414953,0,10,10,iter,0,1,rootk,1,dynamic
72,5,0.001,14,1,24,24,0.000317383,13,0.000317383,0.000585766,0,13,13,iter,0,1,optk,1,dynamic
72,5,0.001,15,0,159589,159589,0.955347,39131,0.955347,0.979681,0,0,0,iter,0,1,rootk,1,dynamic
72,5,0.001,15,0,159589,159589,0.956055,39160,0.956055,0.979681,0,0,0,iter,0,1,optk,1,dynamic
72,5,0.001,15,0,159589,159589,0.958179,39247,0.958179,0.979681,0,0,0,iter,0,1,k1,1,dynamic
72,5,0.001,15,0,2550,2550,0.048999,2007,0.048999,0.0603576,5179,1,5180,type,0,2,k1,1,dynamic
72,5,0.001,15,0,2567,2567,0.0490479,2009,0.0490479,0.0607475,5165,1,5166,type,0,2,optk,1,dynamic
72,5,0.001,15,0,2733,2733,0.0518066,2122,0.0518066,0.0645463,5419,1,5420,type,0,2,rootk,1,dynamic
72,5,0.001,15,1,6016,6016,0.0326416,1337,0.0326416,0.136598,0,0,0,iter,0,1,rootk,1,dynamic
72,5,0.001,15,1,6076,6076,0.0323975,1327,0.0323975,0.137862,0,0,0,iter,0,1,optk,1,dynamic
72,5,0.001,15,1,6081,6081,0.0326416,1337,0.0326416,0.137967,0,0,0,iter,0,1,k1,1,dynamic
72,54,0.01,10,0,0,0,0,0,0,0,0,0,0,iter,0,1,k1,1,dynamic
72,54,0.01,10,0,0,0,0,0,0,0,0,0,0,iter,0,1,optk,1,dynamic
72,54,0.01,10,0,0,0,0,0,0,0,0,0,0,iter,0,1,rootk,1,dynamic
72,54,0.01,11,0,0,0,0,0,0,0,0,0,0,iter,0,1,k1,1,dynamic
72,54,0.01,11,0,0,0,0,0,0,0,0,0,0,iter,0,1,optk,1,dynamic
72,54,0.01,11,0,0,0,0,0,0,0,0,0,0,iter,0,1,rootk,1,dynamic
72,54,0.01,12,0,0,0,0,0,0,0,0,0,0,iter,0,1,k1,1,dynamic
72,54,0.01,12,0,0,0,0,0,0,0,0,0,0,iter,0,1,optk,1,dynamic
72,54,0.01,12,0,0,0,0,0,0,0,0,0,0,iter,0,1,rootk,1,dynamic
72,54,0.01,13,0,23,23,3.39084e-05,15,3.39084e-05,5.19916e-05,0,0,0,iter,0,1,k1,1,dynamic
72,54,0.01,13,0,23,23,3.39084e-05,15,3.39084e-05,5.19916e-05,0,0,0,iter,0,1,optk,1,dynamic
72,54,0.01,13,0,23,23,3.39084e-05,15,3.39084e-05,5.19916e-05,0,0,0,iter,0,1,rootk,1,dynamic
72,54,0.01,13,1,0,0,0,0,0,0,0,0,0,iter,0,1,k1,1,dynamic
72,54,0.01,13,1,0,0,0,0,0,0,0,0,0,iter,0,1,optk,1,dynamic
72,54,0.01,13,1,0,0,0,0,0,0,0,0,0,iter,0,1,rootk,1,dynamic
72,54,0.01,14,0,20580,20580,0.0359655,15910,0.0359655,0.0454568,0,0,0,iter,0,1,optk,1,dynamic
72,54,0.01,14,0,20580,20580,0.0359994,15925,0.0359994,0.0454568,0,0,0,iter,0,1,rootk,1,dynamic
72,54,0.01,14,0,20580,20580,0.0360447,15945,0.0360447,0.0454568,0,0,0,iter,0,1,k1,1,dynamic
72,54,0.01,14,1,1,1,2.26056e-06,1,2.26056e-06,2.26056e-06,0,1,1,iter,0,1,rootk,1,dynamic
72,54,0.01,14,1,2,2,4.52112e-06,2,4.52112e-06,4.52111e-06,0,2,2,iter,0,1,k1,1,dynamic
72,54,0.01,14,1,2,2,4.52112e-06,2,4.52112e-06,4.52111e-06,0,2,2,iter,0,1,optk,1,dynamic
72,54,0.01,15,0,159589,159589,0.250647,110878,0.250647,0.302854,0,0,0,iter,0,1,rootk,1,dynamic
72,54,0.01,15,0,159589,159589,0.251112,111084,0.251112,0.302854,0,0,0,iter,0,1,optk,1,dynamic
72,54,0.01,15,0,159589,159589,0.251175,111112,0.251175,0.302854,0,0,0,iter,0,1,k1,1,dynamic
72,54,0.01,15,1,1142,1142,0.000770851,341,0.000770851,0.00257823,1,342,343,iter,0,1,optk,1,dynamic
72,54,0.01,15,1,1268,1268,0.000768591,340,0.000768591,0.00286229,1,341,342,iter,0,1,rootk,1,dynamic
72,54,0.01,15,1,1387,1387,0.000818323,362,0.000818323,0.00313049,1,364,365,iter,0,1,k1,1,dynamic
72,536,0.1,10,0,0,0,0,0,0,0,0,0,0,iter,0,1,k1,1,dynamic
72,536,0.1,10,0,0,0,0,0,0,0,0,0,0,iter,0,1,optk,4,dynamic
72,536,0.1,10,0,0,0,0,0,0,0,0,0,0,iter,0,1,rootk,2,dynamic
72,536,0.1,11,0,0,0,0,0,0,0,0,0,0,iter,0,1,k1,1,dynamic
72,536,0.1,11,0,0,0,0,0,0,0,0,0,0,iter,0,1,optk,4,dynamic
72,536,0.1,11,0,0,0,0,0,0,0,0,0,0,iter,0,1,rootk,2,dynamic
72,536,0.1,12,0,0,0,0,0,0,0,0,0,0,iter,0,1,k1,1,dynamic
72,536,0.1,12,0,0,0,0,0,0,0,0,0,0,iter,0,1,optk,4,dynamic
72,536,0.1,12,0,0,0,0,0,0,0,0,0,0,iter,0,1,rootk,2,dynamic
72,536,0.1,13,0,23,23,3.41615e-06,15,3.41615e-06,5.23808e-06,0,0,0,iter,0,1,k1,1,dynamic
72,536,0.1,13,0,23,23,3.48647e-20,60,1.36646e-05,2.09521e-05,0,0,0,iter,0,1,optk,4,dynamic
72,536,0.1,13,0,23,23,4.66802e-11,30,6.83229e-06,1.04761e-05,0,0,0,iter,0,1,rootk,2,dynamic
72,536,0.1,13,1,0,0,0,0,0,0,0,0,0,iter,0,1,k1,1,dynamic
72,536,0.1,13,1,0,0,0,0,0,0,0,0,0,iter,0,1,optk,4,dynamic
72,536,0.1,13,1,0,0,0,0,0,0,0,0,0,iter,0,1,rootk,2,dynamic
72,536,0.1,14,0,20580,20580,0.00369149,16209,0.00369149,0.00467599,0,0,0,iter,0,1,k1,1,dynamic
72,536,0.1,14,0,20580,20580,4.63705e-08,64434,0.0146744,0.0185732,0,0,0,iter,0,1,optk,4,dynamic
72,536,0.1,14,0,20580,20580,5.42095e-05,32329,0.00736271,0.00933011,0,0,0,iter,0,1,rootk,2,dynamic
72,536,0.1,14,1,0,0,0,0,0,0,0,0,0,iter,0,1,k1,1,dynamic
72,536,0.1,14,1,0,0,0,0,0,0,0,0,0,iter,0,1,optk,4,dynamic
72,536,0.1,14,1,0,0,0,0,0,0,0,0,0,iter,0,1,rootk,2,dynamic
72,536,0.1,15,0,159589,159589,0.000145751,482456,0.109876,0.135307,0,0,0,iter,0,1,optk,4,dynamic
72,536,0.1,15,0,159589,159589,0.00320048,248406,0.0565728,0.0701115,0,0,0,iter,0,1,rootk,2,dynamic
72,536,0.1,15,0,159589,159589,0.0286776,125921,0.0286776,0.0356927,0,0,0,iter,0,1,k1,1,dynamic
72,536,0.1,15,1,369,369,1.22981e-05,54,1.22981e-05,8.40337e-05,1,54,55,iter,0,1,k1,1,dynamic
72,536,0.1,15,1,67,67,5.99582e-11,34,7.74327e-06,3.05171e-05,1,17,18,iter,0,1,rootk,2,dynamic
72,536,0.1,15,1,9,9,1.65353e-21,28,6.37681e-06,8.19872e-06,1,7,8,iter,0,1,optk,4,dynamic
72,2681,0.5,10,0,0,0,0,0,0,0,0,0,0,iter,0,1,k1,1,dynamic
72,2681,0.5,10,0,0,0,0,0,0,0,0,0,0,iter,0,1,optk,19,dynamic
72,2681,0.5,10,0,0,0,0,0,0,0,0,0,0,iter,0,1,rootk,4,dynamic
72,2681,0.5,11,0,0,0,0,0,0,0,0,0,0,iter,0,1,k1,1,dynamic
72,2681,0.5,11,0,0,0,0,0,0,0,0,0,0,iter,0,1,optk,19,dynamic
72,2681,0.5,11,0,0,0,0,0,0,0,0,0,0,iter,0,1,rootk,4,dynamic
72,2681,0.5,12,0,0,0,0,0,0,0,0,0,0,iter,0,1,k1,1,dynamic
72,2681,0.5,12,0,0,0,0,0,0,0,0,0,0,iter,0,1,optk,19,dynamic
72,2681,0.5,12,0,0,0,0,0,0,0,0,0,0,iter,0,1,rootk,4,dynamic
72,2681,0.5,13,0,23,23,1.41255e-93,285,1.29765e-05,1.98971e-05,0,0,0,iter,0,1,optk,19,dynamic
72,2681,0.5,13,0,23,23,5.57004e-23,60,2.7319e-06,4.1889e-06,0,0,0,iter,0,1,rootk,4,dynamic
72,2681,0.5,13,0,23,23,6.82975e-07,15,6.82975e-07,1.04723e-06,0,0,0,iter,0,1,k1,1,dynamic
72,2681,0.5,13,1,0,0,0,0,0,0,0,0,0,iter,0,1,k1,1,dynamic
72,2681,0.5,13,1,0,0,0,0,0,0,0,0,0,iter,0,1,optk,19,dynamic
72,2681,0.5,13,1,0,0,0,0,0,0,0,0,0,iter,0,1,rootk,4,dynamic
72,2681,0.5,14,0,20580,20580,0.000738523,16220,0.000738523,0.000936602,0,0,0,iter,0,1,k1,1,dynamic
72,2681,0.5,14,0,20580,20580,5.4968e-36,306128,0.0139385,0.0176462,0,0,0,iter,0,1,optk,19,dynamic
72,2681,0.5,14,0,20580,20580,7.57236e-11,64788,0.0029499,0.00374115,0,0,0,iter,0,1,rootk,4,dynamic
72,2681,0.5,14,1,0,0,0,0,0,0,0,0,0,iter,0,1,k1,1,dynamic
72,2681,0.5,14,1,0,0,0,0,0,0,0,0,0,iter,0,1,optk,19,dynamic
72,2681,0.5,14,1,0,0,0,0,0,0,0,0,0,iter,0,1,rootk,4,dynamic
72,2681,0.5,15,0,159589,159589,0.00580255,127440,0.00580255,0.00724001,0,0,0,iter,0,1,k1,1,dynamic
72,2681,0.5,15,0,159589,159589,2.37105e-19,2298373,0.104649,0.128954,0,0,0,iter,0,1,optk,19,dynamic
72,2681,0.5,15,0,159589,159589,2.80253e-07,505329,0.0230085,0.0286471,0,0,0,iter,0,1,rootk,4,dynamic
72,2681,0.5,15,1,21,21,6.82975e-07,15,6.82975e-07,9.56164e-07,1,15,16,iter,0,1,k1,1,dynamic
72,2681,0.5,15,1,9,9,2.64171e-24,28,1.27489e-06,1.63914e-06,1,7,8,iter,0,1,rootk,4,dynamic
72,2681,0.5,15,1,9,9,7.26328e-100,133,6.05571e-06,7.78588e-06,1,7,8,iter,0,1,optk,19,dynamic
73,37,0.001,10,0,0,0,0,0,0,0,0,0,0,iter,0,1,k1,1,dynamic
73,37,0.001,10,0,0,0,0,0,0,0,0,0,0,iter,0,1,optk,1,dynamic
73,37,0.001,10,0,0,0,0,0,0,0,0,0,0,iter,0,1,rootk,1,dynamic
73,37,0.001,11,0,0,0,0,0,0,0,0,0,0,iter,0,1,k1,1,dynamic
73,37,0.001,11,0,0,0,0,0,0,0,0,0,0,iter,0,1,optk,1,dynamic
73,37,0.001,11,0,0,0,0,0,0,0,0,0,0,iter,0,1,rootk,1,dynamic
73,37,0.001,12,0,0,0,0,0,0,0,0,0,0,iter,0,1,k1,1,dynamic
73,37,0.001,12,0,0,0,0,0,0,0,0,0,0,iter,0,1,optk,1,dynamic
73,37,0.001,12,0,0,0,0,0,0,0,0,0,0,iter,0,1,rootk,1,dynamic
73,37,0.001,13,0,5,5,1.31968e-05,4,1.31968e-05,1.64959e-05,0,0,0,iter,0,1,k1,1,dynamic
73,37,0.001,13,0,5,5,1.31968e-05,4,1.31968e-05,1.64959e-05,0,0,0,iter,0,1,optk,1,dynamic
73,37,0.001,13,0,5,5,1.31968e-05,4,1.31968e-05,1.64959e-05,0,0,0,iter,0,1,rootk,1,dynamic
73,37,0.001,13,1,0,0,0,0,0,0,0,0,0,iter,0,1,k1,1,dynamic
73,37,0.001,13,1,0,0,0,0,0,0,0,0,0,iter,0,1,optk,1,dynamic
73,37,0.001,13,1,0,0,0,0,0,0,0,0,0,iter,0,1,rootk,1,dynamic
73,37,0.001,14,0,1300,1300,0.00243151,737,0.00243151,0.00427977,0,0,0,iter,0,1,k1,1,dynamic
73,37,0.001,14,0,1300,1300,0.00243481,738,0.00243481,0.00427977,0,0,0,iter,0,1,optk,1,dynamic
73,37,0.001,14,0,1300,1300,0.00243481,738,0.00243481,0.00427977,0,0,0,iter,0,1,rootk,1,dynamic
73,37,0.001,14,1,1,1,3.2992e-06,1,3.2992e-06,3.29919e-06,0,1,1,iter,0,1,k1,1,dynamic
73,37,0.001,14,1,1,1,3.2992e-06,1,3.2992e-06,3.29919e-06,0,1,1,iter,0,1,optk,1,dynamic
73,37,0.001,14,1,5,5,9.89759e-06,3,9.89759e-06,1.64959e-05,0,3,3,iter,0,1,rootk,1,dynamic
73,37,0.001,15,0,85707,85707,0.132459,40149,0.132459,0.246303,0,0,0,iter,0,1,k1,1,dynamic
73,37,0.001,15,0,85707,85707,0.132506,40163,0.132506,0.246303,0,0,0,iter,0,1,optk,1,dynamic
73,37,0.001,15,0,85707,85707,0.1327,40222,0.1327,0.246303,0,0,0,iter,0,1,rootk,1,dynamic
73,37,0.001,15,1,4027,4027,0.00537109,1628,0.00537109,0.013198,0,1688,1688,iter,0,1,rootk,1,dynamic
73,37,0.001,15,1,4201,4201,0.00551296,1671,0.00551296,0.0137643,0,1725,1725,iter,0,1,k1,1,dynamic
73,37,0.001,15,1,4481,4481,0.00556575,1687,0.00556575,0.014675,0,1757,1757,iter,0,1,optk,1,dynamic
73,37,0.001,16,0,1964133,1964133,0.951835,288505,0.951835,0.998466,0,0,0,iter,0,1,k1,1,dynamic
73,37,0.001,16,0,1964133,1964133,0.952505,288708,0.952505,0.998466,0,0,0,iter,0,1,optk,1,dynamic
73,37,0.001,16,0,1964133,1964133,0.952647,288751,0.952647,0.998466,0,0,0,iter,0,1,rootk,1,dynamic
73,37,0.001,16,0,95430,95430,0.137365,41636,0.137365,0.270096,54355,1,54356,type,0,8,k1,1,dynamic
73,37,0.001,16,0,95617,95617,0.137445,41660,0.137445,0.270546,54591,1,54592,type,0,8,optk,1,dynamic
73,37,0.001,16,0,96422,96422,0.137431,41656,0.137431,0.272481,54465,1,54466,type,0,8,rootk,1,dynamic
73,37,0.001,16,1,623953,623953,0.386438,117131,0.386438,0.87236,0,0,0,iter,0,1,rootk,1,dynamic
73,37,0.001,16,1,625064,625064,0.386564,117169,0.386564,0.872827,0,0,0,iter,0,1,k1,1,dynamic
73,37,0.001,16,1,626460,626460,0.386217,117064,0.386217,0.873412,0,0,0,iter,0,1,optk,1,dynamic
73,367,0.01,10,0,0,0,0,0,0,0,0,0,0,iter,0,1,k1,1,dynamic
73,367,0.01,10,0,0,0,0,0,0,0,0,0,0,iter,0,1,optk,1,dynamic
73,367,0.01,10,0,0,0,0,0,0,0,0,0,0,iter,0,1,rootk,1,dynamic
73,367,0.01,11,0,0,0,0,0,0,0,0,0,0,iter,0,1,k1,1,dynamic
73,367,0.01,11,0,0,0,0,0,0,0,0,0,0,iter,0,1,optk,1,dynamic
73,367,0.01,11,0,0,0,0,0,0,0,0,0,0,iter,0,1,rootk,1,dynamic
73,367,0.01,12,0,0,0,0,0,0,0,0,0,0,iter,0,1,k1,1,dynamic
73,367,0.01,12,0,0,0,0,0,0,0,0,0,0,iter,0,1,optk,1,dynamic
73,367,0.01,12,0,0,0,0,0,0,0,0,0,0,iter,0,1,rootk,1,dynamic
73,367,0.01,13,0,5,5,1.33047e-06,4,1.33047e-06,1.66308e-06,0,0,0,iter,0,1,k1,1,dynamic
73,367,0.01,13,0,5,5,1.33047e-06,4,1.33047e-06,1.66308e-06,0,0,0,iter,0,1,optk,1,dynamic
73,367,0.01,13,0,5,5,1.33047e-06,4,1.33047e-06,1.66308e-06,0,0,0,iter,0,1,rootk,1,dynamic
73,367,0.01,13,1,0,0,0,0,0,0,0,0,0,iter,0,1,k1,1,dynamic
73,367,0.01,13,1,0,0,0,0,0,0,0,0,0,iter,0,1,optk,1,dynamic
73,367,0.01,13,1,0,0,0,0,0,0,0,0,0,iter,0,1,rootk,1,dynamic
73,367,0.01,14,0,1300,1300,0.000245804,739,0.000245804,0.000432308,0,0,0,iter,0,1,k1,1,dynamic
73,367,0.01,14,0,1300,1300,0.000245804,739,0.000245804,0.000432308,0,0,0,iter,0,1,optk,1,dynamic
73,367,0.01,14,0,1300,1300,0.000245804,739,0.000245804,0.000432308,0,0,0,iter,0,1,rootk,1,dynamic
73,367,0.01,14,1,0,0,0,0,0,0,0,0,0,iter,0,1,k1,1,dynamic
73,367,0.01,14,1,0,0,0,0,0,0,0,0,0,iter,0,1,optk,1,dynamic
73,367,0.01,14,1,0,0,0,0,0,0,0,0,0,iter,0,1,rootk,1,dynamic
73,367,0.01,15,0,85707,85707,0.0142287,42778,0.0142287,0.0281051,0,0,0,iter,0,1,optk,1,dynamic
73,367,0.01,15,0,85707,85707,0.0142353,42798,0.0142353,0.0281051,0,0,0,iter,0,1,rootk,1,dynamic
73,367,0.01,15,0,85707,85707,0.014249,42839,0.014249,0.0281051,0,0,0,iter,0,1,k1,1,dynamic
73,367,0.01,15,1,375,375,5.58796e-05,168,5.58796e-05,0.000124723,0,170,170,iter,0,1,k1,1,dynamic
73,367,0.01,15,1,432,432,6.02036e-05,181,6.02036e-05,0.00014368,0,181,181,iter,0,1,optk,1,dynamic
73,367,0.01,15,1,490,490,5.9871e-05,180,5.9871e-05,0.000162969,0,180,180,iter,0,1,rootk,1,dynamic
73,367,0.01,16,0,1964133,1964133,0.264141,794129,0.264141,0.479676,0,0,0,iter,0,1,rootk,1,dynamic
73,367,0.01,16,0,1964133,1964133,0.264238,794421,0.264238,0.479676,0,0,0,iter,0,1,k1,1,dynamic
73,367,0.01,16,0,1964133,1964133,0.264319,794666,0.264319,0.479676,0,0,0,iter,0,1,optk,1,dynamic
73,367,0.01,16,1,172816,172816,0.0136729,41107,0.0136729,0.0558606,0,0,0,iter,0,1,optk,1,dynamic
73,367,0.01,16,1,173047,173047,0.0136353,40994,0.0136353,0.0559332,0,0,0,iter,0,1,k1,1,dynamic
73,367,0.01,16,1,173757,173757,0.0134504,40438,0.0134504,0.0561561,0,0,0,iter,0,1,rootk,1,dynamic
73,367,0.01,16,2,26748,26748,0.0042066,12647,0.0042066,0.00885737,16458,1,16459,iter,0,1,k1,1,dynamic
73,367,0.01,16,2,26980,26980,0.00407888,12263,0.00407888,0.00893385,16038,1,16039,iter,0,1,rootk,1,dynamic
73,367,0.01,16,2,27064,27064,0.0042219,12693,0.0042219,0.00896154,16575,1,16576,iter,0,1,optk,1,dynamic
73,3671,0.1,10,0,0,0,0,0,0,0,0,0,0,iter,0,1,k1,1,dynamic
73,3671,0.1,10,0,0,0,0,0,0,0,0,0,0,iter,0,1,optk,5,dynamic
73,3671,0.1,10,0,0,0,0,0,0,0,0,0,0,iter,0,1,rootk,2,dynamic
73,3671,0.1,11,0,0,0,0,0,0,0,0,0,0,iter,0,1,k1,1,dynamic
73,3671,0.1,11,0,0,0,0,0,0,0,0,0,0,iter,0,1,optk,5,dynamic
73,3671,0.1,11,0,0,0,0,0,0,0,0,0,0,iter,0,1,rootk,2,dynamic
73,3671,0.1,12,0,0,0,0,0,0,0,0,0,0,iter,0,1,k1,1,dynamic
73,3671,0.1,12,0,0,0,0,0,0,0,0,0,0,iter,0,1,optk,5,dynamic
73,3671,0.1,12,0,0,0,0,0,0,0,0,0,0,iter,0,1,rootk,2,dynamic
73,3671,0.1,13,0,5,5,1.301e-31,20,6.65052e-07,8.31315e-07,0,0,0,iter,0,1,optk,5,dynamic
73,3671,0.1,13,0,5,5,1.3301e-07,4,1.3301e-07,1.66263e-07,0,0,0,iter,0,1,k1,1,dynamic
73,3671,0.1,13,0,5,5,7.07671e-14,8,2.66021e-07,3.32526e-07,0,0,0,iter,0,1,rootk,2,dynamic
73,3671,0.1,13,1,0,0,0,0,0,0,0,0,0,iter,0,1,k1,1,dynamic
73,3671,0.1,13,1,0,0,0,0,0,0,0,0,0,iter,0,1,optk,5,dynamic
73,3671,0.1,13,1,0,0,0,0,0,0,0,0,0,iter,0,1,rootk,2,dynamic
73,3671,0.1,14,0,1300,1300,2.41219e-09,1477,4.91141e-05,8.6453e-05,0,0,0,iter,0,1,rootk,2,dynamic
73,3671,0.1,14,0,1300,1300,2.45737e-05,739,2.45737e-05,4.32275e-05,0,0,0,iter,0,1,k1,1,dynamic
73,3671,0.1,14,0,1300,1300,2.80027e-20,3695,0.000122868,0.000216119,0,0,0,iter,0,1,optk,5,dynamic
73,3671,0.1,14,1,0,0,0,0,0,0,0,0,0,iter,0,1,k1,1,dynamic
73,3671,0.1,14,1,0,0,0,0,0,0,0,0,0,iter,0,1,optk,5,dynamic
73,3671,0.1,14,1,0,0,0,0,0,0,0,0,0,iter,0,1,rootk,2,dynamic
73,3671,0.1,15,0,85707,85707,0.00143249,43079,0.00143249,0.00284592,0,0,0,iter,0,1,k1,1,dynamic
73,3671,0.1,15,0,85707,85707,1.85619e-11,214733,0.00714043,0.0141489,0,0,0,iter,0,1,optk,5,dynamic
73,3671,0.1,15,0,85707,85707,8.19762e-06,86103,0.00286315,0.00568375,0,0,0,iter,0,1,rootk,2,dynamic
73,3671,0.1,15,1,0,0,0,0,0,0,0,0,0,iter,0,1,optk,5,dynamic
73,3671,0.1,15,1,0,0,0,0,0,0,0,0,0,iter,0,1,rootk,2,dynamic
73,3671,0.1,15,1,35,35,6.98305e-07,21,6.98305e-07,1.16384e-06,0,21,21,iter,0,1,k1,1,dynamic
73,3671,0.1,16,0,1964133,1964133,0.00353784,1788724,0.0594797,0.122453,0,0,0,iter,0,1,rootk,2,dynamic
73,3671,0.1,16,0,1964133,1964133,0.0301965,908095,0.0301965,0.0632254,0,0,0,iter,0,1,k1,1,dynamic
73,3671,0.1,16,0,1964133,1964133,5.79296e-05,4273212,0.142095,0.278601,0,0,0,iter,0,1,optk,5,dynamic
73,3671,0.1,16,1,19409,19409,0.000155855,4687,0.000155855,0.000645192,1,4711,4712,iter,0,1,k1,1,dynamic
73,3671,0.1,16,1,2412,2412,1.48275e-09,1158,3.85065e-05,0.000160398,1,579,580,iter,0,1,rootk,2,dynamic
73,3671,0.1,16,1,92,92,5.31322e-26,265,8.81194e-06,1.52961e-05,1,53,54,iter,0,1,optk,5,dynamic
73,18357,0.5,10,0,0,0,0,0,0,0,0,0,0,iter,0,1,k1,1,dynamic
73,18357,0.5,10,0,0,0,0,0,0,0,0,0,0,iter,0,1,optk,23,dynamic
73,18357,0.5,10,0,0,0,0,0,0,0,0,0,0,iter,0,1,rootk,5,dynamic
73,18357,0.5,11,0,0,0,0,0,0,0,0,0,0,iter,0,1,k1,1,dynamic
73,18357,0.5,11,0,0,0,0,0,0,0,0,0,0,iter,0,1,optk,23,dynamic
73,18357,0.5,11,0,0,0,0,0,0,0,0,0,0,iter,0,1,rootk,5,dynamic
73,18357,0.5,12,0,0,0,0,0,0,0,0,0,0,iter,0,1,k1,1,dynamic
73,18357,0.5,12,0,0,0,0,0,0,0,0,0,0,iter,0,1,optk,23,dynamic
73,18357,0.5,12,0,0,0,0,0,0,0,0,0,0,iter,0,1,rootk,5,dynamic
73,18357,0.5,13,0,5,5,1.23513e-143,92,6.11781e-07,7.64726e-07,0,0,0,iter,0,1,optk,23,dynamic
73,18357,0.5,13,0,5,5,2.65992e-08,4,2.65992e-08,3.3249e-08,0,0,0,iter,0,1,k1,1,dynamic
73,18357,0.5,13,0,5,5,4.16094e-35,20,1.32996e-07,1.66245e-07,0,0,0,iter,0,1,rootk,5,dynamic
73,18357,0.5,13,1,0,0,0,0,0,0,0,0,0,iter,0,1,k1,1,dynamic
73,18357,0.5,13,1,0,0,0,0,0,0,0,0,0,iter,0,1,optk,23,dynamic
73,18357,0.5,13,1,0,0,0,0,0,0,0,0,0,iter,0,1,rootk,5,dynamic
73,18357,0.5,14,0,1300,1300,1.66942e-91,16996,0.00011302,0.000198809,0,0,0,iter,0,1,optk,23,dynamic
73,18357,0.5,14,0,1300,1300,4.9142e-06,739,4.9142e-06,8.6447e-06,0,0,0,iter,0,1,k1,1,dynamic
73,18357,0.5,14,0,1300,1300,8.956e-24,3695,2.4571e-05,4.32227e-05,0,0,0,iter,0,1,rootk,5,dynamic
73,18357,0.5,14,1,0,0,0,0,0,0,0,0,0,iter,0,1,k1,1,dynamic
73,18357,0.5,14,1,0,0,0,0,0,0,0,0,0,iter,0,1,optk,23,dynamic
73,18357,0.5,14,1,0,0,0,0,0,0,0,0,0,iter,0,1,rootk,5,dynamic
73,18357,0.5,15,0,85707,85707,0.000286613,43101,0.000286613,0.000569772,0,0,0,iter,0,1,k1,1,dynamic
73,18357,0.5,15,0,85707,85707,6.03103e-15,215412,0.00143245,0.00284561,0,0,0,iter,0,1,rootk,5,dynamic
73,18357,0.5,15,0,85707,85707,6.39844e-51,988205,0.00657136,0.0130229,0,0,0,iter,0,1,optk,23,dynamic
73,18357,0.5,15,1,0,0,0,0,0,0,0,0,0,iter,0,1,optk,23,dynamic
73,18357,0.5,15,1,0,0,0,0,0,0,0,0,0,iter,0,1,rootk,5,dynamic
73,18357,0.5,15,1,2,2,1.32996e-08,2,1.32996e-08,1.32996e-08,0,2,2,iter,0,1,k1,1,dynamic
73,18357,0.5,16,0,1964133,1964133,0.00611269,919229,0.00611269,0.0129762,0,0,0,iter,0,1,k1,1,dynamic
73,18357,0.5,16,0,1964133,1964133,2.50756e-08,4539854,0.0301891,0.0632187,0,0,0,iter,0,1,rootk,5,dynamic
73,18357,0.5,16,0,1964133,1964133,5.45112e-21,19777405,0.131516,0.259482,0,0,0,iter,0,1,optk,23,dynamic
73,18357,0.5,16,1,4290,4290,6.57665e-06,989,6.57665e-06,2.85272e-05,1,990,991,iter,0,1,k1,1,dynamic
73,18357,0.5,16,1,56,56,3.21966e-30,190,1.26346e-06,1.86194e-06,1,38,39,iter,0,1,rootk,5,dynamic
73,18357,0.5,16,1,56,56,3.79625e-121,874,5.81192e-06,8.5649e-06,1,38,39,iter,0,1,optk,23,dynamic
74,6,0.001,10,0,0,0,0,0,0,0,0,0,0,iter,0,1,k1,1,dynamic
74,6,0.001,10,0,0,0,0,0,0,0,0,0,0,iter,0,1,optk,1,dynamic
74,6,0.001,10,0,0,0,0,0,0,0,0,0,0,iter,0,1,rootk,1,dynamic
74,6,0.001,11,0,0,0,0,0,0,0,0,0,0,iter,0,1,k1,1,dynamic
74,6,0.001,11,0,0,0,0,0,0,0,0,0,0,iter,0,1,optk,1,dynamic
74,6,0.001,11,0,0,0,0,0,0,0,0,0,0,iter,0,1,rootk,1,dynamic
74,6,0.001,12,0,7,7,0.000142415,7,0.000142415,0.000142405,0,0,0,iter,0,1,k1,1,dynamic
74,6,0.001,12,0,7,7,0.000142415,7,0.000142415,0.000142405,0,0,0,iter,0,1,optk,1,dynamic
74,6,0.001,12,0,7,7,0.000142415,7,0.000142415,0.000142405,0,0,0,iter,0,1,rootk,1,dynamic
74,6,0.001,12,1,0,0,0,0,0,0,0,0,0,iter,0,1,k1,1,dynamic
74,6,0.001,12,1,0,0,0,0,0,0,0,0,0,iter,0,1,optk,1,dynamic
74,6,0.001,12,1,0,0,0,0,0,0,0,0,0,iter,0,1,rootk,1,dynamic
74,6,0.001,13,0,163,163,0.000549316,27,0.000549316,0.00331075,0,0,0,iter,0,1,k1,1,dynamic
74,6,0.001,13,0,163,163,0.000549316,27,0.000549316,0.00331075,0,0,0,iter,0,1,optk,1,dynamic
74,6,0.001,13,0,163,163,0.000549316,27,0.000549316,0.00331075,0,0,0,iter,0,1,rootk,1,dynamic
74,6,0.001,13,1,0,0,0,0,0,0,0,0,0,iter,0,1,k1,1,dynamic
74,6,0.001,13,1,0,0,0,0,0,0,0,0,0,iter,0,1,optk,1,dynamic
74,6,0.001,13,1,0,0,0,0,0,0,0,0,0,iter,0,1,rootk,1,dynamic
74,6,0.001,14,0,6506,6506,0.0345866,1700,0.0345866,0.123979,0,0,0,iter,0,1,rootk,1,dynamic
74,6,0.001,14,0,6506,6506,0.034729,1707,0.034729,0.123979,0,0,0,iter,0,1,k1,1,dynamic
74,6,0.001,14,0,6506,6506,0.0347493,1708,0.0347493,0.123979,0,0,0,iter,0,1,optk,1,dynamic
74,6,0.001,14,1,859,859,0.0106608,524,0.0106608,0.0173246,0,0,0,iter,0,1,optk,1,dynamic
74,6,0.001,14,1,910,910,0.0110067,541,0.0110067,0.0183437,0,0,0,iter,0,1,rootk,1,dynamic
74,6,0.001,14,1,930,930,0.0105387,518,0.0105387,0.018743,0,0,0,iter,0,1,k1,1,dynamic
74,6,0.001,14,2,106,106,0.000508626,25,0.000508626,0.00215425,25,0,25,iter,0,1,k1,1,dynamic
74,6,0.001,14,2,129,129,0.000488281,24,0.000488281,0.00262107,25,0,25,iter,0,1,optk,1,dynamic
74,6,0.001,14,2,37,37,0.000244141,12,0.000244141,0.000752484,13,0,13,iter,0,1,rootk,1,dynamic
74,6,0.001,15,0,211329,211329,0.666951,32782,0.666951,0.986425,0,0,0,iter,0,1,rootk,1,dynamic
74,6,0.001,15,0,211329,211329,0.668803,32873,0.668803,0.986425,0,0,0,iter,0,1,k1,1,dynamic
74,6,0.001,15,0,211329,211329,0.669027,32884,0.669027,0.986425,0,0,0,iter,0,1,optk,1,dynamic
74,6,0.001,15,0,23052,23052,0.112834,5546,0.112834,0.374369,5984,1,5985,type,0,8,rootk,1,dynamic
74,6,0.001,15,0,23469,23469,0.113546,5581,0.113546,0.379654,5969,1,5970,type,0,8,optk,1,dynamic
74,6,0.001,15,0,23574,23574,0.112956,5552,0.112956,0.380978,5972,1,5973,type,0,8,k1,1,dynamic
74,6,0.001,15,1,237919,237919,0.869954,42760,0.869954,0.992097,0,0,0,iter,0,1,rootk,1,dynamic
74,6,0.001,15,1,237948,237948,0.869609,42743,0.869609,0.992101,0,0,0,iter,0,1,optk,1,dynamic
74,6,0.001,15,1,238125,238125,0.869019,42714,0.869019,0.99213,0,0,0,iter,0,1,k1,1,dynamic
74,58,0.01,10,0,0,0,0,0,0,0,0,0,0,iter,0,1,k1,1,dynamic
74,58,0.01,10,0,0,0,0,0,0,0,0,0,0,iter,0,1,optk,1,dynamic
74,58,0.01,10,0,0,0,0,0,0,0,0,0,0,iter,0,1,rootk,1,dynamic
74,58,0.01,11,0,0,0,0,0,0,0,0,0,0,iter,0,1,k1,1,dynamic
74,58,0.01,11,0,0,0,0,0,0,0,0,0,0,iter,0,1,optk,1,dynamic
74,58,0.01,11,0,0,0,0,0,0,0,0,0,0,iter,0,1,rootk,1,dynamic
74,58,0.01,12,0,7,7,1.47326e-05,7,1.47326e-05,1.47325e-05,0,0,0,iter,0,1,k1,1,dynamic
74,58,0.01,12,0,7,7,1.47326e-05,7,1.47326e-05,1.47325e-05,0,0,0,iter,0,1,optk,1,dynamic
74,58,0.01,12,0,7,7,1.47326e-05,7,1.47326e-05,1.47325e-05,0,0,0,iter,0,1,rootk,1,dynamic
74,58,0.01,12,1,0,0,0,0,0,0,0,0,0,iter,0,1,k1,1,dynamic
74,58,0.01,12,1,0,0,0,0,0,0,0,0,0,iter,0,1,optk,1,dynamic
74,58,0.01,12,1,0,0,0,0,0,0,0,0,0,iter,0,1,rootk,1,dynamic
74,58,0.01,13,0,163,163,5.68258e-05,27,5.68258e-05,0.000343001,0,0,0,iter,0,1,k1,1,dynamic
74,58,0.01,13,0,163,163,5.68258e-05,27,5.68258e-05,0.000343001,0,0,0,iter,0,1,optk,1,dynamic
74,58,0.01,13,0,163,163,5.68258e-05,27,5.68258e-05,0.000343001,0,0,0,iter,0,1,rootk,1,dynamic
74,58,0.01,13,1,0,0,0,0,0,0,0,0,0,iter,0,1,k1,1,dynamic
74,58,0.01,13,1,0,0,0,0,0,0,0,0,0,iter,0,1,optk,1,dynamic
74,58,0.01,13,1,0,0,0,0,0,0,0,0,0,iter,0,1,rootk,1,dynamic
74,58,0.01,14,0,6506,6506,0.00365369,1736,0.00365369,0.0135996,0,0,0,iter,0,1,k1,1,dynamic
74,58,0.01,14,0,6506,6506,0.0036579,1738,0.0036579,0.0135996,0,0,0,iter,0,1,rootk,1,dynamic
74,58,0.01,14,0,6506,6506,0.00366,1739,0.00366,0.0135996,0,0,0,iter,0,1,optk,1,dynamic
74,58,0.01,14,1,133,133,0.000115756,55,0.000115756,0.000279881,0,55,55,iter,0,1,rootk,1,dynamic
74,58,0.01,14,1,74,74,0.000107338,51,0.000107338,0.000155733,0,52,52,iter,0,1,k1,1,dynamic
74,58,0.01,14,1,81,81,0.000105233,50,0.000105233,0.000170463,0,51,51,iter,0,1,optk,1,dynamic
74,58,0.01,15,0,211329,211329,0.107853,51245,0.107853,0.359032,0,0,0,iter,0,1,k1,1,dynamic
74,58,0.01,15,0,211329,211329,0.108165,51393,0.108165,0.359032,0,0,0,iter,0,1,rootk,1,dynamic
74,58,0.01,15,0,211329,211329,0.108249,51433,0.108249,0.359032,0,0,0,iter,0,1,optk,1,dynamic
74,58,0.01,15,1,38648,38648,0.0338387,16078,0.0338387,0.0781207,0,0,0,iter,0,1,rootk,1,dynamic
74,58,0.01,15,1,38946,38946,0.0334809,15908,0.0334809,0.0786987,0,0,0,iter,0,1,k1,1,dynamic
74,58,0.01,15,1,39062,39062,0.0334494,15893,0.0334494,0.0789236,0,0,0,iter,0,1,optk,1,dynamic
74,58,0.01,15,2,6744,6744,0.00398623,1894,0.00398623,0.0140936,2117,1,2118,iter,0,1,optk,1,dynamic
74,58,0.01,15,2,7255,7255,0.00412513,1960,0.00412513,0.0151533,2163,1,2164,iter,0,1,rootk,1,dynamic
74,58,0.01,15,2,7389,7389,0.00386837,1838,0.00386837,0.015431,2054,1,2055,iter,0,1,k1,1,dynamic
74,577,0.1,10,0,0,0,0,0,0,0,0,0,0,iter,0,1,k1,1,dynamic
74,577,0.1,10,0,0,0,0,0,0,0,0,0,0,iter,0,1,optk,5,dynamic
74,577,0.1,10,0,0,0,0,0,0,0,0,0,0,iter,0,1,rootk,2,dynamic
74,577,0.1,11,0,0,0,0,0,0,0,0,0,0,iter,0,1,k1,1,dynamic
74,577,0.1,11,0,0,0,0,0,0,0,0,0,0,iter,0,1,optk,5,dynamic
74,577,0.1,11,0,0,0,0,0,0,0,0,0,0,iter,0,1,rootk,2,dynamic
74,577,0.1,12,0,7,7,1.48092e-06,7,1.48092e-06,1.48092e-06,0,0,0,iter,0,1,k1,1,dynamic
74,577,0.1,12,0,7,7,2.22593e-26,35,7.40461e-06,7.40458e-06,0,0,0,iter,0,1,optk,5,dynamic
74,577,0.1,12,0,7,7,8.77252e-12,14,2.96184e-06,2.96184e-06,0,0,0,iter,0,1,rootk,2,dynamic
74,577,0.1,12,1,0,0,0,0,0,0,0,0,0,iter,0,1,k1,1,dynamic
74,577,0.1,12,1,0,0,0,0,0,0,0,0,0,iter,0,1,optk,5,dynamic
74,577,0.1,12,1,0,0,0,0,0,0,0,0,0,iter,0,1,rootk,2,dynamic
74,577,0.1,13,0,163,163,1.30514e-10,54,1.14243e-05,6.89663e-05,0,0,0,iter,0,1,rootk,2,dynamic
74,577,0.1,13,0,163,163,1.90038e-23,135,2.85606e-05,0.000172407,0,0,0,iter,0,1,optk,5,dynamic
74,577,0.1,13,0,163,163,5.71213e-06,27,5.71213e-06,3.44837e-05,0,0,0,iter,0,1,k1,1,dynamic
74,577,0.1,13,1,0,0,0,0,0,0,0,0,0,iter,0,1,k1,1,dynamic
74,577,0.1,13,1,0,0,0,0,0,0,0,0,0,iter,0,1,optk,5,dynamic
74,577,0.1,13,1,0,0,0,0,0,0,0,0,0,iter,0,1,rootk,2,dynamic
74,577,0.1,14,0,6506,6506,0.000368115,1740,0.000368115,0.00137546,0,0,0,iter,0,1,k1,1,dynamic
74,577,0.1,14,0,6506,6506,2.10145e-14,8691,0.00183867,0.00685843,0,0,0,iter,0,1,optk,5,dynamic
74,577,0.1,14,0,6506,6506,5.41723e-07,3479,0.000736018,0.00274904,0,0,0,iter,0,1,rootk,2,dynamic
74,577,0.1,14,1,0,0,0,0,0,0,0,0,0,iter,0,1,optk,5,dynamic
74,577,0.1,14,1,0,0,0,0,0,0,0,0,0,iter,0,1,rootk,2,dynamic
74,577,0.1,14,1,6,6,1.0578e-06,5,1.0578e-06,1.26936e-06,0,5,5,iter,0,1,k1,1,dynamic
74,577,0.1,15,0,211329,211329,0.000516318,107405,0.0227226,0.0855364,0,0,0,iter,0,1,rootk,2,dynamic
74,577,0.1,15,0,211329,211329,0.0114331,54042,0.0114331,0.0437241,0,0,0,iter,0,1,k1,1,dynamic
74,577,0.1,15,0,211329,211329,5.40992e-07,263757,0.0558005,0.20032,0,0,0,iter,0,1,optk,5,dynamic
74,577,0.1,15,1,235,235,3.86868e-09,294,6.21987e-05,9.94284e-05,1,147,148,iter,0,1,rootk,2,dynamic
74,577,0.1,15,1,4450,4450,0.00038779,1833,0.00038779,0.000941,1,1909,1910,iter,0,1,k1,1,dynamic
74,577,0.1,15,1,87,87,3.35807e-21,380,8.03929e-05,9.20245e-05,1,76,77,iter,0,1,optk,5,dynamic
74,2885,0.5,10,0,0,0,0,0,0,0,0,0,0,iter,0,1,k1,1,dynamic
74,2885,0.5,10,0,0,0,0,0,0,0,0,0,0,iter,0,1,optk,24,dynamic
74,2885,0.5,10,0,0,0,0,0,0,0,0,0,0,iter,0,1,rootk,5,dynamic
74,2885,0.5,11,0,0,0,0,0,0,0,0,0,0,iter,0,1,k1,1,dynamic
74,2885,0.5,11,0,0,0,0,0,0,0,0,0,0,iter,0,1,optk,24,dynamic
74,2885,0.5,11,0,0,0,0,0,0,0,0,0,0,iter,0,1,rootk,5,dynamic
74,2885,0.5,12,0,7,7,2.77054e-124,168,7.10843e-06,7.1084e-06,0,0,0,iter,0,1,optk,24,dynamic
74,2885,0.5,12,0,7,7,2.96184e-07,7,2.96184e-07,2.96184e-07,0,0,0,iter,0,1,k1,1,dynamic
74,2885,0.5,12,0,7,7,7.12297e-30,35,1.48092e-06,1.48092e-06,0,0,0,iter,0,1,rootk,5,dynamic
74,2885,0.5,12,1,0,0,0,0,0,0,0,0,0,iter,0,1,k1,1,dynamic
74,2885,0.5,12,1,0,0,0,0,0,0,0,0,0,iter,0,1,optk,24,dynamic
74,2885,0.5,12,1,0,0,0,0,0,0,0,0,0,iter,0,1,rootk,5,dynamic
74,2885,0.5,13,0,163,163,1.14243e-06,27,1.14243e-06,6.89684e-06,0,0,0,iter,0,1,k1,1,dynamic
74,2885,0.5,13,0,163,163,3.25793e-110,648,2.74182e-05,0.000165511,0,0,0,iter,0,1,optk,24,dynamic
74,2885,0.5,13,0,163,163,6.08121e-27,135,5.71213e-06,3.44837e-05,0,0,0,iter,0,1,rootk,5,dynamic
74,2885,0.5,13,1,0,0,0,0,0,0,0,0,0,iter,0,1,k1,1,dynamic
74,2885,0.5,13,1,0,0,0,0,0,0,0,0,0,iter,0,1,optk,24,dynamic
74,2885,0.5,13,1,0,0,0,0,0,0,0,0,0,iter,0,1,rootk,5,dynamic
74,2885,0.5,14,0,6506,6506,6.75178e-18,8698,0.00036803,0.00137546,0,0,0,iter,0,1,rootk,5,dynamic
74,2885,0.5,14,0,6506,6506,7.3623e-05,1740,7.3623e-05,0.000275244,0,0,0,iter,0,1,k1,1,dynamic
74,2885,0.5,14,0,6506,6506,8.35903e-67,41715,0.00176505,0.006585,0,0,0,iter,0,1,optk,24,dynamic
74,2885,0.5,14,1,0,0,0,0,0,0,0,0,0,iter,0,1,optk,24,dynamic
74,2885,0.5,14,1,0,0,0,0,0,0,0,0,0,iter,0,1,rootk,5,dynamic
74,2885,0.5,14,1,1,1,4.23121e-08,1,4.23121e-08,4.23121e-08,0,1,1,iter,0,1,k1,1,dynamic
74,2885,0.5,15,0,211329,211329,0.0022953,54247,0.0022953,0.00890191,0,0,0,iter,0,1,k1,1,dynamic
74,2885,0.5,15,0,211329,211329,1.94383e-10,269940,0.0114217,0.0437241,0,0,0,iter,0,1,rootk,5,dynamic
74,2885,0.5,15,0,211329,211329,3.24234e-31,1268104,0.0536561,0.193138,0,0,0,iter,0,1,optk,24,dynamic
74,2885,0.5,15,1,87,87,1.07458e-24,380,1.60786e-05,1.84056e-05,1,76,77,iter,0,1,rootk,5,dynamic
74,2885,0.5,15,1,87,87,1.99406e-99,1824,7.71772e-05,8.83437e-05,1,76,77,iter,0,1,optk,24,dynamic
74,2885,0.5,15,1,937,937,1.81096e-05,428,1.81096e-05,3.96456e-05,1,431,432,iter,0,1,k1,1,dynamic
75,34,0.001,10,0,0,0,0,0,0,0,0,0,0,iter,0,1,k1,1,dynamic
75,34,0.001,10,0,0,0,0,0,0,0,0,0,0,iter,0,1,optk,1,dynamic
75,34,0.001,10,0,0,0,0,0,0,0,0,0,0,iter,0,1,rootk,1,dynamic
75,34,0.001,11,0,0,0,0,0,0,0,0,0,0,iter,0,1,k1,1,dynamic
75,34,0.001,11,0,0,0,0,0,0,0,0,0,0,iter,0,1,optk,1,dynamic
75,34,0.001,11,0,0,0,0,0,0,0,0,0,0,iter,0,1,rootk,1,dynamic
75,34,0.001,12,0,0,0,0,0,0,0,0,0,0,iter,0,1,k1,1,dynamic
75,34,0.001,12,0,0,0,0,0,0,0,0,0,0,iter,0,1,optk,1,dynamic
75,34,0.001,12,0,0,0,0,0,0,0,0,0,0,iter,0,1,rootk,1,dynamic
75,34,0.001,13,0,6,6,7.18061e-06,2,7.18061e-06,2.15416e-05,0,0,0,iter,0,1,k1,1,dynamic
75,34,0.001,13,0,6,6,7.18061e-06,2,7.18061e-06,2.15416e-05,0,0,0,iter,0,1,optk,1,dynamic
75,34,0.001,13,0,6,6,7.18061e-06,2,7.18061e-06,2.15416e-05,0,0,0,iter,0,1,rootk,1,dynamic
75,34,0.001,13,1,0,0,0,0,0,0,0,0,0,iter,0,1,k1,1,dynamic
75,34,0.001,13,1,0,0,0,0,0,0,0,0,0,iter,0,1,optk,1,dynamic
75,34,0.001,13,1,0,0,0,0,0,0,0,0,0,iter,0,1,rootk,1,dynamic
75,34,0.001,14,0,1166,1166,0.00261374,728,0.00261374,0.00417754,0,0,0,iter,0,1,k1,1,dynamic
75,34,0.001,14,0,1166,1166,0.00261374,728,0.00261374,0.00417754,0,0,0,iter,0,1,optk,1,dynamic
75,34,0.001,14,0,1166,1166,0.00261374,728,0.00261374,0.00417754,0,0,0,iter,0,1,rootk,1,dynamic
75,34,0.001,14,1,1,1,3.5903e-06,1,3.5903e-06,3.5903e-06,0,1,1,iter,0,1,rootk,1,dynamic
75,34,0.001,14,1,2,2,7.18061e-06,2,7.18061e-06,7.18058e-06,0,2,2,iter,0,1,optk,1,dynamic
75,34,0.001,14,1,3,3,1.07709e-05,3,1.07709e-05,1.07709e-05,0,3,3,iter,0,1,k1,1,dynamic
75,34,0.001,15,0,75116,75116,0.129894,36179,0.129894,0.236383,0,0,0,iter,0,1,rootk,1,dynamic
75,34,0.001,15,0,75116,75116,0.130016,36213,0.130016,0.236383,0,0,0,iter,0,1,k1,1,dynamic
75,34,0.001,15,0,75116,75116,0.130543,36360,0.130543,0.236383,0,0,0,iter,0,1,optk,1,dynamic
75,34,0.001,15,1,3636,3636,0.00533519,1486,0.00533519,0.0129695,0,1554,1554,iter,0,1,optk,1,dynamic
75,34,0.001,15,1,3883,3883,0.00542136,1510,0.00542136,0.0138444,0,1580,1580,iter,0,1,k1,1,dynamic
75,34,0.001,15,1,3954,3954,0.00561882,1565,0.00561882,0.0140958,0,1651,1651,iter,0,1,rootk,1,dynamic
75,34,0.001,16,0,1734383,1734383,0.949291,264404,0.949291,0.998025,0,0,0,iter,0,1,rootk,1,dynamic
75,34,0.001,16,0,1734383,1734383,0.949298,264406,0.949298,0.998025,0,0,0,iter,0,1,optk,1,dynamic
75,34,0.001,16,0,1734383,1734383,0.949782,264541,0.949782,0.998025,0,0,0,iter,0,1,k1,1,dynamic
75,34,0.001,16,0,84959,84959,0.136119,37913,0.136119,0.262898,49374,0,49374,type,0,8,optk,1,dynamic
75,34,0.001,16,0,85374,85374,0.136227,37943,0.136227,0.263995,49328,0,49328,type,0,8,k1,1,dynamic
75,34,0.001,16,0,85578,85578,0.135624,37775,0.135624,0.264534,49062,0,49062,type,0,8,rootk,1,dynamic
75,34,0.001,16,1,546574,546574,0.391871,109147,0.391871,0.859475,0,0,0,iter,0,1,k1,1,dynamic
75,34,0.001,16,1,546820,546820,0.390855,108864,0.390855,0.859599,0,0,0,iter,0,1,rootk,1,dynamic
75,34,0.001,16,1,547203,547203,0.391332,108997,0.391332,0.859792,0,0,0,iter,0,1,optk,1,dynamic
75,34,0.001,16,1,84255,84255,0.135814,37828,0.135814,0.261032,49232,1,49233,type,1,8,optk,1,dynamic
75,34,0.001,16,1,85311,85311,0.135735,37806,0.135735,0.263829,49193,1,49194,type,1,8,k1,1,dynamic
75,34,0.001,16,1,85338,85338,0.135821,37830,0.135821,0.2639,49495,1,49496,type,1,8,rootk,1,dynamic
75,340,0.01,10,0,0,0,0,0,0,0,0,0,0,iter,0,1,k1,1,dynamic
75,340,0.01,10,0,0,0,0,0,0,0,0,0,0,iter,0,1,optk,1,dynamic
75,340,0.01,10,0,0,0,0,0,0,0,0,0,0,iter,0,1,rootk,1,dynamic
75,340,0.01,11,0,0,0,0,0,0,0,0,0,0,iter,0,1,k1,1,dynamic
75,340,0.01,11,0,0,0,0,0,0,0,0,0,0,iter,0,1,optk,1,dynamic
75,340,0.01,11,0,0,0,0,0,0,0,0,0,0,iter,0,1,rootk,1,dynamic
75,340,0.01,12,0,0,0,0,0,0,0,0,0,0,iter,0,1,k1,1,dynamic
75,340,0.01,12,0,0,0,0,0,0,0,0,0,0,iter,0,1,optk,1,dynamic
75,340,0.01,12,0,0,0,0,0,0,0,0,0,0,iter,0,1,rootk,1,dynamic
75,340,0.01,13,0,6,6,7.18061e-07,2,7.18061e-07,2.15418e-06,0,0,0,iter,0,1,k1,1,dynamic
75,340,0.01,13,0,6,6,7.18061e-07,2,7.18061e-07,2.15418e-06,0,0,0,iter,0,1,optk,1,dynamic
75,340,0.01,13,0,6,6,7.18061e-07,2,7.18061e-07,2.15418e-06,0,0,0,iter,0,1,rootk,1,dynamic
75,340,0.01,13,1,0,0,0,0,0,0,0,0,0,iter,0,1,k1,1,dynamic
75,340,0.01,13,1,0,0,0,0,0,0,0,0,0,iter,0,1,optk,1,dynamic
75,340,0.01,13,1,0,0,0,0,0,0,0,0,0,iter,0,1,rootk,1,dynamic
75,340,0.01,14,0,1166,1166,0.000261374,728,0.000261374,0.000418542,0,0,0,iter,0,1,k1,1,dynamic
75,340,0.01,14,0,1166,1166,0.000261374,728,0.000261374,0.000418542,0,0,0,iter,0,1,optk,1,dynamic
75,340,0.01,14,0,1166,1166,0.000261374,728,0.000261374,0.000418542,0,0,0,iter,0,1,rootk,1,dynamic
75,340,0.01,14,1,0,0,0,0,0,0,0,0,0,iter,0,1,k1,1,dynamic
75,340,0.01,14,1,0,0,0,0,0,0,0,0,0,iter,0,1,optk,1,dynamic
75,340,0.01,14,1,0,0,0,0,0,0,0,0,0,iter,0,1,rootk,1,dynamic
75,340,0.01,15,0,75116,75116,0.0138374,38541,0.0138374,0.0266085,0,0,0,iter,0,1,optk,1,dynamic
75,340,0.01,15,0,75116,75116,0.0138428,38556,0.0138428,0.0266085,0,0,0,iter,0,1,k1,1,dynamic
75,340,0.01,15,0,75116,75116,0.0138431,38557,0.0138431,0.0266085,0,0,0,iter,0,1,rootk,1,dynamic
75,340,0.01,15,1,338,338,5.60087e-05,156,5.60087e-05,0.000121345,0,156,156,iter,0,1,k1,1,dynamic
75,340,0.01,15,1,415,415,5.63678e-05,157,5.63678e-05,0.000148986,0,158,158,iter,0,1,rootk,1,dynamic
75,340,0.01,15,1,442,442,5.56497e-05,155,5.56497e-05,0.000158679,0,155,155,iter,0,1,optk,1,dynamic
75,340,0.01,16,0,1734383,1734383,0.257688,717734,0.257688,0.463504,0,0,0,iter,0,1,optk,1,dynamic
75,340,0.01,16,0,1734383,1734383,0.257757,717926,0.257757,0.463504,0,0,0,iter,0,1,k1,1,dynamic
75,340,0.01,16,0,1734383,1734383,0.257907,718344,0.257907,0.463504,0,0,0,iter,0,1,rootk,1,dynamic
75,340,0.01,16,1,146327,146327,0.0133549,37197,0.0133549,0.0511797,0,0,0,iter,0,1,optk,1,dynamic
75,340,0.01,16,1,149485,149485,0.0134123,37357,0.0134123,0.0522549,0,0,0,iter,0,1,k1,1,dynamic
75,340,0.01,16,1,152145,152145,0.0134206,37380,0.0134206,0.0531595,0,0,0,iter,0,1,rootk,1,dynamic
75,340,0.01,16,2,23262,23262,0.00401252,11176,0.00401252,0.00831698,14447,1,14448,iter,0,1,rootk,1,dynamic
75,340,0.01,16,2,23290,23290,0.00398093,11088,0.00398093,0.00832695,14394,1,14395,iter,0,1,optk,1,dynamic
75,340,0.01,16,2,23428,23428,0.00401719,11189,0.00401719,0.00837609,14381,1,14382,iter,0,1,k1,1,dynamic
75,3405,0.1,10,0,0,0,0,0,0,0,0,0,0,iter,0,1,k1,1,dynamic
75,3405,0.1,10,0,0,0,0,0,0,0,0,0,0,iter,0,1,optk,5,dynamic
75,3405,0.1,10,0,0,0,0,0,0,0,0,0,0,iter,0,1,rootk,2,dynamic
75,3405,0.1,11,0,0,0,0,0,0,0,0,0,0,iter,0,1,k1,1,dynamic
75,3405,0.1,11,0,0,0,0,0,0,0,0,0,0,iter,0,1,optk,5,dynamic
75,3405,0.1,11,0,0,0,0,0,0,0,0,0,0,iter,0,1,rootk,2,dynamic
75,3405,0.1,12,0,0,0,0,0,0,0,0,0,0,iter,0,1,k1,1,dynamic
75,3405,0.1,12,0,0,0,0,0,0,0,0,0,0,iter,0,1,optk,5,dynamic
75,3405,0.1,12,0,0,0,0,0,0,0,0,0,0,iter,0,1,rootk,2,dynamic
75,3405,0.1,13,0,6,6,2.05639e-14,4,1.43401e-07,4.30204e-07,0,0,0,iter,0,1,rootk,2,dynamic
75,3405,0.1,13,0,6,6,5.92195e-33,10,3.58503e-07,1.07551e-06,0,0,0,iter,0,1,optk,5,dynamic
75,3405,0.1,13,0,6,6,7.17006e-08,2,7.17006e-08,2.15102e-07,0,0,0,iter,0,1,k1,1,dynamic
75,3405,0.1,13,1,0,0,0,0,0,0,0,0,0,iter,0,1,k1,1,dynamic
75,3405,0.1,13,1,0,0,0,0,0,0,0,0,0,iter,0,1,optk,5,dynamic
75,3405,0.1,13,1,0,0,0,0,0,0,0,0,0,iter,0,1,rootk,2,dynamic
75,3405,0.1,14,0,1166,1166,2.6099e-05,728,2.6099e-05,4.18006e-05,0,0,0,iter,0,1,k1,1,dynamic
75,3405,0.1,14,0,1166,1166,2.72464e-09,1456,5.21981e-05,8.35994e-05,0,0,0,iter,0,1,rootk,2,dynamic
75,3405,0.1,14,0,1166,1166,3.78418e-20,3640,0.000130495,0.000208985,0,0,0,iter,0,1,optk,5,dynamic
75,3405,0.1,14,1,0,0,0,0,0,0,0,0,0,iter,0,1,k1,1,dynamic
75,3405,0.1,14,1,0,0,0,0,0,0,0,0,0,iter,0,1,optk,5,dynamic
75,3405,0.1,14,1,0,0,0,0,0,0,0,0,0,iter,0,1,rootk,2,dynamic
75,3405,0.1,15,0,75116,75116,0.00139099,38800,0.00139099,0.00268931,0,0,0,iter,0,1,k1,1,dynamic
75,3405,0.1,15,0,75116,75116,1.60443e-11,193451,0.00693528,0.0133744,0,0,0,iter,0,1,optk,5,dynamic
75,3405,0.1,15,0,75116,75116,7.72887e-06,77547,0.00278008,0.00537139,0,0,0,iter,0,1,rootk,2,dynamic
75,3405,0.1,15,1,0,0,0,0,0,0,0,0,0,iter,0,1,optk,5,dynamic
75,3405,0.1,15,1,0,0,0,0,0,0,0,0,0,iter,0,1,rootk,2,dynamic
75,3405,0.1,15,1,61,61,6.45306e-07,18,6.45306e-07,2.18687e-06,0,18,18,iter,0,1,k1,1,dynamic
75,3405,0.1,16,0,1734383,1734383,0.00334069,1612223,0.0577987,0.116935,0,0,0,iter,0,1,rootk,2,dynamic
75,3405,0.1,16,0,1734383,1734383,0.0293231,817931,0.0293231,0.0602846,0,0,0,iter,0,1,k1,1,dynamic
75,3405,0.1,16,0,1734383,1734383,5.05786e-05,3857451,0.138291,0.267206,0,0,0,iter,0,1,optk,5,dynamic
75,3405,0.1,16,1,1579,1579,1.24951e-09,986,3.53484e-05,0.000113209,1,493,494,iter,0,1,rootk,2,dynamic
75,3405,0.1,16,1,16377,16377,0.000149926,4182,0.000149926,0.000586948,1,4207,4208,iter,0,1,k1,1,dynamic
75,3405,0.1,16,1,36,36,4.60491e-29,60,2.15102e-06,6.45304e-06,1,12,13,iter,0,1,optk,5,dynamic
75,17024,0.5,10,0,0,0,0,0,0,0,0,0,0,iter,0,1,k1,1,dynamic
75,17024,0.5,10,0,0,0,0,0,0,0,0,0,0,iter,0,1,optk,23,dynamic
75,17024,0.5,10,0,0,0,0,0,0,0,0,0,0,iter,0,1,rootk,5,dynamic
75,17024,0.5,11,0,0,0,0,0,0,0,0,0,0,iter,0,1,k1,1,dynamic
75,17024,0.5,11,0,0,0,0,0,0,0,0,0,0,iter,0,1,optk,23,dynamic
75,17024,0.5,11,0,0,0,0,0,0,0,0,0,0,iter,0,1,rootk,5,dynamic
75,17024,0.5,12,0,0,0,0,0,0,0,0,0,0,iter,0,1,k1,1,dynamic
75,17024,0.5,12,0,0,0,0,0,0,0,0,0,0,iter,0,1,optk,23,dynamic
75,17024,0.5,12,0,0,0,0,0,0,0,0,0,0,iter,0,1,rootk,5,dynamic
75,17024,0.5,13,0,6,6,1.4341e-08,2,1.4341e-08,4.30229e-08,0,0,0,iter,0,1,k1,1,dynamic
75,17024,0.5,13,0,6,6,1.89558e-36,10,7.17048e-08,2.15114e-07,0,0,0,iter,0,1,rootk,5,dynamic
75,17024,0.5,13,0,6,6,8.33766e-150,46,3.29842e-07,9.89526e-07,0,0,0,iter,0,1,optk,23,dynamic
75,17024,0.5,13,1,0,0,0,0,0,0,0,0,0,iter,0,1,k1,1,dynamic
75,17024,0.5,13,1,0,0,0,0,0,0,0,0,0,iter,0,1,optk,23,dynamic
75,17024,0.5,13,1,0,0,0,0,0,0,0,0,0,iter,0,1,rootk,5,dynamic
75,17024,0.5,14,0,1166,1166,1.21129e-23,3640,2.61006e-05,4.1803e-05,0,0,0,iter,0,1,rootk,5,dynamic
75,17024,0.5,14,0,1166,1166,5.22011e-06,728,5.22011e-06,8.36075e-06,0,0,0,iter,0,1,k1,1,dynamic
75,17024,0.5,14,0,1166,1166,6.68626e-91,16742,0.000120048,0.00019228,0,0,0,iter,0,1,optk,23,dynamic
75,17024,0.5,14,1,0,0,0,0,0,0,0,0,0,iter,0,1,k1,1,dynamic
75,17024,0.5,14,1,0,0,0,0,0,0,0,0,0,iter,0,1,optk,23,dynamic
75,17024,0.5,14,1,0,0,0,0,0,0,0,0,0,iter,0,1,rootk,5,dynamic
75,17024,0.5,15,0,75116,75116,0.000278322,38815,0.000278322,0.000538473,0,0,0,iter,0,1,k1,1,dynamic
75,17024,0.5,15,0,75116,75116,3.26056e-51,889974,0.00638154,0.0123118,0,0,0,iter,0,1,optk,23,dynamic
75,17024,0.5,15,0,75116,75116,5.20359e-15,193960,0.00139079,0.00268947,0,0,0,iter,0,1,rootk,5,dynamic
75,17024,0.5,15,1,0,0,0,0,0,0,0,0,0,iter,0,1,optk,23,dynamic
75,17024,0.5,15,1,0,0,0,0,0,0,0,0,0,iter,0,1,rootk,5,dynamic
75,17024,0.5,15,1,8,8,1.4341e-08,2,1.4341e-08,5.73639e-08,0,2,2,iter,0,1,k1,1,dynamic
75,17024,0.5,16,0,1734383,1734383,0.00593528,827738,0.00593528,0.0123594,0,0,0,iter,0,1,k1,1,dynamic
75,17024,0.5,16,0,1734383,1734383,2.16879e-08,4089733,0.0293254,0.060288,0,0,0,iter,0,1,rootk,5,dynamic
75,17024,0.5,16,0,1734383,1734383,2.9098e-21,17847445,0.127975,0.248765,0,0,0,iter,0,1,optk,23,dynamic
75,17024,0.5,16,1,4,4,6.06586e-35,20,1.4341e-07,1.4341e-07,1,4,5,iter,0,1,rootk,5,dynamic
75,17024,0.5,16,1,4,4,6.99414e-143,92,6.59684e-07,6.59684e-07,1,4,5,iter,0,1,optk,23,dynamic
75,17024,0.5,16,1,4328,4328,6.1451e-06,857,6.1451e-06,3.10334e-05,1,857,858,iter,0,1,k1,1,dynamic
76,1,0.001,10,0,0,0,0,0,0,0,0,0,0,iter,0,1,k1,1,dynamic
76,1,0.001,10,0,0,0,0,0,0,0,0,0,0,iter,0,1,optk,1,dynamic
76,1,0.001,10,0,0,0,0,0,0,0,0,0,0,iter,0,1,rootk,1,dynamic
76,1,0.001,11,0,0,0,0,0,0,0,0,0,0,iter,0,1,k1,1,dynamic
76,1,0.001,11,0,0,0,0,0,0,0,0,0,0,iter,0,1,optk,1,dynamic
76,1,0.001,11,0,0,0,0,0,0,0,0,0,0,iter,0,1,rootk,1,dynamic
76,1,0.001,12,0,25,25,0.00158691,13,0.00158691,0.00304711,0,0,0,iter,0,1,k1,1,dynamic
76,1,0.001,12,0,25,25,0.00158691,13,0.00158691,0.00304711,0,0,0,iter,0,1,optk,1,dynamic
76,1,0.001,12,0,25,25,0.00158691,13,0.00158691,0.00304711,0,0,0,iter,0,1,rootk,1,dynamic
76,1,0.001,12,1,0,0,0,0,0,0,0,0,0,iter,0,1,k1,1,dynamic
76,1,0.001,12,1,0,0,0,0,0,0,0,0,0,iter,0,1,optk,1,dynamic
76,1,0.001,12,1,0,0,0,0,0,0,0,0,0,iter,0,1,rootk,1,dynamic
76,1,0.001,13,0,1971,1971,0.166748,1366,0.166748,0.213844,0,0,0,iter,0,1,optk,1,dynamic
76,1,0.001,13,0,1971,1971,0.167725,1374,0.167725,0.213844,0,0,0,iter,0,1,rootk,1,dynamic
76,1,0.001,13,0,1971,1971,0.171631,1406,0.171631,0.213844,0,0,0,iter,0,1,k1,1,dynamic
76,1,0.001,13,1,1,1,0.00012207,1,0.00012207,0.000122063,0,1,1,iter,0,1,optk,1,dynamic
76,1,0.001,13,1,9,9,0.000244141,2,0.000244141,0.00109803,0,2,2,iter,0,1,rootk,1,dynamic
76,1,0.001,13,1,9,9,0.000488281,4,0.000488281,0.00109803,0,4,4,iter,0,1,k1,1,dynamic
76,1,0.001,14,0,25887,25887,0.918091,7521,0.918091,0.957576,0,0,0,iter,0,1,optk,1,dynamic
76,1,0.001,14,0,25887,25887,0.920166,7538,0.920166,0.957576,0,0,0,iter,0,1,k1,1,dynamic
76,1,0.001,14,0,25887,25887,0.922607,7558,0.922607,0.957576,0,0,0,iter,0,1,rootk,1,dynamic
76,1,0.001,14,0,536,536,0.0523682,429,0.0523682,0.0633351,812,1,813,type,0,3,optk,1,dynamic
76,1,0.001,14,0,595,595,0.0551758,452,0.0551758,0.0700569,831,1,832,type,0,3,rootk,1,dynamic
76,1,0.001,14,0,601,601,0.0578613,474,0.0578613,0.0707377,862,1,863,type,0,3,k1,1,dynamic
76,1,0.001,14,1,2557,2557,0.0662842,543,0.0662842,0.268116,0,0,0,iter,0,1,rootk,1,dynamic
76,1,0.001,14,1,2564,2564,0.0648193,531,0.0648193,0.268742,0,0,0,iter,0,1,optk,1,dynamic
76,1,0.001,14,1,2645,2645,0.0656738,538,0.0656738,0.275936,0,0,0,iter,0,1,k1,1,dynamic
76,5,0.01,10,0,0,0,0,0,0,0,0,0,0,iter,0,1,k1,1,dynamic
76,5,0.01,10,0,0,0,0,0,0,0,0,0,0,iter,0,1,optk,1,dynamic
76,5,0.01,10,0,0,0,0,0,0,0,0,0,0,iter,0,1,rootk,1,dynamic
76,5,0.01,11,0,0,0,0,0,0,0,0,0,0,iter,0,1,k1,1,dynamic
76,5,0.01,11,0,0,0,0,0,0,0,0,0,0,iter,0,1,optk,1,dynamic
76,5,0.01,11,0,0,0,0,0,0,0,0,0,0,iter,0,1,rootk,1,dynamic
76,5,0.01,12,0,25,25,0.000317383,13,0.000317383,0.000610165,0,0,0,iter,0,1,k1,1,dynamic
76,5,0.01,12,0,25,25,0.000317383,13,0.000317383,0.000610165,0,0,0,iter,0,1,optk,1,dynamic
76,5,0.01,12,0,25,25,0.000317383,13,0.000317383,0.000610165,0,0,0,iter,0,1,rootk,1,dynamic
76,5,0.01,12,1,0,0,0,0,0,0,0,0,0,iter,0,1,k1,1,dynamic
76,5,0.01,12,1,0,0,0,0,0,0,0,0,0,iter,0,1,optk,1,dynamic
76,5,0.01,12,1,0,0,0,0,0,0,0,0,0,iter,0,1,rootk,1,dynamic
76,5,0.01,13,0,1971,1971,0.0358643,1469,0.0358643,0.0469807,0,0,0,iter,0,1,rootk,1,dynamic
76,5,0.01,13,0,1971,1971,0.0359375,1472,0.0359375,0.0469807,0,0,0,iter,0,1,k1,1,dynamic
76,5,0.01,13,0,1971,1971,0.0360107,1475,0.0360107,0.0469807,0,0,0,iter,0,1,optk,1,dynamic
76,5,0.01,13,1,0,0,0,0,0,0,0,0,0,iter,0,1,optk,1,dynamic
76,5,0.01,13,1,0,0,0,0,0,0,0,0,0,iter,0,1,rootk,1,dynamic
76,5,0.01,13,1,8,8,2.44141e-05,1,2.44141e-05,0.000195293,0,1,1,iter,0,1,k1,1,dynamic
76,5,0.01,14,0,25887,25887,0.396387,16236,0.396387,0.468476,0,0,0,iter,0,1,rootk,1,dynamic
76,5,0.01,14,0,25887,25887,0.397559,16284,0.397559,0.468476,0,0,0,iter,0,1,optk,1,dynamic
76,5,0.01,14,0,25887,25887,0.399121,16348,0.399121,0.468476,0,0,0,iter,0,1,k1,1,dynamic
76,5,0.01,14,1,1018,1018,0.0064209,263,0.0064209,0.0245472,0,0,0,iter,0,1,optk,1,dynamic
76,5,0.01,14,1,1024,1024,0.00593262,243,0.00593262,0.0246901,0,0,0,iter,0,1,k1,1,dynamic
76,5,0.01,14,1,1199,1199,0.00617676,253,0.00617676,0.0288482,0,0,0,iter,0,1,rootk,1,dynamic
76,5,0.01,14,2,158,158,0.00327148,134,0.00327148,0.00384999,196,1,197,iter,0,1,k1,1,dynamic
76,5,0.01,14,2,182,182,0.00334473,137,0.00334473,0.0044335,208,1,209,iter,0,1,rootk,1,dynamic
76,5,0.01,14,2,190,190,0.00375977,154,0.00375977,0.00462793,219,1,220,iter,0,1,optk,1,dynamic
76,53,0.1,10,0,0,0,0,0,0,0,0,0,0,iter,0,1,k1,1,dynamic
76,53,0.1,10,0,0,0,0,0,0,0,0,0,0,iter,0,1,optk,3,dynamic
76,53,0.1,10,0,0,0,0,0,0,0,0,0,0,iter,0,1,rootk,2,dynamic
76,53,0.1,11,0,0,0,0,0,0,0,0,0,0,iter,0,1,k1,1,dynamic
76,53,0.1,11,0,0,0,0,0,0,0,0,0,0,iter,0,1,optk,3,dynamic
76,53,0.1,11,0,0,0,0,0,0,0,0,0,0,iter,0,1,rootk,2,dynamic
76,53,0.1,12,0,25,25,2.99418e-05,13,2.99418e-05,5.75787e-05,0,0,0,iter,0,1,k1,1,dynamic
76,53,0.1,12,0,25,25,3.58604e-09,26,5.98835e-05,0.000115154,0,0,0,iter,0,1,rootk,2,dynamic
76,53,0.1,12,0,25,25,7.24764e-13,39,8.98253e-05,0.000172726,0,0,0,iter,0,1,optk,3,dynamic
76,53,0.1,12,1,0,0,0,0,0,0,0,0,0,iter,0,1,k1,1,dynamic
76,53,0.1,12,1,0,0,0,0,0,0,0,0,0,iter,0,1,optk,3,dynamic
76,53,0.1,12,1,0,0,0,0,0,0,0,0,0,iter,0,1,rootk,2,dynamic
76,53,0.1,13,0,1971,1971,0.0034387,1493,0.0034387,0.00452935,0,0,0,iter,0,1,k1,1,dynamic
76,53,0.1,13,0,1971,1971,1.09052e-06,4469,0.0102931,0.0135266,0,0,0,iter,0,1,optk,3,dynamic
76,53,0.1,13,0,1971,1971,4.70771e-05,2979,0.00686127,0.00903818,0,0,0,iter,0,1,rootk,2,dynamic
76,53,0.1,13,1,0,0,0,0,0,0,0,0,0,iter,0,1,k1,1,dynamic
76,53,0.1,13,1,0,0,0,0,0,0,0,0,0,iter,0,1,optk,3,dynamic
76,53,0.1,13,1,0,0,0,0,0,0,0,0,0,iter,0,1,rootk,2,dynamic
76,53,0.1,14,0,25887,25887,0.00239303,58074,0.133757,0.163785,0,0,0,iter,0,1,optk,3,dynamic
76,53,0.1,14,0,25887,25887,0.00835157,39678,0.0913869,0.112411,0,0,0,iter,0,1,rootk,2,dynamic
76,53,0.1,14,0,25887,25887,0.0466884,20271,0.0466884,0.0578806,0,0,0,iter,0,1,k1,1,dynamic
76,53,0.1,14,1,161,161,8.29157e-05,36,8.29157e-05,0.000370749,1,36,37,iter,0,1,k1,1,dynamic
76,53,0.1,14,1,22,22,3.29888e-13,30,6.90964e-05,0.000152001,1,10,11,iter,0,1,optk,3,dynamic
76,53,0.1,14,1,30,30,3.05556e-09,24,5.52771e-05,0.000138183,1,12,13,iter,0,1,rootk,2,dynamic
76,266,0.5,10,0,0,0,0,0,0,0,0,0,0,iter,0,1,k1,1,dynamic
76,266,0.5,10,0,0,0,0,0,0,0,0,0,0,iter,0,1,optk,16,dynamic
76,266,0.5,10,0,0,0,0,0,0,0,0,0,0,iter,0,1,rootk,4,dynamic
76,266,0.5,11,0,0,0,0,0,0,0,0,0,0,iter,0,1,k1,1,dynamic
76,266,0.5,11,0,0,0,0,0,0,0,0,0,0,iter,0,1,optk,16,dynamic
76,266,0.5,11,0,0,0,0,0,0,0,0,0,0,iter,0,1,rootk,4,dynamic
76,266,0.5,12,0,25,25,3.24285e-19,52,2.38634e-05,4.589e-05,0,0,0,iter,0,1,rootk,4,dynamic
76,266,0.5,12,0,25,25,4.74972e-65,208,9.54535e-05,0.000183548,0,0,0,iter,0,1,optk,16,dynamic
76,266,0.5,12,0,25,25,5.96584e-06,13,5.96584e-06,1.14727e-05,0,0,0,iter,0,1,k1,1,dynamic
76,266,0.5,12,1,0,0,0,0,0,0,0,0,0,iter,0,1,k1,1,dynamic
76,266,0.5,12,1,0,0,0,0,0,0,0,0,0,iter,0,1,optk,16,dynamic
76,266,0.5,12,1,0,0,0,0,0,0,0,0,0,iter,0,1,rootk,4,dynamic
76,266,0.5,13,0,1971,1971,0.00068699,1497,0.00068699,0.000904105,0,0,0,iter,0,1,k1,1,dynamic
76,266,0.5,13,0,1971,1971,4.18727e-32,23831,0.0109363,0.014368,0,0,0,iter,0,1,optk,16,dynamic
76,266,0.5,13,0,1971,1971,5.67936e-11,5982,0.00274521,0.00361152,0,0,0,iter,0,1,rootk,4,dynamic
76,266,0.5,13,1,0,0,0,0,0,0,0,0,0,iter,0,1,k1,1,dynamic
76,266,0.5,13,1,0,0,0,0,0,0,0,0,0,iter,0,1,optk,16,dynamic
76,266,0.5,13,1,0,0,0,0,0,0,0,0,0,iter,0,1,rootk,4,dynamic
76,266,0.5,14,0,25887,25887,0.00948248,20663,0.00948248,0.0118095,0,0,0,iter,0,1,k1,1,dynamic
76,266,0.5,14,0,25887,25887,1.9566e-06,81498,0.0374003,0.0464079,0,0,0,iter,0,1,rootk,4,dynamic
76,266,0.5,14,0,25887,25887,2.53667e-14,307991,0.14134,0.173105,0,0,0,iter,0,1,optk,16,dynamic
76,266,0.5,14,1,22,22,1.13541e-19,40,1.83564e-05,4.03833e-05,1,10,11,iter,0,1,rootk,4,dynamic
76,266,0.5,14,1,22,22,6.45667e-67,159,7.29668e-05,0.000161524,1,10,11,iter,0,1,optk,16,dynamic
76,266,0.5,14,1,31,31,7.80149e-06,17,7.80149e-06,1.42261e-05,1,17,18,iter,0,1,k1,1,dynamic
77,1,0.001,10,0,0,0,0,0,0,0,0,0,0,iter,0,1,k1,1,dynamic
77,1,0.001,10,0,0,0,0,0,0,0,0,0,0,iter,0,1,optk,1,dynamic
77,1,0.001,10,0,0,0,0,0,0,0,0,0,0,iter,0,1,rootk,1,dynamic
77,1,0.001,11,0,0,0,0,0,0,0,0,0,0,iter,0,1,k1,1,dynamic
77,1,0.001,11,0,0,0,0,0,0,0,0,0,0,iter,0,1,optk,1,dynamic
77,1,0.001,11,0,0,0,0,0,0,0,0,0,0,iter,0,1,rootk,1,dynamic
77,1,0.001,12,0,4,4,0.000366211,3,0.000366211,0.000488162,0,0,0,iter,0,1,k1,1,dynamic
77,1,0.001,12,0,4,4,0.000366211,3,0.000366211,0.000488162,0,0,0,iter,0,1,optk,1,dynamic
77,1,0.001,12,0,4,4,0.000366211,3,0.000366211,0.000488162,0,0,0,iter,0,1,rootk,1,dynamic
77,1,0.001,12,1,0,0,0,0,0,0,0,0,0,iter,0,1,k1,1,dynamic
77,1,0.001,12,1,0,0,0,0,0,0,0,0,0,iter,0,1,optk,1,dynamic
77,1,0.001,12,1,0,0,0,0,0,0,0,0,0,iter,0,1,rootk,1,dynamic
77,1,0.001,13,0,300,300,0.0275879,226,0.0275879,0.0359587,0,0,0,iter,0,1,optk,1,dynamic
77,1,0.001,13,0,300,300,0.0280762,230,0.0280762,0.0359587,0,0,0,iter,0,1,k1,1,dynamic
77,1,0.001,13,0,300,300,0.0280762,230,0.0280762,0.0359587,0,0,0,iter,0,1,rootk,1,dynamic
77,1,0.001,13,1,1,1,0.00012207,1,0.00012207,0.000122063,0,1,1,iter,0,1,optk,1,dynamic
77,1,0.001,13,1,3,3,0.000366211,3,0.000366211,0.000366144,0,3,3,iter,0,1,k1,1,dynamic
77,1,0.001,13,1,4,4,0.000488281,4,0.000488281,0.000488162,0,4,4,iter,0,1,rootk,1,dynamic
77,1,0.001,14,0,11950,11950,0.625122,5121,0.625122,0.767471,0,0,0,iter,0,1,rootk,1,dynamic
77,1,0.001,14,0,11950,11950,0.628662,5150,0.628662,0.767471,0,0,0,iter,0,1,optk,1,dynamic
77,1,0.001,14,0,11950,11950,0.635376,5205,0.635376,0.767471,0,0,0,iter,0,1,k1,1,dynamic
77,1,0.001,14,0,698,698,0.0585938,480,0.0585938,0.0816761,701,0,701,type,0,2,k1,1,dynamic
77,1,0.001,14,0,731,731,0.0593262,486,0.0593262,0.0853679,696,0,696,type,0,2,optk,1,dynamic
77,1,0.001,14,0,766,766,0.0556641,456,0.0556641,0.0892673,682,0,682,type,0,2,rootk,1,dynamic
77,1,0.001,14,1,2155,2155,0.115479,946,0.115479,0.231305,0,0,0,iter,0,1,optk,1,dynamic
77,1,0.001,14,1,2166,2166,0.119141,976,0.119141,0.232337,0,0,0,iter,0,1,k1,1,dynamic
77,1,0.001,14,1,2209,2209,0.115356,945,0.115356,0.236356,0,0,0,iter,0,1,rootk,1,dynamic
77,1,0.001,14,1,646,646,0.0541992,444,0.0541992,0.0758283,647,1,648,type,1,2,optk,1,dynamic
77,1,0.001,14,1,676,676,0.0571289,468,0.0571289,0.0792065,702,1,703,type,1,2,rootk,1,dynamic
77,1,0.001,14,1,712,712,0.0565186,463,0.0565186,0.0832441,691,1,692,type,1,2,k1,1,dynamic
77,5,0.01,10,0,0,0,0,0,0,0,0,0,0,iter,0,1,k1,1,dynamic
77,5,0.01,10,0,0,0,0,0,0,0,0,0,0,iter,0,1,optk,1,dynamic
77,5,0.01,10,0,0,0,0,0,0,0,0,0,0,iter,0,1,rootk,1,dynamic
77,5,0.01,11,0,0,0,0,0,0,0,0,0,0,iter,0,1,k1,1,dynamic
77,5,0.01,11,0,0,0,0,0,0,0,0,0,0,iter,0,1,optk,1,dynamic
77,5,0.01,11,0,0,0,0,0,0,0,0,0,0,iter,0,1,rootk,1,dynamic
77,5,0.01,12,0,4,4,7.32422e-05,3,7.32422e-05,9.76515e-05,0,0,0,iter,0,1,k1,1,dynamic
77,5,0.01,12,0,4,4,7.32422e-05,3,7.32422e-05,9.76515e-05,0,0,0,iter,0,1,optk,1,dynamic
77,5,0.01,12,0,4,4,7.32422e-05,3,7.32422e-05,9.76515e-05,0,0,0,iter,0,1,rootk,1,dynamic
77,5,0.01,12,1,0,0,0,0,0,0,0,0,0,iter,0,1,k1,1,dynamic
77,5,0.01,12,1,0,0,0,0,0,0,0,0,0,iter,0,1,optk,1,dynamic
77,5,0.01,12,1,0,0,0,0,0,0,0,0,0,iter,0,1,rootk,1,dynamic
77,5,0.01,13,0,300,300,0.00561523,230,0.00561523,0.00729746,0,0,0,iter,0,1,optk,1,dynamic
77,5,0.01,13,0,300,300,0.00563965,231,0.00563965,0.00729746,0,0,0,iter,0,1,k1,1,dynamic
77,5,0.01,13,0,300,300,0.00566406,232,0.00566406,0.00729746,0,0,0,iter,0,1,rootk,1,dynamic
77,5,0.01,13,1,0,0,0,0,0,0,0,0,0,iter,0,1,k1,1,dynamic
77,5,0.01,13,1,1,1,2.44141e-05,1,2.44141e-05,2.44138e-05,0,1,1,iter,0,1,optk,1,dynamic
77,5,0.01,13,1,1,1,2.44141e-05,1,2.44141e-05,2.44138e-05,0,1,1,iter,0,1,rootk,1,dynamic
77,5,0.01,14,0,11950,11950,0.180396,7389,0.180396,0.253043,0,0,0,iter,0,1,rootk,1,dynamic
77,5,0.01,14,0,11950,11950,0.180518,7394,0.180518,0.253043,0,0,0,iter,0,1,optk,1,dynamic
77,5,0.01,14,0,11950,11950,0.180566,7396,0.180566,0.253043,0,0,0,iter,0,1,k1,1,dynamic
77,5,0.01,14,1,558,558,0.00695801,285,0.00695801,0.0135307,1,290,291,iter,0,1,k1,1,dynamic
77,5,0.01,14,1,581,581,0.00693359,284,0.00693359,0.0140844,1,291,292,iter,0,1,rootk,1,dynamic
77,5,0.01,14,1,584,584,0.00703125,288,0.00703125,0.0141567,1,296,297,iter,0,1,optk,1,dynamic
77,45,0.1,10,0,0,0,0,0,0,0,0,0,0,iter,0,1,k1,1,dynamic
77,45,0.1,10,0,0,0,0,0,0,0,0,0,0,iter,0,1,optk,4,dynamic
77,45,0.1,10,0,0,0,0,0,0,0,0,0,0,iter,0,1,rootk,2,dynamic
77,45,0.1,11,0,0,0,0,0,0,0,0,0,0,iter,0,1,k1,1,dynamic
77,45,0.1,11,0,0,0,0,0,0,0,0,0,0,iter,0,1,optk,4,dynamic
77,45,0.1,11,0,0,0,0,0,0,0,0,0,0,iter,0,1,rootk,2,dynamic
77,45,0.1,12,0,4,4,1.12283e-18,12,3.25521e-05,4.34018e-05,0,0,0,iter,0,1,optk,4,dynamic
77,45,0.1,12,0,4,4,2.6491e-10,6,1.6276e-05,2.17012e-05,0,0,0,iter,0,1,rootk,2,dynamic
77,45,0.1,12,0,4,4,8.13802e-06,3,8.13802e-06,1.08506e-05,0,0,0,iter,0,1,k1,1,dynamic
77,45,0.1,12,1,0,0,0,0,0,0,0,0,0,iter,0,1,k1,1,dynamic
77,45,0.1,12,1,0,0,0,0,0,0,0,0,0,iter,0,1,optk,4,dynamic
77,45,0.1,12,1,0,0,0,0,0,0,0,0,0,iter,0,1,rootk,2,dynamic
77,45,0.1,13,0,300,300,0.00062934,232,0.00062934,0.000813471,0,0,0,iter,0,1,k1,1,dynamic
77,45,0.1,13,0,300,300,1.58428e-06,464,0.00125868,0.00162628,0,0,0,iter,0,1,rootk,2,dynamic
77,45,0.1,13,0,300,300,4.01589e-11,928,0.00251736,0.00324992,0,0,0,iter,0,1,optk,4,dynamic
77,45,0.1,13,1,0,0,0,0,0,0,0,0,0,iter,0,1,k1,1,dynamic
77,45,0.1,13,1,0,0,0,0,0,0,0,0,0,iter,0,1,optk,4,dynamic
77,45,0.1,13,1,0,0,0,0,0,0,0,0,0,iter,0,1,rootk,2,dynamic
77,45,0.1,14,0,11950,11950,0.00188592,16009,0.0434272,0.0627759,0,0,0,iter,0,1,rootk,2,dynamic
77,45,0.1,14,0,11950,11950,0.0219401,8088,0.0219401,0.0318967,0,0,0,iter,0,1,k1,1,dynamic
77,45,0.1,14,0,11950,11950,5.21513e-05,31327,0.0849799,0.121611,0,0,0,iter,0,1,optk,4,dynamic
77,45,0.1,14,1,11,11,2.38419e-09,18,4.88281e-05,5.9677e-05,1,9,10,iter,0,1,rootk,2,dynamic
77,45,0.1,14,1,59,59,0.000108507,40,0.000108507,0.000160035,1,41,42,iter,0,1,k1,1,dynamic
77,45,0.1,14,1,6,6,3.54871e-18,16,4.34028e-05,6.5102e-05,1,4,5,iter,0,1,optk,4,dynamic
77,226,0.5,10,0,0,0,0,0,0,0,0,0,0,iter,0,1,k1,1,dynamic
77,226,0.5,10,0,0,0,0,0,0,0,0,0,0,iter,0,1,optk,22,dynamic
77,226,0.5,10,0,0,0,0,0,0,0,0,0,0,iter,0,1,rootk,5,dynamic
77,226,0.5,11,0,0,0,0,0,0,0,0,0,0,iter,0,1,k1,1,dynamic
77,226,0.5,11,0,0,0,0,0,0,0,0,0,0,iter,0,1,optk,22,dynamic
77,226,0.5,11,0,0,0,0,0,0,0,0,0,0,iter,0,1,rootk,5,dynamic
77,226,0.5,12,0,4,4,1.39638e-98,66,3.56489e-05,4.75307e-05,0,0,0,iter,0,1,optk,22,dynamic
77,226,0.5,12,0,4,4,1.6204e-06,3,1.6204e-06,2.16053e-06,0,0,0,iter,0,1,k1,1,dynamic
77,226,0.5,12,0,4,4,3.49112e-26,15,8.10201e-06,1.08026e-05,0,0,0,iter,0,1,rootk,5,dynamic
77,226,0.5,12,1,0,0,0,0,0,0,0,0,0,iter,0,1,k1,1,dynamic
77,226,0.5,12,1,0,0,0,0,0,0,0,0,0,iter,0,1,optk,22,dynamic
77,226,0.5,12,1,0,0,0,0,0,0,0,0,0,iter,0,1,rootk,5,dynamic
77,226,0.5,13,0,300,300,0.000125311,232,0.000125311,0.000162027,0,0,0,iter,0,1,k1,1,dynamic
77,226,0.5,13,0,300,300,4.76247e-57,5098,0.0027536,0.00355854,0,0,0,iter,0,1,optk,22,dynamic
77,226,0.5,13,0,300,300,9.65602e-17,1160,0.000626556,0.000809873,0,0,0,iter,0,1,rootk,5,dynamic
77,226,0.5,13,1,0,0,0,0,0,0,0,0,0,iter,0,1,k1,1,dynamic
77,226,0.5,13,1,0,0,0,0,0,0,0,0,0,iter,0,1,optk,22,dynamic
77,226,0.5,13,1,0,0,0,0,0,0,0,0,0,iter,0,1,rootk,5,dynamic
77,226,0.5,14,0,11950,11950,0.00441074,8166,0.00441074,0.00643382,0,0,0,iter,0,1,k1,1,dynamic
77,226,0.5,14,0,11950,11950,1.84504e-23,171449,0.0926055,0.13238,0,0,0,iter,0,1,optk,22,dynamic
77,226,0.5,14,0,11950,11950,5.00752e-09,40497,0.0218738,0.0317578,0,0,0,iter,0,1,rootk,5,dynamic
77,226,0.5,14,1,21,21,7.56188e-06,14,7.56188e-06,1.13428e-05,1,14,15,iter,0,1,k1,1,dynamic
77,226,0.5,14,1,3,3,1.39638e-98,66,3.56489e-05,3.56482e-05,1,3,4,iter,0,1,optk,22,dynamic
77,226,0.5,14,1,3,3,3.49112e-26,15,8.10201e-06,8.10198e-06,1,3,4,iter,0,1,rootk,5,dynamic
78,7,0.001,11,0,0,0,0,0,0,0,0,0,0,iter,0,1,k1,1,dynamic
78,7,0.001,11,0,0,0,0,0,0,0,0,0,0,iter,0,1,optk,1,dynamic
78,7,0.001,11,0,0,0,0,0,0,0,0,0,0,iter,0,1,rootk,1,dynamic
78,7,0.001,12,0,0,0,0,0,0,0,0,0,0,iter,0,1,k1,1,dynamic
78,7,0.001,12,0,0,0,0,0,0,0,0,0,0,iter,0,1,optk,1,dynamic
78,7,0.001,12,0,0,0,0,0,0,0,0,0,0,iter,0,1,rootk,1,dynamic
78,7,0.001,13,0,0,0,0,0,0,0,0,0,0,iter,0,1,k1,1,dynamic
78,7,0.001,13,0,0,0,0,0,0,0,0,0,0,iter,0,1,optk,1,dynamic
78,7,0.001,13,0,0,0,0,0,0,0,0,0,0,iter,0,1,rootk,1,dynamic
78,7,0.001,14,0,97,97,0.00111607,64,0.00111607,0.00169012,0,0,0,iter,0,1,k1,1,dynamic
78,7,0.001,14,0,97,97,0.00111607,64,0.00111607,0.00169012,0,0,0,iter,0,1,optk,1,dynamic
78,7,0.001,14,0,97,97,0.00111607,64,0.00111607,0.00169012,0,0,0,iter,0,1,rootk,1,dynamic
78,7,0.001,14,1,0,0,0,0,0,0,0,0,0,iter,0,1,k1,1,dynamic
78,7,0.001,14,1,0,0,0,0,0,0,0,0,0,iter,0,1,optk,1,dynamic
78,7,0.001,14,1,0,0,0,0,0,0,0,0,0,iter,0,1,rootk,1,dynamic
78,7,0.001,15,0,3896,3896,0.0293492,1683,0.0293492,0.0656843,0,0,0,iter,0,1,rootk,1,dynamic
78,7,0.001,15,0,3896,3896,0.0294189,1687,0.0294189,0.0656843,0,0,0,iter,0,1,optk,1,dynamic
78,7,0.001,15,0,3896,3896,0.0294538,1689,0.0294538,0.0656843,0,0,0,iter,0,1,k1,1,dynamic
78,7,0.001,15,1,224,224,0.00209263,120,0.00209263,0.00389863,0,127,127,iter,0,1,k1,1,dynamic
78,7,0.001,15,1,250,250,0.00216239,124,0.00216239,0.00435016,0,135,135,iter,0,1,optk,1,dynamic
78,7,0.001,15,1,312,312,0.00245884,141,0.00245884,0.00542607,0,150,150,iter,0,1,rootk,1,dynamic
78,7,0.001,16,0,15377,15377,0.0980748,5624,0.0980748,0.23521,6320,1,6321,type,0,7,rootk,1,dynamic
78,7,0.001,16,0,15838,15838,0.0988072,5666,0.0988072,0.241333,6418,1,6419,type,0,7,k1,1,dynamic
78,7,0.001,16,0,15859,15859,0.0996094,5712,0.0996094,0.241611,6436,1,6437,type,0,7,optk,1,dynamic
78,7,0.001,16,0,187720,187720,0.711618,40807,0.711618,0.962129,0,0,0,iter,0,1,k1,1,dynamic
78,7,0.001,16,0,187720,187720,0.711932,40825,0.711932,0.962129,0,0,0,iter,0,1,rootk,1,dynamic
78,7,0.001,16,0,187720,187720,0.71242,40853,0.71242,0.962129,0,0,0,iter,0,1,optk,1,dynamic
78,7,0.001,16,1,134521,134521,0.586408,33627,0.586408,0.904235,0,0,0,iter,0,1,rootk,1,dynamic
78,7,0.001,16,1,135052,135052,0.586339,33623,0.586339,0.905118,0,0,0,iter,0,1,optk,1,dynamic
78,7,0.001,16,1,135536,135536,0.586984,33660,0.586984,0.905915,0,0,0,iter,0,1,k1,1,dynamic
78,68,0.01,11,0,0,0,0,0,0,0,0,0,0,iter,0,1,k1,1,dynamic
78,68,0.01,11,0,0,0,0,0,0,0,0,0,0,iter,0,1,optk,1,dynamic
78,68,0.01,11,0,0,0,0,0,0,0,0,0,0,iter,0,1,rootk,1,dynamic
78,68,0.01,12,0,0,0,0,0,0,0,0,0,0,iter,0,1,k1,1,dynamic
78,68,0.01,12,0,0,0,0,0,0,0,0,0,0,iter,0,1,optk,1,dynamic
78,68,0.01,12,0,0,0,0,0,0,0,0,0,0,iter,0,1,rootk,1,dynamic
78,68,0.01,13,0,0,0,0,0,0,0,0,0,0,iter,0,1,k1,1,dynamic
78,68,0.01,13,0,0,0,0,0,0,0,0,0,0,iter,0,1,optk,1,dynamic
78,68,0.01,13,0,0,0,0,0,0,0,0,0,0,iter,0,1,rootk,1,dynamic
78,68,0.01,14,0,97,97,0.00011489,64,0.00011489,0.000174115,0,0,0,iter,0,1,k1,1,dynamic
78,68,0.01,14,0,97,97,0.00011489,64,0.00011489,0.000174115,0,0,0,iter,0,1,optk,1,dynamic
78,68,0.01,14,0,97,97,0.00011489,64,0.00011489,0.000174115,0,0,0,iter,0,1,rootk,1,dynamic
78,68,0.01,14,1,0,0,0,0,0,0,0,0,0,iter,0,1,k1,1,dynamic
78,68,0.01,14,1,0,0,0,0,0,0,0,0,0,iter,0,1,optk,1,dynamic
78,68,0.01,14,1,0,0,0,0,0,0,0,0,0,iter,0,1,rootk,1,dynamic
78,68,0.01,15,0,3896,3896,0.00306612,1708,0.00306612,0.00696951,0,0,0,iter,0,1,k1,1,dynamic
78,68,0.01,15,0,3896,3896,0.00306791,1709,0.00306791,0.00696951,0,0,0,iter,0,1,optk,1,dynamic
78,68,0.01,15,0,3896,3896,0.00306971,1710,0.00306971,0.00696951,0,0,0,iter,0,1,rootk,1,dynamic
78,68,0.01,15,1,21,21,1.97467e-05,11,1.97467e-05,3.76975e-05,0,11,11,iter,0,1,k1,1,dynamic
78,68,0.01,15,1,23,23,2.69273e-05,15,2.69273e-05,4.12876e-05,0,16,16,iter,0,1,optk,1,dynamic
78,68,0.01,15,1,32,32,3.41079e-05,19,3.41079e-05,5.74432e-05,0,19,19,iter,0,1,rootk,1,dynamic
78,68,0.01,16,0,187720,187720,0.120372,67054,0.120372,0.286081,0,0,0,iter,0,1,optk,1,dynamic
78,68,0.01,16,0,187720,187720,0.120455,67100,0.120455,0.286081,0,0,0,iter,0,1,rootk,1,dynamic
78,68,0.01,16,0,187720,187720,0.120509,67130,0.120509,0.286081,0,0,0,iter,0,1,k1,1,dynamic
78,68,0.01,16,1,22537,22537,0.0151152,8420,0.0151152,0.0396499,0,0,0,iter,0,1,k1,1,dynamic
78,68,0.01,16,1,22908,22908,0.0155209,8646,0.0155209,0.0402892,0,0,0,iter,0,1,rootk,1,dynamic
78,68,0.01,16,1,23811,23811,0.0154078,8583,0.0154078,0.0418437,0,0,0,iter,0,1,optk,1,dynamic
78,68,0.01,16,2,2449,2449,0.00191722,1068,0.00191722,0.00438668,1189,1,1190,iter,0,1,k1,1,dynamic
78,68,0.01,16,2,2601,2601,0.00200159,1115,0.00200159,0.00465831,1242,1,1243,iter,0,1,optk,1,dynamic
78,68,0.01,16,2,3021,3021,0.00205545,1145,0.00205545,0.00540847,1293,1,1294,iter,0,1,rootk,1,dynamic
78,684,0.1,11,0,0,0,0,0,0,0,0,0,0,iter,0,1,k1,1,dynamic
78,684,0.1,11,0,0,0,0,0,0,0,0,0,0,iter,0,1,optk,4,dynamic
78,684,0.1,11,0,0,0,0,0,0,0,0,0,0,iter,0,1,rootk,2,dynamic
78,684,0.1,12,0,0,0,0,0,0,0,0,0,0,iter,0,1,k1,1,dynamic
78,684,0.1,12,0,0,0,0,0,0,0,0,0,0,iter,0,1,optk,4,dynamic
78,684,0.1,12,0,0,0,0,0,0,0,0,0,0,iter,0,1,rootk,2,dynamic
78,684,0.1,13,0,0,0,0,0,0,0,0,0,0,iter,0,1,k1,1,dynamic
78,684,0.1,13,0,0,0,0,0,0,0,0,0,0,iter,0,1,optk,4,dynamic
78,684,0.1,13,0,0,0,0,0,0,0,0,0,0,iter,0,1,rootk,2,dynamic
78,684,0.1,14,0,97,97,1.14218e-05,64,1.14218e-05,1.7311e-05,0,0,0,iter,0,1,k1,1,dynamic
78,684,0.1,14,0,97,97,4.35688e-18,256,4.56871e-05,6.92422e-05,0,0,0,iter,0,1,optk,4,dynamic
78,684,0.1,14,0,97,97,5.21829e-10,128,2.28436e-05,3.46217e-05,0,0,0,iter,0,1,rootk,2,dynamic
78,684,0.1,14,1,0,0,0,0,0,0,0,0,0,iter,0,1,k1,1,dynamic
78,684,0.1,14,1,0,0,0,0,0,0,0,0,0,iter,0,1,optk,4,dynamic
78,684,0.1,14,1,0,0,0,0,0,0,0,0,0,iter,0,1,rootk,2,dynamic
78,684,0.1,15,0,3896,3896,0.000305354,1711,0.000305354,0.000695059,0,0,0,iter,0,1,k1,1,dynamic
78,684,0.1,15,0,3896,3896,2.22304e-12,6842,0.00122106,0.00277734,0,0,0,iter,0,1,optk,4,dynamic
78,684,0.1,15,0,3896,3896,3.72529e-07,3420,0.000610352,0.00138964,0,0,0,iter,0,1,rootk,2,dynamic
78,684,0.1,15,1,0,0,0,0,0,0,0,0,0,iter,0,1,optk,4,dynamic
78,684,0.1,15,1,0,0,0,0,0,0,0,0,0,iter,0,1,rootk,2,dynamic
78,684,0.1,15,1,1,1,1.78465e-07,1,1.78465e-07,1.78465e-07,0,1,1,iter,0,1,k1,1,dynamic
78,684,0.1,16,0,187720,187720,0.000634834,141181,0.0251959,0.0648076,0,0,0,iter,0,1,rootk,2,dynamic
78,684,0.1,16,0,187720,187720,0.0126748,71021,0.0126748,0.0329466,0,0,0,iter,0,1,k1,1,dynamic
78,684,0.1,16,0,187720,187720,6.12527e-06,278758,0.0497486,0.125415,0,0,0,iter,0,1,optk,4,dynamic
78,684,0.1,16,1,10,10,2.5969e-21,40,7.13861e-06,7.13859e-06,1,10,11,iter,0,1,optk,4,dynamic
78,684,0.1,16,1,127,127,3.57865e-10,106,1.89173e-05,4.53292e-05,1,53,54,iter,0,1,rootk,2,dynamic
78,684,0.1,16,1,2280,2280,0.00016401,919,0.00016401,0.000406818,1,930,931,iter,0,1,k1,1,dynamic
78,3422,0.5,11,0,0,0,0,0,0,0,0,0,0,iter,0,1,k1,1,dynamic
78,3422,0.5,11,0,0,0,0,0,0,0,0,0,0,iter,0,1,optk,22,dynamic
78,3422,0.5,11,0,0,0,0,0,0,0,0,0,0,iter,0,1,rootk,5,dynamic
78,3422,0.5,12,0,0,0,0,0,0,0,0,0,0,iter,0,1,k1,1,dynamic
78,3422,0.5,12,0,0,0,0,0,0,0,0,0,0,iter,0,1,optk,22,dynamic
78,3422,0.5,12,0,0,0,0,0,0,0,0,0,0,iter,0,1,rootk,5,dynamic
78,3422,0.5,13,0,0,0,0,0,0,0,0,0,0,iter,0,1,k1,1,dynamic
78,3422,0.5,13,0,0,0,0,0,0,0,0,0,0,iter,0,1,optk,22,dynamic
78,3422,0.5,13,0,0,0,0,0,0,0,0,0,0,iter,0,1,rootk,5,dynamic
78,3422,0.5,14,0,97,97,1.93821e-25,320,1.14151e-05,1.73009e-05,0,0,0,iter,0,1,rootk,5,dynamic
78,3422,0.5,14,0,97,97,2.28302e-06,64,2.28302e-06,3.4602e-06,0,0,0,iter,0,1,k1,1,dynamic
78,3422,0.5,14,0,97,97,2.63342e-95,1408,5.02265e-05,7.61216e-05,0,0,0,iter,0,1,optk,22,dynamic
78,3422,0.5,14,1,0,0,0,0,0,0,0,0,0,iter,0,1,k1,1,dynamic
78,3422,0.5,14,1,0,0,0,0,0,0,0,0,0,iter,0,1,optk,22,dynamic
78,3422,0.5,14,1,0,0,0,0,0,0,0,0,0,iter,0,1,rootk,5,dynamic
78,3422,0.5,15,0,3896,3896,2.64543e-18,8554,0.00030514,0.000694653,0,0,0,iter,0,1,rootk,5,dynamic
78,3422,0.5,15,0,3896,3896,6.10352e-05,1711,6.10352e-05,0.000138969,0,0,0,iter,0,1,k1,1,dynamic
78,3422,0.5,15,0,3896,3896,6.41089e-64,37606,0.00134149,0.00305287,0,0,0,iter,0,1,optk,22,dynamic
78,3422,0.5,15,1,0,0,0,0,0,0,0,0,0,iter,0,1,optk,22,dynamic
78,3422,0.5,15,1,0,0,0,0,0,0,0,0,0,iter,0,1,rootk,5,dynamic
78,3422,0.5,15,1,2,2,3.56722e-08,1,3.56722e-08,7.13444e-08,0,1,1,iter,0,1,k1,1,dynamic
78,3422,0.5,16,0,187720,187720,0.00254511,71347,0.00254511,0.00667402,0,0,0,iter,0,1,k1,1,dynamic
78,3422,0.5,16,0,187720,187720,1.60706e-28,1528649,0.0545303,0.136983,0,0,0,iter,0,1,optk,22,dynamic
78,3422,0.5,16,0,187720,187720,3.2585e-10,355037,0.012665,0.0329276,0,0,0,iter,0,1,rootk,5,dynamic
78,3422,0.5,16,1,616,616,7.74087e-06,217,7.74087e-06,2.19738e-05,1,218,219,iter,0,1,k1,1,dynamic
78,3422,0.5,16,1,8,8,3.56894e-115,176,6.27831e-06,6.27829e-06,1,8,9,iter,0,1,optk,22,dynamic
78,3422,0.5,16,1,8,8,5.91494e-30,40,1.42689e-06,1.42689e-06,1,8,9,iter,0,1,rootk,5,dynamic
79,10,0.001,11,0,0,0,0,0,0,0,0,0,0,iter,0,1,k1,1,dynamic
79,10,0.001,11,0,0,0,0,0,0,0,0,0,0,iter,0,1,optk,1,dynamic
79,10,0.001,11,0,0,0,0,0,0,0,0,0,0,iter,0,1,rootk,1,dynamic
79,10,0.001,12,0,1,1,1.2207e-05,1,1.2207e-05,1.2207e-05,0,0,0,iter,0,1,k1,1,dynamic
79,10,0.001,12,0,1,1,1.2207e-05,1,1.2207e-05,1.2207e-05,0,0,0,iter,0,1,optk,1,dynamic
79,10,0.001,12,0,1,1,1.2207e-05,1,1.2207e-05,1.2207e-05,0,0,0,iter,0,1,rootk,1,dynamic
79,10,0.001,12,1,0,0,0,0,0,0,0,0,0,iter,0,1,k1,1,dynamic
79,10,0.001,12,1,0,0,0,0,0,0,0,0,0,iter,0,1,optk,1,dynamic
79,10,0.001,12,1,0,0,0,0,0,0,0,0,0,iter,0,1,rootk,1,dynamic
79,10,0.001,13,0,194,194,0.00235596,193,0.00235596,0.00236536,0,0,0,iter,0,1,k1,1,dynamic
79,10,0.001,13,0,194,194,0.00236816,194,0.00236816,0.00236536,0,0,0,iter,0,1,optk,1,dynamic
79,10,0.001,13,0,194,194,0.00236816,194,0.00236816,0.00236536,0,0,0,iter,0,1,rootk,1,dynamic
79,10,0.001,13,1,0,0,0,0,0,0,0,0,0,iter,0,1,k1,1,dynamic
79,10,0.001,13,1,0,0,0,0,0,0,0,0,0,iter,0,1,optk,1,dynamic
79,10,0.001,13,1,0,0,0,0,0,0,0,0,0,iter,0,1,rootk,1,dynamic
79,10,0.001,14,0,1511,1511,0.0182861,1498,0.0182861,0.0182758,0,0,0,iter,0,1,optk,1,dynamic
79,10,0.001,14,0,1511,1511,0.0182983,1499,0.0182983,0.0182758,0,0,0,iter,0,1,k1,1,dynamic
79,10,0.001,14,0,1511,1511,0.0183228,1501,0.0183228,0.0182758,0,0,0,iter,0,1,rootk,1,dynamic
79,10,0.001,14,1,0,0,0,0,0,0,0,0,0,iter,0,1,k1,1,dynamic
79,10,0.001,14,1,0,0,0,0,0,0,0,0,0,iter,0,1,optk,1,dynamic
79,10,0.001,14,1,0,0,0,0,0,0,0,0,0,iter,0,1,rootk,1,dynamic
79,10,0.001,15,0,4018,4018,0.0477173,3909,0.0477173,0.0478644,0,0,0,iter,0,1,rootk,1,dynamic
79,10,0.001,15,0,4018,4018,0.0478149,3917,0.0478149,0.0478644,0,0,0,iter,0,1,k1,1,dynamic
79,10,0.001,15,0,4018,4018,0.0479004,3924,0.0479004,0.0478644,0,0,0,iter,0,1,optk,1,dynamic
79,10,0.001,15,1,0,0,0,0,0,0,0,0,0,iter,0,1,optk,1,dynamic
79,10,0.001,15,1,2,2,1.2207e-05,1,1.2207e-05,2.44138e-05,0,1,1,iter,0,1,k1,1,dynamic
79,10,0.001,15,1,2,2,1.2207e-05,1,1.2207e-05,2.44138e-05,0,1,1,iter,0,1,rootk,1,dynamic
79,10,0.001,16,0,5763,5763,0.0679199,5564,0.0679199,0.0679316,0,0,0,iter,0,1,optk,1,dynamic
79,10,0.001,16,0,5763,5763,0.067981,5569,0.067981,0.0679316,0,0,0,iter,0,1,k1,1,dynamic
79,10,0.001,16,0,5763,5763,0.0681519,5583,0.0681519,0.0679316,0,0,0,iter,0,1,rootk,1,dynamic
79,10,0.001,16,1,1153,1153,0.00146484,120,0.00146484,0.0139761,1,121,122,iter,0,1,rootk,1,dynamic
79,10,0.001,16,1,1241,1241,0.0015625,128,0.0015625,0.0150348,1,129,130,iter,0,1,k1,1,dynamic
79,10,0.001,16,1,946,946,0.00130615,107,0.00130615,0.0114814,1,107,108,iter,0,1,optk,1,dynamic
79,99,0.01,11,0,0,0,0,0,0,0,0,0,0,iter,0,1,k1,1,dynamic
79,99,0.01,11,0,0,0,0,0,0,0,0,0,0,iter,0,1,optk,1,dynamic
79,99,0.01,11,0,0,0,0,0,0,0,0,0,0,iter,0,1,rootk,1,dynamic
79,99,0.01,12,0,1,1,1.23303e-06,1,1.23303e-06,1.23303e-06,0,0,0,iter,0,1,k1,1,dynamic
79,99,0.01,12,0,1,1,1.23303e-06,1,1.23303e-06,1.23303e-06,0,0,0,iter,0,1,optk,1,dynamic
79,99,0.01,12,0,1,1,1.23303e-06,1,1.23303e-06,1.23303e-06,0,0,0,iter,0,1,rootk,1,dynamic
79,99,0.01,12,1,0,0,0,0,0,0,0,0,0,iter,0,1,k1,1,dynamic
79,99,0.01,12,1,0,0,0,0,0,0,0,0,0,iter,0,1,optk,1,dynamic
79,99,0.01,12,1,0,0,0,0,0,0,0,0,0,iter,0,1,rootk,1,dynamic
79,99,0.01,13,0,194,194,0.000239208,194,0.000239208,0.00023918,0,0,0,iter,0,1,k1,1,dynamic
79,99,0.01,13,0,194,194,0.000239208,194,0.000239208,0.00023918,0,0,0,iter,0,1,optk,1,dynamic
79,99,0.01,13,0,194,194,0.000239208,194,0.000239208,0.00023918,0,0,0,iter,0,1,rootk,1,dynamic
79,99,0.01,13,1,0,0,0,0,0,0,0,0,0,iter,0,1,k1,1,dynamic
79,99,0.01,13,1,0,0,0,0,0,0,0,0,0,iter,0,1,optk,1,dynamic
79,99,0.01,13,1,0,0,0,0,0,0,0,0,0,iter,0,1,rootk,1,dynamic
79,99,0.01,14,0,1511,1511,0.00186065,1509,0.00186065,0.00186138,0,0,0,iter,0,1,k1,1,dynamic
79,99,0.01,14,0,1511,1511,0.00186065,1509,0.00186065,0.00186138,0,0,0,iter,0,1,optk,1,dynamic
79,99,0.01,14,0,1511,1511,0.00186065,1509,0.00186065,0.00186138,0,0,0,iter,0,1,rootk,1,dynamic
79,99,0.01,14,1,0,0,0,0,0,0,0,0,0,iter,0,1,k1,1,dynamic
79,99,0.01,14,1,0,0,0,0,0,0,0,0,0,iter,0,1,optk,1,dynamic
79,99,0.01,14,1,0,0,0,0,0,0,0,0,0,iter,0,1,rootk,1,dynamic
79,99,0.01,15,0,4018,4018,0.00493953,4006,0.00493953,0.00494208,0,0,0,iter,0,1,rootk,1,dynamic
79,99,0.01,15,0,4018,4018,0.00494077,4007,0.00494077,0.00494208,0,0,0,iter,0,1,k1,1,dynamic
79,99,0.01,15,0,4018,4018,0.004942,4008,0.004942,0.00494208,0,0,0,iter,0,1,optk,1,dynamic
79,99,0.01,15,1,0,0,0,0,0,0,0,0,0,iter,0,1,k1,1,dynamic
79,99,0.01,15,1,0,0,0,0,0,0,0,0,0,iter,0,1,optk,1,dynamic
79,99,0.01,15,1,0,0,0,0,0,0,0,0,0,iter,0,1,rootk,1,dynamic
79,99,0.01,16,0,5763,5763,0.00708131,5743,0.00708131,0.00708078,0,0,0,iter,0,1,rootk,1,dynamic
79,99,0.01,16,0,5763,5763,0.00708254,5744,0.00708254,0.00708078,0,0,0,iter,0,1,optk,1,dynamic
79,99,0.01,16,0,5763,5763,0.00708871,5749,0.00708871,0.00708078,0,0,0,iter,0,1,k1,1,dynamic
79,99,0.01,16,1,759,759,0.00010974,89,0.00010974,0.000935435,1,89,90,iter,0,1,k1,1,dynamic
79,99,0.01,16,1,762,762,0.000108507,88,0.000108507,0.00093913,1,88,89,iter,0,1,optk,1,dynamic
79,99,0.01,16,1,903,903,0.000110973,90,0.000110973,0.00111281,1,90,91,iter,0,1,rootk,1,dynamic
79,987,0.1,11,0,0,0,0,0,0,0,0,0,0,iter,0,1,k1,1,dynamic
79,987,0.1,11,0,0,0,0,0,0,0,0,0,0,iter,0,1,optk,3,dynamic
79,987,0.1,11,0,0,0,0,0,0,0,0,0,0,iter,0,1,rootk,2,dynamic
79,987,0.1,12,0,1,1,1.23678e-07,1,1.23678e-07,1.23678e-07,0,0,0,iter,0,1,k1,1,dynamic
79,987,0.1,12,0,1,1,5.1079e-20,3,3.71034e-07,3.71034e-07,0,0,0,iter,0,1,optk,3,dynamic
79,987,0.1,12,0,1,1,6.11851e-14,2,2.47356e-07,2.47356e-07,0,0,0,iter,0,1,rootk,2,dynamic
79,987,0.1,12,1,0,0,0,0,0,0,0,0,0,iter,0,1,k1,1,dynamic
79,987,0.1,12,1,0,0,0,0,0,0,0,0,0,iter,0,1,optk,3,dynamic
79,987,0.1,12,1,0,0,0,0,0,0,0,0,0,iter,0,1,rootk,2,dynamic
79,987,0.1,13,0,194,194,2.30276e-09,388,4.79871e-05,4.7986e-05,0,0,0,iter,0,1,rootk,2,dynamic
79,987,0.1,13,0,194,194,2.39936e-05,194,2.39936e-05,2.39933e-05,0,0,0,iter,0,1,k1,1,dynamic
79,987,0.1,13,0,194,194,3.72947e-13,582,7.19807e-05,7.19781e-05,0,0,0,iter,0,1,optk,3,dynamic
79,987,0.1,13,1,0,0,0,0,0,0,0,0,0,iter,0,1,k1,1,dynamic
79,987,0.1,13,1,0,0,0,0,0,0,0,0,0,iter,0,1,optk,3,dynamic
79,987,0.1,13,1,0,0,0,0,0,0,0,0,0,iter,0,1,rootk,2,dynamic
79,987,0.1,14,0,1511,1511,0.000186878,1511,0.000186878,0.00018686,0,0,0,iter,0,1,k1,1,dynamic
79,987,0.1,14,0,1511,1511,1.39601e-07,3021,0.000373632,0.000373685,0,0,0,iter,0,1,rootk,2,dynamic
79,987,0.1,14,0,1511,1511,1.76212e-10,4533,0.000560633,0.000560476,0,0,0,iter,0,1,optk,3,dynamic
79,987,0.1,14,1,0,0,0,0,0,0,0,0,0,iter,0,1,k1,1,dynamic
79,987,0.1,14,1,0,0,0,0,0,0,0,0,0,iter,0,1,optk,3,dynamic
79,987,0.1,14,1,0,0,0,0,0,0,0,0,0,iter,0,1,rootk,2,dynamic
79,987,0.1,15,0,4018,4018,0.000496691,4016,0.000496691,0.000496815,0,0,0,iter,0,1,k1,1,dynamic
79,987,0.1,15,0,4018,4018,3.30515e-09,12044,0.00148958,0.00148971,0,0,0,iter,0,1,optk,3,dynamic
79,987,0.1,15,0,4018,4018,9.86072e-07,8029,0.000993012,0.000993384,0,0,0,iter,0,1,rootk,2,dynamic
79,987,0.1,15,1,0,0,0,0,0,0,0,0,0,iter,0,1,k1,1,dynamic
79,987,0.1,15,1,0,0,0,0,0,0,0,0,0,iter,0,1,optk,3,dynamic
79,987,0.1,15,1,0,0,0,0,0,0,0,0,0,iter,0,1,rootk,2,dynamic
79,987,0.1,16,0,5763,5763,0.00071251,5761,0.00071251,0.000712503,0,0,0,iter,0,1,k1,1,dynamic
79,987,0.1,16,0,5763,5763,2.02786e-06,11514,0.00142403,0.0014245,0,0,0,iter,0,1,rootk,2,dynamic
79,987,0.1,16,0,5763,5763,9.73595e-09,17265,0.0021353,0.00213599,0,0,0,iter,0,1,optk,3,dynamic
79,987,0.1,16,1,733,733,1.05126e-05,85,1.05126e-05,9.0652e-05,1,85,86,iter,0,1,k1,1,dynamic
79,987,0.1,16,1,733,733,3.13689e-14,255,3.15379e-05,0.000271931,1,85,86,iter,0,1,optk,3,dynamic
79,987,0.1,16,1,733,733,4.42062e-10,170,2.10253e-05,0.000181296,1,85,86,iter,0,1,rootk,2,dynamic
79,4937,0.5,11,0,0,0,0,0,0,0,0,0,0,iter,0,1,k1,1,dynamic
79,4937,0.5,11,0,0,0,0,0,0,0,0,0,0,iter,0,1,optk,15,dynamic
79,4937,0.5,11,0,0,0,0,0,0,0,0,0,0,iter,0,1,rootk,4,dynamic
79,4937,0.5,12,0,1,1,2.47256e-08,1,2.47256e-08,2.47256e-08,0,0,0,iter,0,1,k1,1,dynamic
79,4937,0.5,12,0,1,1,3.45599e-97,15,3.70884e-07,3.70884e-07,0,0,0,iter,0,1,optk,15,dynamic
79,4937,0.5,12,0,1,1,9.56814e-29,4,9.89024e-08,9.89024e-08,0,0,0,iter,0,1,rootk,4,dynamic
79,4937,0.5,12,1,0,0,0,0,0,0,0,0,0,iter,0,1,k1,1,dynamic
79,4937,0.5,12,1,0,0,0,0,0,0,0,0,0,iter,0,1,optk,15,dynamic
79,4937,0.5,12,1,0,0,0,0,0,0,0,0,0,iter,0,1,rootk,4,dynamic
79,4937,0.5,13,0,194,194,1.3553e-19,776,1.91871e-05,1.91869e-05,0,0,0,iter,0,1,rootk,4,dynamic
79,4937,0.5,13,0,194,194,4.79677e-06,194,4.79677e-06,4.79676e-06,0,0,0,iter,0,1,k1,1,dynamic
79,4937,0.5,13,0,194,194,7.17131e-63,2910,7.19515e-05,7.19489e-05,0,0,0,iter,0,1,optk,15,dynamic
79,4937,0.5,13,1,0,0,0,0,0,0,0,0,0,iter,0,1,k1,1,dynamic
79,4937,0.5,13,1,0,0,0,0,0,0,0,0,0,iter,0,1,optk,15,dynamic
79,4937,0.5,13,1,0,0,0,0,0,0,0,0,0,iter,0,1,rootk,4,dynamic
79,4937,0.5,14,0,1511,1511,1.68419e-49,22661,0.000560307,0.000560249,0,0,0,iter,0,1,optk,15,dynamic
79,4937,0.5,14,0,1511,1511,3.73604e-05,1511,3.73604e-05,3.73597e-05,0,0,0,iter,0,1,k1,1,dynamic
79,4937,0.5,14,0,1511,1511,4.98423e-16,6043,0.000149417,0.00014943,0,0,0,iter,0,1,rootk,4,dynamic
79,4937,0.5,14,1,0,0,0,0,0,0,0,0,0,iter,0,1,k1,1,dynamic
79,4937,0.5,14,1,0,0,0,0,0,0,0,0,0,iter,0,1,optk,15,dynamic
79,4937,0.5,14,1,0,0,0,0,0,0,0,0,0,iter,0,1,rootk,4,dynamic
79,4937,0.5,15,0,4018,4018,2.48949e-14,16065,0.000397217,0.000397311,0,0,0,iter,0,1,rootk,4,dynamic
79,4937,0.5,15,0,4018,4018,3.89981e-43,60199,0.00148846,0.0014891,0,0,0,iter,0,1,optk,15,dynamic
79,4937,0.5,15,0,4018,4018,9.93228e-05,4017,9.93228e-05,9.93425e-05,0,0,0,iter,0,1,k1,1,dynamic
79,4937,0.5,15,1,0,0,0,0,0,0,0,0,0,iter,0,1,k1,1,dynamic
79,4937,0.5,15,1,0,0,0,0,0,0,0,0,0,iter,0,1,optk,15,dynamic
79,4937,0.5,15,1,0,0,0,0,0,0,0,0,0,iter,0,1,rootk,4,dynamic
79,4937,0.5,16,0,5763,5763,0.000142469,5762,0.000142469,0.000142484,0,0,0,iter,0,1,k1,1,dynamic
79,4937,0.5,16,0,5763,5763,1.0534e-13,23041,0.000569703,0.000569812,0,0,0,iter,0,1,rootk,4,dynamic
79,4937,0.5,16,0,5763,5763,8.72948e-41,86348,0.00213501,0.00213512,0,0,0,iter,0,1,optk,15,dynamic
79,4937,0.5,16,1,733,733,2.10168e-06,85,2.10168e-06,1.81237e-05,1,85,86,iter,0,1,k1,1,dynamic
79,4937,0.5,16,1,733,733,3.01896e-68,1275,3.15251e-05,0.000271821,1,85,86,iter,0,1,optk,15,dynamic
79,4937,0.5,16,1,733,733,4.99463e-21,340,8.40671e-06,7.24928e-05,1,85,86,iter,0,1,rootk,4,dynamic
80,5,0.001,10,0,0,0,0,0,0,0,0,0,0,iter,0,1,k1,1,dynamic
80,5,0.001,10,0,0,0,0,0,0,0,0,0,0,iter,0,1,optk,1,dynamic
80,5,0.001,10,0,0,0,0,0,0,0,0,0,0,iter,0,1,rootk,1,dynamic
80,5,0.001,11,0,0,0,0,0,0,0,0,0,0,iter,0,1,k1,1,dynamic
80,5,0.001,11,0,0,0,0,0,0,0,0,0,0,iter,0,1,optk,1,dynamic
80,5,0.001,11,0,0,0,0,0,0,0,0,0,0,iter,0,1,rootk,1,dynamic
80,5,0.001,12,0,1,1,2.44141e-05,1,2.44141e-05,2.44138e-05,0,0,0,iter,0,1,k1,1,dynamic
80,5,0.001,12,0,1,1,2.44141e-05,1,2.44141e-05,2.44138e-05,0,0,0,iter,0,1,optk,1,dynamic
80,5,0.001,12,0,1,1,2.44141e-05,1,2.44141e-05,2.44138e-05,0,0,0,iter,0,1,rootk,1,dynamic
80,5,0.001,12,1,0,0,0,0,0,0,0,0,0,iter,0,1,k1,1,dynamic
80,5,0.001,12,1,0,0,0,0,0,0,0,0,0,iter,0,1,optk,1,dynamic
80,5,0.001,12,1,0,0,0,0,0,0,0,0,0,iter,0,1,rootk,1,dynamic
80,5,0.001,13,0,68,68,0.0012207,50,0.0012207,0.00165878,0,0,0,iter,0,1,k1,1,dynamic
80,5,0.001,13,0,68,68,0.0012207,50,0.0012207,0.00165878,0,0,0,iter,0,1,optk,1,dynamic
80,5,0.001,13,0,68,68,0.0012207,50,0.0012207,0.00165878,0,0,0,iter,0,1,rootk,1,dynamic
80,5,0.001,13,1,0,0,0,0,0,0,0,0,0,iter,0,1,k1,1,dynamic
80,5,0.001,13,1,0,0,0,0,0,0,0,0,0,iter,0,1,optk,1,dynamic
80,5,0.001,13,1,0,0,0,0,0,0,0,0,0,iter,0,1,rootk,1,dynamic
80,5,0.001,14,0,4726,4726,0.0705566,2890,0.0705566,0.108973,0,0,0,iter,0,1,rootk,1,dynamic
80,5,0.001,14,0,4726,4726,0.0707031,2896,0.0707031,0.108973,0,0,0,iter,0,1,optk,1,dynamic
80,5,0.001,14,0,4726,4726,0.0709473,2906,0.0709473,0.108973,0,0,0,iter,0,1,k1,1,dynamic
80,5,0.001,14,1,297,297,0.00471191,193,0.00471191,0.00722475,0,206,206,iter,0,1,optk,1,dynamic
80,5,0.001,14,1,312,312,0.0045166,185,0.0045166,0.00758825,0,198,198,iter,0,1,rootk,1,dynamic
80,5,0.001,14,1,373,373,0.00505371,207,0.00505371,0.00906511,0,219,219,iter,0,1,k1,1,dynamic
80,5,0.001,15,0,12335,12335,0.148291,6074,0.148291,0.260031,7448,1,7449,type,0,7,optk,1,dynamic
80,5,0.001,15,0,12472,12472,0.149561,6126,0.149561,0.262502,7400,1,7401,type,0,7,k1,1,dynamic
80,5,0.001,15,0,12474,12474,0.147998,6062,0.147998,0.262538,7328,1,7329,type,0,7,rootk,1,dynamic
80,5,0.001,15,0,157437,157437,0.867554,35535,0.867554,0.978585,0,0,0,iter,0,1,rootk,1,dynamic
80,5,0.001,15,0,157437,157437,0.867578,35536,0.867578,0.978585,0,0,0,iter,0,1,optk,1,dynamic
80,5,0.001,15,0,157437,157437,0.867847,35547,0.867847,0.978585,0,0,0,iter,0,1,k1,1,dynamic
80,5,0.001,15,1,79111,79111,0.559277,22908,0.559277,0.855058,0,0,0,iter,0,1,rootk,1,dynamic
80,5,0.001,15,1,79516,79516,0.561133,22984,0.561133,0.856484,0,0,0,iter,0,1,k1,1,dynamic
80,5,0.001,15,1,80100,80100,0.560913,22975,0.560913,0.858516,0,0,0,iter,0,1,optk,1,dynamic
80,46,0.01,10,0,0,0,0,0,0,0,0,0,0,iter,0,1,k1,1,dynamic
80,46,0.01,10,0,0,0,0,0,0,0,0,0,0,iter,0,1,optk,1,dynamic
80,46,0.01,10,0,0,0,0,0,0,0,0,0,0,iter,0,1,rootk,1,dynamic
80,46,0.01,11,0,0,0,0,0,0,0,0,0,0,iter,0,1,k1,1,dynamic
80,46,0.01,11,0,0,0,0,0,0,0,0,0,0,iter,0,1,optk,1,dynamic
80,46,0.01,11,0,0,0,0,0,0,0,0,0,0,iter,0,1,rootk,1,dynamic
80,46,0.01,12,0,1,1,2.6537e-06,1,2.6537e-06,2.6537e-06,0,0,0,iter,0,1,k1,1,dynamic
80,46,0.01,12,0,1,1,2.6537e-06,1,2.6537e-06,2.6537e-06,0,0,0,iter,0,1,optk,1,dynamic
80,46,0.01,12,0,1,1,2.6537e-06,1,2.6537e-06,2.6537e-06,0,0,0,iter,0,1,rootk,1,dynamic
80,46,0.01,12,1,0,0,0,0,0,0,0,0,0,iter,0,1,k1,1,dynamic
80,46,0.01,12,1,0,0,0,0,0,0,0,0,0,iter,0,1,optk,1,dynamic
80,46,0.01,12,1,0,0,0,0,0,0,0,0,0,iter,0,1,rootk,1,dynamic
80,46,0.01,13,0,68,68,0.000132685,50,0.000132685,0.000180435,0,0,0,iter,0,1,k1,1,dynamic
80,46,0.01,13,0,68,68,0.000132685,50,0.000132685,0.000180435,0,0,0,iter,0,1,optk,1,dynamic
80,46,0.01,13,0,68,68,0.000132685,50,0.000132685,0.000180435,0,0,0,iter,0,1,rootk,1,dynamic
80,46,0.01,13,1,0,0,0,0,0,0,0,0,0,iter,0,1,k1,1,dynamic
80,46,0.01,13,1,0,0,0,0,0,0,0,0,0,iter,0,1,optk,1,dynamic
80,46,0.01,13,1,0,0,0,0,0,0,0,0,0,iter,0,1,rootk,1,dynamic
80,46,0.01,14,0,4726,4726,0.00793988,2992,0.00793988,0.0124631,0,0,0,iter,0,1,rootk,1,dynamic
80,46,0.01,14,0,4726,4726,0.00795049,2996,0.00795049,0.0124631,0,0,0,iter,0,1,k1,1,dynamic
80,46,0.01,14,0,4726,4726,0.00795315,2997,0.00795315,0.0124631,0,0,0,iter,0,1,optk,1,dynamic
80,46,0.01,14,1,29,29,6.89963e-05,26,6.89963e-05,7.69544e-05,0,26,26,iter,0,1,optk,1,dynamic
80,46,0.01,14,1,33,33,4.24592e-05,16,4.24592e-05,8.75683e-05,0,16,16,iter,0,1,rootk,1,dynamic
80,46,0.01,14,1,39,39,6.36889e-05,24,6.36889e-05,0.000103489,0,24,24,iter,0,1,k1,1,dynamic
80,46,0.01,15,0,157437,157437,0.197696,74498,0.197696,0.3415,0,0,0,iter,0,1,optk,1,dynamic
80,46,0.01,15,0,157437,157437,0.198064,74637,0.198064,0.3415,0,0,0,iter,0,1,rootk,1,dynamic
80,46,0.01,15,0,157437,157437,0.198091,74647,0.198091,0.3415,0,0,0,iter,0,1,k1,1,dynamic
80,46,0.01,15,1,17441,17441,0.0202743,7640,0.0202743,0.0452285,0,0,0,iter,0,1,k1,1,dynamic
80,46,0.01,15,1,18105,18105,0.0204866,7720,0.0204866,0.0469094,0,0,0,iter,0,1,optk,1,dynamic
80,46,0.01,15,1,18288,18288,0.0205052,7727,0.0205052,0.0473721,0,0,0,iter,0,1,rootk,1,dynamic
80,46,0.01,15,2,3248,3248,0.00495977,1869,0.00495977,0.00858219,2265,1,2266,iter,0,1,optk,1,dynamic
80,46,0.01,15,2,3392,3392,0.00506592,1909,0.00506592,0.00896097,2333,1,2334,iter,0,1,rootk,1,dynamic
80,46,0.01,15,2,3422,3422,0.00484035,1824,0.00484035,0.00903986,2198,1,2199,iter,0,1,k1,1,dynamic
80,461,0.1,10,0,0,0,0,0,0,0,0,0,0,iter,0,1,k1,1,dynamic
80,461,0.1,10,0,0,0,0,0,0,0,0,0,0,iter,0,1,optk,5,dynamic
80,461,0.1,10,0,0,0,0,0,0,0,0,0,0,iter,0,1,rootk,2,dynamic
80,461,0.1,11,0,0,0,0,0,0,0,0,0,0,iter,0,1,k1,1,dynamic
80,461,0.1,11,0,0,0,0,0,0,0,0,0,0,iter,0,1,optk,5,dynamic
80,461,0.1,11,0,0,0,0,0,0,0,0,0,0,iter,0,1,rootk,2,dynamic
80,461,0.1,12,0,1,1,2.64795e-07,1,2.64795e-07,2.64795e-07,0,0,0,iter,0,1,k1,1,dynamic
80,461,0.1,12,0,1,1,2.80465e-13,2,5.29589e-07,5.29589e-07,0,0,0,iter,0,1,rootk,2,dynamic
80,461,0.1,12,0,1,1,4.06814e-30,5,1.32397e-06,1.32397e-06,0,0,0,iter,0,1,optk,5,dynamic
80,461,0.1,12,1,0,0,0,0,0,0,0,0,0,iter,0,1,k1,1,dynamic
80,461,0.1,12,1,0,0,0,0,0,0,0,0,0,iter,0,1,optk,5,dynamic
80,461,0.1,12,1,0,0,0,0,0,0,0,0,0,iter,0,1,rootk,2,dynamic
80,461,0.1,13,0,68,68,1.27129e-21,250,6.61987e-05,9.00261e-05,0,0,0,iter,0,1,optk,5,dynamic
80,461,0.1,13,0,68,68,1.32397e-05,50,1.32397e-05,1.80059e-05,0,0,0,iter,0,1,k1,1,dynamic
80,461,0.1,13,0,68,68,7.01162e-10,100,2.64795e-05,3.60114e-05,0,0,0,iter,0,1,rootk,2,dynamic
80,461,0.1,13,1,0,0,0,0,0,0,0,0,0,iter,0,1,k1,1,dynamic
80,461,0.1,13,1,0,0,0,0,0,0,0,0,0,iter,0,1,optk,5,dynamic
80,461,0.1,13,1,0,0,0,0,0,0,0,0,0,iter,0,1,rootk,2,dynamic
80,461,0.1,14,0,4726,4726,0.000795443,3004,0.000795443,0.00125064,0,0,0,iter,0,1,k1,1,dynamic
80,461,0.1,14,0,4726,4726,2.53092e-06,6008,0.00159089,0.00249971,0,0,0,iter,0,1,rootk,2,dynamic
80,461,0.1,14,0,4726,4726,9.90206e-13,15005,0.00397324,0.00623756,0,0,0,iter,0,1,optk,5,dynamic
80,461,0.1,14,1,0,0,0,0,0,0,0,0,0,iter,0,1,optk,5,dynamic
80,461,0.1,14,1,0,0,0,0,0,0,0,0,0,iter,0,1,rootk,2,dynamic
80,461,0.1,14,1,3,3,5.29589e-07,2,5.29589e-07,7.94383e-07,0,2,2,iter,0,1,k1,1,dynamic
80,461,0.1,15,0,157437,157437,0.00185618,162705,0.0430834,0.0799957,0,0,0,iter,0,1,rootk,2,dynamic
80,461,0.1,15,0,157437,157437,0.0217711,82219,0.0217711,0.0408315,0,0,0,iter,0,1,k1,1,dynamic
80,461,0.1,15,0,157437,157437,1.22819e-05,393499,0.104196,0.188152,0,0,0,iter,0,1,optk,5,dynamic
80,461,0.1,15,1,2215,2215,0.000278564,1052,0.000278564,0.000586348,1,1063,1064,iter,0,1,k1,1,dynamic
80,461,0.1,15,1,275,275,1.4373e-18,1020,0.00027009,0.000364026,1,204,205,iter,0,1,optk,5,dynamic
80,461,0.1,15,1,413,413,2.10562e-08,548,0.000145107,0.000218696,1,274,275,iter,0,1,rootk,2,dynamic
80,2306,0.5,10,0,0,0,0,0,0,0,0,0,0,iter,0,1,k1,1,dynamic
80,2306,0.5,10,0,0,0,0,0,0,0,0,0,0,iter,0,1,optk,24,dynamic
80,2306,0.5,10,0,0,0,0,0,0,0,0,0,0,iter,0,1,rootk,5,dynamic
80,2306,0.5,11,0,0,0,0,0,0,0,0,0,0,iter,0,1,k1,1,dynamic
80,2306,0.5,11,0,0,0,0,0,0,0,0,0,0,iter,0,1,optk,24,dynamic
80,2306,0.5,11,0,0,0,0,0,0,0,0,0,0,iter,0,1,rootk,5,dynamic
80,2306,0.5,12,0,1,1,1.29898e-33,5,2.6468e-07,2.6468e-07,0,0,0,iter,0,1,rootk,5,dynamic
80,2306,0.5,12,0,1,1,3.12671e-142,24,1.27046e-06,1.27046e-06,0,0,0,iter,0,1,optk,24,dynamic
80,2306,0.5,12,0,1,1,5.2936e-08,1,5.2936e-08,5.2936e-08,0,0,0,iter,0,1,k1,1,dynamic
80,2306,0.5,12,1,0,0,0,0,0,0,0,0,0,iter,0,1,k1,1,dynamic
80,2306,0.5,12,1,0,0,0,0,0,0,0,0,0,iter,0,1,optk,24,dynamic
80,2306,0.5,12,1,0,0,0,0,0,0,0,0,0,iter,0,1,rootk,5,dynamic
80,2306,0.5,13,0,68,68,1.86367e-101,1200,6.35231e-05,8.63877e-05,0,0,0,iter,0,1,optk,24,dynamic
80,2306,0.5,13,0,68,68,2.6468e-06,50,2.6468e-06,3.59964e-06,0,0,0,iter,0,1,k1,1,dynamic
80,2306,0.5,13,0,68,68,4.05932e-25,250,1.3234e-05,1.79981e-05,0,0,0,iter,0,1,rootk,5,dynamic
80,2306,0.5,13,1,0,0,0,0,0,0,0,0,0,iter,0,1,k1,1,dynamic
80,2306,0.5,13,1,0,0,0,0,0,0,0,0,0,iter,0,1,optk,24,dynamic
80,2306,0.5,13,1,0,0,0,0,0,0,0,0,0,iter,0,1,rootk,5,dynamic
80,2306,0.5,14,0,4726,4726,0.000159125,3006,0.000159125,0.000250144,0,0,0,iter,0,1,k1,1,dynamic
80,2306,0.5,14,0,4726,4726,3.1861e-16,15028,0.000795522,0.00125009,0,0,0,iter,0,1,rootk,5,dynamic
80,2306,0.5,14,0,4726,4726,8.8691e-59,72013,0.00381208,0.00598622,0,0,0,iter,0,1,optk,24,dynamic
80,2306,0.5,14,1,0,0,0,0,0,0,0,0,0,iter,0,1,k1,1,dynamic
80,2306,0.5,14,1,0,0,0,0,0,0,0,0,0,iter,0,1,optk,24,dynamic
80,2306,0.5,14,1,0,0,0,0,0,0,0,0,0,iter,0,1,rootk,5,dynamic
80,2306,0.5,15,0,157437,157437,0.00439151,82959,0.00439151,0.00829945,0,0,0,iter,0,1,k1,1,dynamic
80,2306,0.5,15,0,157437,157437,1.0525e-24,1893107,0.100213,0.181284,0,0,0,iter,0,1,optk,24,dynamic
80,2306,0.5,15,0,157437,157437,4.87345e-09,410976,0.0217554,0.0408141,0,0,0,iter,0,1,rootk,5,dynamic
80,2306,0.5,15,1,275,275,4.58939e-22,1020,5.39947e-05,7.27843e-05,1,204,205,iter,0,1,rootk,5,dynamic
80,2306,0.5,15,1,275,275,8.35513e-87,4894,0.000259069,0.000349316,1,204,205,iter,0,1,optk,24,dynamic
80,2306,0.5,15,1,610,610,1.95334e-05,369,1.95334e-05,3.22904e-05,1,370,371,iter,0,1,k1,1,dynamic
81,1,0.001,11,0,0,0,0,0,0,0,0,0,0,iter,0,1,k1,1,dynamic
81,1,0.001,11,0,0,0,0,0,0,0,0,0,0,iter,0,1,optk,1,dynamic
81,1,0.001,11,0,0,0,0,0,0,0,0,0,0,iter,0,1,rootk,1,dynamic
81,1,0.001,12,0,0,0,0,0,0,0,0,0,0,iter,0,1,k1,1,dynamic
81,1,0.001,12,0,0,0,0,0,0,0,0,0,0,iter,0,1,optk,1,dynamic
81,1,0.001,12,0,0,0,0,0,0,0,0,0,0,iter,0,1,rootk,1,dynamic
81,1,0.001,13,0,9,9,0.000732422,6,0.000732422,0.00109803,0,0,0,iter,0,1,k1,1,dynamic
81,1,0.001,13,0,9,9,0.000732422,6,0.000732422,0.00109803,0,0,0,iter,0,1,optk,1,dynamic
81,1,0.001,13,0,9,9,0.000732422,6,0.000732422,0.00109803,0,0,0,iter,0,1,rootk,1,dynamic
81,1,0.001,13,1,0,0,0,0,0,0,0,0,0,iter,0,1,k1,1,dynamic
81,1,0.001,13,1,0,0,0,0,0,0,0,0,0,iter,0,1,optk,1,dynamic
81,1,0.001,13,1,0,0,0,0,0,0,0,0,0,iter,0,1,rootk,1,dynamic
81,1,0.001,14,0,2500,2500,0.213501,1749,0.213501,0.263006,0,0,0,iter,0,1,k1,1,dynamic
81,1,0.001,14,0,2500,2500,0.213867,1752,0.213867,0.263006,0,0,0,iter,0,1,rootk,1,dynamic
81,1,0.001,14,0,2500,2500,0.217896,1785,0.217896,0.263006,0,0,0,iter,0,1,optk,1,dynamic
81,1,0.001,14,1,0,0,0,0,0,0,0,0,0,iter,0,1,k1,1,dynamic
81,1,0.001,14,1,0,0,0,0,0,0,0,0,0,iter,0,1,optk,1,dynamic
81,1,0.001,14,1,0,0,0,0,0,0,0,0,0,iter,0,1,rootk,1,dynamic
81,1,0.001,15,0,287,287,0.0290527,238,0.0290527,0.0344276,628,1,629,type,0,2,optk,1,dynamic
81,1,0.001,15,0,312,312,0.0322266,264,0.0322266,0.0373698,650,1,651,type,0,2,k1,1,dynamic
81,1,0.001,15,0,32205,32205,0.960327,7867,0.960327,0.980381,0,0,0,iter,0,1,k1,1,dynamic
81,1,0.001,15,0,32205,32205,0.961548,7877,0.961548,0.980381,0,0,0,iter,0,1,rootk,1,dynamic
81,1,0.001,15,0,32205,32205,0.962524,7885,0.962524,0.980381,0,0,0,iter,0,1,optk,1,dynamic
81,1,0.001,15,0,328,328,0.0332031,272,0.0332031,0.0392481,693,1,694,type,0,2,rootk,1,dynamic
81,1,0.001,15,1,449,449,0.0184326,151,0.0184326,0.0533346,0,0,0,iter,0,1,k1,1,dynamic
81,1,0.001,15,1,449,449,0.019043,156,0.019043,0.0533346,0,0,0,iter,0,1,rootk,1,dynamic
81,1,0.001,15,1,462,462,0.0194092,159,0.0194092,0.0548357,0,0,0,iter,0,1,optk,1,dynamic
81,6,0.01,11,0,0,0,0,0,0,0,0,0,0,iter,0,1,k1,1,dynamic
81,6,0.01,11,0,0,0,0,0,0,0,0,0,0,iter,0,1,optk,1,dynamic
81,6,0.01,11,0,0,0,0,0,0,0,0,0,0,iter,0,1,rootk,1,dynamic
81,6,0.01,12,0,0,0,0,0,0,0,0,0,0,iter,0,1,k1,1,dynamic
81,6,0.01,12,0,0,0,0,0,0,0,0,0,0,iter,0,1,optk,1,dynamic
81,6,0.01,12,0,0,0,0,0,0,0,0,0,0,iter,0,1,rootk,1,dynamic
81,6,0.01,13,0,9,9,0.00012207,6,0.00012207,0.000183089,0,0,0,iter,0,1,k1,1,dynamic
81,6,0.01,13,0,9,9,0.00012207,6,0.00012207,0.000183089,0,0,0,iter,0,1,optk,1,dynamic
81,6,0.01,13,0,9,9,0.00012207,6,0.00012207,0.000183089,0,0,0,iter,0,1,rootk,1,dynamic
81,6,0.01,13,1,0,0,0,0,0,0,0,0,0,iter,0,1,k1,1,dynamic
81,6,0.01,13,1,0,0,0,0,0,0,0,0,0,iter,0,1,optk,1,dynamic
81,6,0.01,13,1,0,0,0,0,0,0,0,0,0,iter,0,1,rootk,1,dynamic
81,6,0.01,14,0,2500,2500,0.0395101,1942,0.0395101,0.0495908,0,0,0,iter,0,1,k1,1,dynamic
81,6,0.01,14,0,2500,2500,0.0396322,1948,0.0396322,0.0495908,0,0,0,iter,0,1,rootk,1,dynamic
81,6,0.01,14,0,2500,2500,0.0396932,1951,0.0396932,0.0495908,0,0,0,iter,0,1,optk,1,dynamic
81,6,0.01,14,1,0,0,0,0,0,0,0,0,0,iter,0,1,k1,1,dynamic
81,6,0.01,14,1,0,0,0,0,0,0,0,0,0,iter,0,1,optk,1,dynamic
81,6,0.01,14,1,0,0,0,0,0,0,0,0,0,iter,0,1,rootk,1,dynamic
81,6,0.01,15,0,32205,32205,0.420268,20657,0.420268,0.480668,0,0,0,iter,0,1,rootk,1,dynamic
81,6,0.01,15,0,32205,32205,0.421326,20709,0.421326,0.480668,0,0,0,iter,0,1,k1,1,dynamic
81,6,0.01,15,0,32205,32205,0.422343,20759,0.422343,0.480668,0,0,0,iter,0,1,optk,1,dynamic
81,6,0.01,15,1,141,141,0.00124105,61,0.00124105,0.00286454,1,61,62,iter,0,1,k1,1,dynamic
81,6,0.01,15,1,194,194,0.00134277,66,0.00134277,0.00393916,1,66,67,iter,0,1,rootk,1,dynamic
81,6,0.01,15,1,228,228,0.00140381,69,0.00140381,0.00462793,1,69,70,iter,0,1,optk,1,dynamic
81,64,0.1,11,0,0,0,0,0,0,0,0,0,0,iter,0,1,k1,1,dynamic
81,64,0.1,11,0,0,0,0,0,0,0,0,0,0,iter,0,1,optk,2,dynamic
81,64,0.1,11,0,0,0,0,0,0,0,0,0,0,iter,0,1,rootk,1,dynamic
81,64,0.1,12,0,0,0,0,0,0,0,0,0,0,iter,0,1,k1,1,dynamic
81,64,0.1,12,0,0,0,0,0,0,0,0,0,0,iter,0,1,optk,2,dynamic
81,64,0.1,12,0,0,0,0,0,0,0,0,0,0,iter,0,1,rootk,1,dynamic
81,64,0.1,13,0,9,9,1.14441e-05,6,1.14441e-05,1.7166e-05,0,0,0,iter,0,1,k1,1,dynamic
81,64,0.1,13,0,9,9,1.14441e-05,6,1.14441e-05,1.7166e-05,0,0,0,iter,0,1,rootk,1,dynamic
81,64,0.1,13,0,9,9,5.23869e-10,12,2.28882e-05,3.43317e-05,0,0,0,iter,0,1,optk,2,dynamic
81,64,0.1,13,1,0,0,0,0,0,0,0,0,0,iter,0,1,k1,1,dynamic
81,64,0.1,13,1,0,0,0,0,0,0,0,0,0,iter,0,1,optk,2,dynamic
81,64,0.1,13,1,0,0,0,0,0,0,0,0,0,iter,0,1,rootk,1,dynamic
81,64,0.1,14,0,2500,2500,0.00378609,1985,0.00378609,0.00475702,0,0,0,iter,0,1,rootk,1,dynamic
81,64,0.1,14,0,2500,2500,0.0037899,1987,0.0037899,0.00475702,0,0,0,iter,0,1,k1,1,dynamic
81,64,0.1,14,0,2500,2500,5.72512e-05,3967,0.00756645,0.00949141,0,0,0,iter,0,1,optk,2,dynamic
81,64,0.1,14,1,0,0,0,0,0,0,0,0,0,iter,0,1,k1,1,dynamic
81,64,0.1,14,1,0,0,0,0,0,0,0,0,0,iter,0,1,optk,2,dynamic
81,64,0.1,14,1,0,0,0,0,0,0,0,0,0,iter,0,1,rootk,1,dynamic
81,64,0.1,15,0,32205,32205,0.0093776,50771,0.096838,0.115606,0,0,0,iter,0,1,optk,2,dynamic
81,64,0.1,15,0,32205,32205,0.049696,26055,0.049696,0.0595776,0,0,0,iter,0,1,rootk,1,dynamic
81,64,0.1,15,0,32205,32205,0.049715,26065,0.049715,0.0595776,0,0,0,iter,0,1,k1,1,dynamic
81,64,0.1,15,1,10,10,3.63798e-10,10,1.90735e-05,3.81462e-05,1,5,6,iter,0,1,optk,2,dynamic
81,64,0.1,15,1,28,28,1.33514e-05,7,1.33514e-05,5.34043e-05,1,7,8,iter,0,1,k1,1,dynamic
81,64,0.1,15,1,38,38,2.67029e-05,14,2.67029e-05,7.24766e-05,1,14,15,iter,0,1,rootk,1,dynamic
81,319,0.5,11,0,0,0,0,0,0,0,0,0,0,iter,0,1,k1,1,dynamic
81,319,0.5,11,0,0,0,0,0,0,0,0,0,0,iter,0,1,optk,11,dynamic
81,319,0.5,11,0,0,0,0,0,0,0,0,0,0,iter,0,1,rootk,3,dynamic
81,319,0.5,12,0,0,0,0,0,0,0,0,0,0,iter,0,1,k1,1,dynamic
81,319,0.5,12,0,0,0,0,0,0,0,0,0,0,iter,0,1,optk,11,dynamic
81,319,0.5,12,0,0,0,0,0,0,0,0,0,0,iter,0,1,rootk,3,dynamic
81,319,0.5,13,0,9,9,2.29599e-06,6,2.29599e-06,3.44398e-06,0,0,0,iter,0,1,k1,1,dynamic
81,319,0.5,13,0,9,9,2.66684e-51,66,2.52559e-05,3.78832e-05,0,0,0,iter,0,1,optk,11,dynamic
81,319,0.5,13,0,9,9,3.26795e-16,18,6.88798e-06,1.03319e-05,0,0,0,iter,0,1,rootk,3,dynamic
81,319,0.5,13,1,0,0,0,0,0,0,0,0,0,iter,0,1,k1,1,dynamic
81,319,0.5,13,1,0,0,0,0,0,0,0,0,0,iter,0,1,optk,11,dynamic
81,319,0.5,13,1,0,0,0,0,0,0,0,0,0,iter,0,1,rootk,3,dynamic
81,319,0.5,14,0,2500,2500,0.000761122,1989,0.000761122,0.000956206,0,0,0,iter,0,1,k1,1,dynamic
81,319,0.5,14,0,2500,2500,1.1887e-08,5964,0.00228222,0.00286588,0,0,0,iter,0,1,rootk,3,dynamic
81,319,0.5,14,0,2500,2500,1.37466e-23,21819,0.00834938,0.0104681,0,0,0,iter,0,1,optk,11,dynamic
81,319,0.5,14,1,0,0,0,0,0,0,0,0,0,iter,0,1,k1,1,dynamic
81,319,0.5,14,1,0,0,0,0,0,0,0,0,0,iter,0,1,optk,11,dynamic
81,319,0.5,14,1,0,0,0,0,0,0,0,0,0,iter,0,1,rootk,3,dynamic
81,319,0.5,15,0,32205,32205,0.0101732,26585,0.0101732,0.0122481,0,0,0,iter,0,1,k1,1,dynamic
81,319,0.5,15,0,32205,32205,1.98616e-11,278146,0.106437,0.126774,0,0,0,iter,0,1,optk,11,dynamic
81,319,0.5,15,0,32205,32205,2.76064e-05,78980,0.0302229,0.0362961,0,0,0,iter,0,1,rootk,3,dynamic
81,319,0.5,15,1,9,9,1.53066e-06,4,1.53066e-06,3.44398e-06,1,4,5,iter,0,1,k1,1,dynamic
81,319,0.5,15,1,9,9,3.08314e-53,44,1.68373e-05,3.78832e-05,1,4,5,iter,0,1,optk,11,dynamic
81,319,0.5,15,1,9,9,9.68282e-17,12,4.59199e-06,1.03319e-05,1,4,5,iter,0,1,rootk,3,dynamic
82,33,0.001,10,0,0,0,0,0,0,0,0,0,0,iter,0,1,k1,1,dynamic
82,33,0.001,10,0,0,0,0,0,0,0,0,0,0,iter,0,1,optk,1,dynamic
82,33,0.001,10,0,0,0,0,0,0,0,0,0,0,iter,0,1,rootk,1,dynamic
82,33,0.001,11,0,0,0,0,0,0,0,0,0,0,iter,0,1,k1,1,dynamic
82,33,0.001,11,0,0,0,0,0,0,0,0,0,0,iter,0,1,optk,1,dynamic
82,33,0.001,11,0,0,0,0,0,0,0,0,0,0,iter,0,1,rootk,1,dynamic
82,33,0.001,12,0,0,0,0,0,0,0,0,0,0,iter,0,1,k1,1,dynamic
82,33,0.001,12,0,0,0,0,0,0,0,0,0,0,iter,0,1,optk,1,dynamic
82,33,0.001,12,0,0,0,0,0,0,0,0,0,0,iter,0,1,rootk,1,dynamic
82,33,0.001,13,0,6,6,7.3982e-06,2,7.3982e-06,2.21944e-05,0,0,0,iter,0,1,k1,1,dynamic
82,33,0.001,13,0,6,6,7.3982e-06,2,7.3982e-06,2.21944e-05,0,0,0,iter,0,1,optk,1,dynamic
82,33,0.001,13,0,6,6,7.3982e-06,2,7.3982e-06,2.21944e-05,0,0,0,iter,0,1,rootk,1,dynamic
82,33,0.001,13,1,0,0,0,0,0,0,0,0,0,iter,0,1,k1,1,dynamic
82,33,0.001,13,1,0,0,0,0,0,0,0,0,0,iter,0,1,optk,1,dynamic
82,33,0.001,13,1,0,0,0,0,0,0,0,0,0,iter,0,1,rootk,1,dynamic
82,33,0.001,14,0,1201,1201,0.00265965,719,0.00265965,0.00443277,0,0,0,iter,0,1,k1,1,dynamic
82,33,0.001,14,0,1201,1201,0.00265965,719,0.00265965,0.00443277,0,0,0,iter,0,1,optk,1,dynamic
82,33,0.001,14,0,1201,1201,0.00265965,719,0.00265965,0.00443277,0,0,0,iter,0,1,rootk,1,dynamic
82,33,0.001,14,1,0,0,0,0,0,0,0,0,0,iter,0,1,k1,1,dynamic
82,33,0.001,14,1,1,1,3.6991e-06,1,3.6991e-06,3.69909e-06,0,1,1,iter,0,1,optk,1,dynamic
82,33,0.001,14,1,1,1,3.6991e-06,1,3.6991e-06,3.69909e-06,0,1,1,iter,0,1,rootk,1,dynamic
82,33,0.001,15,0,79190,79190,0.133375,36056,0.133375,0.253927,0,0,0,iter,0,1,optk,1,dynamic
82,33,0.001,15,0,79190,79190,0.133552,36104,0.133552,0.253927,0,0,0,iter,0,1,k1,1,dynamic
82,33,0.001,15,0,79190,79190,0.133593,36115,0.133593,0.253927,0,0,0,iter,0,1,rootk,1,dynamic
82,33,0.001,15,1,3961,3961,0.00591116,1598,0.00591116,0.0145453,0,1669,1669,iter,0,1,k1,1,dynamic
82,33,0.001,15,1,4078,4078,0.00570401,1542,0.00570401,0.0149717,0,1597,1597,iter,0,1,rootk,1,dynamic
82,33,0.001,15,1,4486,4486,0.00578169,1563,0.00578169,0.0164572,0,0,0,iter,0,1,optk,1,dynamic
82,33,0.001,15,2,319,319,0.000721325,195,0.000721325,0.00117932,220,0,220,iter,0,1,optk,1,dynamic
82,33,0.001,16,0,1793773,1793773,0.951139,257127,0.951139,0.998687,0,0,0,iter,0,1,k1,1,dynamic
82,33,0.001,16,0,1793773,1793773,0.95132,257176,0.95132,0.998687,0,0,0,iter,0,1,rootk,1,dynamic
82,33,0.001,16,0,1793773,1793773,0.951653,257266,0.951653,0.998687,0,0,0,iter,0,1,optk,1,dynamic
82,33,0.001,16,0,88698,88698,0.139256,37646,0.139256,0.279711,48870,0,48870,type,0,8,rootk,1,dynamic
82,33,0.001,16,0,89090,89090,0.139393,37683,0.139393,0.280755,49004,0,49004,type,0,8,k1,1,dynamic
82,33,0.001,16,0,89190,89190,0.139745,37778,0.139745,0.281021,49298,0,49298,type,0,8,optk,1,dynamic
82,33,0.001,16,1,584751,584751,0.397398,107431,0.397398,0.885026,0,0,0,iter,0,1,k1,1,dynamic
82,33,0.001,16,1,585624,585624,0.398486,107725,0.398486,0.885397,0,0,0,iter,0,1,optk,1,dynamic
82,33,0.001,16,1,586489,586489,0.398682,107778,0.398682,0.885763,0,0,0,iter,0,1,rootk,1,dynamic
82,33,0.001,16,1,89081,89081,0.139312,37661,0.139312,0.280731,48942,0,48942,type,1,8,rootk,1,dynamic
82,33,0.001,16,1,89185,89185,0.138206,37362,0.138206,0.281007,48714,0,48714,type,1,8,k1,1,dynamic
82,33,0.001,16,1,89299,89299,0.138857,37538,0.138857,0.281311,48897,0,48897,type,1,8,optk,1,dynamic
82,33,0.001,16,2,90616,90616,0.140041,37858,0.140041,0.284803,49473,0,49473,type,2,8,k1,1,dynamic
82,33,0.001,16,2,90920,90920,0.139922,37826,0.139922,0.285607,49492,0,49492,type,2,8,rootk,1,dynamic
82,33,0.001,16,2,91024,91024,0.139471,37704,0.139471,0.285882,49160,0,49160,type,2,8,optk,1,dynamic
82,33,0.001,16,3,89412,89412,0.140629,38017,0.140629,0.281611,49491,0,49491,type,3,8,k1,1,dynamic
82,33,0.001,16,3,89532,89532,0.140743,38048,0.140743,0.28193,49641,0,49641,type,3,8,optk,1,dynamic
82,33,0.001,16,3,89932,89932,0.140066,37865,0.140066,0.282991,49523,0,49523,type,3,8,rootk,1,dynamic
82,33,0.001,16,4,88994,88994,0.139867,37811,0.139867,0.280499,49172,1,49173,type,4,8,k1,1,dynamic
82,33,0.001,16,4,89086,89086,0.13909,37601,0.13909,0.280744,49005,1,49006,type,4,8,rootk,1,dynamic
82,33,0.001,16,4,89259,89259,0.139341,37669,0.139341,0.281204,49068,1,49069,type,4,8,optk,1,dynamic
82,333,0.01,10,0,0,0,0,0,0,0,0,0,0,iter,0,1,k1,1,dynamic
82,333,0.01,10,0,0,0,0,0,0,0,0,0,0,iter,0,1,optk,1,dynamic
82,333,0.01,10,0,0,0,0,0,0,0,0,0,0,iter,0,1,rootk,1,dynamic
82,333,0.01,11,0,0,0,0,0,0,0,0,0,0,iter,0,1,k1,1,dynamic
82,333,0.01,11,0,0,0,0,0,0,0,0,0,0,iter,0,1,optk,1,dynamic
82,333,0.01,11,0,0,0,0,0,0,0,0,0,0,iter,0,1,rootk,1,dynamic
82,333,0.01,12,0,0,0,0,0,0,0,0,0,0,iter,0,1,k1,1,dynamic
82,333,0.01,12,0,0,0,0,0,0,0,0,0,0,iter,0,1,optk,1,dynamic
82,333,0.01,12,0,0,0,0,0,0,0,0,0,0,iter,0,1,rootk,1,dynamic
82,333,0.01,13,0,6,6,7.33155e-07,2,7.33155e-07,2.19946e-06,0,0,0,iter,0,1,k1,1,dynamic
82,333,0.01,13,0,6,6,7.33155e-07,2,7.33155e-07,2.19946e-06,0,0,0,iter,0,1,optk,1,dynamic
82,333,0.01,13,0,6,6,7.33155e-07,2,7.33155e-07,2.19946e-06,0,0,0,iter,0,1,rootk,1,dynamic
82,333,0.01,13,1,0,0,0,0,0,0,0,0,0,iter,0,1,k1,1,dynamic
82,333,0.01,13,1,0,0,0,0,0,0,0,0,0,iter,0,1,optk,1,dynamic
82,333,0.01,13,1,0,0,0,0,0,0,0,0,0,iter,0,1,rootk,1,dynamic
82,333,0.01,14,0,1201,1201,0.000263569,719,0.000263569,0.000440163,0,0,0,iter,0,1,k1,1,dynamic
82,333,0.01,14,0,1201,1201,0.000263936,720,0.000263936,0.000440163,0,0,0,iter,0,1,optk,1,dynamic
82,333,0.01,14,0,1201,1201,0.000263936,720,0.000263936,0.000440163,0,0,0,iter,0,1,rootk,1,dynamic
82,333,0.01,14,1,0,0,0,0,0,0,0,0,0,iter,0,1,k1,1,dynamic
82,333,0.01,14,1,0,0,0,0,0,0,0,0,0,iter,0,1,optk,1,dynamic
82,333,0.01,14,1,0,0,0,0,0,0,0,0,0,iter,0,1,rootk,1,dynamic
82,333,0.01,15,0,79190,79190,0.0140883,38432,0.0140883,0.028612,0,0,0,iter,0,1,rootk,1,dynamic
82,333,0.01,15,0,79190,79190,0.0140916,38441,0.0140916,0.028612,0,0,0,iter,0,1,k1,1,dynamic
82,333,0.01,15,0,79190,79190,0.0141052,38478,0.0141052,0.028612,0,0,0,iter,0,1,optk,1,dynamic
82,333,0.01,15,1,375,375,5.27872e-05,144,5.27872e-05,0.000137457,0,144,144,iter,0,1,rootk,1,dynamic
82,333,0.01,15,1,486,486,6.08519e-05,166,6.08519e-05,0.000178141,0,168,168,iter,0,1,k1,1,dynamic
82,333,0.01,15,1,490,490,7.00163e-05,191,7.00163e-05,0.000179607,0,191,191,iter,0,1,optk,1,dynamic
82,333,0.01,16,0,1793773,1793773,0.258495,705159,0.258495,0.481884,0,0,0,iter,0,1,k1,1,dynamic
82,333,0.01,16,0,1793773,1793773,0.258541,705283,0.258541,0.481884,0,0,0,iter,0,1,optk,1,dynamic
82,333,0.01,16,0,1793773,1793773,0.258832,706078,0.258832,0.481884,0,0,0,iter,0,1,rootk,1,dynamic
82,333,0.01,16,1,156518,156518,0.0135637,37001,0.0135637,0.055761,0,0,0,iter,0,1,rootk,1,dynamic
82,333,0.01,16,1,159791,159791,0.0135436,36946,0.0135436,0.0568932,0,0,0,iter,0,1,k1,1,dynamic
82,333,0.01,16,1,160854,160854,0.0136037,37110,0.0136037,0.0572607,0,0,0,iter,0,1,optk,1,dynamic
82,333,0.01,16,2,23485,23485,0.00402246,10973,0.00402246,0.00857212,14218,1,14219,iter,0,1,optk,1,dynamic
82,333,0.01,16,2,24118,24118,0.00397113,10833,0.00397113,0.00880215,14148,1,14149,iter,0,1,k1,1,dynamic
82,333,0.01,16,2,24249,24249,0.00405875,11072,0.00405875,0.00884975,14357,1,14358,iter,0,1,rootk,1,dynamic
82,3334,0.1,10,0,0,0,0,0,0,0,0,0,0,iter,0,1,k1,1,dynamic
82,3334,0.1,10,0,0,0,0,0,0,0,0,0,0,iter,0,1,optk,5,dynamic
82,3334,0.1,10,0,0,0,0,0,0,0,0,0,0,iter,0,1,rootk,2,dynamic
82,3334,0.1,11,0,0,0,0,0,0,0,0,0,0,iter,0,1,k1,1,dynamic
82,3334,0.1,11,0,0,0,0,0,0,0,0,0,0,iter,0,1,optk,5,dynamic
82,3334,0.1,11,0,0,0,0,0,0,0,0,0,0,iter,0,1,rootk,2,dynamic
82,3334,0.1,12,0,0,0,0,0,0,0,0,0,0,iter,0,1,k1,1,dynamic
82,3334,0.1,12,0,0,0,0,0,0,0,0,0,0,iter,0,1,optk,5,dynamic
82,3334,0.1,12,0,0,0,0,0,0,0,0,0,0,iter,0,1,rootk,2,dynamic
82,3334,0.1,13,0,6,6,2.14491e-14,4,1.46455e-07,4.39365e-07,0,0,0,iter,0,1,rootk,2,dynamic
82,3334,0.1,13,0,6,6,6.57995e-33,10,3.66138e-07,1.09841e-06,0,0,0,iter,0,1,optk,5,dynamic
82,3334,0.1,13,0,6,6,7.32275e-08,2,7.32275e-08,2.19683e-07,0,0,0,iter,0,1,k1,1,dynamic
82,3334,0.1,13,1,0,0,0,0,0,0,0,0,0,iter,0,1,k1,1,dynamic
82,3334,0.1,13,1,0,0,0,0,0,0,0,0,0,iter,0,1,optk,5,dynamic
82,3334,0.1,13,1,0,0,0,0,0,0,0,0,0,iter,0,1,rootk,2,dynamic
82,3334,0.1,14,0,1201,1201,2.63619e-05,720,2.63619e-05,4.39722e-05,0,0,0,iter,0,1,k1,1,dynamic
82,3334,0.1,14,0,1201,1201,2.7798e-09,1440,5.27238e-05,8.79424e-05,0,0,0,iter,0,1,rootk,2,dynamic
82,3334,0.1,14,0,1201,1201,3.97864e-20,3600,0.00013181,0.000219842,0,0,0,iter,0,1,optk,5,dynamic
82,3334,0.1,14,1,0,0,0,0,0,0,0,0,0,iter,0,1,k1,1,dynamic
82,3334,0.1,14,1,0,0,0,0,0,0,0,0,0,iter,0,1,optk,5,dynamic
82,3334,0.1,14,1,0,0,0,0,0,0,0,0,0,iter,0,1,rootk,2,dynamic
82,3334,0.1,15,0,79190,79190,0.00141655,38689,0.00141655,0.00289525,0,0,0,iter,0,1,k1,1,dynamic
82,3334,0.1,15,0,79190,79190,1.75663e-11,192882,0.00706214,0.0143926,0,0,0,iter,0,1,optk,5,dynamic
82,3334,0.1,15,0,79190,79190,8.01588e-06,77327,0.00283123,0.00578211,0,0,0,iter,0,1,rootk,2,dynamic
82,3334,0.1,15,1,0,0,0,0,0,0,0,0,0,iter,0,1,optk,5,dynamic
82,3334,0.1,15,1,0,0,0,0,0,0,0,0,0,iter,0,1,rootk,2,dynamic
82,3334,0.1,15,1,64,64,9.51958e-07,26,9.51958e-07,2.34328e-06,0,26,26,iter,0,1,k1,1,dynamic
82,3334,0.1,16,0,1793773,1793773,0.00336862,1585190,0.0580398,0.123092,0,0,0,iter,0,1,rootk,2,dynamic
82,3334,0.1,16,0,1793773,1793773,0.0294511,804371,0.0294511,0.0635665,0,0,0,iter,0,1,k1,1,dynamic
82,3334,0.1,16,0,1793773,1793773,5.15192e-05,3790962,0.138801,0.279914,0,0,0,iter,0,1,optk,5,dynamic
82,3334,0.1,16,1,16783,16783,0.000153448,4191,0.000153448,0.0006143,1,4211,4212,iter,0,1,k1,1,dynamic
82,3334,0.1,16,1,2045,2045,1.48361e-09,1052,3.85177e-05,0.000149739,1,526,527,iter,0,1,rootk,2,dynamic
82,3334,0.1,16,1,49,49,6.73786e-30,40,1.46455e-06,8.97033e-06,1,8,9,iter,0,1,optk,5,dynamic
82,16672,0.5,10,0,0,0,0,0,0,0,0,0,0,iter,0,1,k1,1,dynamic
82,16672,0.5,10,0,0,0,0,0,0,0,0,0,0,iter,0,1,optk,23,dynamic
82,16672,0.5,10,0,0,0,0,0,0,0,0,0,0,iter,0,1,rootk,5,dynamic
82,16672,0.5,11,0,0,0,0,0,0,0,0,0,0,iter,0,1,k1,1,dynamic
82,16672,0.5,11,0,0,0,0,0,0,0,0,0,0,iter,0,1,optk,23,dynamic
82,16672,0.5,11,0,0,0,0,0,0,0,0,0,0,iter,0,1,rootk,5,dynamic
82,16672,0.5,12,0,0,0,0,0,0,0,0,0,0,iter,0,1,k1,1,dynamic
82,16672,0.5,12,0,0,0,0,0,0,0,0,0,0,iter,0,1,optk,23,dynamic
82,16672,0.5,12,0,0,0,0,0,0,0,0,0,0,iter,0,1,rootk,5,dynamic
82,16672,0.5,13,0,6,6,1.34817e-149,46,3.36806e-07,1.01042e-06,0,0,0,iter,0,1,optk,23,dynamic
82,16672,0.5,13,0,6,6,1.46438e-08,2,1.46438e-08,4.39313e-08,0,0,0,iter,0,1,k1,1,dynamic
82,16672,0.5,13,0,6,6,2.10432e-36,10,7.32188e-08,2.19656e-07,0,0,0,iter,0,1,rootk,5,dynamic
82,16672,0.5,13,1,0,0,0,0,0,0,0,0,0,iter,0,1,k1,1,dynamic
82,16672,0.5,13,1,0,0,0,0,0,0,0,0,0,iter,0,1,optk,23,dynamic
82,16672,0.5,13,1,0,0,0,0,0,0,0,0,0,iter,0,1,rootk,5,dynamic
82,16672,0.5,14,0,1201,1201,1.2724e-23,3600,2.63588e-05,4.39669e-05,0,0,0,iter,0,1,rootk,5,dynamic
82,16672,0.5,14,0,1201,1201,5.27175e-06,720,5.27175e-06,8.79353e-06,0,0,0,iter,0,1,k1,1,dynamic
82,16672,0.5,14,0,1201,1201,8.40818e-91,16560,0.00012125,0.000202232,0,0,0,iter,0,1,optk,23,dynamic
82,16672,0.5,14,1,0,0,0,0,0,0,0,0,0,iter,0,1,k1,1,dynamic
82,16672,0.5,14,1,0,0,0,0,0,0,0,0,0,iter,0,1,optk,23,dynamic
82,16672,0.5,14,1,0,0,0,0,0,0,0,0,0,iter,0,1,rootk,5,dynamic
82,16672,0.5,15,0,79190,79190,0.000283386,38704,0.000283386,0.000579651,0,0,0,iter,0,1,k1,1,dynamic
82,16672,0.5,15,0,79190,79190,4.91227e-51,887242,0.00649628,0.0132473,0,0,0,iter,0,1,optk,23,dynamic
82,16672,0.5,15,0,79190,79190,5.69178e-15,193387,0.00141596,0.0028949,0,0,0,iter,0,1,rootk,5,dynamic
82,16672,0.5,15,1,0,0,0,0,0,0,0,0,0,iter,0,1,optk,23,dynamic
82,16672,0.5,15,1,0,0,0,0,0,0,0,0,0,iter,0,1,rootk,5,dynamic
82,16672,0.5,15,1,6,6,1.46438e-08,2,1.46438e-08,4.39313e-08,0,2,2,iter,0,1,k1,1,dynamic
82,16672,0.5,16,0,1793773,1793773,0.00595977,813967,0.00595977,0.0130479,0,0,0,iter,0,1,k1,1,dynamic
82,16672,0.5,16,0,1793773,1793773,2.21357e-08,4021576,0.0294455,0.0635591,0,0,0,iter,0,1,rootk,5,dynamic
82,16672,0.5,16,0,1793773,1793773,3.16771e-21,17543074,0.128448,0.260719,0,0,0,iter,0,1,optk,23,dynamic
82,16672,0.5,16,1,10,10,2.055e-34,25,1.83047e-07,3.66094e-07,1,5,6,iter,0,1,rootk,5,dynamic
82,16672,0.5,16,1,3344,3344,6.57504e-06,898,6.57504e-06,2.44841e-05,1,898,899,iter,0,1,k1,1,dynamic
82,16672,0.5,16,1,4,4,1.13093e-142,92,6.73613e-07,6.73612e-07,1,4,5,iter,0,1,optk,23,dynamic
83,1,0.001,10,0,0,0,0,0,0,0,0,0,0,iter,0,1,k1,1,dynamic
83,1,0.001,10,0,0,0,0,0,0,0,0,0,0,iter,0,1,optk,1,dynamic
83,1,0.001,10,0,0,0,0,0,0,0,0,0,0,iter,0,1,rootk,1,dynamic
83,1,0.001,11,0,0,0,0,0,0,0,0,0,0,iter,0,1,k1,1,dynamic
83,1,0.001,11,0,0,0,0,0,0,0,0,0,0,iter,0,1,optk,1,dynamic
83,1,0.001,11,0,0,0,0,0,0,0,0,0,0,iter,0,1,rootk,1,dynamic
83,1,0.001,12,0,2,2,0.000244141,2,0.000244141,0.000244111,0,0,0,iter,0,1,k1,1,dynamic
83,1,0.001,12,0,2,2,0.000244141,2,0.000244141,0.000244111,0,0,0,iter,0,1,optk,1,dynamic
83,1,0.001,12,0,2,2,0.000244141,2,0.000244141,0.000244111,0,0,0,iter,0,1,rootk,1,dynamic
83,1,0.001,12,1,0,0,0,0,0,0,0,0,0,iter,0,1,k1,1,dynamic
83,1,0.001,12,1,0,0,0,0,0,0,0,0,0,iter,0,1,optk,1,dynamic
83,1,0.001,12,1,0,0,0,0,0,0,0,0,0,iter,0,1,rootk,1,dynamic
83,1,0.001,13,0,158,158,0.0115967,95,0.0115967,0.0191023,0,0,0,iter,0,1,optk,1,dynamic
83,1,0.001,13,0,158,158,0.0117188,96,0.0117188,0.0191023,0,0,0,iter,0,1,k1,1,dynamic
83,1,0.001,13,0,158,158,0.0117188,96,0.0117188,0.0191023,0,0,0,iter,0,1,rootk,1,dynamic
83,1,0.001,13,1,18,18,0.00109863,9,0.00109863,0.00219485,0,10,10,iter,0,1,optk,1,dynamic
83,1,0.001,13,1,4,4,0.000488281,4,0.000488281,0.000488162,0,4,4,iter,0,1,rootk,1,dynamic
83,1,0.001,13,1,8,8,0.000976562,8,0.000976562,0.000976086,0,9,9,iter,0,1,k1,1,dynamic
83,1,0.001,14,0,1048,1048,0.0771484,632,0.0771484,0.120085,755,1,756,type,0,3,optk,1,dynamic
83,1,0.001,14,0,1086,1086,0.0788574,646,0.0788574,0.124157,751,1,752,type,0,3,rootk,1,dynamic
83,1,0.001,14,0,1150,1150,0.0814209,667,0.0814209,0.130973,775,1,776,type,0,3,k1,1,dynamic
83,1,0.001,14,0,8802,8802,0.471191,3860,0.471191,0.658519,0,0,0,iter,0,1,optk,1,dynamic
83,1,0.001,14,0,8802,8802,0.472656,3872,0.472656,0.658519,0,0,0,iter,0,1,rootk,1,dynamic
83,1,0.001,14,0,8802,8802,0.475464,3895,0.475464,0.658519,0,0,0,iter,0,1,k1,1,dynamic
83,1,0.001,14,1,6541,6541,0.383789,3144,0.383789,0.549979,0,0,0,iter,0,1,optk,1,dynamic
83,1,0.001,14,1,6584,6584,0.380249,3115,0.380249,0.552335,0,0,0,iter,0,1,k1,1,dynamic
83,1,0.001,14,1,6708,6708,0.379883,3112,0.379883,0.559061,0,0,0,iter,0,1,rootk,1,dynamic
83,6,0.01,10,0,0,0,0,0,0,0,0,0,0,iter,0,1,k1,1,dynamic
83,6,0.01,10,0,0,0,0,0,0,0,0,0,0,iter,0,1,optk,1,dynamic
83,6,0.01,10,0,0,0,0,0,0,0,0,0,0,iter,0,1,rootk,1,dynamic
83,6,0.01,11,0,0,0,0,0,0,0,0,0,0,iter,0,1,k1,1,dynamic
83,6,0.01,11,0,0,0,0,0,0,0,0,0,0,iter,0,1,optk,1,dynamic
83,6,0.01,11,0,0,0,0,0,0,0,0,0,0,iter,0,1,rootk,1,dynamic
83,6,0.01,12,0,2,2,4.06901e-05,2,4.06901e-05,4.06893e-05,0,0,0,iter,0,1,k1,1,dynamic
83,6,0.01,12,0,2,2,4.06901e-05,2,4.06901e-05,4.06893e-05,0,0,0,iter,0,1,optk,1,dynamic
83,6,0.01,12,0,2,2,4.06901e-05,2,4.06901e-05,4.06893e-05,0,0,0,iter,0,1,rootk,1,dynamic
83,6,0.01,12,1,0,0,0,0,0,0,0,0,0,iter,0,1,k1,1,dynamic
83,6,0.01,12,1,0,0,0,0,0,0,0,0,0,iter,0,1,optk,1,dynamic
83,6,0.01,12,1,0,0,0,0,0,0,0,0,0,iter,0,1,rootk,1,dynamic
83,6,0.01,13,0,158,158,0.00197347,97,0.00197347,0.00320936,0,0,0,iter,0,1,k1,1,dynamic
83,6,0.01,13,0,158,158,0.00197347,97,0.00197347,0.00320936,0,0,0,iter,0,1,optk,1,dynamic
83,6,0.01,13,0,158,158,0.00197347,97,0.00197347,0.00320936,0,0,0,iter,0,1,rootk,1,dynamic
83,6,0.01,13,1,0,0,0,0,0,0,0,0,0,iter,0,1,k1,1,dynamic
83,6,0.01,13,1,3,3,6.10352e-05,3,6.10352e-05,6.10333e-05,0,3,3,iter,0,1,optk,1,dynamic
83,6,0.01,13,1,8,8,0.000101725,5,0.000101725,0.000162747,0,5,5,iter,0,1,rootk,1,dynamic
83,6,0.01,14,0,8802,8802,0.100525,4941,0.100525,0.163959,0,0,0,iter,0,1,k1,1,dynamic
83,6,0.01,14,0,8802,8802,0.100667,4948,0.100667,0.163959,0,0,0,iter,0,1,optk,1,dynamic
83,6,0.01,14,0,8802,8802,0.100891,4959,0.100891,0.163959,0,0,0,iter,0,1,rootk,1,dynamic
83,6,0.01,14,1,1527,1527,0.0178426,877,0.0178426,0.0305893,0,0,0,iter,0,1,k1,1,dynamic
83,6,0.01,14,1,1541,1541,0.0174764,859,0.0174764,0.0308654,0,0,0,iter,0,1,optk,1,dynamic
83,6,0.01,14,1,1559,1559,0.0175781,864,0.0175781,0.0312202,0,0,0,iter,0,1,rootk,1,dynamic
83,6,0.01,14,2,183,183,0.00274658,135,0.00274658,0.00371622,150,1,151,iter,0,1,optk,1,dynamic
83,6,0.01,14,2,208,208,0.00292969,144,0.00292969,0.00422283,154,1,155,iter,0,1,rootk,1,dynamic
83,6,0.01,14,2,251,251,0.00262451,129,0.00262451,0.00509359,150,1,151,iter,0,1,k1,1,dynamic
83,59,0.1,10,0,0,0,0,0,0,0,0,0,0,iter,0,1,k1,1,dynamic
83,59,0.1,10,0,0,0,0,0,0,0,0,0,0,iter,0,1,optk,4,dynamic
83,59,0.1,10,0,0,0,0,0,0,0,0,0,0,iter,0,1,rootk,2,dynamic
83,59,0.1,11,0,0,0,0,0,0,0,0,0,0,iter,0,1,k1,1,dynamic
83,59,0.1,11,0,0,0,0,0,0,0,0,0,0,iter,0,1,optk,4,dynamic
83,59,0.1,11,0,0,0,0,0,0,0,0,0,0,iter,0,1,rootk,2,dynamic
83,59,0.1,12,0,2,2,4.13798e-06,2,4.13798e-06,4.13797e-06,0,0,0,iter,0,1,k1,1,dynamic
83,59,0.1,12,0,2,2,6.84914e-11,4,8.27595e-06,8.27592e-06,0,0,0,iter,0,1,rootk,2,dynamic
83,59,0.1,12,0,2,2,7.50572e-20,8,1.65519e-05,1.65518e-05,0,0,0,iter,0,1,optk,4,dynamic
83,59,0.1,12,1,0,0,0,0,0,0,0,0,0,iter,0,1,k1,1,dynamic
83,59,0.1,12,1,0,0,0,0,0,0,0,0,0,iter,0,1,optk,4,dynamic
83,59,0.1,12,1,0,0,0,0,0,0,0,0,0,iter,0,1,rootk,2,dynamic
83,59,0.1,13,0,158,158,0.000200692,97,0.000200692,0.000326847,0,0,0,iter,0,1,k1,1,dynamic
83,59,0.1,13,0,158,158,1.61109e-07,194,0.000401384,0.000653587,0,0,0,iter,0,1,rootk,2,dynamic
83,59,0.1,13,0,158,158,4.15297e-13,388,0.000802767,0.00130675,0,0,0,iter,0,1,optk,4,dynamic
83,59,0.1,13,1,0,0,0,0,0,0,0,0,0,iter,0,1,k1,1,dynamic
83,59,0.1,13,1,0,0,0,0,0,0,0,0,0,iter,0,1,optk,4,dynamic
83,59,0.1,13,1,0,0,0,0,0,0,0,0,0,iter,0,1,rootk,2,dynamic
83,59,0.1,14,0,8802,8802,0.000457232,10335,0.021383,0.0357672,0,0,0,iter,0,1,rootk,2,dynamic
83,59,0.1,14,0,8802,8802,0.0107484,5195,0.0107484,0.0180464,0,0,0,iter,0,1,k1,1,dynamic
83,59,0.1,14,0,8802,8802,3.18794e-06,20423,0.0422549,0.070255,0,0,0,iter,0,1,optk,4,dynamic
83,59,0.1,14,1,193,193,0.000271037,131,0.000271037,0.000399235,1,132,133,iter,0,1,k1,1,dynamic
83,59,0.1,14,1,52,52,1.60378e-14,172,0.000355866,0.000430257,1,43,44,iter,0,1,optk,4,dynamic
83,59,0.1,14,1,57,57,3.78244e-08,94,0.000194485,0.000235837,1,47,48,iter,0,1,rootk,2,dynamic
83,293,0.5,10,0,0,0,0,0,0,0,0,0,0,iter,0,1,k1,1,dynamic
83,293,0.5,10,0,0,0,0,0,0,0,0,0,0,iter,0,1,optk,22,dynamic
83,293,0.5,10,0,0,0,0,0,0,0,0,0,0,iter,0,1,rootk,5,dynamic
83,293,0.5,11,0,0,0,0,0,0,0,0,0,0,iter,0,1,k1,1,dynamic
83,293,0.5,11,0,0,0,0,0,0,0,0,0,0,iter,0,1,optk,22,dynamic
83,293,0.5,11,0,0,0,0,0,0,0,0,0,0,iter,0,1,rootk,5,dynamic
83,293,0.5,12,0,2,2,1.2552e-27,10,4.16622e-06,4.16621e-06,0,0,0,iter,0,1,rootk,5,dynamic
83,293,0.5,12,0,2,2,6.1701e-105,44,1.83314e-05,1.83312e-05,0,0,0,iter,0,1,optk,22,dynamic
83,293,0.5,12,0,2,2,8.33244e-07,2,8.33244e-07,8.33244e-07,0,0,0,iter,0,1,k1,1,dynamic
83,293,0.5,12,1,0,0,0,0,0,0,0,0,0,iter,0,1,k1,1,dynamic
83,293,0.5,12,1,0,0,0,0,0,0,0,0,0,iter,0,1,optk,22,dynamic
83,293,0.5,12,1,0,0,0,0,0,0,0,0,0,iter,0,1,rootk,5,dynamic
83,293,0.5,13,0,158,158,3.36838e-19,485,0.000202062,0.000329077,0,0,0,iter,0,1,rootk,5,dynamic
83,293,0.5,13,0,158,158,4.04124e-05,97,4.04124e-05,6.58241e-05,0,0,0,iter,0,1,k1,1,dynamic
83,293,0.5,13,0,158,158,7.44959e-68,2133,0.000888655,0.00144713,0,0,0,iter,0,1,optk,22,dynamic
83,293,0.5,13,1,0,0,0,0,0,0,0,0,0,iter,0,1,k1,1,dynamic
83,293,0.5,13,1,0,0,0,0,0,0,0,0,0,iter,0,1,optk,22,dynamic
83,293,0.5,13,1,0,0,0,0,0,0,0,0,0,iter,0,1,rootk,5,dynamic
83,293,0.5,14,0,8802,8802,0.00217144,5212,0.00217144,0.00366039,0,0,0,iter,0,1,k1,1,dynamic
83,293,0.5,14,0,8802,8802,1.47337e-10,25937,0.0108059,0.0181685,0,0,0,iter,0,1,rootk,5,dynamic
83,293,0.5,14,0,8802,8802,5.22171e-30,112008,0.046665,0.0775078,0,0,0,iter,0,1,optk,22,dynamic
83,293,0.5,14,1,52,52,1.27039e-75,946,0.000394125,0.000476502,1,43,44,iter,0,1,optk,22,dynamic
83,293,0.5,14,1,52,52,5.7664e-21,215,8.95738e-05,0.000108316,1,43,44,iter,0,1,rootk,5,dynamic
83,293,0.5,14,1,84,84,2.45807e-05,59,2.45807e-05,3.49957e-05,1,59,60,iter,0,1,k1,1,dynamic
84,4,0.001,10,0,0,0,0,0,0,0,0,0,0,iter,0,1,k1,1,dynamic
84,4,0.001,10,0,0,0,0,0,0,0,0,0,0,iter,0,1,optk,1,dynamic
84,4,0.001,10,0,0,0,0,0,0,0,0,0,0,iter,0,1,rootk,1,dynamic
84,4,0.001,11,0,0,0,0,0,0,0,0,0,0,iter,0,1,k1,1,dynamic
84,4,0.001,11,0,0,0,0,0,0,0,0,0,0,iter,0,1,optk,1,dynamic
84,4,0.001,11,0,0,0,0,0,0,0,0,0,0,iter,0,1,rootk,1,dynamic
84,4,0.001,12,0,4,4,9.15527e-05,3,9.15527e-05,0.000122063,0,0,0,iter,0,1,k1,1,dynamic
84,4,0.001,12,0,4,4,9.15527e-05,3,9.15527e-05,0.000122063,0,0,0,iter,0,1,optk,1,dynamic
84,4,0.001,12,0,4,4,9.15527e-05,3,9.15527e-05,0.000122063,0,0,0,iter,0,1,rootk,1,dynamic
84,4,0.001,12,1,0,0,0,0,0,0,0,0,0,iter,0,1,k1,1,dynamic
84,4,0.001,12,1,0,0,0,0,0,0,0,0,0,iter,0,1,optk,1,dynamic
84,4,0.001,12,1,0,0,0,0,0,0,0,0,0,iter,0,1,rootk,1,dynamic
84,4,0.001,13,0,967,967,0.023407,767,0.023407,0.0290793,0,0,0,iter,0,1,k1,1,dynamic
84,4,0.001,13,0,967,967,0.023407,767,0.023407,0.0290793,0,0,0,iter,0,1,optk,1,dynamic
84,4,0.001,13,0,967,967,0.0234985,770,0.0234985,0.0290793,0,0,0,iter,0,1,rootk,1,dynamic
84,4,0.001,13,1,0,0,0,0,0,0,0,0,0,iter,0,1,k1,1,dynamic
84,4,0.001,13,1,0,0,0,0,0,0,0,0,0,iter,0,1,optk,1,dynamic
84,4,0.001,13,1,0,0,0,0,0,0,0,0,0,iter,0,1,rootk,1,dynamic
84,4,0.001,14,0,19225,19225,0.375366,12300,0.375366,0.443841,0,0,0,iter,0,1,k1,1,dynamic
84,4,0.001,14,0,19225,19225,0.378845,12414,0.378845,0.443841,0,0,0,iter,0,1,rootk,1,dynamic
84,4,0.001,14,0,19225,19225,0.378876,12415,0.378876,0.443841,0,0,0,iter,0,1,optk,1,dynamic
84,4,0.001,14,1,40,40,0.000640869,21,0.000640869,0.00121996,0,21,21,iter,0,1,optk,1,dynamic
84,4,0.001,14,1,41,41,0.000549316,18,0.000549316,0.00125044,0,18,18,iter,0,1,rootk,1,dynamic
84,4,0.001,14,1,58,58,0.000549316,18,0.000549316,0.00176845,0,18,18,iter,0,1,k1,1,dynamic
84,4,0.001,15,0,158950,158950,0.980011,32113,0.980011,0.992178,0,0,0,iter,0,1,rootk,1,dynamic
84,4,0.001,15,0,158950,158950,0.980133,32117,0.980133,0.992178,0,0,0,iter,0,1,k1,1,dynamic
84,4,0.001,15,0,158950,158950,0.980316,32123,0.980316,0.992178,0,0,0,iter,0,1,optk,1,dynamic
84,4,0.001,15,0,2296,2296,0.0561218,1839,0.0561218,0.0676699,4214,1,4215,type,0,3,rootk,1,dynamic
84,4,0.001,15,0,2324,2324,0.0575256,1885,0.0575256,0.0684662,4333,1,4334,type,0,3,k1,1,dynamic
84,4,0.001,15,0,2350,2350,0.0571899,1874,0.0571899,0.0692051,4228,1,4229,type,0,3,optk,1,dynamic
84,4,0.001,15,1,6469,6469,0.0444031,1455,0.0444031,0.179153,0,0,0,iter,0,1,k1,1,dynamic
84,4,0.001,15,1,6478,6478,0.0445862,1461,0.0445862,0.179378,0,0,0,iter,0,1,optk,1,dynamic
84,4,0.001,15,1,6504,6504,0.0440674,1444,0.0440674,0.180029,0,0,0,iter,0,1,rootk,1,dynamic
84,44,0.01,10,0,0,0,0,0,0,0,0,0,0,iter,0,1,k1,1,dynamic
84,44,0.01,10,0,0,0,0,0,0,0,0,0,0,iter,0,1,optk,1,dynamic
84,44,0.01,10,0,0,0,0,0,0,0,0,0,0,iter,0,1,rootk,1,dynamic
84,44,0.01,11,0,0,0,0,0,0,0,0,0,0,iter,0,1,k1,1,dynamic
84,44,0.01,11,0,0,0,0,0,0,0,0,0,0,iter,0,1,optk,1,dynamic
84,44,0.01,11,0,0,0,0,0,0,0,0,0,0,iter,0,1,rootk,1,dynamic
84,44,0.01,12,0,4,4,8.32298e-06,3,8.32298e-06,1.10972e-05,0,0,0,iter,0,1,k1,1,dynamic
84,44,0.01,12,0,4,4,8.32298e-06,3,8.32298e-06,1.10972e-05,0,0,0,iter,0,1,optk,1,dynamic
84,44,0.01,12,0,4,4,8.32298e-06,3,8.32298e-06,1.10972e-05,0,0,0,iter,0,1,rootk,1,dynamic
84,44,0.01,12,1,0,0,0,0,0,0,0,0,0,iter,0,1,k1,1,dynamic
84,44,0.01,12,1,0,0,0,0,0,0,0,0,0,iter,0,1,optk,1,dynamic
84,44,0.01,12,1,0,0,0,0,0,0,0,0,0,iter,0,1,rootk,1,dynamic
84,44,0.01,13,0,967,967,0.0021501,775,0.0021501,0.00267918,0,0,0,iter,0,1,rootk,1,dynamic
84,44,0.01,13,0,967,967,0.00215843,778,0.00215843,0.00267918,0,0,0,iter,0,1,k1,1,dynamic
84,44,0.01,13,0,967,967,0.00215843,778,0.00215843,0.00267918,0,0,0,iter,0,1,optk,1,dynamic
84,44,0.01,13,1,0,0,0,0,0,0,0,0,0,iter,0,1,k1,1,dynamic
84,44,0.01,13,1,0,0,0,0,0,0,0,0,0,iter,0,1,optk,1,dynamic
84,44,0.01,13,1,0,0,0,0,0,0,0,0,0,iter,0,1,rootk,1,dynamic
84,44,0.01,14,0,19225,19225,0.0420948,15173,0.0420948,0.051939,0,0,0,iter,0,1,k1,1,dynamic
84,44,0.01,14,0,19225,19225,0.0421226,15183,0.0421226,0.051939,0,0,0,iter,0,1,rootk,1,dynamic
84,44,0.01,14,0,19225,19225,0.042142,15190,0.042142,0.051939,0,0,0,iter,0,1,optk,1,dynamic
84,44,0.01,14,1,22,22,8.32298e-06,3,8.32298e-06,6.10333e-05,0,3,3,iter,0,1,optk,1,dynamic
84,44,0.01,14,1,4,4,2.77433e-06,1,2.77433e-06,1.10972e-05,0,1,1,iter,0,1,k1,1,dynamic
84,44,0.01,14,1,8,8,8.32298e-06,3,8.32298e-06,2.21944e-05,0,3,3,iter,0,1,rootk,1,dynamic
84,44,0.01,15,0,158950,158950,0.299985,108129,0.299985,0.356594,0,0,0,iter,0,1,optk,1,dynamic
84,44,0.01,15,0,158950,158950,0.300523,108323,0.300523,0.356594,0,0,0,iter,0,1,rootk,1,dynamic
84,44,0.01,15,0,158950,158950,0.300529,108325,0.300529,0.356594,0,0,0,iter,0,1,k1,1,dynamic
84,44,0.01,15,1,1870,1870,0.0013289,479,0.0013289,0.00517455,1,481,482,iter,0,1,optk,1,dynamic
84,44,0.01,15,1,2069,2069,0.0013289,479,0.0013289,0.00572364,1,479,480,iter,0,1,k1,1,dynamic
84,44,0.01,15,1,2313,2313,0.00133445,481,0.00133445,0.00639647,1,483,484,iter,0,1,rootk,1,dynamic
84,445,0.1,10,0,0,0,0,0,0,0,0,0,0,iter,0,1,k1,1,dynamic
84,445,0.1,10,0,0,0,0,0,0,0,0,0,0,iter,0,1,optk,3,dynamic
84,445,0.1,10,0,0,0,0,0,0,0,0,0,0,iter,0,1,rootk,2,dynamic
84,445,0.1,11,0,0,0,0,0,0,0,0,0,0,iter,0,1,k1,1,dynamic
84,445,0.1,11,0,0,0,0,0,0,0,0,0,0,iter,0,1,optk,3,dynamic
84,445,0.1,11,0,0,0,0,0,0,0,0,0,0,iter,0,1,rootk,2,dynamic
84,445,0.1,12,0,4,4,1.5048e-17,9,2.46884e-06,3.29178e-06,0,0,0,iter,0,1,optk,3,dynamic
84,445,0.1,12,0,4,4,2.70896e-12,6,1.64589e-06,2.19452e-06,0,0,0,iter,0,1,rootk,2,dynamic
84,445,0.1,12,0,4,4,8.22946e-07,3,8.22946e-07,1.09726e-06,0,0,0,iter,0,1,k1,1,dynamic
84,445,0.1,12,1,0,0,0,0,0,0,0,0,0,iter,0,1,k1,1,dynamic
84,445,0.1,12,1,0,0,0,0,0,0,0,0,0,iter,0,1,optk,3,dynamic
84,445,0.1,12,1,0,0,0,0,0,0,0,0,0,iter,0,1,rootk,2,dynamic
84,445,0.1,13,0,967,967,0.000213417,778,0.000213417,0.000265228,0,0,0,iter,0,1,k1,1,dynamic
84,445,0.1,13,0,967,967,1.82188e-07,1556,0.000426835,0.000530385,0,0,0,iter,0,1,rootk,2,dynamic
84,445,0.1,13,0,967,967,2.62454e-10,2334,0.000640252,0.000795472,0,0,0,iter,0,1,optk,3,dynamic
84,445,0.1,13,1,0,0,0,0,0,0,0,0,0,iter,0,1,k1,1,dynamic
84,445,0.1,13,1,0,0,0,0,0,0,0,0,0,iter,0,1,optk,3,dynamic
84,445,0.1,13,1,0,0,0,0,0,0,0,0,0,iter,0,1,rootk,2,dynamic
84,445,0.1,14,0,19225,19225,0.00424805,15486,0.00424805,0.00525983,0,0,0,iter,0,1,k1,1,dynamic
84,445,0.1,14,0,19225,19225,2.04718e-06,46288,0.0126975,0.0156966,0,0,0,iter,0,1,optk,3,dynamic
84,445,0.1,14,0,19225,19225,7.17508e-05,30879,0.00847058,0.010492,0,0,0,iter,0,1,rootk,2,dynamic
84,445,0.1,14,1,0,0,0,0,0,0,0,0,0,iter,0,1,k1,1,dynamic
84,445,0.1,14,1,0,0,0,0,0,0,0,0,0,iter,0,1,optk,3,dynamic
84,445,0.1,14,1,0,0,0,0,0,0,0,0,0,iter,0,1,rootk,2,dynamic
84,445,0.1,15,0,158950,158950,0.00101773,366686,0.100588,0.122613,0,0,0,iter,0,1,optk,3,dynamic
84,445,0.1,15,0,158950,158950,0.00466101,248880,0.0682716,0.0835107,0,0,0,iter,0,1,rootk,2,dynamic
84,445,0.1,15,0,158950,158950,0.0346858,126445,0.0346858,0.0426655,0,0,0,iter,0,1,k1,1,dynamic
84,445,0.1,15,1,64,64,8.69877e-11,34,9.32672e-06,3.51117e-05,1,17,18,iter,0,1,rootk,2,dynamic
84,445,0.1,15,1,7,7,1.91165e-16,21,5.76062e-06,5.7606e-06,1,7,8,iter,0,1,optk,3,dynamic
84,445,0.1,15,1,97,97,1.15212e-05,42,1.15212e-05,2.66082e-05,1,42,43,iter,0,1,k1,1,dynamic
84,2223,0.5,10,0,0,0,0,0,0,0,0,0,0,iter,0,1,k1,1,dynamic
84,2223,0.5,10,0,0,0,0,0,0,0,0,0,0,iter,0,1,optk,17,dynamic
84,2223,0.5,10,0,0,0,0,0,0,0,0,0,0,iter,0,1,rootk,4,dynamic
84,2223,0.5,11,0,0,0,0,0,0,0,0,0,0,iter,0,1,k1,1,dynamic
84,2223,0.5,11,0,0,0,0,0,0,0,0,0,0,iter,0,1,optk,17,dynamic
84,2223,0.5,11,0,0,0,0,0,0,0,0,0,0,iter,0,1,rootk,4,dynamic
84,2223,0.5,12,0,4,4,1.64737e-07,3,1.64737e-07,2.1965e-07,0,0,0,iter,0,1,k1,1,dynamic
84,2223,0.5,12,0,4,4,1.88542e-25,12,6.58949e-07,8.78598e-07,0,0,0,iter,0,1,rootk,4,dynamic
84,2223,0.5,12,0,4,4,4.00953e-95,51,2.80053e-06,3.73404e-06,0,0,0,iter,0,1,optk,17,dynamic
84,2223,0.5,12,1,0,0,0,0,0,0,0,0,0,iter,0,1,k1,1,dynamic
84,2223,0.5,12,1,0,0,0,0,0,0,0,0,0,iter,0,1,optk,17,dynamic
84,2223,0.5,12,1,0,0,0,0,0,0,0,0,0,iter,0,1,rootk,4,dynamic
84,2223,0.5,13,0,967,967,4.27219e-05,778,4.27219e-05,5.30989e-05,0,0,0,iter,0,1,k1,1,dynamic
84,2223,0.5,13,0,967,967,4.28532e-54,13214,0.000725613,0.000902298,0,0,0,iter,0,1,optk,17,dynamic
84,2223,0.5,13,0,967,967,8.52787e-16,3112,0.000170887,0.000212379,0,0,0,iter,0,1,rootk,4,dynamic
84,2223,0.5,13,1,0,0,0,0,0,0,0,0,0,iter,0,1,k1,1,dynamic
84,2223,0.5,13,1,0,0,0,0,0,0,0,0,0,iter,0,1,optk,17,dynamic
84,2223,0.5,13,1,0,0,0,0,0,0,0,0,0,iter,0,1,rootk,4,dynamic
84,2223,0.5,14,0,19225,19225,0.000852131,15518,0.000852131,0.00105513,0,0,0,iter,0,1,k1,1,dynamic
84,2223,0.5,14,0,19225,19225,1.34276e-10,61991,0.00340408,0.00421386,0,0,0,iter,0,1,rootk,4,dynamic
84,2223,0.5,14,0,19225,19225,4.84346e-32,261987,0.0143863,0.0177867,0,0,0,iter,0,1,optk,17,dynamic
84,2223,0.5,14,1,0,0,0,0,0,0,0,0,0,iter,0,1,k1,1,dynamic
84,2223,0.5,14,1,0,0,0,0,0,0,0,0,0,iter,0,1,optk,17,dynamic
84,2223,0.5,14,1,0,0,0,0,0,0,0,0,0,iter,0,1,rootk,4,dynamic
84,2223,0.5,15,0,158950,158950,0.00704631,128319,0.00704631,0.00869035,0,0,0,iter,0,1,k1,1,dynamic
84,2223,0.5,15,0,158950,158950,6.04989e-07,507886,0.0278892,0.0343109,0,0,0,iter,0,1,rootk,4,dynamic
84,2223,0.5,15,0,158950,158950,8.3345e-17,2062998,0.113284,0.137898,0,0,0,iter,0,1,optk,17,dynamic
84,2223,0.5,15,1,6,6,3.01667e-24,24,1.3179e-06,1.3179e-06,1,6,7,iter,0,1,rootk,4,dynamic
84,2223,0.5,15,1,6,6,5.25537e-90,102,5.60107e-06,5.60105e-06,1,6,7,iter,0,1,optk,17,dynamic
84,2223,0.5,15,1,75,75,9.33511e-07,17,9.33511e-07,4.11842e-06,1,17,18,iter,0,1,k1,1,dynamic
85,8,0.001,11,0,0,0,0,0,0,0,0,0,0,iter,0,1,k1,1,dynamic
85,8,0.001,11,0,0,0,0,0,0,0,0,0,0,iter,0,1,optk,1,dynamic
85,8,0.001,11,0,0,0,0,0,0,0,0,0,0,iter,0,1,rootk,1,dynamic
85,8,0.001,12,0,0,0,0,0,0,0,0,0,0,iter,0,1,k1,1,dynamic
85,8,0.001,12,0,0,0,0,0,0,0,0,0,0,iter,0,1,optk,1,dynamic
85,8,0.001,12,0,0,0,0,0,0,0,0,0,0,iter,0,1,rootk,1,dynamic
85,8,0.001,13,0,1,1,1.52588e-05,1,1.52588e-05,1.52587e-05,0,0,0,iter,0,1,k1,1,dynamic
85,8,0.001,13,0,1,1,1.52588e-05,1,1.52588e-05,1.52587e-05,0,0,0,iter,0,1,optk,1,dynamic
85,8,0.001,13,0,1,1,1.52588e-05,1,1.52588e-05,1.52587e-05,0,0,0,iter,0,1,rootk,1,dynamic
85,8,0.001,13,1,0,0,0,0,0,0,0,0,0,iter,0,1,k1,1,dynamic
85,8,0.001,13,1,0,0,0,0,0,0,0,0,0,iter,0,1,optk,1,dynamic
85,8,0.001,13,1,0,0,0,0,0,0,0,0,0,iter,0,1,rootk,1,dynamic
85,8,0.001,14,0,2156,2156,0.0270386,1772,0.0270386,0.0323627,0,0,0,iter,0,1,rootk,1,dynamic
85,8,0.001,14,0,2156,2156,0.0271759,1781,0.0271759,0.0323627,0,0,0,iter,0,1,k1,1,dynamic
85,8,0.001,14,0,2156,2156,0.0272675,1787,0.0272675,0.0323627,0,0,0,iter,0,1,optk,1,dynamic
85,8,0.001,14,1,0,0,0,0,0,0,0,0,0,iter,0,1,k1,1,dynamic
85,8,0.001,14,1,0,0,0,0,0,0,0,0,0,iter,0,1,optk,1,dynamic
85,8,0.001,14,1,0,0,0,0,0,0,0,0,0,iter,0,1,rootk,1,dynamic
85,8,0.001,15,0,33262,33262,0.342453,22443,0.342453,0.398024,0,0,0,iter,0,1,optk,1,dynamic
85,8,0.001,15,0,33262,33262,0.342926,22474,0.342926,0.398024,0,0,0,iter,0,1,rootk,1,dynamic
85,8,0.001,15,0,33262,33262,0.342941,22475,0.342941,0.398024,0,0,0,iter,0,1,k1,1,dynamic
85,8,0.001,15,1,169,169,0.000747681,49,0.000747681,0.00257541,0,49,49,iter,0,1,rootk,1,dynamic
85,8,0.001,15,1,199,199,0.000701904,46,0.000701904,0.00303189,0,46,46,iter,0,1,optk,1,dynamic
85,8,0.001,15,1,72,72,0.000564575,37,0.000564575,0.00109803,0,37,37,iter,0,1,k1,1,dynamic
85,8,0.001,16,0,232658,232658,0.94603,61999,0.94603,0.971278,0,0,0,iter,0,1,k1,1,dynamic
85,8,0.001,16,0,232658,232658,0.946335,62019,0.946335,0.971278,0,0,0,iter,0,1,optk,1,dynamic
85,8,0.001,16,0,232658,232658,0.946976,62061,0.946976,0.971278,0,0,0,iter,0,1,rootk,1,dynamic
85,8,0.001,16,0,3603,3603,0.0444031,2910,0.0444031,0.0534935,5668,1,5669,type,0,3,k1,1,dynamic
85,8,0.001,16,0,3630,3630,0.0442047,2897,0.0442047,0.0538833,5678,1,5679,type,0,3,rootk,1,dynamic
85,8,0.001,16,0,3652,3652,0.0453491,2972,0.0453491,0.0542009,5729,1,5730,type,0,3,optk,1,dynamic
85,8,0.001,16,1,18349,18349,0.0458374,3004,0.0458374,0.244204,0,0,0,iter,0,1,k1,1,dynamic
85,8,0.001,16,1,18863,18863,0.0460663,3019,0.0460663,0.250108,0,0,0,iter,0,1,optk,1,dynamic
85,8,0.001,16,1,19112,19112,0.04599,3014,0.04599,0.252952,0,0,0,iter,0,1,rootk,1,dynamic
85,76,0.01,11,0,0,0,0,0,0,0,0,0,0,iter,0,1,k1,1,dynamic
85,76,0.01,11,0,0,0,0,0,0,0,0,0,0,iter,0,1,optk,1,dynamic
85,76,0.01,11,0,0,0,0,0,0,0,0,0,0,iter,0,1,rootk,1,dynamic
85,76,0.01,12,0,0,0,0,0,0,0,0,0,0,iter,0,1,k1,1,dynamic
85,76,0.01,12,0,0,0,0,0,0,0,0,0,0,iter,0,1,optk,1,dynamic
85,76,0.01,12,0,0,0,0,0,0,0,0,0,0,iter,0,1,rootk,1,dynamic
85,76,0.01,13,0,1,1,1.60619e-06,1,1.60619e-06,1.60619e-06,0,0,0,iter,0,1,k1,1,dynamic
85,76,0.01,13,0,1,1,1.60619e-06,1,1.60619e-06,1.60619e-06,0,0,0,iter,0,1,optk,1,dynamic
85,76,0.01,13,0,1,1,1.60619e-06,1,1.60619e-06,1.60619e-06,0,0,0,iter,0,1,rootk,1,dynamic
85,76,0.01,13,1,0,0,0,0,0,0,0,0,0,iter,0,1,k1,1,dynamic
85,76,0.01,13,1,0,0,0,0,0,0,0,0,0,iter,0,1,optk,1,dynamic
85,76,0.01,13,1,0,0,0,0,0,0,0,0,0,iter,0,1,rootk,1,dynamic
85,76,0.01,14,0,2156,2156,0.00288953,1799,0.00288953,0.00345695,0,0,0,iter,0,1,k1,1,dynamic
85,76,0.01,14,0,2156,2156,0.00289114,1800,0.00289114,0.00345695,0,0,0,iter,0,1,optk,1,dynamic
85,76,0.01,14,0,2156,2156,0.00289114,1800,0.00289114,0.00345695,0,0,0,iter,0,1,rootk,1,dynamic
85,76,0.01,14,1,0,0,0,0,0,0,0,0,0,iter,0,1,k1,1,dynamic
85,76,0.01,14,1,0,0,0,0,0,0,0,0,0,iter,0,1,optk,1,dynamic
85,76,0.01,14,1,0,0,0,0,0,0,0,0,0,iter,0,1,rootk,1,dynamic
85,76,0.01,15,0,33262,33262,0.0433301,26977,0.0433301,0.052023,0,0,0,iter,0,1,optk,1,dynamic
85,76,0.01,15,0,33262,33262,0.0433815,27009,0.0433815,0.052023,0,0,0,iter,0,1,rootk,1,dynamic
85,76,0.01,15,0,33262,33262,0.043388,27013,0.043388,0.052023,0,0,0,iter,0,1,k1,1,dynamic
85,76,0.01,15,1,11,11,9.63713e-06,6,9.63713e-06,1.76679e-05,0,6,6,iter,0,1,rootk,1,dynamic
85,76,0.01,15,1,2,2,3.21238e-06,2,3.21238e-06,3.21237e-06,0,2,2,iter,0,1,optk,1,dynamic
85,76,0.01,15,1,3,3,3.21238e-06,2,3.21238e-06,4.81855e-06,0,2,2,iter,0,1,k1,1,dynamic
85,76,0.01,16,0,232658,232658,0.264477,164661,0.264477,0.311812,0,0,0,iter,0,1,rootk,1,dynamic
85,76,0.01,16,0,232658,232658,0.264769,164843,0.264769,0.311812,0,0,0,iter,0,1,k1,1,dynamic
85,76,0.01,16,0,232658,232658,0.264819,164874,0.264819,0.311812,0,0,0,iter,0,1,optk,1,dynamic
85,76,0.01,16,1,4342,4342,0.00137329,855,0.00137329,0.00694981,1,857,858,iter,0,1,rootk,1,dynamic
85,76,0.01,16,1,5348,5348,0.0013235,824,0.0013235,0.00855311,1,824,825,iter,0,1,optk,1,dynamic
85,76,0.01,16,1,6487,6487,0.00143111,891,0.00143111,0.0103653,1,895,896,iter,0,1,k1,1,dynamic
85,759,0.1,11,0,0,0,0,0,0,0,0,0,0,iter,0,1,k1,1,dynamic
85,759,0.1,11,0,0,0,0,0,0,0,0,0,0,iter,0,1,optk,3,dynamic
85,759,0.1,11,0,0,0,0,0,0,0,0,0,0,iter,0,1,rootk,2,dynamic
85,759,0.1,12,0,0,0,0,0,0,0,0,0,0,iter,0,1,k1,1,dynamic
85,759,0.1,12,0,0,0,0,0,0,0,0,0,0,iter,0,1,optk,3,dynamic
85,759,0.1,12,0,0,0,0,0,0,0,0,0,0,iter,0,1,rootk,2,dynamic
85,759,0.1,13,0,1,1,1.03466e-13,2,3.21661e-07,3.21661e-07,0,0,0,iter,0,1,rootk,2,dynamic
85,759,0.1,13,0,1,1,1.12323e-19,3,4.82491e-07,4.82491e-07,0,0,0,iter,0,1,optk,3,dynamic
85,759,0.1,13,0,1,1,1.6083e-07,1,1.6083e-07,1.6083e-07,0,0,0,iter,0,1,k1,1,dynamic
85,759,0.1,13,1,0,0,0,0,0,0,0,0,0,iter,0,1,k1,1,dynamic
85,759,0.1,13,1,0,0,0,0,0,0,0,0,0,iter,0,1,optk,3,dynamic
85,759,0.1,13,1,0,0,0,0,0,0,0,0,0,iter,0,1,rootk,2,dynamic
85,759,0.1,14,0,2156,2156,0.000289816,1802,0.000289816,0.00034669,0,0,0,iter,0,1,k1,1,dynamic
85,759,0.1,14,0,2156,2156,3.35974e-07,3604,0.000579633,0.00069326,0,0,0,iter,0,1,rootk,2,dynamic
85,759,0.1,14,0,2156,2156,6.5616e-10,5403,0.000868967,0.00103971,0,0,0,iter,0,1,optk,3,dynamic
85,759,0.1,14,1,0,0,0,0,0,0,0,0,0,iter,0,1,k1,1,dynamic
85,759,0.1,14,1,0,0,0,0,0,0,0,0,0,iter,0,1,optk,3,dynamic
85,759,0.1,14,1,0,0,0,0,0,0,0,0,0,iter,0,1,rootk,2,dynamic
85,759,0.1,15,0,33262,33262,0.00442895,27538,0.00442895,0.00533526,0,0,0,iter,0,1,k1,1,dynamic
85,759,0.1,15,0,33262,33262,2.31201e-06,82217,0.013223,0.0159205,0,0,0,iter,0,1,optk,3,dynamic
85,759,0.1,15,0,33262,33262,7.8081e-05,54942,0.00883635,0.0106421,0,0,0,iter,0,1,rootk,2,dynamic
85,759,0.1,15,1,0,0,0,0,0,0,0,0,0,iter,0,1,optk,3,dynamic
85,759,0.1,15,1,0,0,0,0,0,0,0,0,0,iter,0,1,rootk,2,dynamic
85,759,0.1,15,1,2,2,3.21661e-07,2,3.21661e-07,3.21661e-07,0,2,2,iter,0,1,k1,1,dynamic
85,759,0.1,16,0,232658,232658,0.000687291,548713,0.0882498,0.106184,0,0,0,iter,0,1,optk,3,dynamic
85,759,0.1,16,0,232658,232658,0.00357115,371566,0.0597591,0.0721053,0,0,0,iter,0,1,rootk,2,dynamic
85,759,0.1,16,0,232658,232658,0.0303403,188648,0.0303403,0.0367271,0,0,0,iter,0,1,k1,1,dynamic
85,759,0.1,16,1,467,467,1.57614e-05,98,1.57614e-05,7.5105e-05,1,98,99,iter,0,1,k1,1,dynamic
85,759,0.1,16,1,5,5,3.03272e-18,9,1.44747e-06,2.41245e-06,1,3,4,iter,0,1,optk,3,dynamic
85,759,0.1,16,1,75,75,2.99016e-11,34,5.46824e-06,2.41243e-05,1,17,18,iter,0,1,rootk,2,dynamic
85,3796,0.5,11,0,0,0,0,0,0,0,0,0,0,iter,0,1,k1,1,dynamic
85,3796,0.5,11,0,0,0,0,0,0,0,0,0,0,iter,0,1,optk,16,dynamic
85,3796,0.5,11,0,0,0,0,0,0,0,0,0,0,iter,0,1,rootk,4,dynamic
85,3796,0.5,12,0,0,0,0,0,0,0,0,0,0,iter,0,1,k1,1,dynamic
85,3796,0.5,12,0,0,0,0,0,0,0,0,0,0,iter,0,1,optk,16,dynamic
85,3796,0.5,12,0,0,0,0,0,0,0,0,0,0,iter,0,1,rootk,4,dynamic
85,3796,0.5,13,0,1,1,2.41247e-101,16,5.14522e-07,5.14522e-07,0,0,0,iter,0,1,optk,16,dynamic
85,3796,0.5,13,0,1,1,2.73763e-28,4,1.2863e-07,1.2863e-07,0,0,0,iter,0,1,rootk,4,dynamic
85,3796,0.5,13,0,1,1,3.21576e-08,1,3.21576e-08,3.21576e-08,0,0,0,iter,0,1,k1,1,dynamic
85,3796,0.5,13,1,0,0,0,0,0,0,0,0,0,iter,0,1,k1,1,dynamic
85,3796,0.5,13,1,0,0,0,0,0,0,0,0,0,iter,0,1,optk,16,dynamic
85,3796,0.5,13,1,0,0,0,0,0,0,0,0,0,iter,0,1,rootk,4,dynamic
85,3796,0.5,14,0,2156,2156,2.88665e-15,7208,0.000231792,0.000277289,0,0,0,iter,0,1,rootk,4,dynamic
85,3796,0.5,14,0,2156,2156,2.96241e-49,28820,0.000926783,0.00110869,0,0,0,iter,0,1,optk,16,dynamic
85,3796,0.5,14,0,2156,2156,5.7948e-05,1802,5.7948e-05,6.93294e-05,0,0,0,iter,0,1,k1,1,dynamic
85,3796,0.5,14,1,0,0,0,0,0,0,0,0,0,iter,0,1,k1,1,dynamic
85,3796,0.5,14,1,0,0,0,0,0,0,0,0,0,iter,0,1,optk,16,dynamic
85,3796,0.5,14,1,0,0,0,0,0,0,0,0,0,iter,0,1,rootk,4,dynamic
85,3796,0.5,15,0,33262,33262,0.000887164,27588,0.000887164,0.00106905,0,0,0,iter,0,1,k1,1,dynamic
85,3796,0.5,15,0,33262,33262,1.57785e-10,110213,0.00354419,0.00426937,0,0,0,iter,0,1,rootk,4,dynamic
85,3796,0.5,15,0,33262,33262,2.44196e-30,438480,0.0141005,0.0169684,0,0,0,iter,0,1,optk,16,dynamic
85,3796,0.5,15,1,0,0,0,0,0,0,0,0,0,iter,0,1,k1,1,dynamic
85,3796,0.5,15,1,0,0,0,0,0,0,0,0,0,iter,0,1,optk,16,dynamic
85,3796,0.5,15,1,0,0,0,0,0,0,0,0,0,iter,0,1,rootk,4,dynamic
85,3796,0.5,16,0,232658,232658,0.00614024,190942,0.00614024,0.00745381,0,0,0,iter,0,1,k1,1,dynamic
85,3796,0.5,16,0,232658,232658,3.50635e-07,756711,0.024334,0.0294835,0,0,0,iter,0,1,rootk,4,dynamic
85,3796,0.5,16,0,232658,232658,3.61687e-17,2918179,0.0938417,0.11282,0,0,0,iter,0,1,optk,16,dynamic
85,3796,0.5,16,1,3,3,1.58103e-96,32,1.02904e-06,1.54356e-06,1,2,3,iter,0,1,optk,16,dynamic
85,3796,0.5,16,1,3,3,4.38021e-27,8,2.57261e-07,3.85891e-07,1,2,3,iter,0,1,rootk,4,dynamic
85,3796,0.5,16,1,330,330,1.02904e-06,32,1.02904e-06,1.0612e-05,1,32,33,iter,0,1,k1,1,dynamic
86,3,0.001,9,0,0,0,0,0,0,0,0,0,0,iter,0,1,k1,1,dynamic
86,3,0.001,9,0,0,0,0,0,0,0,0,0,0,iter,0,1,optk,1,dynamic
86,3,0.001,9,0,0,0,0,0,0,0,0,0,0,iter,0,1,rootk,1,dynamic
86,3,0.001,10,0,0,0,0,0,0,0,0,0,0,iter,0,1,k1,1,dynamic
86,3,0.001,10,0,0,0,0,0,0,0,0,0,0,iter,0,1,optk,1,dynamic
86,3,0.001,10,0,0,0,0,0,0,0,0,0,0,iter,0,1,rootk,1,dynamic
86,3,0.001,11,0,1,1,4.06901e-05,1,4.06901e-05,4.06893e-05,0,0,0,iter,0,1,k1,1,dynamic
86,3,0.001,11,0,1,1,4.06901e-05,1,4.06901e-05,4.06893e-05,0,0,0,iter,0,1,optk,1,dynamic
86,3,0.001,11,0,1,1,4.06901e-05,1,4.06901e-05,4.06893e-05,0,0,0,iter,0,1,rootk,1,dynamic
86,3,0.001,11,1,0,0,0,0,0,0,0,0,0,iter,0,1,k1,1,dynamic
86,3,0.001,11,1,0,0,0,0,0,0,0,0,0,iter,0,1,optk,1,dynamic
86,3,0.001,11,1,0,0,0,0,0,0,0,0,0,iter,0,1,rootk,1,dynamic
86,3,0.001,12,0,696,696,0.0158285,389,0.0158285,0.0279231,0,0,0,iter,0,1,optk,1,dynamic
86,3,0.001,12,0,696,696,0.0158285,389,0.0158285,0.0279231,0,0,0,iter,0,1,rootk,1,dynamic
86,3,0.001,12,0,696,696,0.0158691,390,0.0158691,0.0279231,0,0,0,iter,0,1,k1,1,dynamic
86,3,0.001,12,1,0,0,0,0,0,0,0,0,0,iter,0,1,k1,1,dynamic
86,3,0.001,12,1,0,0,0,0,0,0,0,0,0,iter,0,1,optk,1,dynamic
86,3,0.001,12,1,0,0,0,0,0,0,0,0,0,iter,0,1,rootk,1,dynamic
86,3,0.001,13,0,10512,10512,0.268026,6587,0.268026,0.348015,0,0,0,iter,0,1,optk,1,dynamic
86,3,0.001,13,0,10512,10512,0.27002,6636,0.27002,0.348015,0,0,0,iter,0,1,rootk,1,dynamic
86,3,0.001,13,0,10512,10512,0.271037,6661,0.271037,0.348015,0,0,0,iter,0,1,k1,1,dynamic
86,3,0.001,13,1,181,181,0.0020752,51,0.0020752,0.00733785,0,52,52,iter,0,1,rootk,1,dynamic
86,3,0.001,13,1,295,295,0.00240072,59,0.00240072,0.0119318,0,59,59,iter,0,1,optk,1,dynamic
86,3,0.001,13,1,410,410,0.00252279,62,0.00252279,0.0165446,0,0,0,iter,0,1,k1,1,dynamic
86,3,0.001,13,2,36,36,0.000935872,23,0.000935872,0.00146377,34,0,34,iter,0,1,k1,1,dynamic
86,3,0.001,14,0,2162,2162,0.0664876,1634,0.0664876,0.0842135,2609,1,2610,type,0,5,k1,1,dynamic
86,3,0.001,14,0,2192,2192,0.0649821,1597,0.0649821,0.0853307,2505,1,2506,type,0,5,optk,1,dynamic
86,3,0.001,14,0,2209,2209,0.0672201,1652,0.0672201,0.0859632,2643,1,2644,type,0,5,rootk,1,dynamic
86,3,0.001,14,0,97897,97897,0.954224,23451,0.954224,0.981379,0,0,0,iter,0,1,k1,1,dynamic
86,3,0.001,14,0,97897,97897,0.954631,23461,0.954631,0.981379,0,0,0,iter,0,1,optk,1,dynamic
86,3,0.001,14,0,97897,97897,0.955241,23476,0.955241,0.981379,0,0,0,iter,0,1,rootk,1,dynamic
86,3,0.001,14,1,21763,21763,0.111165,2732,0.111165,0.587508,0,0,0,iter,0,1,rootk,1,dynamic
86,3,0.001,14,1,22999,22999,0.110962,2727,0.110962,0.607741,0,0,0,iter,0,1,k1,1,dynamic
86,3,0.001,14,1,23403,23403,0.110514,2716,0.110514,0.614136,0,0,0,iter,0,1,optk,1,dynamic
86,30,0.01,9,0,0,0,0,0,0,0,0,0,0,iter,0,1,k1,1,dynamic
86,30,0.01,9,0,0,0,0,0,0,0,0,0,0,iter,0,1,optk,1,dynamic
86,30,0.01,9,0,0,0,0,0,0,0,0,0,0,iter,0,1,rootk,1,dynamic
86,30,0.01,10,0,0,0,0,0,0,0,0,0,0,iter,0,1,k1,1,dynamic
86,30,0.01,10,0,0,0,0,0,0,0,0,0,0,iter,0,1,optk,1,dynamic
86,30,0.01,10,0,0,0,0,0,0,0,0,0,0,iter,0,1,rootk,1,dynamic
86,30,0.01,11,0,1,1,4.06901e-06,1,4.06901e-06,4.069e-06,0,0,0,iter,0,1,k1,1,dynamic
86,30,0.01,11,0,1,1,4.06901e-06,1,4.06901e-06,4.069e-06,0,0,0,iter,0,1,optk,1,dynamic
86,30,0.01,11,0,1,1,4.06901e-06,1,4.06901e-06,4.069e-06,0,0,0,iter,0,1,rootk,1,dynamic
86,30,0.01,11,1,0,0,0,0,0,0,0,0,0,iter,0,1,k1,1,dynamic
86,30,0.01,11,1,0,0,0,0,0,0,0,0,0,iter,0,1,optk,1,dynamic
86,30,0.01,11,1,0,0,0,0,0,0,0,0,0,iter,0,1,rootk,1,dynamic
86,30,0.01,12,0,696,696,0.00160319,394,0.00160319,0.00282802,0,0,0,iter,0,1,k1,1,dynamic
86,30,0.01,12,0,696,696,0.00160319,394,0.00160319,0.00282802,0,0,0,iter,0,1,optk,1,dynamic
86,30,0.01,12,0,696,696,0.00160319,394,0.00160319,0.00282802,0,0,0,iter,0,1,rootk,1,dynamic
86,30,0.01,12,1,0,0,0,0,0,0,0,0,0,iter,0,1,k1,1,dynamic
86,30,0.01,12,1,0,0,0,0,0,0,0,0,0,iter,0,1,optk,1,dynamic
86,30,0.01,12,1,0,0,0,0,0,0,0,0,0,iter,0,1,rootk,1,dynamic
86,30,0.01,13,0,10512,10512,0.0310099,7621,0.0310099,0.0418716,0,0,0,iter,0,1,k1,1,dynamic
86,30,0.01,13,0,10512,10512,0.031014,7622,0.031014,0.0418716,0,0,0,iter,0,1,rootk,1,dynamic
86,30,0.01,13,0,10512,10512,0.0310343,7627,0.0310343,0.0418716,0,0,0,iter,0,1,optk,1,dynamic
86,30,0.01,13,1,28,28,2.03451e-05,5,2.03451e-05,0.000113926,0,5,5,iter,0,1,k1,1,dynamic
86,30,0.01,13,1,40,40,4.47591e-05,11,4.47591e-05,0.000162747,0,12,12,iter,0,1,optk,1,dynamic
86,30,0.01,13,1,8,8,1.2207e-05,3,1.2207e-05,3.25516e-05,0,3,3,iter,0,1,rootk,1,dynamic
86,30,0.01,14,0,97897,97897,0.267729,65797,0.267729,0.328569,0,0,0,iter,0,1,k1,1,dynamic
86,30,0.01,14,0,97897,97897,0.268274,65931,0.268274,0.328569,0,0,0,iter,0,1,optk,1,dynamic
86,30,0.01,14,0,97897,97897,0.268388,65959,0.268388,0.328569,0,0,0,iter,0,1,rootk,1,dynamic
86,30,0.01,14,1,5344,5344,0.00340169,836,0.00340169,0.0215101,0,0,0,iter,0,1,rootk,1,dynamic
86,30,0.01,14,1,5820,5820,0.00326335,802,0.00326335,0.0234034,0,0,0,iter,0,1,k1,1,dynamic
86,30,0.01,14,1,6476,6476,0.003243,797,0.003243,0.0260068,0,0,0,iter,0,1,optk,1,dynamic
86,30,0.01,14,2,358,358,0.0012085,297,0.0012085,0.00145565,401,1,402,iter,0,1,k1,1,dynamic
86,30,0.01,14,2,363,363,0.00116781,287,0.00116781,0.00147596,389,1,390,iter,0,1,rootk,1,dynamic
86,30,0.01,14,2,368,368,0.00118815,292,0.00118815,0.00149628,378,1,379,iter,0,1,optk,1,dynamic
86,300,0.1,9,0,0,0,0,0,0,0,0,0,0,iter,0,1,k1,1,dynamic
86,300,0.1,9,0,0,0,0,0,0,0,0,0,0,iter,0,1,optk,4,dynamic
86,300,0.1,9,0,0,0,0,0,0,0,0,0,0,iter,0,1,rootk,2,dynamic
86,300,0.1,10,0,0,0,0,0,0,0,0,0,0,iter,0,1,k1,1,dynamic
86,300,0.1,10,0,0,0,0,0,0,0,0,0,0,iter,0,1,optk,4,dynamic
86,300,0.1,10,0,0,0,0,0,0,0,0,0,0,iter,0,1,rootk,2,dynamic
86,300,0.1,11,0,1,1,4.06901e-07,1,4.06901e-07,4.06901e-07,0,0,0,iter,0,1,k1,1,dynamic
86,300,0.1,11,0,1,1,6.62274e-13,2,8.13802e-07,8.13802e-07,0,0,0,iter,0,1,rootk,2,dynamic
86,300,0.1,11,0,1,1,7.01771e-24,4,1.6276e-06,1.6276e-06,0,0,0,iter,0,1,optk,4,dynamic
86,300,0.1,11,1,0,0,0,0,0,0,0,0,0,iter,0,1,k1,1,dynamic
86,300,0.1,11,1,0,0,0,0,0,0,0,0,0,iter,0,1,optk,4,dynamic
86,300,0.1,11,1,0,0,0,0,0,0,0,0,0,iter,0,1,rootk,2,dynamic
86,300,0.1,12,0,696,696,0.000160319,394,0.000160319,0.000283163,0,0,0,iter,0,1,k1,1,dynamic
86,300,0.1,12,0,696,696,1.02809e-07,788,0.000320638,0.000566246,0,0,0,iter,0,1,rootk,2,dynamic
86,300,0.1,12,0,696,696,1.68685e-13,1575,0.000640869,0.00113217,0,0,0,iter,0,1,optk,4,dynamic
86,300,0.1,12,1,0,0,0,0,0,0,0,0,0,iter,0,1,k1,1,dynamic
86,300,0.1,12,1,0,0,0,0,0,0,0,0,0,iter,0,1,optk,4,dynamic
86,300,0.1,12,1,0,0,0,0,0,0,0,0,0,iter,0,1,rootk,2,dynamic
86,300,0.1,13,0,10512,10512,0.00314494,7729,0.00314494,0.00426821,0,0,0,iter,0,1,k1,1,dynamic
86,300,0.1,13,0,10512,10512,2.45159e-08,30752,0.012513,0.0169638,0,0,0,iter,0,1,optk,4,dynamic
86,300,0.1,13,0,10512,10512,3.93734e-05,15421,0.00627482,0.0085182,0,0,0,iter,0,1,rootk,2,dynamic
86,300,0.1,13,1,0,0,0,0,0,0,0,0,0,iter,0,1,k1,1,dynamic
86,300,0.1,13,1,0,0,0,0,0,0,0,0,0,iter,0,1,optk,4,dynamic
86,300,0.1,13,1,0,0,0,0,0,0,0,0,0,iter,0,1,rootk,2,dynamic
86,300,0.1,14,0,97897,97897,0.00019047,288714,0.117478,0.147292,0,0,0,iter,0,1,optk,4,dynamic
86,300,0.1,14,0,97897,97897,0.00366854,148853,0.0605684,0.0765779,0,0,0,iter,0,1,rootk,2,dynamic
86,300,0.1,14,0,97897,97897,0.030754,75581,0.030754,0.0390514,0,0,0,iter,0,1,k1,1,dynamic
86,300,0.1,14,1,204,204,7.65589e-10,68,2.76693e-05,0.000166002,1,34,35,iter,0,1,rootk,2,dynamic
86,300,0.1,14,1,66,66,1.36481e-18,84,3.41797e-05,0.000107416,1,21,22,iter,0,1,optk,4,dynamic
86,300,0.1,14,1,896,896,4.63867e-05,114,4.63867e-05,0.000364517,1,114,115,iter,0,1,k1,1,dynamic
86,1499,0.5,9,0,0,0,0,0,0,0,0,0,0,iter,0,1,k1,1,dynamic
86,1499,0.5,9,0,0,0,0,0,0,0,0,0,0,iter,0,1,optk,22,dynamic
86,1499,0.5,9,0,0,0,0,0,0,0,0,0,0,iter,0,1,rootk,5,dynamic
86,1499,0.5,10,0,0,0,0,0,0,0,0,0,0,iter,0,1,k1,1,dynamic
86,1499,0.5,10,0,0,0,0,0,0,0,0,0,0,iter,0,1,optk,22,dynamic
86,1499,0.5,10,0,0,0,0,0,0,0,0,0,0,iter,0,1,rootk,5,dynamic
86,1499,0.5,11,0,1,1,1.11916e-32,5,4.07172e-07,4.07172e-07,0,0,0,iter,0,1,rootk,5,dynamic
86,1499,0.5,11,0,1,1,3.72464e-127,22,1.79156e-06,1.79156e-06,0,0,0,iter,0,1,optk,22,dynamic
86,1499,0.5,11,0,1,1,8.14345e-08,1,8.14345e-08,8.14345e-08,0,0,0,iter,0,1,k1,1,dynamic
86,1499,0.5,11,1,0,0,0,0,0,0,0,0,0,iter,0,1,k1,1,dynamic
86,1499,0.5,11,1,0,0,0,0,0,0,0,0,0,iter,0,1,optk,22,dynamic
86,1499,0.5,11,1,0,0,0,0,0,0,0,0,0,iter,0,1,rootk,5,dynamic
86,1499,0.5,12,0,696,696,1.06261e-19,1970,0.000160426,0.000283352,0,0,0,iter,0,1,rootk,5,dynamic
86,1499,0.5,12,0,696,696,3.20852e-05,394,3.20852e-05,5.66768e-05,0,0,0,iter,0,1,k1,1,dynamic
86,1499,0.5,12,0,696,696,4.61617e-70,8661,0.000705304,0.00124615,0,0,0,iter,0,1,optk,22,dynamic
86,1499,0.5,12,1,0,0,0,0,0,0,0,0,0,iter,0,1,k1,1,dynamic
86,1499,0.5,12,1,0,0,0,0,0,0,0,0,0,iter,0,1,optk,22,dynamic
86,1499,0.5,12,1,0,0,0,0,0,0,0,0,0,iter,0,1,rootk,5,dynamic
86,1499,0.5,13,0,10512,10512,0.000630222,7739,0.000630222,0.000855673,0,0,0,iter,0,1,k1,1,dynamic
86,1499,0.5,13,0,10512,10512,1.14218e-41,169114,0.0137717,0.0186566,0,0,0,iter,0,1,optk,22,dynamic
86,1499,0.5,13,0,10512,10512,3.0892e-13,38651,0.00314752,0.00427105,0,0,0,iter,0,1,rootk,5,dynamic
86,1499,0.5,13,1,0,0,0,0,0,0,0,0,0,iter,0,1,k1,1,dynamic
86,1499,0.5,13,1,0,0,0,0,0,0,0,0,0,iter,0,1,optk,22,dynamic
86,1499,0.5,13,1,0,0,0,0,0,0,0,0,0,iter,0,1,rootk,5,dynamic
86,1499,0.5,14,0,97897,97897,0.00623145,76521,0.00623145,0.0079405,0,0,0,iter,0,1,k1,1,dynamic
86,1499,0.5,14,0,97897,97897,2.47864e-20,1577682,0.128478,0.160869,0,0,0,iter,0,1,optk,22,dynamic
86,1499,0.5,14,0,97897,97897,2.75456e-08,377748,0.0307617,0.039077,0,0,0,iter,0,1,rootk,5,dynamic
86,1499,0.5,14,1,221,221,3.42025e-06,42,3.42025e-06,1.79969e-05,1,42,43,iter,0,1,k1,1,dynamic
86,1499,0.5,14,1,57,57,1.56223e-98,440,3.58312e-05,0.000102114,1,20,21,iter,0,1,optk,22,dynamic
86,1499,0.5,14,1,57,57,3.58131e-26,100,8.14345e-06,2.32086e-05,1,20,21,iter,0,1,rootk,5,dynamic
87,604,0.001,11,0,0,0,0,0,0,0,0,0,0,iter,0,1,k1,1,dynamic
87,604,0.001,11,0,0,0,0,0,0,0,0,0,0,iter,0,1,optk,1,dynamic
87,604,0.001,11,0,0,0,0,0,0,0,0,0,0,iter,0,1,rootk,1,dynamic
87,604,0.001,12,0,0,0,0,0,0,0,0,0,0,iter,0,1,k1,1,dynamic
87,604,0.001,12,0,0,0,0,0,0,0,0,0,0,iter,0,1,optk,1,dynamic
87,604,0.001,12,0,0,0,0,0,0,0,0,0,0,iter,0,1,rootk,1,dynamic
87,604,0.001,13,0,0,0,0,0,0,0,0,0,0,iter,0,1,k1,1,dynamic
87,604,0.001,13,0,0,0,0,0,0,0,0,0,0,iter,0,1,optk,1,dynamic
87,604,0.001,13,0,0,0,0,0,0,0,0,0,0,iter,0,1,rootk,1,dynamic
87,604,0.001,14,0,11,11,1.81893e-06,9,1.81893e-06,2.22313e-06,0,0,0,iter,0,1,k1,1,dynamic
87,604,0.001,14,0,11,11,1.81893e-06,9,1.81893e-06,2.22313e-06,0,0,0,iter,0,1,optk,1,dynamic
87,604,0.001,14,0,11,11,1.81893e-06,9,1.81893e-06,2.22313e-06,0,0,0,iter,0,1,rootk,1,dynamic
87,604,0.001,14,1,0,0,0,0,0,0,0,0,0,iter,0,1,k1,1,dynamic
87,604,0.001,14,1,0,0,0,0,0,0,0,0,0,iter,0,1,optk,1,dynamic
87,604,0.001,14,1,0,0,0,0,0,0,0,0,0,iter,0,1,rootk,1,dynamic
87,604,0.001,15,0,13153,13153,0.00191452,9473,0.00191452,0.00265473,0,0,0,iter,0,1,k1,1,dynamic
87,604,0.001,15,0,13153,13153,0.00191473,9474,0.00191473,0.00265473,0,0,0,iter,0,1,rootk,1,dynamic
87,604,0.001,15,0,13153,13153,0.00191493,9475,0.00191493,0.00265473,0,0,0,iter,0,1,optk,1,dynamic
87,604,0.001,15,1,0,0,0,0,0,0,0,0,0,iter,0,1,k1,1,dynamic
87,604,0.001,15,1,0,0,0,0,0,0,0,0,0,iter,0,1,optk,1,dynamic
87,604,0.001,15,1,0,0,0,0,0,0,0,0,0,iter,0,1,rootk,1,dynamic
87,604,0.001,16,0,358865,358865,0.0470757,232929,0.0470757,0.0699601,0,0,0,iter,0,1,optk,1,dynamic
87,604,0.001,16,0,358865,358865,0.0470989,233044,0.0470989,0.0699601,0,0,0,iter,0,1,k1,1,dynamic
87,604,0.001,16,0,358865,358865,0.0471197,233147,0.0471197,0.0699601,0,0,0,iter,0,1,rootk,1,dynamic
87,604,0.001,16,1,159,159,8.28623e-06,41,8.28623e-06,3.21339e-05,0,41,41,iter,0,1,optk,1,dynamic
87,604,0.001,16,1,191,191,7.67992e-06,38,7.67992e-06,3.8601e-05,0,38,38,iter,0,1,rootk,1,dynamic
87,604,0.001,16,1,218,218,6.2652e-06,31,6.2652e-06,4.40575e-05,0,31,31,iter,0,1,k1,1,dynamic
87,604,0.001,17,0,2766730,2766730,0.307967,1523811,0.307967,0.428314,0,0,0,iter,0,1,optk,1,dynamic
87,604,0.001,17,0,2766730,2766730,0.308086,1524402,0.308086,0.428314,0,0,0,iter,0,1,rootk,1,dynamic
87,604,0.001,17,0,2766730,2766730,0.308214,1525033,0.308214,0.428314,0,0,0,iter,0,1,k1,1,dynamic
87,604,0.001,17,1,35247,35247,0.00119867,5931,0.00119867,0.00709822,0,5948,5948,iter,0,1,optk,1,dynamic
87,604,0.001,17,1,39612,39612,0.00121545,6014,0.00121545,0.00797375,0,6043,6043,iter,0,1,k1,1,dynamic
87,604,0.001,17,1,42952,42952,0.00121989,6036,0.00121989,0.00864317,0,6056,6056,iter,0,1,rootk,1,dynamic
87,604,0.001,18,0,10249725,10249725,0.75508,3736114,0.75508,0.874004,0,0,0,iter,0,1,optk,1,dynamic
87,604,0.001,18,0,10249725,10249725,0.755215,3736779,0.755215,0.874004,0,0,0,iter,0,1,rootk,1,dynamic
87,604,0.001,18,0,10249725,10249725,0.755427,3737830,0.755427,0.874004,0,0,0,iter,0,1,k1,1,dynamic
87,604,0.001,18,0,158891,158891,0.0215462,106610,0.0215462,0.0316022,155727,1,155728,type,0,3,optk,1,dynamic
87,604,0.001,18,0,159254,159254,0.0215717,106736,0.0215717,0.0316733,155471,1,155472,type,0,3,k1,1,dynamic
87,604,0.001,18,0,159604,159604,0.0216378,107063,0.0216378,0.0317418,155966,1,155967,type,0,3,rootk,1,dynamic
87,604,0.001,18,1,2912516,2912516,0.0465642,230398,0.0465642,0.444912,0,0,0,iter,0,1,rootk,1,dynamic
87,604,0.001,18,1,2925819,2925819,0.0465423,230290,0.0465423,0.446402,0,0,0,iter,0,1,k1,1,dynamic
87,604,0.001,18,1,2965812,2965812,0.0464833,229998,0.0464833,0.450859,0,0,0,iter,0,1,optk,1,dynamic
87,6042,0.01,11,0,0,0,0,0,0,0,0,0,0,iter,0,1,k1,1,dynamic
87,6042,0.01,11,0,0,0,0,0,0,0,0,0,0,iter,0,1,optk,1,dynamic
87,6042,0.01,11,0,0,0,0,0,0,0,0,0,0,iter,0,1,rootk,1,dynamic
87,6042,0.01,12,0,0,0,0,0,0,0,0,0,0,iter,0,1,k1,1,dynamic
87,6042,0.01,12,0,0,0,0,0,0,0,0,0,0,iter,0,1,optk,1,dynamic
87,6042,0.01,12,0,0,0,0,0,0,0,0,0,0,iter,0,1,rootk,1,dynamic
87,6042,0.01,13,0,0,0,0,0,0,0,0,0,0,iter,0,1,k1,1,dynamic
87,6042,0.01,13,0,0,0,0,0,0,0,0,0,0,iter,0,1,optk,1,dynamic
87,6042,0.01,13,0,0,0,0,0,0,0,0,0,0,iter,0,1,rootk,1,dynamic
87,6042,0.01,14,0,11,11,1.81833e-07,9,1.81833e-07,2.2224e-07,0,0,0,iter,0,1,k1,1,dynamic
87,6042,0.01,14,0,11,11,1.81833e-07,9,1.81833e-07,2.2224e-07,0,0,0,iter,0,1,optk,1,dynamic
87,6042,0.01,14,0,11,11,1.81833e-07,9,1.81833e-07,2.2224e-07,0,0,0,iter,0,1,rootk,1,dynamic
87,6042,0.01,14,1,0,0,0,0,0,0,0,0,0,iter,0,1,k1,1,dynamic
87,6042,0.01,14,1,0,0,0,0,0,0,0,0,0,iter,0,1,optk,1,dynamic
87,6042,0.01,14,1,0,0,0,0,0,0,0,0,0,iter,0,1,rootk,1,dynamic
87,6042,0.01,15,0,13153,13153,0.00019153,9480,0.00019153,0.000265703,0,0,0,iter,0,1,k1,1,dynamic
87,6042,0.01,15,0,13153,13153,0.00019153,9480,0.00019153,0.000265703,0,0,0,iter,0,1,optk,1,dynamic
87,6042,0.01,15,0,13153,13153,0.000191571,9482,0.000191571,0.000265703,0,0,0,iter,0,1,rootk,1,dynamic
87,6042,0.01,15,1,0,0,0,0,0,0,0,0,0,iter,0,1,k1,1,dynamic
87,6042,0.01,15,1,0,0,0,0,0,0,0,0,0,iter,0,1,optk,1,dynamic
87,6042,0.01,15,1,0,0,0,0,0,0,0,0,0,iter,0,1,rootk,1,dynamic
87,6042,0.01,16,0,358865,358865,0.00481071,238111,0.00481071,0.00722415,0,0,0,iter,0,1,optk,1,dynamic
87,6042,0.01,16,0,358865,358865,0.00481101,238126,0.00481101,0.00722415,0,0,0,iter,0,1,rootk,1,dynamic
87,6042,0.01,16,0,358865,358865,0.00481139,238145,0.00481139,0.00722415,0,0,0,iter,0,1,k1,1,dynamic
87,6042,0.01,16,1,2,2,4.04073e-08,2,4.04073e-08,4.04073e-08,0,2,2,iter,0,1,rootk,1,dynamic
87,6042,0.01,16,1,422,422,1.01018e-07,5,1.01018e-07,8.52589e-06,0,5,5,iter,0,1,k1,1,dynamic
87,6042,0.01,16,1,5,5,2.02036e-08,1,2.02036e-08,1.01018e-07,0,1,1,iter,0,1,optk,1,dynamic
87,6042,0.01,17,0,2766730,2766730,0.0361486,1789214,0.0361486,0.0543644,0,0,0,iter,0,1,k1,1,dynamic
87,6042,0.01,17,0,2766730,2766730,0.0361507,1789319,0.0361507,0.0543644,0,0,0,iter,0,1,rootk,1,dynamic
87,6042,0.01,17,0,2766730,2766730,0.0361532,1789439,0.0361532,0.0543644,0,0,0,iter,0,1,optk,1,dynamic
87,6042,0.01,17,1,3648,3648,1.43648e-05,711,1.43648e-05,7.37001e-05,0,711,711,iter,0,1,rootk,1,dynamic
87,6042,0.01,17,1,4008,4008,1.44456e-05,715,1.44456e-05,8.09729e-05,0,716,716,iter,0,1,optk,1,dynamic
87,6042,0.01,17,1,4994,4994,1.41425e-05,700,1.41425e-05,0.000100892,0,700,700,iter,0,1,k1,1,dynamic
87,6042,0.01,18,0,10249725,10249725,0.131262,6496940,0.131262,0.187047,0,0,0,iter,0,1,optk,1,dynamic
87,6042,0.01,18,0,10249725,10249725,0.13127,6497350,0.13127,0.187047,0,0,0,iter,0,1,rootk,1,dynamic
87,6042,0.01,18,0,10249725,10249725,0.13127,6497367,0.13127,0.187047,0,0,0,iter,0,1,k1,1,dynamic
87,6042,0.01,18,1,493746,493746,0.000832187,41190,0.000832187,0.00992587,1,41430,41431,iter,0,1,optk,1,dynamic
87,6042,0.01,18,1,538426,538426,0.00083443,41301,0.00083443,0.0108192,1,41531,41532,iter,0,1,rootk,1,dynamic
87,6042,0.01,18,1,556278,556278,0.000834814,41320,0.000834814,0.0111759,1,41564,41565,iter,0,1,k1,1,dynamic
87,60422,0.1,11,0,0,0,0,0,0,0,0,0,0,iter,0,1,k1,1,dynamic
87,60422,0.1,11,0,0,0,0,0,0,0,0,0,0,iter,0,1,optk,4,dynamic
87,60422,0.1,11,0,0,0,0,0,0,0,0,0,0,iter,0,1,rootk,2,dynamic
87,60422,0.1,12,0,0,0,0,0,0,0,0,0,0,iter,0,1,k1,1,dynamic
87,60422,0.1,12,0,0,0,0,0,0,0,0,0,0,iter,0,1,optk,4,dynamic
87,60422,0.1,12,0,0,0,0,0,0,0,0,0,0,iter,0,1,rootk,2,dynamic
87,60422,0.1,13,0,0,0,0,0,0,0,0,0,0,iter,0,1,k1,1,dynamic
87,60422,0.1,13,0,0,0,0,0,0,0,0,0,0,iter,0,1,optk,4,dynamic
87,60422,0.1,13,0,0,0,0,0,0,0,0,0,0,iter,0,1,rootk,2,dynamic
87,60422,0.1,14,0,11,11,1.32244e-15,18,3.63653e-08,4.44465e-08,0,0,0,iter,0,1,rootk,2,dynamic
87,60422,0.1,14,0,11,11,1.81827e-08,9,1.81827e-08,2.22233e-08,0,0,0,iter,0,1,k1,1,dynamic
87,60422,0.1,14,0,11,11,2.79814e-29,36,7.27306e-08,8.8893e-08,0,0,0,iter,0,1,optk,4,dynamic
87,60422,0.1,14,1,0,0,0,0,0,0,0,0,0,iter,0,1,k1,1,dynamic
87,60422,0.1,14,1,0,0,0,0,0,0,0,0,0,iter,0,1,optk,4,dynamic
87,60422,0.1,14,1,0,0,0,0,0,0,0,0,0,iter,0,1,rootk,2,dynamic
87,60422,0.1,15,0,13153,13153,1.46772e-09,18963,3.83109e-05,5.31445e-05,0,0,0,iter,0,1,rootk,2,dynamic
87,60422,0.1,15,0,13153,13153,1.91564e-05,9482,1.91564e-05,2.65726e-05,0,0,0,iter,0,1,k1,1,dynamic
87,60422,0.1,15,0,13153,13153,3.44601e-17,37924,7.66177e-05,0.000106286,0,0,0,iter,0,1,optk,4,dynamic
87,60422,0.1,15,1,0,0,0,0,0,0,0,0,0,iter,0,1,k1,1,dynamic
87,60422,0.1,15,1,0,0,0,0,0,0,0,0,0,iter,0,1,optk,4,dynamic
87,60422,0.1,15,1,0,0,0,0,0,0,0,0,0,iter,0,1,rootk,2,dynamic
87,60422,0.1,16,0,358865,358865,0.000482142,238649,0.000482142,0.000724751,0,0,0,iter,0,1,k1,1,dynamic
87,60422,0.1,16,0,358865,358865,1.3789e-11,953824,0.00192701,0.00289585,0,0,0,iter,0,1,optk,4,dynamic
87,60422,0.1,16,0,358865,358865,9.29254e-07,477147,0.000963978,0.00144898,0,0,0,iter,0,1,rootk,2,dynamic
87,60422,0.1,16,1,0,0,0,0,0,0,0,0,0,iter,0,1,optk,4,dynamic
87,60422,0.1,16,1,0,0,0,0,0,0,0,0,0,iter,0,1,rootk,2,dynamic
87,60422,0.1,16,1,1,1,2.0203e-09,1,2.0203e-09,2.0203e-09,0,1,1,iter,0,1,k1,1,dynamic
87,60422,0.1,17,0,2766730,2766730,0.00367546,1819270,0.00367546,0.00557402,0,0,0,iter,0,1,k1,1,dynamic
87,60422,0.1,17,0,2766730,2766730,4.57061e-08,7237332,0.0146216,0.0221104,0,0,0,iter,0,1,optk,4,dynamic
87,60422,0.1,17,0,2766730,2766730,5.38351e-05,3631767,0.00733724,0.011117,0,0,0,iter,0,1,rootk,2,dynamic
87,60422,0.1,17,1,0,0,0,0,0,0,0,0,0,iter,0,1,optk,4,dynamic
87,60422,0.1,17,1,1,1,1.63264e-17,2,4.04059e-09,4.04059e-09,0,1,1,iter,0,1,rootk,2,dynamic
87,60422,0.1,17,1,222,222,1.47482e-07,73,1.47482e-07,4.48506e-07,0,73,73,iter,0,1,k1,1,dynamic
87,60422,0.1,18,0,10249725,10249725,0.00077019,13736746,0.0277523,0.0405691,0,0,0,iter,0,1,rootk,2,dynamic
87,60422,0.1,18,0,10249725,10249725,0.0139731,6916351,0.0139731,0.0204945,0,0,0,iter,0,1,k1,1,dynamic
87,60422,0.1,18,0,10249725,10249725,8.9735e-06,27091029,0.0547319,0.0794923,0,0,0,iter,0,1,optk,4,dynamic
87,60422,0.1,18,1,2989,2989,6.05514e-12,1218,2.46072e-06,1.20773e-05,1,609,610,iter,0,1,rootk,2,dynamic
87,60422,0.1,18,1,601,601,8.25534e-23,1492,3.01428e-06,4.85678e-06,1,373,374,iter,0,1,optk,4,dynamic
87,60422,0.1,18,1,60434,60434,9.43276e-06,4669,9.43276e-06,0.000122087,1,4673,4674,iter,0,1,k1,1,dynamic
87,302109,0.5,11,0,0,0,0,0,0,0,0,0,0,iter,0,1,k1,1,dynamic
87,302109,0.5,11,0,0,0,0,0,0,0,0,0,0,iter,0,1,optk,20,dynamic
87,302109,0.5,11,0,0,0,0,0,0,0,0,0,0,iter,0,1,rootk,4,dynamic
87,302109,0.5,12,0,0,0,0,0,0,0,0,0,0,iter,0,1,k1,1,dynamic
87,302109,0.5,12,0,0,0,0,0,0,0,0,0,0,iter,0,1,optk,20,dynamic
87,302109,0.5,12,0,0,0,0,0,0,0,0,0,0,iter,0,1,rootk,4,dynamic
87,302109,0.5,13,0,0,0,0,0,0,0,0,0,0,iter,0,1,k1,1,dynamic
87,302109,0.5,13,0,0,0,0,0,0,0,0,0,0,iter,0,1,optk,20,dynamic
87,302109,0.5,13,0,0,0,0,0,0,0,0,0,0,iter,0,1,rootk,4,dynamic
87,302109,0.5,14,0,11,11,1.71545e-143,180,7.27309e-08,8.88933e-08,0,0,0,iter,0,1,optk,20,dynamic
87,302109,0.5,14,0,11,11,3.63654e-09,9,3.63654e-09,4.44467e-09,0,0,0,iter,0,1,k1,1,dynamic
87,302109,0.5,14,0,11,11,4.47709e-32,36,1.45462e-08,1.77787e-08,0,0,0,iter,0,1,rootk,4,dynamic
87,302109,0.5,14,1,0,0,0,0,0,0,0,0,0,iter,0,1,k1,1,dynamic
87,302109,0.5,14,1,0,0,0,0,0,0,0,0,0,iter,0,1,optk,20,dynamic
87,302109,0.5,14,1,0,0,0,0,0,0,0,0,0,iter,0,1,rootk,4,dynamic
87,302109,0.5,15,0,13153,13153,3.8313e-06,9482,3.8313e-06,5.31459e-06,0,0,0,iter,0,1,k1,1,dynamic
87,302109,0.5,15,0,13153,13153,4.86433e-83,189629,7.66216e-05,0.000106287,0,0,0,iter,0,1,optk,20,dynamic
87,302109,0.5,15,0,13153,13153,5.51601e-20,37928,1.53252e-05,2.12582e-05,0,0,0,iter,0,1,rootk,4,dynamic
87,302109,0.5,15,1,0,0,0,0,0,0,0,0,0,iter,0,1,k1,1,dynamic
87,302109,0.5,15,1,0,0,0,0,0,0,0,0,0,iter,0,1,optk,20,dynamic
87,302109,0.5,15,1,0,0,0,0,0,0,0,0,0,iter,0,1,rootk,4,dynamic
87,302109,0.5,16,0,358865,358865,2.21351e-14,954606,0.000385719,0.000579845,0,0,0,iter,0,1,rootk,4,dynamic
87,302109,0.5,16,0,358865,358865,4.99019e-55,4769353,0.00192711,0.00289586,0,0,0,iter,0,1,optk,20,dynamic
87,302109,0.5,16,0,358865,358865,9.6446e-05,238692,9.6446e-05,0.000144993,0,0,0,iter,0,1,k1,1,dynamic
87,302109,0.5,16,1,0,0,0,0,0,0,0,0,0,iter,0,1,k1,1,dynamic
87,302109,0.5,16,1,0,0,0,0,0,0,0,0,0,iter,0,1,optk,20,dynamic
87,302109,0.5,16,1,0,0,0,0,0,0,0,0,0,iter,0,1,rootk,4,dynamic
87,302109,0.5,17,0,2766730,2766730,0.00073617,1821929,0.00073617,0.0011173,0,0,0,iter,0,1,k1,1,dynamic
87,302109,0.5,17,0,2766730,2766730,1.9944e-37,36186302,0.0146215,0.0221104,0,0,0,iter,0,1,optk,20,dynamic
87,302109,0.5,17,0,2766730,2766730,7.48666e-11,7279903,0.00294152,0.00446172,0,0,0,iter,0,1,rootk,4,dynamic
87,302109,0.5,17,1,0,0,0,0,0,0,0,0,0,iter,0,1,optk,20,dynamic
87,302109,0.5,17,1,0,0,0,0,0,0,0,0,0,iter,0,1,rootk,4,dynamic
87,302109,0.5,17,1,135,135,8.88933e-09,22,8.88933e-09,5.45482e-08,0,22,22,iter,0,1,k1,1,dynamic
87,302109,0.5,18,0,10249725,10249725,0.00281046,6955554,0.00281046,0.00413294,0,0,0,iter,0,1,k1,1,dynamic
87,302109,0.5,18,0,10249725,10249725,1.57036e-08,27704696,0.0111944,0.0164296,0,0,0,iter,0,1,rootk,4,dynamic
87,302109,0.5,18,0,10249725,10249725,5.82126e-26,135457932,0.0547332,0.0794925,0,0,0,iter,0,1,optk,20,dynamic
87,302109,0.5,18,1,13911,13911,5.08712e-07,1259,5.08712e-07,5.62087e-06,1,1259,1260,iter,0,1,k1,1,dynamic
87,302109,0.5,18,1,557,557,1.27889e-25,1480,5.9801e-07,9.00246e-07,1,370,371,iter,0,1,rootk,4,dynamic
87,302109,0.5,18,1,557,557,3.26259e-111,7400,2.99005e-06,4.50122e-06,1,370,371,iter,0,1,optk,20,dynamic
88,34,0.001,10,0,0,0,0,0,0,0,0,0,0,iter,0,1,k1,1,dynamic
88,34,0.001,10,0,0,0,0,0,0,0,0,0,0,iter,0,1,optk,1,dynamic
88,34,0.001,10,0,0,0,0,0,0,0,0,0,0,iter,0,1,rootk,1,dynamic
88,34,0.001,11,0,0,0,0,0,0,0,0,0,0,iter,0,1,k1,1,dynamic
88,34,0.001,11,0,0,0,0,0,0,0,0,0,0,iter,0,1,optk,1,dynamic
88,34,0.001,11,0,0,0,0,0,0,0,0,0,0,iter,0,1,rootk,1,dynamic
88,34,0.001,12,0,0,0,0,0,0,0,0,0,0,iter,0,1,k1,1,dynamic
88,34,0.001,12,0,0,0,0,0,0,0,0,0,0,iter,0,1,optk,1,dynamic
88,34,0.001,12,0,0,0,0,0,0,0,0,0,0,iter,0,1,rootk,1,dynamic
88,34,0.001,13,0,6,6,7.18061e-06,2,7.18061e-06,2.15416e-05,0,0,0,iter,0,1,k1,1,dynamic
88,34,0.001,13,0,6,6,7.18061e-06,2,7.18061e-06,2.15416e-05,0,0,0,iter,0,1,optk,1,dynamic
88,34,0.001,13,0,6,6,7.18061e-06,2,7.18061e-06,2.15416e-05,0,0,0,iter,0,1,rootk,1,dynamic
88,34,0.001,13,1,0,0,0,0,0,0,0,0,0,iter,0,1,k1,1,dynamic
88,34,0.001,13,1,0,0,0,0,0,0,0,0,0,iter,0,1,optk,1,dynamic
88,34,0.001,13,1,0,0,0,0,0,0,0,0,0,iter,0,1,rootk,1,dynamic
88,34,0.001,14,0,1269,1269,0.00271427,756,0.00271427,0.00454573,0,0,0,iter,0,1,k1,1,dynamic
88,34,0.001,14,0,1269,1269,0.00271427,756,0.00271427,0.00454573,0,0,0,iter,0,1,rootk,1,dynamic
88,34,0.001,14,0,1269,1269,0.00271786,757,0.00271786,0.00454573,0,0,0,iter,0,1,optk,1,dynamic
88,34,0.001,14,1,0,0,0,0,0,0,0,0,0,iter,0,1,optk,1,dynamic
88,34,0.001,14,1,1,1,3.5903e-06,1,3.5903e-06,3.5903e-06,0,1,1,iter,0,1,k1,1,dynamic
88,34,0.001,14,1,3,3,1.07709e-05,3,1.07709e-05,1.07709e-05,0,3,3,iter,0,1,rootk,1,dynamic
88,34,0.001,15,0,86014,86014,0.138062,38454,0.138062,0.265684,0,0,0,iter,0,1,rootk,1,dynamic
88,34,0.001,15,0,86014,86014,0.138263,38510,0.138263,0.265684,0,0,0,iter,0,1,optk,1,dynamic
88,34,0.001,15,0,86014,86014,0.138334,38530,0.138334,0.265684,0,0,0,iter,0,1,k1,1,dynamic
88,34,0.001,15,1,4156,4156,0.00615378,1714,0.00615378,0.0148105,0,1778,1778,iter,0,1,optk,1,dynamic
88,34,0.001,15,1,4473,4473,0.00608197,1694,0.00608197,0.0159312,0,1748,1748,iter,0,1,k1,1,dynamic
88,34,0.001,15,1,4521,4521,0.00654871,1824,0.00654871,0.0161007,0,0,0,iter,0,1,rootk,1,dynamic
88,34,0.001,15,2,640,640,0.00103042,287,0.00103042,0.00229516,336,0,336,iter,0,1,rootk,1,dynamic
88,34,0.001,16,0,1930898,1930898,0.954967,265985,0.954967,0.999024,0,0,0,iter,0,1,optk,1,dynamic
88,34,0.001,16,0,1930898,1930898,0.954992,265992,0.954992,0.999024,0,0,0,iter,0,1,k1,1,dynamic
88,34,0.001,16,0,1930898,1930898,0.955276,266071,0.955276,0.999024,0,0,0,iter,0,1,rootk,1,dynamic
88,34,0.001,16,0,98540,98540,0.147393,41053,0.147393,0.297977,53684,0,53684,type,0,8,optk,1,dynamic
88,34,0.001,16,0,99383,99383,0.1474,41055,0.1474,0.300098,53817,0,53817,type,0,8,rootk,1,dynamic
88,34,0.001,16,0,99832,99832,0.148111,41253,0.148111,0.301225,53928,0,53928,type,0,8,k1,1,dynamic
88,34,0.001,16,1,101106,101106,0.148635,41399,0.148635,0.304414,54294,0,54294,type,1,8,optk,1,dynamic
88,34,0.001,16,1,644492,644492,0.414727,115513,0.414727,0.901127,0,0,0,iter,0,1,rootk,1,dynamic
88,34,0.001,16,1,646993,646993,0.415305,115674,0.415305,0.902011,0,0,0,iter,0,1,optk,1,dynamic
88,34,0.001,16,1,647363,647363,0.415811,115815,0.415811,0.902141,0,0,0,iter,0,1,k1,1,dynamic
88,34,0.001,16,1,99695,99695,0.149296,41583,0.149296,0.300882,54365,0,54365,type,1,8,k1,1,dynamic
88,34,0.001,16,1,99720,99720,0.148822,41451,0.148822,0.300944,54362,0,54362,type,1,8,rootk,1,dynamic
88,34,0.001,16,2,100289,100289,0.148865,41463,0.148865,0.302371,54144,0,54144,type,2,8,rootk,1,dynamic
88,34,0.001,16,2,99007,99007,0.147472,41075,0.147472,0.299153,53729,0,53729,type,2,8,k1,1,dynamic
88,34,0.001,16,2,99795,99795,0.148186,41274,0.148186,0.301133,53900,0,53900,type,2,8,optk,1,dynamic
88,34,0.001,16,3,100601,100601,0.149048,41514,0.149048,0.303152,54266,1,54267,type,3,8,optk,1,dynamic
88,34,0.001,16,3,101177,101177,0.149109,41531,0.149109,0.304592,54558,1,54559,type,3,8,rootk,1,dynamic
88,34,0.001,16,3,101390,101390,0.149608,41670,0.149608,0.305123,54606,1,54607,type,3,8,k1,1,dynamic
88,342,0.01,10,0,0,0,0,0,0,0,0,0,0,iter,0,1,k1,1,dynamic
88,342,0.01,10,0,0,0,0,0,0,0,0,0,0,iter,0,1,optk,1,dynamic
88,342,0.01,10,0,0,0,0,0,0,0,0,0,0,iter,0,1,rootk,1,dynamic
88,342,0.01,11,0,0,0,0,0,0,0,0,0,0,iter,0,1,k1,1,dynamic
88,342,0.01,11,0,0,0,0,0,0,0,0,0,0,iter,0,1,optk,1,dynamic
88,342,0.01,11,0,0,0,0,0,0,0,0,0,0,iter,0,1,rootk,1,dynamic
88,342,0.01,12,0,0,0,0,0,0,0,0,0,0,iter,0,1,k1,1,dynamic
88,342,0.01,12,0,0,0,0,0,0,0,0,0,0,iter,0,1,optk,1,dynamic
88,342,0.01,12,0,0,0,0,0,0,0,0,0,0,iter,0,1,rootk,1,dynamic
88,342,0.01,13,0,6,6,7.13861e-07,2,7.13861e-07,2.14158e-06,0,0,0,iter,0,1,k1,1,dynamic
88,342,0.01,13,0,6,6,7.13861e-07,2,7.13861e-07,2.14158e-06,0,0,0,iter,0,1,optk,1,dynamic
88,342,0.01,13,0,6,6,7.13861e-07,2,7.13861e-07,2.14158e-06,0,0,0,iter,0,1,rootk,1,dynamic
88,342,0.01,13,1,0,0,0,0,0,0,0,0,0,iter,0,1,k1,1,dynamic
88,342,0.01,13,1,0,0,0,0,0,0,0,0,0,iter,0,1,optk,1,dynamic
88,342,0.01,13,1,0,0,0,0,0,0,0,0,0,iter,0,1,rootk,1,dynamic
88,342,0.01,14,0,1269,1269,0.000270197,757,0.000270197,0.000452843,0,0,0,iter,0,1,k1,1,dynamic
88,342,0.01,14,0,1269,1269,0.000270197,757,0.000270197,0.000452843,0,0,0,iter,0,1,optk,1,dynamic
88,342,0.01,14,0,1269,1269,0.000270197,757,0.000270197,0.000452843,0,0,0,iter,0,1,rootk,1,dynamic
88,342,0.01,14,1,0,0,0,0,0,0,0,0,0,iter,0,1,optk,1,dynamic
88,342,0.01,14,1,0,0,0,0,0,0,0,0,0,iter,0,1,rootk,1,dynamic
88,342,0.01,14,1,2,2,7.13861e-07,2,7.13861e-07,7.13861e-07,0,2,2,iter,0,1,k1,1,dynamic
88,342,0.01,15,0,86014,86014,0.0146866,41147,0.0146866,0.0302345,0,0,0,iter,0,1,rootk,1,dynamic
88,342,0.01,15,0,86014,86014,0.014687,41148,0.014687,0.0302345,0,0,0,iter,0,1,k1,1,dynamic
88,342,0.01,15,0,86014,86014,0.0146877,41150,0.0146877,0.0302345,0,0,0,iter,0,1,optk,1,dynamic
88,342,0.01,15,1,426,426,6.46045e-05,181,6.46045e-05,0.000152041,0,181,181,iter,0,1,k1,1,dynamic
88,342,0.01,15,1,463,463,6.99584e-05,196,6.99584e-05,0.000165245,0,197,197,iter,0,1,rootk,1,dynamic
88,342,0.01,15,1,536,536,6.81738e-05,191,6.81738e-05,0.000191297,0,191,191,iter,0,1,optk,1,dynamic
88,342,0.01,16,0,1930898,1930898,0.265122,742784,0.265122,0.498021,0,0,0,iter,0,1,rootk,1,dynamic
88,342,0.01,16,0,1930898,1930898,0.265196,742991,0.265196,0.498021,0,0,0,iter,0,1,k1,1,dynamic
88,342,0.01,16,0,1930898,1930898,0.265246,743130,0.265246,0.498021,0,0,0,iter,0,1,optk,1,dynamic
88,342,0.01,16,1,178387,178387,0.014637,41008,0.014637,0.0616871,0,0,0,iter,0,1,rootk,1,dynamic
88,342,0.01,16,1,178539,178539,0.0146956,41172,0.0146956,0.061738,0,0,0,iter,0,1,k1,1,dynamic
88,342,0.01,16,1,181807,181807,0.0146913,41160,0.0146913,0.0628318,0,0,0,iter,0,1,optk,1,dynamic
88,342,0.01,16,2,27820,27820,0.00446199,12501,0.00446199,0.00988068,16359,1,16360,iter,0,1,optk,1,dynamic
88,342,0.01,16,2,28017,28017,0.00448983,12579,0.00448983,0.00995029,16468,1,16469,iter,0,1,k1,1,dynamic
88,342,0.01,16,2,28719,28719,0.00450589,12624,0.00450589,0.0101983,16648,1,16649,iter,0,1,rootk,1,dynamic
88,3422,0.1,10,0,0,0,0,0,0,0,0,0,0,iter,0,1,k1,1,dynamic
88,3422,0.1,10,0,0,0,0,0,0,0,0,0,0,iter,0,1,optk,5,dynamic
88,3422,0.1,10,0,0,0,0,0,0,0,0,0,0,iter,0,1,rootk,2,dynamic
88,3422,0.1,11,0,0,0,0,0,0,0,0,0,0,iter,0,1,k1,1,dynamic
88,3422,0.1,11,0,0,0,0,0,0,0,0,0,0,iter,0,1,optk,5,dynamic
88,3422,0.1,11,0,0,0,0,0,0,0,0,0,0,iter,0,1,rootk,2,dynamic
88,3422,0.1,12,0,0,0,0,0,0,0,0,0,0,iter,0,1,k1,1,dynamic
88,3422,0.1,12,0,0,0,0,0,0,0,0,0,0,iter,0,1,optk,5,dynamic
88,3422,0.1,12,0,0,0,0,0,0,0,0,0,0,iter,0,1,rootk,2,dynamic
88,3422,0.1,13,0,6,6,2.03601e-14,4,1.42689e-07,4.28066e-07,0,0,0,iter,0,1,rootk,2,dynamic
88,3422,0.1,13,0,6,6,5.77631e-33,10,3.56722e-07,1.07017e-06,0,0,0,iter,0,1,optk,5,dynamic
88,3422,0.1,13,0,6,6,7.13444e-08,2,7.13444e-08,2.14033e-07,0,0,0,iter,0,1,k1,1,dynamic
88,3422,0.1,13,1,0,0,0,0,0,0,0,0,0,iter,0,1,k1,1,dynamic
88,3422,0.1,13,1,0,0,0,0,0,0,0,0,0,iter,0,1,optk,5,dynamic
88,3422,0.1,13,1,0,0,0,0,0,0,0,0,0,iter,0,1,rootk,2,dynamic
88,3422,0.1,14,0,1269,1269,2.70039e-05,757,2.70039e-05,4.5267e-05,0,0,0,iter,0,1,k1,1,dynamic
88,3422,0.1,14,0,1269,1269,2.91683e-09,1514,5.40077e-05,9.0532e-05,0,0,0,iter,0,1,rootk,2,dynamic
88,3422,0.1,14,0,1269,1269,4.48724e-20,3785,0.000135019,0.000226315,0,0,0,iter,0,1,optk,5,dynamic
88,3422,0.1,14,1,0,0,0,0,0,0,0,0,0,iter,0,1,k1,1,dynamic
88,3422,0.1,14,1,0,0,0,0,0,0,0,0,0,iter,0,1,optk,5,dynamic
88,3422,0.1,14,1,0,0,0,0,0,0,0,0,0,iter,0,1,rootk,2,dynamic
88,3422,0.1,15,0,86014,86014,0.00147733,41414,0.00147733,0.00306361,0,0,0,iter,0,1,k1,1,dynamic
88,3422,0.1,15,0,86014,86014,2.1656e-11,206436,0.00736403,0.0152245,0,0,0,iter,0,1,optk,5,dynamic
88,3422,0.1,15,0,86014,86014,8.71104e-06,82738,0.00295145,0.00611783,0,0,0,iter,0,1,rootk,2,dynamic
88,3422,0.1,15,1,0,0,0,0,0,0,0,0,0,iter,0,1,optk,5,dynamic
88,3422,0.1,15,1,0,0,0,0,0,0,0,0,0,iter,0,1,rootk,2,dynamic
88,3422,0.1,15,1,28,28,6.421e-07,18,6.421e-07,9.98821e-07,0,18,18,iter,0,1,k1,1,dynamic
88,3422,0.1,16,0,1930898,1930898,0.00356936,1674808,0.0597441,0.128691,0,0,0,iter,0,1,rootk,2,dynamic
88,3422,0.1,16,0,1930898,1930898,0.0303283,850194,0.0303283,0.0665608,0,0,0,iter,0,1,k1,1,dynamic
88,3422,0.1,16,0,1930898,1930898,5.9193e-05,4000590,0.14271,0.291352,0,0,0,iter,0,1,optk,5,dynamic
88,3422,0.1,16,1,13,13,4.49166e-29,60,2.14033e-06,2.31869e-06,1,12,13,iter,0,1,optk,5,dynamic
88,3422,0.1,16,1,21027,21027,0.000166946,4680,0.000166946,0.000749798,1,4724,4725,iter,0,1,k1,1,dynamic
88,3422,0.1,16,1,2616,2616,1.62486e-09,1130,4.03096e-05,0.00018662,1,565,566,iter,0,1,rootk,2,dynamic
88,17109,0.5,10,0,0,0,0,0,0,0,0,0,0,iter,0,1,k1,1,dynamic
88,17109,0.5,10,0,0,0,0,0,0,0,0,0,0,iter,0,1,optk,23,dynamic
88,17109,0.5,10,0,0,0,0,0,0,0,0,0,0,iter,0,1,rootk,5,dynamic
88,17109,0.5,11,0,0,0,0,0,0,0,0,0,0,iter,0,1,k1,1,dynamic
88,17109,0.5,11,0,0,0,0,0,0,0,0,0,0,iter,0,1,optk,23,dynamic
88,17109,0.5,11,0,0,0,0,0,0,0,0,0,0,iter,0,1,rootk,5,dynamic
88,17109,0.5,12,0,0,0,0,0,0,0,0,0,0,iter,0,1,k1,1,dynamic
88,17109,0.5,12,0,0,0,0,0,0,0,0,0,0,iter,0,1,optk,23,dynamic
88,17109,0.5,12,0,0,0,0,0,0,0,0,0,0,iter,0,1,rootk,5,dynamic
88,17109,0.5,13,0,6,6,1.42697e-08,2,1.42697e-08,4.28092e-08,0,0,0,iter,0,1,k1,1,dynamic
88,17109,0.5,13,0,6,6,1.84896e-36,10,7.13486e-08,2.14046e-07,0,0,0,iter,0,1,rootk,5,dynamic
88,17109,0.5,13,0,6,6,7.43524e-150,46,3.28204e-07,9.8461e-07,0,0,0,iter,0,1,optk,23,dynamic
88,17109,0.5,13,1,0,0,0,0,0,0,0,0,0,iter,0,1,k1,1,dynamic
88,17109,0.5,13,1,0,0,0,0,0,0,0,0,0,iter,0,1,optk,23,dynamic
88,17109,0.5,13,1,0,0,0,0,0,0,0,0,0,iter,0,1,rootk,5,dynamic
88,17109,0.5,14,0,1269,1269,1.43634e-23,3785,2.70054e-05,4.52697e-05,0,0,0,iter,0,1,rootk,5,dynamic
88,17109,0.5,14,0,1269,1269,1.46828e-90,17411,0.000124225,0.000208223,0,0,0,iter,0,1,optk,23,dynamic
88,17109,0.5,14,0,1269,1269,5.40109e-06,757,5.40109e-06,9.0541e-06,0,0,0,iter,0,1,k1,1,dynamic
88,17109,0.5,14,1,0,0,0,0,0,0,0,0,0,iter,0,1,k1,1,dynamic
88,17109,0.5,14,1,0,0,0,0,0,0,0,0,0,iter,0,1,optk,23,dynamic
88,17109,0.5,14,1,0,0,0,0,0,0,0,0,0,iter,0,1,rootk,5,dynamic
88,17109,0.5,15,0,86014,86014,0.000295654,41438,0.000295654,0.00061351,0,0,0,iter,0,1,k1,1,dynamic
88,17109,0.5,15,0,86014,86014,1.30286e-50,949942,0.0067777,0.0140159,0,0,0,iter,0,1,optk,23,dynamic
88,17109,0.5,15,0,86014,86014,7.03377e-15,207039,0.00147719,0.00306379,0,0,0,iter,0,1,rootk,5,dynamic
88,17109,0.5,15,1,0,0,0,0,0,0,0,0,0,iter,0,1,optk,23,dynamic
88,17109,0.5,15,1,0,0,0,0,0,0,0,0,0,iter,0,1,rootk,5,dynamic
88,17109,0.5,15,1,2,2,1.42697e-08,2,1.42697e-08,1.42697e-08,0,2,2,iter,0,1,k1,1,dynamic
88,17109,0.5,16,0,1930898,1930898,0.00614199,860843,0.00614199,0.0136822,0,0,0,iter,0,1,k1,1,dynamic
88,17109,0.5,16,0,1930898,1930898,2.56879e-08,4251678,0.0303351,0.0665645,0,0,0,iter,0,1,rootk,5,dynamic
88,17109,0.5,16,0,1930898,1930898,6.06143e-21,18518086,0.132124,0.27157,0,0,0,iter,0,1,optk,23,dynamic
88,17109,0.5,16,1,4,4,5.91667e-35,20,1.42697e-07,1.42697e-07,1,4,5,iter,0,1,rootk,5,dynamic
88,17109,0.5,16,1,4,4,6.23713e-143,92,6.56407e-07,6.56407e-07,1,4,5,iter,0,1,optk,23,dynamic
88,17109,0.5,16,1,4012,4012,7.04924e-06,988,7.04924e-06,2.86246e-05,1,990,991,iter,0,1,k1,1,dynamic
89,5,0.001,10,0,0,0,0,0,0,0,0,0,0,iter,0,1,k1,1,dynamic
89,5,0.001,10,0,0,0,0,0,0,0,0,0,0,iter,0,1,optk,1,dynamic
89,5,0.001,10,0,0,0,0,0,0,0,0,0,0,iter,0,1,rootk,1,dynamic
89,5,0.001,11,0,0,0,0,0,0,0,0,0,0,iter,0,1,k1,1,dynamic
89,5,0.001,11,0,0,0,0,0,0,0,0,0,0,iter,0,1,optk,1,dynamic
89,5,0.001,11,0,0,0,0,0,0,0,0,0,0,iter,0,1,rootk,1,dynamic
89,5,0.001,12,0,0,0,0,0,0,0,0,0,0,iter,0,1,k1,1,dynamic
89,5,0.001,12,0,0,0,0,0,0,0,0,0,0,iter,0,1,optk,1,dynamic
89,5,0.001,12,0,0,0,0,0,0,0,0,0,0,iter,0,1,rootk,1,dynamic
89,5,0.001,13,0,17,17,0.000219727,9,0.000219727,0.000414953,0,0,0,iter,0,1,k1,1,dynamic
89,5,0.001,13,0,17,17,0.000219727,9,0.000219727,0.000414953,0,0,0,iter,0,1,optk,1,dynamic
89,5,0.001,13,0,17,17,0.000219727,9,0.000219727,0.000414953,0,0,0,iter,0,1,rootk,1,dynamic
89,5,0.001,13,1,0,0,0,0,0,0,0,0,0,iter,0,1,k1,1,dynamic
89,5,0.001,13,1,0,0,0,0,0,0,0,0,0,iter,0,1,optk,1,dynamic
89,5,0.001,13,1,0,0,0,0,0,0,0,0,0,iter,0,1,rootk,1,dynamic
89,5,0.001,14,0,3813,3813,0.0498779,2043,0.0498779,0.0888893,0,0,0,iter,0,1,optk,1,dynamic
89,5,0.001,14,0,3813,3813,0.0499756,2047,0.0499756,0.0888893,0,0,0,iter,0,1,rootk,1,dynamic
89,5,0.001,14,0,3813,3813,0.0502441,2058,0.0502441,0.0888893,0,0,0,iter,0,1,k1,1,dynamic
89,5,0.001,14,1,213,213,0.00373535,153,0.00373535,0.0051867,0,166,166,iter,0,1,k1,1,dynamic
89,5,0.001,14,1,248,248,0.00351563,144,0.00351563,0.00603639,0,154,154,iter,0,1,rootk,1,dynamic
89,5,0.001,14,1,249,249,0.00344238,141,0.00344238,0.00606066,0,155,155,iter,0,1,optk,1,dynamic
89,5,0.001,15,0,11893,11893,0.135278,5541,0.135278,0.252003,6547,1,6548,type,0,8,rootk,1,dynamic
89,5,0.001,15,0,12076,12076,0.135645,5556,0.135645,0.255338,6554,1,6555,type,0,8,optk,1,dynamic
89,5,0.001,15,0,12164,12164,0.135083,5533,0.135083,0.256936,6581,1,6582,type,0,8,k1,1,dynamic
89,5,0.001,15,0,165191,165191,0.866138,35477,0.866138,0.982279,0,0,0,iter,0,1,optk,1,dynamic
89,5,0.001,15,0,165191,165191,0.86731,35525,0.86731,0.982279,0,0,0,iter,0,1,k1,1,dynamic
89,5,0.001,15,0,165191,165191,0.867529,35534,0.867529,0.982279,0,0,0,iter,0,1,rootk,1,dynamic
89,5,0.001,15,1,89103,89103,0.574414,23528,0.574414,0.886433,0,0,0,iter,0,1,optk,1,dynamic
89,5,0.001,15,1,89398,89398,0.575586,23576,0.575586,0.887248,0,0,0,iter,0,1,rootk,1,dynamic
89,5,0.001,15,1,89484,89484,0.575122,23557,0.575122,0.887485,0,0,0,iter,0,1,k1,1,dynamic
89,51,0.01,10,0,0,0,0,0,0,0,0,0,0,iter,0,1,k1,1,dynamic
89,51,0.01,10,0,0,0,0,0,0,0,0,0,0,iter,0,1,optk,1,dynamic
89,51,0.01,10,0,0,0,0,0,0,0,0,0,0,iter,0,1,rootk,1,dynamic
89,51,0.01,11,0,0,0,0,0,0,0,0,0,0,iter,0,1,k1,1,dynamic
89,51,0.01,11,0,0,0,0,0,0,0,0,0,0,iter,0,1,optk,1,dynamic
89,51,0.01,11,0,0,0,0,0,0,0,0,0,0,iter,0,1,rootk,1,dynamic
89,51,0.01,12,0,0,0,0,0,0,0,0,0,0,iter,0,1,k1,1,dynamic
89,51,0.01,12,0,0,0,0,0,0,0,0,0,0,iter,0,1,optk,1,dynamic
89,51,0.01,12,0,0,0,0,0,0,0,0,0,0,iter,0,1,rootk,1,dynamic
89,51,0.01,13,0,17,17,2.15418e-05,9,2.15418e-05,4.06893e-05,0,0,0,iter,0,1,k1,1,dynamic
89,51,0.01,13,0,17,17,2.15418e-05,9,2.15418e-05,4.06893e-05,0,0,0,iter,0,1,optk,1,dynamic
89,51,0.01,13,0,17,17,2.15418e-05,9,2.15418e-05,4.06893e-05,0,0,0,iter,0,1,rootk,1,dynamic
89,51,0.01,13,1,0,0,0,0,0,0,0,0,0,iter,0,1,k1,1,dynamic
89,51,0.01,13,1,0,0,0,0,0,0,0,0,0,iter,0,1,optk,1,dynamic
89,51,0.01,13,1,0,0,0,0,0,0,0,0,0,iter,0,1,rootk,1,dynamic
89,51,0.01,14,0,3813,3813,0.00501206,2094,0.00501206,0.00908503,0,0,0,iter,0,1,k1,1,dynamic
89,51,0.01,14,0,3813,3813,0.00501685,2096,0.00501685,0.00908503,0,0,0,iter,0,1,rootk,1,dynamic
89,51,0.01,14,0,3813,3813,0.00501924,2097,0.00501924,0.00908503,0,0,0,iter,0,1,optk,1,dynamic
89,51,0.01,14,1,17,17,1.67547e-05,7,1.67547e-05,4.06893e-05,0,7,7,iter,0,1,optk,1,dynamic
89,51,0.01,14,1,23,23,2.63289e-05,11,2.63289e-05,5.50498e-05,0,11,11,iter,0,1,rootk,1,dynamic
89,51,0.01,14,1,27,27,3.82966e-05,16,3.82966e-05,6.46234e-05,0,16,16,iter,0,1,k1,1,dynamic
89,51,0.01,15,0,165191,165191,0.178292,74489,0.178292,0.326583,0,0,0,iter,0,1,k1,1,dynamic
89,51,0.01,15,0,165191,165191,0.178543,74594,0.178543,0.326583,0,0,0,iter,0,1,rootk,1,dynamic
89,51,0.01,15,0,165191,165191,0.178656,74641,0.178656,0.326583,0,0,0,iter,0,1,optk,1,dynamic
89,51,0.01,15,1,18159,18159,0.0169008,7061,0.0169008,0.0425332,0,0,0,iter,0,1,rootk,1,dynamic
89,51,0.01,15,1,18218,18218,0.017042,7120,0.017042,0.0426684,0,0,0,iter,0,1,k1,1,dynamic
89,51,0.01,15,1,18231,18231,0.0168457,7038,0.0168457,0.0426982,0,0,0,iter,0,1,optk,1,dynamic
89,51,0.01,15,2,2646,2646,0.00330787,1382,0.00330787,0.00631328,1675,1,1676,iter,0,1,rootk,1,dynamic
89,51,0.01,15,2,3075,3075,0.00327436,1368,0.00327436,0.0073331,1637,1,1638,iter,0,1,k1,1,dynamic
89,51,0.01,15,2,3084,3084,0.00338446,1414,0.00338446,0.00735449,1680,1,1681,iter,0,1,optk,1,dynamic
89,508,0.1,10,0,0,0,0,0,0,0,0,0,0,iter,0,1,k1,1,dynamic
89,508,0.1,10,0,0,0,0,0,0,0,0,0,0,iter,0,1,optk,4,dynamic
89,508,0.1,10,0,0,0,0,0,0,0,0,0,0,iter,0,1,rootk,2,dynamic
89,508,0.1,11,0,0,0,0,0,0,0,0,0,0,iter,0,1,k1,1,dynamic
89,508,0.1,11,0,0,0,0,0,0,0,0,0,0,iter,0,1,optk,4,dynamic
89,508,0.1,11,0,0,0,0,0,0,0,0,0,0,iter,0,1,rootk,2,dynamic
89,508,0.1,12,0,0,0,0,0,0,0,0,0,0,iter,0,1,k1,1,dynamic
89,508,0.1,12,0,0,0,0,0,0,0,0,0,0,iter,0,1,optk,4,dynamic
89,508,0.1,12,0,0,0,0,0,0,0,0,0,0,iter,0,1,rootk,2,dynamic
89,508,0.1,13,0,17,17,1.87084e-11,18,4.32533e-06,8.17003e-06,0,0,0,iter,0,1,rootk,2,dynamic
89,508,0.1,13,0,17,17,2.16266e-06,9,2.16266e-06,4.08502e-06,0,0,0,iter,0,1,k1,1,dynamic
89,508,0.1,13,0,17,17,5.60009e-21,36,8.65065e-06,1.634e-05,0,0,0,iter,0,1,optk,4,dynamic
89,508,0.1,13,1,0,0,0,0,0,0,0,0,0,iter,0,1,k1,1,dynamic
89,508,0.1,13,1,0,0,0,0,0,0,0,0,0,iter,0,1,optk,4,dynamic
89,508,0.1,13,1,0,0,0,0,0,0,0,0,0,iter,0,1,rootk,2,dynamic
89,508,0.1,14,0,3813,3813,0.000505342,2103,0.000505342,0.000915829,0,0,0,iter,0,1,k1,1,dynamic
89,508,0.1,14,0,3813,3813,1.02051e-06,4204,0.0010102,0.00183082,0,0,0,iter,0,1,rootk,2,dynamic
89,508,0.1,14,0,3813,3813,1.65998e-11,8400,0.00201849,0.00365829,0,0,0,iter,0,1,optk,4,dynamic
89,508,0.1,14,1,0,0,0,0,0,0,0,0,0,iter,0,1,optk,4,dynamic
89,508,0.1,14,1,0,0,0,0,0,0,0,0,0,iter,0,1,rootk,2,dynamic
89,508,0.1,14,1,4,4,4.80592e-07,2,4.80592e-07,9.61183e-07,0,2,2,iter,0,1,k1,1,dynamic
89,508,0.1,15,0,165191,165191,0.00150036,161195,0.0387345,0.0763199,0,0,0,iter,0,1,rootk,2,dynamic
89,508,0.1,15,0,165191,165191,0.0195421,81325,0.0195421,0.0389172,0,0,0,iter,0,1,k1,1,dynamic
89,508,0.1,15,0,165191,165191,3.32982e-05,316125,0.0759635,0.146815,0,0,0,iter,0,1,optk,4,dynamic
89,508,0.1,15,1,120,120,1.2992e-09,150,3.60444e-05,5.76694e-05,1,75,76,iter,0,1,rootk,2,dynamic
89,508,0.1,15,1,2157,2157,0.000184547,768,0.000184547,0.000518184,1,776,777,iter,0,1,k1,1,dynamic
89,508,0.1,15,1,22,22,1.65998e-19,84,2.01849e-05,2.11458e-05,1,21,22,iter,0,1,optk,4,dynamic
89,2539,0.5,10,0,0,0,0,0,0,0,0,0,0,iter,0,1,k1,1,dynamic
89,2539,0.5,10,0,0,0,0,0,0,0,0,0,0,iter,0,1,optk,22,dynamic
89,2539,0.5,10,0,0,0,0,0,0,0,0,0,0,iter,0,1,rootk,5,dynamic
89,2539,0.5,11,0,0,0,0,0,0,0,0,0,0,iter,0,1,k1,1,dynamic
89,2539,0.5,11,0,0,0,0,0,0,0,0,0,0,iter,0,1,optk,22,dynamic
89,2539,0.5,11,0,0,0,0,0,0,0,0,0,0,iter,0,1,rootk,5,dynamic
89,2539,0.5,12,0,0,0,0,0,0,0,0,0,0,iter,0,1,k1,1,dynamic
89,2539,0.5,12,0,0,0,0,0,0,0,0,0,0,iter,0,1,optk,22,dynamic
89,2539,0.5,12,0,0,0,0,0,0,0,0,0,0,iter,0,1,rootk,5,dynamic
89,2539,0.5,13,0,17,17,3.38436e-111,198,9.51947e-06,1.79811e-05,0,0,0,iter,0,1,optk,22,dynamic
89,2539,0.5,13,0,17,17,4.32703e-07,9,4.32703e-07,8.17327e-07,0,0,0,iter,0,1,k1,1,dynamic
89,2539,0.5,13,0,17,17,4.74023e-29,45,2.16351e-06,4.08663e-06,0,0,0,iter,0,1,rootk,5,dynamic
89,2539,0.5,13,1,0,0,0,0,0,0,0,0,0,iter,0,1,k1,1,dynamic
89,2539,0.5,13,1,0,0,0,0,0,0,0,0,0,iter,0,1,optk,22,dynamic
89,2539,0.5,13,1,0,0,0,0,0,0,0,0,0,iter,0,1,rootk,5,dynamic
89,2539,0.5,14,0,3813,3813,0.000101108,2103,0.000101108,0.000183305,0,0,0,iter,0,1,k1,1,dynamic
89,2539,0.5,14,0,3813,3813,3.29577e-17,10511,0.000505349,0.000916189,0,0,0,iter,0,1,rootk,5,dynamic
89,2539,0.5,14,0,3813,3813,4.23675e-59,46210,0.00222169,0.00402496,0,0,0,iter,0,1,optk,22,dynamic
89,2539,0.5,14,1,0,0,0,0,0,0,0,0,0,iter,0,1,k1,1,dynamic
89,2539,0.5,14,1,0,0,0,0,0,0,0,0,0,iter,0,1,optk,22,dynamic
89,2539,0.5,14,1,0,0,0,0,0,0,0,0,0,iter,0,1,rootk,5,dynamic
89,2539,0.5,15,0,165191,165191,0.00394212,81994,0.00394212,0.00791062,0,0,0,iter,0,1,k1,1,dynamic
89,2539,0.5,15,0,165191,165191,1.77501e-24,1731693,0.0832565,0.160313,0,0,0,iter,0,1,optk,22,dynamic
89,2539,0.5,15,0,165191,165191,2.86213e-09,406809,0.0195586,0.0389322,0,0,0,iter,0,1,rootk,5,dynamic
89,2539,0.5,15,1,20,20,1.98772e-27,95,4.56742e-06,4.8078e-06,1,19,20,iter,0,1,rootk,5,dynamic
89,2539,0.5,15,1,20,20,4.66359e-104,418,2.00966e-05,2.11541e-05,1,19,20,iter,0,1,optk,22,dynamic
89,2539,0.5,15,1,383,383,8.26943e-06,172,8.26943e-06,1.84137e-05,1,172,173,iter,0,1,k1,1,dynamic
90,9,0.001,11,0,0,0,0,0,0,0,0,0,0,iter,0,1,k1,1,dynamic
90,9,0.001,11,0,0,0,0,0,0,0,0,0,0,iter,0,1,optk,1,dynamic
90,9,0.001,11,0,0,0,0,0,0,0,0,0,0,iter,0,1,rootk,1,dynamic
90,9,0.001,12,0,0,0,0,0,0,0,0,0,0,iter,0,1,k1,1,dynamic
90,9,0.001,12,0,0,0,0,0,0,0,0,0,0,iter,0,1,optk,1,dynamic
90,9,0.001,12,0,0,0,0,0,0,0,0,0,0,iter,0,1,rootk,1,dynamic
90,9,0.001,13,0,0,0,0,0,0,0,0,0,0,iter,0,1,k1,1,dynamic
90,9,0.001,13,0,0,0,0,0,0,0,0,0,0,iter,0,1,optk,1,dynamic
90,9,0.001,13,0,0,0,0,0,0,0,0,0,0,iter,0,1,rootk,1,dynamic
90,9,0.001,14,0,396,396,0.00250922,185,0.00250922,0.0053567,0,0,0,iter,0,1,rootk,1,dynamic
90,9,0.001,14,0,396,396,0.00252279,186,0.00252279,0.0053567,0,0,0,iter,0,1,k1,1,dynamic
90,9,0.001,14,0,396,396,0.00252279,186,0.00252279,0.0053567,0,0,0,iter,0,1,optk,1,dynamic
90,9,0.001,14,1,1,1,1.35634e-05,1,1.35634e-05,1.35633e-05,0,1,1,iter,0,1,k1,1,dynamic
90,9,0.001,14,1,17,17,5.42535e-05,4,5.42535e-05,0.000230551,0,4,4,iter,0,1,optk,1,dynamic
90,9,0.001,14,1,8,8,2.71267e-05,2,2.71267e-05,0.000108501,0,2,2,iter,0,1,rootk,1,dynamic
90,9,0.001,15,0,4452,4452,0.0171712,1266,0.0171712,0.0585971,0,0,0,iter,0,1,k1,1,dynamic
90,9,0.001,15,0,4452,4452,0.0171848,1267,0.0171848,0.0585971,0,0,0,iter,0,1,rootk,1,dynamic
90,9,0.001,15,0,4452,4452,0.0172119,1269,0.0172119,0.0585971,0,0,0,iter,0,1,optk,1,dynamic
90,9,0.001,15,1,591,591,0.00568305,419,0.00568305,0.00798391,0,573,573,iter,0,1,optk,1,dynamic
90,9,0.001,15,1,728,728,0.00642904,474,0.00642904,0.00982554,0,632,632,iter,0,1,k1,1,dynamic
90,9,0.001,15,1,745,745,0.00655111,483,0.00655111,0.0100538,0,664,664,iter,0,1,rootk,1,dynamic
90,9,0.001,16,0,237317,237317,0.546617,40301,0.546617,0.959998,0,0,0,iter,0,1,rootk,1,dynamic
90,9,0.001,16,0,237317,237317,0.547119,40338,0.547119,0.959998,0,0,0,iter,0,1,k1,1,dynamic
90,9,0.001,16,0,237317,237317,0.547716,40382,0.547716,0.959998,0,0,0,iter,0,1,optk,1,dynamic
90,9,0.001,16,0,27640,27640,0.0869141,6408,0.0869141,0.312636,6798,1,6799,type,0,8,rootk,1,dynamic
90,9,0.001,16,0,27684,27684,0.087443,6447,0.087443,0.313046,6800,1,6801,type,0,8,k1,1,dynamic
90,9,0.001,16,0,27722,27722,0.0868462,6403,0.0868462,0.3134,6801,1,6802,type,0,8,optk,1,dynamic
90,9,0.001,16,1,339011,339011,0.896851,66123,0.896851,0.989929,0,0,0,iter,0,1,rootk,1,dynamic
90,9,0.001,16,1,339046,339046,0.896769,66117,0.896769,0.989934,0,0,0,iter,0,1,optk,1,dynamic
90,9,0.001,16,1,339049,339049,0.896851,66123,0.896851,0.989935,0,0,0,iter,0,1,k1,1,dynamic
90,91,0.01,11,0,0,0,0,0,0,0,0,0,0,iter,0,1,k1,1,dynamic
90,91,0.01,11,0,0,0,0,0,0,0,0,0,0,iter,0,1,optk,1,dynamic
90,91,0.01,11,0,0,0,0,0,0,0,0,0,0,iter,0,1,rootk,1,dynamic
90,91,0.01,12,0,0,0,0,0,0,0,0,0,0,iter,0,1,k1,1,dynamic
90,91,0.01,12,0,0,0,0,0,0,0,0,0,0,iter,0,1,optk,1,dynamic
90,91,0.01,12,0,0,0,0,0,0,0,0,0,0,iter,0,1,rootk,1,dynamic
90,91,0.01,13,0,0,0,0,0,0,0,0,0,0,iter,0,1,k1,1,dynamic
90,91,0.01,13,0,0,0,0,0,0,0,0,0,0,iter,0,1,optk,1,dynamic
90,91,0.01,13,0,0,0,0,0,0,0,0,0,0,iter,0,1,rootk,1,dynamic
90,91,0.01,14,0,396,396,0.000249506,186,0.000249506,0.000531066,0,0,0,iter,0,1,k1,1,dynamic
90,91,0.01,14,0,396,396,0.000249506,186,0.000249506,0.000531066,0,0,0,iter,0,1,optk,1,dynamic
90,91,0.01,14,0,396,396,0.000249506,186,0.000249506,0.000531066,0,0,0,iter,0,1,rootk,1,dynamic
90,91,0.01,14,1,0,0,0,0,0,0,0,0,0,iter,0,1,k1,1,dynamic
90,91,0.01,14,1,0,0,0,0,0,0,0,0,0,iter,0,1,rootk,1,dynamic
90,91,0.01,14,1,1,1,1.34143e-06,1,1.34143e-06,1.34143e-06,0,1,1,iter,0,1,optk,1,dynamic
90,91,0.01,15,0,4452,4452,0.00171033,1275,0.00171033,0.00595426,0,0,0,iter,0,1,rootk,1,dynamic
90,91,0.01,15,0,4452,4452,0.00171301,1277,0.00171301,0.00595426,0,0,0,iter,0,1,k1,1,dynamic
90,91,0.01,15,0,4452,4452,0.00171301,1277,0.00171301,0.00595426,0,0,0,iter,0,1,optk,1,dynamic
90,91,0.01,15,1,46,46,5.23158e-05,39,5.23158e-05,6.1704e-05,0,39,39,iter,0,1,k1,1,dynamic
90,91,0.01,15,1,78,78,6.70716e-05,50,6.70716e-05,0.000104626,0,50,50,iter,0,1,rootk,1,dynamic
90,91,0.01,15,1,93,93,6.8413e-05,51,6.8413e-05,0.000124745,0,52,52,iter,0,1,optk,1,dynamic
90,91,0.01,16,0,237317,237317,0.0752087,56066,0.0752087,0.272648,0,0,0,iter,0,1,optk,1,dynamic
90,91,0.01,16,0,237317,237317,0.0752288,56081,0.0752288,0.272648,0,0,0,iter,0,1,rootk,1,dynamic
90,91,0.01,16,0,237317,237317,0.0753348,56160,0.0753348,0.272648,0,0,0,iter,0,1,k1,1,dynamic
90,91,0.01,16,1,45479,45479,0.0302533,22553,0.0302533,0.0591833,0,0,0,iter,0,1,rootk,1,dynamic
90,91,0.01,16,1,46544,46544,0.0302386,22542,0.0302386,0.0605264,0,0,0,iter,0,1,optk,1,dynamic
90,91,0.01,16,1,46906,46906,0.0305914,22805,0.0305914,0.0609825,0,0,0,iter,0,1,k1,1,dynamic
90,91,0.01,16,2,6778,6778,0.00244543,1823,0.00244543,0.00905102,1982,1,1983,iter,0,1,k1,1,dynamic
90,91,0.01,16,2,7076,7076,0.0023797,1774,0.0023797,0.00944707,1905,1,1906,iter,0,1,optk,1,dynamic
90,91,0.01,16,2,7896,7896,0.00247226,1843,0.00247226,0.010536,1982,1,1983,iter,0,1,rootk,1,dynamic
90,914,0.1,11,0,0,0,0,0,0,0,0,0,0,iter,0,1,k1,1,dynamic
90,914,0.1,11,0,0,0,0,0,0,0,0,0,0,iter,0,1,optk,5,dynamic
90,914,0.1,11,0,0,0,0,0,0,0,0,0,0,iter,0,1,rootk,2,dynamic
90,914,0.1,12,0,0,0,0,0,0,0,0,0,0,iter,0,1,k1,1,dynamic
90,914,0.1,12,0,0,0,0,0,0,0,0,0,0,iter,0,1,optk,5,dynamic
90,914,0.1,12,0,0,0,0,0,0,0,0,0,0,iter,0,1,rootk,2,dynamic
90,914,0.1,13,0,0,0,0,0,0,0,0,0,0,iter,0,1,k1,1,dynamic
90,914,0.1,13,0,0,0,0,0,0,0,0,0,0,iter,0,1,optk,5,dynamic
90,914,0.1,13,0,0,0,0,0,0,0,0,0,0,iter,0,1,rootk,2,dynamic
90,914,0.1,14,0,396,396,2.46839e-09,372,4.96829e-05,0.000105771,0,0,0,iter,0,1,rootk,2,dynamic
90,914,0.1,14,0,396,396,2.48414e-05,186,2.48414e-05,5.28868e-05,0,0,0,iter,0,1,k1,1,dynamic
90,914,0.1,14,0,396,396,2.9562e-20,930,0.000124207,0.000264406,0,0,0,iter,0,1,optk,5,dynamic
90,914,0.1,14,1,0,0,0,0,0,0,0,0,0,iter,0,1,k1,1,dynamic
90,914,0.1,14,1,0,0,0,0,0,0,0,0,0,iter,0,1,optk,5,dynamic
90,914,0.1,14,1,0,0,0,0,0,0,0,0,0,iter,0,1,rootk,2,dynamic
90,914,0.1,15,0,4452,4452,0.000170551,1277,0.000170551,0.000594415,0,0,0,iter,0,1,k1,1,dynamic
90,914,0.1,15,0,4452,4452,1.16351e-07,2554,0.000341102,0.00118848,0,0,0,iter,0,1,rootk,2,dynamic
90,914,0.1,15,0,4452,4452,4.50239e-16,6383,0.000852489,0.00296854,0,0,0,iter,0,1,optk,5,dynamic
90,914,0.1,15,1,0,0,0,0,0,0,0,0,0,iter,0,1,optk,5,dynamic
90,914,0.1,15,1,0,0,0,0,0,0,0,0,0,iter,0,1,rootk,2,dynamic
90,914,0.1,15,1,10,10,5.34225e-07,4,5.34225e-07,1.33556e-06,0,4,4,iter,0,1,k1,1,dynamic
90,914,0.1,16,0,237317,237317,0.0002387,115681,0.0154499,0.0614229,0,0,0,iter,0,1,rootk,2,dynamic
90,914,0.1,16,0,237317,237317,0.00775761,58085,0.00775761,0.0311981,0,0,0,iter,0,1,k1,1,dynamic
90,914,0.1,16,0,237317,237317,8.09166e-08,285722,0.0381599,0.146556,0,0,0,iter,0,1,optk,5,dynamic
90,914,0.1,16,1,207,207,1.18732e-09,258,3.44575e-05,5.52907e-05,1,129,130,iter,0,1,rootk,2,dynamic
90,914,0.1,16,1,4493,4493,0.000309717,2319,0.000309717,0.000599888,1,2419,2420,iter,0,1,k1,1,dynamic
90,914,0.1,16,1,94,94,1.31787e-22,315,4.20702e-05,6.27694e-05,1,63,64,iter,0,1,optk,5,dynamic
90,4572,0.5,11,0,0,0,0,0,0,0,0,0,0,iter,0,1,k1,1,dynamic
90,4572,0.5,11,0,0,0,0,0,0,0,0,0,0,iter,0,1,optk,23,dynamic
90,4572,0.5,11,0,0,0,0,0,0,0,0,0,0,iter,0,1,rootk,5,dynamic
90,4572,0.5,12,0,0,0,0,0,0,0,0,0,0,iter,0,1,k1,1,dynamic
90,4572,0.5,12,0,0,0,0,0,0,0,0,0,0,iter,0,1,optk,23,dynamic
90,4572,0.5,12,0,0,0,0,0,0,0,0,0,0,iter,0,1,rootk,5,dynamic
90,4572,0.5,13,0,0,0,0,0,0,0,0,0,0,iter,0,1,k1,1,dynamic
90,4572,0.5,13,0,0,0,0,0,0,0,0,0,0,iter,0,1,optk,23,dynamic
90,4572,0.5,13,0,0,0,0,0,0,0,0,0,0,iter,0,1,rootk,5,dynamic
90,4572,0.5,14,0,396,396,2.11734e-91,4277,0.000114194,0.00024315,0,0,0,iter,0,1,optk,23,dynamic
90,4572,0.5,14,0,396,396,4.96612e-06,186,4.96612e-06,1.0573e-05,0,0,0,iter,0,1,k1,1,dynamic
90,4572,0.5,14,0,396,396,9.43917e-24,930,2.48306e-05,5.28637e-05,0,0,0,iter,0,1,rootk,5,dynamic
90,4572,0.5,14,1,0,0,0,0,0,0,0,0,0,iter,0,1,k1,1,dynamic
90,4572,0.5,14,1,0,0,0,0,0,0,0,0,0,iter,0,1,optk,23,dynamic
90,4572,0.5,14,1,0,0,0,0,0,0,0,0,0,iter,0,1,rootk,5,dynamic
90,4572,0.5,15,0,4452,4452,1.43987e-19,6385,0.000170477,0.000594155,0,0,0,iter,0,1,rootk,5,dynamic
90,4572,0.5,15,0,4452,4452,3.40953e-05,1277,3.40953e-05,0.000118859,0,0,0,iter,0,1,k1,1,dynamic
90,4572,0.5,15,0,4452,4452,3.68652e-72,29356,0.000783792,0.00273019,0,0,0,iter,0,1,optk,23,dynamic
90,4572,0.5,15,1,0,0,0,0,0,0,0,0,0,iter,0,1,optk,23,dynamic
90,4572,0.5,15,1,0,0,0,0,0,0,0,0,0,iter,0,1,rootk,5,dynamic
90,4572,0.5,15,1,11,11,8.00986e-08,3,8.00986e-08,2.93695e-07,0,3,3,iter,0,1,k1,1,dynamic
90,4572,0.5,16,0,237317,237317,0.00155533,58253,0.00155533,0.00631622,0,0,0,iter,0,1,k1,1,dynamic
90,4572,0.5,16,0,237317,237317,2.79957e-11,290345,0.00775208,0.0311847,0,0,0,iter,0,1,rootk,5,dynamic
90,4572,0.5,16,0,237317,237317,3.62666e-34,1316927,0.0351613,0.135612,0,0,0,iter,0,1,optk,23,dynamic
90,4572,0.5,16,1,94,94,3.26709e-102,1449,3.86876e-05,5.77227e-05,1,63,64,iter,0,1,optk,23,dynamic
90,4572,0.5,16,1,94,94,4.20796e-26,315,8.41036e-06,1.25487e-05,1,63,64,iter,0,1,rootk,5,dynamic
90,4572,0.5,16,1,981,981,1.4311e-05,536,1.4311e-05,2.61919e-05,1,541,542,iter,0,1,k1,1,dynamic
91,1,0.001,11,0,0,0,0,0,0,0,0,0,0,iter,0,1,k1,1,dynamic
91,1,0.001,11,0,0,0,0,0,0,0,0,0,0,iter,0,1,optk,1,dynamic
91,1,0.001,11,0,0,0,0,0,0,0,0,0,0,iter,0,1,rootk,1,dynamic
91,1,0.001,12,0,0,0,0,0,0,0,0,0,0,iter,0,1,k1,1,dynamic
91,1,0.001,12,0,0,0,0,0,0,0,0,0,0,iter,0,1,optk,1,dynamic
91,1,0.001,12,0,0,0,0,0,0,0,0,0,0,iter,0,1,rootk,1,dynamic
91,1,0.001,13,0,0,0,0,0,0,0,0,0,0,iter,0,1,k1,1,dynamic
91,1,0.001,13,0,0,0,0,0,0,0,0,0,0,iter,0,1,optk,1,dynamic
91,1,0.001,13,0,0,0,0,0,0,0,0,0,0,iter,0,1,rootk,1,dynamic
91,1,0.001,14,0,329,329,0.0161133,132,0.0161133,0.0393654,0,0,0,iter,0,1,optk,1,dynamic
91,1,0.001,14,0,329,329,0.0162354,133,0.0162354,0.0393654,0,0,0,iter,0,1,k1,1,dynamic
91,1,0.001,14,0,329,329,0.0162354,133,0.0162354,0.0393654,0,0,0,iter,0,1,rootk,1,dynamic
91,1,0.001,14,1,0,0,0,0,0,0,0,0,0,iter,0,1,k1,1,dynamic
91,1,0.001,14,1,1,1,0.00012207,1,0.00012207,0.000122063,0,1,1,iter,0,1,rootk,1,dynamic
91,1,0.001,14,1,5,5,0.00012207,1,0.00012207,0.000610165,0,1,1,iter,0,1,optk,1,dynamic
91,1,0.001,15,0,16153,16153,0.596313,4885,0.596313,0.860794,0,0,0,iter,0,1,rootk,1,dynamic
91,1,0.001,15,0,16153,16153,0.599243,4909,0.599243,0.860794,0,0,0,iter,0,1,k1,1,dynamic
91,1,0.001,15,0,16153,16153,0.60437,4951,0.60437,0.860794,0,0,0,iter,0,1,optk,1,dynamic
91,1,0.001,15,0,885,885,0.0480957,394,0.0480957,0.102401,495,1,496,type,0,3,k1,1,dynamic
91,1,0.001,15,0,931,931,0.0551758,452,0.0551758,0.107427,578,1,579,type,0,3,optk,1,dynamic
91,1,0.001,15,0,965,965,0.0537109,440,0.0537109,0.111124,575,1,576,type,0,3,rootk,1,dynamic
91,1,0.001,15,1,3654,3654,0.165405,1355,0.165405,0.359845,0,0,0,iter,0,1,k1,1,dynamic
91,1,0.001,15,1,3870,3870,0.174683,1431,0.174683,0.376503,0,0,0,iter,0,1,rootk,1,dynamic
91,1,0.001,15,1,4000,4000,0.179077,1467,0.179077,0.38632,0,0,0,iter,0,1,optk,1,dynamic
91,6,0.01,11,0,0,0,0,0,0,0,0,0,0,iter,0,1,k1,1,dynamic
91,6,0.01,11,0,0,0,0,0,0,0,0,0,0,iter,0,1,optk,1,dynamic
91,6,0.01,11,0,0,0,0,0,0,0,0,0,0,iter,0,1,rootk,1,dynamic
91,6,0.01,12,0,0,0,0,0,0,0,0,0,0,iter,0,1,k1,1,dynamic
91,6,0.01,12,0,0,0,0,0,0,0,0,0,0,iter,0,1,optk,1,dynamic
91,6,0.01,12,0,0,0,0,0,0,0,0,0,0,iter,0,1,rootk,1,dynamic
91,6,0.01,13,0,0,0,0,0,0,0,0,0,0,iter,0,1,k1,1,dynamic
91,6,0.01,13,0,0,0,0,0,0,0,0,0,0,iter,0,1,optk,1,dynamic
91,6,0.01,13,0,0,0,0,0,0,0,0,0,0,iter,0,1,rootk,1,dynamic
91,6,0.01,14,0,329,329,0.00270589,133,0.00270589,0.00667117,0,0,0,iter,0,1,k1,1,dynamic
91,6,0.01,14,0,329,329,0.00270589,133,0.00270589,0.00667117,0,0,0,iter,0,1,optk,1,dynamic
91,6,0.01,14,0,329,329,0.00270589,133,0.00270589,0.00667117,0,0,0,iter,0,1,rootk,1,dynamic
91,6,0.01,14,1,0,0,0,0,0,0,0,0,0,iter,0,1,k1,1,dynamic
91,6,0.01,14,1,0,0,0,0,0,0,0,0,0,iter,0,1,optk,1,dynamic
91,6,0.01,14,1,0,0,0,0,0,0,0,0,0,iter,0,1,rootk,1,dynamic
91,6,0.01,15,0,16153,16153,0.142965,7027,0.142965,0.280093,0,0,0,iter,0,1,k1,1,dynamic
91,6,0.01,15,0,16153,16153,0.142985,7028,0.142985,0.280093,0,0,0,iter,0,1,optk,1,dynamic
91,6,0.01,15,0,16153,16153,0.143534,7055,0.143534,0.280093,0,0,0,iter,0,1,rootk,1,dynamic
91,6,0.01,15,1,846,846,0.00795492,391,0.00795492,0.0170646,0,0,0,iter,0,1,k1,1,dynamic
91,6,0.01,15,1,852,852,0.0071818,353,0.0071818,0.0171846,0,0,0,iter,0,1,rootk,1,dynamic
91,6,0.01,15,1,978,978,0.00756836,372,0.00756836,0.0197008,0,0,0,iter,0,1,optk,1,dynamic
91,6,0.01,15,2,102,102,0.0010376,51,0.0010376,0.00207304,59,1,60,iter,0,1,k1,1,dynamic
91,6,0.01,15,2,121,121,0.00124105,61,0.00124105,0.00245872,65,1,66,iter,0,1,rootk,1,dynamic
91,6,0.01,15,2,151,151,0.00150553,74,0.00150553,0.00306739,81,1,82,iter,0,1,optk,1,dynamic
91,60,0.1,11,0,0,0,0,0,0,0,0,0,0,iter,0,1,k1,1,dynamic
91,60,0.1,11,0,0,0,0,0,0,0,0,0,0,iter,0,1,optk,4,dynamic
91,60,0.1,11,0,0,0,0,0,0,0,0,0,0,iter,0,1,rootk,2,dynamic
91,60,0.1,12,0,0,0,0,0,0,0,0,0,0,iter,0,1,k1,1,dynamic
91,60,0.1,12,0,0,0,0,0,0,0,0,0,0,iter,0,1,optk,4,dynamic
91,60,0.1,12,0,0,0,0,0,0,0,0,0,0,iter,0,1,rootk,2,dynamic
91,60,0.1,13,0,0,0,0,0,0,0,0,0,0,iter,0,1,k1,1,dynamic
91,60,0.1,13,0,0,0,0,0,0,0,0,0,0,iter,0,1,optk,4,dynamic
91,60,0.1,13,0,0,0,0,0,0,0,0,0,0,iter,0,1,rootk,2,dynamic
91,60,0.1,14,0,329,329,0.000270589,133,0.000270589,0.000669128,0,0,0,iter,0,1,k1,1,dynamic
91,60,0.1,14,0,329,329,1.36211e-12,531,0.00108032,0.00267383,0,0,0,iter,0,1,optk,4,dynamic
91,60,0.1,14,0,329,329,2.92874e-07,266,0.000541178,0.00133781,0,0,0,iter,0,1,rootk,2,dynamic
91,60,0.1,14,1,0,0,0,0,0,0,0,0,0,iter,0,1,k1,1,dynamic
91,60,0.1,14,1,0,0,0,0,0,0,0,0,0,iter,0,1,optk,4,dynamic
91,60,0.1,14,1,0,0,0,0,0,0,0,0,0,iter,0,1,rootk,2,dynamic
91,60,0.1,15,0,16153,16153,0.000928841,14980,0.0304769,0.0636133,0,0,0,iter,0,1,rootk,2,dynamic
91,60,0.1,15,0,16153,16153,0.01533,7535,0.01533,0.0323292,0,0,0,iter,0,1,k1,1,dynamic
91,60,0.1,15,0,16153,16153,1.29561e-05,29489,0.0599955,0.12318,0,0,0,iter,0,1,optk,4,dynamic
91,60,0.1,15,1,10,10,1.05964e-09,16,3.25521e-05,4.06893e-05,1,8,9,iter,0,1,rootk,2,dynamic
91,60,0.1,15,1,10,10,1.79653e-17,32,6.51042e-05,8.13769e-05,1,8,9,iter,0,1,optk,4,dynamic
91,60,0.1,15,1,146,146,0.000115967,57,0.000115967,0.000296994,1,57,58,iter,0,1,k1,1,dynamic
91,300,0.5,11,0,0,0,0,0,0,0,0,0,0,iter,0,1,k1,1,dynamic
91,300,0.5,11,0,0,0,0,0,0,0,0,0,0,iter,0,1,optk,20,dynamic
91,300,0.5,11,0,0,0,0,0,0,0,0,0,0,iter,0,1,rootk,4,dynamic
91,300,0.5,12,0,0,0,0,0,0,0,0,0,0,iter,0,1,k1,1,dynamic
91,300,0.5,12,0,0,0,0,0,0,0,0,0,0,iter,0,1,optk,20,dynamic
91,300,0.5,12,0,0,0,0,0,0,0,0,0,0,iter,0,1,rootk,4,dynamic
91,300,0.5,13,0,0,0,0,0,0,0,0,0,0,iter,0,1,k1,1,dynamic
91,300,0.5,13,0,0,0,0,0,0,0,0,0,0,iter,0,1,optk,20,dynamic
91,300,0.5,13,0,0,0,0,0,0,0,0,0,0,iter,0,1,rootk,4,dynamic
91,300,0.5,14,0,329,329,2.19585e-15,532,0.000216471,0.000535338,0,0,0,iter,0,1,rootk,4,dynamic
91,300,0.5,14,0,329,329,4.83218e-60,2659,0.00108195,0.00267383,0,0,0,iter,0,1,optk,20,dynamic
91,300,0.5,14,0,329,329,5.41178e-05,133,5.41178e-05,0.000133861,0,0,0,iter,0,1,k1,1,dynamic
91,300,0.5,14,1,0,0,0,0,0,0,0,0,0,iter,0,1,k1,1,dynamic
91,300,0.5,14,1,0,0,0,0,0,0,0,0,0,iter,0,1,optk,20,dynamic
91,300,0.5,14,1,0,0,0,0,0,0,0,0,0,iter,0,1,rootk,4,dynamic
91,300,0.5,15,0,16153,16153,0.00308838,7590,0.00308838,0.00655112,0,0,0,iter,0,1,k1,1,dynamic
91,300,0.5,15,0,16153,16153,2.28569e-08,30218,0.0122957,0.0259481,0,0,0,iter,0,1,rootk,4,dynamic
91,300,0.5,15,0,16153,16153,3.63933e-25,147422,0.0599862,0.12318,0,0,0,iter,0,1,optk,20,dynamic
91,300,0.5,15,1,10,10,1.87144e-84,160,6.51042e-05,8.13769e-05,1,8,9,iter,0,1,optk,20,dynamic
91,300,0.5,15,1,10,10,2.87445e-20,32,1.30208e-05,1.62759e-05,1,8,9,iter,0,1,rootk,4,dynamic
91,300,0.5,15,1,43,43,8.95182e-06,22,8.95182e-06,1.74966e-05,1,22,23,iter,0,1,k1,1,dynamic
92,4,0.001,10,0,0,0,0,0,0,0,0,0,0,iter,0,1,k1,1,dynamic
92,4,0.001,10,0,0,0,0,0,0,0,0,0,0,iter,0,1,optk,1,dynamic
92,4,0.001,10,0,0,0,0,0,0,0,0,0,0,iter,0,1,rootk,1,dynamic
92,4,0.001,11,0,0,0,0,0,0,0,0,0,0,iter,0,1,k1,1,dynamic
92,4,0.001,11,0,0,0,0,0,0,0,0,0,0,iter,0,1,optk,1,dynamic
92,4,0.001,11,0,0,0,0,0,0,0,0,0,0,iter,0,1,rootk,1,dynamic
92,4,0.001,12,0,0,0,0,0,0,0,0,0,0,iter,0,1,k1,1,dynamic
92,4,0.001,12,0,0,0,0,0,0,0,0,0,0,iter,0,1,optk,1,dynamic
92,4,0.001,12,0,0,0,0,0,0,0,0,0,0,iter,0,1,rootk,1,dynamic
92,4,0.001,13,0,2,2,6.10352e-05,2,6.10352e-05,6.10333e-05,0,0,0,iter,0,1,k1,1,dynamic
92,4,0.001,13,0,2,2,6.10352e-05,2,6.10352e-05,6.10333e-05,0,0,0,iter,0,1,optk,1,dynamic
92,4,0.001,13,0,2,2,6.10352e-05,2,6.10352e-05,6.10333e-05,0,0,0,iter,0,1,rootk,1,dynamic
92,4,0.001,13,1,0,0,0,0,0,0,0,0,0,iter,0,1,k1,1,dynamic
92,4,0.001,13,1,0,0,0,0,0,0,0,0,0,iter,0,1,optk,1,dynamic
92,4,0.001,13,1,0,0,0,0,0,0,0,0,0,iter,0,1,rootk,1,dynamic
92,4,0.001,14,0,1595,1595,0.0328674,1077,0.0328674,0.0475099,0,0,0,iter,0,1,optk,1,dynamic
92,4,0.001,14,0,1595,1595,0.03302,1082,0.03302,0.0475099,0,0,0,iter,0,1,rootk,1,dynamic
92,4,0.001,14,0,1595,1595,0.0331421,1086,0.0331421,0.0475099,0,0,0,iter,0,1,k1,1,dynamic
92,4,0.001,14,1,80,80,0.00186157,61,0.00186157,0.00243843,0,64,64,iter,0,1,optk,1,dynamic
92,4,0.001,14,1,81,81,0.00137329,45,0.00137329,0.00246887,0,48,48,iter,0,1,rootk,1,dynamic
92,4,0.001,14,1,89,89,0.00158691,52,0.00158691,0.00271238,0,52,52,iter,0,1,k1,1,dynamic
92,4,0.001,15,0,7046,7046,0.115814,3795,0.115814,0.19348,4707,1,4708,type,0,5,k1,1,dynamic
92,4,0.001,15,0,7299,7299,0.119812,3926,0.119812,0.199683,4827,1,4828,type,0,5,optk,1,dynamic
92,4,0.001,15,0,7599,7599,0.122589,4017,0.122589,0.206977,4980,1,4981,type,0,5,rootk,1,dynamic
92,4,0.001,15,0,88802,88802,0.78186,25620,0.78186,0.933465,0,0,0,iter,0,1,rootk,1,dynamic
92,4,0.001,15,0,88802,88802,0.783966,25689,0.783966,0.933465,0,0,0,iter,0,1,k1,1,dynamic
92,4,0.001,15,0,88802,88802,0.785095,25726,0.785095,0.933465,0,0,0,iter,0,1,optk,1,dynamic
92,4,0.001,15,1,46010,46010,0.42218,13834,0.42218,0.754415,0,0,0,iter,0,1,k1,1,dynamic
92,4,0.001,15,1,46271,46271,0.425049,13928,0.425049,0.756364,0,0,0,iter,0,1,rootk,1,dynamic
92,4,0.001,15,1,46421,46421,0.421753,13820,0.421753,0.757476,0,0,0,iter,0,1,optk,1,dynamic
92,37,0.01,10,0,0,0,0,0,0,0,0,0,0,iter,0,1,k1,1,dynamic
92,37,0.01,10,0,0,0,0,0,0,0,0,0,0,iter,0,1,optk,1,dynamic
92,37,0.01,10,0,0,0,0,0,0,0,0,0,0,iter,0,1,rootk,1,dynamic
92,37,0.01,11,0,0,0,0,0,0,0,0,0,0,iter,0,1,k1,1,dynamic
92,37,0.01,11,0,0,0,0,0,0,0,0,0,0,iter,0,1,optk,1,dynamic
92,37,0.01,11,0,0,0,0,0,0,0,0,0,0,iter,0,1,rootk,1,dynamic
92,37,0.01,12,0,0,0,0,0,0,0,0,0,0,iter,0,1,k1,1,dynamic
92,37,0.01,12,0,0,0,0,0,0,0,0,0,0,iter,0,1,optk,1,dynamic
92,37,0.01,12,0,0,0,0,0,0,0,0,0,0,iter,0,1,rootk,1,dynamic
92,37,0.01,13,0,2,2,6.5984e-06,2,6.5984e-06,6.59837e-06,0,0,0,iter,0,1,k1,1,dynamic
92,37,0.01,13,0,2,2,6.5984e-06,2,6.5984e-06,6.59837e-06,0,0,0,iter,0,1,optk,1,dynamic
92,37,0.01,13,0,2,2,6.5984e-06,2,6.5984e-06,6.59837e-06,0,0,0,iter,0,1,rootk,1,dynamic
92,37,0.01,13,1,0,0,0,0,0,0,0,0,0,iter,0,1,k1,1,dynamic
92,37,0.01,13,1,0,0,0,0,0,0,0,0,0,iter,0,1,optk,1,dynamic
92,37,0.01,13,1,0,0,0,0,0,0,0,0,0,iter,0,1,rootk,1,dynamic
92,37,0.01,14,0,1595,1595,0.00361922,1097,0.00361922,0.0052484,0,0,0,iter,0,1,k1,1,dynamic
92,37,0.01,14,0,1595,1595,0.00362582,1099,0.00362582,0.0052484,0,0,0,iter,0,1,optk,1,dynamic
92,37,0.01,14,0,1595,1595,0.00362582,1099,0.00362582,0.0052484,0,0,0,iter,0,1,rootk,1,dynamic
92,37,0.01,14,1,16,16,1.97952e-05,6,1.97952e-05,5.27858e-05,0,6,6,iter,0,1,k1,1,dynamic
92,37,0.01,14,1,4,4,1.31968e-05,4,1.31968e-05,1.31967e-05,0,4,4,iter,0,1,optk,1,dynamic
92,37,0.01,14,1,5,5,1.6496e-05,5,1.6496e-05,1.64959e-05,0,5,5,iter,0,1,rootk,1,dynamic
92,37,0.01,15,0,88802,88802,0.152393,46191,0.152393,0.253959,0,0,0,iter,0,1,optk,1,dynamic
92,37,0.01,15,0,88802,88802,0.152446,46207,0.152446,0.253959,0,0,0,iter,0,1,rootk,1,dynamic
92,37,0.01,15,0,88802,88802,0.152545,46237,0.152545,0.253959,0,0,0,iter,0,1,k1,1,dynamic
92,37,0.01,15,1,9056,9056,0.0117517,3562,0.0117517,0.0294356,0,0,0,iter,0,1,rootk,1,dynamic
92,37,0.01,15,1,9251,9251,0.0118738,3599,0.0118738,0.0300598,0,0,0,iter,0,1,optk,1,dynamic
92,37,0.01,15,1,9404,9404,0.0118837,3602,0.0118837,0.0305493,0,0,0,iter,0,1,k1,1,dynamic
92,37,0.01,15,2,1055,1055,0.00218737,663,0.00218737,0.0034746,781,1,782,iter,0,1,optk,1,dynamic
92,37,0.01,15,2,1170,1170,0.00234243,710,0.00234243,0.00385262,825,1,826,iter,0,1,k1,1,dynamic
92,37,0.01,15,2,1218,1218,0.00232593,705,0.00232593,0.00401036,833,1,834,iter,0,1,rootk,1,dynamic
92,372,0.1,10,0,0,0,0,0,0,0,0,0,0,iter,0,1,k1,1,dynamic
92,372,0.1,10,0,0,0,0,0,0,0,0,0,0,iter,0,1,optk,4,dynamic
92,372,0.1,10,0,0,0,0,0,0,0,0,0,0,iter,0,1,rootk,2,dynamic
92,372,0.1,11,0,0,0,0,0,0,0,0,0,0,iter,0,1,k1,1,dynamic
92,372,0.1,11,0,0,0,0,0,0,0,0,0,0,iter,0,1,optk,4,dynamic
92,372,0.1,11,0,0,0,0,0,0,0,0,0,0,iter,0,1,rootk,2,dynamic
92,372,0.1,12,0,0,0,0,0,0,0,0,0,0,iter,0,1,k1,1,dynamic
92,372,0.1,12,0,0,0,0,0,0,0,0,0,0,iter,0,1,optk,4,dynamic
92,372,0.1,12,0,0,0,0,0,0,0,0,0,0,iter,0,1,rootk,2,dynamic
92,372,0.1,13,0,2,2,1.72288e-12,4,1.31258e-06,1.31258e-06,0,0,0,iter,0,1,rootk,2,dynamic
92,372,0.1,13,0,2,2,4.74929e-23,8,2.62517e-06,2.62516e-06,0,0,0,iter,0,1,optk,4,dynamic
92,372,0.1,13,0,2,2,6.56292e-07,2,6.56292e-07,6.56292e-07,0,0,0,iter,0,1,k1,1,dynamic
92,372,0.1,13,1,0,0,0,0,0,0,0,0,0,iter,0,1,k1,1,dynamic
92,372,0.1,13,1,0,0,0,0,0,0,0,0,0,iter,0,1,optk,4,dynamic
92,372,0.1,13,1,0,0,0,0,0,0,0,0,0,iter,0,1,rootk,2,dynamic
92,372,0.1,14,0,1595,1595,0.000360632,1099,0.000360632,0.000523256,0,0,0,iter,0,1,k1,1,dynamic
92,372,0.1,14,0,1595,1595,4.32224e-12,4394,0.00144187,0.00209138,0,0,0,iter,0,1,optk,4,dynamic
92,372,0.1,14,0,1595,1595,5.20223e-07,2198,0.000721265,0.00104624,0,0,0,iter,0,1,rootk,2,dynamic
92,372,0.1,14,1,0,0,0,0,0,0,0,0,0,iter,0,1,k1,1,dynamic
92,372,0.1,14,1,0,0,0,0,0,0,0,0,0,iter,0,1,optk,4,dynamic
92,372,0.1,14,1,0,0,0,0,0,0,0,0,0,iter,0,1,rootk,2,dynamic
92,372,0.1,15,0,88802,88802,0.0010482,98663,0.0323759,0.0566143,0,0,0,iter,0,1,rootk,2,dynamic
92,372,0.1,15,0,88802,88802,0.0163197,49733,0.0163197,0.0287195,0,0,0,iter,0,1,k1,1,dynamic
92,372,0.1,15,0,88802,88802,1.6522e-05,194289,0.0637552,0.110023,0,0,0,iter,0,1,optk,4,dynamic
92,372,0.1,15,1,1016,1016,0.000141759,432,0.000141759,0.000333341,1,433,434,iter,0,1,k1,1,dynamic
92,372,0.1,15,1,185,185,5.30689e-09,222,7.28484e-05,0.000121407,1,111,112,iter,0,1,rootk,2,dynamic
92,372,0.1,15,1,98,98,9.90291e-17,304,9.97564e-05,0.000128625,1,76,77,iter,0,1,optk,4,dynamic
92,1860,0.5,10,0,0,0,0,0,0,0,0,0,0,iter,0,1,k1,1,dynamic
92,1860,0.5,10,0,0,0,0,0,0,0,0,0,0,iter,0,1,optk,22,dynamic
92,1860,0.5,10,0,0,0,0,0,0,0,0,0,0,iter,0,1,rootk,5,dynamic
92,1860,0.5,11,0,0,0,0,0,0,0,0,0,0,iter,0,1,k1,1,dynamic
92,1860,0.5,11,0,0,0,0,0,0,0,0,0,0,iter,0,1,optk,22,dynamic
92,1860,0.5,11,0,0,0,0,0,0,0,0,0,0,iter,0,1,rootk,5,dynamic
92,1860,0.5,12,0,0,0,0,0,0,0,0,0,0,iter,0,1,k1,1,dynamic
92,1860,0.5,12,0,0,0,0,0,0,0,0,0,0,iter,0,1,optk,22,dynamic
92,1860,0.5,12,0,0,0,0,0,0,0,0,0,0,iter,0,1,rootk,5,dynamic
92,1860,0.5,13,0,2,2,1.21755e-31,10,6.56292e-07,6.56292e-07,0,0,0,iter,0,1,rootk,5,dynamic
92,1860,0.5,13,0,2,2,1.31258e-07,2,1.31258e-07,1.31258e-07,0,0,0,iter,0,1,k1,1,dynamic
92,1860,0.5,13,0,2,2,1.35549e-122,44,2.88768e-06,2.88768e-06,0,0,0,iter,0,1,optk,22,dynamic
92,1860,0.5,13,1,0,0,0,0,0,0,0,0,0,iter,0,1,k1,1,dynamic
92,1860,0.5,13,1,0,0,0,0,0,0,0,0,0,iter,0,1,optk,22,dynamic
92,1860,0.5,13,1,0,0,0,0,0,0,0,0,0,iter,0,1,rootk,5,dynamic
92,1860,0.5,14,0,1595,1595,2.52978e-62,24157,0.0015854,0.00230028,0,0,0,iter,0,1,optk,22,dynamic
92,1860,0.5,14,0,1595,1595,6.09437e-18,5494,0.000360567,0.000523256,0,0,0,iter,0,1,rootk,5,dynamic
92,1860,0.5,14,0,1595,1595,7.21265e-05,1099,7.21265e-05,0.000104673,0,0,0,iter,0,1,k1,1,dynamic
92,1860,0.5,14,1,0,0,0,0,0,0,0,0,0,iter,0,1,optk,22,dynamic
92,1860,0.5,14,1,0,0,0,0,0,0,0,0,0,iter,0,1,rootk,5,dynamic
92,1860,0.5,14,1,1,1,6.56292e-08,1,6.56292e-08,6.56292e-08,0,1,1,iter,0,1,k1,1,dynamic
92,1860,0.5,15,0,88802,88802,0.00328566,50064,0.00328566,0.00581105,0,0,0,iter,0,1,k1,1,dynamic
92,1860,0.5,15,0,88802,88802,1.1589e-09,248721,0.0163234,0.0287195,0,0,0,iter,0,1,rootk,5,dynamic
92,1860,0.5,15,0,88802,88802,3.73608e-26,1064397,0.0698555,0.120337,0,0,0,iter,0,1,optk,22,dynamic
92,1860,0.5,15,1,313,313,1.01725e-05,155,1.01725e-05,2.05417e-05,1,155,156,iter,0,1,k1,1,dynamic
92,1860,0.5,15,1,98,98,7.71497e-88,1672,0.000109732,0.000141487,1,76,77,iter,0,1,optk,22,dynamic
92,1860,0.5,15,1,98,98,9.64725e-24,380,2.49391e-05,3.21578e-05,1,76,77,iter,0,1,rootk,5,dynamic
93,43,0.001,10,0,0,0,0,0,0,0,0,0,0,iter,0,1,k1,1,dynamic
93,43,0.001,10,0,0,0,0,0,0,0,0,0,0,iter,0,1,optk,1,dynamic
93,43,0.001,10,0,0,0,0,0,0,0,0,0,0,iter,0,1,rootk,1,dynamic
93,43,0.001,11,0,0,0,0,0,0,0,0,0,0,iter,0,1,k1,1,dynamic
93,43,0.001,11,0,0,0,0,0,0,0,0,0,0,iter,0,1,optk,1,dynamic
93,43,0.001,11,0,0,0,0,0,0,0,0,0,0,iter,0,1,rootk,1,dynamic
93,43,0.001,12,0,0,0,0,0,0,0,0,0,0,iter,0,1,k1,1,dynamic
93,43,0.001,12,0,0,0,0,0,0,0,0,0,0,iter,0,1,optk,1,dynamic
93,43,0.001,12,0,0,0,0,0,0,0,0,0,0,iter,0,1,rootk,1,dynamic
93,43,0.001,13,0,43,43,3.97438e-05,14,3.97438e-05,0.000122063,0,0,0,iter,0,1,k1,1,dynamic
93,43,0.001,13,0,43,43,3.97438e-05,14,3.97438e-05,0.000122063,0,0,0,iter,0,1,optk,1,dynamic
93,43,0.001,13,0,43,43,3.97438e-05,14,3.97438e-05,0.000122063,0,0,0,iter,0,1,rootk,1,dynamic
93,43,0.001,13,1,0,0,0,0,0,0,0,0,0,iter,0,1,k1,1,dynamic
93,43,0.001,13,1,0,0,0,0,0,0,0,0,0,iter,0,1,optk,1,dynamic
93,43,0.001,13,1,0,0,0,0,0,0,0,0,0,iter,0,1,rootk,1,dynamic
93,43,0.001,14,0,5312,5312,0.00538529,1897,0.00538529,0.0149668,0,0,0,iter,0,1,optk,1,dynamic
93,43,0.001,14,0,5312,5312,0.00538813,1898,0.00538813,0.0149668,0,0,0,iter,0,1,rootk,1,dynamic
93,43,0.001,14,0,5312,5312,0.00540232,1903,0.00540232,0.0149668,0,0,0,iter,0,1,k1,1,dynamic
93,43,0.001,14,1,24,24,3.40661e-05,12,3.40661e-05,6.81299e-05,0,12,12,iter,0,1,k1,1,dynamic
93,43,0.001,14,1,28,28,3.12273e-05,11,3.12273e-05,7.94845e-05,0,11,11,iter,0,1,optk,1,dynamic
93,43,0.001,14,1,63,63,5.67769e-05,20,5.67769e-05,0.000178831,0,20,20,iter,0,1,rootk,1,dynamic
93,43,0.001,15,0,165852,165852,0.177397,62489,0.177397,0.375515,0,0,0,iter,0,1,rootk,1,dynamic
93,43,0.001,15,0,165852,165852,0.177521,62533,0.177521,0.375515,0,0,0,iter,0,1,optk,1,dynamic
93,43,0.001,15,0,165852,165852,0.177564,62548,0.177564,0.375515,0,0,0,iter,0,1,k1,1,dynamic
93,43,0.001,15,1,16712,16712,0.0131637,4637,0.0131637,0.0463349,0,0,0,iter,0,1,k1,1,dynamic
93,43,0.001,15,1,17453,17453,0.0130558,4599,0.0130558,0.048339,0,0,0,iter,0,1,optk,1,dynamic
93,43,0.001,15,1,18022,18022,0.0131808,4643,0.0131808,0.0498749,0,0,0,iter,0,1,rootk,1,dynamic
93,43,0.001,15,2,2028,2028,0.00256064,902,0.00256064,0.00574064,1106,0,1106,iter,0,1,rootk,1,dynamic
93,43,0.001,15,2,2102,2102,0.00255496,900,0.00255496,0.00594948,1057,0,1057,iter,0,1,optk,1,dynamic
93,43,0.001,15,2,2324,2324,0.00272813,961,0.00272813,0.00657576,1137,0,1137,iter,0,1,k1,1,dynamic
93,43,0.001,16,0,169109,169109,0.191696,67526,0.191696,0.381262,87164,1,87165,type,0,8,rootk,1,dynamic
93,43,0.001,16,0,169763,169763,0.190643,67155,0.190643,0.38241,86798,1,86799,type,0,8,optk,1,dynamic
93,43,0.001,16,0,170845,170845,0.19175,67545,0.19175,0.384304,87108,1,87109,type,0,8,k1,1,dynamic
93,43,0.001,16,0,2517260,2517260,0.956691,337000,0.956691,0.999212,0,0,0,iter,0,1,optk,1,dynamic
93,43,0.001,16,0,2517260,2517260,0.956847,337055,0.956847,0.999212,0,0,0,iter,0,1,k1,1,dynamic
93,43,0.001,16,0,2517260,2517260,0.957335,337227,0.957335,0.999212,0,0,0,iter,0,1,rootk,1,dynamic
93,43,0.001,16,1,1616463,1616463,0.541637,190795,0.541637,0.989836,0,0,0,iter,0,1,k1,1,dynamic
93,43,0.001,16,1,1616888,1616888,0.540559,190415,0.540559,0.989848,0,0,0,iter,0,1,optk,1,dynamic
93,43,0.001,16,1,1620352,1620352,0.541277,190668,0.541277,0.989947,0,0,0,iter,0,1,rootk,1,dynamic
93,430,0.01,10,0,0,0,0,0,0,0,0,0,0,iter,0,1,k1,1,dynamic
93,430,0.01,10,0,0,0,0,0,0,0,0,0,0,iter,0,1,optk,1,dynamic
93,430,0.01,10,0,0,0,0,0,0,0,0,0,0,iter,0,1,rootk,1,dynamic
93,430,0.01,11,0,0,0,0,0,0,0,0,0,0,iter,0,1,k1,1,dynamic
93,430,0.01,11,0,0,0,0,0,0,0,0,0,0,iter,0,1,optk,1,dynamic
93,430,0.01,11,0,0,0,0,0,0,0,0,0,0,iter,0,1,rootk,1,dynamic
93,430,0.01,12,0,0,0,0,0,0,0,0,0,0,iter,0,1,k1,1,dynamic
93,430,0.01,12,0,0,0,0,0,0,0,0,0,0,iter,0,1,optk,1,dynamic
93,430,0.01,12,0,0,0,0,0,0,0,0,0,0,iter,0,1,rootk,1,dynamic
93,430,0.01,13,0,43,43,3.97438e-06,14,3.97438e-06,1.2207e-05,0,0,0,iter,0,1,k1,1,dynamic
93,430,0.01,13,0,43,43,3.97438e-06,14,3.97438e-06,1.2207e-05,0,0,0,iter,0,1,optk,1,dynamic
93,430,0.01,13,0,43,43,3.97438e-06,14,3.97438e-06,1.2207e-05,0,0,0,iter,0,1,rootk,1,dynamic
93,430,0.01,13,1,0,0,0,0,0,0,0,0,0,iter,0,1,k1,1,dynamic
93,430,0.01,13,1,0,0,0,0,0,0,0,0,0,iter,0,1,optk,1,dynamic
93,430,0.01,13,1,0,0,0,0,0,0,0,0,0,iter,0,1,rootk,1,dynamic
93,430,0.01,14,0,5312,5312,0.000539948,1902,0.000539948,0.00150686,0,0,0,iter,0,1,rootk,1,dynamic
93,430,0.01,14,0,5312,5312,0.000540232,1903,0.000540232,0.00150686,0,0,0,iter,0,1,k1,1,dynamic
93,430,0.01,14,0,5312,5312,0.000540232,1903,0.000540232,0.00150686,0,0,0,iter,0,1,optk,1,dynamic
93,430,0.01,14,1,0,0,0,0,0,0,0,0,0,iter,0,1,k1,1,dynamic
93,430,0.01,14,1,0,0,0,0,0,0,0,0,0,iter,0,1,optk,1,dynamic
93,430,0.01,14,1,6,6,5.67769e-07,2,5.67769e-07,1.70331e-06,0,2,2,iter,0,1,rootk,1,dynamic
93,430,0.01,15,0,165852,165852,0.0193357,68111,0.0193357,0.0459916,0,0,0,iter,0,1,rootk,1,dynamic
93,430,0.01,15,0,165852,165852,0.0193473,68152,0.0193473,0.0459916,0,0,0,iter,0,1,k1,1,dynamic
93,430,0.01,15,0,165852,165852,0.0193507,68164,0.0193507,0.0459916,0,0,0,iter,0,1,optk,1,dynamic
93,430,0.01,15,1,1975,1975,0.000147336,519,0.000147336,0.000560515,0,525,525,iter,0,1,optk,1,dynamic
93,430,0.01,15,1,2031,2031,0.000145917,514,0.000145917,0.000576403,0,516,516,iter,0,1,k1,1,dynamic
93,430,0.01,15,1,2069,2069,0.000148188,522,0.000148188,0.000587184,0,524,524,iter,0,1,rootk,1,dynamic
93,430,0.01,16,0,2517260,2517260,0.269086,947873,0.269086,0.510618,0,0,0,iter,0,1,optk,1,dynamic
93,430,0.01,16,0,2517260,2517260,0.269168,948162,0.269168,0.510618,0,0,0,iter,0,1,rootk,1,dynamic
93,430,0.01,16,0,2517260,2517260,0.269334,948746,0.269334,0.510618,0,0,0,iter,0,1,k1,1,dynamic
93,430,0.01,16,1,452332,452332,0.0216502,76264,0.0216502,0.120507,0,0,0,iter,0,1,rootk,1,dynamic
93,430,0.01,16,1,452529,452529,0.021661,76302,0.021661,0.120556,0,0,0,iter,0,1,optk,1,dynamic
93,430,0.01,16,1,473684,473684,0.021785,76739,0.021785,0.125822,0,0,0,iter,0,1,k1,1,dynamic
93,430,0.01,16,2,54404,54404,0.00681351,24001,0.00681351,0.0153258,31307,1,31308,iter,0,1,k1,1,dynamic
93,430,0.01,16,2,54608,54608,0.00674595,23763,0.00674595,0.0153828,31155,1,31156,iter,0,1,rootk,1,dynamic
93,430,0.01,16,2,54800,54800,0.00679108,23922,0.00679108,0.0154365,31436,1,31437,iter,0,1,optk,1,dynamic
93,4300,0.1,10,0,0,0,0,0,0,0,0,0,0,iter,0,1,k1,1,dynamic
93,4300,0.1,10,0,0,0,0,0,0,0,0,0,0,iter,0,1,optk,5,dynamic
93,4300,0.1,10,0,0,0,0,0,0,0,0,0,0,iter,0,1,rootk,2,dynamic
93,4300,0.1,11,0,0,0,0,0,0,0,0,0,0,iter,0,1,k1,1,dynamic
93,4300,0.1,11,0,0,0,0,0,0,0,0,0,0,iter,0,1,optk,5,dynamic
93,4300,0.1,11,0,0,0,0,0,0,0,0,0,0,iter,0,1,rootk,2,dynamic
93,4300,0.1,12,0,0,0,0,0,0,0,0,0,0,iter,0,1,k1,1,dynamic
93,4300,0.1,12,0,0,0,0,0,0,0,0,0,0,iter,0,1,optk,5,dynamic
93,4300,0.1,12,0,0,0,0,0,0,0,0,0,0,iter,0,1,rootk,2,dynamic
93,4300,0.1,13,0,43,43,3.09883e-29,70,1.98719e-06,6.1035e-06,0,0,0,iter,0,1,optk,5,dynamic
93,4300,0.1,13,0,43,43,3.97438e-07,14,3.97438e-07,1.2207e-06,0,0,0,iter,0,1,k1,1,dynamic
93,4300,0.1,13,0,43,43,6.31829e-13,28,7.94876e-07,2.4414e-06,0,0,0,iter,0,1,rootk,2,dynamic
93,4300,0.1,13,1,0,0,0,0,0,0,0,0,0,iter,0,1,k1,1,dynamic
93,4300,0.1,13,1,0,0,0,0,0,0,0,0,0,iter,0,1,optk,5,dynamic
93,4300,0.1,13,1,0,0,0,0,0,0,0,0,0,iter,0,1,rootk,2,dynamic
93,4300,0.1,14,0,5312,5312,1.1674e-08,3806,0.000108046,0.000301553,0,0,0,iter,0,1,rootk,2,dynamic
93,4300,0.1,14,0,5312,5312,1.43722e-18,9514,0.000270088,0.000753713,0,0,0,iter,0,1,optk,5,dynamic
93,4300,0.1,14,0,5312,5312,5.40232e-05,1903,5.40232e-05,0.000150788,0,0,0,iter,0,1,k1,1,dynamic
93,4300,0.1,14,1,0,0,0,0,0,0,0,0,0,iter,0,1,k1,1,dynamic
93,4300,0.1,14,1,0,0,0,0,0,0,0,0,0,iter,0,1,optk,5,dynamic
93,4300,0.1,14,1,0,0,0,0,0,0,0,0,0,iter,0,1,rootk,2,dynamic
93,4300,0.1,15,0,165852,165852,0.00195159,68746,0.00195159,0.00469721,0,0,0,iter,0,1,k1,1,dynamic
93,4300,0.1,15,0,165852,165852,1.52012e-05,137340,0.00389887,0.00937236,0,0,0,iter,0,1,rootk,2,dynamic
93,4300,0.1,15,0,165852,165852,8.67537e-11,342386,0.00971981,0.0232665,0,0,0,iter,0,1,optk,5,dynamic
93,4300,0.1,15,1,0,0,0,0,0,0,0,0,0,iter,0,1,optk,5,dynamic
93,4300,0.1,15,1,0,0,0,0,0,0,0,0,0,iter,0,1,rootk,2,dynamic
93,4300,0.1,15,1,177,177,1.4762e-06,52,1.4762e-06,5.02474e-06,0,52,52,iter,0,1,k1,1,dynamic
93,4300,0.1,16,0,2517260,2517260,0.00369457,2141117,0.060783,0.133178,0,0,0,iter,0,1,rootk,2,dynamic
93,4300,0.1,16,0,2517260,2517260,0.0308685,1087361,0.0308685,0.0689675,0,0,0,iter,0,1,k1,1,dynamic
93,4300,0.1,16,0,2517260,2517260,6.43884e-05,5112342,0.145131,0.300441,0,0,0,iter,0,1,optk,5,dynamic
93,4300,0.1,16,1,48271,48271,0.000252316,8888,0.000252316,0.0013694,1,8966,8967,iter,0,1,k1,1,dynamic
93,4300,0.1,16,1,526,526,1.10938e-24,570,1.61814e-05,7.46588e-05,1,114,115,iter,0,1,optk,5,dynamic
93,4300,0.1,16,1,5986,5986,4.30038e-09,2310,6.55773e-05,0.000339809,1,1155,1156,iter,0,1,rootk,2,dynamic
93,21498,0.5,10,0,0,0,0,0,0,0,0,0,0,iter,0,1,k1,1,dynamic
93,21498,0.5,10,0,0,0,0,0,0,0,0,0,0,iter,0,1,optk,24,dynamic
93,21498,0.5,10,0,0,0,0,0,0,0,0,0,0,iter,0,1,rootk,5,dynamic
93,21498,0.5,11,0,0,0,0,0,0,0,0,0,0,iter,0,1,k1,1,dynamic
93,21498,0.5,11,0,0,0,0,0,0,0,0,0,0,iter,0,1,optk,24,dynamic
93,21498,0.5,11,0,0,0,0,0,0,0,0,0,0,iter,0,1,rootk,5,dynamic
93,21498,0.5,12,0,0,0,0,0,0,0,0,0,0,iter,0,1,k1,1,dynamic
93,21498,0.5,12,0,0,0,0,0,0,0,0,0,0,iter,0,1,optk,24,dynamic
93,21498,0.5,12,0,0,0,0,0,0,0,0,0,0,iter,0,1,rootk,5,dynamic
93,21498,0.5,13,0,43,43,5.41042e-138,336,1.90788e-06,5.8599e-06,0,0,0,iter,0,1,optk,24,dynamic
93,21498,0.5,13,0,43,43,7.9495e-08,14,7.9495e-08,2.44163e-07,0,0,0,iter,0,1,k1,1,dynamic
93,21498,0.5,13,0,43,43,9.92088e-33,70,3.97475e-07,1.22082e-06,0,0,0,iter,0,1,rootk,5,dynamic
93,21498,0.5,13,1,0,0,0,0,0,0,0,0,0,iter,0,1,k1,1,dynamic
93,21498,0.5,13,1,0,0,0,0,0,0,0,0,0,iter,0,1,optk,24,dynamic
93,21498,0.5,13,1,0,0,0,0,0,0,0,0,0,iter,0,1,rootk,5,dynamic
93,21498,0.5,14,0,5312,5312,1.08056e-05,1903,1.08056e-05,3.01622e-05,0,0,0,iter,0,1,k1,1,dynamic
93,21498,0.5,14,0,5312,5312,4.59883e-22,9513,5.40169e-05,0.000150802,0,0,0,iter,0,1,rootk,5,dynamic
93,21498,0.5,14,0,5312,5312,8.55075e-87,45669,0.000259318,0.000723643,0,0,0,iter,0,1,optk,24,dynamic
93,21498,0.5,14,1,0,0,0,0,0,0,0,0,0,iter,0,1,k1,1,dynamic
93,21498,0.5,14,1,0,0,0,0,0,0,0,0,0,iter,0,1,optk,24,dynamic
93,21498,0.5,14,1,0,0,0,0,0,0,0,0,0,iter,0,1,rootk,5,dynamic
93,21498,0.5,15,0,165852,165852,0.000390656,68799,0.000390656,0.0009413,0,0,0,iter,0,1,k1,1,dynamic
93,21498,0.5,15,0,165852,165852,1.91212e-49,1643808,0.0093339,0.0223483,0,0,0,iter,0,1,optk,24,dynamic
93,21498,0.5,15,0,165852,165852,2.83173e-14,343715,0.00195169,0.00469765,0,0,0,iter,0,1,rootk,5,dynamic
93,21498,0.5,15,1,0,0,0,0,0,0,0,0,0,iter,0,1,optk,24,dynamic
93,21498,0.5,15,1,0,0,0,0,0,0,0,0,0,iter,0,1,rootk,5,dynamic
93,21498,0.5,15,1,13,13,3.40693e-08,6,3.40693e-08,7.38168e-08,0,6,6,iter,0,1,k1,1,dynamic
93,21498,0.5,16,0,2517260,2517260,0.00625207,1101062,0.00625207,0.0141919,0,0,0,iter,0,1,k1,1,dynamic
93,21498,0.5,16,0,2517260,2517260,2.80401e-08,5436806,0.0308714,0.0689737,0,0,0,iter,0,1,rootk,5,dynamic
93,21498,0.5,16,0,2517260,2517260,3.07543e-21,24610329,0.139743,0.290394,0,0,0,iter,0,1,optk,24,dynamic
93,21498,0.5,16,1,10996,10996,1.08113e-05,1904,1.08113e-05,6.24357e-05,1,1909,1910,iter,0,1,k1,1,dynamic
93,21498,0.5,16,1,252,252,1.50406e-28,480,2.72554e-06,7.15453e-06,1,96,97,iter,0,1,rootk,5,dynamic
93,21498,0.5,16,1,252,252,6.31928e-118,2304,1.30826e-05,3.43413e-05,1,96,97,iter,0,1,optk,24,dynamic
94,3,0.001,9,0,0,0,0,0,0,0,0,0,0,iter,0,1,k1,1,dynamic
94,3,0.001,9,0,0,0,0,0,0,0,0,0,0,iter,0,1,optk,1,dynamic
94,3,0.001,9,0,0,0,0,0,0,0,0,0,0,iter,0,1,rootk,1,dynamic
94,3,0.001,10,0,0,0,0,0,0,0,0,0,0,iter,0,1,k1,1,dynamic
94,3,0.001,10,0,0,0,0,0,0,0,0,0,0,iter,0,1,optk,1,dynamic
94,3,0.001,10,0,0,0,0,0,0,0,0,0,0,iter,0,1,rootk,1,dynamic
94,3,0.001,11,0,0,0,0,0,0,0,0,0,0,iter,0,1,k1,1,dynamic
94,3,0.001,11,0,0,0,0,0,0,0,0,0,0,iter,0,1,optk,1,dynamic
94,3,0.001,11,0,0,0,0,0,0,0,0,0,0,iter,0,1,rootk,1,dynamic
94,3,0.001,12,0,128,128,0.00240072,59,0.00240072,0.00519479,0,0,0,iter,0,1,k1,1,dynamic
94,3,0.001,12,0,128,128,0.00240072,59,0.00240072,0.00519479,0,0,0,iter,0,1,optk,1,dynamic
94,3,0.001,12,0,128,128,0.00240072,59,0.00240072,0.00519479,0,0,0,iter,0,1,rootk,1,dynamic
94,3,0.001,12,1,0,0,0,0,0,0,0,0,0,iter,0,1,optk,1,dynamic
94,3,0.001,12,1,0,0,0,0,0,0,0,0,0,iter,0,1,rootk,1,dynamic
94,3,0.001,12,1,1,1,4.06901e-05,1,4.06901e-05,4.06893e-05,0,1,1,iter,0,1,k1,1,dynamic
94,3,0.001,13,0,2865,2865,0.0421143,1035,0.0421143,0.110039,0,0,0,iter,0,1,optk,1,dynamic
94,3,0.001,13,0,2865,2865,0.0423177,1040,0.0423177,0.110039,0,0,0,iter,0,1,rootk,1,dynamic
94,3,0.001,13,0,2865,2865,0.0426025,1047,0.0426025,0.110039,0,0,0,iter,0,1,k1,1,dynamic
94,3,0.001,13,1,282,282,0.00634766,156,0.00634766,0.011409,0,175,175,iter,0,1,k1,1,dynamic
94,3,0.001,13,1,321,321,0.00703939,173,0.00703939,0.0129766,0,194,194,iter,0,1,optk,1,dynamic
94,3,0.001,13,1,373,373,0.00687663,169,0.00687663,0.0150628,0,197,197,iter,0,1,rootk,1,dynamic
94,3,0.001,14,0,7901,7901,0.118286,2907,0.118286,0.274934,3244,1,3245,type,0,8,rootk,1,dynamic
94,3,0.001,14,0,8141,8141,0.11613,2854,0.11613,0.28198,3215,1,3216,type,0,8,optk,1,dynamic
94,3,0.001,14,0,8240,8240,0.11674,2869,0.11674,0.284867,3211,1,3212,type,0,8,k1,1,dynamic
94,3,0.001,14,0,93744,93744,0.755981,18579,0.755981,0.97795,0,0,0,iter,0,1,k1,1,dynamic
94,3,0.001,14,0,93744,93744,0.756632,18595,0.756632,0.97795,0,0,0,iter,0,1,optk,1,dynamic
94,3,0.001,14,0,93744,93744,0.757243,18610,0.757243,0.97795,0,0,0,iter,0,1,rootk,1,dynamic
94,3,0.001,14,1,76323,76323,0.703166,17281,0.703166,0.955202,0,0,0,iter,0,1,optk,1,dynamic
94,3,0.001,14,1,76524,76524,0.704671,17318,0.704671,0.955567,0,0,0,iter,0,1,rootk,1,dynamic
94,3,0.001,14,1,76695,76695,0.70223,17258,0.70223,0.955875,0,0,0,iter,0,1,k1,1,dynamic
94,27,0.01,9,0,0,0,0,0,0,0,0,0,0,iter,0,1,k1,1,dynamic
94,27,0.01,9,0,0,0,0,0,0,0,0,0,0,iter,0,1,optk,1,dynamic
94,27,0.01,9,0,0,0,0,0,0,0,0,0,0,iter,0,1,rootk,1,dynamic
94,27,0.01,10,0,0,0,0,0,0,0,0,0,0,iter,0,1,k1,1,dynamic
94,27,0.01,10,0,0,0,0,0,0,0,0,0,0,iter,0,1,optk,1,dynamic
94,27,0.01,10,0,0,0,0,0,0,0,0,0,0,iter,0,1,rootk,1,dynamic
94,27,0.01,11,0,0,0,0,0,0,0,0,0,0,iter,0,1,k1,1,dynamic
94,27,0.01,11,0,0,0,0,0,0,0,0,0,0,iter,0,1,optk,1,dynamic
94,27,0.01,11,0,0,0,0,0,0,0,0,0,0,iter,0,1,rootk,1,dynamic
94,27,0.01,12,0,128,128,0.000266746,59,0.000266746,0.000578536,0,0,0,iter,0,1,k1,1,dynamic
94,27,0.01,12,0,128,128,0.000266746,59,0.000266746,0.000578536,0,0,0,iter,0,1,optk,1,dynamic
94,27,0.01,12,0,128,128,0.000266746,59,0.000266746,0.000578536,0,0,0,iter,0,1,rootk,1,dynamic
94,27,0.01,12,1,0,0,0,0,0,0,0,0,0,iter,0,1,k1,1,dynamic
94,27,0.01,12,1,0,0,0,0,0,0,0,0,0,iter,0,1,optk,1,dynamic
94,27,0.01,12,1,0,0,0,0,0,0,0,0,0,iter,0,1,rootk,1,dynamic
94,27,0.01,13,0,2865,2865,0.00477431,1056,0.00477431,0.0128695,0,0,0,iter,0,1,optk,1,dynamic
94,27,0.01,13,0,2865,2865,0.00479239,1060,0.00479239,0.0128695,0,0,0,iter,0,1,rootk,1,dynamic
94,27,0.01,13,0,2865,2865,0.00479691,1061,0.00479691,0.0128695,0,0,0,iter,0,1,k1,1,dynamic
94,27,0.01,13,1,29,29,7.2338e-05,16,7.2338e-05,0.000131104,0,18,18,iter,0,1,optk,1,dynamic
94,27,0.01,13,1,40,40,0.000113028,25,0.000113028,0.000180829,0,25,25,iter,0,1,k1,1,dynamic
94,27,0.01,13,1,80,80,9.94647e-05,22,9.94647e-05,0.000361624,0,22,22,iter,0,1,rootk,1,dynamic
94,27,0.01,14,0,93744,93744,0.145458,32173,0.145458,0.345464,0,0,0,iter,0,1,optk,1,dynamic
94,27,0.01,14,0,93744,93744,0.145558,32195,0.145558,0.345464,0,0,0,iter,0,1,rootk,1,dynamic
94,27,0.01,14,0,93744,93744,0.145793,32247,0.145793,0.345464,0,0,0,iter,0,1,k1,1,dynamic
94,27,0.01,14,1,14020,14020,0.0254991,5640,0.0254991,0.061419,0,0,0,iter,0,1,k1,1,dynamic
94,27,0.01,14,1,14140,14140,0.0258699,5722,0.0258699,0.0619281,0,0,0,iter,0,1,rootk,1,dynamic
94,27,0.01,14,1,14374,14374,0.0257614,5698,0.0257614,0.06292,0,0,0,iter,0,1,optk,1,dynamic
94,27,0.01,14,2,2262,2262,0.00406449,899,0.00406449,0.0101747,1043,1,1044,iter,0,1,rootk,1,dynamic
94,27,0.01,14,2,2316,2316,0.00401476,888,0.00401476,0.0104163,1001,1,1002,iter,0,1,optk,1,dynamic
94,27,0.01,14,2,2589,2589,0.00423629,937,0.00423629,0.0116369,1066,1,1067,iter,0,1,k1,1,dynamic
94,270,0.1,9,0,0,0,0,0,0,0,0,0,0,iter,0,1,k1,1,dynamic
94,270,0.1,9,0,0,0,0,0,0,0,0,0,0,iter,0,1,optk,5,dynamic
94,270,0.1,9,0,0,0,0,0,0,0,0,0,0,iter,0,1,rootk,2,dynamic
94,270,0.1,10,0,0,0,0,0,0,0,0,0,0,iter,0,1,k1,1,dynamic
94,270,0.1,10,0,0,0,0,0,0,0,0,0,0,iter,0,1,optk,5,dynamic
94,270,0.1,10,0,0,0,0,0,0,0,0,0,0,iter,0,1,rootk,2,dynamic
94,270,0.1,11,0,0,0,0,0,0,0,0,0,0,iter,0,1,k1,1,dynamic
94,270,0.1,11,0,0,0,0,0,0,0,0,0,0,iter,0,1,optk,5,dynamic
94,270,0.1,11,0,0,0,0,0,0,0,0,0,0,iter,0,1,rootk,2,dynamic
94,270,0.1,12,0,128,128,2.66746e-05,59,2.66746e-05,5.78687e-05,0,0,0,iter,0,1,k1,1,dynamic
94,270,0.1,12,0,128,128,2.84614e-09,118,5.33492e-05,0.000115734,0,0,0,iter,0,1,rootk,2,dynamic
94,270,0.1,12,0,128,128,4.22028e-20,295,0.000133373,0.00028931,0,0,0,iter,0,1,optk,5,dynamic
94,270,0.1,12,1,0,0,0,0,0,0,0,0,0,iter,0,1,k1,1,dynamic
94,270,0.1,12,1,0,0,0,0,0,0,0,0,0,iter,0,1,optk,5,dynamic
94,270,0.1,12,1,0,0,0,0,0,0,0,0,0,iter,0,1,rootk,2,dynamic
94,270,0.1,13,0,2865,2865,0.000480595,1063,0.000480595,0.00129446,0,0,0,iter,0,1,k1,1,dynamic
94,270,0.1,13,0,2865,2865,7.9595e-14,5308,0.00239981,0.00645558,0,0,0,iter,0,1,optk,5,dynamic
94,270,0.1,13,0,2865,2865,9.23019e-07,2125,0.000960739,0.00258725,0,0,0,iter,0,1,rootk,2,dynamic
94,270,0.1,13,1,0,0,0,0,0,0,0,0,0,iter,0,1,optk,5,dynamic
94,270,0.1,13,1,0,0,0,0,0,0,0,0,0,iter,0,1,rootk,2,dynamic
94,270,0.1,13,1,16,16,2.26056e-06,5,2.26056e-06,7.23377e-06,0,5,5,iter,0,1,k1,1,dynamic
94,270,0.1,14,0,93744,93744,0.000955149,68358,0.0309055,0.0812724,0,0,0,iter,0,1,rootk,2,dynamic
94,270,0.1,14,0,93744,93744,0.0155947,34493,0.0155947,0.0414972,0,0,0,iter,0,1,k1,1,dynamic
94,270,0.1,14,0,93744,93744,2.44991e-06,166949,0.0754797,0.190966,0,0,0,iter,0,1,optk,5,dynamic
94,270,0.1,14,1,1408,1408,0.000267198,591,0.000267198,0.000636372,1,609,610,iter,0,1,k1,1,dynamic
94,270,0.1,14,1,5,5,1.889e-27,10,4.52112e-06,1.13027e-05,1,2,3,iter,0,1,optk,5,dynamic
94,270,0.1,14,1,97,97,9.45171e-10,68,3.07436e-05,8.77059e-05,1,34,35,iter,0,1,rootk,2,dynamic
94,1348,0.5,9,0,0,0,0,0,0,0,0,0,0,iter,0,1,k1,1,dynamic
94,1348,0.5,9,0,0,0,0,0,0,0,0,0,0,iter,0,1,optk,23,dynamic
94,1348,0.5,9,0,0,0,0,0,0,0,0,0,0,iter,0,1,rootk,5,dynamic
94,1348,0.5,10,0,0,0,0,0,0,0,0,0,0,iter,0,1,k1,1,dynamic
94,1348,0.5,10,0,0,0,0,0,0,0,0,0,0,iter,0,1,optk,23,dynamic
94,1348,0.5,10,0,0,0,0,0,0,0,0,0,0,iter,0,1,rootk,5,dynamic
94,1348,0.5,11,0,0,0,0,0,0,0,0,0,0,iter,0,1,k1,1,dynamic
94,1348,0.5,11,0,0,0,0,0,0,0,0,0,0,iter,0,1,optk,23,dynamic
94,1348,0.5,11,0,0,0,0,0,0,0,0,0,0,iter,0,1,rootk,5,dynamic
94,1348,0.5,12,0,128,128,1.1442e-90,1357,0.000122885,0.000266563,0,0,0,iter,0,1,optk,23,dynamic
94,1348,0.5,12,0,128,128,1.36054e-23,295,2.67142e-05,5.79546e-05,0,0,0,iter,0,1,rootk,5,dynamic
94,1348,0.5,12,0,128,128,5.34284e-06,59,5.34284e-06,1.15912e-05,0,0,0,iter,0,1,k1,1,dynamic
94,1348,0.5,12,1,0,0,0,0,0,0,0,0,0,iter,0,1,k1,1,dynamic
94,1348,0.5,12,1,0,0,0,0,0,0,0,0,0,iter,0,1,optk,23,dynamic
94,1348,0.5,12,1,0,0,0,0,0,0,0,0,0,iter,0,1,rootk,5,dynamic
94,1348,0.5,13,0,2865,2865,2.5781e-17,5313,0.000481127,0.00129638,0,0,0,iter,0,1,rootk,5,dynamic
94,1348,0.5,13,0,2865,2865,8.51485e-62,24427,0.00221203,0.00594946,0,0,0,iter,0,1,optk,23,dynamic
94,1348,0.5,13,0,2865,2865,9.62617e-05,1063,9.62617e-05,0.000259411,0,0,0,iter,0,1,k1,1,dynamic
94,1348,0.5,13,1,0,0,0,0,0,0,0,0,0,iter,0,1,k1,1,dynamic
94,1348,0.5,13,1,0,0,0,0,0,0,0,0,0,iter,0,1,optk,23,dynamic
94,1348,0.5,13,1,0,0,0,0,0,0,0,0,0,iter,0,1,rootk,5,dynamic
94,1348,0.5,14,0,93744,93744,0.00314032,34678,0.00314032,0.00845321,0,0,0,iter,0,1,k1,1,dynamic
94,1348,0.5,14,0,93744,93744,2.54872e-27,770607,0.0697836,0.177371,0,0,0,iter,0,1,optk,23,dynamic
94,1348,0.5,14,0,93744,93744,9.25481e-10,172327,0.0156053,0.0415575,0,0,0,iter,0,1,rootk,5,dynamic
94,1348,0.5,14,1,375,375,1.26779e-05,140,1.26779e-05,3.39582e-05,1,140,141,iter,0,1,k1,1,dynamic
94,1348,0.5,14,1,5,5,1.78893e-124,46,4.1656e-06,1.0414e-05,1,2,3,iter,0,1,optk,23,dynamic
94,1348,0.5,14,1,5,5,6.08977e-31,10,9.05566e-07,2.26391e-06,1,2,3,iter,0,1,rootk,5,dynamic
95,4,0.001,10,0,0,0,0,0,0,0,0,0,0,iter,0,1,k1,1,dynamic
95,4,0.001,10,0,0,0,0,0,0,0,0,0,0,iter,0,1,optk,1,dynamic
95,4,0.001,10,0,0,0,0,0,0,0,0,0,0,iter,0,1,rootk,1,dynamic
95,4,0.001,11,0,0,0,0,0,0,0,0,0,0,iter,0,1,k1,1,dynamic
95,4,0.001,11,0,0,0,0,0,0,0,0,0,0,iter,0,1,optk,1,dynamic
95,4,0.001,11,0,0,0,0,0,0,0,0,0,0,iter,0,1,rootk,1,dynamic
95,4,0.001,12,0,0,0,0,0,0,0,0,0,0,iter,0,1,k1,1,dynamic
95,4,0.001,12,0,0,0,0,0,0,0,0,0,0,iter,0,1,optk,1,dynamic
95,4,0.001,12,0,0,0,0,0,0,0,0,0,0,iter,0,1,rootk,1,dynamic
95,4,0.001,13,0,10,10,0.000213623,7,0.000213623,0.000305129,0,0,0,iter,0,1,k1,1,dynamic
95,4,0.001,13,0,10,10,0.000213623,7,0.000213623,0.000305129,0,0,0,iter,0,1,optk,1,dynamic
95,4,0.001,13,0,10,10,0.000213623,7,0.000213623,0.000305129,0,0,0,iter,0,1,rootk,1,dynamic
95,4,0.001,13,1,0,0,0,0,0,0,0,0,0,iter,0,1,k1,1,dynamic
95,4,0.001,13,1,0,0,0,0,0,0,0,0,0,iter,0,1,optk,1,dynamic
95,4,0.001,13,1,0,0,0,0,0,0,0,0,0,iter,0,1,rootk,1,dynamic
95,4,0.001,14,0,1884,1884,0.0348511,1142,0.0348511,0.0558735,0,0,0,iter,0,1,k1,1,dynamic
95,4,0.001,14,0,1884,1884,0.0348816,1143,0.0348816,0.0558735,0,0,0,iter,0,1,optk,1,dynamic
95,4,0.001,14,0,1884,1884,0.0348816,1143,0.0348816,0.0558735,0,0,0,iter,0,1,rootk,1,dynamic
95,4,0.001,14,1,104,104,0.00222778,73,0.00222778,0.0031688,0,78,78,iter,0,1,rootk,1,dynamic
95,4,0.001,14,1,106,106,0.00234985,77,0.00234985,0.00322964,0,85,85,iter,0,1,k1,1,dynamic
95,4,0.001,14,1,93,93,0.0020752,68,0.0020752,0.00283411,0,71,71,iter,0,1,optk,1,dynamic
95,4,0.001,15,0,8305,8305,0.124115,4067,0.124115,0.22388,5115,1,5116,type,0,5,rootk,1,dynamic
95,4,0.001,15,0,8309,8309,0.123901,4060,0.123901,0.223975,5039,1,5040,type,0,5,k1,1,dynamic
95,4,0.001,15,0,8619,8619,0.124786,4089,0.124786,0.231282,5088,1,5089,type,0,5,optk,1,dynamic
95,4,0.001,15,0,97095,97095,0.789703,25877,0.789703,0.948342,0,0,0,iter,0,1,rootk,1,dynamic
95,4,0.001,15,0,97095,97095,0.79071,25910,0.79071,0.948342,0,0,0,iter,0,1,optk,1,dynamic
95,4,0.001,15,0,97095,97095,0.791412,25933,0.791412,0.948342,0,0,0,iter,0,1,k1,1,dynamic
95,4,0.001,15,1,42247,42247,0.424622,13914,0.424622,0.72453,0,0,0,iter,0,1,optk,1,dynamic
95,4,0.001,15,1,42301,42301,0.425476,13942,0.425476,0.724983,0,0,0,iter,0,1,k1,1,dynamic
95,4,0.001,15,1,42354,42354,0.420532,13780,0.420532,0.725428,0,0,0,iter,0,1,rootk,1,dynamic
95,37,0.01,10,0,0,0,0,0,0,0,0,0,0,iter,0,1,k1,1,dynamic
95,37,0.01,10,0,0,0,0,0,0,0,0,0,0,iter,0,1,optk,1,dynamic
95,37,0.01,10,0,0,0,0,0,0,0,0,0,0,iter,0,1,rootk,1,dynamic
95,37,0.01,11,0,0,0,0,0,0,0,0,0,0,iter,0,1,k1,1,dynamic
95,37,0.01,11,0,0,0,0,0,0,0,0,0,0,iter,0,1,optk,1,dynamic
95,37,0.01,11,0,0,0,0,0,0,0,0,0,0,iter,0,1,rootk,1,dynamic
95,37,0.01,12,0,0,0,0,0,0,0,0,0,0,iter,0,1,k1,1,dynamic
95,37,0.01,12,0,0,0,0,0,0,0,0,0,0,iter,0,1,optk,1,dynamic
95,37,0.01,12,0,0,0,0,0,0,0,0,0,0,iter,0,1,rootk,1,dynamic
95,37,0.01,13,0,10,10,2.30944e-05,7,2.30944e-05,3.29914e-05,0,0,0,iter,0,1,k1,1,dynamic
95,37,0.01,13,0,10,10,2.30944e-05,7,2.30944e-05,3.29914e-05,0,0,0,iter,0,1,optk,1,dynamic
95,37,0.01,13,0,10,10,2.30944e-05,7,2.30944e-05,3.29914e-05,0,0,0,iter,0,1,rootk,1,dynamic
95,37,0.01,13,1,0,0,0,0,0,0,0,0,0,iter,0,1,k1,1,dynamic
95,37,0.01,13,1,0,0,0,0,0,0,0,0,0,iter,0,1,optk,1,dynamic
95,37,0.01,13,1,0,0,0,0,0,0,0,0,0,iter,0,1,rootk,1,dynamic
95,37,0.01,14,0,1884,1884,0.00380727,1154,0.00380727,0.00619641,0,0,0,iter,0,1,rootk,1,dynamic
95,37,0.01,14,0,1884,1884,0.00382047,1158,0.00382047,0.00619641,0,0,0,iter,0,1,k1,1,dynamic
95,37,0.01,14,0,1884,1884,0.00382047,1158,0.00382047,0.00619641,0,0,0,iter,0,1,optk,1,dynamic
95,37,0.01,14,1,10,10,2.30944e-05,7,2.30944e-05,3.29914e-05,0,7,7,iter,0,1,rootk,1,dynamic
95,37,0.01,14,1,14,14,2.63936e-05,8,2.63936e-05,4.61877e-05,0,8,8,iter,0,1,k1,1,dynamic
95,37,0.01,14,1,18,18,2.96928e-05,9,2.96928e-05,5.93838e-05,0,9,9,iter,0,1,optk,1,dynamic
95,37,0.01,15,0,97095,97095,0.155425,47110,0.155425,0.274095,0,0,0,iter,0,1,rootk,1,dynamic
95,37,0.01,15,0,97095,97095,0.155636,47174,0.155636,0.274095,0,0,0,iter,0,1,optk,1,dynamic
95,37,0.01,15,0,97095,97095,0.155805,47225,0.155805,0.274095,0,0,0,iter,0,1,k1,1,dynamic
95,37,0.01,15,1,8088,8088,0.0115604,3504,0.0115604,0.026331,0,0,0,iter,0,1,rootk,1,dynamic
95,37,0.01,15,1,8131,8131,0.0117517,3562,0.0117517,0.0264692,0,0,0,iter,0,1,optk,1,dynamic
95,37,0.01,15,1,8582,8582,0.0120289,3646,0.0120289,0.0279166,0,0,0,iter,0,1,k1,1,dynamic
95,37,0.01,15,2,1152,1152,0.0020587,624,0.0020587,0.00379346,741,1,742,iter,0,1,rootk,1,dynamic
95,37,0.01,15,2,1209,1209,0.00212798,645,0.00212798,0.00398079,742,1,743,iter,0,1,optk,1,dynamic
95,37,0.01,15,2,1256,1256,0.00214448,650,0.00214448,0.00413522,761,1,762,iter,0,1,k1,1,dynamic
95,366,0.1,10,0,0,0,0,0,0,0,0,0,0,iter,0,1,k1,1,dynamic
95,366,0.1,10,0,0,0,0,0,0,0,0,0,0,iter,0,1,optk,4,dynamic
95,366,0.1,10,0,0,0,0,0,0,0,0,0,0,iter,0,1,rootk,2,dynamic
95,366,0.1,11,0,0,0,0,0,0,0,0,0,0,iter,0,1,k1,1,dynamic
95,366,0.1,11,0,0,0,0,0,0,0,0,0,0,iter,0,1,optk,4,dynamic
95,366,0.1,11,0,0,0,0,0,0,0,0,0,0,iter,0,1,rootk,2,dynamic
95,366,0.1,12,0,0,0,0,0,0,0,0,0,0,iter,0,1,k1,1,dynamic
95,366,0.1,12,0,0,0,0,0,0,0,0,0,0,iter,0,1,optk,4,dynamic
95,366,0.1,12,0,0,0,0,0,0,0,0,0,0,iter,0,1,rootk,2,dynamic
95,366,0.1,13,0,10,10,2.18029e-11,14,4.66936e-06,6.67049e-06,0,0,0,iter,0,1,rootk,2,dynamic
95,366,0.1,13,0,10,10,2.33468e-06,7,2.33468e-06,3.33525e-06,0,0,0,iter,0,1,k1,1,dynamic
95,366,0.1,13,0,10,10,7.60585e-21,28,9.33871e-06,1.33409e-05,0,0,0,iter,0,1,optk,4,dynamic
95,366,0.1,13,1,0,0,0,0,0,0,0,0,0,iter,0,1,k1,1,dynamic
95,366,0.1,13,1,0,0,0,0,0,0,0,0,0,iter,0,1,optk,4,dynamic
95,366,0.1,13,1,0,0,0,0,0,0,0,0,0,iter,0,1,rootk,2,dynamic
95,366,0.1,14,0,1884,1884,0.00038689,1160,0.00038689,0.000628165,0,0,0,iter,0,1,k1,1,dynamic
95,366,0.1,14,0,1884,1884,5.72584e-12,4638,0.00154689,0.00251029,0,0,0,iter,0,1,optk,4,dynamic
95,366,0.1,14,0,1884,1884,5.98734e-07,2320,0.000773779,0.00125593,0,0,0,iter,0,1,rootk,2,dynamic
95,366,0.1,14,1,0,0,0,0,0,0,0,0,0,iter,0,1,optk,4,dynamic
95,366,0.1,14,1,0,0,0,0,0,0,0,0,0,iter,0,1,rootk,2,dynamic
95,366,0.1,14,1,3,3,1.00058e-06,3,1.00058e-06,1.00058e-06,0,3,3,iter,0,1,k1,1,dynamic
95,366,0.1,15,0,97095,97095,0.00112957,100769,0.033609,0.0627145,0,0,0,iter,0,1,rootk,2,dynamic
95,366,0.1,15,0,97095,97095,0.0169551,50836,0.0169551,0.0318649,0,0,0,iter,0,1,k1,1,dynamic
95,366,0.1,15,0,97095,97095,1.90685e-05,198130,0.0660814,0.121496,0,0,0,iter,0,1,optk,4,dynamic
95,366,0.1,15,1,32,32,2.24051e-18,116,3.8689e-05,4.26903e-05,1,29,30,iter,0,1,optk,4,dynamic
95,366,0.1,15,1,84,84,1.39538e-09,112,3.73548e-05,5.60307e-05,1,56,57,iter,0,1,rootk,2,dynamic
95,366,0.1,15,1,971,971,0.000143082,429,0.000143082,0.000323801,1,435,436,iter,0,1,k1,1,dynamic
95,1830,0.5,10,0,0,0,0,0,0,0,0,0,0,iter,0,1,k1,1,dynamic
95,1830,0.5,10,0,0,0,0,0,0,0,0,0,0,iter,0,1,optk,22,dynamic
95,1830,0.5,10,0,0,0,0,0,0,0,0,0,0,iter,0,1,rootk,5,dynamic
95,1830,0.5,11,0,0,0,0,0,0,0,0,0,0,iter,0,1,k1,1,dynamic
95,1830,0.5,11,0,0,0,0,0,0,0,0,0,0,iter,0,1,optk,22,dynamic
95,1830,0.5,11,0,0,0,0,0,0,0,0,0,0,iter,0,1,rootk,5,dynamic
95,1830,0.5,12,0,0,0,0,0,0,0,0,0,0,iter,0,1,k1,1,dynamic
95,1830,0.5,12,0,0,0,0,0,0,0,0,0,0,iter,0,1,optk,22,dynamic
95,1830,0.5,12,0,0,0,0,0,0,0,0,0,0,iter,0,1,rootk,5,dynamic
95,1830,0.5,13,0,10,10,1.80698e-110,154,1.02726e-05,1.4675e-05,0,0,0,iter,0,1,optk,22,dynamic
95,1830,0.5,13,0,10,10,4.66936e-07,7,4.66936e-07,6.67051e-07,0,0,0,iter,0,1,k1,1,dynamic
95,1830,0.5,13,0,10,10,6.93641e-29,35,2.33468e-06,3.33525e-06,0,0,0,iter,0,1,rootk,5,dynamic
95,1830,0.5,13,1,0,0,0,0,0,0,0,0,0,iter,0,1,k1,1,dynamic
95,1830,0.5,13,1,0,0,0,0,0,0,0,0,0,iter,0,1,optk,22,dynamic
95,1830,0.5,13,1,0,0,0,0,0,0,0,0,0,iter,0,1,rootk,5,dynamic
95,1830,0.5,14,0,1884,1884,1.18955e-61,25500,0.00170098,0.00276097,0,0,0,iter,0,1,optk,22,dynamic
95,1830,0.5,14,0,1884,1884,7.73779e-05,1160,7.73779e-05,0.000125664,0,0,0,iter,0,1,k1,1,dynamic
95,1830,0.5,14,0,1884,1884,8.65338e-18,5798,0.000386756,0.000628165,0,0,0,iter,0,1,rootk,5,dynamic
95,1830,0.5,14,1,0,0,0,0,0,0,0,0,0,iter,0,1,k1,1,dynamic
95,1830,0.5,14,1,0,0,0,0,0,0,0,0,0,iter,0,1,optk,22,dynamic
95,1830,0.5,14,1,0,0,0,0,0,0,0,0,0,iter,0,1,rootk,5,dynamic
95,1830,0.5,15,0,97095,97095,0.0034121,51152,0.0034121,0.0064558,0,0,0,iter,0,1,k1,1,dynamic
95,1830,0.5,15,0,97095,97095,1.39694e-09,254025,0.0169448,0.0318649,0,0,0,iter,0,1,rootk,5,dynamic
95,1830,0.5,15,0,97095,97095,8.33788e-26,1086148,0.0724516,0.132802,0,0,0,iter,0,1,optk,22,dynamic
95,1830,0.5,15,1,231,231,7.07074e-06,106,7.07074e-06,1.54088e-05,1,106,107,iter,0,1,k1,1,dynamic
95,1830,0.5,15,1,31,31,3.17887e-97,616,4.10903e-05,4.54918e-05,1,28,29,iter,0,1,optk,22,dynamic
95,1830,0.5,15,1,31,31,7.10289e-26,140,9.33871e-06,1.03392e-05,1,28,29,iter,0,1,rootk,5,dynamic
96,6,0.001,10,0,0,0,0,0,0,0,0,0,0,iter,0,1,k1,1,dynamic
96,6,0.001,10,0,0,0,0,0,0,0,0,0,0,iter,0,1,optk,1,dynamic
96,6,0.001,10,0,0,0,0,0,0,0,0,0,0,iter,0,1,rootk,1,dynamic
96,6,0.001,11,0,0,0,0,0,0,0,0,0,0,iter,0,1,k1,1,dynamic
96,6,0.001,11,0,0,0,0,0,0,0,0,0,0,iter,0,1,optk,1,dynamic
96,6,0.001,11,0,0,0,0,0,0,0,0,0,0,iter,0,1,rootk,1,dynamic
96,6,0.001,12,0,3,3,6.10352e-05,3,6.10352e-05,6.10333e-05,0,0,0,iter,0,1,k1,1,dynamic
96,6,0.001,12,0,3,3,6.10352e-05,3,6.10352e-05,6.10333e-05,0,0,0,iter,0,1,optk,1,dynamic
96,6,0.001,12,0,3,3,6.10352e-05,3,6.10352e-05,6.10333e-05,0,0,0,iter,0,1,rootk,1,dynamic
96,6,0.001,12,1,0,0,0,0,0,0,0,0,0,iter,0,1,k1,1,dynamic
96,6,0.001,12,1,0,0,0,0,0,0,0,0,0,iter,0,1,optk,1,dynamic
96,6,0.001,12,1,0,0,0,0,0,0,0,0,0,iter,0,1,rootk,1,dynamic
96,6,0.001,13,0,140,140,0.00156657,77,0.00156657,0.00284425,0,0,0,iter,0,1,k1,1,dynamic
96,6,0.001,13,0,140,140,0.00156657,77,0.00156657,0.00284425,0,0,0,iter,0,1,optk,1,dynamic
96,6,0.001,13,0,140,140,0.00156657,77,0.00156657,0.00284425,0,0,0,iter,0,1,rootk,1,dynamic
96,6,0.001,13,1,0,0,0,0,0,0,0,0,0,iter,0,1,optk,1,dynamic
96,6,0.001,13,1,2,2,4.06901e-05,2,4.06901e-05,4.06893e-05,0,2,2,iter,0,1,k1,1,dynamic
96,6,0.001,13,1,2,2,4.06901e-05,2,4.06901e-05,4.06893e-05,0,2,2,iter,0,1,rootk,1,dynamic
96,6,0.001,14,0,8488,8488,0.091451,4495,0.091451,0.158601,0,0,0,iter,0,1,rootk,1,dynamic
96,6,0.001,14,0,8488,8488,0.0914714,4496,0.0914714,0.158601,0,0,0,iter,0,1,k1,1,dynamic
96,6,0.001,14,0,8488,8488,0.0916138,4503,0.0916138,0.158601,0,0,0,iter,0,1,optk,1,dynamic
96,6,0.001,14,1,761,761,0.00919596,452,0.00919596,0.0153633,0,490,490,iter,0,1,k1,1,dynamic
96,6,0.001,14,1,810,810,0.00876872,431,0.00876872,0.0163444,0,0,0,iter,0,1,rootk,1,dynamic
96,6,0.001,14,1,917,917,0.00935872,460,0.00935872,0.0184835,0,0,0,iter,0,1,optk,1,dynamic
96,6,0.001,14,2,76,76,0.000773112,38,0.000773112,0.00154503,42,0,42,iter,0,1,rootk,1,dynamic
96,6,0.001,14,2,90,90,0.000935872,46,0.000935872,0.00182938,52,0,52,iter,0,1,optk,1,dynamic
96,6,0.001,15,0,17016,17016,0.164836,8102,0.164836,0.292623,9591,1,9592,type,0,8,optk,1,dynamic
96,6,0.001,15,0,17201,17201,0.163961,8059,0.163961,0.29528,9564,1,9565,type,0,8,rootk,1,dynamic
96,6,0.001,15,0,17226,17226,0.163411,8032,0.163411,0.295639,9621,1,9622,type,0,8,k1,1,dynamic
96,6,0.001,15,0,218064,218064,0.895284,44005,0.895284,0.988163,0,0,0,iter,0,1,rootk,1,dynamic
96,6,0.001,15,0,218064,218064,0.89624,44052,0.89624,0.988163,0,0,0,iter,0,1,optk,1,dynamic
96,6,0.001,15,0,218064,218064,0.897359,44107,0.897359,0.988163,0,0,0,iter,0,1,k1,1,dynamic
96,6,0.001,15,1,136196,136196,0.639628,31439,0.639628,0.937395,0,0,0,iter,0,1,rootk,1,dynamic
96,6,0.001,15,1,136208,136208,0.644491,31678,0.644491,0.937411,0,0,0,iter,0,1,optk,1,dynamic
96,6,0.001,15,1,136648,136648,0.64388,31648,0.64388,0.937968,0,0,0,iter,0,1,k1,1,dynamic
96,56,0.01,10,0,0,0,0,0,0,0,0,0,0,iter,0,1,k1,1,dynamic
96,56,0.01,10,0,0,0,0,0,0,0,0,0,0,iter,0,1,optk,1,dynamic
96,56,0.01,10,0,0,0,0,0,0,0,0,0,0,iter,0,1,rootk,1,dynamic
96,56,0.01,11,0,0,0,0,0,0,0,0,0,0,iter,0,1,k1,1,dynamic
96,56,0.01,11,0,0,0,0,0,0,0,0,0,0,iter,0,1,optk,1,dynamic
96,56,0.01,11,0,0,0,0,0,0,0,0,0,0,iter,0,1,rootk,1,dynamic
96,56,0.01,12,0,3,3,6.53948e-06,3,6.53948e-06,6.53946e-06,0,0,0,iter,0,1,k1,1,dynamic
96,56,0.01,12,0,3,3,6.53948e-06,3,6.53948e-06,6.53946e-06,0,0,0,iter,0,1,optk,1,dynamic
96,56,0.01,12,0,3,3,6.53948e-06,3,6.53948e-06,6.53946e-06,0,0,0,iter,0,1,rootk,1,dynamic
96,56,0.01,12,1,0,0,0,0,0,0,0,0,0,iter,0,1,k1,1,dynamic
96,56,0.01,12,1,0,0,0,0,0,0,0,0,0,iter,0,1,optk,1,dynamic
96,56,0.01,12,1,0,0,0,0,0,0,0,0,0,iter,0,1,rootk,1,dynamic
96,56,0.01,13,0,140,140,0.000167847,77,0.000167847,0.000305129,0,0,0,iter,0,1,k1,1,dynamic
96,56,0.01,13,0,140,140,0.000167847,77,0.000167847,0.000305129,0,0,0,iter,0,1,optk,1,dynamic
96,56,0.01,13,0,140,140,0.000167847,77,0.000167847,0.000305129,0,0,0,iter,0,1,rootk,1,dynamic
96,56,0.01,13,1,0,0,0,0,0,0,0,0,0,iter,0,1,k1,1,dynamic
96,56,0.01,13,1,0,0,0,0,0,0,0,0,0,iter,0,1,optk,1,dynamic
96,56,0.01,13,1,0,0,0,0,0,0,0,0,0,iter,0,1,rootk,1,dynamic
96,56,0.01,14,0,8488,8488,0.010243,4699,0.010243,0.0183323,0,0,0,iter,0,1,optk,1,dynamic
96,56,0.01,14,0,8488,8488,0.0102539,4704,0.0102539,0.0183323,0,0,0,iter,0,1,k1,1,dynamic
96,56,0.01,14,0,8488,8488,0.0102648,4709,0.0102648,0.0183323,0,0,0,iter,0,1,rootk,1,dynamic
96,56,0.01,14,1,105,105,0.000113351,52,0.000113351,0.000228856,0,52,52,iter,0,1,k1,1,dynamic
96,56,0.01,14,1,128,128,0.00011989,55,0.00011989,0.000278979,0,55,55,iter,0,1,rootk,1,dynamic
96,56,0.01,14,1,77,77,0.00011989,55,0.00011989,0.000167833,0,55,55,iter,0,1,optk,1,dynamic
96,56,0.01,15,0,218064,218064,0.214042,98192,0.214042,0.378327,0,0,0,iter,0,1,k1,1,dynamic
96,56,0.01,15,0,218064,218064,0.214244,98285,0.214244,0.378327,0,0,0,iter,0,1,optk,1,dynamic
96,56,0.01,15,0,218064,218064,0.214244,98285,0.214244,0.378327,0,0,0,iter,0,1,rootk,1,dynamic
96,56,0.01,15,1,31695,31695,0.025831,11850,0.025831,0.066757,0,0,0,iter,0,1,optk,1,dynamic
96,56,0.01,15,1,31696,31696,0.0263171,12073,0.0263171,0.066759,0,0,0,iter,0,1,k1,1,dynamic
96,56,0.01,15,1,32673,32673,0.026365,12095,0.026365,0.0687444,0,0,0,iter,0,1,rootk,1,dynamic
96,56,0.01,15,2,5619,5619,0.00624956,2867,0.00624956,0.0121737,3559,1,3560,iter,0,1,optk,1,dynamic
96,56,0.01,15,2,5629,5629,0.00636509,2920,0.00636509,0.0121953,3621,1,3622,iter,0,1,rootk,1,dynamic
96,56,0.01,15,2,5801,5801,0.00643049,2950,0.00643049,0.0125656,3645,1,3646,iter,0,1,k1,1,dynamic
96,563,0.1,10,0,0,0,0,0,0,0,0,0,0,iter,0,1,k1,1,dynamic
96,563,0.1,10,0,0,0,0,0,0,0,0,0,0,iter,0,1,optk,5,dynamic
96,563,0.1,10,0,0,0,0,0,0,0,0,0,0,iter,0,1,rootk,2,dynamic
96,563,0.1,11,0,0,0,0,0,0,0,0,0,0,iter,0,1,k1,1,dynamic
96,563,0.1,11,0,0,0,0,0,0,0,0,0,0,iter,0,1,optk,5,dynamic
96,563,0.1,11,0,0,0,0,0,0,0,0,0,0,iter,0,1,rootk,2,dynamic
96,563,0.1,12,0,3,3,1.69241e-12,6,1.30093e-06,1.30093e-06,0,0,0,iter,0,1,rootk,2,dynamic
96,563,0.1,12,0,3,3,3.63885e-28,15,3.25232e-06,3.25231e-06,0,0,0,iter,0,1,optk,5,dynamic
96,563,0.1,12,0,3,3,6.50463e-07,3,6.50463e-07,6.50463e-07,0,0,0,iter,0,1,k1,1,dynamic
96,563,0.1,12,1,0,0,0,0,0,0,0,0,0,iter,0,1,k1,1,dynamic
96,563,0.1,12,1,0,0,0,0,0,0,0,0,0,iter,0,1,optk,5,dynamic
96,563,0.1,12,1,0,0,0,0,0,0,0,0,0,iter,0,1,rootk,2,dynamic
96,563,0.1,13,0,140,140,1.11492e-09,154,3.33905e-05,6.07081e-05,0,0,0,iter,0,1,rootk,2,dynamic
96,563,0.1,13,0,140,140,1.66952e-05,77,1.66952e-05,3.03545e-05,0,0,0,iter,0,1,k1,1,dynamic
96,563,0.1,13,0,140,140,4.05333e-21,385,8.34761e-05,0.000151763,0,0,0,iter,0,1,optk,5,dynamic
96,563,0.1,13,1,0,0,0,0,0,0,0,0,0,iter,0,1,k1,1,dynamic
96,563,0.1,13,1,0,0,0,0,0,0,0,0,0,iter,0,1,optk,5,dynamic
96,563,0.1,13,1,0,0,0,0,0,0,0,0,0,iter,0,1,rootk,2,dynamic
96,563,0.1,14,0,8488,8488,0.00102405,4723,0.00102405,0.00183869,0,0,0,iter,0,1,k1,1,dynamic
96,563,0.1,14,0,8488,8488,3.48953e-12,23575,0.00511156,0.00915968,0,0,0,iter,0,1,optk,5,dynamic
96,563,0.1,14,0,8488,8488,4.19024e-06,9441,0.00204701,0.00367399,0,0,0,iter,0,1,rootk,2,dynamic
96,563,0.1,14,1,0,0,0,0,0,0,0,0,0,iter,0,1,optk,5,dynamic
96,563,0.1,14,1,0,0,0,0,0,0,0,0,0,iter,0,1,rootk,2,dynamic
96,563,0.1,14,1,12,12,2.16821e-06,10,2.16821e-06,2.60185e-06,0,10,10,iter,0,1,k1,1,dynamic
96,563,0.1,15,0,218064,218064,0.00219517,216089,0.0468527,0.0902285,0,0,0,iter,0,1,rootk,2,dynamic
96,563,0.1,15,0,218064,218064,0.0236955,109286,0.0236955,0.0461806,0,0,0,iter,0,1,k1,1,dynamic
96,563,0.1,15,0,218064,218064,1.8432e-05,521210,0.113009,0.210539,0,0,0,iter,0,1,optk,5,dynamic
96,563,0.1,15,1,3265,3265,0.000300297,1385,0.000300297,0.000707671,1,1399,1400,iter,0,1,k1,1,dynamic
96,563,0.1,15,1,375,375,6.02517e-09,358,7.7622e-05,0.000162603,1,179,180,iter,0,1,rootk,2,dynamic
96,563,0.1,15,1,75,75,1.16443e-21,300,6.50463e-05,8.13046e-05,1,60,61,iter,0,1,optk,5,dynamic
96,2815,0.5,10,0,0,0,0,0,0,0,0,0,0,iter,0,1,k1,1,dynamic
96,2815,0.5,10,0,0,0,0,0,0,0,0,0,0,iter,0,1,optk,24,dynamic
96,2815,0.5,10,0,0,0,0,0,0,0,0,0,0,iter,0,1,rootk,5,dynamic
96,2815,0.5,11,0,0,0,0,0,0,0,0,0,0,iter,0,1,k1,1,dynamic
96,2815,0.5,11,0,0,0,0,0,0,0,0,0,0,iter,0,1,optk,24,dynamic
96,2815,0.5,11,0,0,0,0,0,0,0,0,0,0,iter,0,1,rootk,5,dynamic
96,2815,0.5,12,0,3,3,1.16443e-31,15,6.50463e-07,6.50463e-07,0,0,0,iter,0,1,rootk,5,dynamic
96,2815,0.5,12,0,3,3,1.30093e-07,3,1.30093e-07,1.30093e-07,0,0,0,iter,0,1,k1,1,dynamic
96,2815,0.5,12,0,3,3,7.36444e-133,72,3.12222e-06,3.12222e-06,0,0,0,iter,0,1,optk,24,dynamic
96,2815,0.5,12,1,0,0,0,0,0,0,0,0,0,iter,0,1,k1,1,dynamic
96,2815,0.5,12,1,0,0,0,0,0,0,0,0,0,iter,0,1,optk,24,dynamic
96,2815,0.5,12,1,0,0,0,0,0,0,0,0,0,iter,0,1,rootk,5,dynamic
96,2815,0.5,13,0,140,140,1.29707e-24,385,1.66952e-05,3.03545e-05,0,0,0,iter,0,1,rootk,5,dynamic
96,2815,0.5,13,0,140,140,3.33905e-06,77,3.33905e-06,6.07097e-06,0,0,0,iter,0,1,k1,1,dynamic
96,2815,0.5,13,0,140,140,4.92047e-99,1848,8.01371e-05,0.000145693,0,0,0,iter,0,1,optk,24,dynamic
96,2815,0.5,13,1,0,0,0,0,0,0,0,0,0,iter,0,1,k1,1,dynamic
96,2815,0.5,13,1,0,0,0,0,0,0,0,0,0,iter,0,1,optk,24,dynamic
96,2815,0.5,13,1,0,0,0,0,0,0,0,0,0,iter,0,1,rootk,5,dynamic
96,2815,0.5,14,0,8488,8488,0.000204853,4724,0.000204853,0.000368008,0,0,0,iter,0,1,k1,1,dynamic
96,2815,0.5,14,0,8488,8488,1.12711e-15,23619,0.00102422,0.00183869,0,0,0,iter,0,1,rootk,5,dynamic
96,2815,0.5,14,0,8488,8488,3.79764e-56,113157,0.00490697,0.00879491,0,0,0,iter,0,1,optk,24,dynamic
96,2815,0.5,14,1,0,0,0,0,0,0,0,0,0,iter,0,1,optk,24,dynamic
96,2815,0.5,14,1,0,0,0,0,0,0,0,0,0,iter,0,1,rootk,5,dynamic
96,2815,0.5,14,1,1,1,4.33642e-08,1,4.33642e-08,4.33642e-08,0,1,1,iter,0,1,k1,1,dynamic
96,2815,0.5,15,0,218064,218064,0.00478568,110360,0.00478568,0.00941161,0,0,0,iter,0,1,k1,1,dynamic
96,2815,0.5,15,0,218064,218064,7.4842e-09,546635,0.0237044,0.0461806,0,0,0,iter,0,1,rootk,5,dynamic
96,2815,0.5,15,0,218064,218064,7.48589e-24,2507813,0.108749,0.203038,0,0,0,iter,0,1,optk,24,dynamic
96,2815,0.5,15,1,75,75,1.23555e-101,1440,6.24445e-05,7.80526e-05,1,60,61,iter,0,1,optk,24,dynamic
96,2815,0.5,15,1,75,75,3.72619e-25,300,1.30093e-05,1.62615e-05,1,60,61,iter,0,1,rootk,5,dynamic
96,2815,0.5,15,1,829,829,1.47438e-05,340,1.47438e-05,3.59483e-05,1,340,341,iter,0,1,k1,1,dynamic
97,8,0.001,11,0,0,0,0,0,0,0,0,0,0,iter,0,1,k1,1,dynamic
97,8,0.001,11,0,0,0,0,0,0,0,0,0,0,iter,0,1,optk,1,dynamic
97,8,0.001,11,0,0,0,0,0,0,0,0,0,0,iter,0,1,rootk,1,dynamic
97,8,0.001,12,0,0,0,0,0,0,0,0,0,0,iter,0,1,k1,1,dynamic
97,8,0.001,12,0,0,0,0,0,0,0,0,0,0,iter,0,1,optk,1,dynamic
97,8,0.001,12,0,0,0,0,0,0,0,0,0,0,iter,0,1,rootk,1,dynamic
97,8,0.001,13,0,1,1,1.52588e-05,1,1.52588e-05,1.52587e-05,0,0,0,iter,0,1,k1,1,dynamic
97,8,0.001,13,0,1,1,1.52588e-05,1,1.52588e-05,1.52587e-05,0,0,0,iter,0,1,optk,1,dynamic
97,8,0.001,13,0,1,1,1.52588e-05,1,1.52588e-05,1.52587e-05,0,0,0,iter,0,1,rootk,1,dynamic
97,8,0.001,13,1,0,0,0,0,0,0,0,0,0,iter,0,1,k1,1,dynamic
97,8,0.001,13,1,0,0,0,0,0,0,0,0,0,iter,0,1,optk,1,dynamic
97,8,0.001,13,1,0,0,0,0,0,0,0,0,0,iter,0,1,rootk,1,dynamic
97,8,0.001,14,0,59,59,0.000610352,40,0.000610352,0.000899863,0,0,0,iter,0,1,k1,1,dynamic
97,8,0.001,14,0,59,59,0.000610352,40,0.000610352,0.000899863,0,0,0,iter,0,1,optk,1,dynamic
97,8,0.001,14,0,59,59,0.000610352,40,0.000610352,0.000899863,0,0,0,iter,0,1,rootk,1,dynamic
97,8,0.001,14,1,0,0,0,0,0,0,0,0,0,iter,0,1,k1,1,dynamic
97,8,0.001,14,1,0,0,0,0,0,0,0,0,0,iter,0,1,rootk,1,dynamic
97,8,0.001,14,1,1,1,1.52588e-05,1,1.52588e-05,1.52587e-05,0,1,1,iter,0,1,optk,1,dynamic
97,8,0.001,15,0,5013,5013,0.0415344,2722,0.0415344,0.07364,0,0,0,iter,0,1,optk,1,dynamic
97,8,0.001,15,0,5013,5013,0.041626,2728,0.041626,0.07364,0,0,0,iter,0,1,k1,1,dynamic
97,8,0.001,15,0,5013,5013,0.0417633,2737,0.0417633,0.07364,0,0,0,iter,0,1,rootk,1,dynamic
97,8,0.001,15,1,504,504,0.00540161,354,0.00540161,0.00766093,0,406,406,iter,0,1,optk,1,dynamic
97,8,0.001,15,1,519,519,0.00570679,374,0.00570679,0.00788804,0,413,413,iter,0,1,rootk,1,dynamic
97,8,0.001,15,1,552,552,0.00563049,369,0.00563049,0.00838748,0,431,431,iter,0,1,k1,1,dynamic
97,8,0.001,16,0,21116,21116,0.137222,8993,0.137222,0.27545,10014,1,10015,type,0,8,k1,1,dynamic
97,8,0.001,16,0,213983,213983,0.772949,50656,0.772949,0.961808,0,0,0,iter,0,1,k1,1,dynamic
97,8,0.001,16,0,213983,213983,0.773651,50702,0.773651,0.961808,0,0,0,iter,0,1,rootk,1,dynamic
97,8,0.001,16,0,213983,213983,0.774902,50784,0.774902,0.961808,0,0,0,iter,0,1,optk,1,dynamic
97,8,0.001,16,0,21612,21612,0.138397,9070,0.138397,0.280913,10179,1,10180,type,0,8,optk,1,dynamic
97,8,0.001,16,0,21851,21851,0.139603,9149,0.139603,0.283531,10207,1,10208,type,0,8,rootk,1,dynamic
97,8,0.001,16,1,214617,214617,0.776123,50864,0.776123,0.962175,0,0,0,iter,0,1,k1,1,dynamic
97,8,0.001,16,1,216564,216564,0.780045,51121,0.780045,0.963283,0,0,0,iter,0,1,rootk,1,dynamic
97,8,0.001,16,1,216833,216833,0.779816,51106,0.779816,0.963433,0,0,0,iter,0,1,optk,1,dynamic
97,77,0.01,11,0,0,0,0,0,0,0,0,0,0,iter,0,1,k1,1,dynamic
97,77,0.01,11,0,0,0,0,0,0,0,0,0,0,iter,0,1,optk,1,dynamic
97,77,0.01,11,0,0,0,0,0,0,0,0,0,0,iter,0,1,rootk,1,dynamic
97,77,0.01,12,0,0,0,0,0,0,0,0,0,0,iter,0,1,k1,1,dynamic
97,77,0.01,12,0,0,0,0,0,0,0,0,0,0,iter,0,1,optk,1,dynamic
97,77,0.01,12,0,0,0,0,0,0,0,0,0,0,iter,0,1,rootk,1,dynamic
97,77,0.01,13,0,1,1,1.58533e-06,1,1.58533e-06,1.58533e-06,0,0,0,iter,0,1,k1,1,dynamic
97,77,0.01,13,0,1,1,1.58533e-06,1,1.58533e-06,1.58533e-06,0,0,0,iter,0,1,optk,1,dynamic
97,77,0.01,13,0,1,1,1.58533e-06,1,1.58533e-06,1.58533e-06,0,0,0,iter,0,1,rootk,1,dynamic
97,77,0.01,13,1,0,0,0,0,0,0,0,0,0,iter,0,1,k1,1,dynamic
97,77,0.01,13,1,0,0,0,0,0,0,0,0,0,iter,0,1,optk,1,dynamic
97,77,0.01,13,1,0,0,0,0,0,0,0,0,0,iter,0,1,rootk,1,dynamic
97,77,0.01,14,0,59,59,6.34131e-05,40,6.34131e-05,9.353e-05,0,0,0,iter,0,1,k1,1,dynamic
97,77,0.01,14,0,59,59,6.34131e-05,40,6.34131e-05,9.353e-05,0,0,0,iter,0,1,optk,1,dynamic
97,77,0.01,14,0,59,59,6.34131e-05,40,6.34131e-05,9.353e-05,0,0,0,iter,0,1,rootk,1,dynamic
97,77,0.01,14,1,0,0,0,0,0,0,0,0,0,iter,0,1,k1,1,dynamic
97,77,0.01,14,1,0,0,0,0,0,0,0,0,0,iter,0,1,optk,1,dynamic
97,77,0.01,14,1,0,0,0,0,0,0,0,0,0,iter,0,1,rootk,1,dynamic
97,77,0.01,15,0,5013,5013,0.0044088,2781,0.0044088,0.00791576,0,0,0,iter,0,1,k1,1,dynamic
97,77,0.01,15,0,5013,5013,0.0044088,2781,0.0044088,0.00791576,0,0,0,iter,0,1,optk,1,dynamic
97,77,0.01,15,0,5013,5013,0.00441356,2784,0.00441356,0.00791576,0,0,0,iter,0,1,rootk,1,dynamic
97,77,0.01,15,1,49,49,5.70718e-05,36,5.70718e-05,7.76781e-05,0,37,37,iter,0,1,rootk,1,dynamic
97,77,0.01,15,1,52,52,7.13398e-05,45,7.13398e-05,8.24337e-05,0,45,45,iter,0,1,optk,1,dynamic
97,77,0.01,15,1,62,62,6.81691e-05,43,6.81691e-05,9.82856e-05,0,44,44,iter,0,1,k1,1,dynamic
97,77,0.01,16,0,213983,213983,0.142824,90091,0.142824,0.287684,0,0,0,iter,0,1,rootk,1,dynamic
97,77,0.01,16,0,213983,213983,0.142889,90132,0.142889,0.287684,0,0,0,iter,0,1,optk,1,dynamic
97,77,0.01,16,0,213983,213983,0.143184,90318,0.143184,0.287684,0,0,0,iter,0,1,k1,1,dynamic
97,77,0.01,16,1,40005,40005,0.0287309,18123,0.0287309,0.0614518,0,0,0,iter,0,1,k1,1,dynamic
97,77,0.01,16,1,40033,40033,0.0291288,18374,0.0291288,0.0614935,0,0,0,iter,0,1,optk,1,dynamic
97,77,0.01,16,1,40654,40654,0.0292572,18455,0.0292572,0.062417,0,0,0,iter,0,1,rootk,1,dynamic
97,77,0.01,16,2,6217,6217,0.00460697,2906,0.00460697,0.00980758,3313,1,3314,iter,0,1,k1,1,dynamic
97,77,0.01,16,2,6285,6285,0.00473379,2986,0.00473379,0.00991432,3466,1,3467,iter,0,1,rootk,1,dynamic
97,77,0.01,16,2,6692,6692,0.0048844,3081,0.0048844,0.0105529,3552,1,3553,iter,0,1,optk,1,dynamic
97,773,0.1,11,0,0,0,0,0,0,0,0,0,0,iter,0,1,k1,1,dynamic
97,773,0.1,11,0,0,0,0,0,0,0,0,0,0,iter,0,1,optk,5,dynamic
97,773,0.1,11,0,0,0,0,0,0,0,0,0,0,iter,0,1,rootk,2,dynamic
97,773,0.1,12,0,0,0,0,0,0,0,0,0,0,iter,0,1,k1,1,dynamic
97,773,0.1,12,0,0,0,0,0,0,0,0,0,0,iter,0,1,optk,5,dynamic
97,773,0.1,12,0,0,0,0,0,0,0,0,0,0,iter,0,1,rootk,2,dynamic
97,773,0.1,13,0,1,1,1.57918e-07,1,1.57918e-07,1.57918e-07,0,0,0,iter,0,1,k1,1,dynamic
97,773,0.1,13,0,1,1,3.06904e-31,5,7.89588e-07,7.89588e-07,0,0,0,iter,0,1,optk,5,dynamic
97,773,0.1,13,0,1,1,9.97519e-14,2,3.15835e-07,3.15835e-07,0,0,0,iter,0,1,rootk,2,dynamic
97,773,0.1,13,1,0,0,0,0,0,0,0,0,0,iter,0,1,k1,1,dynamic
97,773,0.1,13,1,0,0,0,0,0,0,0,0,0,iter,0,1,optk,5,dynamic
97,773,0.1,13,1,0,0,0,0,0,0,0,0,0,iter,0,1,rootk,2,dynamic
97,773,0.1,14,0,59,59,1.59603e-10,80,1.26334e-05,1.86341e-05,0,0,0,iter,0,1,rootk,2,dynamic
97,773,0.1,14,0,59,59,3.1427e-23,200,3.15835e-05,4.65846e-05,0,0,0,iter,0,1,optk,5,dynamic
97,773,0.1,14,0,59,59,6.3167e-06,40,6.3167e-06,9.3171e-06,0,0,0,iter,0,1,k1,1,dynamic
97,773,0.1,14,1,0,0,0,0,0,0,0,0,0,iter,0,1,k1,1,dynamic
97,773,0.1,14,1,0,0,0,0,0,0,0,0,0,iter,0,1,optk,5,dynamic
97,773,0.1,14,1,0,0,0,0,0,0,0,0,0,iter,0,1,rootk,2,dynamic
97,773,0.1,15,0,5013,5013,0.000440274,2788,0.000440274,0.000791328,0,0,0,iter,0,1,k1,1,dynamic
97,773,0.1,15,0,5013,5013,5.14566e-14,13927,0.00219932,0.00395038,0,0,0,iter,0,1,optk,5,dynamic
97,773,0.1,15,0,5013,5013,7.74254e-07,5572,0.000879917,0.00158203,0,0,0,iter,0,1,rootk,2,dynamic
97,773,0.1,15,1,0,0,0,0,0,0,0,0,0,iter,0,1,optk,5,dynamic
97,773,0.1,15,1,0,0,0,0,0,0,0,0,0,iter,0,1,rootk,2,dynamic
97,773,0.1,15,1,6,6,3.15835e-07,2,3.15835e-07,9.47505e-07,0,2,2,iter,0,1,k1,1,dynamic
97,773,0.1,16,0,213983,213983,0.000917954,191858,0.0302978,0.0653502,0,0,0,iter,0,1,rootk,2,dynamic
97,773,0.1,16,0,213983,213983,0.0152656,96668,0.0152656,0.0332271,0,0,0,iter,0,1,k1,1,dynamic
97,773,0.1,16,0,213983,213983,2.21747e-06,468534,0.0739898,0.155456,0,0,0,iter,0,1,optk,5,dynamic
97,773,0.1,16,1,250,250,7.59925e-20,950,0.000150022,0.000197378,1,190,191,iter,0,1,optk,5,dynamic
97,773,0.1,16,1,4257,4257,0.000336365,2130,0.000336365,0.000672029,1,2176,2177,iter,0,1,k1,1,dynamic
97,773,0.1,16,1,552,552,1.02146e-08,640,0.000101067,0.000174326,1,320,321,iter,0,1,rootk,2,dynamic
97,3866,0.5,11,0,0,0,0,0,0,0,0,0,0,iter,0,1,k1,1,dynamic
97,3866,0.5,11,0,0,0,0,0,0,0,0,0,0,iter,0,1,optk,23,dynamic
97,3866,0.5,11,0,0,0,0,0,0,0,0,0,0,iter,0,1,rootk,5,dynamic
97,3866,0.5,12,0,0,0,0,0,0,0,0,0,0,iter,0,1,k1,1,dynamic
97,3866,0.5,12,0,0,0,0,0,0,0,0,0,0,iter,0,1,optk,23,dynamic
97,3866,0.5,12,0,0,0,0,0,0,0,0,0,0,iter,0,1,rootk,5,dynamic
97,3866,0.5,13,0,1,1,3.15754e-08,1,3.15754e-08,3.15754e-08,0,0,0,iter,0,1,k1,1,dynamic
97,3866,0.5,13,0,1,1,6.37895e-142,23,7.26233e-07,7.26233e-07,0,0,0,iter,0,1,optk,23,dynamic
97,3866,0.5,13,0,1,1,9.80824e-35,5,1.57877e-07,1.57877e-07,0,0,0,iter,0,1,rootk,5,dynamic
97,3866,0.5,13,1,0,0,0,0,0,0,0,0,0,iter,0,1,k1,1,dynamic
97,3866,0.5,13,1,0,0,0,0,0,0,0,0,0,iter,0,1,optk,23,dynamic
97,3866,0.5,13,1,0,0,0,0,0,0,0,0,0,iter,0,1,rootk,5,dynamic
97,3866,0.5,14,0,59,59,1.00436e-26,200,6.31507e-06,9.31469e-06,0,0,0,iter,0,1,rootk,5,dynamic
97,3866,0.5,14,0,59,59,1.26301e-06,40,1.26301e-06,1.86294e-06,0,0,0,iter,0,1,k1,1,dynamic
97,3866,0.5,14,0,59,59,4.48878e-105,920,2.90493e-05,4.28468e-05,0,0,0,iter,0,1,optk,23,dynamic
97,3866,0.5,14,1,0,0,0,0,0,0,0,0,0,iter,0,1,k1,1,dynamic
97,3866,0.5,14,1,0,0,0,0,0,0,0,0,0,iter,0,1,optk,23,dynamic
97,3866,0.5,14,1,0,0,0,0,0,0,0,0,0,iter,0,1,rootk,5,dynamic
97,3866,0.5,15,0,5013,5013,1.08692e-62,64058,0.00202265,0.00363399,0,0,0,iter,0,1,optk,23,dynamic
97,3866,0.5,15,0,5013,5013,1.65158e-17,13939,0.000440129,0.000791123,0,0,0,iter,0,1,rootk,5,dynamic
97,3866,0.5,15,0,5013,5013,8.80321e-05,2788,8.80321e-05,0.000158275,0,0,0,iter,0,1,k1,1,dynamic
97,3866,0.5,15,1,0,0,0,0,0,0,0,0,0,iter,0,1,optk,23,dynamic
97,3866,0.5,15,1,0,0,0,0,0,0,0,0,0,iter,0,1,rootk,5,dynamic
97,3866,0.5,15,1,1,1,3.15754e-08,1,3.15754e-08,3.15754e-08,0,1,1,iter,0,1,k1,1,dynamic
97,3866,0.5,16,0,213983,213983,0.0030701,97231,0.0030701,0.00673381,0,0,0,iter,0,1,k1,1,dynamic
97,3866,0.5,16,0,213983,213983,1.54131e-27,2162260,0.0682741,0.143929,0,0,0,iter,0,1,optk,23,dynamic
97,3866,0.5,16,0,213983,213983,8.26873e-10,483214,0.0152577,0.0332187,0,0,0,iter,0,1,rootk,5,dynamic
97,3866,0.5,16,1,1050,1050,1.79348e-05,568,1.79348e-05,3.31536e-05,1,569,570,iter,0,1,k1,1,dynamic
97,3866,0.5,16,1,250,250,1.63605e-89,4369,0.000137953,0.000181542,1,190,191,iter,0,1,optk,23,dynamic
97,3866,0.5,16,1,250,250,2.42862e-23,950,2.99966e-05,3.94684e-05,1,190,191,iter,0,1,rootk,5,dynamic
98,70,0.001,11,0,0,0,0,0,0,0,0,0,0,iter,0,1,k1,1,dynamic
98,70,0.001,11,0,0,0,0,0,0,0,0,0,0,iter,0,1,optk,1,dynamic
98,70,0.001,11,0,0,0,0,0,0,0,0,0,0,iter,0,1,rootk,1,dynamic
98,70,0.001,12,0,0,0,0,0,0,0,0,0,0,iter,0,1,k1,1,dynamic
98,70,0.001,12,0,0,0,0,0,0,0,0,0,0,iter,0,1,optk,1,dynamic
98,70,0.001,12,0,0,0,0,0,0,0,0,0,0,iter,0,1,rootk,1,dynamic
98,70,0.001,13,0,0,0,0,0,0,0,0,0,0,iter,0,1,k1,1,dynamic
98,70,0.001,13,0,0,0,0,0,0,0,0,0,0,iter,0,1,optk,1,dynamic
98,70,0.001,13,0,0,0,0,0,0,0,0,0,0,iter,0,1,rootk,1,dynamic
98,70,0.001,14,0,95,95,5.75474e-05,33,5.75474e-05,0.000165653,0,0,0,iter,0,1,k1,1,dynamic
98,70,0.001,14,0,95,95,5.75474e-05,33,5.75474e-05,0.000165653,0,0,0,iter,0,1,optk,1,dynamic
98,70,0.001,14,0,95,95,5.75474e-05,33,5.75474e-05,0.000165653,0,0,0,iter,0,1,rootk,1,dynamic
98,70,0.001,14,1,0,0,0,0,0,0,0,0,0,iter,0,1,k1,1,dynamic
98,70,0.001,14,1,0,0,0,0,0,0,0,0,0,iter,0,1,optk,1,dynamic
98,70,0.001,14,1,0,0,0,0,0,0,0,0,0,iter,0,1,rootk,1,dynamic
98,70,0.001,15,0,9842,9842,0.00623431,3575,0.00623431,0.0170166,0,0,0,iter,0,1,k1,1,dynamic
98,70,0.001,15,0,9842,9842,0.00624477,3581,0.00624477,0.0170166,0,0,0,iter,0,1,rootk,1,dynamic
98,70,0.001,15,0,9842,9842,0.00625349,3586,0.00625349,0.0170166,0,0,0,iter,0,1,optk,1,dynamic
98,70,0.001,15,1,45,45,6.97545e-06,4,6.97545e-06,7.84707e-05,0,4,4,iter,0,1,k1,1,dynamic
98,70,0.001,15,1,59,59,6.97545e-06,4,6.97545e-06,0.000102883,0,4,4,iter,0,1,rootk,1,dynamic
98,70,0.001,15,1,6,6,8.71931e-06,5,8.71931e-06,1.04631e-05,0,5,5,iter,0,1,optk,1,dynamic
98,70,0.001,16,0,292444,292444,0.203568,116734,0.203568,0.399494,0,0,0,iter,0,1,k1,1,dynamic
98,70,0.001,16,0,292444,292444,0.203641,116776,0.203641,0.399494,0,0,0,iter,0,1,rootk,1,dynamic
98,70,0.001,16,0,292444,292444,0.203746,116836,0.203746,0.399494,0,0,0,iter,0,1,optk,1,dynamic
98,70,0.001,16,1,16559,16559,0.00528564,3031,0.00528564,0.0284637,0,0,0,iter,0,1,optk,1,dynamic
98,70,0.001,16,1,16830,16830,0.00523507,3002,0.00523507,0.0289227,0,0,0,iter,0,1,rootk,1,dynamic
98,70,0.001,16,1,16867,16867,0.00537109,3080,0.00537109,0.0289853,0,0,0,iter,0,1,k1,1,dynamic
98,70,0.001,16,2,1459,1459,0.00115444,662,0.00115444,0.00254106,841,0,841,iter,0,1,rootk,1,dynamic
98,70,0.001,16,2,1517,1517,0.00118583,680,0.00118583,0.00264194,825,0,825,iter,0,1,k1,1,dynamic
98,70,0.001,16,2,1573,1573,0.00125732,721,0.00125732,0.00273934,871,0,871,iter,0,1,optk,1,dynamic
98,70,0.001,17,0,172730,172730,0.13188,75625,0.13188,0.260083,105439,1,105440,type,0,8,rootk,1,dynamic
98,70,0.001,17,0,174424,174424,0.133139,76347,0.133139,0.262266,106405,1,106406,type,0,8,k1,1,dynamic
98,70,0.001,17,0,174611,174611,0.13235,75895,0.13235,0.262506,105538,1,105539,type,0,8,optk,1,dynamic
98,70,0.001,17,0,4465590,4465590,0.974808,558994,0.974808,0.999585,0,0,0,iter,0,1,rootk,1,dynamic
98,70,0.001,17,0,4465590,4465590,0.974826,559004,0.974826,0.999585,0,0,0,iter,0,1,optk,1,dynamic
98,70,0.001,17,0,4465590,4465590,0.975071,559145,0.975071,0.999585,0,0,0,iter,0,1,k1,1,dynamic
98,70,0.001,17,1,1781167,1781167,0.308651,176993,0.308651,0.955225,0,0,0,iter,0,1,rootk,1,dynamic
98,70,0.001,17,1,1785430,1785430,0.309281,177354,0.309281,0.955557,0,0,0,iter,0,1,k1,1,dynamic
98,70,0.001,17,1,1786537,1786537,0.309302,177366,0.309302,0.955642,0,0,0,iter,0,1,optk,1,dynamic
98,698,0.01,11,0,0,0,0,0,0,0,0,0,0,iter,0,1,k1,1,dynamic
98,698,0.01,11,0,0,0,0,0,0,0,0,0,0,iter,0,1,optk,1,dynamic
98,698,0.01,11,0,0,0,0,0,0,0,0,0,0,iter,0,1,rootk,1,dynamic
98,698,0.01,12,0,0,0,0,0,0,0,0,0,0,iter,0,1,k1,1,dynamic
98,698,0.01,12,0,0,0,0,0,0,0,0,0,0,iter,0,1,optk,1,dynamic
98,698,0.01,12,0,0,0,0,0,0,0,0,0,0,iter,0,1,rootk,1,dynamic
98,698,0.01,13,0,0,0,0,0,0,0,0,0,0,iter,0,1,k1,1,dynamic
98,698,0.01,13,0,0,0,0,0,0,0,0,0,0,iter,0,1,optk,1,dynamic
98,698,0.01,13,0,0,0,0,0,0,0,0,0,0,iter,0,1,rootk,1,dynamic
98,698,0.01,14,0,95,95,5.77123e-06,33,5.77123e-06,1.6614e-05,0,0,0,iter,0,1,k1,1,dynamic
98,698,0.01,14,0,95,95,5.77123e-06,33,5.77123e-06,1.6614e-05,0,0,0,iter,0,1,optk,1,dynamic
98,698,0.01,14,0,95,95,5.77123e-06,33,5.77123e-06,1.6614e-05,0,0,0,iter,0,1,rootk,1,dynamic
98,698,0.01,14,1,0,0,0,0,0,0,0,0,0,iter,0,1,k1,1,dynamic
98,698,0.01,14,1,0,0,0,0,0,0,0,0,0,iter,0,1,optk,1,dynamic
98,698,0.01,14,1,0,0,0,0,0,0,0,0,0,iter,0,1,rootk,1,dynamic
98,698,0.01,15,0,9842,9842,0.00062854,3594,0.00062854,0.00171975,0,0,0,iter,0,1,optk,1,dynamic
98,698,0.01,15,0,9842,9842,0.000628715,3595,0.000628715,0.00171975,0,0,0,iter,0,1,k1,1,dynamic
98,698,0.01,15,0,9842,9842,0.000628715,3595,0.000628715,0.00171975,0,0,0,iter,0,1,rootk,1,dynamic
98,698,0.01,15,1,0,0,0,0,0,0,0,0,0,iter,0,1,k1,1,dynamic
98,698,0.01,15,1,0,0,0,0,0,0,0,0,0,iter,0,1,rootk,1,dynamic
98,698,0.01,15,1,7,7,1.74886e-07,1,1.74886e-07,1.2242e-06,0,1,1,iter,0,1,optk,1,dynamic
98,698,0.01,16,0,292444,292444,0.0225743,129080,0.0225743,0.0498585,0,0,0,iter,0,1,k1,1,dynamic
98,698,0.01,16,0,292444,292444,0.0225755,129087,0.0225755,0.0498585,0,0,0,iter,0,1,optk,1,dynamic
98,698,0.01,16,0,292444,292444,0.0225762,129091,0.0225762,0.0498585,0,0,0,iter,0,1,rootk,1,dynamic
98,698,0.01,16,1,2117,2117,6.06854e-05,347,6.06854e-05,0.000370165,0,349,349,iter,0,1,k1,1,dynamic
98,698,0.01,16,1,2129,2129,5.96361e-05,341,5.96361e-05,0.000372263,0,341,341,iter,0,1,rootk,1,dynamic
98,698,0.01,16,1,2189,2189,5.9811e-05,342,5.9811e-05,0.000382752,0,343,343,iter,0,1,optk,1,dynamic
98,698,0.01,17,0,4465590,4465590,0.308926,1766441,0.308926,0.542038,0,0,0,iter,0,1,rootk,1,dynamic
98,698,0.01,17,0,4465590,4465590,0.308967,1766677,0.308967,0.542038,0,0,0,iter,0,1,k1,1,dynamic
98,698,0.01,17,0,4465590,4465590,0.309064,1767232,0.309064,0.542038,0,0,0,iter,0,1,optk,1,dynamic
98,698,0.01,17,1,565082,565082,0.0116929,66860,0.0116929,0.0940986,0,0,0,iter,0,1,optk,1,dynamic
98,698,0.01,17,1,571098,571098,0.0116976,66887,0.0116976,0.0950512,0,0,0,iter,0,1,k1,1,dynamic
98,698,0.01,17,1,572171,572171,0.0117042,66925,0.0117042,0.095221,0,0,0,iter,0,1,rootk,1,dynamic
98,698,0.01,17,2,52134,52134,0.00429082,24535,0.00429082,0.00907606,33516,1,33517,iter,0,1,rootk,1,dynamic
98,698,0.01,17,2,52630,52630,0.00433,24759,0.00433,0.00916201,33911,1,33912,iter,0,1,k1,1,dynamic
98,698,0.01,17,2,53038,53038,0.00430254,24602,0.00430254,0.00923271,33745,1,33746,iter,0,1,optk,1,dynamic
98,6985,0.1,11,0,0,0,0,0,0,0,0,0,0,iter,0,1,k1,1,dynamic
98,6985,0.1,11,0,0,0,0,0,0,0,0,0,0,iter,0,1,optk,4,dynamic
98,6985,0.1,11,0,0,0,0,0,0,0,0,0,0,iter,0,1,rootk,2,dynamic
98,6985,0.1,12,0,0,0,0,0,0,0,0,0,0,iter,0,1,k1,1,dynamic
98,6985,0.1,12,0,0,0,0,0,0,0,0,0,0,iter,0,1,optk,4,dynamic
98,6985,0.1,12,0,0,0,0,0,0,0,0,0,0,iter,0,1,rootk,2,dynamic
98,6985,0.1,13,0,0,0,0,0,0,0,0,0,0,iter,0,1,k1,1,dynamic
98,6985,0.1,13,0,0,0,0,0,0,0,0,0,0,iter,0,1,optk,4,dynamic
98,6985,0.1,13,0,0,0,0,0,0,0,0,0,0,iter,0,1,rootk,2,dynamic
98,6985,0.1,14,0,95,95,1.33038e-12,66,1.15342e-06,3.32045e-06,0,0,0,iter,0,1,rootk,2,dynamic
98,6985,0.1,14,0,95,95,2.83185e-23,132,2.30684e-06,6.64088e-06,0,0,0,iter,0,1,optk,4,dynamic
98,6985,0.1,14,0,95,95,5.7671e-07,33,5.7671e-07,1.66022e-06,0,0,0,iter,0,1,k1,1,dynamic
98,6985,0.1,14,1,0,0,0,0,0,0,0,0,0,iter,0,1,k1,1,dynamic
98,6985,0.1,14,1,0,0,0,0,0,0,0,0,0,iter,0,1,optk,4,dynamic
98,6985,0.1,14,1,0,0,0,0,0,0,0,0,0,iter,0,1,rootk,2,dynamic
98,6985,0.1,15,0,9842,9842,1.57887e-08,7190,0.000125653,0.00034394,0,0,0,iter,0,1,rootk,2,dynamic
98,6985,0.1,15,0,9842,9842,3.9885e-15,14380,0.000251306,0.000687761,0,0,0,iter,0,1,optk,4,dynamic
98,6985,0.1,15,0,9842,9842,6.28265e-05,3595,6.28265e-05,0.000171985,0,0,0,iter,0,1,k1,1,dynamic
98,6985,0.1,15,1,0,0,0,0,0,0,0,0,0,iter,0,1,k1,1,dynamic
98,6985,0.1,15,1,0,0,0,0,0,0,0,0,0,iter,0,1,optk,4,dynamic
98,6985,0.1,15,1,0,0,0,0,0,0,0,0,0,iter,0,1,rootk,2,dynamic
98,6985,0.1,16,0,292444,292444,0.0022797,130447,0.0022797,0.00509773,0,0,0,iter,0,1,k1,1,dynamic
98,6985,0.1,16,0,292444,292444,2.07392e-05,260587,0.00455404,0.0101695,0,0,0,iter,0,1,rootk,2,dynamic
98,6985,0.1,16,0,292444,292444,6.82457e-09,520086,0.00908906,0.0202355,0,0,0,iter,0,1,optk,4,dynamic
98,6985,0.1,16,1,0,0,0,0,0,0,0,0,0,iter,0,1,optk,4,dynamic
98,6985,0.1,16,1,0,0,0,0,0,0,0,0,0,iter,0,1,rootk,2,dynamic
98,6985,0.1,16,1,154,154,7.33995e-07,42,7.33995e-07,2.69131e-06,0,42,42,iter,0,1,k1,1,dynamic
98,6985,0.1,17,0,4465590,4465590,0.000355784,7858741,0.13734,0.268138,0,0,0,iter,0,1,optk,4,dynamic
98,6985,0.1,17,0,4465590,4465590,0.00507065,4074629,0.0712085,0.144511,0,0,0,iter,0,1,rootk,2,dynamic
98,6985,0.1,17,0,4465590,4465590,0.0362597,2074820,0.0362597,0.0750734,0,0,0,iter,0,1,k1,1,dynamic
98,6985,0.1,17,1,64061,64061,0.000138375,7918,0.000138375,0.00111891,1,7950,7951,iter,0,1,k1,1,dynamic
98,6985,0.1,17,1,701,701,1.36802e-21,348,6.08167e-06,4.90017e-05,1,87,88,iter,0,1,optk,4,dynamic
98,6985,0.1,17,1,9527,9527,1.43816e-09,2170,3.79231e-05,0.000332934,1,1085,1086,iter,0,1,rootk,2,dynamic
98,34925,0.5,11,0,0,0,0,0,0,0,0,0,0,iter,0,1,k1,1,dynamic
98,34925,0.5,11,0,0,0,0,0,0,0,0,0,0,iter,0,1,optk,20,dynamic
98,34925,0.5,11,0,0,0,0,0,0,0,0,0,0,iter,0,1,rootk,4,dynamic
98,34925,0.5,12,0,0,0,0,0,0,0,0,0,0,iter,0,1,k1,1,dynamic
98,34925,0.5,12,0,0,0,0,0,0,0,0,0,0,iter,0,1,optk,20,dynamic
98,34925,0.5,12,0,0,0,0,0,0,0,0,0,0,iter,0,1,rootk,4,dynamic
98,34925,0.5,13,0,0,0,0,0,0,0,0,0,0,iter,0,1,k1,1,dynamic
98,34925,0.5,13,0,0,0,0,0,0,0,0,0,0,iter,0,1,optk,20,dynamic
98,34925,0.5,13,0,0,0,0,0,0,0,0,0,0,iter,0,1,rootk,4,dynamic
98,34925,0.5,14,0,95,95,1.15342e-07,33,1.15342e-07,3.32045e-07,0,0,0,iter,0,1,k1,1,dynamic
98,34925,0.5,14,0,95,95,1.82117e-113,660,2.30684e-06,6.64088e-06,0,0,0,iter,0,1,optk,20,dynamic
98,34925,0.5,14,0,95,95,4.53096e-26,132,4.61368e-07,1.32818e-06,0,0,0,iter,0,1,rootk,4,dynamic
98,34925,0.5,14,1,0,0,0,0,0,0,0,0,0,iter,0,1,k1,1,dynamic
98,34925,0.5,14,1,0,0,0,0,0,0,0,0,0,iter,0,1,optk,20,dynamic
98,34925,0.5,14,1,0,0,0,0,0,0,0,0,0,iter,0,1,rootk,4,dynamic
98,34925,0.5,15,0,9842,9842,1.00629e-72,71889,0.000251267,0.000687761,0,0,0,iter,0,1,optk,20,dynamic
98,34925,0.5,15,0,9842,9842,1.25653e-05,3595,1.25653e-05,3.43993e-05,0,0,0,iter,0,1,k1,1,dynamic
98,34925,0.5,15,0,9842,9842,6.37983e-18,14379,5.02577e-05,0.00013759,0,0,0,iter,0,1,rootk,4,dynamic
98,34925,0.5,15,1,0,0,0,0,0,0,0,0,0,iter,0,1,k1,1,dynamic
98,34925,0.5,15,1,0,0,0,0,0,0,0,0,0,iter,0,1,optk,20,dynamic
98,34925,0.5,15,1,0,0,0,0,0,0,0,0,0,iter,0,1,rootk,4,dynamic
98,34925,0.5,16,0,292444,292444,0.000456311,130553,0.000456311,0.00102163,0,0,0,iter,0,1,k1,1,dynamic
98,34925,0.5,16,0,292444,292444,1.10664e-11,521829,0.0018239,0.00408027,0,0,0,iter,0,1,rootk,4,dynamic
98,34925,0.5,16,0,292444,292444,1.47368e-41,2599839,0.00908699,0.0202355,0,0,0,iter,0,1,optk,20,dynamic
98,34925,0.5,16,1,0,0,0,0,0,0,0,0,0,iter,0,1,optk,20,dynamic
98,34925,0.5,16,1,0,0,0,0,0,0,0,0,0,iter,0,1,rootk,4,dynamic
98,34925,0.5,16,1,58,58,1.39809e-08,4,1.39809e-08,2.02722e-07,0,4,4,iter,0,1,k1,1,dynamic
98,34925,0.5,17,0,4465590,4465590,0.00735932,2105542,0.00735932,0.015487,0,0,0,iter,0,1,k1,1,dynamic
98,34925,0.5,17,0,4465590,4465590,5.69639e-18,39292201,0.137335,0.268138,0,0,0,iter,0,1,optk,20,dynamic
98,34925,0.5,17,0,4465590,4465590,7.18649e-07,8330204,0.0291158,0.0605238,0,0,0,iter,0,1,rootk,4,dynamic
98,34925,0.5,17,1,13973,13973,5.55389e-06,1589,5.55389e-06,4.88374e-05,1,1589,1590,iter,0,1,k1,1,dynamic
98,34925,0.5,17,1,6,6,2.83856e-128,120,4.19426e-07,4.19425e-07,1,6,7,iter,0,1,optk,20,dynamic
98,34925,0.5,17,1,6,6,4.95153e-29,24,8.38851e-08,8.38851e-08,1,6,7,iter,0,1,rootk,4,dynamic
99,4,0.001,10,0,0,0,0,0,0,0,0,0,0,iter,0,1,k1,1,dynamic
99,4,0.001,10,0,0,0,0,0,0,0,0,0,0,iter,0,1,optk,1,dynamic
99,4,0.001,10,0,0,0,0,0,0,0,0,0,0,iter,0,1,rootk,1,dynamic
99,4,0.001,11,0,0,0,0,0,0,0,0,0,0,iter,0,1,k1,1,dynamic
99,4,0.001,11,0,0,0,0,0,0,0,0,0,0,iter,0,1,optk,1,dynamic
99,4,0.001,11,0,0,0,0,0,0,0,0,0,0,iter,0,1,rootk,1,dynamic
99,4,0.001,12,0,5,5,0.000152588,5,0.000152588,0.000152576,0,0,0,iter,0,1,k1,1,dynamic
99,4,0.001,12,0,5,5,0.000152588,5,0.000152588,0.000152576,0,0,0,iter,0,1,optk,1,dynamic
99,4,0.001,12,0,5,5,0.000152588,5,0.000152588,0.000152576,0,0,0,iter,0,1,rootk,1,dynamic
99,4,0.001,12,1,0,0,0,0,0,0,0,0,0,iter,0,1,k1,1,dynamic
99,4,0.001,12,1,0,0,0,0,0,0,0,0,0,iter,0,1,optk,1,dynamic
99,4,0.001,12,1,0,0,0,0,0,0,0,0,0,iter,0,1,rootk,1,dynamic
99,4,0.001,13,0,298,298,0.00762939,250,0.00762939,0.00905301,0,0,0,iter,0,1,k1,1,dynamic
99,4,0.001,13,0,298,298,0.00765991,251,0.00765991,0.00905301,0,0,0,iter,0,1,rootk,1,dynamic
99,4,0.001,13,0,298,298,0.00769043,252,0.00769043,0.00905301,0,0,0,iter,0,1,optk,1,dynamic
99,4,0.001,13,1,0,0,0,0,0,0,0,0,0,iter,0,1,k1,1,dynamic
99,4,0.001,13,1,0,0,0,0,0,0,0,0,0,iter,0,1,optk,1,dynamic
99,4,0.001,13,1,0,0,0,0,0,0,0,0,0,iter,0,1,rootk,1,dynamic
99,4,0.001,14,0,10395,10395,0.204224,6692,0.204224,0.271837,0,0,0,iter,0,1,optk,1,dynamic
99,4,0.001,14,0,10395,10395,0.204773,6710,0.204773,0.271837,0,0,0,iter,0,1,k1,1,dynamic
99,4,0.001,14,0,10395,10395,0.205322,6728,0.205322,0.271837,0,0,0,iter,0,1,rootk,1,dynamic
99,4,0.001,14,1,320,320,0.00308228,101,0.00308228,0.0097181,0,103,103,iter,0,1,k1,1,dynamic
99,4,0.001,14,1,441,441,0.00314331,103,0.00314331,0.0133681,0,104,104,iter,0,1,rootk,1,dynamic
99,4,0.001,14,1,575,575,0.00289917,95,0.00289917,0.0173945,0,0,0,iter,0,1,optk,1,dynamic
99,4,0.001,14,2,29,29,0.000610352,20,0.000610352,0.000884618,24,0,24,iter,0,1,optk,1,dynamic
99,4,0.001,15,0,191469,191469,0.977692,32037,0.977692,0.9971,0,0,0,iter,0,1,optk,1,dynamic
99,4,0.001,15,0,191469,191469,0.978577,32066,0.978577,0.9971,0,0,0,iter,0,1,rootk,1,dynamic
99,4,0.001,15,0,191469,191469,0.978668,32069,0.978668,0.9971,0,0,0,iter,0,1,k1,1,dynamic
99,4,0.001,15,0,5679,5679,0.108795,3565,0.108795,0.159123,5273,1,5274,type,0,7,k1,1,dynamic
99,4,0.001,15,0,5756,5756,0.108887,3568,0.108887,0.161096,5334,1,5335,type,0,7,rootk,1,dynamic
99,4,0.001,15,0,5955,5955,0.110657,3626,0.110657,0.166175,5429,1,5430,type,0,7,optk,1,dynamic
99,4,0.001,15,1,38475,38475,0.212585,6966,0.212585,0.690923,0,0,0,iter,0,1,k1,1,dynamic
99,4,0.001,15,1,38526,38526,0.211792,6940,0.211792,0.691403,0,0,0,iter,0,1,rootk,1,dynamic
99,4,0.001,15,1,38593,38593,0.213806,7006,0.213806,0.692034,0,0,0,iter,0,1,optk,1,dynamic
99,44,0.01,10,0,0,0,0,0,0,0,0,0,0,iter,0,1,k1,1,dynamic
99,44,0.01,10,0,0,0,0,0,0,0,0,0,0,iter,0,1,optk,1,dynamic
99,44,0.01,10,0,0,0,0,0,0,0,0,0,0,iter,0,1,rootk,1,dynamic
99,44,0.01,11,0,0,0,0,0,0,0,0,0,0,iter,0,1,k1,1,dynamic
99,44,0.01,11,0,0,0,0,0,0,0,0,0,0,iter,0,1,optk,1,dynamic
99,44,0.01,11,0,0,0,0,0,0,0,0,0,0,iter,0,1,rootk,1,dynamic
99,44,0.01,12,0,5,5,1.38716e-05,5,1.38716e-05,1.38715e-05,0,0,0,iter,0,1,k1,1,dynamic
99,44,0.01,12,0,5,5,1.38716e-05,5,1.38716e-05,1.38715e-05,0,0,0,iter,0,1,optk,1,dynamic
99,44,0.01,12,0,5,5,1.38716e-05,5,1.38716e-05,1.38715e-05,0,0,0,iter,0,1,rootk,1,dynamic
99,44,0.01,12,1,0,0,0,0,0,0,0,0,0,iter,0,1,k1,1,dynamic
99,44,0.01,12,1,0,0,0,0,0,0,0,0,0,iter,0,1,optk,1,dynamic
99,44,0.01,12,1,0,0,0,0,0,0,0,0,0,iter,0,1,rootk,1,dynamic
99,44,0.01,13,0,298,298,0.00069913,252,0.00069913,0.000826407,0,0,0,iter,0,1,k1,1,dynamic
99,44,0.01,13,0,298,298,0.00069913,252,0.00069913,0.000826407,0,0,0,iter,0,1,optk,1,dynamic
99,44,0.01,13,0,298,298,0.00069913,252,0.00069913,0.000826407,0,0,0,iter,0,1,rootk,1,dynamic
99,44,0.01,13,1,0,0,0,0,0,0,0,0,0,iter,0,1,k1,1,dynamic
99,44,0.01,13,1,0,0,0,0,0,0,0,0,0,iter,0,1,optk,1,dynamic
99,44,0.01,13,1,0,0,0,0,0,0,0,0,0,iter,0,1,rootk,1,dynamic
99,44,0.01,14,0,10395,10395,0.0206715,7451,0.0206715,0.0284272,0,0,0,iter,0,1,optk,1,dynamic
99,44,0.01,14,0,10395,10395,0.0207131,7466,0.0207131,0.0284272,0,0,0,iter,0,1,k1,1,dynamic
99,44,0.01,14,0,10395,10395,0.0207131,7466,0.0207131,0.0284272,0,0,0,iter,0,1,rootk,1,dynamic
99,44,0.01,14,1,14,14,2.21946e-05,8,2.21946e-05,3.88398e-05,0,8,8,iter,0,1,rootk,1,dynamic
99,44,0.01,14,1,15,15,1.94203e-05,7,1.94203e-05,4.1614e-05,0,7,7,iter,0,1,optk,1,dynamic
99,44,0.01,14,1,47,47,4.43892e-05,16,4.43892e-05,0.000130385,0,16,16,iter,0,1,k1,1,dynamic
99,44,0.01,15,0,191469,191469,0.295025,106341,0.295025,0.412099,0,0,0,iter,0,1,optk,1,dynamic
99,44,0.01,15,0,191469,191469,0.295108,106371,0.295108,0.412099,0,0,0,iter,0,1,k1,1,dynamic
99,44,0.01,15,0,191469,191469,0.295135,106381,0.295135,0.412099,0,0,0,iter,0,1,rootk,1,dynamic
99,44,0.01,15,1,10882,10882,0.00638095,2300,0.00638095,0.029739,0,0,0,iter,0,1,optk,1,dynamic
99,44,0.01,15,1,11649,11649,0.0064725,2333,0.0064725,0.0318015,0,0,0,iter,0,1,k1,1,dynamic
99,44,0.01,15,1,11810,11810,0.00675548,2435,0.00675548,0.0322338,0,0,0,iter,0,1,rootk,1,dynamic
99,44,0.01,15,2,1169,1169,0.00223888,807,0.00223888,0.00323793,1087,1,1088,iter,0,1,optk,1,dynamic
99,44,0.01,15,2,1246,1246,0.0023554,849,0.0023554,0.00345084,1148,1,1149,iter,0,1,rootk,1,dynamic
99,44,0.01,15,2,1286,1286,0.00245528,885,0.00245528,0.00356143,1213,1,1214,iter,0,1,k1,1,dynamic
99,442,0.1,10,0,0,0,0,0,0,0,0,0,0,iter,0,1,k1,1,dynamic
99,442,0.1,10,0,0,0,0,0,0,0,0,0,0,iter,0,1,optk,4,dynamic
99,442,0.1,10,0,0,0,0,0,0,0,0,0,0,iter,0,1,rootk,2,dynamic
99,442,0.1,11,0,0,0,0,0,0,0,0,0,0,iter,0,1,k1,1,dynamic
99,442,0.1,11,0,0,0,0,0,0,0,0,0,0,iter,0,1,optk,4,dynamic
99,442,0.1,11,0,0,0,0,0,0,0,0,0,0,iter,0,1,rootk,2,dynamic
99,442,0.1,12,0,5,5,1.38089e-06,5,1.38089e-06,1.38088e-06,0,0,0,iter,0,1,k1,1,dynamic
99,442,0.1,12,0,5,5,7.62738e-12,10,2.76177e-06,2.76177e-06,0,0,0,iter,0,1,rootk,2,dynamic
99,442,0.1,12,0,5,5,9.30832e-22,20,5.52354e-06,5.52353e-06,0,0,0,iter,0,1,optk,4,dynamic
99,442,0.1,12,1,0,0,0,0,0,0,0,0,0,iter,0,1,k1,1,dynamic
99,442,0.1,12,1,0,0,0,0,0,0,0,0,0,iter,0,1,optk,4,dynamic
99,442,0.1,12,1,0,0,0,0,0,0,0,0,0,iter,0,1,rootk,2,dynamic
99,442,0.1,13,0,298,298,1.93748e-08,504,0.000139193,0.000164588,0,0,0,iter,0,1,rootk,2,dynamic
99,442,0.1,13,0,298,298,6.00611e-15,1008,0.000278387,0.000329149,0,0,0,iter,0,1,optk,4,dynamic
99,442,0.1,13,0,298,298,6.95966e-05,252,6.95966e-05,8.22974e-05,0,0,0,iter,0,1,k1,1,dynamic
99,442,0.1,13,1,0,0,0,0,0,0,0,0,0,iter,0,1,k1,1,dynamic
99,442,0.1,13,1,0,0,0,0,0,0,0,0,0,iter,0,1,optk,4,dynamic
99,442,0.1,13,1,0,0,0,0,0,0,0,0,0,iter,0,1,rootk,2,dynamic
99,442,0.1,14,0,10395,10395,0.00207823,7525,0.00207823,0.00286674,0,0,0,iter,0,1,k1,1,dynamic
99,442,0.1,14,0,10395,10395,1.72074e-05,15020,0.00414818,0.00572527,0,0,0,iter,0,1,rootk,2,dynamic
99,442,0.1,14,0,10395,10395,4.71862e-09,30010,0.00828808,0.0114178,0,0,0,iter,0,1,optk,4,dynamic
99,442,0.1,14,1,0,0,0,0,0,0,0,0,0,iter,0,1,k1,1,dynamic
99,442,0.1,14,1,0,0,0,0,0,0,0,0,0,iter,0,1,optk,4,dynamic
99,442,0.1,14,1,0,0,0,0,0,0,0,0,0,iter,0,1,rootk,2,dynamic
99,442,0.1,15,0,191469,191469,0.000284756,470360,0.129903,0.190645,0,0,0,iter,0,1,optk,4,dynamic
99,442,0.1,15,0,191469,191469,0.00452527,243576,0.0672701,0.100358,0,0,0,iter,0,1,rootk,2,dynamic
99,442,0.1,15,0,191469,191469,0.0341766,123749,0.0341766,0.0515056,0,0,0,iter,0,1,k1,1,dynamic
99,442,0.1,15,1,102,102,9.22913e-10,110,3.03795e-05,5.63386e-05,1,55,56,iter,0,1,rootk,2,dynamic
99,442,0.1,15,1,1131,1131,7.89867e-05,286,7.89867e-05,0.000312308,1,286,287,iter,0,1,k1,1,dynamic
99,442,0.1,15,1,60,60,4.94124e-19,96,2.6513e-05,6.62803e-05,1,24,25,iter,0,1,optk,4,dynamic
99,2210,0.5,10,0,0,0,0,0,0,0,0,0,0,iter,0,1,k1,1,dynamic
99,2210,0.5,10,0,0,0,0,0,0,0,0,0,0,iter,0,1,optk,21,dynamic
99,2210,0.5,10,0,0,0,0,0,0,0,0,0,0,iter,0,1,rootk,5,dynamic
99,2210,0.5,11,0,0,0,0,0,0,0,0,0,0,iter,0,1,k1,1,dynamic
99,2210,0.5,11,0,0,0,0,0,0,0,0,0,0,iter,0,1,optk,21,dynamic
99,2210,0.5,11,0,0,0,0,0,0,0,0,0,0,iter,0,1,rootk,5,dynamic
99,2210,0.5,12,0,5,5,1.07535e-110,105,5.79972e-06,5.7997e-06,0,0,0,iter,0,1,optk,21,dynamic
99,2210,0.5,12,0,5,5,2.76177e-07,5,2.76177e-07,2.76177e-07,0,0,0,iter,0,1,k1,1,dynamic
99,2210,0.5,12,0,5,5,5.02099e-30,25,1.38089e-06,1.38088e-06,0,0,0,iter,0,1,rootk,5,dynamic
99,2210,0.5,12,1,0,0,0,0,0,0,0,0,0,iter,0,1,k1,1,dynamic
99,2210,0.5,12,1,0,0,0,0,0,0,0,0,0,iter,0,1,optk,21,dynamic
99,2210,0.5,12,1,0,0,0,0,0,0,0,0,0,iter,0,1,rootk,5,dynamic
99,2210,0.5,13,0,298,298,1.39193e-05,252,1.39193e-05,1.646e-05,0,0,0,iter,0,1,k1,1,dynamic
99,2210,0.5,13,0,298,298,1.63283e-21,1260,6.95966e-05,8.22974e-05,0,0,0,iter,0,1,rootk,5,dynamic
99,2210,0.5,13,0,298,298,6.06164e-75,5292,0.000292306,0.000345604,0,0,0,iter,0,1,optk,21,dynamic
99,2210,0.5,13,1,0,0,0,0,0,0,0,0,0,iter,0,1,k1,1,dynamic
99,2210,0.5,13,1,0,0,0,0,0,0,0,0,0,iter,0,1,optk,21,dynamic
99,2210,0.5,13,1,0,0,0,0,0,0,0,0,0,iter,0,1,rootk,5,dynamic
99,2210,0.5,14,0,10395,10395,0.000415923,7530,0.000415923,0.000574008,0,0,0,iter,0,1,k1,1,dynamic
99,2210,0.5,14,0,10395,10395,3.86495e-14,37602,0.00207696,0.00286674,0,0,0,iter,0,1,rootk,5,dynamic
99,2210,0.5,14,0,10395,10395,5.33945e-44,157466,0.0086977,0.0119852,0,0,0,iter,0,1,optk,21,dynamic
99,2210,0.5,14,1,0,0,0,0,0,0,0,0,0,iter,0,1,optk,21,dynamic
99,2210,0.5,14,1,0,0,0,0,0,0,0,0,0,iter,0,1,rootk,5,dynamic
99,2210,0.5,14,1,1,1,5.52354e-08,1,5.52354e-08,5.52354e-08,0,1,1,iter,0,1,k1,1,dynamic
99,2210,0.5,15,0,191469,191469,0.00693221,125503,0.00693221,0.0105201,0,0,0,iter,0,1,k1,1,dynamic
99,2210,0.5,15,0,191469,191469,4.66854e-08,618897,0.034185,0.0515056,0,0,0,iter,0,1,rootk,5,dynamic
99,2210,0.5,15,0,191469,191469,6.28811e-19,2460623,0.135914,0.199159,0,0,0,iter,0,1,optk,21,dynamic
99,2210,0.5,15,1,46,46,3.49989e-97,462,2.55188e-05,5.3356e-05,1,22,23,iter,0,1,optk,21,dynamic
99,2210,0.5,15,1,46,46,8.28042e-27,110,6.0759e-06,1.27041e-05,1,22,23,iter,0,1,rootk,5,dynamic
99,2210,0.5,15,1,706,706,4.47407e-06,81,4.47407e-06,3.89955e-05,1,81,82,iter,0,1,k1,1,dynamic
