instance,size_kib,ratio,total_depth,iteration,n_inserted,n_unique,estimated_fp,bits_set,fill_ratio,expected_fill_ratio,materialized_forward,materialized_backward,materialized_total,phase,type_index,type_count,k_mode,k_hashes,split_mode
0,19,0.001,41,0,0,0,0,0,0,0,0,0,0,iter,0,1,optk,1,dynamic
0,19,0.001,43,0,0,0,0,0,0,0,0,0,0,iter,0,1,optk,1,dynamic
0,19,0.001,45,0,37,37,0.000160619,25,0.000160619,0.000237688,0,0,0,iter,0,1,optk,1,dynamic
0,19,0.001,45,1,0,0,0,0,0,0,0,0,0,iter,0,1,optk,1,dynamic
0,19,0.001,47,0,4,4,2.5699e-05,4,2.5699e-05,2.56987e-05,0,0,0,iter,0,1,optk,1,dynamic
0,19,0.001,47,1,0,0,0,0,0,0,0,0,0,iter,0,1,optk,1,dynamic
0,19,0.001,49,0,10,10,6.42475e-05,10,6.42475e-05,6.42455e-05,0,0,0,iter,0,1,optk,1,dynamic
0,19,0.001,49,1,0,0,0,0,0,0,0,0,0,iter,0,1,optk,1,dynamic
0,19,0.001,51,0,20,20,0.000128495,20,0.000128495,0.000128487,0,0,0,iter,0,1,optk,1,dynamic
0,19,0.001,51,1,0,0,0,0,0,0,0,0,0,iter,0,1,optk,1,dynamic
0,19,0.001,53,0,38,38,0.000244141,38,0.000244141,0.000244111,0,0,0,iter,0,1,optk,1,dynamic
0,19,0.001,53,1,0,0,0,0,0,0,0,0,0,iter,0,1,optk,1,dynamic
0,19,0.001,55,0,80,80,0.00051398,80,0.00051398,0.000513848,0,0,0,iter,0,1,optk,1,dynamic
0,19,0.001,55,1,0,0,0,0,0,0,0,0,0,iter,0,1,optk,1,dynamic
0,19,0.001,57,0,178,178,0.00111791,174,0.00111791,0.00114295,0,0,0,iter,0,1,optk,1,dynamic
0,19,0.001,57,1,1,1,6.42475e-06,1,6.42475e-06,6.42473e-06,1,1,2,iter,0,1,optk,1,dynamic
0,191,0.01,41,0,0,0,0,0,0,0,0,0,0,iter,0,1,optk,1,dynamic
0,191,0.01,43,0,0,0,0,0,0,0,0,0,0,iter,0,1,optk,1,dynamic
0,191,0.01,45,0,37,37,1.59778e-05,25,1.59778e-05,2.36468e-05,0,0,0,iter,0,1,optk,1,dynamic
0,191,0.01,45,1,0,0,0,0,0,0,0,0,0,iter,0,1,optk,1,dynamic
0,191,0.01,47,0,4,4,2.55645e-06,4,2.55645e-06,2.55644e-06,0,0,0,iter,0,1,optk,1,dynamic
0,191,0.01,47,1,0,0,0,0,0,0,0,0,0,iter,0,1,optk,1,dynamic
0,191,0.01,49,0,10,10,6.39112e-06,10,6.39112e-06,6.3911e-06,0,0,0,iter,0,1,optk,1,dynamic
0,191,0.01,49,1,0,0,0,0,0,0,0,0,0,iter,0,1,optk,1,dynamic
0,191,0.01,51,0,20,20,1.27822e-05,20,1.27822e-05,1.27821e-05,0,0,0,iter,0,1,optk,1,dynamic
0,191,0.01,51,1,0,0,0,0,0,0,0,0,0,iter,0,1,optk,1,dynamic
0,191,0.01,53,0,38,38,2.42862e-05,38,2.42862e-05,2.42859e-05,0,0,0,iter,0,1,optk,1,dynamic
0,191,0.01,53,1,0,0,0,0,0,0,0,0,0,iter,0,1,optk,1,dynamic
0,191,0.01,55,0,80,80,5.11289e-05,80,5.11289e-05,5.11276e-05,0,0,0,iter,0,1,optk,1,dynamic
0,191,0.01,55,1,0,0,0,0,0,0,0,0,0,iter,0,1,optk,1,dynamic
0,191,0.01,57,0,178,178,0.000111205,174,0.000111205,0.000113755,0,0,0,iter,0,1,optk,1,dynamic
0,191,0.01,57,1,1,1,6.39112e-07,1,6.39112e-07,6.39111e-07,1,1,2,iter,0,1,optk,1,dynamic
0,1906,0.1,41,0,0,0,0,0,0,0,0,0,0,iter,0,1,optk,1,dynamic
0,1906,0.1,43,0,0,0,0,0,0,0,0,0,0,iter,0,1,optk,1,dynamic
0,1906,0.1,45,0,37,37,1.60113e-06,25,1.60113e-06,2.36967e-06,0,0,0,iter,0,1,optk,1,dynamic
0,1906,0.1,45,1,0,0,0,0,0,0,0,0,0,iter,0,1,optk,1,dynamic
0,1906,0.1,47,0,4,4,2.56181e-07,4,2.56181e-07,2.56181e-07,0,0,0,iter,0,1,optk,1,dynamic
0,1906,0.1,47,1,0,0,0,0,0,0,0,0,0,iter,0,1,optk,1,dynamic
0,1906,0.1,49,0,10,10,6.40453e-07,10,6.40453e-07,6.40453e-07,0,0,0,iter,0,1,optk,1,dynamic
0,1906,0.1,49,1,0,0,0,0,0,0,0,0,0,iter,0,1,optk,1,dynamic
0,1906,0.1,51,0,20,20,1.28091e-06,20,1.28091e-06,1.2809e-06,0,0,0,iter,0,1,optk,1,dynamic
0,1906,0.1,51,1,0,0,0,0,0,0,0,0,0,iter,0,1,optk,1,dynamic
0,1906,0.1,53,0,38,38,2.43372e-06,38,2.43372e-06,2.43372e-06,0,0,0,iter,0,1,optk,1,dynamic
0,1906,0.1,53,1,0,0,0,0,0,0,0,0,0,iter,0,1,optk,1,dynamic
0,1906,0.1,55,0,80,80,5.12362e-06,80,5.12362e-06,5.12361e-06,0,0,0,iter,0,1,optk,1,dynamic
0,1906,0.1,55,1,0,0,0,0,0,0,0,0,0,iter,0,1,optk,1,dynamic
0,1906,0.1,57,0,178,178,1.11439e-05,174,1.11439e-05,1.14e-05,0,0,0,iter,0,1,optk,1,dynamic
0,1906,0.1,57,1,1,1,6.40453e-08,1,6.40453e-08,6.40453e-08,1,1,2,iter,0,1,optk,1,dynamic
0,9530,0.5,41,0,0,0,0,0,0,0,0,0,0,iter,0,1,optk,4,dynamic
0,9530,0.5,43,0,0,0,0,0,0,0,0,0,0,iter,0,1,optk,4,dynamic
0,9530,0.5,45,0,37,37,2.69196e-24,100,1.28091e-06,1.89574e-06,0,0,0,iter,0,1,optk,4,dynamic
0,9530,0.5,45,1,0,0,0,0,0,0,0,0,0,iter,0,1,optk,4,dynamic
0,9530,0.5,47,0,4,4,1.7642e-27,16,2.04945e-07,2.04945e-07,0,0,0,iter,0,1,optk,4,dynamic
0,9530,0.5,47,1,0,0,0,0,0,0,0,0,0,iter,0,1,optk,4,dynamic
0,9530,0.5,49,0,10,10,6.89142e-26,40,5.12362e-07,5.12362e-07,0,0,0,iter,0,1,optk,4,dynamic
0,9530,0.5,49,1,0,0,0,0,0,0,0,0,0,iter,0,1,optk,4,dynamic
0,9530,0.5,51,0,20,20,1.10263e-24,80,1.02472e-06,1.02472e-06,0,0,0,iter,0,1,optk,4,dynamic
0,9530,0.5,51,1,0,0,0,0,0,0,0,0,0,iter,0,1,optk,4,dynamic
0,9530,0.5,53,0,38,38,1.43695e-23,152,1.94698e-06,1.94697e-06,0,0,0,iter,0,1,optk,4,dynamic
0,9530,0.5,53,1,0,0,0,0,0,0,0,0,0,iter,0,1,optk,4,dynamic
0,9530,0.5,55,0,80,80,2.82272e-22,320,4.0989e-06,4.09889e-06,0,0,0,iter,0,1,optk,4,dynamic
0,9530,0.5,55,1,0,0,0,0,0,0,0,0,0,iter,0,1,optk,4,dynamic
0,9530,0.5,57,0,178,178,6.31692e-21,696,8.9151e-06,9.12001e-06,0,0,0,iter,0,1,optk,4,dynamic
0,9530,0.5,57,1,1,1,6.89142e-30,4,5.12362e-08,5.12362e-08,1,1,2,iter,0,1,optk,4,dynamic
1,26,0.001,43,0,0,0,0,0,0,0,0,0,0,iter,0,1,optk,1,dynamic
1,26,0.001,45,0,15,15,4.22551e-05,9,4.22551e-05,7.04227e-05,0,0,0,iter,0,1,optk,1,dynamic
1,26,0.001,45,1,0,0,0,0,0,0,0,0,0,iter,0,1,optk,1,dynamic
1,26,0.001,47,0,87,87,0.000267616,57,0.000267616,0.000408383,0,0,0,iter,0,1,optk,1,dynamic
1,26,0.001,47,1,0,0,0,0,0,0,0,0,0,iter,0,1,optk,1,dynamic
1,26,0.001,49,0,2296,2296,0.00603779,1286,0.00603779,0.0107219,0,0,0,iter,0,1,optk,1,dynamic
1,26,0.001,49,1,51,51,0.000145545,31,0.000145545,0.000239417,0,34,34,iter,0,1,optk,1,dynamic
1,26,0.001,51,0,36904,36904,0.0784161,16702,0.0784161,0.159085,0,0,0,iter,0,1,optk,1,dynamic
1,26,0.001,51,1,5096,5096,0.0149254,3179,0.0149254,0.0236418,0,0,0,iter,0,1,optk,1,dynamic
1,26,0.001,51,2,655,655,0.0013193,281,0.0013193,0.00307051,298,0,298,iter,0,1,optk,1,dynamic
1,26,0.001,53,0,364061,364061,0.498685,106216,0.498685,0.819002,0,0,0,iter,0,1,optk,1,dynamic
1,26,0.001,53,0,53198,53198,0.0957501,20394,0.0957501,0.221016,24009,0,24009,type,0,3,optk,1,dynamic
1,26,0.001,53,1,244874,244874,0.437106,93100,0.437106,0.683264,0,0,0,iter,0,1,optk,1,dynamic
1,26,0.001,53,1,53245,53245,0.0959567,20438,0.0959567,0.221188,24255,0,24255,type,1,3,optk,1,dynamic
1,26,0.001,53,2,52444,52444,0.0951632,20269,0.0951632,0.218254,23923,0,23923,type,2,3,optk,1,dynamic
1,26,0.001,55,0,2484110,2484110,0.983521,209482,0.983521,0.999991,0,0,0,iter,0,1,optk,1,dynamic
1,26,0.001,55,0,306387,306387,0.398489,84875,0.398489,0.762714,108465,1,108466,type,0,8,optk,1,dynamic
1,26,0.001,55,1,3129631,3129631,0.996765,212303,0.996765,1,0,0,0,iter,0,1,optk,1,dynamic
1,257,0.01,43,0,0,0,0,0,0,0,0,0,0,iter,0,1,optk,1,dynamic
1,257,0.01,45,0,15,15,4.27484e-06,9,4.27484e-06,7.1247e-06,0,0,0,iter,0,1,optk,1,dynamic
1,257,0.01,45,1,0,0,0,0,0,0,0,0,0,iter,0,1,optk,1,dynamic
1,257,0.01,47,0,87,87,2.7074e-05,57,2.7074e-05,4.13226e-05,0,0,0,iter,0,1,optk,1,dynamic
1,257,0.01,47,1,0,0,0,0,0,0,0,0,0,iter,0,1,optk,1,dynamic
1,257,0.01,49,0,2296,2296,0.000612251,1289,0.000612251,0.00108996,0,0,0,iter,0,1,optk,1,dynamic
1,257,0.01,49,1,5,5,9.49964e-07,2,9.49964e-07,2.37491e-06,0,2,2,iter,0,1,optk,1,dynamic
1,257,0.01,51,0,36904,36904,0.00822146,17309,0.00822146,0.017376,0,0,0,iter,0,1,optk,1,dynamic
1,257,0.01,51,1,632,632,0.000166244,350,0.000166244,0.000300143,0,354,354,iter,0,1,optk,1,dynamic
1,257,0.01,53,0,364061,364061,0.0675058,142123,0.0675058,0.158797,0,0,0,iter,0,1,optk,1,dynamic
1,257,0.01,53,1,32926,32926,0.00783625,16498,0.00783625,0.0155176,0,18326,18326,iter,0,1,optk,1,dynamic
1,257,0.01,55,0,223273,223273,0.0369883,77873,0.0369883,0.100621,92493,1,92494,type,0,2,optk,1,dynamic
1,257,0.01,55,0,2484110,2484110,0.339469,714700,0.339469,0.692693,0,0,0,iter,0,1,optk,1,dynamic
1,257,0.01,55,1,1081876,1081876,0.181451,382016,0.181451,0.401825,0,0,0,iter,0,1,optk,1,dynamic
1,2569,0.1,43,0,0,0,0,0,0,0,0,0,0,iter,0,1,optk,8,dynamic
1,2569,0.1,45,0,15,15,1.87684e-44,72,3.4212e-06,5.70198e-06,0,0,0,iter,0,1,optk,8,dynamic
1,2569,0.1,45,1,0,0,0,0,0,0,0,0,0,iter,0,1,optk,8,dynamic
1,2569,0.1,47,0,87,87,4.85832e-38,456,2.16676e-05,3.30711e-05,0,0,0,iter,0,1,optk,8,dynamic
1,2569,0.1,47,1,0,0,0,0,0,0,0,0,0,iter,0,1,optk,8,dynamic
1,2569,0.1,49,0,2296,2296,3.34094e-27,10319,0.000490324,0.000872405,0,0,0,iter,0,1,optk,8,dynamic
1,2569,0.1,49,1,0,0,0,0,0,0,0,0,0,iter,0,1,optk,8,dynamic
1,2569,0.1,51,0,36904,36904,3.56147e-18,138710,0.00659104,0.0139305,0,0,0,iter,0,1,optk,8,dynamic
1,2569,0.1,51,1,0,0,0,0,0,0,0,0,0,iter,0,1,optk,8,dynamic
1,2569,0.1,53,0,364061,364061,7.67612e-11,1144977,0.0544055,0.129242,0,0,0,iter,0,1,optk,8,dynamic
1,2569,0.1,53,1,0,0,0,0,0,0,0,0,0,iter,0,1,optk,8,dynamic
1,2569,0.1,55,0,2484110,2484110,4.03979e-05,5942222,0.282355,0.611046,0,0,0,iter,0,1,optk,8,dynamic
1,2569,0.1,55,1,152,152,2.71453e-38,424,2.01471e-05,5.77786e-05,1,53,54,iter,0,1,optk,8,dynamic
1,12843,0.5,43,0,0,0,0,0,0,0,0,0,0,iter,0,1,optk,41,dynamic
1,12843,0.5,45,0,15,15,2.20682e-224,369,3.50728e-06,5.84544e-06,0,0,0,iter,0,1,optk,41,dynamic
1,12843,0.5,45,1,0,0,0,0,0,0,0,0,0,iter,0,1,optk,41,dynamic
1,12843,0.5,47,0,87,87,1.6244e-191,2337,2.22127e-05,3.39031e-05,0,0,0,iter,0,1,optk,41,dynamic
1,12843,0.5,47,1,0,0,0,0,0,0,0,0,0,iter,0,1,optk,41,dynamic
1,12843,0.5,49,0,2296,2296,5.59683e-136,52872,0.000502538,0.000894345,0,0,0,iter,0,1,optk,41,dynamic
1,12843,0.5,49,1,0,0,0,0,0,0,0,0,0,iter,0,1,optk,41,dynamic
1,12843,0.5,51,0,36904,36904,1.04951e-89,710946,0.00675741,0.0142785,0,0,0,iter,0,1,optk,41,dynamic
1,12843,0.5,51,1,0,0,0,0,0,0,0,0,0,iter,0,1,optk,41,dynamic
1,12843,0.5,53,0,364061,364061,3.87537e-52,5862905,0.0557258,0.132269,0,0,0,iter,0,1,optk,41,dynamic
1,12843,0.5,53,1,0,0,0,0,0,0,0,0,0,iter,0,1,optk,41,dynamic
1,12843,0.5,55,0,2484110,2484110,7.15552e-23,30333723,0.288316,0.620177,0,0,0,iter,0,1,optk,41,dynamic
1,12843,0.5,55,1,7,7,7.3934e-229,287,2.72788e-06,2.72788e-06,1,7,8,iter,0,1,optk,41,dynamic
2,265,0.001,41,0,0,0,0,0,0,0,0,0,0,iter,0,1,optk,1,dynamic
2,265,0.001,43,0,0,0,0,0,0,0,0,0,0,iter,0,1,optk,1,dynamic
2,265,0.001,45,0,4,4,9.21285e-07,2,9.21285e-07,1.84257e-06,0,0,0,iter,0,1,optk,1,dynamic
2,265,0.001,45,1,0,0,0,0,0,0,0,0,0,iter,0,1,optk,1,dynamic
2,265,0.001,47,0,78,78,1.33586e-05,29,1.33586e-05,3.59295e-05,0,0,0,iter,0,1,optk,1,dynamic
2,265,0.001,47,1,0,0,0,0,0,0,0,0,0,iter,0,1,optk,1,dynamic
2,265,0.001,49,0,2003,2003,0.000321989,699,0.000321989,0.000922242,0,0,0,iter,0,1,optk,1,dynamic
2,265,0.001,49,1,0,0,0,0,0,0,0,0,0,iter,0,1,optk,1,dynamic
2,265,0.001,51,0,25242,25242,0.00444244,9644,0.00444244,0.0115602,0,0,0,iter,0,1,optk,1,dynamic
2,265,0.001,51,1,194,194,3.91546e-05,85,3.91546e-05,8.93607e-05,0,85,85,iter,0,1,optk,1,dynamic
2,265,0.001,53,0,231630,231630,0.040093,87037,0.040093,0.101204,0,0,0,iter,0,1,optk,1,dynamic
2,265,0.001,53,1,12373,12373,0.0021899,4754,0.0021899,0.00568332,0,5023,5023,iter,0,1,optk,1,dynamic
2,265,0.001,55,0,1597832,1597832,0.228735,496557,0.228735,0.520988,0,0,0,iter,0,1,optk,1,dynamic
2,265,0.001,55,1,451449,451449,0.0620375,134676,0.0620375,0.187758,0,0,0,iter,0,1,optk,1,dynamic
2,265,0.001,55,2,98417,98417,0.0158208,34345,0.0158208,0.0443228,0,0,0,iter,0,1,optk,1,dynamic
2,265,0.001,55,3,31087,31087,0.00444474,9649,0.00444474,0.014218,0,12315,12315,iter,0,1,optk,1,dynamic
2,265,0.001,57,0,753927,753927,0.0952042,206677,0.0952042,0.2934,229971,0,229971,type,0,8,optk,1,dynamic
2,265,0.001,57,0,9711168,9711168,0.725013,1573917,0.725013,0.988591,0,0,0,iter,0,1,optk,1,dynamic
2,265,0.001,57,1,754452,754452,0.0949242,206069,0.0949242,0.293571,229008,0,229008,type,1,8,optk,1,dynamic
2,265,0.001,57,1,8368617,8368617,0.61962,1345121,0.61962,0.978825,0,0,0,iter,0,1,optk,1,dynamic
2,265,0.001,57,2,759896,759896,0.0952623,206803,0.0952623,0.29534,230258,0,230258,type,2,8,optk,1,dynamic
2,265,0.001,57,3,753089,753089,0.0954558,207223,0.0954558,0.293127,230793,0,230793,type,3,8,optk,1,dynamic
2,265,0.001,57,4,746683,746683,0.094681,205541,0.094681,0.291039,228617,0,228617,type,4,8,optk,1,dynamic
2,265,0.001,57,5,744137,744137,0.0943235,204765,0.0943235,0.290207,227795,0,227795,type,5,8,optk,1,dynamic
2,265,0.001,57,6,751898,751898,0.0951789,206622,0.0951789,0.29274,229711,0,229711,type,6,8,optk,1,dynamic
2,265,0.001,57,7,751678,751678,0.0953811,207061,0.0953811,0.292668,230223,0,230223,type,7,8,optk,1,dynamic
2,265,0.001,59,0,47808853,47808853,0.993447,2156655,0.993447,1,0,0,0,iter,0,1,optk,1,dynamic
2,265,0.001,59,0,5949186,5949186,0.462963,1005037,0.462963,0.935459,1354582,1,1354583,type,0,8,optk,1,dynamic
2,265,0.001,59,1,53561791,53561791,0.992697,2155026,0.992697,1,0,0,0,iter,0,1,optk,1,dynamic
2,2647,0.01,41,0,0,0,0,0,0,0,0,0,0,iter,0,1,optk,1,dynamic
2,2647,0.01,43,0,0,0,0,0,0,0,0,0,0,iter,0,1,optk,1,dynamic
2,2647,0.01,45,0,4,4,9.2233e-08,2,9.2233e-08,1.84466e-07,0,0,0,iter,0,1,optk,1,dynamic
2,2647,0.01,45,1,0,0,0,0,0,0,0,0,0,iter,0,1,optk,1,dynamic
2,2647,0.01,47,0,78,78,1.33738e-06,29,1.33738e-06,3.59708e-06,0,0,0,iter,0,1,optk,1,dynamic
2,2647,0.01,47,1,0,0,0,0,0,0,0,0,0,iter,0,1,optk,1,dynamic
2,2647,0.01,49,0,2003,2003,3.22354e-05,699,3.22354e-05,9.2367e-05,0,0,0,iter,0,1,optk,1,dynamic
2,2647,0.01,49,1,0,0,0,0,0,0,0,0,0,iter,0,1,optk,1,dynamic
2,2647,0.01,51,0,25242,25242,0.000445854,9668,0.000445854,0.00116339,0,0,0,iter,0,1,optk,1,dynamic
2,2647,0.01,51,1,32,32,5.53398e-07,12,5.53398e-07,1.47573e-06,0,12,12,iter,0,1,optk,1,dynamic
2,2647,0.01,53,0,231630,231630,0.00409081,88706,0.00409081,0.0106251,0,0,0,iter,0,1,optk,1,dynamic
2,2647,0.01,53,1,1336,1336,2.25048e-05,488,2.25048e-05,6.16097e-05,0,488,488,iter,0,1,optk,1,dynamic
2,2647,0.01,55,0,1597832,1597832,0.0256605,556427,0.0256605,0.071037,0,0,0,iter,0,1,optk,1,dynamic
2,2647,0.01,55,1,50198,50198,0.000715313,15511,0.000715313,0.00231228,0,15942,15942,iter,0,1,optk,1,dynamic
2,2647,0.01,57,0,9711168,9711168,0.121168,2627435,0.121168,0.360996,0,0,0,iter,0,1,optk,1,dynamic
2,2647,0.01,57,1,1406047,1406047,0.0160326,347655,0.0160326,0.0627844,0,0,0,iter,0,1,optk,1,dynamic
2,2647,0.01,57,2,156823,156823,0.00206583,44796,0.00206583,0.00720604,50442,0,50442,iter,0,1,optk,1,dynamic
2,2647,0.01,59,0,2828479,2828479,0.0293265,635922,0.0293265,0.12229,732849,1,732850,type,0,3,optk,1,dynamic
2,2647,0.01,59,0,47808853,47808853,0.394597,8556530,0.394597,0.889725,0,0,0,iter,0,1,optk,1,dynamic
2,2647,0.01,59,1,21365307,21365307,0.177676,3852776,0.177676,0.62667,0,0,0,iter,0,1,optk,1,dynamic
2,26467,0.1,41,0,0,0,0,0,0,0,0,0,0,iter,0,1,optk,6,dynamic
2,26467,0.1,43,0,0,0,0,0,0,0,0,0,0,iter,0,1,optk,6,dynamic
2,26467,0.1,45,0,4,4,2.87422e-44,12,5.5346e-08,1.10692e-07,0,0,0,iter,0,1,optk,6,dynamic
2,26467,0.1,45,1,0,0,0,0,0,0,0,0,0,iter,0,1,optk,6,dynamic
2,26467,0.1,47,0,78,78,2.67133e-37,174,8.02518e-07,2.15849e-06,0,0,0,iter,0,1,optk,6,dynamic
2,26467,0.1,47,1,0,0,0,0,0,0,0,0,0,iter,0,1,optk,6,dynamic
2,26467,0.1,49,0,2003,2003,5.23845e-29,4194,1.93434e-05,5.54275e-05,0,0,0,iter,0,1,optk,6,dynamic
2,26467,0.1,49,1,0,0,0,0,0,0,0,0,0,iter,0,1,optk,6,dynamic
2,26467,0.1,51,0,25242,25242,3.67196e-22,58020,0.000267598,0.000698279,0,0,0,iter,0,1,optk,6,dynamic
2,26467,0.1,51,1,0,0,0,0,0,0,0,0,0,iter,0,1,optk,6,dynamic
2,26467,0.1,53,0,231630,231630,2.19831e-16,532651,0.00245668,0.0063894,0,0,0,iter,0,1,optk,6,dynamic
2,26467,0.1,53,1,0,0,0,0,0,0,0,0,0,iter,0,1,optk,6,dynamic
2,26467,0.1,55,0,1597832,1597832,1.37672e-11,3356622,0.0154813,0.0432535,0,0,0,iter,0,1,optk,6,dynamic
2,26467,0.1,55,1,0,0,0,0,0,0,0,0,0,iter,0,1,optk,6,dynamic
2,26467,0.1,57,0,9711168,9711168,1.72045e-07,16169693,0.0745774,0.235656,0,0,0,iter,0,1,optk,6,dynamic
2,26467,0.1,57,1,1,1,4.49096e-46,6,2.7673e-08,2.7673e-08,0,1,1,iter,0,1,optk,6,dynamic
2,26467,0.1,59,0,47808853,47808853,0.000309382,56386755,0.260065,0.733669,0,0,0,iter,0,1,optk,6,dynamic
2,26467,0.1,59,1,16763,16763,6.69439e-25,20279,9.35302e-05,0.000463775,1,3380,3381,iter,0,1,optk,6,dynamic
2,132335,0.5,41,0,0,0,0,0,0,0,0,0,0,iter,0,1,optk,29,dynamic
2,132335,0.5,43,0,0,0,0,0,0,0,0,0,0,iter,0,1,optk,29,dynamic
2,132335,0.5,45,0,4,4,1.32598e-211,58,5.35012e-08,1.07002e-07,0,0,0,iter,0,1,optk,29,dynamic
2,132335,0.5,45,1,0,0,0,0,0,0,0,0,0,iter,0,1,optk,29,dynamic
2,132335,0.5,47,0,78,78,6.34174e-178,841,7.75767e-07,2.08654e-06,0,0,0,iter,0,1,optk,29,dynamic
2,132335,0.5,47,1,0,0,0,0,0,0,0,0,0,iter,0,1,optk,29,dynamic
2,132335,0.5,49,0,2003,2003,7.62965e-138,20271,1.86987e-05,5.358e-05,0,0,0,iter,0,1,optk,29,dynamic
2,132335,0.5,49,1,0,0,0,0,0,0,0,0,0,iter,0,1,optk,29,dynamic
2,132335,0.5,51,0,25242,25242,9.35454e-105,280452,0.000258698,0.00067501,0,0,0,iter,0,1,optk,29,dynamic
2,132335,0.5,51,1,0,0,0,0,0,0,0,0,0,iter,0,1,optk,29,dynamic
2,132335,0.5,53,0,231630,231630,7.83238e-77,2574638,0.00237493,0.00617708,0,0,0,iter,0,1,optk,29,dynamic
2,132335,0.5,53,1,0,0,0,0,0,0,0,0,0,iter,0,1,optk,29,dynamic
2,132335,0.5,55,0,1597832,1597832,1.20461e-53,16228046,0.0149693,0.0418423,0,0,0,iter,0,1,optk,29,dynamic
2,132335,0.5,55,1,0,0,0,0,0,0,0,0,0,iter,0,1,optk,29,dynamic
2,132335,0.5,57,0,9711168,9711168,7.85472e-34,78255963,0.072186,0.228778,0,0,0,iter,0,1,optk,29,dynamic
2,132335,0.5,57,1,0,0,0,0,0,0,0,0,0,iter,0,1,optk,29,dynamic
2,132335,0.5,59,0,47808853,47808853,4.68701e-18,273847852,0.252607,0.721661,0,0,0,iter,0,1,optk,29,dynamic
2,132335,0.5,59,1,57,57,4.38688e-177,899,8.29268e-07,1.52478e-06,1,31,32,iter,0,1,optk,29,dynamic
3,20,0.001,42,0,0,0,0,0,0,0,0,0,0,iter,0,1,optk,1,dynamic
3,20,0.001,44,0,0,0,0,0,0,0,0,0,0,iter,0,1,optk,1,dynamic
3,20,0.001,46,0,64,64,0.000323486,53,0.000323486,0.000390549,0,0,0,iter,0,1,optk,1,dynamic
3,20,0.001,46,1,0,0,0,0,0,0,0,0,0,iter,0,1,optk,1,dynamic
3,20,0.001,48,0,1976,1976,0.00961914,1576,0.00961914,0.0119881,0,0,0,iter,0,1,optk,1,dynamic
3,20,0.001,48,1,0,0,0,0,0,0,0,0,0,iter,0,1,optk,1,dynamic
3,20,0.001,50,0,10798,10798,0.0493103,8079,0.0493103,0.0637809,0,0,0,iter,0,1,optk,1,dynamic
3,20,0.001,50,1,66,66,0.000109863,18,0.000109863,0.000402751,0,18,18,iter,0,1,optk,1,dynamic
3,20,0.001,52,0,48131,48131,0.189062,30976,0.189062,0.254551,0,0,0,iter,0,1,optk,1,dynamic
3,20,0.001,52,1,2780,2780,0.0050415,826,0.0050415,0.0168246,0,855,855,iter,0,1,optk,1,dynamic
3,20,0.001,54,0,183906,183906,0.516931,84694,0.516931,0.674526,0,0,0,iter,0,1,optk,1,dynamic
3,20,0.001,54,0,9806,9806,0.0384216,6295,0.0384216,0.0580952,8433,0,8433,type,0,2,optk,1,dynamic
3,20,0.001,54,1,93684,93684,0.106281,17413,0.106281,0.435493,0,0,0,iter,0,1,optk,1,dynamic
3,20,0.001,54,1,9863,9863,0.038208,6260,0.038208,0.0584228,8453,0,8453,type,1,2,optk,1,dynamic
3,20,0.001,56,0,57212,57212,0.184186,30177,0.184186,0.294744,35612,1,35613,type,0,8,optk,1,dynamic
3,20,0.001,56,0,621419,621419,0.890619,145919,0.890619,0.977468,0,0,0,iter,0,1,optk,1,dynamic
3,20,0.001,56,1,1580325,1580325,0.731354,119825,0.731354,0.999935,0,0,0,iter,0,1,optk,1,dynamic
3,202,0.01,42,0,0,0,0,0,0,0,0,0,0,iter,0,1,optk,1,dynamic
3,202,0.01,44,0,0,0,0,0,0,0,0,0,0,iter,0,1,optk,1,dynamic
3,202,0.01,46,0,64,64,3.20283e-05,53,3.20283e-05,3.8675e-05,0,0,0,iter,0,1,optk,1,dynamic
3,202,0.01,46,1,0,0,0,0,0,0,0,0,0,iter,0,1,optk,1,dynamic
3,202,0.01,48,0,1976,1976,0.000954807,1580,0.000954807,0.0011934,0,0,0,iter,0,1,optk,1,dynamic
3,202,0.01,48,1,0,0,0,0,0,0,0,0,0,iter,0,1,optk,1,dynamic
3,202,0.01,50,0,10798,10798,0.00498675,8252,0.00498675,0.00650408,0,0,0,iter,0,1,optk,1,dynamic
3,202,0.01,50,1,1,1,6.04308e-07,1,6.04308e-07,6.04308e-07,0,1,1,iter,0,1,optk,1,dynamic
3,202,0.01,52,0,48131,48131,0.0205501,34006,0.0205501,0.028667,0,0,0,iter,0,1,optk,1,dynamic
3,202,0.01,52,1,376,376,6.04308e-05,100,6.04308e-05,0.000227194,0,100,100,iter,0,1,optk,1,dynamic
3,202,0.01,54,0,183906,183906,0.0697481,115418,0.0697481,0.105183,0,0,0,iter,0,1,optk,1,dynamic
3,202,0.01,54,1,14369,14369,0.00153071,2533,0.00153071,0.00864572,0,2599,2599,iter,0,1,optk,1,dynamic
3,202,0.01,56,0,621419,621419,0.196886,325804,0.196886,0.313074,0,0,0,iter,0,1,optk,1,dynamic
3,202,0.01,56,1,353753,353753,0.028466,47105,0.028466,0.192471,0,0,0,iter,0,1,optk,1,dynamic
3,202,0.01,56,2,17973,17973,0.00627816,10389,0.00627816,0.0108025,12626,1,12627,iter,0,1,optk,1,dynamic
3,2016,0.1,42,0,0,0,0,0,0,0,0,0,0,iter,0,1,optk,2,dynamic
3,2016,0.1,44,0,0,0,0,0,0,0,0,0,0,iter,0,1,optk,2,dynamic
3,2016,0.1,46,0,64,64,4.11956e-11,106,6.41838e-06,7.75047e-06,0,0,0,iter,0,1,optk,2,dynamic
3,2016,0.1,46,1,0,0,0,0,0,0,0,0,0,iter,0,1,optk,2,dynamic
3,2016,0.1,48,0,1976,1976,3.66807e-08,3163,0.000191522,0.000239268,0,0,0,iter,0,1,optk,2,dynamic
3,2016,0.1,48,1,0,0,0,0,0,0,0,0,0,iter,0,1,optk,2,dynamic
3,2016,0.1,50,0,10798,10798,1.00157e-06,16528,0.00100078,0.0013068,0,0,0,iter,0,1,optk,2,dynamic
3,2016,0.1,50,1,0,0,0,0,0,0,0,0,0,iter,0,1,optk,2,dynamic
3,2016,0.1,52,0,48131,48131,1.72604e-05,68613,0.00415457,0.00581178,0,0,0,iter,0,1,optk,2,dynamic
3,2016,0.1,52,1,1,1,1.46656e-14,2,1.21102e-07,1.21101e-07,0,1,1,iter,0,1,optk,2,dynamic
3,2016,0.1,54,0,183906,183906,0.00020663,237398,0.0143746,0.0220251,0,0,0,iter,0,1,optk,2,dynamic
3,2016,0.1,54,1,43,43,7.18613e-13,14,8.47711e-07,5.20735e-06,0,7,7,iter,0,1,optk,2,dynamic
3,2016,0.1,56,0,621419,621419,0.00184944,710233,0.0430051,0.0724928,0,0,0,iter,0,1,optk,2,dynamic
3,2016,0.1,56,1,2477,2477,3.06289e-09,914,5.53434e-05,0.000299923,1,457,458,iter,0,1,optk,2,dynamic
3,10081,0.5,42,0,0,0,0,0,0,0,0,0,0,iter,0,1,optk,11,dynamic
3,10081,0.5,44,0,0,0,0,0,0,0,0,0,0,iter,0,1,optk,11,dynamic
3,10081,0.5,46,0,64,64,2.17033e-57,583,7.05952e-06,8.52466e-06,0,0,0,iter,0,1,optk,11,dynamic
3,10081,0.5,46,1,0,0,0,0,0,0,0,0,0,iter,0,1,optk,11,dynamic
3,10081,0.5,48,0,1976,1976,3.63256e-41,17400,0.000210696,0.000263165,0,0,0,iter,0,1,optk,11,dynamic
3,10081,0.5,48,1,0,0,0,0,0,0,0,0,0,iter,0,1,optk,11,dynamic
3,10081,0.5,50,0,10798,10798,2.87777e-33,90913,0.00110086,0.00143724,0,0,0,iter,0,1,optk,11,dynamic
3,10081,0.5,50,1,0,0,0,0,0,0,0,0,0,iter,0,1,optk,11,dynamic
3,10081,0.5,52,0,48131,48131,1.80988e-26,377294,0.00456863,0.00639047,0,0,0,iter,0,1,optk,11,dynamic
3,10081,0.5,52,1,0,0,0,0,0,0,0,0,0,iter,0,1,optk,11,dynamic
3,10081,0.5,54,0,183906,183906,1.53704e-20,1305218,0.0158048,0.0241984,0,0,0,iter,0,1,optk,11,dynamic
3,10081,0.5,54,1,0,0,0,0,0,0,0,0,0,iter,0,1,optk,11,dynamic
3,10081,0.5,56,0,621419,621419,2.58181e-15,3896771,0.0471858,0.079439,0,0,0,iter,0,1,optk,11,dynamic
3,10081,0.5,56,1,5,5,9.82088e-70,44,5.32794e-07,6.65992e-07,1,4,5,iter,0,1,optk,11,dynamic
4,20,0.001,42,0,0,0,0,0,0,0,0,0,0,iter,0,1,optk,1,dynamic
4,20,0.001,44,0,0,0,0,0,0,0,0,0,0,iter,0,1,optk,1,dynamic
4,20,0.001,46,0,2,2,1.2207e-05,2,1.2207e-05,1.2207e-05,0,0,0,iter,0,1,optk,1,dynamic
4,20,0.001,46,1,0,0,0,0,0,0,0,0,0,iter,0,1,optk,1,dynamic
4,20,0.001,48,0,34,34,0.000158691,26,0.000158691,0.000207498,0,0,0,iter,0,1,optk,1,dynamic
4,20,0.001,48,1,0,0,0,0,0,0,0,0,0,iter,0,1,optk,1,dynamic
4,20,0.001,50,0,1158,1158,0.00480957,788,0.00480957,0.00704295,0,0,0,iter,0,1,optk,1,dynamic
4,20,0.001,50,1,29,29,0.000134277,22,0.000134277,0.000176986,0,22,22,iter,0,1,optk,1,dynamic
4,20,0.001,52,0,24153,24153,0.079364,13003,0.079364,0.137067,0,0,0,iter,0,1,optk,1,dynamic
4,20,0.001,52,1,3602,3602,0.012616,2067,0.012616,0.021745,0,2382,2382,iter,0,1,optk,1,dynamic
4,20,0.001,54,0,287032,287032,0.553717,90721,0.553717,0.826557,0,0,0,iter,0,1,optk,1,dynamic
4,20,0.001,54,0,38540,38540,0.104297,17088,0.104297,0.209611,20817,0,20817,type,0,3,optk,1,dynamic
4,20,0.001,54,1,177940,177940,0.407739,66804,0.407739,0.662456,0,0,0,iter,0,1,optk,1,dynamic
4,20,0.001,54,1,38782,38782,0.104486,17119,0.104486,0.210777,20794,0,20794,type,1,3,optk,1,dynamic
4,20,0.001,54,2,39422,39422,0.10379,17005,0.10379,0.213854,20600,0,20600,type,2,3,optk,1,dynamic
4,20,0.001,56,0,2146844,2146844,0.993304,162743,0.993304,0.999998,0,0,0,iter,0,1,optk,1,dynamic
4,20,0.001,56,0,265419,265419,0.460986,75528,0.460986,0.802099,101742,1,101743,type,0,8,optk,1,dynamic
4,20,0.001,56,1,2125306,2125306,0.991931,162518,0.991931,0.999998,0,0,0,iter,0,1,optk,1,dynamic
4,202,0.01,42,0,0,0,0,0,0,0,0,0,0,iter,0,1,optk,1,dynamic
4,202,0.01,44,0,0,0,0,0,0,0,0,0,0,iter,0,1,optk,1,dynamic
4,202,0.01,46,0,2,2,1.20862e-06,2,1.20862e-06,1.20862e-06,0,0,0,iter,0,1,optk,1,dynamic
4,202,0.01,46,1,0,0,0,0,0,0,0,0,0,iter,0,1,optk,1,dynamic
4,202,0.01,48,0,34,34,1.5712e-05,26,1.5712e-05,2.05463e-05,0,0,0,iter,0,1,optk,1,dynamic
4,202,0.01,48,1,0,0,0,0,0,0,0,0,0,iter,0,1,optk,1,dynamic
4,202,0.01,50,0,1158,1158,0.000478008,791,0.000478008,0.000699544,0,0,0,iter,0,1,optk,1,dynamic
4,202,0.01,50,1,0,0,0,0,0,0,0,0,0,iter,0,1,optk,1,dynamic
4,202,0.01,52,0,24153,24153,0.00815635,13497,0.00815635,0.0144899,0,0,0,iter,0,1,optk,1,dynamic
4,202,0.01,52,1,363,363,0.000131135,217,0.000131135,0.00021934,0,218,218,iter,0,1,optk,1,dynamic
4,202,0.01,54,0,287032,287032,0.0769557,127345,0.0769557,0.159246,0,0,0,iter,0,1,optk,1,dynamic
4,202,0.01,54,1,24369,24369,0.00705711,11678,0.00705711,0.0146185,0,12740,12740,iter,0,1,optk,1,dynamic
4,202,0.01,56,0,184148,184148,0.0417619,69107,0.0417619,0.105314,84634,1,84635,type,0,2,optk,1,dynamic
4,202,0.01,56,0,2146844,2146844,0.389595,644695,0.389595,0.726747,0,0,0,iter,0,1,optk,1,dynamic
4,202,0.01,56,1,836113,836113,0.172494,285440,0.172494,0.396657,0,0,0,iter,0,1,optk,1,dynamic
4,2022,0.1,42,0,0,0,0,0,0,0,0,0,0,iter,0,1,optk,5,dynamic
4,2022,0.1,44,0,0,0,0,0,0,0,0,0,0,iter,0,1,optk,5,dynamic
4,2022,0.1,46,0,2,2,8.01945e-32,10,6.03711e-07,6.03711e-07,0,0,0,iter,0,1,optk,5,dynamic
4,2022,0.1,46,1,0,0,0,0,0,0,0,0,0,iter,0,1,optk,5,dynamic
4,2022,0.1,48,0,34,34,2.97757e-26,130,7.84824e-06,1.0263e-05,0,0,0,iter,0,1,optk,5,dynamic
4,2022,0.1,48,1,0,0,0,0,0,0,0,0,0,iter,0,1,optk,5,dynamic
4,2022,0.1,50,0,1158,1158,7.74067e-19,3953,0.000238647,0.000349487,0,0,0,iter,0,1,optk,5,dynamic
4,2022,0.1,50,1,0,0,0,0,0,0,0,0,0,iter,0,1,optk,5,dynamic
4,2022,0.1,52,0,24153,24153,1.13619e-12,67649,0.00408404,0.0072642,0,0,0,iter,0,1,optk,5,dynamic
4,2022,0.1,52,1,0,0,0,0,0,0,0,0,0,iter,0,1,optk,5,dynamic
4,2022,0.1,54,0,287032,287032,9.226e-08,648894,0.0391744,0.0829948,0,0,0,iter,0,1,optk,5,dynamic
4,2022,0.1,54,1,0,0,0,0,0,0,0,0,0,iter,0,1,optk,5,dynamic
4,2022,0.1,56,0,2146844,2146844,0.000497279,3618188,0.218434,0.476928,0,0,0,iter,0,1,optk,5,dynamic
4,2022,0.1,56,1,1106,1106,3.27522e-20,2100,0.000126779,0.000333796,1,420,421,iter,0,1,optk,5,dynamic
4,10110,0.5,42,0,0,0,0,0,0,0,0,0,0,iter,0,1,optk,24,dynamic
4,10110,0.5,44,0,0,0,0,0,0,0,0,0,0,iter,0,1,optk,24,dynamic
4,10110,0.5,46,0,2,2,2.06254e-150,48,5.79562e-07,5.79562e-07,0,0,0,iter,0,1,optk,24,dynamic
4,10110,0.5,46,1,0,0,0,0,0,0,0,0,0,iter,0,1,optk,24,dynamic
4,10110,0.5,48,0,34,34,1.11955e-123,624,7.53431e-06,9.85251e-06,0,0,0,iter,0,1,optk,24,dynamic
4,10110,0.5,48,1,0,0,0,0,0,0,0,0,0,iter,0,1,optk,24,dynamic
4,10110,0.5,50,0,1158,1158,4.41947e-88,18983,0.000229205,0.00033551,0,0,0,iter,0,1,optk,24,dynamic
4,10110,0.5,50,1,0,0,0,0,0,0,0,0,0,iter,0,1,optk,24,dynamic
4,10110,0.5,52,0,24153,24153,1.72358e-58,324583,0.00391908,0.00697465,0,0,0,iter,0,1,optk,24,dynamic
4,10110,0.5,52,1,0,0,0,0,0,0,0,0,0,iter,0,1,optk,24,dynamic
4,10110,0.5,54,0,287032,287032,6.56628e-35,3117904,0.0376462,0.0798112,0,0,0,iter,0,1,optk,24,dynamic
4,10110,0.5,54,1,0,0,0,0,0,0,0,0,0,iter,0,1,optk,24,dynamic
4,10110,0.5,56,0,2146844,2146844,5.85622e-17,17449855,0.210693,0.463192,0,0,0,iter,0,1,optk,24,dynamic
4,10110,0.5,56,1,15,15,2.06954e-129,360,4.34672e-06,4.34671e-06,1,15,16,iter,0,1,optk,24,dynamic
5,10,0.001,36,0,0,0,0,0,0,0,0,0,0,iter,0,1,optk,1,dynamic
5,10,0.001,38,0,0,0,0,0,0,0,0,0,0,iter,0,1,optk,1,dynamic
5,10,0.001,40,0,0,0,0,0,0,0,0,0,0,iter,0,1,optk,1,dynamic
5,10,0.001,42,0,5,5,6.10352e-05,5,6.10352e-05,6.10333e-05,0,0,0,iter,0,1,optk,1,dynamic
5,10,0.001,42,1,0,0,0,0,0,0,0,0,0,iter,0,1,optk,1,dynamic
5,10,0.001,44,0,660,660,0.00737305,604,0.00737305,0.00802427,0,0,0,iter,0,1,optk,1,dynamic
5,10,0.001,44,1,0,0,0,0,0,0,0,0,0,iter,0,1,optk,1,dynamic
5,10,0.001,46,0,2609,2609,0.0276855,2268,0.0276855,0.0313463,0,0,0,iter,0,1,optk,1,dynamic
5,10,0.001,46,1,0,0,0,0,0,0,0,0,0,iter,0,1,optk,1,dynamic
5,10,0.001,48,0,8797,8797,0.087207,7144,0.087207,0.10182,0,0,0,iter,0,1,optk,1,dynamic
5,10,0.001,48,1,21,21,3.66211e-05,3,3.66211e-05,0.000256315,0,3,3,iter,0,1,optk,1,dynamic
5,10,0.001,50,0,25819,25819,0.223328,18295,0.223328,0.270338,0,0,0,iter,0,1,optk,1,dynamic
5,10,0.001,50,1,1763,1763,0.00443115,363,0.00443115,0.0212911,0,371,371,iter,0,1,optk,1,dynamic
5,10,0.001,52,0,3529,3529,0.0316772,2595,0.0316772,0.0421639,3405,1,3406,type,0,2,optk,1,dynamic
5,10,0.001,52,0,71948,71948,0.483887,39640,0.483887,0.5845,0,0,0,iter,0,1,optk,1,dynamic
5,10,0.001,52,1,45886,45886,0.096936,7941,0.096936,0.428866,0,0,0,iter,0,1,optk,1,dynamic
5,98,0.01,36,0,0,0,0,0,0,0,0,0,0,iter,0,1,optk,1,dynamic
5,98,0.01,38,0,0,0,0,0,0,0,0,0,0,iter,0,1,optk,1,dynamic
5,98,0.01,40,0,0,0,0,0,0,0,0,0,0,iter,0,1,optk,1,dynamic
5,98,0.01,42,0,5,5,6.22808e-06,5,6.22808e-06,6.22806e-06,0,0,0,iter,0,1,optk,1,dynamic
5,98,0.01,42,1,0,0,0,0,0,0,0,0,0,iter,0,1,optk,1,dynamic
5,98,0.01,44,0,660,660,0.000757334,608,0.000757334,0.000821768,0,0,0,iter,0,1,optk,1,dynamic
5,98,0.01,44,1,0,0,0,0,0,0,0,0,0,iter,0,1,optk,1,dynamic
5,98,0.01,46,0,2609,2609,0.00285993,2296,0.00285993,0.00324454,0,0,0,iter,0,1,optk,1,dynamic
5,98,0.01,46,1,0,0,0,0,0,0,0,0,0,iter,0,1,optk,1,dynamic
5,98,0.01,48,0,8797,8797,0.00926364,7437,0.00926364,0.0108979,0,0,0,iter,0,1,optk,1,dynamic
5,98,0.01,48,1,0,0,0,0,0,0,0,0,0,iter,0,1,optk,1,dynamic
5,98,0.01,50,0,25819,25819,0.0253084,20318,0.0253084,0.0316489,0,0,0,iter,0,1,optk,1,dynamic
5,98,0.01,50,1,108,108,5.10702e-05,41,5.10702e-05,0.000134517,0,41,41,iter,0,1,optk,1,dynamic
5,98,0.01,52,0,71948,71948,0.0649576,52149,0.0649576,0.085721,0,0,0,iter,0,1,optk,1,dynamic
5,98,0.01,52,1,6832,6832,0.00146484,1176,0.00146484,0.00847394,1,1201,1202,iter,0,1,optk,1,dynamic
5,984,0.1,36,0,0,0,0,0,0,0,0,0,0,iter,0,1,optk,4,dynamic
5,984,0.1,38,0,0,0,0,0,0,0,0,0,0,iter,0,1,optk,4,dynamic
5,984,0.1,40,0,0,0,0,0,0,0,0,0,0,iter,0,1,optk,4,dynamic
5,984,0.1,42,0,5,5,3.78948e-23,20,2.4811e-06,2.4811e-06,0,0,0,iter,0,1,optk,4,dynamic
5,984,0.1,42,1,0,0,0,0,0,0,0,0,0,iter,0,1,optk,4,dynamic
5,984,0.1,44,0,660,660,8.27179e-15,2431,0.000301578,0.000327452,0,0,0,iter,0,1,optk,4,dynamic
5,984,0.1,44,1,0,0,0,0,0,0,0,0,0,iter,0,1,optk,4,dynamic
5,984,0.1,46,0,2609,2609,1.6923e-12,9194,0.00114056,0.0012938,0,0,0,iter,0,1,optk,4,dynamic
5,984,0.1,46,1,0,0,0,0,0,0,0,0,0,iter,0,1,optk,4,dynamic
5,984,0.1,48,0,8797,8797,1.86828e-10,29802,0.00369709,0.00435574,0,0,0,iter,0,1,optk,4,dynamic
5,984,0.1,48,1,0,0,0,0,0,0,0,0,0,iter,0,1,optk,4,dynamic
5,984,0.1,50,0,25819,25819,1.06566e-08,81901,0.0101602,0.0127302,0,0,0,iter,0,1,optk,4,dynamic
5,984,0.1,50,1,0,0,0,0,0,0,0,0,0,iter,0,1,optk,4,dynamic
5,984,0.1,52,0,71948,71948,4.86809e-07,212924,0.0264143,0.0350723,0,0,0,iter,0,1,optk,4,dynamic
5,984,0.1,52,1,2,2,6.06317e-26,4,4.96221e-07,9.92441e-07,1,1,2,iter,0,1,optk,4,dynamic
5,4918,0.5,36,0,0,0,0,0,0,0,0,0,0,iter,0,1,optk,21,dynamic
5,4918,0.5,38,0,0,0,0,0,0,0,0,0,0,iter,0,1,optk,21,dynamic
5,4918,0.5,40,0,0,0,0,0,0,0,0,0,0,iter,0,1,optk,21,dynamic
5,4918,0.5,42,0,5,5,5.44788e-118,105,2.60622e-06,2.60622e-06,0,0,0,iter,0,1,optk,21,dynamic
5,4918,0.5,42,1,0,0,0,0,0,0,0,0,0,iter,0,1,optk,21,dynamic
5,4918,0.5,44,0,660,660,3.28292e-74,12763,0.000316792,0.000343962,0,0,0,iter,0,1,optk,21,dynamic
5,4918,0.5,44,1,0,0,0,0,0,0,0,0,0,iter,0,1,optk,21,dynamic
5,4918,0.5,46,0,2609,2609,4.43958e-62,48264,0.00119797,0.001359,0,0,0,iter,0,1,optk,21,dynamic
5,4918,0.5,46,1,0,0,0,0,0,0,0,0,0,iter,0,1,optk,21,dynamic
5,4918,0.5,48,0,8797,8797,2.35585e-51,156433,0.00388284,0.00457488,0,0,0,iter,0,1,optk,21,dynamic
5,4918,0.5,48,1,0,0,0,0,0,0,0,0,0,iter,0,1,optk,21,dynamic
5,4918,0.5,50,0,25819,25819,3.91558e-42,429939,0.0106716,0.0133678,0,0,0,iter,0,1,optk,21,dynamic
5,4918,0.5,50,1,0,0,0,0,0,0,0,0,0,iter,0,1,optk,21,dynamic
5,4918,0.5,52,0,71948,71948,1.99703e-33,1117002,0.0277253,0.0368079,0,0,0,iter,0,1,optk,21,dynamic
5,4918,0.5,52,1,2,2,1.1425e-132,21,5.21244e-07,1.04249e-06,1,1,2,iter,0,1,optk,21,dynamic
6,58,0.001,30,0,0,0,0,0,0,0,0,0,0,iter,0,1,optk,1,dynamic
6,58,0.001,32,0,0,0,0,0,0,0,0,0,0,iter,0,1,optk,1,dynamic
6,58,0.001,34,0,0,0,0,0,0,0,0,0,0,iter,0,1,optk,1,dynamic
6,58,0.001,36,0,0,0,0,0,0,0,0,0,0,iter,0,1,optk,1,dynamic
6,58,0.001,38,0,0,0,0,0,0,0,0,0,0,iter,0,1,optk,1,dynamic
6,58,0.001,40,0,117,117,0.00015785,75,0.00015785,0.000246215,0,0,0,iter,0,1,optk,1,dynamic
6,58,0.001,40,1,0,0,0,0,0,0,0,0,0,iter,0,1,optk,1,dynamic
6,58,0.001,42,0,3212,3212,0.00443031,2105,0.00443031,0.00673737,0,0,0,iter,0,1,optk,1,dynamic
6,58,0.001,42,1,0,0,0,0,0,0,0,0,0,iter,0,1,optk,1,dynamic
6,58,0.001,44,0,16859,16859,0.0210424,9998,0.0210424,0.0348603,0,0,0,iter,0,1,optk,1,dynamic
6,58,0.001,44,1,34,34,5.05119e-05,24,5.05119e-05,7.15559e-05,0,24,24,iter,0,1,optk,1,dynamic
6,58,0.001,46,0,85287,85287,0.0920452,43734,0.0920452,0.164312,0,0,0,iter,0,1,optk,1,dynamic
6,58,0.001,46,1,2039,2039,0.00157218,747,0.00157218,0.00428221,0,760,760,iter,0,1,optk,1,dynamic
6,58,0.001,48,0,354562,354562,0.29914,142132,0.29914,0.525851,0,0,0,iter,0,1,optk,1,dynamic
6,58,0.001,48,1,54293,54293,0.0336009,15965,0.0336009,0.107981,0,0,0,iter,0,1,optk,1,dynamic
6,58,0.001,48,2,11956,11956,0.0117377,5577,0.0117377,0.0248494,0,0,0,iter,0,1,optk,1,dynamic
6,58,0.001,48,3,1955,1955,0.00134277,638,0.00134277,0.00410616,0,721,721,iter,0,1,optk,1,dynamic
6,58,0.001,50,0,104680,104680,0.0877517,41694,0.0877517,0.197735,50040,0,50040,type,0,5,optk,1,dynamic
6,58,0.001,50,0,1373874,1373874,0.701643,333376,0.701643,0.944509,0,0,0,iter,0,1,optk,1,dynamic
6,58,0.001,50,1,102836,102836,0.0874844,41567,0.0874844,0.194615,49729,0,49729,type,1,5,optk,1,dynamic
6,58,0.001,50,1,936558,936558,0.379879,180494,0.379879,0.860702,0,0,0,iter,0,1,optk,1,dynamic
6,58,0.001,50,2,104175,104175,0.0884294,42016,0.0884294,0.196882,50364,0,50364,type,2,5,optk,1,dynamic
6,58,0.001,50,3,103981,103981,0.0877033,41671,0.0877033,0.196554,49922,0,49922,type,3,5,optk,1,dynamic
6,58,0.001,50,4,104423,104423,0.0878212,41727,0.0878212,0.197301,49773,0,49773,type,4,5,optk,1,dynamic
6,58,0.001,52,0,4840717,4840717,0.975285,463393,0.975285,0.999962,0,0,0,iter,0,1,optk,1,dynamic
6,58,0.001,52,0,574953,574953,0.354416,168396,0.354416,0.701827,212307,0,212307,type,0,8,optk,1,dynamic
6,58,0.001,52,1,577581,577581,0.356447,169361,0.356447,0.703472,213114,0,213114,type,1,8,optk,1,dynamic
6,58,0.001,52,1,7460170,7460170,0.94937,451080,0.94937,1,0,0,0,iter,0,1,optk,1,dynamic
6,58,0.001,52,2,572063,572063,0.355336,168833,0.355336,0.700008,212494,1,212495,type,2,8,optk,1,dynamic
6,580,0.01,30,0,0,0,0,0,0,0,0,0,0,iter,0,1,optk,1,dynamic
6,580,0.01,32,0,0,0,0,0,0,0,0,0,0,iter,0,1,optk,1,dynamic
6,580,0.01,34,0,0,0,0,0,0,0,0,0,0,iter,0,1,optk,1,dynamic
6,580,0.01,36,0,0,0,0,0,0,0,0,0,0,iter,0,1,optk,1,dynamic
6,580,0.01,38,0,0,0,0,0,0,0,0,0,0,iter,0,1,optk,1,dynamic
6,580,0.01,40,0,117,117,1.5785e-05,75,1.5785e-05,2.46242e-05,0,0,0,iter,0,1,optk,1,dynamic
6,580,0.01,40,1,0,0,0,0,0,0,0,0,0,iter,0,1,optk,1,dynamic
6,580,0.01,42,0,3212,3212,0.000443873,2109,0.000443873,0.000675789,0,0,0,iter,0,1,optk,1,dynamic
6,580,0.01,42,1,0,0,0,0,0,0,0,0,0,iter,0,1,optk,1,dynamic
6,580,0.01,44,0,16859,16859,0.00212234,10084,0.00212234,0.00354196,0,0,0,iter,0,1,optk,1,dynamic
6,580,0.01,44,1,7,7,6.31398e-07,3,6.31398e-07,1.47326e-06,0,3,3,iter,0,1,optk,1,dynamic
6,580,0.01,46,0,85287,85287,0.00960209,45623,0.00960209,0.0177899,0,0,0,iter,0,1,optk,1,dynamic
6,580,0.01,46,1,256,256,1.93629e-05,92,1.93629e-05,5.38779e-05,0,92,92,iter,0,1,optk,1,dynamic
6,580,0.01,48,0,354562,354562,0.034906,165851,0.034906,0.0719069,0,0,0,iter,0,1,optk,1,dynamic
6,580,0.01,48,1,6261,6261,0.000395045,1877,0.000395045,0.00131686,0,1896,1896,iter,0,1,optk,1,dynamic
6,580,0.01,50,0,1373874,1373874,0.114022,541759,0.114022,0.251103,0,0,0,iter,0,1,optk,1,dynamic
6,580,0.01,50,1,154424,154424,0.00777756,36954,0.00777756,0.0319785,0,0,0,iter,0,1,optk,1,dynamic
6,580,0.01,50,2,10684,10684,0.000936784,4451,0.000936784,0.00224609,4998,0,4998,iter,0,1,optk,1,dynamic
6,580,0.01,52,0,216755,216755,0.0165281,78531,0.0165281,0.0445946,92512,1,92513,type,0,2,optk,1,dynamic
6,580,0.01,52,0,4840717,4840717,0.309606,1471051,0.309606,0.638974,0,0,0,iter,0,1,optk,1,dynamic
6,580,0.01,52,1,2374702,2374702,0.0902939,429019,0.0902939,0.393344,0,0,0,iter,0,1,optk,1,dynamic
6,5803,0.1,30,0,0,0,0,0,0,0,0,0,0,iter,0,1,optk,5,dynamic
6,5803,0.1,32,0,0,0,0,0,0,0,0,0,0,iter,0,1,optk,5,dynamic
6,5803,0.1,34,0,0,0,0,0,0,0,0,0,0,iter,0,1,optk,5,dynamic
6,5803,0.1,36,0,0,0,0,0,0,0,0,0,0,iter,0,1,optk,5,dynamic
6,5803,0.1,38,0,0,0,0,0,0,0,0,0,0,iter,0,1,optk,5,dynamic
6,5803,0.1,40,0,117,117,3.05453e-26,375,7.8884e-06,1.23058e-05,0,0,0,iter,0,1,optk,5,dynamic
6,5803,0.1,40,1,0,0,0,0,0,0,0,0,0,iter,0,1,optk,5,dynamic
6,5803,0.1,42,0,3212,3212,5.37057e-19,10545,0.000221822,0.000337777,0,0,0,iter,0,1,optk,5,dynamic
6,5803,0.1,42,1,0,0,0,0,0,0,0,0,0,iter,0,1,optk,5,dynamic
6,5803,0.1,44,0,16859,16859,1.34562e-15,50446,0.00106117,0.00177164,0,0,0,iter,0,1,optk,5,dynamic
6,5803,0.1,44,1,0,0,0,0,0,0,0,0,0,iter,0,1,optk,5,dynamic
6,5803,0.1,46,0,85287,85287,2.58244e-12,228796,0.00481289,0.00893026,0,0,0,iter,0,1,optk,5,dynamic
6,5803,0.1,46,1,0,0,0,0,0,0,0,0,0,iter,0,1,optk,5,dynamic
6,5803,0.1,48,0,354562,354562,1.68548e-09,836348,0.0175932,0.0366055,0,0,0,iter,0,1,optk,5,dynamic
6,5803,0.1,48,1,0,0,0,0,0,0,0,0,0,iter,0,1,optk,5,dynamic
6,5803,0.1,50,0,1373874,1373874,6.9843e-07,2791689,0.0587252,0.134547,0,0,0,iter,0,1,optk,5,dynamic
6,5803,0.1,50,1,0,0,0,0,0,0,0,0,0,iter,0,1,optk,5,dynamic
6,5803,0.1,52,0,4840717,4840717,0.000137704,8032152,0.168962,0.398988,0,0,0,iter,0,1,optk,5,dynamic
6,5803,0.1,52,1,865,865,3.27193e-24,955,2.00891e-05,9.09754e-05,1,191,192,iter,0,1,optk,5,dynamic
6,29015,0.5,30,0,0,0,0,0,0,0,0,0,0,iter,0,1,optk,27,dynamic
6,29015,0.5,32,0,0,0,0,0,0,0,0,0,0,iter,0,1,optk,27,dynamic
6,29015,0.5,34,0,0,0,0,0,0,0,0,0,0,iter,0,1,optk,27,dynamic
6,29015,0.5,36,0,0,0,0,0,0,0,0,0,0,iter,0,1,optk,27,dynamic
6,29015,0.5,38,0,0,0,0,0,0,0,0,0,0,iter,0,1,optk,27,dynamic
6,29015,0.5,40,0,117,117,1.32171e-137,2025,8.51947e-06,1.32903e-05,0,0,0,iter,0,1,optk,27,dynamic
6,29015,0.5,40,1,0,0,0,0,0,0,0,0,0,iter,0,1,optk,27,dynamic
6,29015,0.5,42,0,3212,3212,1.74946e-98,56935,0.000239534,0.000364794,0,0,0,iter,0,1,optk,27,dynamic
6,29015,0.5,42,1,0,0,0,0,0,0,0,0,0,iter,0,1,optk,27,dynamic
6,29015,0.5,44,0,16859,16859,3.95528e-80,272375,0.00114592,0.00191323,0,0,0,iter,0,1,optk,27,dynamic
6,29015,0.5,44,1,0,0,0,0,0,0,0,0,0,iter,0,1,optk,27,dynamic
6,29015,0.5,46,0,85287,85287,2.11569e-62,1235293,0.00519706,0.00964122,0,0,0,iter,0,1,optk,27,dynamic
6,29015,0.5,46,1,0,0,0,0,0,0,0,0,0,iter,0,1,optk,27,dynamic
6,29015,0.5,48,0,354562,354562,3.32384e-47,4514314,0.0189924,0.0394754,0,0,0,iter,0,1,optk,27,dynamic
6,29015,0.5,48,1,0,0,0,0,0,0,0,0,0,iter,0,1,optk,27,dynamic
6,29015,0.5,50,0,1373874,1373874,4.28161e-33,15037760,0.063266,0.144494,0,0,0,iter,0,1,optk,27,dynamic
6,29015,0.5,50,1,0,0,0,0,0,0,0,0,0,iter,0,1,optk,27,dynamic
6,29015,0.5,52,0,4840717,4840717,9.27868e-21,43059360,0.181157,0.422976,0,0,0,iter,0,1,optk,27,dynamic
6,29015,0.5,52,1,2,2,3.12236e-188,27,1.13593e-07,2.27186e-07,1,1,2,iter,0,1,optk,27,dynamic
7,10,0.001,32,0,0,0,0,0,0,0,0,0,0,iter,0,1,optk,1,dynamic
7,10,0.001,34,0,0,0,0,0,0,0,0,0,0,iter,0,1,optk,1,dynamic
7,10,0.001,36,0,0,0,0,0,0,0,0,0,0,iter,0,1,optk,1,dynamic
7,10,0.001,38,0,5,5,6.10352e-05,5,6.10352e-05,6.10333e-05,0,0,0,iter,0,1,optk,1,dynamic
7,10,0.001,38,1,0,0,0,0,0,0,0,0,0,iter,0,1,optk,1,dynamic
7,10,0.001,40,0,301,301,0.00357666,293,0.00357666,0.00366757,0,0,0,iter,0,1,optk,1,dynamic
7,10,0.001,40,1,0,0,0,0,0,0,0,0,0,iter,0,1,optk,1,dynamic
7,10,0.001,42,0,726,726,0.00848389,695,0.00848389,0.00882315,0,0,0,iter,0,1,optk,1,dynamic
7,10,0.001,42,1,0,0,0,0,0,0,0,0,0,iter,0,1,optk,1,dynamic
7,10,0.001,44,0,1595,1595,0.0184937,1515,0.0184937,0.0192819,0,0,0,iter,0,1,optk,1,dynamic
7,10,0.001,44,1,0,0,0,0,0,0,0,0,0,iter,0,1,optk,1,dynamic
7,10,0.001,46,0,3557,3557,0.0388428,3182,0.0388428,0.0424912,0,0,0,iter,0,1,optk,1,dynamic
7,10,0.001,46,1,5,5,3.66211e-05,3,3.66211e-05,6.10333e-05,0,3,3,iter,0,1,optk,1,dynamic
7,10,0.001,48,0,7706,7706,0.0808594,6624,0.0808594,0.0897786,0,0,0,iter,0,1,optk,1,dynamic
7,10,0.001,48,1,66,66,0.000427246,35,0.000427246,0.00080534,0,35,35,iter,0,1,optk,1,dynamic
7,10,0.001,50,0,16658,16658,0.158801,13009,0.158801,0.184003,0,0,0,iter,0,1,optk,1,dynamic
7,10,0.001,50,1,5522,5522,0.0129395,1060,0.0129395,0.0651856,0,0,0,iter,0,1,optk,1,dynamic
7,10,0.001,50,2,233,233,0.00230713,189,0.00230713,0.0028402,234,1,235,iter,0,1,optk,1,dynamic
7,100,0.01,32,0,0,0,0,0,0,0,0,0,0,iter,0,1,optk,1,dynamic
7,100,0.01,34,0,0,0,0,0,0,0,0,0,0,iter,0,1,optk,1,dynamic
7,100,0.01,36,0,0,0,0,0,0,0,0,0,0,iter,0,1,optk,1,dynamic
7,100,0.01,38,0,5,5,6.10352e-06,5,6.10352e-06,6.1035e-06,0,0,0,iter,0,1,optk,1,dynamic
7,100,0.01,38,1,0,0,0,0,0,0,0,0,0,iter,0,1,optk,1,dynamic
7,100,0.01,40,0,301,301,0.000357666,293,0.000357666,0.000367364,0,0,0,iter,0,1,optk,1,dynamic
7,100,0.01,40,1,0,0,0,0,0,0,0,0,0,iter,0,1,optk,1,dynamic
7,100,0.01,42,0,726,726,0.000852051,698,0.000852051,0.000885838,0,0,0,iter,0,1,optk,1,dynamic
7,100,0.01,42,1,0,0,0,0,0,0,0,0,0,iter,0,1,optk,1,dynamic
7,100,0.01,44,0,1595,1595,0.00186157,1525,0.00186157,0.00194513,0,0,0,iter,0,1,optk,1,dynamic
7,100,0.01,44,1,0,0,0,0,0,0,0,0,0,iter,0,1,optk,1,dynamic
7,100,0.01,46,0,3557,3557,0.00395264,3238,0.00395264,0.00433263,0,0,0,iter,0,1,optk,1,dynamic
7,100,0.01,46,1,0,0,0,0,0,0,0,0,0,iter,0,1,optk,1,dynamic
7,100,0.01,48,0,7706,7706,0.00837646,6862,0.00837646,0.00936263,0,0,0,iter,0,1,optk,1,dynamic
7,100,0.01,48,1,8,8,6.10352e-06,5,6.10352e-06,9.76558e-06,0,5,5,iter,0,1,optk,1,dynamic
7,100,0.01,50,0,16658,16658,0.0171106,14017,0.0171106,0.0201291,0,0,0,iter,0,1,optk,1,dynamic
7,100,0.01,50,1,383,383,0.000133057,109,0.000133057,0.00046742,1,109,110,iter,0,1,optk,1,dynamic
7,998,0.1,32,0,0,0,0,0,0,0,0,0,0,iter,0,1,optk,2,dynamic
7,998,0.1,34,0,0,0,0,0,0,0,0,0,0,iter,0,1,optk,2,dynamic
7,998,0.1,36,0,0,0,0,0,0,0,0,0,0,iter,0,1,optk,2,dynamic
7,998,0.1,38,0,5,5,1.49609e-12,10,1.22315e-06,1.22315e-06,0,0,0,iter,0,1,optk,2,dynamic
7,998,0.1,38,1,0,0,0,0,0,0,0,0,0,iter,0,1,optk,2,dynamic
7,998,0.1,40,0,301,301,5.13753e-09,586,7.16766e-05,7.36309e-05,0,0,0,iter,0,1,optk,2,dynamic
7,998,0.1,40,1,0,0,0,0,0,0,0,0,0,iter,0,1,optk,2,dynamic
7,998,0.1,42,0,726,726,2.91561e-08,1396,0.000170752,0.000177586,0,0,0,iter,0,1,optk,2,dynamic
7,998,0.1,42,1,0,0,0,0,0,0,0,0,0,iter,0,1,optk,2,dynamic
7,998,0.1,44,0,1595,1595,1.39265e-07,3051,0.000373183,0.000390109,0,0,0,iter,0,1,optk,2,dynamic
7,998,0.1,44,1,0,0,0,0,0,0,0,0,0,iter,0,1,optk,2,dynamic
7,998,0.1,46,0,3557,3557,6.28992e-07,6484,0.00079309,0.00086977,0,0,0,iter,0,1,optk,2,dynamic
7,998,0.1,46,1,0,0,0,0,0,0,0,0,0,iter,0,1,optk,2,dynamic
7,998,0.1,48,0,7706,7706,2.83761e-06,13772,0.00168452,0.00188334,0,0,0,iter,0,1,optk,2,dynamic
7,998,0.1,48,1,0,0,0,0,0,0,0,0,0,iter,0,1,optk,2,dynamic
7,998,0.1,50,0,16658,16658,1.19077e-05,28212,0.00345075,0.00406675,0,0,0,iter,0,1,optk,2,dynamic
7,998,0.1,50,1,2,2,5.98438e-14,2,2.4463e-07,4.8926e-07,1,1,2,iter,0,1,optk,2,dynamic
7,4989,0.5,32,0,0,0,0,0,0,0,0,0,0,iter,0,1,optk,9,dynamic
7,4989,0.5,34,0,0,0,0,0,0,0,0,0,0,iter,0,1,optk,9,dynamic
7,4989,0.5,36,0,0,0,0,0,0,0,0,0,0,iter,0,1,optk,9,dynamic
7,4989,0.5,38,0,5,5,2.37838e-54,45,1.10106e-06,1.10105e-06,0,0,0,iter,0,1,optk,9,dynamic
7,4989,0.5,38,1,0,0,0,0,0,0,0,0,0,iter,0,1,optk,9,dynamic
7,4989,0.5,40,0,301,301,1.93803e-38,2637,6.45218e-05,6.62813e-05,0,0,0,iter,0,1,optk,9,dynamic
7,4989,0.5,40,1,0,0,0,0,0,0,0,0,0,iter,0,1,optk,9,dynamic
7,4989,0.5,42,0,726,726,4.7822e-35,6281,0.000153683,0.00015986,0,0,0,iter,0,1,optk,9,dynamic
7,4989,0.5,42,1,0,0,0,0,0,0,0,0,0,iter,0,1,optk,9,dynamic
7,4989,0.5,44,0,1595,1595,5.45009e-32,13730,0.000335944,0.000351175,0,0,0,iter,0,1,optk,9,dynamic
7,4989,0.5,44,1,0,0,0,0,0,0,0,0,0,iter,0,1,optk,9,dynamic
7,4989,0.5,46,0,3557,3557,4.81951e-29,29179,0.000713949,0.000782984,0,0,0,iter,0,1,optk,9,dynamic
7,4989,0.5,46,1,0,0,0,0,0,0,0,0,0,iter,0,1,optk,9,dynamic
7,4989,0.5,48,0,7706,7706,4.24631e-26,61986,0.00151667,0.00169551,0,0,0,iter,0,1,optk,9,dynamic
7,4989,0.5,48,1,0,0,0,0,0,0,0,0,0,iter,0,1,optk,9,dynamic
7,4989,0.5,50,0,16658,16658,2.69212e-23,126951,0.00310622,0.00366156,0,0,0,iter,0,1,optk,9,dynamic
7,4989,0.5,50,1,2,2,1.21773e-60,9,2.20211e-07,4.40422e-07,1,1,2,iter,0,1,optk,9,dynamic
8,3,0.001,32,0,0,0,0,0,0,0,0,0,0,iter,0,1,optk,1,dynamic
8,3,0.001,34,0,0,0,0,0,0,0,0,0,0,iter,0,1,optk,1,dynamic
8,3,0.001,36,0,1,1,4.06901e-05,1,4.06901e-05,4.06893e-05,0,0,0,iter,0,1,optk,1,dynamic
8,3,0.001,36,1,0,0,0,0,0,0,0,0,0,iter,0,1,optk,1,dynamic
8,3,0.001,38,0,6,6,0.000244141,6,0.000244141,0.000244111,0,0,0,iter,0,1,optk,1,dynamic
8,3,0.001,38,1,0,0,0,0,0,0,0,0,0,iter,0,1,optk,1,dynamic
8,3,0.001,40,0,231,231,0.00671387,165,0.00671387,0.00935538,0,0,0,iter,0,1,optk,1,dynamic
8,3,0.001,40,1,5,5,0.000203451,5,0.000203451,0.00020343,0,5,5,iter,0,1,optk,1,dynamic
8,3,0.001,42,0,3931,3931,0.0914307,2247,0.0914307,0.147816,0,0,0,iter,0,1,optk,1,dynamic
8,3,0.001,42,1,910,910,0.0264893,651,0.0264893,0.0363508,0,0,0,iter,0,1,optk,1,dynamic
8,3,0.001,42,2,107,107,0.00236003,58,0.00236003,0.00434438,67,0,67,iter,0,1,optk,1,dynamic
8,3,0.001,44,0,38415,38415,0.550659,13533,0.550659,0.790517,0,0,0,iter,0,1,optk,1,dynamic
8,3,0.001,44,0,6502,6502,0.122477,3010,0.122477,0.232462,3611,0,3611,type,0,3,optk,1,dynamic
8,3,0.001,44,1,28363,28363,0.495076,12167,0.495076,0.684657,0,0,0,iter,0,1,optk,1,dynamic
8,3,0.001,44,1,6334,6334,0.121908,2996,0.121908,0.227197,3650,0,3650,type,1,3,optk,1,dynamic
8,3,0.001,44,2,6378,6378,0.121053,2975,0.121053,0.228579,3564,0,3564,type,2,3,optk,1,dynamic
8,3,0.001,46,0,258364,258364,0.986654,24248,0.986654,0.999973,0,0,0,iter,0,1,optk,1,dynamic
8,3,0.001,46,0,31635,31635,0.427938,10517,0.427938,0.723966,13786,0,13786,type,0,8,optk,1,dynamic
8,3,0.001,46,1,245916,245916,0.992757,24398,0.992757,0.999955,0,0,0,iter,0,1,optk,1,dynamic
8,3,0.001,46,1,32127,32127,0.422526,10384,0.422526,0.729437,13609,0,13609,type,1,8,optk,1,dynamic
8,3,0.001,46,2,32751,32751,0.423258,10402,0.423258,0.73622,13586,1,13587,type,2,8,optk,1,dynamic
8,26,0.01,32,0,0,0,0,0,0,0,0,0,0,iter,0,1,optk,1,dynamic
8,26,0.01,34,0,0,0,0,0,0,0,0,0,0,iter,0,1,optk,1,dynamic
8,26,0.01,36,0,1,1,4.69501e-06,1,4.69501e-06,4.695e-06,0,0,0,iter,0,1,optk,1,dynamic
8,26,0.01,36,1,0,0,0,0,0,0,0,0,0,iter,0,1,optk,1,dynamic
8,26,0.01,38,0,6,6,2.81701e-05,6,2.81701e-05,2.81697e-05,0,0,0,iter,0,1,optk,1,dynamic
8,26,0.01,38,1,0,0,0,0,0,0,0,0,0,iter,0,1,optk,1,dynamic
8,26,0.01,40,0,231,231,0.000774677,165,0.000774677,0.00108396,0,0,0,iter,0,1,optk,1,dynamic
8,26,0.01,40,1,1,1,4.69501e-06,1,4.69501e-06,4.695e-06,0,1,1,iter,0,1,optk,1,dynamic
8,26,0.01,42,0,3931,3931,0.0110474,2353,0.0110474,0.0182868,0,0,0,iter,0,1,optk,1,dynamic
8,26,0.01,42,1,129,129,0.000436636,93,0.000436636,0.000605473,0,94,94,iter,0,1,optk,1,dynamic
8,26,0.01,44,0,38415,38415,0.0868483,18498,0.0868483,0.16503,0,0,0,iter,0,1,optk,1,dynamic
8,26,0.01,44,1,4346,4346,0.0121601,2590,0.0121601,0.0201978,0,2981,2981,iter,0,1,optk,1,dynamic
8,26,0.01,46,0,258364,258364,0.402456,85720,0.402456,0.702703,0,0,0,iter,0,1,optk,1,dynamic
8,26,0.01,46,0,26644,26644,0.0517109,11014,0.0517109,0.117586,13519,1,13520,type,0,2,optk,1,dynamic
8,26,0.01,46,1,100245,100245,0.204623,43583,0.204623,0.375405,0,0,0,iter,0,1,optk,1,dynamic
8,264,0.1,32,0,0,0,0,0,0,0,0,0,0,iter,0,1,optk,5,dynamic
8,264,0.1,34,0,0,0,0,0,0,0,0,0,0,iter,0,1,optk,5,dynamic
8,264,0.1,36,0,1,1,6.60512e-29,5,2.31194e-06,2.31194e-06,0,0,0,iter,0,1,optk,5,dynamic
8,264,0.1,36,1,0,0,0,0,0,0,0,0,0,iter,0,1,optk,5,dynamic
8,264,0.1,38,0,6,6,5.13614e-25,30,1.38716e-05,1.38715e-05,0,0,0,iter,0,1,optk,5,dynamic
8,264,0.1,38,1,0,0,0,0,0,0,0,0,0,iter,0,1,optk,5,dynamic
8,264,0.1,40,0,231,231,8.07794e-18,825,0.00038147,0.000533915,0,0,0,iter,0,1,optk,5,dynamic
8,264,0.1,40,1,0,0,0,0,0,0,0,0,0,iter,0,1,optk,5,dynamic
8,264,0.1,42,0,3931,3931,4.85602e-12,11810,0.0054608,0.00904705,0,0,0,iter,0,1,optk,5,dynamic
8,264,0.1,42,1,0,0,0,0,0,0,0,0,0,iter,0,1,optk,5,dynamic
8,264,0.1,44,0,38415,38415,1.62348e-07,94860,0.0438621,0.0849834,0,0,0,iter,0,1,optk,5,dynamic
8,264,0.1,44,1,0,0,0,0,0,0,0,0,0,iter,0,1,optk,5,dynamic
8,264,0.1,46,0,258364,258364,0.000558279,483464,0.223548,0.449716,0,0,0,iter,0,1,optk,5,dynamic
8,264,0.1,46,1,121,121,1.27804e-19,360,0.00016646,0.000279705,1,72,73,iter,0,1,optk,5,dynamic
8,1318,0.5,32,0,0,0,0,0,0,0,0,0,0,iter,0,1,optk,24,dynamic
8,1318,0.5,34,0,0,0,0,0,0,0,0,0,0,iter,0,1,optk,24,dynamic
8,1318,0.5,36,0,1,1,2.1171e-136,24,2.22283e-06,2.22283e-06,0,0,0,iter,0,1,optk,24,dynamic
8,1318,0.5,36,1,0,0,0,0,0,0,0,0,0,iter,0,1,optk,24,dynamic
8,1318,0.5,38,0,6,6,1.00316e-117,144,1.3337e-05,1.33369e-05,0,0,0,iter,0,1,optk,24,dynamic
8,1318,0.5,38,1,0,0,0,0,0,0,0,0,0,iter,0,1,optk,24,dynamic
8,1318,0.5,40,0,231,231,3.51039e-83,3960,0.000366767,0.000513341,0,0,0,iter,0,1,optk,24,dynamic
8,1318,0.5,40,1,0,0,0,0,0,0,0,0,0,iter,0,1,optk,24,dynamic
8,1318,0.5,42,0,3931,3931,1.94067e-55,56707,0.00525208,0.00869987,0,0,0,iter,0,1,optk,24,dynamic
8,1318,0.5,42,1,0,0,0,0,0,0,0,0,0,iter,0,1,optk,24,dynamic
8,1318,0.5,44,0,38415,38415,1.02544e-33,455785,0.0422138,0.0818458,0,0,0,iter,0,1,optk,24,dynamic
8,1318,0.5,44,1,0,0,0,0,0,0,0,0,0,iter,0,1,optk,24,dynamic
8,1318,0.5,46,0,258364,258364,1.06045e-16,2331851,0.215971,0.4369,0,0,0,iter,0,1,optk,24,dynamic
8,1318,0.5,46,1,3,3,5.97931e-125,72,6.66848e-06,6.66846e-06,1,3,4,iter,0,1,optk,24,dynamic
9,69,0.001,43,0,0,0,0,0,0,0,0,0,0,iter,0,1,optk,1,dynamic
9,69,0.001,45,0,0,0,0,0,0,0,0,0,0,iter,0,1,optk,1,dynamic
9,69,0.001,47,0,5,5,7.07654e-06,4,7.07654e-06,8.84564e-06,0,0,0,iter,0,1,optk,1,dynamic
9,69,0.001,47,1,0,0,0,0,0,0,0,0,0,iter,0,1,optk,1,dynamic
9,69,0.001,49,0,63,63,0.000111456,63,0.000111456,0.000111449,0,0,0,iter,0,1,optk,1,dynamic
9,69,0.001,49,1,0,0,0,0,0,0,0,0,0,iter,0,1,optk,1,dynamic
9,69,0.001,51,0,132,132,0.000229988,130,0.000229988,0.000233499,0,0,0,iter,0,1,optk,1,dynamic
9,69,0.001,51,1,0,0,0,0,0,0,0,0,0,iter,0,1,optk,1,dynamic
9,69,0.001,53,0,288,288,0.000498896,282,0.000498896,0.000509381,0,0,0,iter,0,1,optk,1,dynamic
9,69,0.001,53,1,0,0,0,0,0,0,0,0,0,iter,0,1,optk,1,dynamic
9,69,0.001,55,0,623,623,0.00105971,599,0.00105971,0.00110156,0,0,0,iter,0,1,optk,1,dynamic
9,69,0.001,55,1,0,0,0,0,0,0,0,0,0,iter,0,1,optk,1,dynamic
9,69,0.001,57,0,1337,1337,0.00225211,1273,0.00225211,0.00236254,0,0,0,iter,0,1,optk,1,dynamic
9,69,0.001,57,1,169,169,1.06148e-05,6,1.06148e-05,0.000298939,0,6,6,iter,0,1,optk,1,dynamic
9,69,0.001,59,0,2848,2848,0.0046599,2634,0.0046599,0.00502582,0,0,0,iter,0,1,optk,1,dynamic
9,69,0.001,59,1,1049,1049,0.000160991,91,0.000160991,0.0018541,1,92,93,iter,0,1,optk,1,dynamic
9,694,0.01,43,0,0,0,0,0,0,0,0,0,0,iter,0,1,optk,1,dynamic
9,694,0.01,45,0,0,0,0,0,0,0,0,0,0,iter,0,1,optk,1,dynamic
9,694,0.01,47,0,5,5,7.03575e-07,4,7.03575e-07,8.79469e-07,0,0,0,iter,0,1,optk,1,dynamic
9,694,0.01,47,1,0,0,0,0,0,0,0,0,0,iter,0,1,optk,1,dynamic
9,694,0.01,49,0,63,63,1.10813e-05,63,1.10813e-05,1.10812e-05,0,0,0,iter,0,1,optk,1,dynamic
9,694,0.01,49,1,0,0,0,0,0,0,0,0,0,iter,0,1,optk,1,dynamic
9,694,0.01,51,0,132,132,2.28662e-05,130,2.28662e-05,2.32177e-05,0,0,0,iter,0,1,optk,1,dynamic
9,694,0.01,51,1,0,0,0,0,0,0,0,0,0,iter,0,1,optk,1,dynamic
9,694,0.01,53,0,288,288,4.96021e-05,282,4.96021e-05,5.06561e-05,0,0,0,iter,0,1,optk,1,dynamic
9,694,0.01,53,1,0,0,0,0,0,0,0,0,0,iter,0,1,optk,1,dynamic
9,694,0.01,55,0,623,623,0.00010536,599,0.00010536,0.000109576,0,0,0,iter,0,1,optk,1,dynamic
9,694,0.01,55,1,0,0,0,0,0,0,0,0,0,iter,0,1,optk,1,dynamic
9,694,0.01,57,0,1337,1337,0.000224089,1274,0.000224089,0.000235142,0,0,0,iter,0,1,optk,1,dynamic
9,694,0.01,57,1,0,0,0,0,0,0,0,0,0,iter,0,1,optk,1,dynamic
9,694,0.01,59,0,2848,2848,0.000463832,2637,0.000463832,0.00050082,0,0,0,iter,0,1,optk,1,dynamic
9,694,0.01,59,1,117,117,3.86966e-06,22,3.86966e-06,2.05794e-05,1,22,23,iter,0,1,optk,1,dynamic
9,6943,0.1,43,0,0,0,0,0,0,0,0,0,0,iter,0,1,optk,3,dynamic
9,6943,0.1,45,0,0,0,0,0,0,0,0,0,0,iter,0,1,optk,3,dynamic
9,6943,0.1,47,0,5,5,9.39144e-21,12,2.10981e-07,2.63727e-07,0,0,0,iter,0,1,optk,3,dynamic
9,6943,0.1,47,1,0,0,0,0,0,0,0,0,0,iter,0,1,optk,3,dynamic
9,6943,0.1,49,0,63,63,3.66922e-17,189,3.32296e-06,3.32295e-06,0,0,0,iter,0,1,optk,3,dynamic
9,6943,0.1,49,1,0,0,0,0,0,0,0,0,0,iter,0,1,optk,3,dynamic
9,6943,0.1,51,0,132,132,3.22391e-16,390,6.85689e-06,6.96236e-06,0,0,0,iter,0,1,optk,3,dynamic
9,6943,0.1,51,1,0,0,0,0,0,0,0,0,0,iter,0,1,optk,3,dynamic
9,6943,0.1,53,0,288,288,3.29079e-15,846,1.48742e-05,1.51905e-05,0,0,0,iter,0,1,optk,3,dynamic
9,6943,0.1,53,1,0,0,0,0,0,0,0,0,0,iter,0,1,optk,3,dynamic
9,6943,0.1,55,0,623,623,3.15379e-14,1797,3.15945e-05,3.28598e-05,0,0,0,iter,0,1,optk,3,dynamic
9,6943,0.1,55,1,0,0,0,0,0,0,0,0,0,iter,0,1,optk,3,dynamic
9,6943,0.1,57,0,1337,1337,3.03432e-13,3822,6.71976e-05,7.0518e-05,0,0,0,iter,0,1,optk,3,dynamic
9,6943,0.1,57,1,0,0,0,0,0,0,0,0,0,iter,0,1,optk,3,dynamic
9,6943,0.1,59,0,2848,2848,2.69591e-12,7916,0.000139177,0.000150207,0,0,0,iter,0,1,optk,3,dynamic
9,6943,0.1,59,1,46,46,6.01052e-19,48,8.43926e-07,2.42628e-06,1,16,17,iter,0,1,optk,3,dynamic
9,34715,0.5,43,0,0,0,0,0,0,0,0,0,0,iter,0,1,optk,13,dynamic
9,34715,0.5,45,0,0,0,0,0,0,0,0,0,0,iter,0,1,optk,13,dynamic
9,34715,0.5,47,0,5,5,2.55418e-88,52,1.82851e-07,2.28563e-07,0,0,0,iter,0,1,optk,13,dynamic
9,34715,0.5,47,1,0,0,0,0,0,0,0,0,0,iter,0,1,optk,13,dynamic
9,34715,0.5,49,0,63,63,9.37342e-73,819,2.8799e-06,2.87989e-06,0,0,0,iter,0,1,optk,13,dynamic
9,34715,0.5,49,1,0,0,0,0,0,0,0,0,0,iter,0,1,optk,13,dynamic
9,34715,0.5,51,0,132,132,1.15275e-68,1690,5.94264e-06,6.03405e-06,0,0,0,iter,0,1,optk,13,dynamic
9,34715,0.5,51,1,0,0,0,0,0,0,0,0,0,iter,0,1,optk,13,dynamic
9,34715,0.5,53,0,288,288,2.71462e-64,3666,1.2891e-05,1.31652e-05,0,0,0,iter,0,1,optk,13,dynamic
9,34715,0.5,53,1,0,0,0,0,0,0,0,0,0,iter,0,1,optk,13,dynamic
9,34715,0.5,55,0,623,623,4.86429e-60,7787,2.73819e-05,2.84786e-05,0,0,0,iter,0,1,optk,13,dynamic
9,34715,0.5,55,1,0,0,0,0,0,0,0,0,0,iter,0,1,optk,13,dynamic
9,34715,0.5,57,0,1337,1337,8.85794e-56,16561,5.82344e-05,6.11159e-05,0,0,0,iter,0,1,optk,13,dynamic
9,34715,0.5,57,1,0,0,0,0,0,0,0,0,0,iter,0,1,optk,13,dynamic
9,34715,0.5,59,0,2848,2848,1.14469e-51,34304,0.000120625,0.000130181,0,0,0,iter,0,1,optk,13,dynamic
9,34715,0.5,59,1,46,46,1.71408e-80,208,7.31402e-07,2.10278e-06,1,16,17,iter,0,1,optk,13,dynamic
10,12,0.001,43,0,0,0,0,0,0,0,0,0,0,iter,0,1,optk,1,dynamic
10,12,0.001,45,0,1,1,1.01725e-05,1,1.01725e-05,1.01725e-05,0,0,0,iter,0,1,optk,1,dynamic
10,12,0.001,45,1,0,0,0,0,0,0,0,0,0,iter,0,1,optk,1,dynamic
10,12,0.001,47,0,122,122,0.00118001,116,0.00118001,0.00124028,0,0,0,iter,0,1,optk,1,dynamic
10,12,0.001,47,1,0,0,0,0,0,0,0,0,0,iter,0,1,optk,1,dynamic
10,12,0.001,49,0,458,458,0.00434367,427,0.00434367,0.00464818,0,0,0,iter,0,1,optk,1,dynamic
10,12,0.001,49,1,0,0,0,0,0,0,0,0,0,iter,0,1,optk,1,dynamic
10,12,0.001,51,0,1324,1324,0.0123291,1212,0.0123291,0.0133781,0,0,0,iter,0,1,optk,1,dynamic
10,12,0.001,51,1,0,0,0,0,0,0,0,0,0,iter,0,1,optk,1,dynamic
10,12,0.001,53,0,3708,3708,0.0333557,3279,0.0333557,0.0370172,0,0,0,iter,0,1,optk,1,dynamic
10,12,0.001,53,1,3,3,1.01725e-05,1,1.01725e-05,3.05171e-05,0,1,1,iter,0,1,optk,1,dynamic
10,12,0.001,55,0,9235,9235,0.0778198,7650,0.0778198,0.0896656,0,0,0,iter,0,1,optk,1,dynamic
10,12,0.001,55,1,658,658,0.00084432,83,0.00084432,0.00667117,0,84,84,iter,0,1,optk,1,dynamic
10,12,0.001,57,0,22562,22562,0.172994,17006,0.172994,0.205079,0,0,0,iter,0,1,optk,1,dynamic
10,12,0.001,57,1,15591,15591,0.0223083,2193,0.0223083,0.146662,0,0,0,iter,0,1,optk,1,dynamic
10,12,0.001,57,2,509,509,0.00437419,430,0.00437419,0.00516443,511,1,512,iter,0,1,optk,1,dynamic
10,125,0.01,43,0,0,0,0,0,0,0,0,0,0,iter,0,1,optk,1,dynamic
10,125,0.01,45,0,1,1,9.76563e-07,1,9.76563e-07,9.76562e-07,0,0,0,iter,0,1,optk,1,dynamic
10,125,0.01,45,1,0,0,0,0,0,0,0,0,0,iter,0,1,optk,1,dynamic
10,125,0.01,47,0,122,122,0.000113281,116,0.000113281,0.000119134,0,0,0,iter,0,1,optk,1,dynamic
10,125,0.01,47,1,0,0,0,0,0,0,0,0,0,iter,0,1,optk,1,dynamic
10,125,0.01,49,0,458,458,0.000417969,428,0.000417969,0.000447166,0,0,0,iter,0,1,optk,1,dynamic
10,125,0.01,49,1,0,0,0,0,0,0,0,0,0,iter,0,1,optk,1,dynamic
10,125,0.01,51,0,1324,1324,0.00118848,1217,0.00118848,0.00129213,0,0,0,iter,0,1,optk,1,dynamic
10,125,0.01,51,1,0,0,0,0,0,0,0,0,0,iter,0,1,optk,1,dynamic
10,125,0.01,53,0,3708,3708,0.00324707,3325,0.00324707,0.00361455,0,0,0,iter,0,1,optk,1,dynamic
10,125,0.01,53,1,0,0,0,0,0,0,0,0,0,iter,0,1,optk,1,dynamic
10,125,0.01,55,0,9235,9235,0.00776074,7947,0.00776074,0.00897801,0,0,0,iter,0,1,optk,1,dynamic
10,125,0.01,55,1,38,38,3.90625e-06,4,3.90625e-06,3.71087e-05,0,4,4,iter,0,1,optk,1,dynamic
10,125,0.01,57,0,22562,22562,0.0180762,18510,0.0180762,0.0217922,0,0,0,iter,0,1,optk,1,dynamic
10,125,0.01,57,1,1444,1444,0.000239258,245,0.000239258,0.00140916,1,246,247,iter,0,1,optk,1,dynamic
10,1246,0.1,43,0,0,0,0,0,0,0,0,0,0,iter,0,1,optk,2,dynamic
10,1246,0.1,45,0,1,1,3.83923e-14,2,1.9594e-07,1.95939e-07,0,0,0,iter,0,1,optk,2,dynamic
10,1246,0.1,45,1,0,0,0,0,0,0,0,0,0,iter,0,1,optk,2,dynamic
10,1246,0.1,47,0,122,122,5.16607e-10,232,2.2729e-05,2.39043e-05,0,0,0,iter,0,1,optk,2,dynamic
10,1246,0.1,47,1,0,0,0,0,0,0,0,0,0,iter,0,1,optk,2,dynamic
10,1246,0.1,49,0,458,458,7.03285e-09,856,8.38621e-05,8.97363e-05,0,0,0,iter,0,1,optk,2,dynamic
10,1246,0.1,49,1,0,0,0,0,0,0,0,0,0,iter,0,1,optk,2,dynamic
10,1246,0.1,51,0,1324,1324,5.69559e-08,2436,0.000238654,0.00025939,0,0,0,iter,0,1,optk,2,dynamic
10,1246,0.1,51,1,0,0,0,0,0,0,0,0,0,iter,0,1,optk,2,dynamic
10,1246,0.1,53,0,3708,3708,4.26496e-07,6666,0.000653066,0.00072628,0,0,0,iter,0,1,optk,2,dynamic
10,1246,0.1,53,1,0,0,0,0,0,0,0,0,0,iter,0,1,optk,2,dynamic
10,1246,0.1,55,0,9235,9235,2.44208e-06,15951,0.00156272,0.00180787,0,0,0,iter,0,1,optk,2,dynamic
10,1246,0.1,55,1,0,0,0,0,0,0,0,0,0,iter,0,1,optk,2,dynamic
10,1246,0.1,57,0,22562,22562,1.33401e-05,37281,0.00365241,0.00441103,0,0,0,iter,0,1,optk,2,dynamic
10,1246,0.1,57,1,8,8,1.53569e-13,4,3.91879e-07,1.56751e-06,1,2,3,iter,0,1,optk,2,dynamic
10,6232,0.5,43,0,0,0,0,0,0,0,0,0,0,iter,0,1,optk,8,dynamic
10,6232,0.5,45,0,1,1,3.63564e-55,8,1.56701e-07,1.56701e-07,0,0,0,iter,0,1,optk,8,dynamic
10,6232,0.5,45,1,0,0,0,0,0,0,0,0,0,iter,0,1,optk,8,dynamic
10,6232,0.5,47,0,122,122,1.19191e-38,928,1.81774e-05,1.91174e-05,0,0,0,iter,0,1,optk,8,dynamic
10,6232,0.5,47,1,0,0,0,0,0,0,0,0,0,iter,0,1,optk,8,dynamic
10,6232,0.5,49,0,458,458,4.08429e-34,3423,6.70486e-05,7.17666e-05,0,0,0,iter,0,1,optk,8,dynamic
10,6232,0.5,49,1,0,0,0,0,0,0,0,0,0,iter,0,1,optk,8,dynamic
10,6232,0.5,51,0,1324,1324,1.75811e-30,9742,0.000190823,0.000207451,0,0,0,iter,0,1,optk,8,dynamic
10,6232,0.5,51,1,0,0,0,0,0,0,0,0,0,iter,0,1,optk,8,dynamic
10,6232,0.5,53,0,3708,3708,5.52856e-27,26659,0.000522187,0.00058088,0,0,0,iter,0,1,optk,8,dynamic
10,6232,0.5,53,1,0,0,0,0,0,0,0,0,0,iter,0,1,optk,8,dynamic
10,6232,0.5,55,0,9235,9235,5.95772e-24,63812,0.00124993,0.00144609,0,0,0,iter,0,1,optk,8,dynamic
10,6232,0.5,55,1,0,0,0,0,0,0,0,0,0,iter,0,1,optk,8,dynamic
10,6232,0.5,57,0,22562,22562,5.31894e-21,149192,0.00292232,0.00352925,0,0,0,iter,0,1,optk,8,dynamic
10,6232,0.5,57,1,1,1,3.63564e-55,8,1.56701e-07,1.56701e-07,1,1,2,iter,0,1,optk,8,dynamic
11,1,0.001,35,0,0,0,0,0,0,0,0,0,0,iter,0,1,optk,1,dynamic
11,1,0.001,37,0,0,0,0,0,0,0,0,0,0,iter,0,1,optk,1,dynamic
11,1,0.001,39,0,1,1,0.00012207,1,0.00012207,0.000122063,0,0,0,iter,0,1,optk,1,dynamic
11,1,0.001,39,1,0,0,0,0,0,0,0,0,0,iter,0,1,optk,1,dynamic
11,1,0.001,41,0,512,512,0.0548096,449,0.0548096,0.0605869,0,0,0,iter,0,1,optk,1,dynamic
11,1,0.001,41,1,13,13,0.000366211,3,0.000366211,0.00158566,0,3,3,iter,0,1,optk,1,dynamic
11,1,0.001,43,0,4767,4767,0.366577,3003,0.366577,0.44117,0,0,0,iter,0,1,optk,1,dynamic
11,1,0.001,43,1,715,715,0.043335,355,0.043335,0.0835798,0,0,0,iter,0,1,optk,1,dynamic
11,1,0.001,43,2,199,199,0.019043,156,0.019043,0.0239993,0,0,0,iter,0,1,optk,1,dynamic
11,1,0.001,43,3,41,41,0.00244141,20,0.00244141,0.00499238,0,22,22,iter,0,1,optk,1,dynamic
11,1,0.001,45,0,21558,21558,0.842773,6904,0.842773,0.928036,0,0,0,iter,0,1,optk,1,dynamic
11,1,0.001,45,0,2559,2559,0.192627,1578,0.192627,0.268295,2029,0,2029,type,0,5,optk,1,dynamic
11,1,0.001,45,1,17385,17385,0.571411,4681,0.571411,0.880231,0,0,0,iter,0,1,optk,1,dynamic
11,1,0.001,45,1,2358,2358,0.187622,1537,0.187622,0.25012,1923,0,1923,type,1,5,optk,1,dynamic
11,1,0.001,45,2,2516,2516,0.196411,1609,0.196411,0.264444,2071,1,2072,type,2,5,optk,1,dynamic
11,3,0.01,35,0,0,0,0,0,0,0,0,0,0,iter,0,1,optk,1,dynamic
11,3,0.01,37,0,0,0,0,0,0,0,0,0,0,iter,0,1,optk,1,dynamic
11,3,0.01,39,0,1,1,4.06901e-05,1,4.06901e-05,4.06893e-05,0,0,0,iter,0,1,optk,1,dynamic
11,3,0.01,39,1,0,0,0,0,0,0,0,0,0,iter,0,1,optk,1,dynamic
11,3,0.01,41,0,512,512,0.0187988,462,0.0187988,0.0206178,0,0,0,iter,0,1,optk,1,dynamic
11,3,0.01,41,1,3,3,0.00012207,3,0.00012207,0.000122063,0,3,3,iter,0,1,optk,1,dynamic
11,3,0.01,43,0,4767,4767,0.139811,3436,0.139811,0.176317,0,0,0,iter,0,1,optk,1,dynamic
11,3,0.01,43,1,275,275,0.00541178,133,0.00541178,0.0111274,0,137,137,iter,0,1,optk,1,dynamic
11,3,0.01,45,0,1480,1480,0.0428467,1053,0.0428467,0.0584439,1368,1,1369,type,0,2,optk,1,dynamic
11,3,0.01,45,0,21558,21558,0.463826,11399,0.463826,0.584053,0,0,0,iter,0,1,optk,1,dynamic
11,3,0.01,45,1,9472,9472,0.143066,3516,0.143066,0.319833,0,0,0,iter,0,1,optk,1,dynamic
11,34,0.1,35,0,0,0,0,0,0,0,0,0,0,iter,0,1,optk,3,dynamic
11,34,0.1,37,0,0,0,0,0,0,0,0,0,0,iter,0,1,optk,3,dynamic
11,34,0.1,39,0,1,1,1.24956e-15,3,1.07709e-05,1.07709e-05,0,0,0,iter,0,1,optk,3,dynamic
11,34,0.1,39,1,0,0,0,0,0,0,0,0,0,iter,0,1,optk,3,dynamic
11,34,0.1,41,0,512,512,1.2429e-07,1390,0.00499052,0.00549953,0,0,0,iter,0,1,optk,3,dynamic
11,34,0.1,41,1,0,0,0,0,0,0,0,0,0,iter,0,1,optk,3,dynamic
11,34,0.1,43,0,4767,4767,5.9424e-05,10869,0.039023,0.0500491,0,0,0,iter,0,1,optk,3,dynamic
11,34,0.1,43,1,0,0,0,0,0,0,0,0,0,iter,0,1,optk,3,dynamic
11,34,0.1,45,0,21558,21558,0.00351448,42347,0.152039,0.207212,0,0,0,iter,0,1,optk,3,dynamic
11,34,0.1,45,1,85,85,5.82995e-11,108,0.000387753,0.000915108,1,36,37,iter,0,1,optk,3,dynamic
11,172,0.5,35,0,0,0,0,0,0,0,0,0,0,iter,0,1,optk,16,dynamic
11,172,0.5,37,0,0,0,0,0,0,0,0,0,0,iter,0,1,optk,16,dynamic
11,172,0.5,39,0,1,1,7.64232e-80,16,1.13554e-05,1.13553e-05,0,0,0,iter,0,1,optk,16,dynamic
11,172,0.5,39,1,0,0,0,0,0,0,0,0,0,iter,0,1,optk,16,dynamic
11,172,0.5,41,0,512,512,3.3353e-37,7398,0.00525044,0.00579709,0,0,0,iter,0,1,optk,16,dynamic
11,172,0.5,41,1,0,0,0,0,0,0,0,0,0,iter,0,1,optk,16,dynamic
11,172,0.5,43,0,4767,4767,6.75146e-23,57977,0.0411469,0.0526921,0,0,0,iter,0,1,optk,16,dynamic
11,172,0.5,43,1,0,0,0,0,0,0,0,0,0,iter,0,1,optk,16,dynamic
11,172,0.5,45,0,21558,21558,1.77147e-13,224874,0.159596,0.217138,0,0,0,iter,0,1,optk,16,dynamic
11,172,0.5,45,1,1,1,7.64232e-80,16,1.13554e-05,1.13553e-05,1,1,2,iter,0,1,optk,16,dynamic
12,2,0.001,36,0,25,25,0.00152588,25,0.00152588,0.00152472,0,0,0,iter,0,1,optk,1,dynamic
12,2,0.001,36,1,0,0,0,0,0,0,0,0,0,iter,0,1,optk,1,dynamic
12,2,0.001,38,0,154,154,0.00891113,146,0.00891113,0.00935538,0,0,0,iter,0,1,optk,1,dynamic
12,2,0.001,38,1,0,0,0,0,0,0,0,0,0,iter,0,1,optk,1,dynamic
12,2,0.001,40,0,675,675,0.0370483,607,0.0370483,0.0403616,0,0,0,iter,0,1,optk,1,dynamic
12,2,0.001,40,1,0,0,0,0,0,0,0,0,0,iter,0,1,optk,1,dynamic
12,2,0.001,42,0,2329,2329,0.119446,1957,0.119446,0.13251,0,0,0,iter,0,1,optk,1,dynamic
12,2,0.001,42,1,11,11,0.000366211,6,0.000366211,0.000671161,0,6,6,iter,0,1,optk,1,dynamic
12,2,0.001,44,0,6894,6894,0.30011,4917,0.30011,0.343463,0,0,0,iter,0,1,optk,1,dynamic
12,2,0.001,44,1,583,583,0.0129395,212,0.0129395,0.0349578,0,0,0,iter,0,1,optk,1,dynamic
12,2,0.001,44,2,85,85,0.0043335,71,0.0043335,0.00517455,96,0,96,iter,0,1,optk,1,dynamic
12,2,0.001,46,0,1772,1772,0.0828857,1358,0.0828857,0.102511,1951,0,1951,type,0,2,optk,1,dynamic
12,2,0.001,46,0,19177,19177,0.61377,10056,0.61377,0.689779,0,0,0,iter,0,1,optk,1,dynamic
12,2,0.001,46,1,12582,12582,0.181885,2980,0.181885,0.536034,0,0,0,iter,0,1,optk,1,dynamic
12,2,0.001,46,1,1751,1751,0.083374,1366,0.083374,0.10136,1978,1,1979,type,1,2,optk,1,dynamic
12,18,0.01,36,0,25,25,0.000169542,25,0.000169542,0.000169528,0,0,0,iter,0,1,optk,1,dynamic
12,18,0.01,36,1,0,0,0,0,0,0,0,0,0,iter,0,1,optk,1,dynamic
12,18,0.01,38,0,154,154,0.000996908,147,0.000996908,0.00104383,0,0,0,iter,0,1,optk,1,dynamic
12,18,0.01,38,1,0,0,0,0,0,0,0,0,0,iter,0,1,optk,1,dynamic
12,18,0.01,40,0,675,675,0.00416395,614,0.00416395,0.00456718,0,0,0,iter,0,1,optk,1,dynamic
12,18,0.01,40,1,0,0,0,0,0,0,0,0,0,iter,0,1,optk,1,dynamic
12,18,0.01,42,0,2329,2329,0.0139838,2062,0.0139838,0.0156705,0,0,0,iter,0,1,optk,1,dynamic
12,18,0.01,42,1,0,0,0,0,0,0,0,0,0,iter,0,1,optk,1,dynamic
12,18,0.01,44,0,6894,6894,0.0388726,5732,0.0388726,0.0456768,0,0,0,iter,0,1,optk,1,dynamic
12,18,0.01,44,1,51,51,0.000169542,25,0.000169542,0.000345806,0,25,25,iter,0,1,optk,1,dynamic
12,18,0.01,46,0,19177,19177,0.100274,14786,0.100274,0.121951,0,0,0,iter,0,1,optk,1,dynamic
12,18,0.01,46,1,2063,2063,0.00358073,528,0.00358073,0.0138932,1,545,546,iter,0,1,optk,1,dynamic
12,176,0.1,36,0,25,25,1.20264e-09,50,3.46791e-05,3.46785e-05,0,0,0,iter,0,1,optk,2,dynamic
12,176,0.1,36,1,0,0,0,0,0,0,0,0,0,iter,0,1,optk,2,dynamic
12,176,0.1,38,0,154,154,4.15805e-08,294,0.000203913,0.0002136,0,0,0,iter,0,1,optk,2,dynamic
12,176,0.1,38,1,0,0,0,0,0,0,0,0,0,iter,0,1,optk,2,dynamic
12,176,0.1,40,0,675,675,7.30157e-07,1232,0.000854492,0.000935897,0,0,0,iter,0,1,optk,2,dynamic
12,176,0.1,40,1,0,0,0,0,0,0,0,0,0,iter,0,1,optk,2,dynamic
12,176,0.1,42,0,2329,2329,8.25306e-06,4142,0.00287281,0.00322549,0,0,0,iter,0,1,optk,2,dynamic
12,176,0.1,42,1,0,0,0,0,0,0,0,0,0,iter,0,1,optk,2,dynamic
12,176,0.1,44,0,6894,6894,6.51556e-05,11638,0.0080719,0.00951752,0,0,0,iter,0,1,optk,2,dynamic
12,176,0.1,44,1,0,0,0,0,0,0,0,0,0,iter,0,1,optk,2,dynamic
12,176,0.1,46,0,19177,19177,0.000457208,30829,0.0213824,0.0262509,0,0,0,iter,0,1,optk,2,dynamic
12,176,0.1,46,1,6,6,3.07875e-11,8,5.54865e-06,8.32294e-06,1,4,5,iter,0,1,optk,2,dynamic
12,881,0.5,36,0,25,25,2.78195e-41,225,3.11757e-05,3.11752e-05,0,0,0,iter,0,1,optk,9,dynamic
12,881,0.5,36,1,0,0,0,0,0,0,0,0,0,iter,0,1,optk,9,dynamic
12,881,0.5,38,0,154,154,2.32162e-34,1322,0.000183175,0.000192024,0,0,0,iter,0,1,optk,9,dynamic
12,881,0.5,38,1,0,0,0,0,0,0,0,0,0,iter,0,1,optk,9,dynamic
12,881,0.5,40,0,675,675,9.29846e-29,5543,0.000768031,0.000841391,0,0,0,iter,0,1,optk,9,dynamic
12,881,0.5,40,1,0,0,0,0,0,0,0,0,0,iter,0,1,optk,9,dynamic
12,881,0.5,42,0,2329,2329,5.14075e-24,18651,0.00258426,0.00290012,0,0,0,iter,0,1,optk,9,dynamic
12,881,0.5,42,1,0,0,0,0,0,0,0,0,0,iter,0,1,optk,9,dynamic
12,881,0.5,44,0,6894,6894,5.6645e-20,52460,0.0072688,0.00856017,0,0,0,iter,0,1,optk,9,dynamic
12,881,0.5,44,1,0,0,0,0,0,0,0,0,0,iter,0,1,optk,9,dynamic
12,881,0.5,46,0,19177,19177,3.61211e-16,138855,0.0192396,0.0236306,0,0,0,iter,0,1,optk,9,dynamic
12,881,0.5,46,1,1,1,7.29273e-54,9,1.24703e-06,1.24703e-06,1,1,2,iter,0,1,optk,9,dynamic
13,112,0.001,41,0,0,0,0,0,0,0,0,0,0,iter,0,1,optk,1,dynamic
13,112,0.001,43,0,0,0,0,0,0,0,0,0,0,iter,0,1,optk,1,dynamic
13,112,0.001,45,0,14,14,1.3079e-05,12,1.3079e-05,1.52587e-05,0,0,0,iter,0,1,optk,1,dynamic
13,112,0.001,45,1,0,0,0,0,0,0,0,0,0,iter,0,1,optk,1,dynamic
13,112,0.001,47,0,750,750,0.000679016,623,0.000679016,0.000817101,0,0,0,iter,0,1,optk,1,dynamic
13,112,0.001,47,1,0,0,0,0,0,0,0,0,0,iter,0,1,optk,1,dynamic
13,112,0.001,49,0,4197,4197,0.00377764,3466,0.00377764,0.00456392,0,0,0,iter,0,1,optk,1,dynamic
13,112,0.001,49,1,0,0,0,0,0,0,0,0,0,iter,0,1,optk,1,dynamic
13,112,0.001,51,0,19298,19298,0.0160664,14741,0.0160664,0.0208135,0,0,0,iter,0,1,optk,1,dynamic
13,112,0.001,51,1,0,0,0,0,0,0,0,0,0,iter,0,1,optk,1,dynamic
13,112,0.001,53,0,82365,82365,0.0615202,56445,0.0615202,0.0858592,0,0,0,iter,0,1,optk,1,dynamic
13,112,0.001,53,1,94,94,5.55856e-05,51,5.55856e-05,0.000102447,0,51,51,iter,0,1,optk,1,dynamic
13,112,0.001,55,0,286814,286814,0.180308,165433,0.180308,0.268459,0,0,0,iter,0,1,optk,1,dynamic
13,112,0.001,55,1,5218,5218,0.00175367,1609,0.00175367,0.00567103,0,1618,1618,iter,0,1,optk,1,dynamic
13,112,0.001,57,0,938855,938855,0.440122,403814,0.440122,0.640583,0,0,0,iter,0,1,optk,1,dynamic
13,112,0.001,57,1,166617,166617,0.0377622,34647,0.0377622,0.166064,0,0,0,iter,0,1,optk,1,dynamic
13,112,0.001,57,2,35450,35450,0.0215759,19796,0.0215759,0.0379005,0,0,0,iter,0,1,optk,1,dynamic
13,112,0.001,57,3,8207,8207,0.0018365,1685,0.0018365,0.00890503,0,1844,1844,iter,0,1,optk,1,dynamic
13,112,0.001,59,0,171826,171826,0.0893882,82014,0.0893882,0.170785,98523,1,98524,type,0,6,optk,1,dynamic
13,112,0.001,59,0,2696832,2696832,0.770387,706833,0.770387,0.947098,0,0,0,iter,0,1,optk,1,dynamic
13,112,0.001,59,1,3287550,3287550,0.380754,349343,0.380754,0.972212,0,0,0,iter,0,1,optk,1,dynamic
13,1116,0.01,41,0,0,0,0,0,0,0,0,0,0,iter,0,1,optk,1,dynamic
13,1116,0.01,43,0,0,0,0,0,0,0,0,0,0,iter,0,1,optk,1,dynamic
13,1116,0.01,45,0,14,14,1.31258e-06,12,1.31258e-06,1.53135e-06,0,0,0,iter,0,1,optk,1,dynamic
13,1116,0.01,45,1,0,0,0,0,0,0,0,0,0,iter,0,1,optk,1,dynamic
13,1116,0.01,47,0,750,750,6.8145e-05,623,6.8145e-05,8.20331e-05,0,0,0,iter,0,1,optk,1,dynamic
13,1116,0.01,47,1,0,0,0,0,0,0,0,0,0,iter,0,1,optk,1,dynamic
13,1116,0.01,49,0,4197,4197,0.000379884,3473,0.000379884,0.000458971,0,0,0,iter,0,1,optk,1,dynamic
13,1116,0.01,49,1,0,0,0,0,0,0,0,0,0,iter,0,1,optk,1,dynamic
13,1116,0.01,51,0,19298,19298,0.00162542,14860,0.00162542,0.00210863,0,0,0,iter,0,1,optk,1,dynamic
13,1116,0.01,51,1,0,0,0,0,0,0,0,0,0,iter,0,1,optk,1,dynamic
13,1116,0.01,53,0,82365,82365,0.00635433,58093,0.00635433,0.00896879,0,0,0,iter,0,1,optk,1,dynamic
13,1116,0.01,53,1,21,21,7.65674e-07,7,7.65674e-07,2.29702e-06,0,7,7,iter,0,1,optk,1,dynamic
13,1116,0.01,55,0,286814,286814,0.0197618,180668,0.0197618,0.0308853,0,0,0,iter,0,1,optk,1,dynamic
13,1116,0.01,55,1,692,692,2.25327e-05,206,2.25327e-05,7.56895e-05,0,206,206,iter,0,1,optk,1,dynamic
13,1116,0.01,57,0,938855,938855,0.0565252,516769,0.0565252,0.0975968,0,0,0,iter,0,1,optk,1,dynamic
13,1116,0.01,57,1,22408,22408,0.000502392,4593,0.000502392,0.00244803,0,4635,4635,iter,0,1,optk,1,dynamic
13,1116,0.01,59,0,2696832,2696832,0.137356,1255747,0.137356,0.255457,0,0,0,iter,0,1,optk,1,dynamic
13,1116,0.01,59,1,590448,590448,0.00860366,78657,0.00860366,0.062543,0,0,0,iter,0,1,optk,1,dynamic
13,1116,0.01,59,2,23370,23370,0.00127386,11646,0.00127386,0.00255299,13232,1,13233,iter,0,1,optk,1,dynamic
13,11162,0.1,41,0,0,0,0,0,0,0,0,0,0,iter,0,1,optk,2,dynamic
13,11162,0.1,43,0,0,0,0,0,0,0,0,0,0,iter,0,1,optk,2,dynamic
13,11162,0.1,45,0,14,14,6.88904e-14,24,2.6247e-07,3.06215e-07,0,0,0,iter,0,1,optk,2,dynamic
13,11162,0.1,45,1,0,0,0,0,0,0,0,0,0,iter,0,1,optk,2,dynamic
13,11162,0.1,47,0,750,750,1.85683e-10,1246,1.36266e-05,1.64042e-05,0,0,0,iter,0,1,optk,2,dynamic
13,11162,0.1,47,1,0,0,0,0,0,0,0,0,0,iter,0,1,optk,2,dynamic
13,11162,0.1,49,0,4197,4197,5.7704e-09,6946,7.59631e-05,9.17946e-05,0,0,0,iter,0,1,optk,2,dynamic
13,11162,0.1,49,1,0,0,0,0,0,0,0,0,0,iter,0,1,optk,2,dynamic
13,11162,0.1,51,0,19298,19298,1.05684e-07,29726,0.000325091,0.000422006,0,0,0,iter,0,1,optk,2,dynamic
13,11162,0.1,51,1,0,0,0,0,0,0,0,0,0,iter,0,1,optk,2,dynamic
13,11162,0.1,53,0,82365,82365,1.62178e-06,116447,0.00127349,0.00179991,0,0,0,iter,0,1,optk,2,dynamic
13,11162,0.1,53,1,0,0,0,0,0,0,0,0,0,iter,0,1,optk,2,dynamic
13,11162,0.1,55,0,286814,286814,1.58619e-05,364175,0.00398271,0.0062537,0,0,0,iter,0,1,optk,2,dynamic
13,11162,0.1,55,1,0,0,0,0,0,0,0,0,0,iter,0,1,optk,2,dynamic
13,11162,0.1,57,0,938855,938855,0.0001338,1057695,0.0115672,0.0203257,0,0,0,iter,0,1,optk,2,dynamic
13,11162,0.1,57,1,47,47,2.34419e-14,14,1.53107e-07,1.02801e-06,0,7,7,iter,0,1,optk,2,dynamic
13,11162,0.1,59,0,2696832,2696832,0.000847643,2662187,0.0291143,0.0572804,0,0,0,iter,0,1,optk,2,dynamic
13,11162,0.1,59,1,3040,3040,1.06581e-10,944,1.03238e-05,6.64901e-05,1,472,473,iter,0,1,optk,2,dynamic
13,55811,0.5,41,0,0,0,0,0,0,0,0,0,0,iter,0,1,optk,12,dynamic
13,55811,0.5,43,0,0,0,0,0,0,0,0,0,0,iter,0,1,optk,12,dynamic
13,55811,0.5,45,0,14,14,9.52868e-79,144,3.14958e-07,3.67451e-07,0,0,0,iter,0,1,optk,12,dynamic
13,55811,0.5,45,1,0,0,0,0,0,0,0,0,0,iter,0,1,optk,12,dynamic
13,55811,0.5,47,0,750,750,3.65355e-58,7476,1.63516e-05,1.96847e-05,0,0,0,iter,0,1,optk,12,dynamic
13,55811,0.5,47,1,0,0,0,0,0,0,0,0,0,iter,0,1,optk,12,dynamic
13,55811,0.5,49,0,4197,4197,3.29091e-49,41676,9.11541e-05,0.000110151,0,0,0,iter,0,1,optk,12,dynamic
13,55811,0.5,49,1,0,0,0,0,0,0,0,0,0,iter,0,1,optk,12,dynamic
13,55811,0.5,51,0,19298,19298,1.24137e-41,178348,0.000390084,0.000506377,0,0,0,iter,0,1,optk,12,dynamic
13,55811,0.5,51,1,0,0,0,0,0,0,0,0,0,iter,0,1,optk,12,dynamic
13,55811,0.5,53,0,82365,82365,1.62095e-34,698646,0.00152808,0.00215946,0,0,0,iter,0,1,optk,12,dynamic
13,55811,0.5,53,1,0,0,0,0,0,0,0,0,0,iter,0,1,optk,12,dynamic
13,55811,0.5,55,0,286814,286814,1.41404e-28,2184313,0.00477755,0.0074996,0,0,0,iter,0,1,optk,12,dynamic
13,55811,0.5,55,1,0,0,0,0,0,0,0,0,0,iter,0,1,optk,12,dynamic
13,55811,0.5,57,0,938855,938855,5.0408e-23,6338474,0.0138636,0.0243405,0,0,0,iter,0,1,optk,12,dynamic
13,55811,0.5,57,1,0,0,0,0,0,0,0,0,0,iter,0,1,optk,12,dynamic
13,55811,0.5,59,0,2696832,2696832,3.18975e-18,15925366,0.0348321,0.0683354,0,0,0,iter,0,1,optk,12,dynamic
13,55811,0.5,59,1,1,1,1.06871e-91,12,2.62465e-08,2.62465e-08,1,1,2,iter,0,1,optk,12,dynamic
14,247,0.001,44,0,0,0,0,0,0,0,0,0,0,iter,0,1,optk,1,dynamic
14,247,0.001,46,0,0,0,0,0,0,0,0,0,0,iter,0,1,optk,1,dynamic
14,247,0.001,48,0,0,0,0,0,0,0,0,0,0,iter,0,1,optk,1,dynamic
14,247,0.001,50,0,7,7,1.97685e-06,4,1.97685e-06,3.45948e-06,0,0,0,iter,0,1,optk,1,dynamic
14,247,0.001,50,1,0,0,0,0,0,0,0,0,0,iter,0,1,optk,1,dynamic
14,247,0.001,52,0,0,0,0,0,0,0,0,0,0,iter,0,1,optk,1,dynamic
14,247,0.001,54,0,7255,7255,0.00212906,4308,0.00212906,0.00357909,0,0,0,iter,0,1,optk,1,dynamic
14,247,0.001,54,1,203,203,4.29964e-05,87,4.29964e-05,0.00010032,0,90,90,iter,0,1,optk,1,dynamic
14,247,0.001,56,0,88250,88250,0.0212813,43061,0.0212813,0.0426768,0,0,0,iter,0,1,optk,1,dynamic
14,247,0.001,56,1,16170,16170,0.00315357,6381,0.00315357,0.00795956,0,7357,7357,iter,0,1,optk,1,dynamic
14,247,0.001,58,0,918513,918513,0.163773,331382,0.163773,0.364879,0,0,0,iter,0,1,optk,1,dynamic
14,247,0.001,58,1,884258,884258,0.131067,265205,0.131067,0.354036,0,0,0,iter,0,1,optk,1,dynamic
14,247,0.001,58,2,120643,120643,0.0231578,46858,0.0231578,0.0578805,0,0,0,iter,0,1,optk,1,dynamic
14,247,0.001,58,3,125128,125128,0.0196578,39776,0.0196578,0.0599665,0,0,0,iter,0,1,optk,1,dynamic
14,247,0.001,58,4,17883,17883,0.00347085,7023,0.00347085,0.00879905,8204,0,8204,iter,0,1,optk,1,dynamic
14,247,0.001,60,0,7025331,7025331,0.656318,1328009,0.656318,0.968945,0,0,0,iter,0,1,optk,1,dynamic
14,247,0.001,60,0,817225,817225,0.116699,236131,0.116699,0.332277,253138,0,253138,type,0,8,optk,1,dynamic
14,247,0.001,60,1,21490199,21490199,0.926988,1875690,0.926988,0.999976,0,0,0,iter,0,1,optk,1,dynamic
14,247,0.001,60,1,813922,813922,0.116467,235663,0.116467,0.331186,252925,0,252925,type,1,8,optk,1,dynamic
14,247,0.001,60,2,814221,814221,0.116453,235634,0.116453,0.331285,252744,0,252744,type,2,8,optk,1,dynamic
14,247,0.001,60,3,812239,812239,0.116234,235191,0.116234,0.33063,252414,0,252414,type,3,8,optk,1,dynamic
14,247,0.001,60,4,805740,805740,0.116269,235262,0.116269,0.328476,252519,0,252519,type,4,8,optk,1,dynamic
14,247,0.001,60,5,822221,822221,0.116632,235996,0.116632,0.333924,253145,0,253145,type,5,8,optk,1,dynamic
14,247,0.001,60,6,812957,812957,0.116679,236092,0.116679,0.330867,253320,0,253320,type,6,8,optk,1,dynamic
14,247,0.001,60,7,815058,815058,0.116655,236042,0.116655,0.331562,253372,0,253372,type,7,8,optk,1,dynamic
14,247,0.001,62,0,47555225,47555225,0.996103,2015538,0.996103,1,0,0,0,iter,0,1,optk,1,dynamic
14,247,0.001,62,0,5928397,5928397,0.4997,1011105,0.4997,0.946597,1403004,0,1403004,type,0,8,optk,1,dynamic
14,247,0.001,62,1,168773666,168773666,1,2023423,1,1,0,0,0,iter,0,1,optk,1,dynamic
14,247,0.001,62,1,5946800,5946800,0.500561,1012848,0.500561,0.94708,1405340,1,1405341,type,1,8,optk,1,dynamic
14,2469,0.01,44,0,0,0,0,0,0,0,0,0,0,iter,0,1,optk,1,dynamic
14,2469,0.01,46,0,0,0,0,0,0,0,0,0,0,iter,0,1,optk,1,dynamic
14,2469,0.01,48,0,0,0,0,0,0,0,0,0,0,iter,0,1,optk,1,dynamic
14,2469,0.01,50,0,7,7,1.97765e-07,4,1.97765e-07,3.46088e-07,0,0,0,iter,0,1,optk,1,dynamic
14,2469,0.01,50,1,0,0,0,0,0,0,0,0,0,iter,0,1,optk,1,dynamic
14,2469,0.01,52,0,0,0,0,0,0,0,0,0,0,iter,0,1,optk,1,dynamic
14,2469,0.01,54,0,7255,7255,0.000213289,4314,0.000213289,0.000358632,0,0,0,iter,0,1,optk,1,dynamic
14,2469,0.01,54,1,21,21,4.44971e-07,9,4.44971e-07,1.03826e-06,0,9,9,iter,0,1,optk,1,dynamic
14,2469,0.01,56,0,88250,88250,0.00214955,43477,0.00214955,0.00435368,0,0,0,iter,0,1,optk,1,dynamic
14,2469,0.01,56,1,1677,1677,3.27301e-05,662,3.27301e-05,8.29094e-05,0,677,677,iter,0,1,optk,1,dynamic
14,2469,0.01,58,0,918513,918513,0.0177269,358545,0.0177269,0.0443967,0,0,0,iter,0,1,optk,1,dynamic
14,2469,0.01,58,1,94266,94266,0.00150766,30494,0.00150766,0.00464978,0,33070,33070,iter,0,1,optk,1,dynamic
14,2469,0.01,60,0,7025331,7025331,0.101442,2051769,0.101442,0.293435,0,0,0,iter,0,1,optk,1,dynamic
14,2469,0.01,60,1,3318797,3318797,0.0396572,802109,0.0396572,0.15133,0,0,0,iter,0,1,optk,1,dynamic
14,2469,0.01,60,2,278020,278020,0.00421086,85169,0.00421086,0.0136516,94203,0,94203,iter,0,1,optk,1,dynamic
14,2469,0.01,62,0,3872879,3872879,0.0443879,897792,0.0443879,0.174264,960789,0,960789,type,0,6,optk,1,dynamic
14,2469,0.01,62,0,47555225,47555225,0.42635,8623381,0.42635,0.904744,0,0,0,iter,0,1,optk,1,dynamic
14,2469,0.01,62,1,3893402,3893402,0.0443927,897888,0.0443927,0.175101,960665,1,960666,type,1,6,optk,1,dynamic
14,2469,0.01,62,1,72279164,72279164,0.489885,9908433,0.489885,0.971944,0,0,0,iter,0,1,optk,1,dynamic
14,24688,0.1,44,0,0,0,0,0,0,0,0,0,0,iter,0,1,optk,5,dynamic
14,24688,0.1,46,0,0,0,0,0,0,0,0,0,0,iter,0,1,optk,5,dynamic
14,24688,0.1,48,0,0,0,0,0,0,0,0,0,0,iter,0,1,optk,5,dynamic
14,24688,0.1,50,0,7,7,9.45738e-36,20,9.88904e-08,1.73058e-07,0,0,0,iter,0,1,optk,5,dynamic
14,24688,0.1,50,1,0,0,0,0,0,0,0,0,0,iter,0,1,optk,5,dynamic
14,24688,0.1,52,0,0,0,0,0,0,0,0,0,0,iter,0,1,optk,5,dynamic
14,24688,0.1,54,0,7255,7255,1.37902e-20,21567,0.000106638,0.000179346,0,0,0,iter,0,1,optk,5,dynamic
14,24688,0.1,54,1,0,0,0,0,0,0,0,0,0,iter,0,1,optk,5,dynamic
14,24688,0.1,56,0,88250,88250,1.44044e-15,217558,0.00107572,0.00217939,0,0,0,iter,0,1,optk,5,dynamic
14,24688,0.1,56,1,0,0,0,0,0,0,0,0,0,iter,0,1,optk,5,dynamic
14,24688,0.1,58,0,918513,918513,5.6012e-11,1801076,0.00890546,0.0224521,0,0,0,iter,0,1,optk,5,dynamic
14,24688,0.1,58,1,0,0,0,0,0,0,0,0,0,iter,0,1,optk,5,dynamic
14,24688,0.1,60,0,7025331,7025331,3.82868e-07,10531390,0.0520727,0.159438,0,0,0,iter,0,1,optk,5,dynamic
14,24688,0.1,60,1,2,2,9.23572e-39,5,2.47226e-08,4.94452e-08,0,1,1,iter,0,1,optk,5,dynamic
14,24688,0.1,62,0,47555225,47555225,0.000840062,49061198,0.242584,0.691394,0,0,0,iter,0,1,optk,5,dynamic
14,24688,0.1,62,1,142087,142087,1.24283e-16,133278,0.000658996,0.0035066,1,26663,26664,iter,0,1,optk,5,dynamic
14,123439,0.5,44,0,0,0,0,0,0,0,0,0,0,iter,0,1,optk,23,dynamic
14,123439,0.5,46,0,0,0,0,0,0,0,0,0,0,iter,0,1,optk,23,dynamic
14,123439,0.5,48,0,0,0,0,0,0,0,0,0,0,iter,0,1,optk,23,dynamic
14,123439,0.5,50,0,7,7,1.13696e-162,92,9.09799e-08,1.59215e-07,0,0,0,iter,0,1,optk,23,dynamic
14,123439,0.5,50,1,0,0,0,0,0,0,0,0,0,iter,0,1,optk,23,dynamic
14,123439,0.5,52,0,0,0,0,0,0,0,0,0,0,iter,0,1,optk,23,dynamic
14,123439,0.5,54,0,7255,7255,6.45812e-93,99217,9.81169e-05,0.000165001,0,0,0,iter,0,1,optk,23,dynamic
14,123439,0.5,54,1,0,0,0,0,0,0,0,0,0,iter,0,1,optk,23,dynamic
14,123439,0.5,56,0,88250,88250,7.87363e-70,1000756,0.00098966,0.00200523,0,0,0,iter,0,1,optk,23,dynamic
14,123439,0.5,56,1,0,0,0,0,0,0,0,0,0,iter,0,1,optk,23,dynamic
14,123439,0.5,58,0,918513,918513,1.02803e-48,8287199,0.00819531,0.0206748,0,0,0,iter,0,1,optk,23,dynamic
14,123439,0.5,58,1,0,0,0,0,0,0,0,0,0,iter,0,1,optk,23,dynamic
14,123439,0.5,60,0,7025331,7025331,4.68857e-31,48550301,0.048012,0.147678,0,0,0,iter,0,1,optk,23,dynamic
14,123439,0.5,60,1,0,0,0,0,0,0,0,0,0,iter,0,1,optk,23,dynamic
14,123439,0.5,62,0,47555225,47555225,1.3333e-15,228086755,0.225558,0.660962,0,0,0,iter,0,1,optk,23,dynamic
14,123439,0.5,62,1,18,18,1.432e-154,207,2.04705e-07,4.09409e-07,1,9,10,iter,0,1,optk,23,dynamic
15,7,0.001,24,0,0,0,0,0,0,0,0,0,0,iter,0,1,optk,1,dynamic
15,7,0.001,26,0,0,0,0,0,0,0,0,0,0,iter,0,1,optk,1,dynamic
15,7,0.001,28,0,6,6,0.000104632,6,0.000104632,0.000104626,0,0,0,iter,0,1,optk,1,dynamic
15,7,0.001,28,1,0,0,0,0,0,0,0,0,0,iter,0,1,optk,1,dynamic
15,7,0.001,30,0,145,145,0.00193569,111,0.00193569,0.00252541,0,0,0,iter,0,1,optk,1,dynamic
15,7,0.001,30,1,0,0,0,0,0,0,0,0,0,iter,0,1,optk,1,dynamic
15,7,0.001,32,0,643,643,0.00819615,470,0.00819615,0.0111504,0,0,0,iter,0,1,optk,1,dynamic
15,7,0.001,32,1,5,5,5.23158e-05,3,5.23158e-05,8.71893e-05,0,3,3,iter,0,1,optk,1,dynamic
15,7,0.001,34,0,2670,2670,0.0324707,1862,0.0324707,0.0454938,0,0,0,iter,0,1,optk,1,dynamic
15,7,0.001,34,1,48,48,0.000645229,37,0.000645229,0.000836703,0,38,38,iter,0,1,optk,1,dynamic
15,7,0.001,36,0,10236,10236,0.113089,6485,0.113089,0.163477,0,0,0,iter,0,1,optk,1,dynamic
15,7,0.001,36,1,835,835,0.00931222,534,0.00931222,0.0144557,0,583,583,iter,0,1,optk,1,dynamic
15,7,0.001,38,0,36966,36966,0.332118,19045,0.332118,0.475146,0,0,0,iter,0,1,optk,1,dynamic
15,7,0.001,38,1,13175,13175,0.111293,6382,0.111293,0.205271,0,0,0,iter,0,1,optk,1,dynamic
15,7,0.001,38,2,4070,4070,0.0430908,2471,0.0430908,0.068515,0,0,0,iter,0,1,optk,1,dynamic
15,7,0.001,38,3,1731,1731,0.0153111,878,0.0153111,0.0297352,0,0,0,iter,0,1,optk,1,dynamic
15,7,0.001,38,4,543,543,0.00624302,358,0.00624302,0.00942448,484,0,484,iter,0,1,optk,1,dynamic
15,7,0.001,40,0,123928,123928,0.707833,40590,0.707833,0.884805,0,0,0,iter,0,1,optk,1,dynamic
15,7,0.001,40,0,18605,18605,0.172137,9871,0.172137,0.277072,11922,0,11922,type,0,4,optk,1,dynamic
15,7,0.001,40,1,129828,129828,0.61438,35231,0.61438,0.896068,0,0,0,iter,0,1,optk,1,dynamic
15,7,0.001,40,1,18838,18838,0.169608,9726,0.169608,0.280003,11818,0,11818,type,1,4,optk,1,dynamic
15,7,0.001,40,2,18661,18661,0.171735,9848,0.171735,0.277777,11926,0,11926,type,2,4,optk,1,dynamic
15,7,0.001,40,3,19135,19135,0.170428,9773,0.170428,0.283723,11953,0,11953,type,3,4,optk,1,dynamic
15,7,0.001,42,0,394860,394860,0.971436,55706,0.971436,0.998978,0,0,0,iter,0,1,optk,1,dynamic
15,7,0.001,42,0,49085,49085,0.35573,20399,0.35573,0.575131,25211,0,25211,type,0,8,optk,1,dynamic
15,7,0.001,42,1,48584,48584,0.351458,20154,0.351458,0.571403,24929,1,24930,type,1,8,optk,1,dynamic
15,7,0.001,42,1,729119,729119,0.988473,56683,0.988473,0.999997,0,0,0,iter,0,1,optk,1,dynamic
15,67,0.01,24,0,0,0,0,0,0,0,0,0,0,iter,0,1,optk,1,dynamic
15,67,0.01,26,0,0,0,0,0,0,0,0,0,0,iter,0,1,optk,1,dynamic
15,67,0.01,28,0,6,6,1.09317e-05,6,1.09317e-05,1.09316e-05,0,0,0,iter,0,1,optk,1,dynamic
15,67,0.01,28,1,0,0,0,0,0,0,0,0,0,iter,0,1,optk,1,dynamic
15,67,0.01,30,0,145,145,0.000202236,111,0.000202236,0.000264147,0,0,0,iter,0,1,optk,1,dynamic
15,67,0.01,30,1,0,0,0,0,0,0,0,0,0,iter,0,1,optk,1,dynamic
15,67,0.01,32,0,643,643,0.000856314,470,0.000856314,0.00117082,0,0,0,iter,0,1,optk,1,dynamic
15,67,0.01,32,1,0,0,0,0,0,0,0,0,0,iter,0,1,optk,1,dynamic
15,67,0.01,34,0,2670,2670,0.0034453,1891,0.0034453,0.00485278,0,0,0,iter,0,1,optk,1,dynamic
15,67,0.01,34,1,11,11,1.45756e-05,8,1.45756e-05,2.00412e-05,0,8,8,iter,0,1,optk,1,dynamic
15,67,0.01,36,0,10236,10236,0.0124257,6820,0.0124257,0.0184766,0,0,0,iter,0,1,optk,1,dynamic
15,67,0.01,36,1,108,108,0.000127536,70,0.000127536,0.000196751,0,70,70,iter,0,1,optk,1,dynamic
15,67,0.01,38,0,36966,36966,0.0409409,22471,0.0409409,0.0651321,0,0,0,iter,0,1,optk,1,dynamic
15,67,0.01,38,1,1730,1730,0.00148853,817,0.00148853,0.003147,0,851,851,iter,0,1,optk,1,dynamic
15,67,0.01,40,0,123928,123928,0.120219,65984,0.120219,0.202114,0,0,0,iter,0,1,optk,1,dynamic
15,67,0.01,40,1,22416,22416,0.0169915,9326,0.0169915,0.040018,0,0,0,iter,0,1,optk,1,dynamic
15,67,0.01,40,2,2214,2214,0.00218998,1202,0.00218998,0.00402566,1336,0,1336,iter,0,1,optk,1,dynamic
15,67,0.01,42,0,394860,394860,0.307723,168898,0.307723,0.512962,0,0,0,iter,0,1,optk,1,dynamic
15,67,0.01,42,1,234423,234423,0.137734,75597,0.137734,0.347605,0,0,0,iter,0,1,optk,1,dynamic
15,67,0.01,42,2,53576,53576,0.0488682,26822,0.0488682,0.0929997,0,0,0,iter,0,1,optk,1,dynamic
15,67,0.01,42,3,37174,37174,0.0229838,12615,0.0229838,0.0654863,0,0,0,iter,0,1,optk,1,dynamic
15,67,0.01,42,4,9048,9048,0.00845018,4638,0.00845018,0.0163498,6266,1,6267,iter,0,1,optk,1,dynamic
15,667,0.1,24,0,0,0,0,0,0,0,0,0,0,iter,0,1,optk,6,dynamic
15,667,0.1,26,0,0,0,0,0,0,0,0,0,0,iter,0,1,optk,6,dynamic
15,667,0.1,28,0,6,6,8.17938e-32,36,6.5885e-06,6.58848e-06,0,0,0,iter,0,1,optk,6,dynamic
15,667,0.1,28,1,0,0,0,0,0,0,0,0,0,iter,0,1,optk,6,dynamic
15,667,0.1,30,0,145,145,3.27907e-24,666,0.000121887,0.000159209,0,0,0,iter,0,1,optk,6,dynamic
15,667,0.1,30,1,0,0,0,0,0,0,0,0,0,iter,0,1,optk,6,dynamic
15,667,0.1,32,0,643,643,1.90587e-20,2824,0.000516831,0.000705819,0,0,0,iter,0,1,optk,6,dynamic
15,667,0.1,32,1,0,0,0,0,0,0,0,0,0,iter,0,1,optk,6,dynamic
15,667,0.1,34,0,2670,2670,8.07135e-17,11359,0.00207886,0.00292759,0,0,0,iter,0,1,optk,6,dynamic
15,667,0.1,34,1,0,0,0,0,0,0,0,0,0,iter,0,1,optk,6,dynamic
15,667,0.1,36,0,10236,10236,1.78566e-13,41003,0.00750412,0.0111771,0,0,0,iter,0,1,optk,6,dynamic
15,667,0.1,36,1,0,0,0,0,0,0,0,0,0,iter,0,1,optk,6,dynamic
15,667,0.1,38,0,36966,36966,2.37844e-10,136008,0.0248914,0.039779,0,0,0,iter,0,1,optk,6,dynamic
15,667,0.1,38,1,0,0,0,0,0,0,0,0,0,iter,0,1,optk,6,dynamic
15,667,0.1,40,0,123928,123928,1.67775e-07,405792,0.0742656,0.12723,0,0,0,iter,0,1,optk,6,dynamic
15,667,0.1,40,1,0,0,0,0,0,0,0,0,0,iter,0,1,optk,6,dynamic
15,667,0.1,42,0,394860,394860,6.18504e-05,1086608,0.198864,0.351822,0,0,0,iter,0,1,optk,6,dynamic
15,667,0.1,42,1,41,41,5.96277e-29,108,1.97655e-05,4.50204e-05,1,18,19,iter,0,1,optk,6,dynamic
15,3335,0.5,24,0,0,0,0,0,0,0,0,0,0,iter,0,1,optk,31,dynamic
15,3335,0.5,26,0,0,0,0,0,0,0,0,0,0,iter,0,1,optk,31,dynamic
15,3335,0.5,28,0,6,6,6.66564e-161,186,6.80812e-06,6.8081e-06,0,0,0,iter,0,1,optk,31,dynamic
15,3335,0.5,28,1,0,0,0,0,0,0,0,0,0,iter,0,1,optk,31,dynamic
15,3335,0.5,30,0,145,145,1.25412e-121,3439,0.000125877,0.000164516,0,0,0,iter,0,1,optk,31,dynamic
15,3335,0.5,30,1,0,0,0,0,0,0,0,0,0,iter,0,1,optk,31,dynamic
15,3335,0.5,32,0,643,643,3.65559e-102,14599,0.000534364,0.000729337,0,0,0,iter,0,1,optk,31,dynamic
15,3335,0.5,32,1,0,0,0,0,0,0,0,0,0,iter,0,1,optk,31,dynamic
15,3335,0.5,34,0,2670,2670,1.96048e-83,58681,0.00214789,0.00302503,0,0,0,iter,0,1,optk,31,dynamic
15,3335,0.5,34,1,0,0,0,0,0,0,0,0,0,iter,0,1,optk,31,dynamic
15,3335,0.5,36,0,10236,10236,3.78872e-66,211892,0.00775584,0.0115475,0,0,0,iter,0,1,optk,31,dynamic
15,3335,0.5,36,1,0,0,0,0,0,0,0,0,0,iter,0,1,optk,31,dynamic
15,3335,0.5,38,0,36966,36966,5.1585e-50,702372,0.0257088,0.0410773,0,0,0,iter,0,1,optk,31,dynamic
15,3335,0.5,38,1,0,0,0,0,0,0,0,0,0,iter,0,1,optk,31,dynamic
15,3335,0.5,40,0,123928,123928,2.62569e-35,2094004,0.0766464,0.13118,0,0,0,iter,0,1,optk,31,dynamic
15,3335,0.5,40,1,0,0,0,0,0,0,0,0,0,iter,0,1,optk,31,dynamic
15,3335,0.5,42,0,394860,394860,4.50344e-22,5596164,0.204835,0.361122,0,0,0,iter,0,1,optk,31,dynamic
15,3335,0.5,42,1,1,1,5.0252e-185,31,1.13469e-06,1.13469e-06,1,1,2,iter,0,1,optk,31,dynamic
16,354,0.001,46,0,0,0,0,0,0,0,0,0,0,iter,0,1,optk,1,dynamic
16,354,0.001,48,0,0,0,0,0,0,0,0,0,0,iter,0,1,optk,1,dynamic
16,354,0.001,50,0,0,0,0,0,0,0,0,0,0,iter,0,1,optk,1,dynamic
16,354,0.001,52,0,1,1,3.44831e-07,1,3.44831e-07,3.44831e-07,0,0,0,iter,0,1,optk,1,dynamic
16,354,0.001,52,1,0,0,0,0,0,0,0,0,0,iter,0,1,optk,1,dynamic
16,354,0.001,54,0,2046,2046,0.000595179,1726,0.000595179,0.000705276,0,0,0,iter,0,1,optk,1,dynamic
16,354,0.001,54,1,0,0,0,0,0,0,0,0,0,iter,0,1,optk,1,dynamic
16,354,0.001,56,0,8625,8625,0.00237141,6877,0.00237141,0.00296975,0,0,0,iter,0,1,optk,1,dynamic
16,354,0.001,56,1,0,0,0,0,0,0,0,0,0,iter,0,1,optk,1,dynamic
16,354,0.001,58,0,31805,31805,0.00826147,23958,0.00826147,0.0109074,0,0,0,iter,0,1,optk,1,dynamic
16,354,0.001,58,1,0,0,0,0,0,0,0,0,0,iter,0,1,optk,1,dynamic
16,354,0.001,60,0,103718,103718,0.0248651,72108,0.0248651,0.0351332,0,0,0,iter,0,1,optk,1,dynamic
16,354,0.001,60,1,3,3,6.89663e-07,2,6.89663e-07,1.03449e-06,0,2,2,iter,0,1,optk,1,dynamic
16,354,0.001,62,0,308736,308736,0.0669928,194277,0.0669928,0.100991,0,0,0,iter,0,1,optk,1,dynamic
16,354,0.001,62,1,397,397,5.20695e-05,151,5.20695e-05,0.000136889,0,152,152,iter,0,1,optk,1,dynamic
16,354,0.001,64,0,829888,829888,0.15628,453206,0.15628,0.248866,0,0,0,iter,0,1,optk,1,dynamic
16,354,0.001,64,1,22721,22721,0.00187657,5442,0.00187657,0.0078043,0,5515,5515,iter,0,1,optk,1,dynamic
16,354,0.001,66,0,2086947,2086947,0.320889,930569,0.320889,0.513075,0,0,0,iter,0,1,optk,1,dynamic
16,354,0.001,66,1,962679,962679,0.0492474,142816,0.0492474,0.282485,0,0,0,iter,0,1,optk,1,dynamic
16,354,0.001,66,2,102829,102829,0.0187737,54443,0.0187737,0.0348374,0,0,0,iter,0,1,optk,1,dynamic
16,354,0.001,66,3,57078,57078,0.00293624,8515,0.00293624,0.0194899,1,9837,9838,iter,0,1,optk,1,dynamic
16,3535,0.01,46,0,0,0,0,0,0,0,0,0,0,iter,0,1,optk,1,dynamic
16,3535,0.01,48,0,0,0,0,0,0,0,0,0,0,iter,0,1,optk,1,dynamic
16,3535,0.01,50,0,0,0,0,0,0,0,0,0,0,iter,0,1,optk,1,dynamic
16,3535,0.01,52,0,1,1,3.45319e-08,1,3.45319e-08,3.45319e-08,0,0,0,iter,0,1,optk,1,dynamic
16,3535,0.01,52,1,0,0,0,0,0,0,0,0,0,iter,0,1,optk,1,dynamic
16,3535,0.01,54,0,2046,2046,5.96021e-05,1726,5.96021e-05,7.06498e-05,0,0,0,iter,0,1,optk,1,dynamic
16,3535,0.01,54,1,0,0,0,0,0,0,0,0,0,iter,0,1,optk,1,dynamic
16,3535,0.01,56,0,8625,8625,0.000237614,6881,0.000237614,0.000297793,0,0,0,iter,0,1,optk,1,dynamic
16,3535,0.01,56,1,0,0,0,0,0,0,0,0,0,iter,0,1,optk,1,dynamic
16,3535,0.01,58,0,31805,31805,0.000830803,24059,0.000830803,0.00109768,0,0,0,iter,0,1,optk,1,dynamic
16,3535,0.01,58,1,0,0,0,0,0,0,0,0,0,iter,0,1,optk,1,dynamic
16,3535,0.01,60,0,103718,103718,0.00251883,72942,0.00251883,0.00357517,0,0,0,iter,0,1,optk,1,dynamic
16,3535,0.01,60,1,1,1,3.45319e-08,1,3.45319e-08,3.45319e-08,0,1,1,iter,0,1,optk,1,dynamic
16,3535,0.01,62,0,308736,308736,0.00692154,200439,0.00692154,0.0106046,0,0,0,iter,0,1,optk,1,dynamic
16,3535,0.01,62,1,40,40,5.52511e-07,16,5.52511e-07,1.38128e-06,0,16,16,iter,0,1,optk,1,dynamic
16,3535,0.01,64,0,829888,829888,0.0168606,488261,0.0168606,0.0282509,0,0,0,iter,0,1,optk,1,dynamic
16,3535,0.01,64,1,2588,2588,2.00285e-05,580,2.00285e-05,8.93646e-05,0,582,582,iter,0,1,optk,1,dynamic
16,3535,0.01,66,0,2086947,2086947,0.0380055,1100590,0.0380055,0.0695308,0,0,0,iter,0,1,optk,1,dynamic
16,3535,0.01,66,1,109231,109231,0.000592222,17150,0.000592222,0.00376485,1,17404,17405,iter,0,1,optk,1,dynamic
16,35350,0.1,46,0,0,0,0,0,0,0,0,0,0,iter,0,1,optk,3,dynamic
16,35350,0.1,48,0,0,0,0,0,0,0,0,0,0,iter,0,1,optk,3,dynamic
16,35350,0.1,50,0,0,0,0,0,0,0,0,0,0,iter,0,1,optk,3,dynamic
16,35350,0.1,52,0,1,1,1.1118e-24,3,1.03596e-08,1.03596e-08,0,0,0,iter,0,1,optk,3,dynamic
16,35350,0.1,52,1,0,0,0,0,0,0,0,0,0,iter,0,1,optk,3,dynamic
16,35350,0.1,54,0,2046,2046,5.71673e-15,5178,1.78806e-05,2.11955e-05,0,0,0,iter,0,1,optk,3,dynamic
16,35350,0.1,54,1,0,0,0,0,0,0,0,0,0,iter,0,1,optk,3,dynamic
16,35350,0.1,56,0,8625,8625,3.62543e-13,20649,7.13049e-05,8.93473e-05,0,0,0,iter,0,1,optk,3,dynamic
16,35350,0.1,56,1,0,0,0,0,0,0,0,0,0,iter,0,1,optk,3,dynamic
16,35350,0.1,58,0,31805,31805,1.54908e-11,72189,0.000249282,0.000329432,0,0,0,iter,0,1,optk,3,dynamic
16,35350,0.1,58,1,0,0,0,0,0,0,0,0,0,iter,0,1,optk,3,dynamic
16,35350,0.1,60,0,103718,103718,4.32816e-10,219052,0.000756428,0.0010739,0,0,0,iter,0,1,optk,3,dynamic
16,35350,0.1,60,1,0,0,0,0,0,0,0,0,0,iter,0,1,optk,3,dynamic
16,35350,0.1,62,0,308736,308736,9.01289e-09,602653,0.00208108,0.00319326,0,0,0,iter,0,1,optk,3,dynamic
16,35350,0.1,62,1,0,0,0,0,0,0,0,0,0,iter,0,1,optk,3,dynamic
16,35350,0.1,64,0,829888,829888,1.31875e-07,1474008,0.00509003,0.00856044,0,0,0,iter,0,1,optk,3,dynamic
16,35350,0.1,64,1,0,0,0,0,0,0,0,0,0,iter,0,1,optk,3,dynamic
16,35350,0.1,66,0,2086947,2086947,1.54292e-06,3346265,0.0115553,0.0213878,0,0,0,iter,0,1,optk,3,dynamic
16,35350,0.1,66,1,9,9,3.00185e-23,9,3.10787e-08,9.32362e-08,1,3,4,iter,0,1,optk,3,dynamic
16,176751,0.5,46,0,0,0,0,0,0,0,0,0,0,iter,0,1,optk,16,dynamic
16,176751,0.5,48,0,0,0,0,0,0,0,0,0,0,iter,0,1,optk,16,dynamic
16,176751,0.5,50,0,0,0,0,0,0,0,0,0,0,iter,0,1,optk,16,dynamic
16,176751,0.5,52,0,1,1,4.94186e-128,16,1.10501e-08,1.10501e-08,0,0,0,iter,0,1,optk,16,dynamic
16,176751,0.5,52,1,0,0,0,0,0,0,0,0,0,iter,0,1,optk,16,dynamic
16,176751,0.5,54,0,2046,2046,3.06402e-76,27615,1.90719e-05,2.26084e-05,0,0,0,iter,0,1,optk,16,dynamic
16,176751,0.5,54,1,0,0,0,0,0,0,0,0,0,iter,0,1,optk,16,dynamic
16,176751,0.5,56,0,8625,8625,1.2532e-66,110123,7.60547e-05,9.5303e-05,0,0,0,iter,0,1,optk,16,dynamic
16,176751,0.5,56,1,0,0,0,0,0,0,0,0,0,iter,0,1,optk,16,dynamic
16,176751,0.5,58,0,31805,31805,6.24668e-58,385017,0.000265906,0.000351388,0,0,0,iter,0,1,optk,16,dynamic
16,176751,0.5,58,1,0,0,0,0,0,0,0,0,0,iter,0,1,optk,16,dynamic
16,176751,0.5,60,0,103718,103718,3.22391e-50,1168223,0.000806815,0.00114544,0,0,0,iter,0,1,optk,16,dynamic
16,176751,0.5,60,1,0,0,0,0,0,0,0,0,0,iter,0,1,optk,16,dynamic
16,176751,0.5,62,0,308736,308736,3.47186e-43,3213934,0.00221965,0.00340577,0,0,0,iter,0,1,optk,16,dynamic
16,176751,0.5,62,1,0,0,0,0,0,0,0,0,0,iter,0,1,optk,16,dynamic
16,176751,0.5,64,0,829888,829888,5.68611e-37,7860095,0.00542845,0.00912847,0,0,0,iter,0,1,optk,16,dynamic
16,176751,0.5,64,1,0,0,0,0,0,0,0,0,0,iter,0,1,optk,16,dynamic
16,176751,0.5,66,0,2086947,2086947,2.82307e-31,17841114,0.0123217,0.0227972,0,0,0,iter,0,1,optk,16,dynamic
16,176751,0.5,66,1,5,5,3.2387e-123,32,2.21003e-08,5.52507e-08,1,2,3,iter,0,1,optk,16,dynamic
17,5,0.001,43,0,0,0,0,0,0,0,0,0,0,iter,0,1,optk,1,dynamic
17,5,0.001,45,0,0,0,0,0,0,0,0,0,0,iter,0,1,optk,1,dynamic
17,5,0.001,47,0,31,31,0.000634766,26,0.000634766,0.00075655,0,0,0,iter,0,1,optk,1,dynamic
17,5,0.001,47,1,0,0,0,0,0,0,0,0,0,iter,0,1,optk,1,dynamic
17,5,0.001,49,0,2092,2092,0.0431152,1766,0.0431152,0.0497919,0,0,0,iter,0,1,optk,1,dynamic
17,5,0.001,49,1,0,0,0,0,0,0,0,0,0,iter,0,1,optk,1,dynamic
17,5,0.001,51,0,13188,13188,0.22063,9037,0.22063,0.275282,0,0,0,iter,0,1,optk,1,dynamic
17,5,0.001,51,1,107,107,0.00141602,58,0.00141602,0.0026089,0,58,58,iter,0,1,optk,1,dynamic
17,5,0.001,53,0,59374,59374,0.64292,26334,0.64292,0.765327,0,0,0,iter,0,1,optk,1,dynamic
17,5,0.001,53,1,5524,5524,0.0572266,2344,0.0572266,0.126165,0,0,0,iter,0,1,optk,1,dynamic
17,5,0.001,53,2,3421,3421,0.0567139,2323,0.0567139,0.0801278,0,0,0,iter,0,1,optk,1,dynamic
17,5,0.001,53,3,499,499,0.0052002,213,0.0052002,0.0121087,0,231,231,iter,0,1,optk,1,dynamic
17,5,0.001,55,0,18912,18912,0.252222,10331,0.252222,0.3698,13600,0,13600,type,0,8,optk,1,dynamic
17,5,0.001,55,0,232600,232600,0.974194,39903,0.974194,0.996582,0,0,0,iter,0,1,optk,1,dynamic
17,5,0.001,55,1,138820,138820,0.637769,26123,0.637769,0.966263,0,0,0,iter,0,1,optk,1,dynamic
17,5,0.001,55,1,18374,18374,0.247241,10127,0.247241,0.361468,13358,0,13358,type,1,8,optk,1,dynamic
17,5,0.001,55,2,18733,18733,0.255054,10447,0.255054,0.36704,13724,0,13724,type,2,8,optk,1,dynamic
17,5,0.001,55,3,18518,18518,0.251318,10294,0.251318,0.363709,13582,0,13582,type,3,8,optk,1,dynamic
17,5,0.001,55,4,18237,18237,0.250708,10269,0.250708,0.359329,13511,0,13511,type,4,8,optk,1,dynamic
17,5,0.001,55,5,18577,18577,0.252344,10336,0.252344,0.364625,13614,0,13614,type,5,8,optk,1,dynamic
17,5,0.001,55,6,18676,18676,0.255859,10480,0.255859,0.366159,13837,1,13838,type,6,8,optk,1,dynamic
17,53,0.01,43,0,0,0,0,0,0,0,0,0,0,iter,0,1,optk,1,dynamic
17,53,0.01,45,0,0,0,0,0,0,0,0,0,0,iter,0,1,optk,1,dynamic
17,53,0.01,47,0,31,31,5.98835e-05,26,5.98835e-05,7.13971e-05,0,0,0,iter,0,1,optk,1,dynamic
17,53,0.01,47,1,0,0,0,0,0,0,0,0,0,iter,0,1,optk,1,dynamic
17,53,0.01,49,0,2092,2092,0.00412736,1792,0.00412736,0.00480673,0,0,0,iter,0,1,optk,1,dynamic
17,53,0.01,49,1,0,0,0,0,0,0,0,0,0,iter,0,1,optk,1,dynamic
17,53,0.01,51,0,13188,13188,0.0233085,10120,0.0233085,0.0299181,0,0,0,iter,0,1,optk,1,dynamic
17,53,0.01,51,1,7,7,1.15161e-05,5,1.15161e-05,1.61224e-05,0,5,5,iter,0,1,optk,1,dynamic
17,53,0.01,53,0,59374,59374,0.0927965,40290,0.0927965,0.127813,0,0,0,iter,0,1,optk,1,dynamic
17,53,0.01,53,1,814,814,0.00077388,336,0.00077388,0.00187306,0,340,340,iter,0,1,optk,1,dynamic
17,53,0.01,55,0,232600,232600,0.291787,126687,0.291787,0.414757,0,0,0,iter,0,1,optk,1,dynamic
17,53,0.01,55,1,41996,41996,0.028318,12295,0.028318,0.0921951,0,0,0,iter,0,1,optk,1,dynamic
17,53,0.01,55,2,6665,6665,0.00959288,4165,0.00959288,0.0152337,5545,1,5546,iter,0,1,optk,1,dynamic
17,531,0.1,43,0,0,0,0,0,0,0,0,0,0,iter,0,1,optk,2,dynamic
17,531,0.1,45,0,0,0,0,0,0,0,0,0,0,iter,0,1,optk,2,dynamic
17,531,0.1,47,0,31,31,1.42902e-10,52,1.19542e-05,1.42529e-05,0,0,0,iter,0,1,optk,2,dynamic
17,531,0.1,47,1,0,0,0,0,0,0,0,0,0,iter,0,1,optk,2,dynamic
17,531,0.1,49,0,2092,2092,6.81873e-07,3592,0.000825756,0.000961387,0,0,0,iter,0,1,optk,2,dynamic
17,531,0.1,49,1,0,0,0,0,0,0,0,0,0,iter,0,1,optk,2,dynamic
17,531,0.1,51,0,13188,13188,2.19632e-05,20386,0.00468649,0.00604517,0,0,0,iter,0,1,optk,2,dynamic
17,531,0.1,51,1,0,0,0,0,0,0,0,0,0,iter,0,1,optk,2,dynamic
17,531,0.1,53,0,59374,59374,0.000370708,83753,0.0192538,0.0269295,0,0,0,iter,0,1,optk,2,dynamic
17,531,0.1,53,1,12,12,1.90254e-12,6,1.37933e-06,5.51729e-06,0,3,3,iter,0,1,optk,2,dynamic
17,531,0.1,55,0,232600,232600,0.00441712,289104,0.0664614,0.101424,0,0,0,iter,0,1,optk,2,dynamic
17,531,0.1,55,1,454,454,8.20396e-09,394,9.05757e-05,0.000208716,1,197,198,iter,0,1,optk,2,dynamic
17,2654,0.5,43,0,0,0,0,0,0,0,0,0,0,iter,0,1,optk,10,dynamic
17,2654,0.5,45,0,0,0,0,0,0,0,0,0,0,iter,0,1,optk,10,dynamic
17,2654,0.5,47,0,31,31,5.9817e-50,260,1.19587e-05,1.42583e-05,0,0,0,iter,0,1,optk,10,dynamic
17,2654,0.5,47,1,0,0,0,0,0,0,0,0,0,iter,0,1,optk,10,dynamic
17,2654,0.5,49,0,2092,2092,1.48211e-31,17963,0.000826205,0.000961749,0,0,0,iter,0,1,optk,10,dynamic
17,2654,0.5,49,1,0,0,0,0,0,0,0,0,0,iter,0,1,optk,10,dynamic
17,2654,0.5,51,0,13188,13188,5.12239e-24,101915,0.00468756,0.00604744,0,0,0,iter,0,1,optk,10,dynamic
17,2654,0.5,51,1,0,0,0,0,0,0,0,0,0,iter,0,1,optk,10,dynamic
17,2654,0.5,53,0,59374,59374,7.05077e-18,418904,0.0192674,0.0269395,0,0,0,iter,0,1,optk,10,dynamic
17,2654,0.5,53,1,0,0,0,0,0,0,0,0,0,iter,0,1,optk,10,dynamic
17,2654,0.5,55,0,232600,232600,1.68663e-12,1445416,0.0664817,0.10146,0,0,0,iter,0,1,optk,10,dynamic
17,2654,0.5,55,1,1,1,4.23732e-64,10,4.59948e-07,4.59948e-07,1,1,2,iter,0,1,optk,10,dynamic
18,1,0.001,36,0,2,2,0.000244141,2,0.000244141,0.000244111,0,0,0,iter,0,1,optk,1,dynamic
18,1,0.001,36,1,0,0,0,0,0,0,0,0,0,iter,0,1,optk,1,dynamic
18,1,0.001,38,0,4,4,0.000488281,4,0.000488281,0.000488162,0,0,0,iter,0,1,optk,1,dynamic
18,1,0.001,38,1,0,0,0,0,0,0,0,0,0,iter,0,1,optk,1,dynamic
18,1,0.001,40,0,10,10,0.0012207,10,0.0012207,0.00121996,0,0,0,iter,0,1,optk,1,dynamic
18,1,0.001,40,1,0,0,0,0,0,0,0,0,0,iter,0,1,optk,1,dynamic
18,1,0.001,42,0,20,20,0.00244141,20,0.00244141,0.00243843,0,0,0,iter,0,1,optk,1,dynamic
18,1,0.001,42,1,0,0,0,0,0,0,0,0,0,iter,0,1,optk,1,dynamic
18,1,0.001,44,0,38,38,0.0045166,37,0.0045166,0.00462793,0,0,0,iter,0,1,optk,1,dynamic
18,1,0.001,44,1,0,0,0,0,0,0,0,0,0,iter,0,1,optk,1,dynamic
18,1,0.001,46,0,80,80,0.00976562,80,0.00976562,0.0097181,0,0,0,iter,0,1,optk,1,dynamic
18,1,0.001,46,1,2,2,0.000244141,2,0.000244141,0.000244111,1,2,3,iter,0,1,optk,1,dynamic
18,3,0.01,36,0,2,2,8.13802e-05,2,8.13802e-05,8.13769e-05,0,0,0,iter,0,1,optk,1,dynamic
18,3,0.01,36,1,0,0,0,0,0,0,0,0,0,iter,0,1,optk,1,dynamic
18,3,0.01,38,0,4,4,0.00016276,4,0.00016276,0.000162747,0,0,0,iter,0,1,optk,1,dynamic
18,3,0.01,38,1,0,0,0,0,0,0,0,0,0,iter,0,1,optk,1,dynamic
18,3,0.01,40,0,10,10,0.000406901,10,0.000406901,0.000406818,0,0,0,iter,0,1,optk,1,dynamic
18,3,0.01,40,1,0,0,0,0,0,0,0,0,0,iter,0,1,optk,1,dynamic
18,3,0.01,42,0,20,20,0.000813802,20,0.000813802,0.000813471,0,0,0,iter,0,1,optk,1,dynamic
18,3,0.01,42,1,0,0,0,0,0,0,0,0,0,iter,0,1,optk,1,dynamic
18,3,0.01,44,0,38,38,0.00154622,38,0.00154622,0.00154503,0,0,0,iter,0,1,optk,1,dynamic
18,3,0.01,44,1,0,0,0,0,0,0,0,0,0,iter,0,1,optk,1,dynamic
18,3,0.01,46,0,80,80,0.00325521,80,0.00325521,0.00324992,0,0,0,iter,0,1,optk,1,dynamic
18,3,0.01,46,1,2,2,8.13802e-05,2,8.13802e-05,8.13769e-05,1,2,3,iter,0,1,optk,1,dynamic
18,35,0.1,36,0,2,2,6.97545e-06,2,6.97545e-06,6.97542e-06,0,0,0,iter,0,1,optk,1,dynamic
18,35,0.1,36,1,0,0,0,0,0,0,0,0,0,iter,0,1,optk,1,dynamic
18,35,0.1,38,0,4,4,1.39509e-05,4,1.39509e-05,1.39508e-05,0,0,0,iter,0,1,optk,1,dynamic
18,35,0.1,38,1,0,0,0,0,0,0,0,0,0,iter,0,1,optk,1,dynamic
18,35,0.1,40,0,10,10,3.48772e-05,10,3.48772e-05,3.48766e-05,0,0,0,iter,0,1,optk,1,dynamic
18,35,0.1,40,1,0,0,0,0,0,0,0,0,0,iter,0,1,optk,1,dynamic
18,35,0.1,42,0,20,20,6.97545e-05,20,6.97545e-05,6.9752e-05,0,0,0,iter,0,1,optk,1,dynamic
18,35,0.1,42,1,0,0,0,0,0,0,0,0,0,iter,0,1,optk,1,dynamic
18,35,0.1,44,0,38,38,0.000132533,38,0.000132533,0.000132525,0,0,0,iter,0,1,optk,1,dynamic
18,35,0.1,44,1,0,0,0,0,0,0,0,0,0,iter,0,1,optk,1,dynamic
18,35,0.1,46,0,80,80,0.000279018,80,0.000279018,0.000278979,0,0,0,iter,0,1,optk,1,dynamic
18,35,0.1,46,1,2,2,6.97545e-06,2,6.97545e-06,6.97542e-06,1,2,3,iter,0,1,optk,1,dynamic
18,173,0.5,36,0,2,2,7.96614e-12,4,2.82243e-06,2.82243e-06,0,0,0,iter,0,1,optk,2,dynamic
18,173,0.5,36,1,0,0,0,0,0,0,0,0,0,iter,0,1,optk,2,dynamic
18,173,0.5,38,0,4,4,3.18646e-11,8,5.64487e-06,5.64485e-06,0,0,0,iter,0,1,optk,2,dynamic
18,173,0.5,38,1,0,0,0,0,0,0,0,0,0,iter,0,1,optk,2,dynamic
18,173,0.5,40,0,10,10,1.99153e-10,20,1.41122e-05,1.41121e-05,0,0,0,iter,0,1,optk,2,dynamic
18,173,0.5,40,1,0,0,0,0,0,0,0,0,0,iter,0,1,optk,2,dynamic
18,173,0.5,42,0,20,20,7.96614e-10,40,2.82243e-05,2.8224e-05,0,0,0,iter,0,1,optk,2,dynamic
18,173,0.5,42,1,0,0,0,0,0,0,0,0,0,iter,0,1,optk,2,dynamic
18,173,0.5,44,0,38,38,2.87578e-09,76,5.36263e-05,5.36248e-05,0,0,0,iter,0,1,optk,2,dynamic
18,173,0.5,44,1,0,0,0,0,0,0,0,0,0,iter,0,1,optk,2,dynamic
18,173,0.5,46,0,80,80,1.27458e-08,160,0.000112897,0.000112891,0,0,0,iter,0,1,optk,2,dynamic
18,173,0.5,46,1,2,2,7.96614e-12,4,2.82243e-06,2.82243e-06,1,2,3,iter,0,1,optk,2,dynamic
19,21,0.001,36,0,0,0,0,0,0,0,0,0,0,iter,0,1,optk,1,dynamic
19,21,0.001,38,0,0,0,0,0,0,0,0,0,0,iter,0,1,optk,1,dynamic
19,21,0.001,40,0,5,5,2.90644e-05,5,2.90644e-05,2.90639e-05,0,0,0,iter,0,1,optk,1,dynamic
19,21,0.001,40,1,0,0,0,0,0,0,0,0,0,iter,0,1,optk,1,dynamic
19,21,0.001,42,0,0,0,0,0,0,0,0,0,0,iter,0,1,optk,1,dynamic
19,21,0.001,44,0,951,951,0.00419689,722,0.00419689,0.00551279,0,0,0,iter,0,1,optk,1,dynamic
19,21,0.001,44,1,15,15,8.13802e-05,14,8.13802e-05,8.71893e-05,0,17,17,iter,0,1,optk,1,dynamic
19,21,0.001,46,0,7437,7437,0.0284889,4901,0.0284889,0.0423092,0,0,0,iter,0,1,optk,1,dynamic
19,21,0.001,46,1,734,734,0.0026623,458,0.0026623,0.00425756,0,491,491,iter,0,1,optk,1,dynamic
19,21,0.001,48,0,64050,64050,0.187547,32264,0.187547,0.310862,0,0,0,iter,0,1,optk,1,dynamic
19,21,0.001,48,1,33021,33021,0.0897159,15434,0.0897159,0.174649,0,0,0,iter,0,1,optk,1,dynamic
19,21,0.001,48,2,5476,5476,0.018264,3142,0.018264,0.03133,0,0,0,iter,0,1,optk,1,dynamic
19,21,0.001,48,3,3037,3037,0.00919015,1581,0.00919015,0.0174988,0,2341,2341,iter,0,1,optk,1,dynamic
19,21,0.001,50,0,355408,355408,0.626686,107810,0.626686,0.873301,0,0,0,iter,0,1,optk,1,dynamic
19,21,0.001,50,0,51205,51205,0.131528,22627,0.131528,0.257437,25482,0,25482,type,0,5,optk,1,dynamic
19,21,0.001,50,1,50416,50416,0.132237,22749,0.132237,0.254024,25648,0,25648,type,1,5,optk,1,dynamic
19,21,0.001,50,1,540713,540713,0.721174,124065,0.721174,0.956851,0,0,0,iter,0,1,optk,1,dynamic
19,21,0.001,50,2,51271,51271,0.132685,22826,0.132685,0.257722,25690,0,25690,type,2,5,optk,1,dynamic
19,21,0.001,50,3,51400,51400,0.132615,22814,0.132615,0.258279,25753,0,25753,type,3,5,optk,1,dynamic
19,21,0.001,50,4,51058,51058,0.132452,22786,0.132452,0.256803,25692,0,25692,type,4,5,optk,1,dynamic
19,21,0.001,52,0,2156267,2156267,0.992391,170723,0.992391,0.999996,0,0,0,iter,0,1,optk,1,dynamic
19,21,0.001,52,0,268453,268453,0.453235,77971,0.453235,0.789965,103934,1,103935,type,0,8,optk,1,dynamic
19,21,0.001,52,1,4164833,4164833,0.999634,171969,0.999634,1,0,0,0,iter,0,1,optk,1,dynamic
19,209,0.01,36,0,0,0,0,0,0,0,0,0,0,iter,0,1,optk,1,dynamic
19,209,0.01,38,0,0,0,0,0,0,0,0,0,0,iter,0,1,optk,1,dynamic
19,209,0.01,40,0,5,5,2.92034e-06,5,2.92034e-06,2.92034e-06,0,0,0,iter,0,1,optk,1,dynamic
19,209,0.01,40,1,0,0,0,0,0,0,0,0,0,iter,0,1,optk,1,dynamic
19,209,0.01,42,0,0,0,0,0,0,0,0,0,0,iter,0,1,optk,1,dynamic
19,209,0.01,44,0,951,951,0.000422282,723,0.000422282,0.000555295,0,0,0,iter,0,1,optk,1,dynamic
19,209,0.01,44,1,0,0,0,0,0,0,0,0,0,iter,0,1,optk,1,dynamic
19,209,0.01,46,0,7437,7437,0.00289406,4955,0.00289406,0.0043343,0,0,0,iter,0,1,optk,1,dynamic
19,209,0.01,46,1,76,76,2.21946e-05,38,2.21946e-05,4.43882e-05,0,39,39,iter,0,1,optk,1,dynamic
19,209,0.01,48,0,64050,64050,0.0206421,35342,0.0206421,0.0367185,0,0,0,iter,0,1,optk,1,dynamic
19,209,0.01,48,1,3591,3591,0.00101745,1742,0.00101745,0.00209519,0,1819,1819,iter,0,1,optk,1,dynamic
19,209,0.01,50,0,355408,355408,0.094243,161356,0.094243,0.187454,0,0,0,iter,0,1,optk,1,dynamic
19,209,0.01,50,1,81064,81064,0.0191136,32725,0.0191136,0.0462435,0,0,0,iter,0,1,optk,1,dynamic
19,209,0.01,50,2,6956,6956,0.00192567,3297,0.00192567,0.00405454,3646,0,3646,iter,0,1,optk,1,dynamic
19,209,0.01,52,0,2156267,2156267,0.385894,660700,0.385894,0.716178,0,0,0,iter,0,1,optk,1,dynamic
19,209,0.01,52,0,289675,289675,0.063233,108263,0.063233,0.155652,130945,1,130946,type,0,2,optk,1,dynamic
19,209,0.01,52,1,1618837,1618837,0.268758,460148,0.268758,0.611519,0,0,0,iter,0,1,optk,1,dynamic
19,2089,0.1,36,0,0,0,0,0,0,0,0,0,0,iter,0,1,optk,6,dynamic
19,2089,0.1,38,0,0,0,0,0,0,0,0,0,0,iter,0,1,optk,6,dynamic
19,2089,0.1,40,0,5,5,2.9024e-35,30,1.75304e-06,1.75304e-06,0,0,0,iter,0,1,optk,6,dynamic
19,2089,0.1,40,1,0,0,0,0,0,0,0,0,0,iter,0,1,optk,6,dynamic
19,2089,0.1,42,0,0,0,0,0,0,0,0,0,0,iter,0,1,optk,6,dynamic
19,2089,0.1,44,0,951,951,2.65318e-22,4338,0.00025349,0.000333373,0,0,0,iter,0,1,optk,6,dynamic
19,2089,0.1,44,1,0,0,0,0,0,0,0,0,0,iter,0,1,optk,6,dynamic
19,2089,0.1,46,0,7437,7437,2.76361e-17,29756,0.00173879,0.00260408,0,0,0,iter,0,1,optk,6,dynamic
19,2089,0.1,46,1,0,0,0,0,0,0,0,0,0,iter,0,1,optk,6,dynamic
19,2089,0.1,48,0,64050,64050,3.71275e-12,212950,0.0124437,0.0222062,0,0,0,iter,0,1,optk,6,dynamic
19,2089,0.1,48,1,0,0,0,0,0,0,0,0,0,iter,0,1,optk,6,dynamic
19,2089,0.1,50,0,355408,355408,3.69333e-08,987563,0.0577081,0.117158,0,0,0,iter,0,1,optk,6,dynamic
19,2089,0.1,50,1,0,0,0,0,0,0,0,0,0,iter,0,1,optk,6,dynamic
19,2089,0.1,52,0,2156267,2156267,0.000267063,4342741,0.253767,0.530462,0,0,0,iter,0,1,optk,6,dynamic
19,2089,0.1,52,1,1291,1291,4.67647e-24,2213,0.000129316,0.000452534,1,369,370,iter,0,1,optk,6,dynamic
19,10447,0.5,36,0,0,0,0,0,0,0,0,0,0,iter,0,1,optk,29,dynamic
19,10447,0.5,38,0,0,0,0,0,0,0,0,0,0,iter,0,1,optk,29,dynamic
19,10447,0.5,40,0,5,5,4.37127e-168,145,1.69428e-06,1.69428e-06,0,0,0,iter,0,1,optk,29,dynamic
19,10447,0.5,40,1,0,0,0,0,0,0,0,0,0,iter,0,1,optk,29,dynamic
19,10447,0.5,42,0,0,0,0,0,0,0,0,0,0,iter,0,1,optk,29,dynamic
19,10447,0.5,44,0,951,951,1.9217e-105,20964,0.000244959,0.000322201,0,0,0,iter,0,1,optk,29,dynamic
19,10447,0.5,44,1,0,0,0,0,0,0,0,0,0,iter,0,1,optk,29,dynamic
19,10447,0.5,46,0,7437,7437,3.44832e-81,143819,0.00168049,0.00251691,0,0,0,iter,0,1,optk,29,dynamic
19,10447,0.5,46,1,0,0,0,0,0,0,0,0,0,iter,0,1,optk,29,dynamic
19,10447,0.5,48,0,64050,64050,2.1214e-56,1029461,0.012029,0.02147,0,0,0,iter,0,1,optk,29,dynamic
19,10447,0.5,48,1,0,0,0,0,0,0,0,0,0,iter,0,1,optk,29,dynamic
19,10447,0.5,50,0,355408,355408,4.54729e-37,4777499,0.0558238,0.113463,0,0,0,iter,0,1,optk,29,dynamic
19,10447,0.5,50,1,0,0,0,0,0,0,0,0,0,iter,0,1,optk,29,dynamic
19,10447,0.5,52,0,2156267,2156267,2.28388e-18,21089191,0.246421,0.518412,0,0,0,iter,0,1,optk,29,dynamic
19,10447,0.5,52,1,3,3,1.61062e-174,87,1.01657e-06,1.01657e-06,1,3,4,iter,0,1,optk,29,dynamic
20,51,0.001,34,0,0,0,0,0,0,0,0,0,0,iter,0,1,optk,1,dynamic
20,51,0.001,36,0,0,0,0,0,0,0,0,0,0,iter,0,1,optk,1,dynamic
20,51,0.001,38,0,0,0,0,0,0,0,0,0,0,iter,0,1,optk,1,dynamic
20,51,0.001,40,0,1,1,2.39354e-06,1,2.39354e-06,2.39353e-06,0,0,0,iter,0,1,optk,1,dynamic
20,51,0.001,40,1,0,0,0,0,0,0,0,0,0,iter,0,1,optk,1,dynamic
20,51,0.001,42,0,495,495,0.00103879,434,0.00103879,0.0011841,0,0,0,iter,0,1,optk,1,dynamic
20,51,0.001,42,1,0,0,0,0,0,0,0,0,0,iter,0,1,optk,1,dynamic
20,51,0.001,44,0,2548,2548,0.00511259,2136,0.00511259,0.00608017,0,0,0,iter,0,1,optk,1,dynamic
20,51,0.001,44,1,0,0,0,0,0,0,0,0,0,iter,0,1,optk,1,dynamic
20,51,0.001,46,0,8894,8894,0.0164915,6890,0.0164915,0.0210631,0,0,0,iter,0,1,optk,1,dynamic
20,51,0.001,46,1,9,9,7.18061e-06,3,7.18061e-06,2.15416e-05,0,3,3,iter,0,1,optk,1,dynamic
20,51,0.001,48,0,31552,31552,0.0540101,22565,0.0540101,0.0727396,0,0,0,iter,0,1,optk,1,dynamic
20,51,0.001,48,1,193,193,0.000119677,50,0.000119677,0.000461846,0,50,50,iter,0,1,optk,1,dynamic
20,51,0.001,50,0,93360,93360,0.140836,58840,0.140836,0.200254,0,0,0,iter,0,1,optk,1,dynamic
20,51,0.001,50,1,7599,7599,0.00384881,1608,0.00384881,0.0180241,0,1655,1655,iter,0,1,optk,1,dynamic
20,51,0.001,52,0,268598,268598,0.331548,138518,0.331548,0.474234,0,0,0,iter,0,1,optk,1,dynamic
20,51,0.001,52,1,153671,153671,0.0576315,24078,0.0576315,0.307756,0,0,0,iter,0,1,optk,1,dynamic
20,51,0.001,52,2,15727,15727,0.023112,9656,0.023112,0.0369434,0,0,0,iter,0,1,optk,1,dynamic
20,51,0.001,52,3,10086,10086,0.00412167,1722,0.00412167,0.0238521,0,0,0,iter,0,1,optk,1,dynamic
20,51,0.001,52,4,1110,1110,0.00170898,714,0.00170898,0.0026533,995,0,995,iter,0,1,optk,1,dynamic
20,51,0.001,54,0,52743,52743,0.0703939,29410,0.0703939,0.118599,32297,1,32298,type,0,7,optk,1,dynamic
20,51,0.001,54,0,704312,704312,0.619859,258972,0.619859,0.814703,0,0,0,iter,0,1,optk,1,dynamic
20,51,0.001,54,1,2884796,2884796,0.529852,221368,0.529852,0.998997,0,0,0,iter,0,1,optk,1,dynamic
20,507,0.01,34,0,0,0,0,0,0,0,0,0,0,iter,0,1,optk,1,dynamic
20,507,0.01,36,0,0,0,0,0,0,0,0,0,0,iter,0,1,optk,1,dynamic
20,507,0.01,38,0,0,0,0,0,0,0,0,0,0,iter,0,1,optk,1,dynamic
20,507,0.01,40,0,1,1,2.4077e-07,1,2.4077e-07,2.4077e-07,0,0,0,iter,0,1,optk,1,dynamic
20,507,0.01,40,1,0,0,0,0,0,0,0,0,0,iter,0,1,optk,1,dynamic
20,507,0.01,42,0,495,495,0.000104494,434,0.000104494,0.000119174,0,0,0,iter,0,1,optk,1,dynamic
20,507,0.01,42,1,0,0,0,0,0,0,0,0,0,iter,0,1,optk,1,dynamic
20,507,0.01,44,0,2548,2548,0.000515488,2141,0.000515488,0.000613293,0,0,0,iter,0,1,optk,1,dynamic
20,507,0.01,44,1,0,0,0,0,0,0,0,0,0,iter,0,1,optk,1,dynamic
20,507,0.01,46,0,8894,8894,0.00167215,6945,0.00167215,0.00213912,0,0,0,iter,0,1,optk,1,dynamic
20,507,0.01,46,1,0,0,0,0,0,0,0,0,0,iter,0,1,optk,1,dynamic
20,507,0.01,48,0,31552,31552,0.00557454,23153,0.00557454,0.00756799,0,0,0,iter,0,1,optk,1,dynamic
20,507,0.01,48,1,16,16,9.63079e-07,4,9.63079e-07,3.85231e-06,0,4,4,iter,0,1,optk,1,dynamic
20,507,0.01,50,0,93360,93360,0.0151584,62958,0.0151584,0.0222275,0,0,0,iter,0,1,optk,1,dynamic
20,507,0.01,50,1,1105,1105,4.23755e-05,176,4.23755e-05,0.000266015,0,176,176,iter,0,1,optk,1,dynamic
20,507,0.01,52,0,268598,268598,0.0398351,165449,0.0398351,0.0626235,0,0,0,iter,0,1,optk,1,dynamic
20,507,0.01,52,1,18627,18627,0.000734589,3051,0.000734589,0.00447478,0,3107,3107,iter,0,1,optk,1,dynamic
20,507,0.01,54,0,704312,704312,0.092727,385127,0.092727,0.155978,0,0,0,iter,0,1,optk,1,dynamic
20,507,0.01,54,1,435126,435126,0.0113427,47110,0.0113427,0.0994641,0,0,0,iter,0,1,optk,1,dynamic
20,507,0.01,54,2,7799,7799,0.00108684,4514,0.00108684,0.001876,4956,1,4957,iter,0,1,optk,1,dynamic
20,5067,0.1,34,0,0,0,0,0,0,0,0,0,0,iter,0,1,optk,5,dynamic
20,5067,0.1,36,0,0,0,0,0,0,0,0,0,0,iter,0,1,optk,5,dynamic
20,5067,0.1,38,0,0,0,0,0,0,0,0,0,0,iter,0,1,optk,5,dynamic
20,5067,0.1,40,0,1,1,2.53598e-35,5,1.20456e-07,1.20456e-07,0,0,0,iter,0,1,optk,5,dynamic
20,5067,0.1,40,1,0,0,0,0,0,0,0,0,0,iter,0,1,optk,5,dynamic
20,5067,0.1,42,0,495,495,3.90476e-22,2170,5.2278e-05,5.9624e-05,0,0,0,iter,0,1,optk,5,dynamic
20,5067,0.1,42,1,0,0,0,0,0,0,0,0,0,iter,0,1,optk,5,dynamic
20,5067,0.1,44,0,2548,2548,1.14298e-18,10709,0.000257993,0.000306875,0,0,0,iter,0,1,optk,5,dynamic
20,5067,0.1,44,1,0,0,0,0,0,0,0,0,0,iter,0,1,optk,5,dynamic
20,5067,0.1,46,0,8894,8894,4.10329e-16,34735,0.000836809,0.00107076,0,0,0,iter,0,1,optk,5,dynamic
20,5067,0.1,46,1,0,0,0,0,0,0,0,0,0,iter,0,1,optk,5,dynamic
20,5067,0.1,48,0,31552,31552,1.69932e-13,115930,0.0027929,0.00379342,0,0,0,iter,0,1,optk,5,dynamic
20,5067,0.1,48,1,0,0,0,0,0,0,0,0,0,iter,0,1,optk,5,dynamic
20,5067,0.1,50,0,93360,93360,2.54977e-11,315821,0.00760852,0.0111828,0,0,0,iter,0,1,optk,5,dynamic
20,5067,0.1,50,1,0,0,0,0,0,0,0,0,0,iter,0,1,optk,5,dynamic
20,5067,0.1,52,0,268598,268598,3.29853e-09,835228,0.0201217,0.0318365,0,0,0,iter,0,1,optk,5,dynamic
20,5067,0.1,52,1,0,0,0,0,0,0,0,0,0,iter,0,1,optk,5,dynamic
20,5067,0.1,54,0,704312,704312,2.42321e-07,1972510,0.0475202,0.0813396,0,0,0,iter,0,1,optk,5,dynamic
20,5067,0.1,54,1,1,1,2.53598e-35,5,1.20456e-07,1.20456e-07,1,1,2,iter,0,1,optk,5,dynamic
20,25336,0.5,34,0,0,0,0,0,0,0,0,0,0,iter,0,1,optk,23,dynamic
20,25336,0.5,36,0,0,0,0,0,0,0,0,0,0,iter,0,1,optk,23,dynamic
20,25336,0.5,38,0,0,0,0,0,0,0,0,0,0,iter,0,1,optk,23,dynamic
20,25336,0.5,40,0,1,1,1.0612e-160,23,1.10815e-07,1.10815e-07,0,0,0,iter,0,1,optk,23,dynamic
20,25336,0.5,40,1,0,0,0,0,0,0,0,0,0,iter,0,1,optk,23,dynamic
20,25336,0.5,42,0,495,495,4.87596e-100,9982,4.80939e-05,5.48521e-05,0,0,0,iter,0,1,optk,23,dynamic
20,25336,0.5,42,1,0,0,0,0,0,0,0,0,0,iter,0,1,optk,23,dynamic
20,25336,0.5,44,0,2548,2548,4.29759e-84,49259,0.000237333,0.000282318,0,0,0,iter,0,1,optk,23,dynamic
20,25336,0.5,44,1,0,0,0,0,0,0,0,0,0,iter,0,1,optk,23,dynamic
20,25336,0.5,46,0,8894,8894,2.43751e-72,159778,0.00076982,0.000985106,0,0,0,iter,0,1,optk,23,dynamic
20,25336,0.5,46,1,0,0,0,0,0,0,0,0,0,iter,0,1,optk,23,dynamic
20,25336,0.5,48,0,31552,31552,2.66255e-60,533241,0.00256919,0.00349034,0,0,0,iter,0,1,optk,23,dynamic
20,25336,0.5,48,1,0,0,0,0,0,0,0,0,0,iter,0,1,optk,23,dynamic
20,25336,0.5,50,0,93360,93360,2.76218e-50,1453449,0.0070028,0.0102924,0,0,0,iter,0,1,optk,23,dynamic
20,25336,0.5,50,1,0,0,0,0,0,0,0,0,0,iter,0,1,optk,23,dynamic
20,25336,0.5,52,0,268598,268598,1.43905e-40,3844771,0.0185243,0.0293262,0,0,0,iter,0,1,optk,23,dynamic
20,25336,0.5,52,1,0,0,0,0,0,0,0,0,0,iter,0,1,optk,23,dynamic
20,25336,0.5,54,0,704312,704312,5.67736e-32,9091020,0.0438011,0.0750805,0,0,0,iter,0,1,optk,23,dynamic
20,25336,0.5,54,1,1,1,1.0612e-160,23,1.10815e-07,1.10815e-07,1,1,2,iter,0,1,optk,23,dynamic
21,127,0.001,41,0,0,0,0,0,0,0,0,0,0,iter,0,1,optk,1,dynamic
21,127,0.001,43,0,0,0,0,0,0,0,0,0,0,iter,0,1,optk,1,dynamic
21,127,0.001,45,0,1,1,9.61184e-07,1,9.61184e-07,9.61183e-07,0,0,0,iter,0,1,optk,1,dynamic
21,127,0.001,45,1,0,0,0,0,0,0,0,0,0,iter,0,1,optk,1,dynamic
21,127,0.001,47,0,89,89,8.45842e-05,88,8.45842e-05,8.55417e-05,0,0,0,iter,0,1,optk,1,dynamic
21,127,0.001,47,1,0,0,0,0,0,0,0,0,0,iter,0,1,optk,1,dynamic
21,127,0.001,49,0,261,261,0.000243179,253,0.000243179,0.000250837,0,0,0,iter,0,1,optk,1,dynamic
21,127,0.001,49,1,0,0,0,0,0,0,0,0,0,iter,0,1,optk,1,dynamic
21,127,0.001,51,0,711,711,0.000651682,678,0.000651682,0.000683168,0,0,0,iter,0,1,optk,1,dynamic
21,127,0.001,51,1,0,0,0,0,0,0,0,0,0,iter,0,1,optk,1,dynamic
21,127,0.001,53,0,1720,1720,0.00154366,1606,0.00154366,0.00165187,0,0,0,iter,0,1,optk,1,dynamic
21,127,0.001,53,1,0,0,0,0,0,0,0,0,0,iter,0,1,optk,1,dynamic
21,127,0.001,55,0,4101,4101,0.00362751,3774,0.00362751,0.00393406,0,0,0,iter,0,1,optk,1,dynamic
21,127,0.001,55,1,1,1,9.61184e-07,1,9.61184e-07,9.61183e-07,0,1,1,iter,0,1,optk,1,dynamic
21,127,0.001,57,0,9236,9236,0.00778463,8099,0.00778463,0.0088382,0,0,0,iter,0,1,optk,1,dynamic
21,127,0.001,57,1,254,254,4.03697e-05,42,4.03697e-05,0.000244111,0,42,42,iter,0,1,optk,1,dynamic
21,127,0.001,59,0,20505,20505,0.0165429,17211,0.0165429,0.0195161,0,0,0,iter,0,1,optk,1,dynamic
21,127,0.001,59,1,5271,5271,0.000629575,655,0.000629575,0.00505359,1,682,683,iter,0,1,optk,1,dynamic
21,1266,0.01,41,0,0,0,0,0,0,0,0,0,0,iter,0,1,optk,1,dynamic
21,1266,0.01,43,0,0,0,0,0,0,0,0,0,0,iter,0,1,optk,1,dynamic
21,1266,0.01,45,0,1,1,9.6422e-08,1,9.6422e-08,9.6422e-08,0,0,0,iter,0,1,optk,1,dynamic
21,1266,0.01,45,1,0,0,0,0,0,0,0,0,0,iter,0,1,optk,1,dynamic
21,1266,0.01,47,0,89,89,8.48514e-06,88,8.48514e-06,8.58153e-06,0,0,0,iter,0,1,optk,1,dynamic
21,1266,0.01,47,1,0,0,0,0,0,0,0,0,0,iter,0,1,optk,1,dynamic
21,1266,0.01,49,0,261,261,2.43948e-05,253,2.43948e-05,2.51658e-05,0,0,0,iter,0,1,optk,1,dynamic
21,1266,0.01,49,1,0,0,0,0,0,0,0,0,0,iter,0,1,optk,1,dynamic
21,1266,0.01,51,0,711,711,6.53741e-05,678,6.53741e-05,6.85537e-05,0,0,0,iter,0,1,optk,1,dynamic
21,1266,0.01,51,1,0,0,0,0,0,0,0,0,0,iter,0,1,optk,1,dynamic
21,1266,0.01,53,0,1720,1720,0.00015495,1607,0.00015495,0.000165832,0,0,0,iter,0,1,optk,1,dynamic
21,1266,0.01,53,1,0,0,0,0,0,0,0,0,0,iter,0,1,optk,1,dynamic
21,1266,0.01,55,0,4101,4101,0.000365054,3786,0.000365054,0.000395349,0,0,0,iter,0,1,optk,1,dynamic
21,1266,0.01,55,1,0,0,0,0,0,0,0,0,0,iter,0,1,optk,1,dynamic
21,1266,0.01,57,0,9236,9236,0.00078449,8136,0.00078449,0.000890158,0,0,0,iter,0,1,optk,1,dynamic
21,1266,0.01,57,1,4,4,1.92844e-07,2,1.92844e-07,3.85688e-07,0,2,2,iter,0,1,optk,1,dynamic
21,1266,0.01,59,0,20505,20505,0.00167177,17338,0.00167177,0.00197518,0,0,0,iter,0,1,optk,1,dynamic
21,1266,0.01,59,1,536,536,6.36386e-06,66,6.36386e-06,5.16809e-05,1,66,67,iter,0,1,optk,1,dynamic
21,12664,0.1,41,0,0,0,0,0,0,0,0,0,0,iter,0,1,optk,5,dynamic
21,12664,0.1,43,0,0,0,0,0,0,0,0,0,0,iter,0,1,optk,5,dynamic
21,12664,0.1,45,0,1,1,2.60043e-37,5,4.81958e-08,4.81958e-08,0,0,0,iter,0,1,optk,5,dynamic
21,12664,0.1,45,1,0,0,0,0,0,0,0,0,0,iter,0,1,optk,5,dynamic
21,12664,0.1,47,0,89,89,1.37233e-27,440,4.24123e-06,4.28942e-06,0,0,0,iter,0,1,optk,5,dynamic
21,12664,0.1,47,1,0,0,0,0,0,0,0,0,0,iter,0,1,optk,5,dynamic
21,12664,0.1,49,0,261,261,2.69556e-25,1265,1.21935e-05,1.2579e-05,0,0,0,iter,0,1,optk,5,dynamic
21,12664,0.1,49,1,0,0,0,0,0,0,0,0,0,iter,0,1,optk,5,dynamic
21,12664,0.1,51,0,711,711,3.72558e-23,3390,3.26767e-05,3.42666e-05,0,0,0,iter,0,1,optk,5,dynamic
21,12664,0.1,51,1,0,0,0,0,0,0,0,0,0,iter,0,1,optk,5,dynamic
21,12664,0.1,53,0,1720,1720,2.78519e-21,8034,7.7441e-05,8.28933e-05,0,0,0,iter,0,1,optk,5,dynamic
21,12664,0.1,53,1,0,0,0,0,0,0,0,0,0,iter,0,1,optk,5,dynamic
21,12664,0.1,55,0,4101,4101,2.02171e-19,18928,0.00018245,0.000197631,0,0,0,iter,0,1,optk,5,dynamic
21,12664,0.1,55,1,0,0,0,0,0,0,0,0,0,iter,0,1,optk,5,dynamic
21,12664,0.1,57,0,9236,9236,9.27728e-18,40686,0.000392179,0.000445037,0,0,0,iter,0,1,optk,5,dynamic
21,12664,0.1,57,1,0,0,0,0,0,0,0,0,0,iter,0,1,optk,5,dynamic
21,12664,0.1,59,0,20505,20505,4.07419e-16,86690,0.000835619,0.000987767,0,0,0,iter,0,1,optk,5,dynamic
21,12664,0.1,59,1,2,2,2.60043e-37,5,4.81958e-08,9.63916e-08,1,1,2,iter,0,1,optk,5,dynamic
21,63322,0.5,41,0,0,0,0,0,0,0,0,0,0,iter,0,1,optk,26,dynamic
21,63322,0.5,43,0,0,0,0,0,0,0,0,0,0,iter,0,1,optk,26,dynamic
21,63322,0.5,45,0,1,1,1.58763e-190,26,5.0122e-08,5.0122e-08,0,0,0,iter,0,1,optk,26,dynamic
21,63322,0.5,45,1,0,0,0,0,0,0,0,0,0,iter,0,1,optk,26,dynamic
21,63322,0.5,47,0,89,89,5.71871e-140,2288,4.41074e-06,4.46085e-06,0,0,0,iter,0,1,optk,26,dynamic
21,63322,0.5,47,1,0,0,0,0,0,0,0,0,0,iter,0,1,optk,26,dynamic
21,63322,0.5,49,0,261,261,4.80709e-128,6578,1.26809e-05,1.30818e-05,0,0,0,iter,0,1,optk,26,dynamic
21,63322,0.5,49,1,0,0,0,0,0,0,0,0,0,iter,0,1,optk,26,dynamic
21,63322,0.5,51,0,711,711,6.49711e-117,17628,3.39827e-05,3.56361e-05,0,0,0,iter,0,1,optk,26,dynamic
21,63322,0.5,51,1,0,0,0,0,0,0,0,0,0,iter,0,1,optk,26,dynamic
21,63322,0.5,53,0,1720,1720,3.60488e-107,41781,8.05442e-05,8.62062e-05,0,0,0,iter,0,1,optk,26,dynamic
21,63322,0.5,53,1,0,0,0,0,0,0,0,0,0,iter,0,1,optk,26,dynamic
21,63322,0.5,55,0,4101,4101,1.7068e-97,98425,0.000189741,0.000205529,0,0,0,iter,0,1,optk,26,dynamic
21,63322,0.5,55,1,0,0,0,0,0,0,0,0,0,iter,0,1,optk,26,dynamic
21,63322,0.5,57,0,9236,9236,7.44675e-89,211546,0.000407812,0.00046282,0,0,0,iter,0,1,optk,26,dynamic
21,63322,0.5,57,1,0,0,0,0,0,0,0,0,0,iter,0,1,optk,26,dynamic
21,63322,0.5,59,0,20505,20505,2.60105e-80,450805,0.000869049,0.00102722,0,0,0,iter,0,1,optk,26,dynamic
21,63322,0.5,59,1,2,2,1.58763e-190,26,5.0122e-08,1.00244e-07,1,1,2,iter,0,1,optk,26,dynamic
22,9,0.001,33,0,0,0,0,0,0,0,0,0,0,iter,0,1,optk,1,dynamic
22,9,0.001,35,0,0,0,0,0,0,0,0,0,0,iter,0,1,optk,1,dynamic
22,9,0.001,37,0,11,11,0.000135634,10,0.000135634,0.000149186,0,0,0,iter,0,1,optk,1,dynamic
22,9,0.001,37,1,0,0,0,0,0,0,0,0,0,iter,0,1,optk,1,dynamic
22,9,0.001,39,0,181,181,0.00219727,162,0.00219727,0.00245196,0,0,0,iter,0,1,optk,1,dynamic
22,9,0.001,39,1,0,0,0,0,0,0,0,0,0,iter,0,1,optk,1,dynamic
22,9,0.001,41,0,1552,1552,0.0175781,1296,0.0175781,0.0208303,0,0,0,iter,0,1,optk,1,dynamic
22,9,0.001,41,1,2,2,1.35634e-05,1,1.35634e-05,2.71264e-05,0,1,1,iter,0,1,optk,1,dynamic
22,9,0.001,43,0,10323,10323,0.100857,7436,0.100857,0.130654,0,0,0,iter,0,1,optk,1,dynamic
22,9,0.001,43,1,260,260,0.00124783,92,0.00124783,0.00352026,0,94,94,iter,0,1,optk,1,dynamic
22,9,0.001,45,0,48652,48652,0.359999,26542,0.359999,0.483089,0,0,0,iter,0,1,optk,1,dynamic
22,9,0.001,45,1,6778,6778,0.0318739,2350,0.0318739,0.0878333,0,0,0,iter,0,1,optk,1,dynamic
22,9,0.001,45,2,1592,1592,0.0145264,1071,0.0145264,0.0213614,1529,0,1529,iter,0,1,optk,1,dynamic
22,9,0.001,47,0,17593,17593,0.130466,9619,0.130466,0.212286,12274,0,12274,type,0,5,optk,1,dynamic
22,9,0.001,47,0,215654,215654,0.818441,60342,0.818441,0.946335,0,0,0,iter,0,1,optk,1,dynamic
22,9,0.001,47,1,136409,136409,0.410712,30281,0.410712,0.842789,0,0,0,iter,0,1,optk,1,dynamic
22,9,0.001,47,1,17622,17622,0.130846,9647,0.130846,0.212596,12267,0,12267,type,1,5,optk,1,dynamic
22,9,0.001,47,2,17457,17457,0.129774,9568,0.129774,0.210832,12298,0,12298,type,2,5,optk,1,dynamic
22,9,0.001,47,3,18061,18061,0.132989,9805,0.132989,0.21727,12516,0,12516,type,3,5,optk,1,dynamic
22,9,0.001,47,4,17550,17550,0.128445,9470,0.128445,0.211827,12140,0,12140,type,4,5,optk,1,dynamic
22,9,0.001,49,0,771531,771531,0.994778,73343,0.994778,0.999971,0,0,0,iter,0,1,optk,1,dynamic
22,9,0.001,49,0,91736,91736,0.465766,34340,0.465766,0.711843,47205,0,47205,type,0,8,optk,1,dynamic
22,9,0.001,49,1,93546,93546,0.472399,34829,0.472399,0.718831,48139,1,48140,type,1,8,optk,1,dynamic
22,9,0.001,49,1,986317,986317,0.953627,70309,0.953627,0.999998,0,0,0,iter,0,1,optk,1,dynamic
22,90,0.01,33,0,0,0,0,0,0,0,0,0,0,iter,0,1,optk,1,dynamic
22,90,0.01,35,0,0,0,0,0,0,0,0,0,0,iter,0,1,optk,1,dynamic
22,90,0.01,37,0,11,11,1.35634e-05,10,1.35634e-05,1.49196e-05,0,0,0,iter,0,1,optk,1,dynamic
22,90,0.01,37,1,0,0,0,0,0,0,0,0,0,iter,0,1,optk,1,dynamic
22,90,0.01,39,0,181,181,0.000219727,162,0.000219727,0.000245467,0,0,0,iter,0,1,optk,1,dynamic
22,90,0.01,39,1,0,0,0,0,0,0,0,0,0,iter,0,1,optk,1,dynamic
22,90,0.01,41,0,1552,1552,0.00177816,1311,0.00177816,0.00210282,0,0,0,iter,0,1,optk,1,dynamic
22,90,0.01,41,1,0,0,0,0,0,0,0,0,0,iter,0,1,optk,1,dynamic
22,90,0.01,43,0,10323,10323,0.0106201,7830,0.0106201,0.0139039,0,0,0,iter,0,1,optk,1,dynamic
22,90,0.01,43,1,19,19,1.35634e-05,10,1.35634e-05,2.57701e-05,0,10,10,iter,0,1,optk,1,dynamic
22,90,0.01,45,0,48652,48652,0.0436469,32180,0.0436469,0.0638584,0,0,0,iter,0,1,optk,1,dynamic
22,90,0.01,45,1,919,919,0.000389269,287,0.000389269,0.0012457,0,290,290,iter,0,1,optk,1,dynamic
22,90,0.01,47,0,215654,215654,0.157133,115851,0.157133,0.253604,0,0,0,iter,0,1,optk,1,dynamic
22,90,0.01,47,1,26454,26454,0.0101034,7449,0.0101034,0.0352445,0,0,0,iter,0,1,optk,1,dynamic
22,90,0.01,47,2,2040,2040,0.00167236,1233,0.00167236,0.0027631,1452,0,1452,iter,0,1,optk,1,dynamic
22,90,0.01,49,0,46234,46234,0.0312052,23007,0.0312052,0.0607831,28894,0,28894,type,0,2,optk,1,dynamic
22,90,0.01,49,0,771531,771531,0.412122,303849,0.412122,0.64882,0,0,0,iter,0,1,optk,1,dynamic
22,90,0.01,49,1,409475,409475,0.119793,88321,0.119793,0.426149,0,0,0,iter,0,1,optk,1,dynamic
22,90,0.01,49,1,46566,46566,0.0316949,23368,0.0316949,0.061206,29219,1,29220,type,1,2,optk,1,dynamic
22,902,0.1,33,0,0,0,0,0,0,0,0,0,0,iter,0,1,optk,3,dynamic
22,902,0.1,35,0,0,0,0,0,0,0,0,0,0,iter,0,1,optk,3,dynamic
22,902,0.1,37,0,11,11,6.69228e-17,30,4.05999e-06,4.46598e-06,0,0,0,iter,0,1,optk,3,dynamic
22,902,0.1,37,1,0,0,0,0,0,0,0,0,0,iter,0,1,optk,3,dynamic
22,902,0.1,39,0,181,181,2.84524e-13,486,6.57718e-05,7.34831e-05,0,0,0,iter,0,1,optk,3,dynamic
22,902,0.1,39,1,0,0,0,0,0,0,0,0,0,iter,0,1,optk,3,dynamic
22,902,0.1,41,0,1552,1552,1.50678e-10,3932,0.000532129,0.000629912,0,0,0,iter,0,1,optk,3,dynamic
22,902,0.1,41,1,0,0,0,0,0,0,0,0,0,iter,0,1,optk,3,dynamic
22,902,0.1,43,0,10323,10323,3.24225e-08,23562,0.00318871,0.00418236,0,0,0,iter,0,1,optk,3,dynamic
22,902,0.1,43,1,0,0,0,0,0,0,0,0,0,iter,0,1,optk,3,dynamic
22,902,0.1,45,0,48652,48652,2.33257e-06,97996,0.0132621,0.0195588,0,0,0,iter,0,1,optk,3,dynamic
22,902,0.1,45,1,0,0,0,0,0,0,0,0,0,iter,0,1,optk,3,dynamic
22,902,0.1,47,0,215654,215654,0.000123808,368281,0.0498406,0.0838318,0,0,0,iter,0,1,optk,3,dynamic
22,902,0.1,47,1,38,38,1.44553e-17,18,2.43599e-06,1.54278e-05,0,6,6,iter,0,1,optk,3,dynamic
22,902,0.1,49,0,771531,771531,0.00317105,1085586,0.146916,0.268926,0,0,0,iter,0,1,optk,3,dynamic
22,902,0.1,49,1,2890,2890,2.47712e-11,2154,0.000291507,0.00117265,1,719,720,iter,0,1,optk,3,dynamic
22,4512,0.5,33,0,0,0,0,0,0,0,0,0,0,iter,0,1,optk,16,dynamic
22,4512,0.5,35,0,0,0,0,0,0,0,0,0,0,iter,0,1,optk,16,dynamic
22,4512,0.5,37,0,11,11,1.51976e-86,160,4.32873e-06,4.7616e-06,0,0,0,iter,0,1,optk,16,dynamic
22,4512,0.5,37,1,0,0,0,0,0,0,0,0,0,iter,0,1,optk,16,dynamic
22,4512,0.5,39,0,181,181,3.41992e-67,2592,7.01255e-05,7.8347e-05,0,0,0,iter,0,1,optk,16,dynamic
22,4512,0.5,39,1,0,0,0,0,0,0,0,0,0,iter,0,1,optk,16,dynamic
22,4512,0.5,41,0,1552,1552,1.1537e-52,20972,0.000567389,0.000671594,0,0,0,iter,0,1,optk,16,dynamic
22,4512,0.5,41,1,0,0,0,0,0,0,0,0,0,iter,0,1,optk,16,dynamic
22,4512,0.5,43,0,10323,10323,3.20908e-40,125721,0.00340133,0.00445858,0,0,0,iter,0,1,optk,16,dynamic
22,4512,0.5,43,1,0,0,0,0,0,0,0,0,0,iter,0,1,optk,16,dynamic
22,4512,0.5,45,0,48652,48652,2.55664e-30,522683,0.014141,0.0208399,0,0,0,iter,0,1,optk,16,dynamic
22,4512,0.5,45,1,0,0,0,0,0,0,0,0,0,iter,0,1,optk,16,dynamic
22,4512,0.5,47,0,215654,215654,3.93805e-21,1960939,0.0530524,0.0891262,0,0,0,iter,0,1,optk,16,dynamic
22,4512,0.5,47,1,0,0,0,0,0,0,0,0,0,iter,0,1,optk,16,dynamic
22,4512,0.5,49,0,771531,771531,1.2158e-13,5761864,0.155885,0.283929,0,0,0,iter,0,1,optk,16,dynamic
22,4512,0.5,49,1,3,3,6.54207e-95,48,1.29862e-06,1.29862e-06,1,3,4,iter,0,1,optk,16,dynamic
23,46,0.001,34,0,0,0,0,0,0,0,0,0,0,iter,0,1,optk,1,dynamic
23,46,0.001,36,0,0,0,0,0,0,0,0,0,0,iter,0,1,optk,1,dynamic
23,46,0.001,38,0,0,0,0,0,0,0,0,0,0,iter,0,1,optk,1,dynamic
23,46,0.001,40,0,0,0,0,0,0,0,0,0,0,iter,0,1,optk,1,dynamic
23,46,0.001,42,0,8,8,2.12296e-05,8,2.12296e-05,2.12294e-05,0,0,0,iter,0,1,optk,1,dynamic
23,46,0.001,42,1,0,0,0,0,0,0,0,0,0,iter,0,1,optk,1,dynamic
23,46,0.001,44,0,440,440,0.000936757,353,0.000936757,0.00116695,0,0,0,iter,0,1,optk,1,dynamic
23,46,0.001,44,1,0,0,0,0,0,0,0,0,0,iter,0,1,optk,1,dynamic
23,46,0.001,46,0,6221,6221,0.0113021,4259,0.0113021,0.0163732,0,0,0,iter,0,1,optk,1,dynamic
23,46,0.001,46,1,16,16,3.18444e-05,12,3.18444e-05,4.24583e-05,0,12,12,iter,0,1,optk,1,dynamic
23,46,0.001,48,0,52035,52035,0.073834,27823,0.073834,0.128976,0,0,0,iter,0,1,optk,1,dynamic
23,46,0.001,48,1,1505,1505,0.00245467,925,0.00245467,0.00398586,0,956,956,iter,0,1,optk,1,dynamic
23,46,0.001,50,0,252794,252794,0.273987,103247,0.273987,0.488721,0,0,0,iter,0,1,optk,1,dynamic
23,46,0.001,50,1,57281,57281,0.0722338,27220,0.0722338,0.141018,0,0,0,iter,0,1,optk,1,dynamic
23,46,0.001,50,2,18582,18582,0.0231456,8722,0.0231456,0.048115,0,0,0,iter,0,1,optk,1,dynamic
23,46,0.001,50,3,4764,4764,0.00628927,2370,0.00628927,0.0125627,0,3023,3023,iter,0,1,optk,1,dynamic
23,46,0.001,52,0,1274196,1274196,0.735163,277033,0.735163,0.965998,0,0,0,iter,0,1,optk,1,dynamic
23,46,0.001,52,0,143639,143639,0.13964,52621,0.13964,0.316942,60368,0,60368,type,0,6,optk,1,dynamic
23,46,0.001,52,1,1114676,1114676,0.676039,254753,0.676039,0.948078,0,0,0,iter,0,1,optk,1,dynamic
23,46,0.001,52,1,144001,144001,0.139383,52524,0.139383,0.317598,60192,0,60192,type,1,6,optk,1,dynamic
23,46,0.001,52,2,143370,143370,0.138499,52191,0.138499,0.316454,59982,0,59982,type,2,6,optk,1,dynamic
23,46,0.001,52,3,143620,143620,0.138871,52331,0.138871,0.316907,60019,0,60019,type,3,6,optk,1,dynamic
23,46,0.001,52,4,143057,143057,0.139104,52419,0.139104,0.315886,60263,0,60263,type,4,6,optk,1,dynamic
23,46,0.001,52,5,144001,144001,0.139059,52402,0.139059,0.317598,60201,0,60201,type,5,6,optk,1,dynamic
23,46,0.001,54,0,5181446,5181446,0.989306,372802,0.989306,0.999999,0,0,0,iter,0,1,optk,1,dynamic
23,46,0.001,54,0,647260,647260,0.432829,163104,0.432829,0.82051,214076,1,214077,type,0,8,optk,1,dynamic
23,46,0.001,54,1,9567751,9567751,0.99923,376542,0.99923,1,0,0,0,iter,0,1,optk,1,dynamic
23,464,0.01,34,0,0,0,0,0,0,0,0,0,0,iter,0,1,optk,1,dynamic
23,464,0.01,36,0,0,0,0,0,0,0,0,0,0,iter,0,1,optk,1,dynamic
23,464,0.01,38,0,0,0,0,0,0,0,0,0,0,iter,0,1,optk,1,dynamic
23,464,0.01,40,0,0,0,0,0,0,0,0,0,0,iter,0,1,optk,1,dynamic
23,464,0.01,42,0,8,8,2.10466e-06,8,2.10466e-06,2.10466e-06,0,0,0,iter,0,1,optk,1,dynamic
23,464,0.01,42,1,0,0,0,0,0,0,0,0,0,iter,0,1,optk,1,dynamic
23,464,0.01,44,0,440,440,9.31312e-05,354,9.31312e-05,0.00011575,0,0,0,iter,0,1,optk,1,dynamic
23,464,0.01,44,1,0,0,0,0,0,0,0,0,0,iter,0,1,optk,1,dynamic
23,464,0.01,46,0,6221,6221,0.00112494,4276,0.00112494,0.0016353,0,0,0,iter,0,1,optk,1,dynamic
23,464,0.01,46,1,0,0,0,0,0,0,0,0,0,iter,0,1,optk,1,dynamic
23,464,0.01,48,0,52035,52035,0.00757152,28780,0.00757152,0.0135962,0,0,0,iter,0,1,optk,1,dynamic
23,464,0.01,48,1,143,143,2.60452e-05,99,2.60452e-05,3.76201e-05,0,99,99,iter,0,1,optk,1,dynamic
23,464,0.01,50,0,252794,252794,0.0313389,119122,0.0313389,0.0643424,0,0,0,iter,0,1,optk,1,dynamic
23,464,0.01,50,1,6363,6363,0.000854755,3249,0.000854755,0.00167259,0,3347,3347,iter,0,1,optk,1,dynamic
23,464,0.01,52,0,1274196,1274196,0.123514,469488,0.123514,0.284818,0,0,0,iter,0,1,optk,1,dynamic
23,464,0.01,52,1,187408,187408,0.0186673,70956,0.0186673,0.0481081,0,0,0,iter,0,1,optk,1,dynamic
23,464,0.01,52,2,23492,23492,0.00247561,9410,0.00247561,0.00616128,10637,0,10637,iter,0,1,optk,1,dynamic
23,464,0.01,54,0,396990,396990,0.0337224,128182,0.0337224,0.0991722,145202,1,145203,type,0,3,optk,1,dynamic
23,464,0.01,54,0,5181446,5181446,0.361963,1375852,0.361963,0.744146,0,0,0,iter,0,1,optk,1,dynamic
23,464,0.01,54,1,3493307,3493307,0.228989,870406,0.228989,0.601093,0,0,0,iter,0,1,optk,1,dynamic
23,4643,0.1,34,0,0,0,0,0,0,0,0,0,0,iter,0,1,optk,5,dynamic
23,4643,0.1,36,0,0,0,0,0,0,0,0,0,0,iter,0,1,optk,5,dynamic
23,4643,0.1,38,0,0,0,0,0,0,0,0,0,0,iter,0,1,optk,5,dynamic
23,4643,0.1,40,0,0,0,0,0,0,0,0,0,0,iter,0,1,optk,5,dynamic
23,4643,0.1,42,0,8,8,1.28634e-30,40,1.05165e-06,1.05165e-06,0,0,0,iter,0,1,optk,5,dynamic
23,4643,0.1,42,1,0,0,0,0,0,0,0,0,0,iter,0,1,optk,5,dynamic
23,4643,0.1,44,0,440,440,2.18234e-22,1770,4.65355e-05,5.78391e-05,0,0,0,iter,0,1,optk,5,dynamic
23,4643,0.1,44,1,0,0,0,0,0,0,0,0,0,iter,0,1,optk,5,dynamic
23,4643,0.1,46,0,6221,6221,5.63011e-17,21394,0.000562475,0.000817455,0,0,0,iter,0,1,optk,5,dynamic
23,4643,0.1,46,1,0,0,0,0,0,0,0,0,0,iter,0,1,optk,5,dynamic
23,4643,0.1,48,0,52035,52035,7.81455e-13,144135,0.00378949,0.00681699,0,0,0,iter,0,1,optk,5,dynamic
23,4643,0.1,48,1,0,0,0,0,0,0,0,0,0,iter,0,1,optk,5,dynamic
23,4643,0.1,50,0,252794,252794,9.78006e-10,600146,0.0157786,0.0326853,0,0,0,iter,0,1,optk,5,dynamic
23,4643,0.1,50,1,0,0,0,0,0,0,0,0,0,iter,0,1,optk,5,dynamic
23,4643,0.1,52,0,1274196,1274196,1.05467e-06,2425560,0.063771,0.154224,0,0,0,iter,0,1,optk,5,dynamic
23,4643,0.1,52,1,1,1,3.92561e-35,5,1.31456e-07,1.31456e-07,0,1,1,iter,0,1,optk,5,dynamic
23,4643,0.1,54,0,5181446,5181446,0.000329545,7651939,0.201179,0.493957,0,0,0,iter,0,1,optk,5,dynamic
23,4643,0.1,54,1,3310,3310,2.1312e-20,4425,0.000116339,0.000435026,1,885,886,iter,0,1,optk,5,dynamic
23,23216,0.5,34,0,0,0,0,0,0,0,0,0,0,iter,0,1,optk,25,dynamic
23,23216,0.5,36,0,0,0,0,0,0,0,0,0,0,iter,0,1,optk,25,dynamic
23,23216,0.5,38,0,0,0,0,0,0,0,0,0,0,iter,0,1,optk,25,dynamic
23,23216,0.5,40,0,0,0,0,0,0,0,0,0,0,iter,0,1,optk,25,dynamic
23,23216,0.5,42,0,8,8,3.51817e-150,200,1.05161e-06,1.0516e-06,0,0,0,iter,0,1,optk,25,dynamic
23,23216,0.5,42,1,0,0,0,0,0,0,0,0,0,iter,0,1,optk,25,dynamic
23,23216,0.5,44,0,440,440,4.93085e-109,8849,4.65283e-05,5.78366e-05,0,0,0,iter,0,1,optk,25,dynamic
23,23216,0.5,44,1,0,0,0,0,0,0,0,0,0,iter,0,1,optk,25,dynamic
23,23216,0.5,46,0,6221,6221,5.64956e-82,106969,0.000562446,0.00081742,0,0,0,iter,0,1,optk,25,dynamic
23,23216,0.5,46,1,0,0,0,0,0,0,0,0,0,iter,0,1,optk,25,dynamic
23,23216,0.5,48,0,52035,52035,2.903e-61,720595,0.00378891,0.00681669,0,0,0,iter,0,1,optk,25,dynamic
23,23216,0.5,48,1,0,0,0,0,0,0,0,0,0,iter,0,1,optk,25,dynamic
23,23216,0.5,50,0,252794,252794,8.90409e-46,3000274,0.0157755,0.0326839,0,0,0,iter,0,1,optk,25,dynamic
23,23216,0.5,50,1,0,0,0,0,0,0,0,0,0,iter,0,1,optk,25,dynamic
23,23216,0.5,52,0,1274196,1274196,1.30574e-30,12128627,0.0637726,0.154218,0,0,0,iter,0,1,optk,25,dynamic
23,23216,0.5,52,1,0,0,0,0,0,0,0,0,0,iter,0,1,optk,25,dynamic
23,23216,0.5,54,0,5181446,5181446,3.88187e-18,38259474,0.201169,0.493942,0,0,0,iter,0,1,optk,25,dynamic
23,23216,0.5,54,1,18,18,2.35152e-143,375,1.97176e-06,2.36611e-06,1,15,16,iter,0,1,optk,25,dynamic
24,34,0.001,32,0,0,0,0,0,0,0,0,0,0,iter,0,1,optk,1,dynamic
24,34,0.001,34,0,0,0,0,0,0,0,0,0,0,iter,0,1,optk,1,dynamic
24,34,0.001,36,0,0,0,0,0,0,0,0,0,0,iter,0,1,optk,1,dynamic
24,34,0.001,38,0,13,13,3.5903e-05,10,3.5903e-05,4.66729e-05,0,0,0,iter,0,1,optk,1,dynamic
24,34,0.001,38,1,0,0,0,0,0,0,0,0,0,iter,0,1,optk,1,dynamic
24,34,0.001,40,0,769,769,0.00239114,666,0.00239114,0.00275714,0,0,0,iter,0,1,optk,1,dynamic
24,34,0.001,40,1,0,0,0,0,0,0,0,0,0,iter,0,1,optk,1,dynamic
24,34,0.001,42,0,2660,2660,0.00775506,2160,0.00775506,0.00950475,0,0,0,iter,0,1,optk,1,dynamic
24,34,0.001,42,1,0,0,0,0,0,0,0,0,0,iter,0,1,optk,1,dynamic
24,34,0.001,44,0,8574,8574,0.0245182,6829,0.0245182,0.0303143,0,0,0,iter,0,1,optk,1,dynamic
24,34,0.001,44,1,0,0,0,0,0,0,0,0,0,iter,0,1,optk,1,dynamic
24,34,0.001,46,0,24348,24348,0.0637853,17766,0.0637853,0.0837048,0,0,0,iter,0,1,optk,1,dynamic
24,34,0.001,46,1,115,115,0.000175925,49,0.000175925,0.0004128,0,49,49,iter,0,1,optk,1,dynamic
24,34,0.001,48,0,68451,68451,0.159244,44354,0.159244,0.21789,0,0,0,iter,0,1,optk,1,dynamic
24,34,0.001,48,1,2512,2512,0.00314152,875,0.00314152,0.00897829,0,889,889,iter,0,1,optk,1,dynamic
24,34,0.001,50,0,178411,178411,0.341653,95160,0.341653,0.472997,0,0,0,iter,0,1,optk,1,dynamic
24,34,0.001,50,1,64185,64185,0.0547629,15253,0.0547629,0.205819,0,0,0,iter,0,1,optk,1,dynamic
24,34,0.001,50,2,9832,9832,0.0226728,6315,0.0226728,0.0346841,0,0,0,iter,0,1,optk,1,dynamic
24,34,0.001,50,3,4085,4085,0.00364057,1014,0.00364057,0.0145594,0,1174,1174,iter,0,1,optk,1,dynamic
24,34,0.001,52,0,39170,39170,0.0812378,22627,0.0812378,0.131191,26276,1,26277,type,0,5,optk,1,dynamic
24,34,0.001,52,0,454421,454421,0.625011,174083,0.625011,0.804366,0,0,0,iter,0,1,optk,1,dynamic
24,34,0.001,52,1,907148,907148,0.431274,120122,0.431274,0.961494,0,0,0,iter,0,1,optk,1,dynamic
24,343,0.01,32,0,0,0,0,0,0,0,0,0,0,iter,0,1,optk,1,dynamic
24,343,0.01,34,0,0,0,0,0,0,0,0,0,0,iter,0,1,optk,1,dynamic
24,343,0.01,36,0,0,0,0,0,0,0,0,0,0,iter,0,1,optk,1,dynamic
24,343,0.01,38,0,13,13,3.5589e-06,10,3.5589e-06,4.62656e-06,0,0,0,iter,0,1,optk,1,dynamic
24,343,0.01,38,1,0,0,0,0,0,0,0,0,0,iter,0,1,optk,1,dynamic
24,343,0.01,40,0,769,769,0.000237735,668,0.000237735,0.000273642,0,0,0,iter,0,1,optk,1,dynamic
24,343,0.01,40,1,0,0,0,0,0,0,0,0,0,iter,0,1,optk,1,dynamic
24,343,0.01,42,0,2660,2660,0.00077157,2168,0.00077157,0.00094622,0,0,0,iter,0,1,optk,1,dynamic
24,343,0.01,42,1,0,0,0,0,0,0,0,0,0,iter,0,1,optk,1,dynamic
24,343,0.01,44,0,8574,8574,0.00246027,6913,0.00246027,0.00304675,0,0,0,iter,0,1,optk,1,dynamic
24,343,0.01,44,1,0,0,0,0,0,0,0,0,0,iter,0,1,optk,1,dynamic
24,343,0.01,46,0,24348,24348,0.00650674,18283,0.00650674,0.00862778,0,0,0,iter,0,1,optk,1,dynamic
24,343,0.01,46,1,8,8,7.1178e-07,2,7.1178e-07,2.84712e-06,0,2,2,iter,0,1,optk,1,dynamic
24,343,0.01,48,0,68451,68451,0.0170642,47948,0.0170642,0.0240667,0,0,0,iter,0,1,optk,1,dynamic
24,343,0.01,48,1,288,288,3.02507e-05,85,3.02507e-05,0.000102491,0,85,85,iter,0,1,optk,1,dynamic
24,343,0.01,50,0,178411,178411,0.0405487,113936,0.0405487,0.0615209,0,0,0,iter,0,1,optk,1,dynamic
24,343,0.01,50,1,7529,7529,0.00066587,1871,0.00066587,0.00267591,0,1901,1901,iter,0,1,optk,1,dynamic
24,343,0.01,52,0,454421,454421,0.0927653,260657,0.0927653,0.149324,0,0,0,iter,0,1,optk,1,dynamic
24,343,0.01,52,1,137195,137195,0.00830398,23333,0.00830398,0.0476535,0,0,0,iter,0,1,optk,1,dynamic
24,343,0.01,52,2,3998,3998,0.000859475,2415,0.000859475,0.00142184,2645,1,2646,iter,0,1,optk,1,dynamic
24,3427,0.1,32,0,0,0,0,0,0,0,0,0,0,iter,0,1,optk,3,dynamic
24,3427,0.1,34,0,0,0,0,0,0,0,0,0,0,iter,0,1,optk,3,dynamic
24,3427,0.1,36,0,0,0,0,0,0,0,0,0,0,iter,0,1,optk,3,dynamic
24,3427,0.1,38,0,13,13,1.22026e-18,30,1.06861e-06,1.38919e-06,0,0,0,iter,0,1,optk,3,dynamic
24,3427,0.1,38,1,0,0,0,0,0,0,0,0,0,iter,0,1,optk,3,dynamic
24,3427,0.1,40,0,769,769,3.63732e-13,2004,7.13828e-05,8.21723e-05,0,0,0,iter,0,1,optk,3,dynamic
24,3427,0.1,40,1,0,0,0,0,0,0,0,0,0,iter,0,1,optk,3,dynamic
24,3427,0.1,42,0,2660,2660,1.24288e-11,6503,0.000231638,0.000284209,0,0,0,iter,0,1,optk,3,dynamic
24,3427,0.1,42,1,0,0,0,0,0,0,0,0,0,iter,0,1,optk,3,dynamic
24,3427,0.1,44,0,8574,8574,4.04011e-10,20754,0.000739261,0.000915802,0,0,0,iter,0,1,optk,3,dynamic
24,3427,0.1,44,1,0,0,0,0,0,0,0,0,0,iter,0,1,optk,3,dynamic
24,3427,0.1,46,0,24348,24348,7.51107e-09,54980,0.0019584,0.00259846,0,0,0,iter,0,1,optk,3,dynamic
24,3427,0.1,46,1,0,0,0,0,0,0,0,0,0,iter,0,1,optk,3,dynamic
24,3427,0.1,48,0,68451,68451,1.37158e-07,144781,0.00515712,0.00728802,0,0,0,iter,0,1,optk,3,dynamic
24,3427,0.1,48,1,0,0,0,0,0,0,0,0,0,iter,0,1,optk,3,dynamic
24,3427,0.1,50,0,178411,178411,1.88286e-06,346665,0.0123483,0.0188845,0,0,0,iter,0,1,optk,3,dynamic
24,3427,0.1,50,1,0,0,0,0,0,0,0,0,0,iter,0,1,optk,3,dynamic
24,3427,0.1,52,0,454421,454421,2.3882e-05,808464,0.0287976,0.0473995,0,0,0,iter,0,1,optk,3,dynamic
24,3427,0.1,52,1,69,69,2.14473e-17,78,2.77837e-06,7.37335e-06,1,26,27,iter,0,1,optk,3,dynamic
24,17137,0.5,32,0,0,0,0,0,0,0,0,0,0,iter,0,1,optk,15,dynamic
24,17137,0.5,34,0,0,0,0,0,0,0,0,0,0,iter,0,1,optk,15,dynamic
24,17137,0.5,36,0,0,0,0,0,0,0,0,0,0,iter,0,1,optk,15,dynamic
24,17137,0.5,38,0,13,13,2.70083e-90,150,1.06848e-06,1.38902e-06,0,0,0,iter,0,1,optk,15,dynamic
24,17137,0.5,38,1,0,0,0,0,0,0,0,0,0,iter,0,1,optk,15,dynamic
24,17137,0.5,40,0,769,769,6.35543e-63,10020,7.13745e-05,8.21628e-05,0,0,0,iter,0,1,optk,15,dynamic
24,17137,0.5,40,1,0,0,0,0,0,0,0,0,0,iter,0,1,optk,15,dynamic
24,17137,0.5,42,0,2660,2660,2.96064e-55,32515,0.000231611,0.000284175,0,0,0,iter,0,1,optk,15,dynamic
24,17137,0.5,42,1,0,0,0,0,0,0,0,0,0,iter,0,1,optk,15,dynamic
24,17137,0.5,44,0,8574,8574,1.07434e-47,103769,0.000739168,0.000915696,0,0,0,iter,0,1,optk,15,dynamic
24,17137,0.5,44,1,0,0,0,0,0,0,0,0,0,iter,0,1,optk,15,dynamic
24,17137,0.5,46,0,24348,24348,2.38514e-41,274890,0.0019581,0.00259815,0,0,0,iter,0,1,optk,15,dynamic
24,17137,0.5,46,1,0,0,0,0,0,0,0,0,0,iter,0,1,optk,15,dynamic
24,17137,0.5,48,0,68451,68451,4.84837e-35,723932,0.00515671,0.00728717,0,0,0,iter,0,1,optk,15,dynamic
24,17137,0.5,48,1,0,0,0,0,0,0,0,0,0,iter,0,1,optk,15,dynamic
24,17137,0.5,50,0,178411,178411,2.3647e-29,1733444,0.0123477,0.0188823,0,0,0,iter,0,1,optk,15,dynamic
24,17137,0.5,50,1,0,0,0,0,0,0,0,0,0,iter,0,1,optk,15,dynamic
24,17137,0.5,52,0,454421,454421,7.78642e-24,4043405,0.028802,0.0473941,0,0,0,iter,0,1,optk,15,dynamic
24,17137,0.5,52,1,44,44,3.6969e-85,330,2.35066e-06,4.7013e-06,1,22,23,iter,0,1,optk,15,dynamic
25,118,0.001,40,0,0,0,0,0,0,0,0,0,0,iter,0,1,optk,1,dynamic
25,118,0.001,42,0,0,0,0,0,0,0,0,0,0,iter,0,1,optk,1,dynamic
25,118,0.001,44,0,0,0,0,0,0,0,0,0,0,iter,0,1,optk,1,dynamic
25,118,0.001,46,0,13,13,1.13794e-05,11,1.13794e-05,1.34483e-05,0,0,0,iter,0,1,optk,1,dynamic
25,118,0.001,46,1,0,0,0,0,0,0,0,0,0,iter,0,1,optk,1,dynamic
25,118,0.001,48,0,757,757,0.0006538,632,0.0006538,0.000782806,0,0,0,iter,0,1,optk,1,dynamic
25,118,0.001,48,1,0,0,0,0,0,0,0,0,0,iter,0,1,optk,1,dynamic
25,118,0.001,50,0,14885,14885,0.0101463,9808,0.0101463,0.0152805,0,0,0,iter,0,1,optk,1,dynamic
25,118,0.001,50,1,46,46,2.68968e-05,26,2.68968e-05,4.75856e-05,0,27,27,iter,0,1,optk,1,dynamic
25,118,0.001,52,0,149887,149887,0.0797109,77053,0.0797109,0.143634,0,0,0,iter,0,1,optk,1,dynamic
25,118,0.001,52,1,3442,3442,0.00172036,1663,0.00172036,0.0035544,0,1688,1688,iter,0,1,optk,1,dynamic
25,118,0.001,54,0,883465,883465,0.327134,316226,0.327134,0.599058,0,0,0,iter,0,1,optk,1,dynamic
25,118,0.001,54,1,173384,173384,0.0612255,59184,0.0612255,0.164199,0,0,0,iter,0,1,optk,1,dynamic
25,118,0.001,54,2,54250,54250,0.0241999,23393,0.0241999,0.0545756,0,0,0,iter,0,1,optk,1,dynamic
25,118,0.001,54,3,12955,12955,0.00468833,4532,0.00468833,0.0133125,0,5388,5388,iter,0,1,optk,1,dynamic
25,118,0.001,56,0,375690,375690,0.124222,120080,0.124222,0.322028,141268,0,141268,type,0,8,optk,1,dynamic
25,118,0.001,56,0,5440457,5440457,0.854327,825840,0.854327,0.996405,0,0,0,iter,0,1,optk,1,dynamic
25,118,0.001,56,1,2847140,2847140,0.550192,531846,0.550192,0.947416,0,0,0,iter,0,1,optk,1,dynamic
25,118,0.001,56,1,374831,374831,0.123987,119853,0.123987,0.321425,140891,0,140891,type,1,8,optk,1,dynamic
25,118,0.001,56,2,377465,377465,0.124161,120021,0.124161,0.323272,141424,0,141424,type,2,8,optk,1,dynamic
25,118,0.001,56,3,376938,376938,0.123973,119839,0.123973,0.322903,140847,0,140847,type,3,8,optk,1,dynamic
25,118,0.001,56,4,373353,373353,0.124056,119919,0.124056,0.320387,140792,0,140792,type,4,8,optk,1,dynamic
25,118,0.001,56,5,369955,369955,0.123478,119361,0.123478,0.317994,140342,0,140342,type,5,8,optk,1,dynamic
25,118,0.001,56,6,372022,372022,0.123476,119359,0.123476,0.31945,140008,0,140008,type,6,8,optk,1,dynamic
25,118,0.001,56,7,372562,372562,0.124076,119939,0.124076,0.31983,141064,0,141064,type,7,8,optk,1,dynamic
25,118,0.001,58,0,24040462,24040462,0.998943,965634,0.998943,1,0,0,0,iter,0,1,optk,1,dynamic
25,118,0.001,58,0,2973307,2973307,0.570058,551050,0.570058,0.95385,819070,1,819071,type,0,8,optk,1,dynamic
25,118,0.001,58,1,24489077,24489077,0.99273,959628,0.99273,1,0,0,0,iter,0,1,optk,1,dynamic
25,1177,0.01,40,0,0,0,0,0,0,0,0,0,0,iter,0,1,optk,1,dynamic
25,1177,0.01,42,0,0,0,0,0,0,0,0,0,0,iter,0,1,optk,1,dynamic
25,1177,0.01,44,0,0,0,0,0,0,0,0,0,0,iter,0,1,optk,1,dynamic
25,1177,0.01,46,0,13,13,1.14084e-06,11,1.14084e-06,1.34827e-06,0,0,0,iter,0,1,optk,1,dynamic
25,1177,0.01,46,1,0,0,0,0,0,0,0,0,0,iter,0,1,optk,1,dynamic
25,1177,0.01,48,0,757,757,6.56504e-05,633,6.56504e-05,7.85077e-05,0,0,0,iter,0,1,optk,1,dynamic
25,1177,0.01,48,1,0,0,0,0,0,0,0,0,0,iter,0,1,optk,1,dynamic
25,1177,0.01,50,0,14885,14885,0.0010223,9857,0.0010223,0.00154258,0,0,0,iter,0,1,optk,1,dynamic
25,1177,0.01,50,1,1,1,1.03713e-07,1,1.03713e-07,1.03713e-07,0,1,1,iter,0,1,optk,1,dynamic
25,1177,0.01,52,0,149887,149887,0.00829923,80021,0.00829923,0.015425,0,0,0,iter,0,1,optk,1,dynamic
25,1177,0.01,52,1,355,355,1.68015e-05,162,1.68015e-05,3.68175e-05,0,162,162,iter,0,1,optk,1,dynamic
25,1177,0.01,54,0,883465,883465,0.0389718,375765,0.0389718,0.0875545,0,0,0,iter,0,1,optk,1,dynamic
25,1177,0.01,54,1,21021,21021,0.000755342,7283,0.000755342,0.00217778,0,7424,7424,iter,0,1,optk,1,dynamic
25,1177,0.01,56,0,5440457,5440457,0.175418,1691375,0.175418,0.431212,0,0,0,iter,0,1,optk,1,dynamic
25,1177,0.01,56,1,589389,589389,0.0164008,158136,0.0164008,0.0592966,0,0,0,iter,0,1,optk,1,dynamic
25,1177,0.01,56,2,87835,87835,0.00313462,30224,0.00313462,0.00906827,35979,0,35979,iter,0,1,optk,1,dynamic
25,1177,0.01,58,0,1314655,1314655,0.0365034,351965,0.0365034,0.12746,405460,1,405461,type,0,4,optk,1,dynamic
25,1177,0.01,58,0,24040462,24040462,0.49492,4772010,0.49492,0.917364,0,0,0,iter,0,1,optk,1,dynamic
25,1177,0.01,58,1,12145472,12145472,0.217436,2096518,0.217436,0.716245,0,0,0,iter,0,1,optk,1,dynamic
25,11767,0.1,40,0,0,0,0,0,0,0,0,0,0,iter,0,1,optk,3,dynamic
25,11767,0.1,42,0,0,0,0,0,0,0,0,0,0,iter,0,1,optk,3,dynamic
25,11767,0.1,44,0,0,0,0,0,0,0,0,0,0,iter,0,1,optk,3,dynamic
25,11767,0.1,46,0,13,13,4.01213e-20,33,3.4234e-07,4.04584e-07,0,0,0,iter,0,1,optk,3,dynamic
25,11767,0.1,46,1,0,0,0,0,0,0,0,0,0,iter,0,1,optk,3,dynamic
25,11767,0.1,48,0,757,757,7.64553e-15,1899,1.97001e-05,2.3559e-05,0,0,0,iter,0,1,optk,3,dynamic
25,11767,0.1,48,1,0,0,0,0,0,0,0,0,0,iter,0,1,optk,3,dynamic
25,11767,0.1,50,0,14885,14885,2.891e-11,29585,0.000306913,0.000463142,0,0,0,iter,0,1,optk,3,dynamic
25,11767,0.1,50,1,0,0,0,0,0,0,0,0,0,iter,0,1,optk,3,dynamic
25,11767,0.1,52,0,149887,149887,1.55818e-08,240766,0.0024977,0.0046539,0,0,0,iter,0,1,optk,3,dynamic
25,11767,0.1,52,1,0,0,0,0,0,0,0,0,0,iter,0,1,optk,3,dynamic
25,11767,0.1,54,0,883465,883465,1.66607e-06,1142755,0.0118549,0.0271205,0,0,0,iter,0,1,optk,3,dynamic
25,11767,0.1,54,1,2,2,2.4115e-22,6,6.22437e-08,6.22437e-08,0,2,2,iter,0,1,optk,3,dynamic
25,11767,0.1,56,0,5440457,5440457,0.000177796,5420383,0.0562308,0.155759,0,0,0,iter,0,1,optk,3,dynamic
25,11767,0.1,56,1,628,628,1.67154e-16,531,5.50857e-06,1.95443e-05,0,177,177,iter,0,1,optk,3,dynamic
25,11767,0.1,58,0,24040462,24040462,0.00635275,17852938,0.185206,0.526775,0,0,0,iter,0,1,optk,3,dynamic
25,11767,0.1,58,1,153714,153714,8.34701e-10,90761,0.00094155,0.00477244,1,30267,30268,iter,0,1,optk,3,dynamic
25,58833,0.5,40,0,0,0,0,0,0,0,0,0,0,iter,0,1,optk,17,dynamic
25,58833,0.5,42,0,0,0,0,0,0,0,0,0,0,iter,0,1,optk,17,dynamic
25,58833,0.5,44,0,0,0,0,0,0,0,0,0,0,iter,0,1,optk,17,dynamic
25,58833,0.5,46,0,13,13,1.02358e-109,187,3.87999e-07,4.58544e-07,0,0,0,iter,0,1,optk,17,dynamic
25,58833,0.5,46,1,0,0,0,0,0,0,0,0,0,iter,0,1,optk,17,dynamic
25,58833,0.5,48,0,757,757,8.51743e-80,10761,2.23276e-05,2.6701e-05,0,0,0,iter,0,1,optk,17,dynamic
25,58833,0.5,48,1,0,0,0,0,0,0,0,0,0,iter,0,1,optk,17,dynamic
25,58833,0.5,50,0,14885,14885,1.59658e-59,167639,0.000347828,0.000524895,0,0,0,iter,0,1,optk,17,dynamic
25,58833,0.5,50,1,0,0,0,0,0,0,0,0,0,iter,0,1,optk,17,dynamic
25,58833,0.5,52,0,149887,149887,4.80403e-44,1364175,0.00283047,0.00527296,0,0,0,iter,0,1,optk,17,dynamic
25,58833,0.5,52,1,0,0,0,0,0,0,0,0,0,iter,0,1,optk,17,dynamic
25,58833,0.5,54,0,883465,883465,1.49562e-32,6470556,0.0134255,0.0306816,0,0,0,iter,0,1,optk,17,dynamic
25,58833,0.5,54,1,0,0,0,0,0,0,0,0,0,iter,0,1,optk,17,dynamic
25,58833,0.5,56,0,5440457,5440457,4.41611e-21,30595697,0.0634818,0.17461,0,0,0,iter,0,1,optk,17,dynamic
25,58833,0.5,56,1,0,0,0,0,0,0,0,0,0,iter,0,1,optk,17,dynamic
25,58833,0.5,58,0,24040462,24040462,2.38674e-12,99851011,0.207177,0.571717,0,0,0,iter,0,1,optk,17,dynamic
25,58833,0.5,58,1,58,58,1.32185e-101,561,1.164e-06,2.04581e-06,1,33,34,iter,0,1,optk,17,dynamic
26,65,0.001,33,0,0,0,0,0,0,0,0,0,0,iter,0,1,optk,1,dynamic
26,65,0.001,35,0,0,0,0,0,0,0,0,0,0,iter,0,1,optk,1,dynamic
26,65,0.001,37,0,1,1,1.878e-06,1,1.878e-06,1.878e-06,0,0,0,iter,0,1,optk,1,dynamic
26,65,0.001,37,1,0,0,0,0,0,0,0,0,0,iter,0,1,optk,1,dynamic
26,65,0.001,39,0,202,202,0.000366211,195,0.000366211,0.000379285,0,0,0,iter,0,1,optk,1,dynamic
26,65,0.001,39,1,0,0,0,0,0,0,0,0,0,iter,0,1,optk,1,dynamic
26,65,0.001,41,0,763,763,0.00132399,705,0.00132399,0.00143189,0,0,0,iter,0,1,optk,1,dynamic
26,65,0.001,41,1,0,0,0,0,0,0,0,0,0,iter,0,1,optk,1,dynamic
26,65,0.001,43,0,2652,2652,0.00445275,2371,0.00445275,0.00496809,0,0,0,iter,0,1,optk,1,dynamic
26,65,0.001,43,1,0,0,0,0,0,0,0,0,0,iter,0,1,optk,1,dynamic
26,65,0.001,45,0,7787,7787,0.0122502,6523,0.0122502,0.0145176,0,0,0,iter,0,1,optk,1,dynamic
26,65,0.001,45,1,5,5,1.878e-06,1,1.878e-06,9.38998e-06,0,1,1,iter,0,1,optk,1,dynamic
26,65,0.001,47,0,20928,20928,0.0312838,16658,0.0312838,0.0385405,0,0,0,iter,0,1,optk,1,dynamic
26,65,0.001,47,1,152,152,5.25841e-05,28,5.25841e-05,0.000285416,0,28,28,iter,0,1,optk,1,dynamic
26,65,0.001,49,0,52496,52496,0.0719802,38328,0.0719802,0.0938838,0,0,0,iter,0,1,optk,1,dynamic
26,65,0.001,49,1,3481,3481,0.00123197,656,0.00123197,0.00651601,0,668,668,iter,0,1,optk,1,dynamic
26,65,0.001,51,0,127748,127748,0.156376,83267,0.156376,0.213302,0,0,0,iter,0,1,optk,1,dynamic
26,65,0.001,51,1,80619,80619,0.0191819,10214,0.0191819,0.140499,0,0,0,iter,0,1,optk,1,dynamic
26,65,0.001,51,2,2558,2558,0.00338229,1801,0.00338229,0.00479242,2127,0,2127,iter,0,1,optk,1,dynamic
26,65,0.001,53,0,21357,21357,0.0260892,13892,0.0260892,0.0393148,15438,1,15439,type,0,3,optk,1,dynamic
26,65,0.001,53,0,295950,295950,0.305976,162926,0.305976,0.426384,0,0,0,iter,0,1,optk,1,dynamic
26,65,0.001,53,1,1646659,1646659,0.215877,114950,0.215877,0.954609,0,0,0,iter,0,1,optk,1,dynamic
26,646,0.01,33,0,0,0,0,0,0,0,0,0,0,iter,0,1,optk,1,dynamic
26,646,0.01,35,0,0,0,0,0,0,0,0,0,0,iter,0,1,optk,1,dynamic
26,646,0.01,37,0,1,1,1.88963e-07,1,1.88963e-07,1.88963e-07,0,0,0,iter,0,1,optk,1,dynamic
26,646,0.01,37,1,0,0,0,0,0,0,0,0,0,iter,0,1,optk,1,dynamic
26,646,0.01,39,0,202,202,3.68478e-05,195,3.68478e-05,3.81699e-05,0,0,0,iter,0,1,optk,1,dynamic
26,646,0.01,39,1,0,0,0,0,0,0,0,0,0,iter,0,1,optk,1,dynamic
26,646,0.01,41,0,763,763,0.000133219,705,0.000133219,0.000144169,0,0,0,iter,0,1,optk,1,dynamic
26,646,0.01,41,1,0,0,0,0,0,0,0,0,0,iter,0,1,optk,1,dynamic
26,646,0.01,43,0,2652,2652,0.000449166,2377,0.000449166,0.000501005,0,0,0,iter,0,1,optk,1,dynamic
26,646,0.01,43,1,0,0,0,0,0,0,0,0,0,iter,0,1,optk,1,dynamic
26,646,0.01,45,0,7787,7787,0.00123771,6550,0.00123771,0.00147038,0,0,0,iter,0,1,optk,1,dynamic
26,646,0.01,45,1,0,0,0,0,0,0,0,0,0,iter,0,1,optk,1,dynamic
26,646,0.01,47,0,20928,20928,0.00319102,16887,0.00319102,0.00394682,0,0,0,iter,0,1,optk,1,dynamic
26,646,0.01,47,1,6,6,5.6689e-07,3,5.6689e-07,1.13378e-06,0,3,3,iter,0,1,optk,1,dynamic
26,646,0.01,49,0,52496,52496,0.00750128,39697,0.00750128,0.00987078,0,0,0,iter,0,1,optk,1,dynamic
26,646,0.01,49,1,524,524,1.37943e-05,73,1.37943e-05,9.90119e-05,0,73,73,iter,0,1,optk,1,dynamic
26,646,0.01,51,0,127748,127748,0.0169844,89882,0.0169844,0.0238507,0,0,0,iter,0,1,optk,1,dynamic
26,646,0.01,51,1,9481,9481,0.000207671,1099,0.000207671,0.00178996,0,1110,1110,iter,0,1,optk,1,dynamic
26,646,0.01,53,0,295950,295950,0.0361268,191184,0.0361268,0.0543887,0,0,0,iter,0,1,optk,1,dynamic
26,646,0.01,53,1,198690,198690,0.00291325,15417,0.00291325,0.036849,0,0,0,iter,0,1,optk,1,dynamic
26,646,0.01,53,2,933,933,0.000114134,604,0.000114134,0.000176287,625,1,626,iter,0,1,optk,1,dynamic
26,6456,0.1,33,0,0,0,0,0,0,0,0,0,0,iter,0,1,optk,3,dynamic
26,6456,0.1,35,0,0,0,0,0,0,0,0,0,0,iter,0,1,optk,3,dynamic
26,6456,0.1,37,0,1,1,1.82517e-22,3,5.67241e-08,5.67241e-08,0,0,0,iter,0,1,optk,3,dynamic
26,6456,0.1,37,1,0,0,0,0,0,0,0,0,0,iter,0,1,optk,3,dynamic
26,6456,0.1,39,0,202,202,1.35334e-15,585,1.10612e-05,1.14582e-05,0,0,0,iter,0,1,optk,3,dynamic
26,6456,0.1,39,1,0,0,0,0,0,0,0,0,0,iter,0,1,optk,3,dynamic
26,6456,0.1,41,0,763,763,6.39544e-14,2115,3.99905e-05,4.32796e-05,0,0,0,iter,0,1,optk,3,dynamic
26,6456,0.1,41,1,0,0,0,0,0,0,0,0,0,iter,0,1,optk,3,dynamic
26,6456,0.1,43,0,2652,2652,2.44921e-12,7129,0.000134795,0.000150421,0,0,0,iter,0,1,optk,3,dynamic
26,6456,0.1,43,1,0,0,0,0,0,0,0,0,0,iter,0,1,optk,3,dynamic
26,6456,0.1,45,0,7787,7787,5.12972e-11,19651,0.000371562,0.000441613,0,0,0,iter,0,1,optk,3,dynamic
26,6456,0.1,45,1,0,0,0,0,0,0,0,0,0,iter,0,1,optk,3,dynamic
26,6456,0.1,47,0,20928,20928,8.81444e-10,50709,0.000958808,0.00118642,0,0,0,iter,0,1,optk,3,dynamic
26,6456,0.1,47,1,0,0,0,0,0,0,0,0,0,iter,0,1,optk,3,dynamic
26,6456,0.1,49,0,52496,52496,1.15151e-08,119429,0.00225817,0.00297336,0,0,0,iter,0,1,optk,3,dynamic
26,6456,0.1,49,1,0,0,0,0,0,0,0,0,0,iter,0,1,optk,3,dynamic
26,6456,0.1,51,0,127748,127748,1.34992e-07,271304,0.00512983,0.0072202,0,0,0,iter,0,1,optk,3,dynamic
26,6456,0.1,51,1,0,0,0,0,0,0,0,0,0,iter,0,1,optk,3,dynamic
26,6456,0.1,53,0,295950,295950,1.32568e-06,580987,0.0109853,0.0166474,0,0,0,iter,0,1,optk,3,dynamic
26,6456,0.1,53,1,26,26,4.0099e-19,39,7.37414e-07,1.47483e-06,1,13,14,iter,0,1,optk,3,dynamic
26,32281,0.5,33,0,0,0,0,0,0,0,0,0,0,iter,0,1,optk,15,dynamic
26,32281,0.5,35,0,0,0,0,0,0,0,0,0,0,iter,0,1,optk,15,dynamic
26,32281,0.5,37,0,1,1,2.02449e-109,15,5.67224e-08,5.67224e-08,0,0,0,iter,0,1,optk,15,dynamic
26,32281,0.5,37,1,0,0,0,0,0,0,0,0,0,iter,0,1,optk,15,dynamic
26,32281,0.5,39,0,202,202,4.53768e-75,2925,1.10609e-05,1.14579e-05,0,0,0,iter,0,1,optk,15,dynamic
26,32281,0.5,39,1,0,0,0,0,0,0,0,0,0,iter,0,1,optk,15,dynamic
26,32281,0.5,41,0,763,763,1.06943e-66,10575,3.99893e-05,4.32782e-05,0,0,0,iter,0,1,optk,15,dynamic
26,32281,0.5,41,1,0,0,0,0,0,0,0,0,0,iter,0,1,optk,15,dynamic
26,32281,0.5,43,0,2652,2652,8.83868e-59,35653,0.000134822,0.000150416,0,0,0,iter,0,1,optk,15,dynamic
26,32281,0.5,43,1,0,0,0,0,0,0,0,0,0,iter,0,1,optk,15,dynamic
26,32281,0.5,45,0,7787,7787,3.54489e-52,98245,0.000371513,0.0004416,0,0,0,iter,0,1,optk,15,dynamic
26,32281,0.5,45,1,0,0,0,0,0,0,0,0,0,iter,0,1,optk,15,dynamic
26,32281,0.5,47,0,20928,20928,5.32553e-46,253568,0.000958865,0.00118638,0,0,0,iter,0,1,optk,15,dynamic
26,32281,0.5,47,1,0,0,0,0,0,0,0,0,0,iter,0,1,optk,15,dynamic
26,32281,0.5,49,0,52496,52496,2.02618e-40,597194,0.00225828,0.00297327,0,0,0,iter,0,1,optk,15,dynamic
26,32281,0.5,49,1,0,0,0,0,0,0,0,0,0,iter,0,1,optk,15,dynamic
26,32281,0.5,51,0,127748,127748,4.4838e-35,1356584,0.00512991,0.00721998,0,0,0,iter,0,1,optk,15,dynamic
26,32281,0.5,51,1,0,0,0,0,0,0,0,0,0,iter,0,1,optk,15,dynamic
26,32281,0.5,53,0,295950,295950,4.09357e-30,2904984,0.0109852,0.0166469,0,0,0,iter,0,1,optk,15,dynamic
26,32281,0.5,53,1,26,26,1.03625e-92,195,7.37391e-07,1.47478e-06,1,13,14,iter,0,1,optk,15,dynamic
27,5,0.001,36,0,0,0,0,0,0,0,0,0,0,iter,0,1,optk,1,dynamic
27,5,0.001,38,0,0,0,0,0,0,0,0,0,0,iter,0,1,optk,1,dynamic
27,5,0.001,40,0,0,0,0,0,0,0,0,0,0,iter,0,1,optk,1,dynamic
27,5,0.001,42,0,0,0,0,0,0,0,0,0,0,iter,0,1,optk,1,dynamic
27,5,0.001,44,0,82,82,0.00148926,61,0.00148926,0.00199995,0,0,0,iter,0,1,optk,1,dynamic
27,5,0.001,44,1,0,0,0,0,0,0,0,0,0,iter,0,1,optk,1,dynamic
27,5,0.001,46,0,3449,3449,0.0718506,2943,0.0718506,0.0807564,0,0,0,iter,0,1,optk,1,dynamic
27,5,0.001,46,1,0,0,0,0,0,0,0,0,0,iter,0,1,optk,1,dynamic
27,5,0.001,48,0,10711,10711,0.196558,8051,0.196558,0.230103,0,0,0,iter,0,1,optk,1,dynamic
27,5,0.001,48,1,205,205,0.00170898,70,0.00170898,0.00499238,0,71,71,iter,0,1,optk,1,dynamic
27,5,0.001,50,0,30510,30510,0.444653,18213,0.444653,0.525205,0,0,0,iter,0,1,optk,1,dynamic
27,5,0.001,50,1,4744,4744,0.0328125,1344,0.0328125,0.109365,0,0,0,iter,0,1,optk,1,dynamic
27,5,0.001,50,2,1016,1016,0.019458,797,0.019458,0.0244996,0,0,0,iter,0,1,optk,1,dynamic
27,5,0.001,50,3,146,146,0.00126953,52,0.00126953,0.00355811,0,53,53,iter,0,1,optk,1,dynamic
27,5,0.001,52,0,6889,6889,0.116821,4785,0.116821,0.154805,5855,1,5856,type,0,5,optk,1,dynamic
27,5,0.001,52,0,79973,79973,0.758447,31066,0.758447,0.858076,0,0,0,iter,0,1,optk,1,dynamic
27,5,0.001,52,1,130016,130016,0.436499,17879,0.436499,0.958173,0,0,0,iter,0,1,optk,1,dynamic
27,51,0.01,36,0,0,0,0,0,0,0,0,0,0,iter,0,1,optk,1,dynamic
27,51,0.01,38,0,0,0,0,0,0,0,0,0,0,iter,0,1,optk,1,dynamic
27,51,0.01,40,0,0,0,0,0,0,0,0,0,0,iter,0,1,optk,1,dynamic
27,51,0.01,42,0,0,0,0,0,0,0,0,0,0,iter,0,1,optk,1,dynamic
27,51,0.01,44,0,82,82,0.000146006,61,0.000146006,0.000196251,0,0,0,iter,0,1,optk,1,dynamic
27,51,0.01,44,1,0,0,0,0,0,0,0,0,0,iter,0,1,optk,1,dynamic
27,51,0.01,46,0,3449,3449,0.00725481,3031,0.00725481,0.00822132,0,0,0,iter,0,1,optk,1,dynamic
27,51,0.01,46,1,0,0,0,0,0,0,0,0,0,iter,0,1,optk,1,dynamic
27,51,0.01,48,0,10711,10711,0.0211158,8822,0.0211158,0.0253113,0,0,0,iter,0,1,optk,1,dynamic
27,51,0.01,48,1,7,7,1.43612e-05,6,1.43612e-05,1.67546e-05,0,6,6,iter,0,1,optk,1,dynamic
27,51,0.01,50,0,30510,30510,0.0558627,23339,0.0558627,0.0704241,0,0,0,iter,0,1,optk,1,dynamic
27,51,0.01,50,1,616,616,0.000421262,176,0.000421262,0.00147333,0,177,177,iter,0,1,optk,1,dynamic
27,51,0.01,52,0,79973,79973,0.130893,54686,0.130893,0.174213,0,0,0,iter,0,1,optk,1,dynamic
27,51,0.01,52,1,22927,22927,0.0100648,4205,0.0100648,0.053398,0,0,0,iter,0,1,optk,1,dynamic
27,51,0.01,52,2,838,838,0.00143373,599,0.00143373,0.00200377,676,1,677,iter,0,1,optk,1,dynamic
27,511,0.1,36,0,0,0,0,0,0,0,0,0,0,iter,0,1,optk,2,dynamic
27,511,0.1,38,0,0,0,0,0,0,0,0,0,0,iter,0,1,optk,2,dynamic
27,511,0.1,40,0,0,0,0,0,0,0,0,0,0,iter,0,1,optk,2,dynamic
27,511,0.1,42,0,0,0,0,0,0,0,0,0,0,iter,0,1,optk,2,dynamic
27,511,0.1,44,0,82,82,8.49372e-10,122,2.9144e-05,3.91764e-05,0,0,0,iter,0,1,optk,2,dynamic
27,511,0.1,44,1,0,0,0,0,0,0,0,0,0,iter,0,1,optk,2,dynamic
27,511,0.1,46,0,3449,3449,2.10953e-06,6080,0.00145242,0.00164647,0,0,0,iter,0,1,optk,2,dynamic
27,511,0.1,46,1,0,0,0,0,0,0,0,0,0,iter,0,1,optk,2,dynamic
27,511,0.1,48,0,10711,10711,1.80565e-05,17788,0.00424929,0.00510433,0,0,0,iter,0,1,optk,2,dynamic
27,511,0.1,48,1,0,0,0,0,0,0,0,0,0,iter,0,1,optk,2,dynamic
27,511,0.1,50,0,30510,30510,0.000130491,47819,0.0114232,0.014471,0,0,0,iter,0,1,optk,2,dynamic
27,511,0.1,50,1,2,2,2.28264e-13,2,4.7777e-07,9.5554e-07,0,1,1,iter,0,1,optk,2,dynamic
27,511,0.1,52,0,79973,79973,0.000763176,115644,0.0276256,0.037488,0,0,0,iter,0,1,optk,2,dynamic
27,511,0.1,52,1,154,154,2.79624e-10,70,1.6722e-05,7.35739e-05,1,35,36,iter,0,1,optk,2,dynamic
27,2553,0.5,36,0,0,0,0,0,0,0,0,0,0,iter,0,1,optk,11,dynamic
27,2553,0.5,38,0,0,0,0,0,0,0,0,0,0,iter,0,1,optk,11,dynamic
27,2553,0.5,40,0,0,0,0,0,0,0,0,0,0,iter,0,1,optk,11,dynamic
27,2553,0.5,42,0,0,0,0,0,0,0,0,0,0,iter,0,1,optk,11,dynamic
27,2553,0.5,44,0,82,82,3.70766e-50,671,3.20835e-05,4.31277e-05,0,0,0,iter,0,1,optk,11,dynamic
27,2553,0.5,44,1,0,0,0,0,0,0,0,0,0,iter,0,1,optk,11,dynamic
27,2553,0.5,46,0,3449,3449,1.74156e-31,33432,0.00159853,0.00181239,0,0,0,iter,0,1,optk,11,dynamic
27,2553,0.5,46,1,0,0,0,0,0,0,0,0,0,iter,0,1,optk,11,dynamic
27,2553,0.5,48,0,10711,10711,2.33687e-26,97795,0.00467601,0.00561771,0,0,0,iter,0,1,optk,11,dynamic
27,2553,0.5,48,1,0,0,0,0,0,0,0,0,0,iter,0,1,optk,11,dynamic
27,2553,0.5,50,0,30510,30510,1.23242e-21,262785,0.0125649,0.0159189,0,0,0,iter,0,1,optk,11,dynamic
27,2553,0.5,50,1,0,0,0,0,0,0,0,0,0,iter,0,1,optk,11,dynamic
27,2553,0.5,52,0,79973,79973,2.0225e-17,635030,0.0303636,0.0411902,0,0,0,iter,0,1,optk,11,dynamic
27,2553,0.5,52,1,22,22,7.31916e-60,88,4.20767e-06,1.1571e-05,1,8,9,iter,0,1,optk,11,dynamic
28,23,0.001,38,0,0,0,0,0,0,0,0,0,0,iter,0,1,optk,1,dynamic
28,23,0.001,40,0,0,0,0,0,0,0,0,0,0,iter,0,1,optk,1,dynamic
28,23,0.001,42,0,22,22,5.83815e-05,11,5.83815e-05,0.000116756,0,0,0,iter,0,1,optk,1,dynamic
28,23,0.001,42,1,0,0,0,0,0,0,0,0,0,iter,0,1,optk,1,dynamic
28,23,0.001,44,0,984,984,0.00404424,762,0.00404424,0.00520887,0,0,0,iter,0,1,optk,1,dynamic
28,23,0.001,44,1,0,0,0,0,0,0,0,0,0,iter,0,1,optk,1,dynamic
28,23,0.001,46,0,4843,4843,0.0182256,3434,0.0182256,0.0253762,0,0,0,iter,0,1,optk,1,dynamic
28,23,0.001,46,1,4,4,1.59222e-05,3,1.59222e-05,2.12294e-05,0,3,3,iter,0,1,optk,1,dynamic
28,23,0.001,48,0,23047,23047,0.0767026,14452,0.0767026,0.115135,0,0,0,iter,0,1,optk,1,dynamic
28,23,0.001,48,1,140,140,0.000366211,69,0.000366211,0.000742761,0,69,69,iter,0,1,optk,1,dynamic
28,23,0.001,50,0,85571,85571,0.240155,45249,0.240155,0.365019,0,0,0,iter,0,1,optk,1,dynamic
28,23,0.001,50,1,6681,6681,0.0122919,2316,0.0122919,0.0348375,0,0,0,iter,0,1,optk,1,dynamic
28,23,0.001,50,2,1140,1140,0.00345512,651,0.00345512,0.00603217,849,0,849,iter,0,1,optk,1,dynamic
28,23,0.001,52,0,17441,17441,0.0510997,9628,0.0510997,0.0884114,12373,0,12373,type,0,3,optk,1,dynamic
28,23,0.001,52,0,311450,311450,0.597486,112576,0.597486,0.808524,0,0,0,iter,0,1,optk,1,dynamic
28,23,0.001,52,1,142146,142146,0.171434,32301,0.171434,0.52972,0,0,0,iter,0,1,optk,1,dynamic
28,23,0.001,52,1,18225,18225,0.0513544,9676,0.0513544,0.0921966,12398,0,12398,type,1,3,optk,1,dynamic
28,23,0.001,52,2,17835,17835,0.0503567,9488,0.0503567,0.0903156,12190,0,12190,type,2,3,optk,1,dynamic
28,23,0.001,54,0,107978,107978,0.248031,46733,0.248031,0.436215,55764,1,55765,type,0,8,optk,1,dynamic
28,23,0.001,54,0,995307,995307,0.928154,174879,0.928154,0.99492,0,0,0,iter,0,1,optk,1,dynamic
28,23,0.001,54,1,2279246,2279246,0.863313,162662,0.863313,0.999994,0,0,0,iter,0,1,optk,1,dynamic
28,230,0.01,38,0,0,0,0,0,0,0,0,0,0,iter,0,1,optk,1,dynamic
28,230,0.01,40,0,0,0,0,0,0,0,0,0,0,iter,0,1,optk,1,dynamic
28,230,0.01,42,0,22,22,5.83815e-06,11,5.83815e-06,1.16762e-05,0,0,0,iter,0,1,optk,1,dynamic
28,230,0.01,42,1,0,0,0,0,0,0,0,0,0,iter,0,1,optk,1,dynamic
28,230,0.01,44,0,984,984,0.000404955,763,0.000404955,0.000522112,0,0,0,iter,0,1,optk,1,dynamic
28,230,0.01,44,1,0,0,0,0,0,0,0,0,0,iter,0,1,optk,1,dynamic
28,230,0.01,46,0,4843,4843,0.00183742,3462,0.00183742,0.00256708,0,0,0,iter,0,1,optk,1,dynamic
28,230,0.01,46,1,0,0,0,0,0,0,0,0,0,iter,0,1,optk,1,dynamic
28,230,0.01,48,0,23047,23047,0.00797172,15020,0.00797172,0.0121575,0,0,0,iter,0,1,optk,1,dynamic
28,230,0.01,48,1,11,11,3.71518e-06,7,3.71518e-06,5.83813e-06,0,7,7,iter,0,1,optk,1,dynamic
28,230,0.01,50,0,85571,85571,0.0270991,51059,0.0270991,0.0444001,0,0,0,iter,0,1,optk,1,dynamic
28,230,0.01,50,1,686,686,0.000127378,240,0.000127378,0.000364022,0,242,242,iter,0,1,optk,1,dynamic
28,230,0.01,52,0,311450,311450,0.0871885,164277,0.0871885,0.15236,0,0,0,iter,0,1,optk,1,dynamic
28,230,0.01,52,1,20688,20688,0.00278586,5249,0.00278586,0.0109199,0,5394,5394,iter,0,1,optk,1,dynamic
28,230,0.01,54,0,995307,995307,0.231738,436632,0.231738,0.410364,0,0,0,iter,0,1,optk,1,dynamic
28,230,0.01,54,1,578524,578524,0.0487751,91900,0.0487751,0.264383,0,0,0,iter,0,1,optk,1,dynamic
28,230,0.01,54,2,47939,47939,0.0127112,23950,0.0127112,0.0251222,0,0,0,iter,0,1,optk,1,dynamic
28,230,0.01,54,3,30768,30768,0.00273544,5154,0.00273544,0.0161972,1,6270,6271,iter,0,1,optk,1,dynamic
28,2302,0.1,38,0,0,0,0,0,0,0,0,0,0,iter,0,1,optk,3,dynamic
28,2302,0.1,40,0,0,0,0,0,0,0,0,0,0,iter,0,1,optk,3,dynamic
28,2302,0.1,42,0,22,22,5.35866e-18,33,1.74992e-06,3.49984e-06,0,0,0,iter,0,1,optk,3,dynamic
28,2302,0.1,42,1,0,0,0,0,0,0,0,0,0,iter,0,1,optk,3,dynamic
28,2302,0.1,44,0,984,984,1.79539e-12,2292,0.00012154,0.000156526,0,0,0,iter,0,1,optk,3,dynamic
28,2302,0.1,44,1,0,0,0,0,0,0,0,0,0,iter,0,1,optk,3,dynamic
28,2302,0.1,46,0,4843,4843,1.67151e-10,10388,0.000550854,0.000770146,0,0,0,iter,0,1,optk,3,dynamic
28,2302,0.1,46,1,0,0,0,0,0,0,0,0,0,iter,0,1,optk,3,dynamic
28,2302,0.1,48,0,23047,23047,1.37562e-08,45185,0.00239607,0.00365969,0,0,0,iter,0,1,optk,3,dynamic
28,2302,0.1,48,1,0,0,0,0,0,0,0,0,0,iter,0,1,optk,3,dynamic
28,2302,0.1,50,0,85571,85571,5.52369e-07,154729,0.00820496,0.0135207,0,0,0,iter,0,1,optk,3,dynamic
28,2302,0.1,50,1,0,0,0,0,0,0,0,0,0,iter,0,1,optk,3,dynamic
28,2302,0.1,52,0,311450,311450,1.96373e-05,508771,0.0269791,0.0483392,0,0,0,iter,0,1,optk,3,dynamic
28,2302,0.1,52,1,4,4,4.02604e-21,3,1.59084e-07,6.36335e-07,0,1,1,iter,0,1,optk,3,dynamic
28,2302,0.1,54,0,995307,995307,0.000437539,1431641,0.075917,0.146438,0,0,0,iter,0,1,optk,3,dynamic
28,2302,0.1,54,1,1038,1038,1.84163e-14,498,2.64079e-05,0.000165115,1,166,167,iter,0,1,optk,3,dynamic
28,11512,0.5,38,0,0,0,0,0,0,0,0,0,0,iter,0,1,optk,16,dynamic
28,11512,0.5,40,0,0,0,0,0,0,0,0,0,0,iter,0,1,optk,16,dynamic
28,11512,0.5,42,0,22,22,2.16546e-92,176,1.86626e-06,3.73251e-06,0,0,0,iter,0,1,optk,16,dynamic
28,11512,0.5,42,1,0,0,0,0,0,0,0,0,0,iter,0,1,optk,16,dynamic
28,11512,0.5,44,0,984,984,6.33322e-63,12222,0.000129599,0.000166931,0,0,0,iter,0,1,optk,16,dynamic
28,11512,0.5,44,1,0,0,0,0,0,0,0,0,0,iter,0,1,optk,16,dynamic
28,11512,0.5,46,0,4843,4843,2.02016e-52,55415,0.000587607,0.000821326,0,0,0,iter,0,1,optk,16,dynamic
28,11512,0.5,46,1,0,0,0,0,0,0,0,0,0,iter,0,1,optk,16,dynamic
28,11512,0.5,48,0,23047,23047,3.29746e-42,240950,0.00255497,0.00390252,0,0,0,iter,0,1,optk,16,dynamic
28,11512,0.5,48,1,0,0,0,0,0,0,0,0,0,iter,0,1,optk,16,dynamic
28,11512,0.5,50,0,85571,85571,1.1776e-33,825046,0.00874858,0.0144131,0,0,0,iter,0,1,optk,16,dynamic
28,11512,0.5,50,1,0,0,0,0,0,0,0,0,0,iter,0,1,optk,16,dynamic
28,11512,0.5,52,0,311450,311450,2.16839e-25,2710499,0.0287414,0.0514688,0,0,0,iter,0,1,optk,16,dynamic
28,11512,0.5,52,1,0,0,0,0,0,0,0,0,0,iter,0,1,optk,16,dynamic
28,11512,0.5,54,0,995307,995307,3.27775e-18,7616654,0.0807651,0.155376,0,0,0,iter,0,1,optk,16,dynamic
28,11512,0.5,54,1,12,12,8.73269e-94,144,1.52694e-06,2.03592e-06,1,9,10,iter,0,1,optk,16,dynamic
29,1,0.001,35,0,0,0,0,0,0,0,0,0,0,iter,0,1,optk,1,dynamic
29,1,0.001,37,0,0,0,0,0,0,0,0,0,0,iter,0,1,optk,1,dynamic
29,1,0.001,39,0,6,6,0.000732422,6,0.000732422,0.000732154,0,0,0,iter,0,1,optk,1,dynamic
29,1,0.001,39,1,0,0,0,0,0,0,0,0,0,iter,0,1,optk,1,dynamic
29,1,0.001,41,0,215,215,0.0252686,207,0.0252686,0.0259037,0,0,0,iter,0,1,optk,1,dynamic
29,1,0.001,41,1,0,0,0,0,0,0,0,0,0,iter,0,1,optk,1,dynamic
29,1,0.001,43,0,551,551,0.0625,512,0.0625,0.0650486,0,0,0,iter,0,1,optk,1,dynamic
29,1,0.001,43,1,7,7,0.000244141,2,0.000244141,0.000854127,0,2,2,iter,0,1,optk,1,dynamic
29,1,0.001,45,0,1249,1249,0.135132,1107,0.135132,0.141412,0,0,0,iter,0,1,optk,1,dynamic
29,1,0.001,45,1,53,53,0.00195312,16,0.00195312,0.00644884,0,16,16,iter,0,1,optk,1,dynamic
29,1,0.001,47,0,2748,2748,0.269409,2207,0.269409,0.284983,0,0,0,iter,0,1,optk,1,dynamic
29,1,0.001,47,1,1354,1354,0.0412598,338,0.0412598,0.152346,0,0,0,iter,0,1,optk,1,dynamic
29,1,0.001,47,2,111,111,0.012085,99,0.012085,0.0134584,132,1,133,iter,0,1,optk,1,dynamic
29,11,0.01,35,0,0,0,0,0,0,0,0,0,0,iter,0,1,optk,1,dynamic
29,11,0.01,37,0,0,0,0,0,0,0,0,0,0,iter,0,1,optk,1,dynamic
29,11,0.01,39,0,6,6,6.65838e-05,6,6.65838e-05,6.65816e-05,0,0,0,iter,0,1,optk,1,dynamic
29,11,0.01,39,1,0,0,0,0,0,0,0,0,0,iter,0,1,optk,1,dynamic
29,11,0.01,41,0,215,215,0.00234153,211,0.00234153,0.00238308,0,0,0,iter,0,1,optk,1,dynamic
29,11,0.01,41,1,0,0,0,0,0,0,0,0,0,iter,0,1,optk,1,dynamic
29,11,0.01,43,0,551,551,0.00582608,525,0.00582608,0.00609596,0,0,0,iter,0,1,optk,1,dynamic
29,11,0.01,43,1,5,5,1.10973e-05,1,1.10973e-05,5.5485e-05,0,1,1,iter,0,1,optk,1,dynamic
29,11,0.01,45,0,1249,1249,0.0131392,1184,0.0131392,0.0137649,0,0,0,iter,0,1,optk,1,dynamic
29,11,0.01,45,1,4,4,3.32919e-05,3,3.32919e-05,4.43882e-05,0,3,3,iter,0,1,optk,1,dynamic
29,11,0.01,47,0,2748,2748,0.0278875,2513,0.0278875,0.0300351,0,0,0,iter,0,1,optk,1,dynamic
29,11,0.01,47,1,324,324,0.000344016,31,0.000344016,0.00358907,1,32,33,iter,0,1,optk,1,dynamic
29,111,0.1,35,0,0,0,0,0,0,0,0,0,0,iter,0,1,optk,2,dynamic
29,111,0.1,37,0,0,0,0,0,0,0,0,0,0,iter,0,1,optk,2,dynamic
29,111,0.1,39,0,6,6,1.74155e-10,12,1.31968e-05,1.31967e-05,0,0,0,iter,0,1,optk,2,dynamic
29,111,0.1,39,1,0,0,0,0,0,0,0,0,0,iter,0,1,optk,2,dynamic
29,111,0.1,41,0,215,215,2.15377e-07,422,0.000464087,0.000472773,0,0,0,iter,0,1,optk,2,dynamic
29,111,0.1,41,1,0,0,0,0,0,0,0,0,0,iter,0,1,optk,2,dynamic
29,111,0.1,43,0,551,551,1.35889e-06,1060,0.00116572,0.00121117,0,0,0,iter,0,1,optk,2,dynamic
29,111,0.1,43,1,0,0,0,0,0,0,0,0,0,iter,0,1,optk,2,dynamic
29,111,0.1,45,0,1249,1249,6.82184e-06,2375,0.00261186,0.00274336,0,0,0,iter,0,1,optk,2,dynamic
29,111,0.1,45,1,0,0,0,0,0,0,0,0,0,iter,0,1,optk,2,dynamic
29,111,0.1,47,0,2748,2748,3.11123e-05,5072,0.00557784,0.0060259,0,0,0,iter,0,1,optk,2,dynamic
29,111,0.1,47,1,3,3,4.35388e-11,6,6.5984e-06,6.59837e-06,1,3,4,iter,0,1,optk,2,dynamic
29,557,0.5,35,0,0,0,0,0,0,0,0,0,0,iter,0,1,optk,10,dynamic
29,557,0.5,37,0,0,0,0,0,0,0,0,0,0,iter,0,1,optk,10,dynamic
29,557,0.5,39,0,6,6,1.54547e-49,60,1.31494e-05,1.31493e-05,0,0,0,iter,0,1,optk,10,dynamic
29,557,0.5,39,1,0,0,0,0,0,0,0,0,0,iter,0,1,optk,10,dynamic
29,557,0.5,41,0,215,215,4.47068e-34,2110,0.000462421,0.000471076,0,0,0,iter,0,1,optk,10,dynamic
29,557,0.5,41,1,0,0,0,0,0,0,0,0,0,iter,0,1,optk,10,dynamic
29,557,0.5,43,0,551,551,4.46157e-30,5299,0.00116131,0.00120682,0,0,0,iter,0,1,optk,10,dynamic
29,557,0.5,43,1,0,0,0,0,0,0,0,0,0,iter,0,1,optk,10,dynamic
29,557,0.5,45,0,1249,1249,1.43486e-26,11883,0.00260424,0.00273352,0,0,0,iter,0,1,optk,10,dynamic
29,557,0.5,45,1,0,0,0,0,0,0,0,0,0,iter,0,1,optk,10,dynamic
29,557,0.5,47,0,2748,2748,2.83666e-23,25382,0.00556264,0.00600433,0,0,0,iter,0,1,optk,10,dynamic
29,557,0.5,47,1,3,3,1.50925e-52,30,6.5747e-06,6.57468e-06,1,3,4,iter,0,1,optk,10,dynamic
30,1,0.001,38,0,0,0,0,0,0,0,0,0,0,iter,0,1,optk,1,dynamic
30,1,0.001,40,0,0,0,0,0,0,0,0,0,0,iter,0,1,optk,1,dynamic
30,1,0.001,42,0,10,10,0.0012207,10,0.0012207,0.00121996,0,0,0,iter,0,1,optk,1,dynamic
30,1,0.001,42,1,0,0,0,0,0,0,0,0,0,iter,0,1,optk,1,dynamic
30,1,0.001,44,0,79,79,0.00964355,79,0.00964355,0.0095972,0,0,0,iter,0,1,optk,1,dynamic
30,1,0.001,44,1,0,0,0,0,0,0,0,0,0,iter,0,1,optk,1,dynamic
30,1,0.001,46,0,177,177,0.020874,171,0.020874,0.0213747,0,0,0,iter,0,1,optk,1,dynamic
30,1,0.001,46,1,0,0,0,0,0,0,0,0,0,iter,0,1,optk,1,dynamic
30,1,0.001,48,0,387,387,0.0447998,367,0.0447998,0.0461427,0,0,0,iter,0,1,optk,1,dynamic
30,1,0.001,48,1,0,0,0,0,0,0,0,0,0,iter,0,1,optk,1,dynamic
30,1,0.001,50,0,822,822,0.0922852,756,0.0922852,0.0954718,0,0,0,iter,0,1,optk,1,dynamic
30,1,0.001,50,1,5,5,0.000244141,2,0.000244141,0.000610165,1,2,3,iter,0,1,optk,1,dynamic
30,5,0.01,38,0,0,0,0,0,0,0,0,0,0,iter,0,1,optk,1,dynamic
30,5,0.01,40,0,0,0,0,0,0,0,0,0,0,iter,0,1,optk,1,dynamic
30,5,0.01,42,0,10,10,0.000244141,10,0.000244141,0.000244111,0,0,0,iter,0,1,optk,1,dynamic
30,5,0.01,42,1,0,0,0,0,0,0,0,0,0,iter,0,1,optk,1,dynamic
30,5,0.01,44,0,79,79,0.00192871,79,0.00192871,0.00192685,0,0,0,iter,0,1,optk,1,dynamic
30,5,0.01,44,1,0,0,0,0,0,0,0,0,0,iter,0,1,optk,1,dynamic
30,5,0.01,46,0,177,177,0.00422363,173,0.00422363,0.00431197,0,0,0,iter,0,1,optk,1,dynamic
30,5,0.01,46,1,0,0,0,0,0,0,0,0,0,iter,0,1,optk,1,dynamic
30,5,0.01,48,0,387,387,0.00917969,376,0.00917969,0.00940375,0,0,0,iter,0,1,optk,1,dynamic
30,5,0.01,48,1,0,0,0,0,0,0,0,0,0,iter,0,1,optk,1,dynamic
30,5,0.01,50,0,822,822,0.0190186,779,0.0190186,0.0198683,0,0,0,iter,0,1,optk,1,dynamic
30,5,0.01,50,1,19,19,4.88281e-05,2,4.88281e-05,0.00046376,1,2,3,iter,0,1,optk,1,dynamic
30,49,0.1,38,0,0,0,0,0,0,0,0,0,0,iter,0,1,optk,1,dynamic
30,49,0.1,40,0,0,0,0,0,0,0,0,0,0,iter,0,1,optk,1,dynamic
30,49,0.1,42,0,10,10,2.49123e-05,10,2.49123e-05,2.4912e-05,0,0,0,iter,0,1,optk,1,dynamic
30,49,0.1,42,1,0,0,0,0,0,0,0,0,0,iter,0,1,optk,1,dynamic
30,49,0.1,44,0,79,79,0.000196807,79,0.000196807,0.000196788,0,0,0,iter,0,1,optk,1,dynamic
30,49,0.1,44,1,0,0,0,0,0,0,0,0,0,iter,0,1,optk,1,dynamic
30,49,0.1,46,0,177,177,0.000430983,173,0.000430983,0.000440851,0,0,0,iter,0,1,optk,1,dynamic
30,49,0.1,46,1,0,0,0,0,0,0,0,0,0,iter,0,1,optk,1,dynamic
30,49,0.1,48,0,387,387,0.000944176,379,0.000944176,0.000963642,0,0,0,iter,0,1,optk,1,dynamic
30,49,0.1,48,1,0,0,0,0,0,0,0,0,0,iter,0,1,optk,1,dynamic
30,49,0.1,50,0,822,822,0.00196558,789,0.00196558,0.0020457,0,0,0,iter,0,1,optk,1,dynamic
30,49,0.1,50,1,3,3,2.49123e-06,1,2.49123e-06,7.47366e-06,1,1,2,iter,0,1,optk,1,dynamic
30,244,0.5,38,0,0,0,0,0,0,0,0,0,0,iter,0,1,optk,5,dynamic
30,244,0.5,40,0,0,0,0,0,0,0,0,0,0,iter,0,1,optk,5,dynamic
30,244,0.5,42,0,10,10,9.7938e-24,50,2.50144e-05,2.50141e-05,0,0,0,iter,0,1,optk,5,dynamic
30,244,0.5,42,1,0,0,0,0,0,0,0,0,0,iter,0,1,optk,5,dynamic
30,244,0.5,44,0,79,79,3.01361e-19,395,0.000197614,0.000197594,0,0,0,iter,0,1,optk,5,dynamic
30,244,0.5,44,1,0,0,0,0,0,0,0,0,0,iter,0,1,optk,5,dynamic
30,244,0.5,46,0,177,177,1.51769e-17,865,0.000432749,0.000442657,0,0,0,iter,0,1,optk,5,dynamic
30,244,0.5,46,1,0,0,0,0,0,0,0,0,0,iter,0,1,optk,5,dynamic
30,244,0.5,48,0,387,387,7.65856e-16,1895,0.000948046,0.000967589,0,0,0,iter,0,1,optk,5,dynamic
30,244,0.5,48,1,0,0,0,0,0,0,0,0,0,iter,0,1,optk,5,dynamic
30,244,0.5,50,0,822,822,3.00218e-14,3947,0.00197464,0.00205407,0,0,0,iter,0,1,optk,5,dynamic
30,244,0.5,50,1,3,3,9.7938e-29,5,2.50144e-06,7.50429e-06,1,1,2,iter,0,1,optk,5,dynamic
31,166,0.001,43,0,0,0,0,0,0,0,0,0,0,iter,0,1,optk,1,dynamic
31,166,0.001,45,0,0,0,0,0,0,0,0,0,0,iter,0,1,optk,1,dynamic
31,166,0.001,47,0,25,25,1.39719e-05,19,1.39719e-05,1.83839e-05,0,0,0,iter,0,1,optk,1,dynamic
31,166,0.001,47,1,0,0,0,0,0,0,0,0,0,iter,0,1,optk,1,dynamic
31,166,0.001,49,0,587,587,0.000256642,349,0.000256642,0.000431565,0,0,0,iter,0,1,optk,1,dynamic
31,166,0.001,49,1,0,0,0,0,0,0,0,0,0,iter,0,1,optk,1,dynamic
31,166,0.001,51,0,7689,7689,0.00315912,4296,0.00315912,0.00563825,0,0,0,iter,0,1,optk,1,dynamic
31,166,0.001,51,1,56,56,2.57377e-05,35,2.57377e-05,4.11795e-05,0,35,35,iter,0,1,optk,1,dynamic
31,166,0.001,53,0,78764,78764,0.0267606,36391,0.0267606,0.0562747,0,0,0,iter,0,1,optk,1,dynamic
31,166,0.001,53,1,4315,4315,0.00161265,2193,0.00161265,0.00316806,0,2329,2329,iter,0,1,optk,1,dynamic
31,166,0.001,55,0,666801,666801,0.176046,239400,0.176046,0.387582,0,0,0,iter,0,1,optk,1,dynamic
31,166,0.001,55,1,233191,233191,0.0695639,94598,0.0695639,0.157583,0,0,0,iter,0,1,optk,1,dynamic
31,166,0.001,55,2,46314,46314,0.0133505,18155,0.0133505,0.0334842,0,0,0,iter,0,1,optk,1,dynamic
31,166,0.001,55,3,17708,17708,0.00547478,7445,0.00547478,0.0129374,0,10405,10405,iter,0,1,optk,1,dynamic
31,166,0.001,57,0,4674759,4674759,0.657956,894736,0.657956,0.96786,0,0,0,iter,0,1,optk,1,dynamic
31,166,0.001,57,0,468766,468766,0.102222,139009,0.102222,0.291577,153144,0,153144,type,0,7,optk,1,dynamic
31,166,0.001,57,1,469038,469038,0.101971,138667,0.101971,0.291718,152539,0,152539,type,1,7,optk,1,dynamic
31,166,0.001,57,1,4910783,4910783,0.703076,956094,0.703076,0.972981,0,0,0,iter,0,1,optk,1,dynamic
31,166,0.001,57,2,468440,468440,0.102593,139514,0.102593,0.291407,153553,0,153553,type,2,7,optk,1,dynamic
31,166,0.001,57,3,465014,465014,0.102177,138948,0.102177,0.289619,152882,0,152882,type,3,7,optk,1,dynamic
31,166,0.001,57,4,474689,474689,0.102022,138737,0.102022,0.294655,152594,0,152594,type,4,7,optk,1,dynamic
31,166,0.001,57,5,469589,469589,0.102545,139448,0.102545,0.292005,153520,0,153520,type,5,7,optk,1,dynamic
31,166,0.001,57,6,471537,471537,0.102505,139394,0.102505,0.293019,153312,0,153312,type,6,7,optk,1,dynamic
31,166,0.001,59,0,29980874,29980874,0.995411,1353631,0.995411,1,0,0,0,iter,0,1,optk,1,dynamic
31,166,0.001,59,0,3746761,3746761,0.491381,668215,0.491381,0.936406,919720,1,919721,type,0,8,optk,1,dynamic
31,166,0.001,59,1,44251778,44251778,0.999762,1359548,0.999762,1,0,0,0,iter,0,1,optk,1,dynamic
31,1665,0.01,43,0,0,0,0,0,0,0,0,0,0,iter,0,1,optk,1,dynamic
31,1665,0.01,45,0,0,0,0,0,0,0,0,0,0,iter,0,1,optk,1,dynamic
31,1665,0.01,47,0,25,25,1.39299e-06,19,1.39299e-06,1.83289e-06,0,0,0,iter,0,1,optk,1,dynamic
31,1665,0.01,47,1,0,0,0,0,0,0,0,0,0,iter,0,1,optk,1,dynamic
31,1665,0.01,49,0,587,587,2.55871e-05,349,2.55871e-05,4.30353e-05,0,0,0,iter,0,1,optk,1,dynamic
31,1665,0.01,49,1,0,0,0,0,0,0,0,0,0,iter,0,1,optk,1,dynamic
31,1665,0.01,51,0,7689,7689,0.000315183,4299,0.000315183,0.000563564,0,0,0,iter,0,1,optk,1,dynamic
31,1665,0.01,51,1,4,4,2.19947e-07,3,2.19947e-07,2.93262e-07,0,3,3,iter,0,1,optk,1,dynamic
31,1665,0.01,53,0,78764,78764,0.00269948,36820,0.00269948,0.00575798,0,0,0,iter,0,1,optk,1,dynamic
31,1665,0.01,53,1,454,454,1.62027e-05,221,1.62027e-05,3.32847e-05,0,223,223,iter,0,1,optk,1,dynamic
31,1665,0.01,55,0,666801,666801,0.0191308,260938,0.0191308,0.0477111,0,0,0,iter,0,1,optk,1,dynamic
31,1665,0.01,55,1,25386,25386,0.000787995,10748,0.000787995,0.00185946,0,11192,11192,iter,0,1,optk,1,dynamic
31,1665,0.01,57,0,4674759,4674759,0.101555,1385182,0.101555,0.290172,0,0,0,iter,0,1,optk,1,dynamic
31,1665,0.01,57,1,755941,755941,0.0185011,252349,0.0185011,0.0539144,0,0,0,iter,0,1,optk,1,dynamic
31,1665,0.01,57,2,87415,87415,0.00198678,27099,0.00198678,0.00638838,30060,0,30060,iter,0,1,optk,1,dynamic
31,1665,0.01,59,0,2214910,2214910,0.0390164,532171,0.0390164,0.149888,593024,1,593025,type,0,4,optk,1,dynamic
31,1665,0.01,59,0,29980874,29980874,0.416608,5682403,0.416608,0.888982,0,0,0,iter,0,1,optk,1,dynamic
31,1665,0.01,59,1,18539088,18539088,0.294242,4013372,0.294242,0.743134,0,0,0,iter,0,1,optk,1,dynamic
31,16648,0.1,43,0,0,0,0,0,0,0,0,0,0,iter,0,1,optk,5,dynamic
31,16648,0.1,45,0,0,0,0,0,0,0,0,0,0,iter,0,1,optk,5,dynamic
31,16648,0.1,47,0,25,25,1.64005e-31,95,6.96581e-07,9.16553e-07,0,0,0,iter,0,1,optk,5,dynamic
31,16648,0.1,47,1,0,0,0,0,0,0,0,0,0,iter,0,1,optk,5,dynamic
31,16648,0.1,49,0,587,587,3.42939e-25,1745,1.27951e-05,2.15205e-05,0,0,0,iter,0,1,optk,5,dynamic
31,16648,0.1,49,1,0,0,0,0,0,0,0,0,0,iter,0,1,optk,5,dynamic
31,16648,0.1,51,0,7689,7689,9.73263e-20,21498,0.000157633,0.000281856,0,0,0,iter,0,1,optk,5,dynamic
31,16648,0.1,51,1,0,0,0,0,0,0,0,0,0,iter,0,1,optk,5,dynamic
31,16648,0.1,53,0,78764,78764,4.49359e-15,184192,0.00135058,0.00288349,0,0,0,iter,0,1,optk,5,dynamic
31,16648,0.1,53,1,0,0,0,0,0,0,0,0,0,iter,0,1,optk,5,dynamic
31,16648,0.1,55,0,666801,666801,8.19623e-11,1310614,0.00960999,0.02415,0,0,0,iter,0,1,optk,5,dynamic
31,16648,0.1,55,1,0,0,0,0,0,0,0,0,0,iter,0,1,optk,5,dynamic
31,16648,0.1,57,0,4674759,4674759,3.85238e-07,7110461,0.052137,0.157504,0,0,0,iter,0,1,optk,5,dynamic
31,16648,0.1,57,1,0,0,0,0,0,0,0,0,0,iter,0,1,optk,5,dynamic
31,16648,0.1,59,0,29980874,29980874,0.000735933,32219565,0.236248,0.66685,0,0,0,iter,0,1,optk,5,dynamic
31,16648,0.1,59,1,32213,32213,2.75425e-18,41952,0.00030761,0.0011803,1,8393,8394,iter,0,1,optk,5,dynamic
31,83241,0.5,43,0,0,0,0,0,0,0,0,0,0,iter,0,1,optk,26,dynamic
31,83241,0.5,45,0,0,0,0,0,0,0,0,0,0,iter,0,1,optk,26,dynamic
31,83241,0.5,47,0,25,25,2.29083e-160,494,7.24435e-07,9.53204e-07,0,0,0,iter,0,1,optk,26,dynamic
31,83241,0.5,47,1,0,0,0,0,0,0,0,0,0,iter,0,1,optk,26,dynamic
31,83241,0.5,49,0,587,587,1.68213e-127,9074,1.33067e-05,2.2381e-05,0,0,0,iter,0,1,optk,26,dynamic
31,83241,0.5,49,1,0,0,0,0,0,0,0,0,0,iter,0,1,optk,26,dynamic
31,83241,0.5,51,0,7689,7689,3.81388e-99,111788,0.000163934,0.000293125,0,0,0,iter,0,1,optk,26,dynamic
31,83241,0.5,51,1,0,0,0,0,0,0,0,0,0,iter,0,1,optk,26,dynamic
31,83241,0.5,53,0,78764,78764,6.85584e-75,957785,0.00140456,0.00299862,0,0,0,iter,0,1,optk,26,dynamic
31,83241,0.5,53,1,0,0,0,0,0,0,0,0,0,iter,0,1,optk,26,dynamic
31,83241,0.5,55,0,666801,666801,9.84136e-53,6814910,0.00999385,0.0251034,0,0,0,iter,0,1,optk,26,dynamic
31,83241,0.5,55,1,0,0,0,0,0,0,0,0,0,iter,0,1,optk,26,dynamic
31,83241,0.5,57,0,4674759,4674759,1.19239e-33,36934784,0.0541637,0.163258,0,0,0,iter,0,1,optk,26,dynamic
31,83241,0.5,57,1,0,0,0,0,0,0,0,0,0,iter,0,1,optk,26,dynamic
31,83241,0.5,59,0,29980874,29980874,1.23648e-16,166681812,0.244434,0.681176,0,0,0,iter,0,1,optk,26,dynamic
31,83241,0.5,59,1,20,20,8.36959e-169,234,3.43154e-07,7.62563e-07,1,9,10,iter,0,1,optk,26,dynamic
32,159,0.001,42,0,0,0,0,0,0,0,0,0,0,iter,0,1,optk,1,dynamic
32,159,0.001,44,0,0,0,0,0,0,0,0,0,0,iter,0,1,optk,1,dynamic
32,159,0.001,46,0,0,0,0,0,0,0,0,0,0,iter,0,1,optk,1,dynamic
32,159,0.001,48,0,13,13,8.44512e-06,11,8.44512e-06,9.98054e-06,0,0,0,iter,0,1,optk,1,dynamic
32,159,0.001,48,1,0,0,0,0,0,0,0,0,0,iter,0,1,optk,1,dynamic
32,159,0.001,50,0,2989,2989,0.00140419,1829,0.00140419,0.00229214,0,0,0,iter,0,1,optk,1,dynamic
32,159,0.001,50,1,0,0,0,0,0,0,0,0,0,iter,0,1,optk,1,dynamic
32,159,0.001,52,0,23371,23371,0.0102124,13302,0.0102124,0.0177828,0,0,0,iter,0,1,optk,1,dynamic
32,159,0.001,52,1,31,31,1.07483e-05,14,1.07483e-05,2.37996e-05,0,14,14,iter,0,1,optk,1,dynamic
32,159,0.001,54,0,138376,138376,0.0543535,70797,0.0543535,0.100788,0,0,0,iter,0,1,optk,1,dynamic
32,159,0.001,54,1,1723,1723,0.000457572,596,0.000457572,0.00132194,0,598,598,iter,0,1,optk,1,dynamic
32,159,0.001,56,0,720426,720426,0.229242,298594,0.229242,0.424835,0,0,0,iter,0,1,optk,1,dynamic
32,159,0.001,56,1,99390,99390,0.0194837,25378,0.0194837,0.0734669,0,0,0,iter,0,1,optk,1,dynamic
32,159,0.001,56,2,14229,14229,0.00489203,6372,0.00489203,0.0108647,8001,0,8001,iter,0,1,optk,1,dynamic
32,159,0.001,58,0,220944,220944,0.0673705,87752,0.0673705,0.15602,106221,0,106221,type,0,4,optk,1,dynamic
32,159,0.001,58,0,3109967,3109967,0.626922,816584,0.626922,0.908154,0,0,0,iter,0,1,optk,1,dynamic
32,159,0.001,58,1,219489,219489,0.067346,87720,0.067346,0.155077,106179,0,106179,type,1,4,optk,1,dynamic
32,159,0.001,58,1,2238333,2238333,0.281659,366869,0.281659,0.820657,0,0,0,iter,0,1,optk,1,dynamic
32,159,0.001,58,2,218008,218008,0.0671479,87462,0.0671479,0.154116,106286,0,106286,type,2,4,optk,1,dynamic
32,159,0.001,58,3,219782,219782,0.0672961,87655,0.0672961,0.155267,106537,0,106537,type,3,4,optk,1,dynamic
32,159,0.001,60,0,12340725,12340725,0.965506,1257599,0.965506,0.999923,0,0,0,iter,0,1,optk,1,dynamic
32,159,0.001,60,0,1468113,1468113,0.330355,430296,0.330355,0.676037,530221,1,530222,type,0,8,optk,1,dynamic
32,159,0.001,60,1,29279368,29279368,0.952492,1240647,0.952492,1,0,0,0,iter,0,1,optk,1,dynamic
32,1592,0.01,42,0,0,0,0,0,0,0,0,0,0,iter,0,1,optk,1,dynamic
32,1592,0.01,44,0,0,0,0,0,0,0,0,0,0,iter,0,1,optk,1,dynamic
32,1592,0.01,46,0,0,0,0,0,0,0,0,0,0,iter,0,1,optk,1,dynamic
32,1592,0.01,48,0,13,13,8.43451e-07,11,8.43451e-07,9.96805e-07,0,0,0,iter,0,1,optk,1,dynamic
32,1592,0.01,48,1,0,0,0,0,0,0,0,0,0,iter,0,1,optk,1,dynamic
32,1592,0.01,50,0,2989,2989,0.000140243,1829,0.000140243,0.000229162,0,0,0,iter,0,1,optk,1,dynamic
32,1592,0.01,50,1,0,0,0,0,0,0,0,0,0,iter,0,1,optk,1,dynamic
32,1592,0.01,52,0,23371,23371,0.00102533,13372,0.00102533,0.00179042,0,0,0,iter,0,1,optk,1,dynamic
32,1592,0.01,52,1,0,0,0,0,0,0,0,0,0,iter,0,1,optk,1,dynamic
32,1592,0.01,54,0,138376,138376,0.00556371,72560,0.00556371,0.0105542,0,0,0,iter,0,1,optk,1,dynamic
32,1592,0.01,54,1,191,191,5.29074e-06,69,5.29074e-06,1.46453e-05,0,69,69,iter,0,1,optk,1,dynamic
32,1592,0.01,56,0,720426,720426,0.0256204,334132,0.0256204,0.0537423,0,0,0,iter,0,1,optk,1,dynamic
32,1592,0.01,56,1,10415,10415,0.000218607,2851,0.000218607,0.000798276,0,2878,2878,iter,0,1,optk,1,dynamic
32,1592,0.01,58,0,3109967,3109967,0.0937632,1222828,0.0937632,0.212163,0,0,0,iter,0,1,optk,1,dynamic
32,1592,0.01,58,1,333953,333953,0.00491272,64070,0.00491272,0.0252816,0,0,0,iter,0,1,optk,1,dynamic
32,1592,0.01,58,2,15896,15896,0.000494032,6443,0.000494032,0.00121812,7053,0,7053,iter,0,1,optk,1,dynamic
32,1592,0.01,60,0,12340725,12340725,0.285114,3718358,0.285114,0.611807,0,0,0,iter,0,1,optk,1,dynamic
32,1592,0.01,60,0,528195,528195,0.0143173,186722,0.0143173,0.0396914,216837,1,216838,type,0,2,optk,1,dynamic
32,1592,0.01,60,1,8627945,8627945,0.0859,1120279,0.0859,0.483958,0,0,0,iter,0,1,optk,1,dynamic
32,15923,0.1,42,0,0,0,0,0,0,0,0,0,0,iter,0,1,optk,4,dynamic
32,15923,0.1,44,0,0,0,0,0,0,0,0,0,0,iter,0,1,optk,4,dynamic
32,15923,0.1,46,0,0,0,0,0,0,0,0,0,0,iter,0,1,optk,4,dynamic
32,15923,0.1,48,0,13,13,1.29465e-26,44,3.37317e-07,3.98647e-07,0,0,0,iter,0,1,optk,4,dynamic
32,15923,0.1,48,1,0,0,0,0,0,0,0,0,0,iter,0,1,optk,4,dynamic
32,15923,0.1,50,0,2989,2989,9.89545e-18,7316,5.60866e-05,9.16539e-05,0,0,0,iter,0,1,optk,4,dynamic
32,15923,0.1,50,1,0,0,0,0,0,0,0,0,0,iter,0,1,optk,4,dynamic
32,15923,0.1,52,0,23371,23371,2.83065e-14,53504,0.000410177,0.000716419,0,0,0,iter,0,1,optk,4,dynamic
32,15923,0.1,52,1,0,0,0,0,0,0,0,0,0,iter,0,1,optk,4,dynamic
32,15923,0.1,54,0,138376,138376,2.46757e-11,290725,0.00222878,0.00423433,0,0,0,iter,0,1,optk,4,dynamic
32,15923,0.1,54,1,0,0,0,0,0,0,0,0,0,iter,0,1,optk,4,dynamic
32,15923,0.1,56,0,720426,720426,1.13751e-08,1347113,0.0103274,0.0218497,0,0,0,iter,0,1,optk,4,dynamic
32,15923,0.1,56,1,0,0,0,0,0,0,0,0,0,iter,0,1,optk,4,dynamic
32,15923,0.1,58,0,3109967,3109967,2.22246e-06,5036437,0.0386108,0.0909613,0,0,0,iter,0,1,optk,4,dynamic
32,15923,0.1,58,1,11,11,1.41482e-29,8,6.13303e-08,3.37317e-07,0,2,2,iter,0,1,optk,4,dynamic
32,15923,0.1,60,0,12340725,12340725,0.000249144,16388052,0.125636,0.315064,0,0,0,iter,0,1,optk,4,dynamic
32,15923,0.1,60,1,8125,8125,1.07074e-18,4196,3.21677e-05,0.000249123,1,1049,1050,iter,0,1,optk,4,dynamic
32,79613,0.5,42,0,0,0,0,0,0,0,0,0,0,iter,0,1,optk,21,dynamic
32,79613,0.5,44,0,0,0,0,0,0,0,0,0,0,iter,0,1,optk,21,dynamic
32,79613,0.5,46,0,0,0,0,0,0,0,0,0,0,iter,0,1,optk,21,dynamic
32,79613,0.5,48,0,13,13,3.41979e-136,231,3.54191e-07,4.1859e-07,0,0,0,iter,0,1,optk,21,dynamic
32,79613,0.5,48,1,0,0,0,0,0,0,0,0,0,iter,0,1,optk,21,dynamic
32,79613,0.5,50,0,2989,2989,1.48253e-89,38408,5.88908e-05,9.62388e-05,0,0,0,iter,0,1,optk,21,dynamic
32,79613,0.5,50,1,0,0,0,0,0,0,0,0,0,iter,0,1,optk,21,dynamic
32,79613,0.5,52,0,23371,23371,2.07361e-71,280869,0.000430655,0.000752245,0,0,0,iter,0,1,optk,21,dynamic
32,79613,0.5,52,1,0,0,0,0,0,0,0,0,0,iter,0,1,optk,21,dynamic
32,79613,0.5,54,0,138376,138376,5.67177e-56,1526155,0.00234005,0.00444569,0,0,0,iter,0,1,optk,21,dynamic
32,79613,0.5,54,1,0,0,0,0,0,0,0,0,0,iter,0,1,optk,21,dynamic
32,79613,0.5,56,0,720426,720426,5.4534e-42,7070552,0.0108413,0.0229302,0,0,0,iter,0,1,optk,21,dynamic
32,79613,0.5,56,1,0,0,0,0,0,0,0,0,0,iter,0,1,optk,21,dynamic
32,79613,0.5,58,0,3109967,3109967,5.72418e-30,26417037,0.0405051,0.0952879,0,0,0,iter,0,1,optk,21,dynamic
32,79613,0.5,58,1,0,0,0,0,0,0,0,0,0,iter,0,1,optk,21,dynamic
32,79613,0.5,60,0,12340725,12340725,3.14176e-19,85760424,0.131496,0.327909,0,0,0,iter,0,1,optk,21,dynamic
32,79613,0.5,60,1,14,14,4.62118e-137,210,3.21992e-07,4.50789e-07,1,10,11,iter,0,1,optk,21,dynamic
33,21,0.001,36,0,0,0,0,0,0,0,0,0,0,iter,0,1,optk,1,dynamic
33,21,0.001,38,0,0,0,0,0,0,0,0,0,0,iter,0,1,optk,1,dynamic
33,21,0.001,40,0,1,1,5.81287e-06,1,5.81287e-06,5.81286e-06,0,0,0,iter,0,1,optk,1,dynamic
33,21,0.001,40,1,0,0,0,0,0,0,0,0,0,iter,0,1,optk,1,dynamic
33,21,0.001,42,0,0,0,0,0,0,0,0,0,0,iter,0,1,optk,1,dynamic
33,21,0.001,44,0,544,544,0.00255185,439,0.00255185,0.00315721,0,0,0,iter,0,1,optk,1,dynamic
33,21,0.001,44,1,4,4,1.74386e-05,3,1.74386e-05,2.32512e-05,0,3,3,iter,0,1,optk,1,dynamic
33,21,0.001,46,0,6885,6885,0.0264195,4545,0.0264195,0.0392313,0,0,0,iter,0,1,optk,1,dynamic
33,21,0.001,46,1,460,460,0.00151135,260,0.00151135,0.00267035,0,277,277,iter,0,1,optk,1,dynamic
33,21,0.001,48,0,60375,60375,0.17742,30522,0.17742,0.295983,0,0,0,iter,0,1,optk,1,dynamic
33,21,0.001,48,1,19338,19338,0.0548735,9440,0.0548735,0.106322,0,0,0,iter,0,1,optk,1,dynamic
33,21,0.001,48,2,3131,3131,0.0103178,1775,0.0103178,0.0180355,2106,0,2106,iter,0,1,optk,1,dynamic
33,21,0.001,50,0,434662,434662,0.682018,117329,0.682018,0.920072,0,0,0,iter,0,1,optk,1,dynamic
33,21,0.001,50,0,51828,51828,0.127953,22012,0.127953,0.260122,24809,0,24809,type,0,6,optk,1,dynamic
33,21,0.001,50,1,52436,52436,0.12768,21965,0.12768,0.262732,24609,0,24609,type,1,6,optk,1,dynamic
33,21,0.001,50,1,544178,544178,0.719866,123840,0.719866,0.957711,0,0,0,iter,0,1,optk,1,dynamic
33,21,0.001,50,2,52201,52201,0.128505,22107,0.128505,0.261724,24854,0,24854,type,2,6,optk,1,dynamic
33,21,0.001,50,3,52157,52157,0.12818,22051,0.12818,0.261535,24774,0,24774,type,3,6,optk,1,dynamic
33,21,0.001,50,4,52892,52892,0.129569,22290,0.129569,0.264684,25015,0,25015,type,4,6,optk,1,dynamic
33,21,0.001,50,5,51583,51583,0.127476,21930,0.127476,0.259067,24660,0,24660,type,5,6,optk,1,dynamic
33,21,0.001,52,0,2520786,2520786,0.995042,171179,0.995042,1,0,0,0,iter,0,1,optk,1,dynamic
33,21,0.001,52,0,315870,315870,0.485346,83495,0.485346,0.840564,114348,1,114349,type,0,8,optk,1,dynamic
33,21,0.001,52,1,3822166,3822166,0.999227,171899,0.999227,1,0,0,0,iter,0,1,optk,1,dynamic
33,208,0.01,36,0,0,0,0,0,0,0,0,0,0,iter,0,1,optk,1,dynamic
33,208,0.01,38,0,0,0,0,0,0,0,0,0,0,iter,0,1,optk,1,dynamic
33,208,0.01,40,0,1,1,5.86877e-07,1,5.86877e-07,5.86876e-07,0,0,0,iter,0,1,optk,1,dynamic
33,208,0.01,40,1,0,0,0,0,0,0,0,0,0,iter,0,1,optk,1,dynamic
33,208,0.01,42,0,0,0,0,0,0,0,0,0,0,iter,0,1,optk,1,dynamic
33,208,0.01,44,0,544,544,0.000257639,439,0.000257639,0.00031921,0,0,0,iter,0,1,optk,1,dynamic
33,208,0.01,44,1,0,0,0,0,0,0,0,0,0,iter,0,1,optk,1,dynamic
33,208,0.01,46,0,6885,6885,0.00270433,4608,0.00270433,0.00403249,0,0,0,iter,0,1,optk,1,dynamic
33,208,0.01,46,1,24,24,1.05638e-05,18,1.05638e-05,1.40849e-05,0,18,18,iter,0,1,optk,1,dynamic
33,208,0.01,48,0,60375,60375,0.0195706,33347,0.0195706,0.0348123,0,0,0,iter,0,1,optk,1,dynamic
33,208,0.01,48,1,2079,2079,0.000657302,1120,0.000657302,0.00121937,0,1151,1151,iter,0,1,optk,1,dynamic
33,208,0.01,50,0,434662,434662,0.109085,185874,0.109085,0.225155,0,0,0,iter,0,1,optk,1,dynamic
33,208,0.01,50,1,86955,86955,0.020357,34687,0.020357,0.0497516,0,0,0,iter,0,1,optk,1,dynamic
33,208,0.01,50,2,8908,8908,0.00234457,3995,0.00234457,0.00521425,4455,0,4455,iter,0,1,optk,1,dynamic
33,208,0.01,52,0,219310,219310,0.0456625,77806,0.0456625,0.120769,89727,1,89728,type,0,3,optk,1,dynamic
33,208,0.01,52,0,2520786,2520786,0.414696,706615,0.414696,0.772223,0,0,0,iter,0,1,optk,1,dynamic
33,208,0.01,52,1,1589243,1589243,0.262392,447100,0.262392,0.606506,0,0,0,iter,0,1,optk,1,dynamic
33,2084,0.1,36,0,0,0,0,0,0,0,0,0,0,iter,0,1,optk,5,dynamic
33,2084,0.1,38,0,0,0,0,0,0,0,0,0,0,iter,0,1,optk,5,dynamic
33,2084,0.1,40,0,1,1,2.15482e-33,5,2.92875e-07,2.92875e-07,0,0,0,iter,0,1,optk,5,dynamic
33,2084,0.1,40,1,0,0,0,0,0,0,0,0,0,iter,0,1,optk,5,dynamic
33,2084,0.1,42,0,0,0,0,0,0,0,0,0,0,iter,0,1,optk,5,dynamic
33,2084,0.1,44,0,544,544,3.51345e-20,2195,0.000128572,0.000159311,0,0,0,iter,0,1,optk,5,dynamic
33,2084,0.1,44,1,0,0,0,0,0,0,0,0,0,iter,0,1,optk,5,dynamic
33,2084,0.1,46,0,6885,6885,4.47395e-15,23037,0.00134939,0.00201441,0,0,0,iter,0,1,optk,5,dynamic
33,2084,0.1,46,1,0,0,0,0,0,0,0,0,0,iter,0,1,optk,5,dynamic
33,2084,0.1,48,0,60375,60375,9.05168e-11,167353,0.0098027,0.0175269,0,0,0,iter,0,1,optk,5,dynamic
33,2084,0.1,48,1,0,0,0,0,0,0,0,0,0,iter,0,1,optk,5,dynamic
33,2084,0.1,50,0,434662,434662,5.51287e-07,956232,0.0560113,0.119532,0,0,0,iter,0,1,optk,5,dynamic
33,2084,0.1,50,1,0,0,0,0,0,0,0,0,0,iter,0,1,optk,5,dynamic
33,2084,0.1,52,0,2520786,2520786,0.000708044,4002209,0.234429,0.522062,0,0,0,iter,0,1,optk,5,dynamic
33,2084,0.1,52,1,2815,2815,1.64988e-18,4740,0.000277646,0.000824103,1,948,949,iter,0,1,optk,5,dynamic
33,10421,0.5,36,0,0,0,0,0,0,0,0,0,0,iter,0,1,optk,24,dynamic
33,10421,0.5,38,0,0,0,0,0,0,0,0,0,0,iter,0,1,optk,24,dynamic
33,10421,0.5,40,0,1,1,5.94136e-158,24,2.81133e-07,2.81133e-07,0,0,0,iter,0,1,optk,24,dynamic
33,10421,0.5,40,1,0,0,0,0,0,0,0,0,0,iter,0,1,optk,24,dynamic
33,10421,0.5,42,0,0,0,0,0,0,0,0,0,0,iter,0,1,optk,24,dynamic
33,10421,0.5,44,0,544,544,1.55613e-94,10535,0.000123406,0.000152925,0,0,0,iter,0,1,optk,24,dynamic
33,10421,0.5,44,1,0,0,0,0,0,0,0,0,0,iter,0,1,optk,24,dynamic
33,10421,0.5,46,0,6885,6885,4.9888e-70,110590,0.00129544,0.00193373,0,0,0,iter,0,1,optk,24,dynamic
33,10421,0.5,46,1,0,0,0,0,0,0,0,0,0,iter,0,1,optk,24,dynamic
33,10421,0.5,48,0,60375,60375,2.32426e-49,803331,0.00941012,0.0168302,0,0,0,iter,0,1,optk,24,dynamic
33,10421,0.5,48,1,0,0,0,0,0,0,0,0,0,iter,0,1,optk,24,dynamic
33,10421,0.5,50,0,434662,434662,3.52086e-31,4596314,0.0538407,0.115027,0,0,0,iter,0,1,optk,24,dynamic
33,10421,0.5,50,1,0,0,0,0,0,0,0,0,0,iter,0,1,optk,24,dynamic
33,10421,0.5,52,0,2520786,2520786,3.21216e-16,19308530,0.226178,0.507705,0,0,0,iter,0,1,optk,24,dynamic
33,10421,0.5,52,1,13,13,3.22497e-131,312,3.65473e-06,3.65472e-06,1,13,14,iter,0,1,optk,24,dynamic
34,46,0.001,39,0,0,0,0,0,0,0,0,0,0,iter,0,1,optk,1,dynamic
34,46,0.001,41,0,0,0,0,0,0,0,0,0,0,iter,0,1,optk,1,dynamic
34,46,0.001,43,0,2,2,2.6537e-06,1,2.6537e-06,5.30739e-06,0,0,0,iter,0,1,optk,1,dynamic
34,46,0.001,43,1,0,0,0,0,0,0,0,0,0,iter,0,1,optk,1,dynamic
34,46,0.001,45,0,0,0,0,0,0,0,0,0,0,iter,0,1,optk,1,dynamic
34,46,0.001,47,0,2180,2180,0.00312872,1179,0.00312872,0.00576837,0,0,0,iter,0,1,optk,1,dynamic
34,46,0.001,47,1,17,17,3.44981e-05,13,3.44981e-05,4.51119e-05,0,13,13,iter,0,1,optk,1,dynamic
34,46,0.001,49,0,20424,20424,0.0272456,10267,0.0272456,0.0527566,0,0,0,iter,0,1,optk,1,dynamic
34,46,0.001,49,1,1226,1226,0.00185494,699,0.00185494,0.00324815,0,740,740,iter,0,1,optk,1,dynamic
34,46,0.001,51,0,186492,186492,0.201952,76102,0.201952,0.390365,0,0,0,iter,0,1,optk,1,dynamic
34,46,0.001,51,1,79183,79183,0.0868291,32720,0.0868291,0.18952,0,0,0,iter,0,1,optk,1,dynamic
34,46,0.001,51,2,16031,16031,0.0190138,7165,0.0190138,0.0416493,0,0,0,iter,0,1,optk,1,dynamic
34,46,0.001,51,3,7402,7402,0.0084547,3186,0.0084547,0.019451,0,4575,4575,iter,0,1,optk,1,dynamic
34,46,0.001,53,0,1111125,1111125,0.681964,256986,0.681964,0.947587,0,0,0,iter,0,1,optk,1,dynamic
34,46,0.001,53,0,127288,127288,0.123615,46582,0.123615,0.286651,52449,0,52449,type,0,6,optk,1,dynamic
34,46,0.001,53,1,1222646,1222646,0.688577,259478,0.688577,0.961013,0,0,0,iter,0,1,optk,1,dynamic
34,46,0.001,53,1,125435,125435,0.12241,46128,0.12241,0.283135,51877,0,51877,type,1,6,optk,1,dynamic
34,46,0.001,53,2,128345,128345,0.123745,46631,0.123745,0.288649,52504,0,52504,type,2,6,optk,1,dynamic
34,46,0.001,53,3,128527,128527,0.124238,46817,0.124238,0.288993,52736,0,52736,type,3,6,optk,1,dynamic
34,46,0.001,53,4,129143,129143,0.123296,46462,0.123296,0.290154,52317,0,52317,type,4,6,optk,1,dynamic
34,46,0.001,53,5,128192,128192,0.124199,46802,0.124199,0.28836,52715,0,52715,type,5,6,optk,1,dynamic
34,46,0.001,55,0,6617801,6617801,0.99624,375415,0.99624,1,0,0,0,iter,0,1,optk,1,dynamic
34,46,0.001,55,0,824147,824147,0.502213,189250,0.502213,0.887752,262761,0,262761,type,0,8,optk,1,dynamic
34,46,0.001,55,1,10032254,10032254,0.999538,376658,0.999538,1,0,0,0,iter,0,1,optk,1,dynamic
34,46,0.001,55,1,831555,831555,0.502131,189219,0.502131,0.889937,262689,1,262690,type,1,8,optk,1,dynamic
34,455,0.01,39,0,0,0,0,0,0,0,0,0,0,iter,0,1,optk,1,dynamic
34,455,0.01,41,0,0,0,0,0,0,0,0,0,0,iter,0,1,optk,1,dynamic
34,455,0.01,43,0,2,2,2.68286e-07,1,2.68286e-07,5.36573e-07,0,0,0,iter,0,1,optk,1,dynamic
34,455,0.01,43,1,0,0,0,0,0,0,0,0,0,iter,0,1,optk,1,dynamic
34,455,0.01,45,0,0,0,0,0,0,0,0,0,0,iter,0,1,optk,1,dynamic
34,455,0.01,47,0,2180,2180,0.000317919,1185,0.000317919,0.000584693,0,0,0,iter,0,1,optk,1,dynamic
34,455,0.01,47,1,1,1,2.68286e-07,1,2.68286e-07,2.68286e-07,0,1,1,iter,0,1,optk,1,dynamic
34,455,0.01,49,0,20424,20424,0.00278857,10394,0.00278857,0.0054645,0,0,0,iter,0,1,optk,1,dynamic
34,455,0.01,49,1,148,148,1.95849e-05,73,1.95849e-05,3.97056e-05,0,73,73,iter,0,1,optk,1,dynamic
34,455,0.01,51,0,186492,186492,0.0225063,83889,0.0225063,0.0488022,0,0,0,iter,0,1,optk,1,dynamic
34,455,0.01,51,1,8638,8638,0.0010211,3806,0.0010211,0.00231477,0,3979,3979,iter,0,1,optk,1,dynamic
34,455,0.01,53,0,1111125,1111125,0.109459,407993,0.109459,0.257773,0,0,0,iter,0,1,optk,1,dynamic
34,455,0.01,53,1,195050,195050,0.0186185,69398,0.0186185,0.0509837,0,0,0,iter,0,1,optk,1,dynamic
34,455,0.01,53,2,20659,20659,0.0021589,8047,0.0021589,0.0055272,8921,0,8921,iter,0,1,optk,1,dynamic
34,455,0.01,55,0,631284,631284,0.0523955,195297,0.0523955,0.155799,227310,0,227310,type,0,3,optk,1,dynamic
34,455,0.01,55,0,6617801,6617801,0.43076,1605598,0.43076,0.830596,0,0,0,iter,0,1,optk,1,dynamic
34,455,0.01,55,1,4332590,4332590,0.286212,1066814,0.286212,0.687257,0,0,0,iter,0,1,optk,1,dynamic
34,455,0.01,55,1,629748,629748,0.0521645,194436,0.0521645,0.155451,225857,0,225857,type,1,3,optk,1,dynamic
34,455,0.01,55,2,632530,632530,0.0523735,195215,0.0523735,0.156081,226592,1,226593,type,2,3,optk,1,dynamic
34,4553,0.1,39,0,0,0,0,0,0,0,0,0,0,iter,0,1,optk,5,dynamic
34,4553,0.1,41,0,0,0,0,0,0,0,0,0,0,iter,0,1,optk,5,dynamic
34,4553,0.1,43,0,2,2,4.32924e-35,5,1.34055e-07,2.6811e-07,0,0,0,iter,0,1,optk,5,dynamic
34,4553,0.1,43,1,0,0,0,0,0,0,0,0,0,iter,0,1,optk,5,dynamic
34,4553,0.1,45,0,0,0,0,0,0,0,0,0,0,iter,0,1,optk,5,dynamic
34,4553,0.1,47,0,2180,2180,1.01159e-19,5925,0.000158855,0.000292197,0,0,0,iter,0,1,optk,5,dynamic
34,4553,0.1,47,1,0,0,0,0,0,0,0,0,0,iter,0,1,optk,5,dynamic
34,4553,0.1,49,0,20424,20424,5.29307e-15,52051,0.00139554,0.00273419,0,0,0,iter,0,1,optk,5,dynamic
34,4553,0.1,49,1,0,0,0,0,0,0,0,0,0,iter,0,1,optk,5,dynamic
34,4553,0.1,51,0,186492,186492,1.85169e-10,421892,0.0113113,0.0246902,0,0,0,iter,0,1,optk,5,dynamic
34,4553,0.1,51,1,0,0,0,0,0,0,0,0,0,iter,0,1,optk,5,dynamic
34,4553,0.1,53,0,1111125,1111125,5.64768e-07,2099238,0.0562826,0.138389,0,0,0,iter,0,1,optk,5,dynamic
34,4553,0.1,53,1,0,0,0,0,0,0,0,0,0,iter,0,1,optk,5,dynamic
34,4553,0.1,55,0,6617801,6617801,0.000888995,9150976,0.245346,0.588171,0,0,0,iter,0,1,optk,5,dynamic
34,4553,0.1,55,1,8853,8853,5.70485e-18,13272,0.000355835,0.00118608,1,2655,2656,iter,0,1,optk,5,dynamic
34,22767,0.5,39,0,0,0,0,0,0,0,0,0,0,iter,0,1,optk,26,dynamic
34,22767,0.5,41,0,0,0,0,0,0,0,0,0,0,iter,0,1,optk,26,dynamic
34,22767,0.5,43,0,2,2,5.6392e-179,26,1.39405e-07,2.78809e-07,0,0,0,iter,0,1,optk,26,dynamic
34,22767,0.5,43,1,0,0,0,0,0,0,0,0,0,iter,0,1,optk,26,dynamic
34,22767,0.5,45,0,0,0,0,0,0,0,0,0,0,iter,0,1,optk,26,dynamic
34,22767,0.5,47,0,2180,2180,4.64688e-99,30808,0.000165184,0.000303856,0,0,0,iter,0,1,optk,26,dynamic
34,22767,0.5,47,1,0,0,0,0,0,0,0,0,0,iter,0,1,optk,26,dynamic
34,22767,0.5,49,0,20424,20424,1.60255e-74,270657,0.00145119,0.00284315,0,0,0,iter,0,1,optk,26,dynamic
34,22767,0.5,49,1,0,0,0,0,0,0,0,0,0,iter,0,1,optk,26,dynamic
34,22767,0.5,51,0,186492,186492,6.78453e-51,2193506,0.011761,0.0256628,0,0,0,iter,0,1,optk,26,dynamic
34,22767,0.5,51,1,0,0,0,0,0,0,0,0,0,iter,0,1,optk,26,dynamic
34,22767,0.5,53,0,1111125,1111125,8.71669e-33,10905168,0.0584705,0.143496,0,0,0,iter,0,1,optk,26,dynamic
34,22767,0.5,53,1,0,0,0,0,0,0,0,0,0,iter,0,1,optk,26,dynamic
34,22767,0.5,55,0,6617801,6617801,3.26577e-16,47323824,0.253737,0.602497,0,0,0,iter,0,1,optk,26,dynamic
34,22767,0.5,55,1,3,3,1.43341e-166,78,4.18214e-07,4.18214e-07,1,3,4,iter,0,1,optk,26,dynamic
35,18,0.001,36,0,0,0,0,0,0,0,0,0,0,iter,0,1,optk,1,dynamic
35,18,0.001,38,0,2,2,6.78168e-06,1,6.78168e-06,1.35633e-05,0,0,0,iter,0,1,optk,1,dynamic
35,18,0.001,38,1,0,0,0,0,0,0,0,0,0,iter,0,1,optk,1,dynamic
35,18,0.001,40,0,87,87,0.000576443,85,0.000576443,0.000589832,0,0,0,iter,0,1,optk,1,dynamic
35,18,0.001,40,1,0,0,0,0,0,0,0,0,0,iter,0,1,optk,1,dynamic
35,18,0.001,42,0,308,308,0.00201416,297,0.00201416,0.00208658,0,0,0,iter,0,1,optk,1,dynamic
35,18,0.001,42,1,0,0,0,0,0,0,0,0,0,iter,0,1,optk,1,dynamic
35,18,0.001,44,0,971,971,0.00606283,894,0.00606283,0.00656338,0,0,0,iter,0,1,optk,1,dynamic
35,18,0.001,44,1,0,0,0,0,0,0,0,0,0,iter,0,1,optk,1,dynamic
35,18,0.001,46,0,2787,2787,0.0169135,2494,0.0169135,0.0187231,0,0,0,iter,0,1,optk,1,dynamic
35,18,0.001,46,1,0,0,0,0,0,0,0,0,0,iter,0,1,optk,1,dynamic
35,18,0.001,48,0,7442,7442,0.0422974,6237,0.0422974,0.0492169,0,0,0,iter,0,1,optk,1,dynamic
35,18,0.001,48,1,46,46,0.00016276,24,0.00016276,0.000311909,0,24,24,iter,0,1,optk,1,dynamic
35,18,0.001,50,0,18986,18986,0.100627,14838,0.100627,0.120812,0,0,0,iter,0,1,optk,1,dynamic
35,18,0.001,50,1,3011,3011,0.00509983,752,0.00509983,0.0202126,0,784,784,iter,0,1,optk,1,dynamic
35,18,0.001,52,0,45906,45906,0.214627,31648,0.214627,0.267521,0,0,0,iter,0,1,optk,1,dynamic
35,18,0.001,52,1,61426,61426,0.0648872,9568,0.0648872,0.340697,0,0,0,iter,0,1,optk,1,dynamic
35,18,0.001,52,2,2972,2972,0.0155301,2290,0.0155301,0.0199534,2787,1,2788,iter,0,1,optk,1,dynamic
35,175,0.01,36,0,0,0,0,0,0,0,0,0,0,iter,0,1,optk,1,dynamic
35,175,0.01,38,0,2,2,6.97545e-07,1,6.97545e-07,1.39509e-06,0,0,0,iter,0,1,optk,1,dynamic
35,175,0.01,38,1,0,0,0,0,0,0,0,0,0,iter,0,1,optk,1,dynamic
35,175,0.01,40,0,87,87,5.92913e-05,85,5.92913e-05,6.06845e-05,0,0,0,iter,0,1,optk,1,dynamic
35,175,0.01,40,1,0,0,0,0,0,0,0,0,0,iter,0,1,optk,1,dynamic
35,175,0.01,42,0,308,308,0.000207171,297,0.000207171,0.000214821,0,0,0,iter,0,1,optk,1,dynamic
35,175,0.01,42,1,0,0,0,0,0,0,0,0,0,iter,0,1,optk,1,dynamic
35,175,0.01,44,0,971,971,0.000625698,897,0.000625698,0.000677087,0,0,0,iter,0,1,optk,1,dynamic
35,175,0.01,44,1,0,0,0,0,0,0,0,0,0,iter,0,1,optk,1,dynamic
35,175,0.01,46,0,2787,2787,0.00175572,2517,0.00175572,0.00194217,0,0,0,iter,0,1,optk,1,dynamic
35,175,0.01,46,1,0,0,0,0,0,0,0,0,0,iter,0,1,optk,1,dynamic
35,175,0.01,48,0,7442,7442,0.00442662,6346,0.00442662,0.00517768,0,0,0,iter,0,1,optk,1,dynamic
35,175,0.01,48,1,10,10,2.09263e-06,3,2.09263e-06,6.97542e-06,0,3,3,iter,0,1,optk,1,dynamic
35,175,0.01,50,0,18986,18986,0.010867,15579,0.010867,0.0131563,0,0,0,iter,0,1,optk,1,dynamic
35,175,0.01,50,1,218,218,4.88281e-05,70,4.88281e-05,0.000152053,0,70,70,iter,0,1,optk,1,dynamic
35,175,0.01,52,0,45906,45906,0.0246143,35287,0.0246143,0.0315142,0,0,0,iter,0,1,optk,1,dynamic
35,175,0.01,52,1,7791,7791,0.000804967,1154,0.000804967,0.00541983,1,1201,1202,iter,0,1,optk,1,dynamic
35,1751,0.1,36,0,0,0,0,0,0,0,0,0,0,iter,0,1,optk,4,dynamic
35,1751,0.1,38,0,2,2,6.04694e-27,4,2.78859e-07,5.57717e-07,0,0,0,iter,0,1,optk,4,dynamic
35,1751,0.1,38,1,0,0,0,0,0,0,0,0,0,iter,0,1,optk,4,dynamic
35,1751,0.1,40,0,87,87,3.15654e-19,340,2.3703e-05,2.42604e-05,0,0,0,iter,0,1,optk,4,dynamic
35,1751,0.1,40,1,0,0,0,0,0,0,0,0,0,iter,0,1,optk,4,dynamic
35,1751,0.1,42,0,308,308,4.70502e-17,1188,8.2821e-05,8.58847e-05,0,0,0,iter,0,1,optk,4,dynamic
35,1751,0.1,42,1,0,0,0,0,0,0,0,0,0,iter,0,1,optk,4,dynamic
35,1751,0.1,44,0,971,971,3.9454e-15,3595,0.000250624,0.000270735,0,0,0,iter,0,1,optk,4,dynamic
35,1751,0.1,44,1,0,0,0,0,0,0,0,0,0,iter,0,1,optk,4,dynamic
35,1751,0.1,46,0,2787,2787,2.42699e-13,10068,0.000701887,0.000776877,0,0,0,iter,0,1,optk,4,dynamic
35,1751,0.1,46,1,0,0,0,0,0,0,0,0,0,iter,0,1,optk,4,dynamic
35,1751,0.1,48,0,7442,7442,9.9016e-12,25445,0.00177389,0.00207311,0,0,0,iter,0,1,optk,4,dynamic
35,1751,0.1,48,1,0,0,0,0,0,0,0,0,0,iter,0,1,optk,4,dynamic
35,1751,0.1,50,0,18986,18986,3.59412e-10,62456,0.0043541,0.00528042,0,0,0,iter,0,1,optk,4,dynamic
35,1751,0.1,50,1,0,0,0,0,0,0,0,0,0,iter,0,1,optk,4,dynamic
35,1751,0.1,52,0,45906,45906,9.65082e-09,142173,0.00991154,0.0127197,0,0,0,iter,0,1,optk,4,dynamic
35,1751,0.1,52,1,9,9,3.77934e-24,20,1.39429e-06,2.50972e-06,1,5,6,iter,0,1,optk,4,dynamic
35,8756,0.5,36,0,0,0,0,0,0,0,0,0,0,iter,0,1,optk,18,dynamic
35,8756,0.5,38,0,2,2,1.55734e-119,18,2.50944e-07,5.01888e-07,0,0,0,iter,0,1,optk,18,dynamic
35,8756,0.5,38,1,0,0,0,0,0,0,0,0,0,iter,0,1,optk,18,dynamic
35,8756,0.5,40,0,87,87,8.35455e-85,1530,2.13302e-05,2.18319e-05,0,0,0,iter,0,1,optk,18,dynamic
35,8756,0.5,40,1,0,0,0,0,0,0,0,0,0,iter,0,1,optk,18,dynamic
35,8756,0.5,42,0,308,308,5.03499e-75,5346,7.45304e-05,7.72878e-05,0,0,0,iter,0,1,optk,18,dynamic
35,8756,0.5,42,1,0,0,0,0,0,0,0,0,0,iter,0,1,optk,18,dynamic
35,8756,0.5,44,0,971,971,2.29117e-66,16182,0.000225599,0.000243637,0,0,0,iter,0,1,optk,18,dynamic
35,8756,0.5,44,1,0,0,0,0,0,0,0,0,0,iter,0,1,optk,18,dynamic
35,8756,0.5,46,0,2787,2787,2.56126e-58,45307,0.00063164,0.000699136,0,0,0,iter,0,1,optk,18,dynamic
35,8756,0.5,46,1,0,0,0,0,0,0,0,0,0,iter,0,1,optk,18,dynamic
35,8756,0.5,48,0,7442,7442,4.53799e-51,114513,0.00159646,0.00186578,0,0,0,iter,0,1,optk,18,dynamic
35,8756,0.5,48,1,0,0,0,0,0,0,0,0,0,iter,0,1,optk,18,dynamic
35,8756,0.5,50,0,18986,18986,4.74849e-44,281085,0.0039187,0.00475309,0,0,0,iter,0,1,optk,18,dynamic
35,8756,0.5,50,1,0,0,0,0,0,0,0,0,0,iter,0,1,optk,18,dynamic
35,8756,0.5,52,0,45906,45906,1.28142e-37,639916,0.00892128,0.0114537,0,0,0,iter,0,1,optk,18,dynamic
35,8756,0.5,52,1,9,9,5.94077e-107,90,1.25472e-06,2.25849e-06,1,5,6,iter,0,1,optk,18,dynamic
36,53,0.001,40,0,0,0,0,0,0,0,0,0,0,iter,0,1,optk,1,dynamic
36,53,0.001,42,0,0,0,0,0,0,0,0,0,0,iter,0,1,optk,1,dynamic
36,53,0.001,44,0,0,0,0,0,0,0,0,0,0,iter,0,1,optk,1,dynamic
36,53,0.001,46,0,107,107,0.000163528,71,0.000163528,0.000246413,0,0,0,iter,0,1,optk,1,dynamic
36,53,0.001,46,1,0,0,0,0,0,0,0,0,0,iter,0,1,optk,1,dynamic
36,53,0.001,48,0,150,150,0.000338572,147,0.000338572,0.000345422,0,0,0,iter,0,1,optk,1,dynamic
36,53,0.001,48,1,0,0,0,0,0,0,0,0,0,iter,0,1,optk,1,dynamic
36,53,0.001,50,0,354,354,0.000796912,346,0.000796912,0.000815005,0,0,0,iter,0,1,optk,1,dynamic
36,53,0.001,50,1,0,0,0,0,0,0,0,0,0,iter,0,1,optk,1,dynamic
36,53,0.001,52,0,786,786,0.00173432,753,0.00173432,0.00180869,0,0,0,iter,0,1,optk,1,dynamic
36,53,0.001,52,1,0,0,0,0,0,0,0,0,0,iter,0,1,optk,1,dynamic
36,53,0.001,54,0,1692,1692,0.00372199,1616,0.00372199,0.00388945,0,0,0,iter,0,1,optk,1,dynamic
36,53,0.001,54,1,0,0,0,0,0,0,0,0,0,iter,0,1,optk,1,dynamic
36,53,0.001,56,0,3637,3637,0.00762133,3309,0.00762133,0.0083418,0,0,0,iter,0,1,optk,1,dynamic
36,53,0.001,56,1,28,28,1.15161e-05,5,1.15161e-05,6.44879e-05,0,5,5,iter,0,1,optk,1,dynamic
36,53,0.001,58,0,7822,7822,0.0159912,6943,0.0159912,0.0178544,0,0,0,iter,0,1,optk,1,dynamic
36,53,0.001,58,1,2989,2989,0.000467552,203,0.000467552,0.00686066,1,207,208,iter,0,1,optk,1,dynamic
36,528,0.01,40,0,0,0,0,0,0,0,0,0,0,iter,0,1,optk,1,dynamic
36,528,0.01,42,0,0,0,0,0,0,0,0,0,0,iter,0,1,optk,1,dynamic
36,528,0.01,44,0,0,0,0,0,0,0,0,0,0,iter,0,1,optk,1,dynamic
36,528,0.01,46,0,107,107,1.64148e-05,71,1.64148e-05,2.47374e-05,0,0,0,iter,0,1,optk,1,dynamic
36,528,0.01,46,1,0,0,0,0,0,0,0,0,0,iter,0,1,optk,1,dynamic
36,528,0.01,48,0,150,150,3.39855e-05,147,3.39855e-05,3.46785e-05,0,0,0,iter,0,1,optk,1,dynamic
36,528,0.01,48,1,0,0,0,0,0,0,0,0,0,iter,0,1,optk,1,dynamic
36,528,0.01,50,0,354,354,7.9993e-05,346,7.9993e-05,8.18392e-05,0,0,0,iter,0,1,optk,1,dynamic
36,528,0.01,50,1,0,0,0,0,0,0,0,0,0,iter,0,1,optk,1,dynamic
36,528,0.01,52,0,786,786,0.000174089,753,0.000174089,0.000181702,0,0,0,iter,0,1,optk,1,dynamic
36,528,0.01,52,1,0,0,0,0,0,0,0,0,0,iter,0,1,optk,1,dynamic
36,528,0.01,54,0,1692,1692,0.000374072,1618,0.000374072,0.000391103,0,0,0,iter,0,1,optk,1,dynamic
36,528,0.01,54,1,0,0,0,0,0,0,0,0,0,iter,0,1,optk,1,dynamic
36,528,0.01,56,0,3637,3637,0.000767795,3321,0.000767795,0.000840498,0,0,0,iter,0,1,optk,1,dynamic
36,528,0.01,56,1,0,0,0,0,0,0,0,0,0,iter,0,1,optk,1,dynamic
36,528,0.01,58,0,7822,7822,0.00161882,7002,0.00161882,0.00180676,0,0,0,iter,0,1,optk,1,dynamic
36,528,0.01,58,1,214,214,5.08626e-06,22,5.08626e-06,4.94742e-05,1,22,23,iter,0,1,optk,1,dynamic
36,5284,0.1,40,0,0,0,0,0,0,0,0,0,0,iter,0,1,optk,1,dynamic
36,5284,0.1,42,0,0,0,0,0,0,0,0,0,0,iter,0,1,optk,1,dynamic
36,5284,0.1,44,0,0,0,0,0,0,0,0,0,0,iter,0,1,optk,1,dynamic
36,5284,0.1,46,0,107,107,1.64023e-06,71,1.64023e-06,2.4719e-06,0,0,0,iter,0,1,optk,1,dynamic
36,5284,0.1,46,1,0,0,0,0,0,0,0,0,0,iter,0,1,optk,1,dynamic
36,5284,0.1,48,0,150,150,3.39598e-06,147,3.39598e-06,3.46528e-06,0,0,0,iter,0,1,optk,1,dynamic
36,5284,0.1,48,1,0,0,0,0,0,0,0,0,0,iter,0,1,optk,1,dynamic
36,5284,0.1,50,0,354,354,7.99325e-06,346,7.99325e-06,8.17803e-06,0,0,0,iter,0,1,optk,1,dynamic
36,5284,0.1,50,1,0,0,0,0,0,0,0,0,0,iter,0,1,optk,1,dynamic
36,5284,0.1,52,0,786,786,1.74188e-05,754,1.74188e-05,1.81579e-05,0,0,0,iter,0,1,optk,1,dynamic
36,5284,0.1,52,1,0,0,0,0,0,0,0,0,0,iter,0,1,optk,1,dynamic
36,5284,0.1,54,0,1692,1692,3.74019e-05,1619,3.74019e-05,3.90876e-05,0,0,0,iter,0,1,optk,1,dynamic
36,5284,0.1,54,1,0,0,0,0,0,0,0,0,0,iter,0,1,optk,1,dynamic
36,5284,0.1,56,0,3637,3637,7.67444e-05,3322,7.67444e-05,8.4018e-05,0,0,0,iter,0,1,optk,1,dynamic
36,5284,0.1,56,1,0,0,0,0,0,0,0,0,0,iter,0,1,optk,1,dynamic
36,5284,0.1,58,0,7822,7822,0.000161852,7006,0.000161852,0.000180687,0,0,0,iter,0,1,optk,1,dynamic
36,5284,0.1,58,1,38,38,2.31019e-07,10,2.31019e-07,8.77871e-07,1,10,11,iter,0,1,optk,1,dynamic
36,26421,0.5,40,0,0,0,0,0,0,0,0,0,0,iter,0,1,optk,7,dynamic
36,26421,0.5,42,0,0,0,0,0,0,0,0,0,0,iter,0,1,optk,7,dynamic
36,26421,0.5,44,0,0,0,0,0,0,0,0,0,0,iter,0,1,optk,7,dynamic
36,26421,0.5,46,0,107,107,3.36605e-40,497,2.29624e-06,3.46052e-06,0,0,0,iter,0,1,optk,7,dynamic
36,26421,0.5,46,1,0,0,0,0,0,0,0,0,0,iter,0,1,optk,7,dynamic
36,26421,0.5,48,0,150,150,5.48951e-38,1029,4.75419e-06,4.8512e-06,0,0,0,iter,0,1,optk,7,dynamic
36,26421,0.5,48,1,0,0,0,0,0,0,0,0,0,iter,0,1,optk,7,dynamic
36,26421,0.5,50,0,354,354,2.19707e-35,2422,1.11901e-05,1.14488e-05,0,0,0,iter,0,1,optk,7,dynamic
36,26421,0.5,50,1,0,0,0,0,0,0,0,0,0,iter,0,1,optk,7,dynamic
36,26421,0.5,52,0,786,786,5.12757e-33,5278,2.43854e-05,2.542e-05,0,0,0,iter,0,1,optk,7,dynamic
36,26421,0.5,52,1,0,0,0,0,0,0,0,0,0,iter,0,1,optk,7,dynamic
36,26421,0.5,54,0,1692,1692,1.07905e-30,11333,5.23607e-05,5.47202e-05,0,0,0,iter,0,1,optk,7,dynamic
36,26421,0.5,54,1,0,0,0,0,0,0,0,0,0,iter,0,1,optk,7,dynamic
36,26421,0.5,56,0,3637,3637,1.65188e-28,23253,0.000107434,0.000117619,0,0,0,iter,0,1,optk,7,dynamic
36,26421,0.5,56,1,0,0,0,0,0,0,0,0,0,iter,0,1,optk,7,dynamic
36,26421,0.5,58,0,7822,7822,3.06403e-26,49037,0.000226561,0.000252942,0,0,0,iter,0,1,optk,7,dynamic
36,26421,0.5,58,1,36,36,1.77015e-46,63,2.91073e-07,1.16429e-06,1,9,10,iter,0,1,optk,7,dynamic
37,2,0.001,41,0,0,0,0,0,0,0,0,0,0,iter,0,1,optk,1,dynamic
37,2,0.001,43,0,0,0,0,0,0,0,0,0,0,iter,0,1,optk,1,dynamic
37,2,0.001,45,0,16,16,0.000793457,13,0.000793457,0.000976086,0,0,0,iter,0,1,optk,1,dynamic
37,2,0.001,45,1,0,0,0,0,0,0,0,0,0,iter,0,1,optk,1,dynamic
37,2,0.001,47,0,282,282,0.0164795,270,0.0164795,0.0170646,0,0,0,iter,0,1,optk,1,dynamic
37,2,0.001,47,1,0,0,0,0,0,0,0,0,0,iter,0,1,optk,1,dynamic
37,2,0.001,49,0,709,709,0.0404663,663,0.0404663,0.042351,0,0,0,iter,0,1,optk,1,dynamic
37,2,0.001,49,1,0,0,0,0,0,0,0,0,0,iter,0,1,optk,1,dynamic
37,2,0.001,51,0,1609,1609,0.0896606,1469,0.0896606,0.0935375,0,0,0,iter,0,1,optk,1,dynamic
37,2,0.001,51,1,1,1,6.10352e-05,1,6.10352e-05,6.10333e-05,0,1,1,iter,0,1,optk,1,dynamic
37,2,0.001,53,0,3547,3547,0.178894,2931,0.178894,0.194661,0,0,0,iter,0,1,optk,1,dynamic
37,2,0.001,53,1,900,900,0.0067749,111,0.0067749,0.0534501,0,0,0,iter,0,1,optk,1,dynamic
37,2,0.001,53,2,28,28,0.00152588,25,0.00152588,0.00170752,29,1,30,iter,0,1,optk,1,dynamic
37,16,0.01,41,0,0,0,0,0,0,0,0,0,0,iter,0,1,optk,1,dynamic
37,16,0.01,43,0,0,0,0,0,0,0,0,0,0,iter,0,1,optk,1,dynamic
37,16,0.01,45,0,16,16,9.91821e-05,13,9.91821e-05,0.000122063,0,0,0,iter,0,1,optk,1,dynamic
37,16,0.01,45,1,0,0,0,0,0,0,0,0,0,iter,0,1,optk,1,dynamic
37,16,0.01,47,0,282,282,0.00209045,274,0.00209045,0.00214918,0,0,0,iter,0,1,optk,1,dynamic
37,16,0.01,47,1,0,0,0,0,0,0,0,0,0,iter,0,1,optk,1,dynamic
37,16,0.01,49,0,709,709,0.00518036,679,0.00518036,0.00539464,0,0,0,iter,0,1,optk,1,dynamic
37,16,0.01,49,1,0,0,0,0,0,0,0,0,0,iter,0,1,optk,1,dynamic
37,16,0.01,51,0,1609,1609,0.0116577,1528,0.0116577,0.0122007,0,0,0,iter,0,1,optk,1,dynamic
37,16,0.01,51,1,11,11,1.52588e-05,2,1.52588e-05,8.39198e-05,0,2,2,iter,0,1,optk,1,dynamic
37,16,0.01,53,0,3547,3547,0.024498,3211,0.024498,0.0266986,0,0,0,iter,0,1,optk,1,dynamic
37,16,0.01,53,1,64,64,0.000114441,15,0.000114441,0.000488162,1,15,16,iter,0,1,optk,1,dynamic
37,156,0.1,41,0,0,0,0,0,0,0,0,0,0,iter,0,1,optk,1,dynamic
37,156,0.1,43,0,0,0,0,0,0,0,0,0,0,iter,0,1,optk,1,dynamic
37,156,0.1,45,0,16,16,1.01725e-05,13,1.01725e-05,1.252e-05,0,0,0,iter,0,1,optk,1,dynamic
37,156,0.1,45,1,0,0,0,0,0,0,0,0,0,iter,0,1,optk,1,dynamic
37,156,0.1,47,0,282,282,0.000214406,274,0.000214406,0.000220641,0,0,0,iter,0,1,optk,1,dynamic
37,156,0.1,47,1,0,0,0,0,0,0,0,0,0,iter,0,1,optk,1,dynamic
37,156,0.1,49,0,709,709,0.000533666,682,0.000533666,0.00055464,0,0,0,iter,0,1,optk,1,dynamic
37,156,0.1,49,1,0,0,0,0,0,0,0,0,0,iter,0,1,optk,1,dynamic
37,156,0.1,51,0,1609,1609,0.00120192,1536,0.00120192,0.00125825,0,0,0,iter,0,1,optk,1,dynamic
37,156,0.1,51,1,0,0,0,0,0,0,0,0,0,iter,0,1,optk,1,dynamic
37,156,0.1,53,0,3547,3547,0.00253061,3234,0.00253061,0.00277169,0,0,0,iter,0,1,optk,1,dynamic
37,156,0.1,53,1,6,6,7.82502e-07,1,7.82502e-07,4.695e-06,1,1,2,iter,0,1,optk,1,dynamic
37,782,0.5,41,0,0,0,0,0,0,0,0,0,0,iter,0,1,optk,4,dynamic
37,782,0.5,43,0,0,0,0,0,0,0,0,0,0,iter,0,1,optk,4,dynamic
37,782,0.5,45,0,16,16,4.34137e-21,52,8.11721e-06,9.99036e-06,0,0,0,iter,0,1,optk,4,dynamic
37,782,0.5,45,1,0,0,0,0,0,0,0,0,0,iter,0,1,optk,4,dynamic
37,782,0.5,47,0,282,282,8.56753e-16,1096,0.000171086,0.000176065,0,0,0,iter,0,1,optk,4,dynamic
37,782,0.5,47,1,0,0,0,0,0,0,0,0,0,iter,0,1,optk,4,dynamic
37,782,0.5,49,0,709,709,3.30778e-14,2732,0.000426466,0.000442602,0,0,0,iter,0,1,optk,4,dynamic
37,782,0.5,49,1,0,0,0,0,0,0,0,0,0,iter,0,1,optk,4,dynamic
37,782,0.5,51,0,1609,1609,8.47195e-13,6146,0.000959391,0.00100416,0,0,0,iter,0,1,optk,4,dynamic
37,782,0.5,51,1,0,0,0,0,0,0,0,0,0,iter,0,1,optk,4,dynamic
37,782,0.5,53,0,3547,3547,1.66167e-11,12934,0.002019,0.0022123,0,0,0,iter,0,1,optk,4,dynamic
37,782,0.5,53,1,6,6,1.52003e-25,4,6.24401e-07,3.7464e-06,1,1,2,iter,0,1,optk,4,dynamic
38,11,0.001,35,0,0,0,0,0,0,0,0,0,0,iter,0,1,optk,1,dynamic
38,11,0.001,37,0,4,4,2.21946e-05,2,2.21946e-05,4.43882e-05,0,0,0,iter,0,1,optk,1,dynamic
38,11,0.001,37,1,0,0,0,0,0,0,0,0,0,iter,0,1,optk,1,dynamic
38,11,0.001,39,0,176,176,0.00183105,165,0.00183105,0.00195122,0,0,0,iter,0,1,optk,1,dynamic
38,11,0.001,39,1,0,0,0,0,0,0,0,0,0,iter,0,1,optk,1,dynamic
38,11,0.001,41,0,666,666,0.00683594,616,0.00683594,0.00736356,0,0,0,iter,0,1,optk,1,dynamic
38,11,0.001,41,1,0,0,0,0,0,0,0,0,0,iter,0,1,optk,1,dynamic
38,11,0.001,43,0,2093,2093,0.0208962,1883,0.0208962,0.022959,0,0,0,iter,0,1,optk,1,dynamic
38,11,0.001,43,1,14,14,4.43892e-05,4,4.43892e-05,0.00015535,0,4,4,iter,0,1,optk,1,dynamic
38,11,0.001,45,0,6117,6117,0.0579057,5218,0.0579057,0.0656295,0,0,0,iter,0,1,optk,1,dynamic
38,11,0.001,45,1,363,363,0.000854492,77,0.000854492,0.00402022,0,79,79,iter,0,1,optk,1,dynamic
38,11,0.001,47,0,16407,16407,0.140669,12676,0.140669,0.16646,0,0,0,iter,0,1,optk,1,dynamic
38,11,0.001,47,1,9223,9223,0.0125621,1132,0.0125621,0.0972868,0,0,0,iter,0,1,optk,1,dynamic
38,11,0.001,47,2,216,216,0.00200861,181,0.00200861,0.00239415,206,0,206,iter,0,1,optk,1,dynamic
38,11,0.001,49,0,3837,3837,0.0325484,2933,0.0325484,0.0416865,3414,1,3415,type,0,2,optk,1,dynamic
38,11,0.001,49,0,42107,42107,0.307717,27729,0.307717,0.373292,0,0,0,iter,0,1,optk,1,dynamic
38,11,0.001,49,1,206177,206177,0.181818,16384,0.181818,0.898532,0,0,0,iter,0,1,optk,1,dynamic
38,112,0.01,35,0,0,0,0,0,0,0,0,0,0,iter,0,1,optk,1,dynamic
38,112,0.01,37,0,4,4,2.17983e-06,2,2.17983e-06,4.35964e-06,0,0,0,iter,0,1,optk,1,dynamic
38,112,0.01,37,1,0,0,0,0,0,0,0,0,0,iter,0,1,optk,1,dynamic
38,112,0.01,39,0,176,176,0.000179836,165,0.000179836,0.000191806,0,0,0,iter,0,1,optk,1,dynamic
38,112,0.01,39,1,0,0,0,0,0,0,0,0,0,iter,0,1,optk,1,dynamic
38,112,0.01,41,0,666,666,0.000672477,617,0.000672477,0.000725619,0,0,0,iter,0,1,optk,1,dynamic
38,112,0.01,41,1,0,0,0,0,0,0,0,0,0,iter,0,1,optk,1,dynamic
38,112,0.01,43,0,2093,2093,0.00207738,1906,0.00207738,0.00227859,0,0,0,iter,0,1,optk,1,dynamic
38,112,0.01,43,1,16,16,1.08991e-06,1,1.08991e-06,1.74385e-05,0,1,1,iter,0,1,optk,1,dynamic
38,112,0.01,45,0,6117,6117,0.00580597,5327,0.00580597,0.00664483,0,0,0,iter,0,1,optk,1,dynamic
38,112,0.01,45,1,17,17,7.62939e-06,7,7.62939e-06,1.85284e-05,0,8,8,iter,0,1,optk,1,dynamic
38,112,0.01,47,0,16407,16407,0.014813,13591,0.014813,0.0177233,0,0,0,iter,0,1,optk,1,dynamic
38,112,0.01,47,1,1133,1133,0.000146048,134,0.000146048,0.00123411,0,135,135,iter,0,1,optk,1,dynamic
38,112,0.01,49,0,42107,42107,0.0354396,32516,0.0354396,0.0448558,0,0,0,iter,0,1,optk,1,dynamic
38,112,0.01,49,1,20328,20328,0.00223868,2054,0.00223868,0.0219121,1,2190,2191,iter,0,1,optk,1,dynamic
38,1116,0.1,35,0,0,0,0,0,0,0,0,0,0,iter,0,1,optk,5,dynamic
38,1116,0.1,37,0,4,4,1.56577e-30,10,1.09382e-06,2.18764e-06,0,0,0,iter,0,1,optk,5,dynamic
38,1116,0.1,37,1,0,0,0,0,0,0,0,0,0,iter,0,1,optk,5,dynamic
38,1116,0.1,39,0,176,176,5.9841e-21,825,9.02402e-05,9.62515e-05,0,0,0,iter,0,1,optk,5,dynamic
38,1116,0.1,39,1,0,0,0,0,0,0,0,0,0,iter,0,1,optk,5,dynamic
38,1116,0.1,41,0,666,666,4.37527e-18,3085,0.000337443,0.000364176,0,0,0,iter,0,1,optk,5,dynamic
38,1116,0.1,41,1,0,0,0,0,0,0,0,0,0,iter,0,1,optk,5,dynamic
38,1116,0.1,43,0,2093,2093,1.2347e-15,9536,0.00104307,0.00114403,0,0,0,iter,0,1,optk,5,dynamic
38,1116,0.1,43,1,0,0,0,0,0,0,0,0,0,iter,0,1,optk,5,dynamic
38,1116,0.1,45,0,6117,6117,2.12265e-13,26695,0.00291995,0.00333986,0,0,0,iter,0,1,optk,5,dynamic
38,1116,0.1,45,1,0,0,0,0,0,0,0,0,0,iter,0,1,optk,5,dynamic
38,1116,0.1,47,0,16407,16407,2.32413e-11,68282,0.00746882,0.00893301,0,0,0,iter,0,1,optk,5,dynamic
38,1116,0.1,47,1,0,0,0,0,0,0,0,0,0,iter,0,1,optk,5,dynamic
38,1116,0.1,49,0,42107,42107,1.85385e-09,163934,0.0179314,0.0227656,0,0,0,iter,0,1,optk,5,dynamic
38,1116,0.1,49,1,9,9,2.88929e-27,45,4.92219e-06,4.92218e-06,1,9,10,iter,0,1,optk,5,dynamic
38,5581,0.5,35,0,0,0,0,0,0,0,0,0,0,iter,0,1,optk,23,dynamic
38,5581,0.5,37,0,4,4,1.15103e-138,46,1.00613e-06,2.01227e-06,0,0,0,iter,0,1,optk,23,dynamic
38,5581,0.5,37,1,0,0,0,0,0,0,0,0,0,iter,0,1,optk,23,dynamic
38,5581,0.5,39,0,176,176,1.37888e-94,3795,8.30061e-05,8.85359e-05,0,0,0,iter,0,1,optk,23,dynamic
38,5581,0.5,39,1,0,0,0,0,0,0,0,0,0,iter,0,1,optk,23,dynamic
38,5581,0.5,41,0,666,666,2.04047e-81,14185,0.000310261,0.000334987,0,0,0,iter,0,1,optk,23,dynamic
38,5581,0.5,41,1,0,0,0,0,0,0,0,0,0,iter,0,1,optk,23,dynamic
38,5581,0.5,43,0,2093,2093,3.84395e-70,43858,0.000959283,0.00105237,0,0,0,iter,0,1,optk,23,dynamic
38,5581,0.5,43,1,0,0,0,0,0,0,0,0,0,iter,0,1,optk,23,dynamic
38,5581,0.5,45,0,6117,6117,7.42196e-60,122816,0.00268629,0.00307253,0,0,0,iter,0,1,optk,23,dynamic
38,5581,0.5,45,1,0,0,0,0,0,0,0,0,0,iter,0,1,optk,23,dynamic
38,5581,0.5,47,0,16407,16407,1.78282e-50,314128,0.00687076,0.00821985,0,0,0,iter,0,1,optk,23,dynamic
38,5581,0.5,47,1,0,0,0,0,0,0,0,0,0,iter,0,1,optk,23,dynamic
38,5581,0.5,49,0,42107,42107,1.01259e-41,754622,0.0165055,0.0209599,0,0,0,iter,0,1,optk,23,dynamic
38,5581,0.5,49,1,9,9,1.21611e-123,207,4.5276e-06,4.52759e-06,1,9,10,iter,0,1,optk,23,dynamic
39,44,0.001,36,0,0,0,0,0,0,0,0,0,0,iter,0,1,optk,1,dynamic
39,44,0.001,38,0,0,0,0,0,0,0,0,0,0,iter,0,1,optk,1,dynamic
39,44,0.001,40,0,7,7,1.94203e-05,7,1.94203e-05,1.94201e-05,0,0,0,iter,0,1,optk,1,dynamic
39,44,0.001,40,1,0,0,0,0,0,0,0,0,0,iter,0,1,optk,1,dynamic
39,44,0.001,42,0,121,121,0.000330145,119,0.000330145,0.000335637,0,0,0,iter,0,1,optk,1,dynamic
39,44,0.001,42,1,0,0,0,0,0,0,0,0,0,iter,0,1,optk,1,dynamic
39,44,0.001,44,0,362,362,0.000965465,348,0.000965465,0.0010038,0,0,0,iter,0,1,optk,1,dynamic
39,44,0.001,44,1,0,0,0,0,0,0,0,0,0,iter,0,1,optk,1,dynamic
39,44,0.001,46,0,982,982,0.00259122,934,0.00259122,0.00272068,0,0,0,iter,0,1,optk,1,dynamic
39,44,0.001,46,1,0,0,0,0,0,0,0,0,0,iter,0,1,optk,1,dynamic
39,44,0.001,48,0,2440,2440,0.00625888,2256,0.00625888,0.00674649,0,0,0,iter,0,1,optk,1,dynamic
39,44,0.001,48,1,0,0,0,0,0,0,0,0,0,iter,0,1,optk,1,dynamic
39,44,0.001,50,0,5549,5549,0.013855,4994,0.013855,0.0152768,0,0,0,iter,0,1,optk,1,dynamic
39,44,0.001,50,1,10,10,1.6646e-05,6,1.6646e-05,2.77429e-05,0,6,6,iter,0,1,optk,1,dynamic
39,44,0.001,52,0,12399,12399,0.029344,10577,0.029344,0.0338139,0,0,0,iter,0,1,optk,1,dynamic
39,44,0.001,52,1,1805,1805,0.000518799,187,0.000518799,0.00499514,0,192,192,iter,0,1,optk,1,dynamic
39,44,0.001,54,0,26962,26962,0.0600059,21629,0.0600059,0.0720722,0,0,0,iter,0,1,optk,1,dynamic
39,44,0.001,54,1,39826,39826,0.00802057,2891,0.00802057,0.104605,0,0,0,iter,0,1,optk,1,dynamic
39,44,0.001,54,2,225,225,0.000538219,194,0.000538219,0.000624028,202,1,203,iter,0,1,optk,1,dynamic
39,445,0.01,36,0,0,0,0,0,0,0,0,0,0,iter,0,1,optk,1,dynamic
39,445,0.01,38,0,0,0,0,0,0,0,0,0,0,iter,0,1,optk,1,dynamic
39,445,0.01,40,0,7,7,1.92021e-06,7,1.92021e-06,1.92021e-06,0,0,0,iter,0,1,optk,1,dynamic
39,445,0.01,40,1,0,0,0,0,0,0,0,0,0,iter,0,1,optk,1,dynamic
39,445,0.01,42,0,121,121,3.26435e-05,119,3.26435e-05,3.31916e-05,0,0,0,iter,0,1,optk,1,dynamic
39,445,0.01,42,1,0,0,0,0,0,0,0,0,0,iter,0,1,optk,1,dynamic
39,445,0.01,44,0,362,362,9.5736e-05,349,9.5736e-05,9.92972e-05,0,0,0,iter,0,1,optk,1,dynamic
39,445,0.01,44,1,0,0,0,0,0,0,0,0,0,iter,0,1,optk,1,dynamic
39,445,0.01,46,0,982,982,0.00025621,934,0.00025621,0.000269341,0,0,0,iter,0,1,optk,1,dynamic
39,445,0.01,46,1,0,0,0,0,0,0,0,0,0,iter,0,1,optk,1,dynamic
39,445,0.01,48,0,2440,2440,0.000619678,2259,0.000619678,0.000669105,0,0,0,iter,0,1,optk,1,dynamic
39,445,0.01,48,1,0,0,0,0,0,0,0,0,0,iter,0,1,optk,1,dynamic
39,445,0.01,50,0,5549,5549,0.00137843,5025,0.00137843,0.00152102,0,0,0,iter,0,1,optk,1,dynamic
39,445,0.01,50,1,0,0,0,0,0,0,0,0,0,iter,0,1,optk,1,dynamic
39,445,0.01,52,0,12399,12399,0.00293545,10701,0.00293545,0.00339546,0,0,0,iter,0,1,optk,1,dynamic
39,445,0.01,52,1,222,222,4.66336e-06,17,4.66336e-06,6.08961e-05,0,18,18,iter,0,1,optk,1,dynamic
39,445,0.01,54,0,26962,26962,0.006109,22270,0.006109,0.00736881,0,0,0,iter,0,1,optk,1,dynamic
39,445,0.01,54,1,2979,2979,7.81799e-05,285,7.81799e-05,0.000816852,1,295,296,iter,0,1,optk,1,dynamic
39,4448,0.1,36,0,0,0,0,0,0,0,0,0,0,iter,0,1,optk,3,dynamic
39,4448,0.1,38,0,0,0,0,0,0,0,0,0,0,iter,0,1,optk,3,dynamic
39,4448,0.1,40,0,7,7,1.91423e-19,21,5.76321e-07,5.76321e-07,0,0,0,iter,0,1,optk,3,dynamic
39,4448,0.1,40,1,0,0,0,0,0,0,0,0,0,iter,0,1,optk,3,dynamic
39,4448,0.1,42,0,121,121,9.4046e-16,357,9.79746e-06,9.96207e-06,0,0,0,iter,0,1,optk,3,dynamic
39,4448,0.1,42,1,0,0,0,0,0,0,0,0,0,iter,0,1,optk,3,dynamic
39,4448,0.1,44,0,362,362,2.37233e-14,1047,2.87337e-05,2.98036e-05,0,0,0,iter,0,1,optk,3,dynamic
39,4448,0.1,44,1,0,0,0,0,0,0,0,0,0,iter,0,1,optk,3,dynamic
39,4448,0.1,46,0,982,982,4.56178e-13,2805,7.698e-05,8.08464e-05,0,0,0,iter,0,1,optk,3,dynamic
39,4448,0.1,46,1,0,0,0,0,0,0,0,0,0,iter,0,1,optk,3,dynamic
39,4448,0.1,48,0,2440,2440,6.44206e-12,6780,0.000186069,0.000200869,0,0,0,iter,0,1,optk,3,dynamic
39,4448,0.1,48,1,0,0,0,0,0,0,0,0,0,iter,0,1,optk,3,dynamic
39,4448,0.1,50,0,5549,5549,7.07981e-11,15074,0.000413689,0.000456754,0,0,0,iter,0,1,optk,3,dynamic
39,4448,0.1,50,1,0,0,0,0,0,0,0,0,0,iter,0,1,optk,3,dynamic
39,4448,0.1,52,0,12399,12399,6.85148e-10,32123,0.000881579,0.00102031,0,0,0,iter,0,1,optk,3,dynamic
39,4448,0.1,52,1,0,0,0,0,0,0,0,0,0,iter,0,1,optk,3,dynamic
39,4448,0.1,54,0,26962,26962,6.20808e-09,66969,0.00183789,0.00221736,0,0,0,iter,0,1,optk,3,dynamic
39,4448,0.1,54,1,17,17,1.22611e-18,39,1.07031e-06,1.39964e-06,1,13,14,iter,0,1,optk,3,dynamic
39,22238,0.5,36,0,0,0,0,0,0,0,0,0,0,iter,0,1,optk,17,dynamic
39,22238,0.5,38,0,0,0,0,0,0,0,0,0,0,iter,0,1,optk,17,dynamic
39,22238,0.5,40,0,7,7,7.17864e-106,119,6.53223e-07,6.53223e-07,0,0,0,iter,0,1,optk,17,dynamic
39,22238,0.5,40,1,0,0,0,0,0,0,0,0,0,iter,0,1,optk,17,dynamic
39,22238,0.5,42,0,121,121,5.93846e-85,2023,1.11048e-05,1.12914e-05,0,0,0,iter,0,1,optk,17,dynamic
39,22238,0.5,42,1,0,0,0,0,0,0,0,0,0,iter,0,1,optk,17,dynamic
39,22238,0.5,44,0,362,362,5.21684e-77,5933,3.25678e-05,3.37804e-05,0,0,0,iter,0,1,optk,17,dynamic
39,22238,0.5,44,1,0,0,0,0,0,0,0,0,0,iter,0,1,optk,17,dynamic
39,22238,0.5,46,0,982,982,9.84402e-70,15895,8.72519e-05,9.16336e-05,0,0,0,iter,0,1,optk,17,dynamic
39,22238,0.5,46,1,0,0,0,0,0,0,0,0,0,iter,0,1,optk,17,dynamic
39,22238,0.5,48,0,2440,2440,3.22441e-63,38416,0.000210876,0.000227669,0,0,0,iter,0,1,optk,17,dynamic
39,22238,0.5,48,1,0,0,0,0,0,0,0,0,0,iter,0,1,optk,17,dynamic
39,22238,0.5,50,0,5549,5549,2.56775e-57,85435,0.000468975,0.000517685,0,0,0,iter,0,1,optk,17,dynamic
39,22238,0.5,50,1,0,0,0,0,0,0,0,0,0,iter,0,1,optk,17,dynamic
39,22238,0.5,52,0,12399,12399,9.8465e-52,182008,0.00099909,0.00115637,0,0,0,iter,0,1,optk,17,dynamic
39,22238,0.5,52,1,0,0,0,0,0,0,0,0,0,iter,0,1,optk,17,dynamic
39,22238,0.5,54,0,26962,26962,2.60597e-46,379378,0.00208251,0.00251286,0,0,0,iter,0,1,optk,17,dynamic
39,22238,0.5,54,1,17,17,2.66939e-101,221,1.21313e-06,1.5864e-06,1,13,14,iter,0,1,optk,17,dynamic
40,27,0.001,36,0,0,0,0,0,0,0,0,0,0,iter,0,1,optk,1,dynamic
40,27,0.001,38,0,0,0,0,0,0,0,0,0,0,iter,0,1,optk,1,dynamic
40,27,0.001,40,0,3,3,1.35634e-05,3,1.35634e-05,1.35633e-05,0,0,0,iter,0,1,optk,1,dynamic
40,27,0.001,40,1,0,0,0,0,0,0,0,0,0,iter,0,1,optk,1,dynamic
40,27,0.001,42,0,50,50,0.000226056,50,0.000226056,0.000226031,0,0,0,iter,0,1,optk,1,dynamic
40,27,0.001,42,1,0,0,0,0,0,0,0,0,0,iter,0,1,optk,1,dynamic
40,27,0.001,44,0,113,113,0.000506366,112,0.000506366,0.000510756,0,0,0,iter,0,1,optk,1,dynamic
40,27,0.001,44,1,0,0,0,0,0,0,0,0,0,iter,0,1,optk,1,dynamic
40,27,0.001,46,0,274,274,0.00121166,268,0.00121166,0.00123802,0,0,0,iter,0,1,optk,1,dynamic
40,27,0.001,46,1,0,0,0,0,0,0,0,0,0,iter,0,1,optk,1,dynamic
40,27,0.001,48,0,611,611,0.00264486,585,0.00264486,0.00275859,0,0,0,iter,0,1,optk,1,dynamic
40,27,0.001,48,1,0,0,0,0,0,0,0,0,0,iter,0,1,optk,1,dynamic
40,27,0.001,50,0,1330,1330,0.00571922,1265,0.00571922,0.00599505,0,0,0,iter,0,1,optk,1,dynamic
40,27,0.001,50,1,0,0,0,0,0,0,0,0,0,iter,0,1,optk,1,dynamic
40,27,0.001,52,0,2845,2845,0.0118363,2618,0.0118363,0.0127802,0,0,0,iter,0,1,optk,1,dynamic
40,27,0.001,52,1,109,109,8.13802e-05,18,8.13802e-05,0.000492681,0,18,18,iter,0,1,optk,1,dynamic
40,27,0.001,54,0,6040,6040,0.0243869,5394,0.0243869,0.0269381,0,0,0,iter,0,1,optk,1,dynamic
40,27,0.001,54,1,3870,3870,0.00170898,378,0.00170898,0.0173446,1,392,393,iter,0,1,optk,1,dynamic
40,274,0.01,36,0,0,0,0,0,0,0,0,0,0,iter,0,1,optk,1,dynamic
40,274,0.01,38,0,0,0,0,0,0,0,0,0,0,iter,0,1,optk,1,dynamic
40,274,0.01,40,0,3,3,1.33654e-06,3,1.33654e-06,1.33654e-06,0,0,0,iter,0,1,optk,1,dynamic
40,274,0.01,40,1,0,0,0,0,0,0,0,0,0,iter,0,1,optk,1,dynamic
40,274,0.01,42,0,50,50,2.22756e-05,50,2.22756e-05,2.22754e-05,0,0,0,iter,0,1,optk,1,dynamic
40,274,0.01,42,1,0,0,0,0,0,0,0,0,0,iter,0,1,optk,1,dynamic
40,274,0.01,44,0,113,113,4.98974e-05,112,4.98974e-05,5.03416e-05,0,0,0,iter,0,1,optk,1,dynamic
40,274,0.01,44,1,0,0,0,0,0,0,0,0,0,iter,0,1,optk,1,dynamic
40,274,0.01,46,0,274,274,0.000119397,268,0.000119397,0.000122063,0,0,0,iter,0,1,optk,1,dynamic
40,274,0.01,46,1,0,0,0,0,0,0,0,0,0,iter,0,1,optk,1,dynamic
40,274,0.01,48,0,611,611,0.000261516,587,0.000261516,0.000272171,0,0,0,iter,0,1,optk,1,dynamic
40,274,0.01,48,1,0,0,0,0,0,0,0,0,0,iter,0,1,optk,1,dynamic
40,274,0.01,50,0,1330,1330,0.000564464,1267,0.000564464,0.000592356,0,0,0,iter,0,1,optk,1,dynamic
40,274,0.01,50,1,0,0,0,0,0,0,0,0,0,iter,0,1,optk,1,dynamic
40,274,0.01,52,0,2845,2845,0.00117348,2634,0.00117348,0.00126668,0,0,0,iter,0,1,optk,1,dynamic
40,274,0.01,52,1,2,2,4.45512e-07,1,4.45512e-07,8.91024e-07,0,1,1,iter,0,1,optk,1,dynamic
40,274,0.01,54,0,6040,6040,0.00243205,5459,0.00243205,0.00268728,0,0,0,iter,0,1,optk,1,dynamic
40,274,0.01,54,1,345,345,2.13846e-05,48,2.13846e-05,0.00015369,1,48,49,iter,0,1,optk,1,dynamic
40,2743,0.1,36,0,0,0,0,0,0,0,0,0,0,iter,0,1,optk,3,dynamic
40,2743,0.1,38,0,0,0,0,0,0,0,0,0,0,iter,0,1,optk,3,dynamic
40,2743,0.1,40,0,3,3,6.42511e-20,9,4.00522e-07,4.00522e-07,0,0,0,iter,0,1,optk,3,dynamic
40,2743,0.1,40,1,0,0,0,0,0,0,0,0,0,iter,0,1,optk,3,dynamic
40,2743,0.1,42,0,50,50,2.97459e-16,150,6.67537e-06,6.67535e-06,0,0,0,iter,0,1,optk,3,dynamic
40,2743,0.1,42,1,0,0,0,0,0,0,0,0,0,iter,0,1,optk,3,dynamic
40,2743,0.1,44,0,113,113,3.34326e-15,336,1.49528e-05,1.50862e-05,0,0,0,iter,0,1,optk,3,dynamic
40,2743,0.1,44,1,0,0,0,0,0,0,0,0,0,iter,0,1,optk,3,dynamic
40,2743,0.1,46,0,274,274,4.58058e-14,804,3.578e-05,3.65804e-05,0,0,0,iter,0,1,optk,3,dynamic
40,2743,0.1,46,1,0,0,0,0,0,0,0,0,0,iter,0,1,optk,3,dynamic
40,2743,0.1,48,0,611,611,4.81317e-13,1761,7.83689e-05,8.15697e-05,0,0,0,iter,0,1,optk,3,dynamic
40,2743,0.1,48,1,0,0,0,0,0,0,0,0,0,iter,0,1,optk,3,dynamic
40,2743,0.1,50,0,1330,1330,4.83619e-12,3800,0.000169109,0.000177549,0,0,0,iter,0,1,optk,3,dynamic
40,2743,0.1,50,1,0,0,0,0,0,0,0,0,0,iter,0,1,optk,3,dynamic
40,2743,0.1,52,0,2845,2845,4.357e-11,7907,0.000351881,0.000379757,0,0,0,iter,0,1,optk,3,dynamic
40,2743,0.1,52,1,0,0,0,0,0,0,0,0,0,iter,0,1,optk,3,dynamic
40,2743,0.1,54,0,6040,6040,3.88549e-10,16397,0.000729707,0.00080606,0,0,0,iter,0,1,optk,3,dynamic
40,2743,0.1,54,1,18,18,4.11207e-18,36,1.60209e-06,2.40313e-06,1,12,13,iter,0,1,optk,3,dynamic
40,13713,0.5,36,0,0,0,0,0,0,0,0,0,0,iter,0,1,optk,13,dynamic
40,13713,0.5,38,0,0,0,0,0,0,0,0,0,0,iter,0,1,optk,13,dynamic
40,13713,0.5,40,0,3,3,1.06426e-84,39,3.4717e-07,3.4717e-07,0,0,0,iter,0,1,optk,13,dynamic
40,13713,0.5,40,1,0,0,0,0,0,0,0,0,0,iter,0,1,optk,13,dynamic
40,13713,0.5,42,0,50,50,8.14858e-69,650,5.78617e-06,5.78615e-06,0,0,0,iter,0,1,optk,13,dynamic
40,13713,0.5,42,1,0,0,0,0,0,0,0,0,0,iter,0,1,optk,13,dynamic
40,13713,0.5,44,0,113,113,2.91277e-64,1456,1.2961e-05,1.30767e-05,0,0,0,iter,0,1,optk,13,dynamic
40,13713,0.5,44,1,0,0,0,0,0,0,0,0,0,iter,0,1,optk,13,dynamic
40,13713,0.5,46,0,274,274,2.45598e-59,3484,3.10139e-05,3.17077e-05,0,0,0,iter,0,1,optk,13,dynamic
40,13713,0.5,46,1,0,0,0,0,0,0,0,0,0,iter,0,1,optk,13,dynamic
40,13713,0.5,48,0,611,611,6.55794e-55,7631,6.79296e-05,7.07045e-05,0,0,0,iter,0,1,optk,13,dynamic
40,13713,0.5,48,1,0,0,0,0,0,0,0,0,0,iter,0,1,optk,13,dynamic
40,13713,0.5,50,0,1330,1330,1.44619e-50,16470,0.000146613,0.0001539,0,0,0,iter,0,1,optk,13,dynamic
40,13713,0.5,50,1,0,0,0,0,0,0,0,0,0,iter,0,1,optk,13,dynamic
40,13713,0.5,52,0,2845,2845,1.97894e-46,34266,0.000305029,0.000329179,0,0,0,iter,0,1,optk,13,dynamic
40,13713,0.5,52,1,0,0,0,0,0,0,0,0,0,iter,0,1,optk,13,dynamic
40,13713,0.5,54,0,6040,6040,2.59192e-42,71051,0.000632481,0.000698725,0,0,0,iter,0,1,optk,13,dynamic
40,13713,0.5,54,1,18,18,7.14214e-77,156,1.38868e-06,2.08302e-06,1,12,13,iter,0,1,optk,13,dynamic
41,1,0.001,30,0,0,0,0,0,0,0,0,0,0,iter,0,1,optk,1,dynamic
41,1,0.001,32,0,0,0,0,0,0,0,0,0,0,iter,0,1,optk,1,dynamic
41,1,0.001,34,0,0,0,0,0,0,0,0,0,0,iter,0,1,optk,1,dynamic
41,1,0.001,36,0,48,48,0.00439453,36,0.00439453,0.00584224,0,0,0,iter,0,1,optk,1,dynamic
41,1,0.001,36,1,1,1,0.00012207,1,0.00012207,0.000122063,0,1,1,iter,0,1,optk,1,dynamic
41,1,0.001,38,0,440,440,0.0352783,289,0.0352783,0.052294,0,0,0,iter,0,1,optk,1,dynamic
41,1,0.001,38,1,56,56,0.00524902,43,0.00524902,0.00681263,0,48,48,iter,0,1,optk,1,dynamic
41,1,0.001,40,0,5111,5111,0.307739,2521,0.307739,0.46415,0,0,0,iter,0,1,optk,1,dynamic
41,1,0.001,40,1,2823,2823,0.171997,1409,0.171997,0.291499,0,0,0,iter,0,1,optk,1,dynamic
41,1,0.001,40,2,855,855,0.0627441,514,0.0627441,0.0991082,0,0,0,iter,0,1,optk,1,dynamic
41,1,0.001,40,3,638,638,0.0411377,337,0.0411377,0.0749254,0,0,0,iter,0,1,optk,1,dynamic
41,1,0.001,40,4,236,236,0.0168457,138,0.0168457,0.0283976,0,0,0,iter,0,1,optk,1,dynamic
41,1,0.001,40,5,138,138,0.010376,85,0.010376,0.0167046,0,126,126,iter,0,1,optk,1,dynamic
41,1,0.001,42,0,40174,40174,0.930054,7619,0.930054,0.992584,0,0,0,iter,0,1,optk,1,dynamic
41,1,0.001,42,0,4632,4632,0.268555,2200,0.268555,0.431884,2609,0,2609,type,0,8,optk,1,dynamic
41,1,0.001,42,1,46004,46004,0.922241,7555,0.922241,0.99636,0,0,0,iter,0,1,optk,1,dynamic
41,1,0.001,42,1,4611,4611,0.271362,2223,0.271362,0.430426,2616,0,2616,type,1,8,optk,1,dynamic
41,1,0.001,42,2,4680,4680,0.267334,2190,0.267334,0.435203,2610,0,2610,type,2,8,optk,1,dynamic
41,1,0.001,42,3,4444,4444,0.262085,2147,0.262085,0.418695,2538,0,2538,type,3,8,optk,1,dynamic
41,1,0.001,42,4,4768,4768,0.265991,2179,0.265991,0.441238,2607,0,2607,type,4,8,optk,1,dynamic
41,1,0.001,42,5,4581,4581,0.269043,2204,0.269043,0.428336,2598,0,2598,type,5,8,optk,1,dynamic
41,1,0.001,42,6,4937,4937,0.278198,2279,0.278198,0.452647,2720,0,2720,type,6,8,optk,1,dynamic
41,1,0.001,42,7,4502,4502,0.259033,2122,0.259033,0.422797,2559,1,2560,type,7,8,optk,1,dynamic
41,5,0.01,30,0,0,0,0,0,0,0,0,0,0,iter,0,1,optk,1,dynamic
41,5,0.01,32,0,0,0,0,0,0,0,0,0,0,iter,0,1,optk,1,dynamic
41,5,0.01,34,0,0,0,0,0,0,0,0,0,0,iter,0,1,optk,1,dynamic
41,5,0.01,36,0,48,48,0.000878906,36,0.000878906,0.00117119,0,0,0,iter,0,1,optk,1,dynamic
41,5,0.01,36,1,0,0,0,0,0,0,0,0,0,iter,0,1,optk,1,dynamic
41,5,0.01,38,0,440,440,0.00710449,291,0.00710449,0.0106847,0,0,0,iter,0,1,optk,1,dynamic
41,5,0.01,38,1,6,6,0.000146484,6,0.000146484,0.000146474,0,6,6,iter,0,1,optk,1,dynamic
41,5,0.01,40,0,5111,5111,0.0716309,2934,0.0716309,0.117309,0,0,0,iter,0,1,optk,1,dynamic
41,5,0.01,40,1,701,701,0.00949707,389,0.00949707,0.0169686,0,425,425,iter,0,1,optk,1,dynamic
41,5,0.01,42,0,3928,3928,0.0516846,2117,0.0516846,0.0914437,2610,0,2610,type,0,2,optk,1,dynamic
41,5,0.01,42,0,40174,40174,0.418335,17135,0.418335,0.624993,0,0,0,iter,0,1,optk,1,dynamic
41,5,0.01,42,1,21021,21021,0.197974,8109,0.197974,0.401428,0,0,0,iter,0,1,optk,1,dynamic
41,5,0.01,42,1,3874,3874,0.05,2048,0.05,0.0902451,2532,1,2533,type,1,2,optk,1,dynamic
41,50,0.1,30,0,0,0,0,0,0,0,0,0,0,iter,0,1,optk,4,dynamic
41,50,0.1,32,0,0,0,0,0,0,0,0,0,0,iter,0,1,optk,4,dynamic
41,50,0.1,34,0,0,0,0,0,0,0,0,0,0,iter,0,1,optk,4,dynamic
41,50,0.1,36,0,48,48,1.48561e-14,143,0.000349121,0.00046864,0,0,0,iter,0,1,optk,4,dynamic
41,50,0.1,36,1,0,0,0,0,0,0,0,0,0,iter,0,1,optk,4,dynamic
41,50,0.1,38,0,440,440,6.68017e-11,1171,0.00285889,0.00428766,0,0,0,iter,0,1,optk,4,dynamic
41,50,0.1,38,1,0,0,0,0,0,0,0,0,0,iter,0,1,optk,4,dynamic
41,50,0.1,40,0,5111,5111,7.33014e-07,11985,0.0292603,0.048687,0,0,0,iter,0,1,optk,4,dynamic
41,50,0.1,40,1,0,0,0,0,0,0,0,0,0,iter,0,1,optk,4,dynamic
41,50,0.1,42,0,40174,40174,0.00142351,79561,0.194241,0.324515,0,0,0,iter,0,1,optk,4,dynamic
41,50,0.1,42,1,61,61,6.43268e-15,116,0.000283203,0.000595526,1,29,30,iter,0,1,optk,4,dynamic
41,250,0.5,30,0,0,0,0,0,0,0,0,0,0,iter,0,1,optk,19,dynamic
41,250,0.5,32,0,0,0,0,0,0,0,0,0,0,iter,0,1,optk,19,dynamic
41,250,0.5,34,0,0,0,0,0,0,0,0,0,0,iter,0,1,optk,19,dynamic
41,250,0.5,36,0,48,48,8.92888e-67,684,0.000333984,0.000445213,0,0,0,iter,0,1,optk,19,dynamic
41,250,0.5,36,1,0,0,0,0,0,0,0,0,0,iter,0,1,optk,19,dynamic
41,250,0.5,38,0,440,440,1.74242e-49,5560,0.00271484,0.00407371,0,0,0,iter,0,1,optk,19,dynamic
41,250,0.5,38,1,0,0,0,0,0,0,0,0,0,iter,0,1,optk,19,dynamic
41,250,0.5,40,0,5111,5111,2.71487e-30,56913,0.0277896,0.0463099,0,0,0,iter,0,1,optk,19,dynamic
41,250,0.5,40,1,0,0,0,0,0,0,0,0,0,iter,0,1,optk,19,dynamic
41,250,0.5,42,0,40174,40174,1.26755e-14,380108,0.1856,0.311134,0,0,0,iter,0,1,optk,19,dynamic
41,250,0.5,42,1,1,1,2.40464e-96,19,9.27734e-06,9.2773e-06,1,1,2,iter,0,1,optk,19,dynamic
42,71,0.001,48,0,0,0,0,0,0,0,0,0,0,iter,0,1,optk,1,dynamic
42,71,0.001,50,0,0,0,0,0,0,0,0,0,0,iter,0,1,optk,1,dynamic
42,71,0.001,52,0,0,0,0,0,0,0,0,0,0,iter,0,1,optk,1,dynamic
42,71,0.001,54,0,0,0,0,0,0,0,0,0,0,iter,0,1,optk,1,dynamic
42,71,0.001,56,0,176,176,0.000211474,123,0.000211474,0.000302551,0,0,0,iter,0,1,optk,1,dynamic
42,71,0.001,56,1,0,0,0,0,0,0,0,0,0,iter,0,1,optk,1,dynamic
42,71,0.001,58,0,8836,8836,0.00978282,5690,0.00978282,0.0150769,0,0,0,iter,0,1,optk,1,dynamic
42,71,0.001,58,1,21,21,2.40702e-05,14,2.40702e-05,3.61047e-05,0,14,14,iter,0,1,optk,1,dynamic
42,71,0.001,60,0,119112,119112,0.108227,62948,0.108227,0.185181,0,0,0,iter,0,1,optk,1,dynamic
42,71,0.001,60,1,5972,5972,0.00608632,3540,0.00608632,0.0102151,0,3729,3729,iter,0,1,optk,1,dynamic
42,71,0.001,62,0,1048124,1048124,0.581402,338162,0.581402,0.835038,0,0,0,iter,0,1,optk,1,dynamic
42,71,0.001,62,0,106723,106723,0.0865186,50322,0.0865186,0.167639,62637,0,62637,type,0,3,optk,1,dynamic
42,71,0.001,62,1,108784,108784,0.0864292,50270,0.0864292,0.170583,62668,0,62668,type,1,3,optk,1,dynamic
42,71,0.001,62,1,474885,474885,0.309888,180241,0.309888,0.558011,0,0,0,iter,0,1,optk,1,dynamic
42,71,0.001,62,2,109365,109365,0.0860613,50056,0.0860613,0.171411,62321,0,62321,type,2,3,optk,1,dynamic
42,71,0.001,64,0,7915516,7915516,0.994775,578593,0.994775,0.999999,0,0,0,iter,0,1,optk,1,dynamic
42,71,0.001,64,0,985661,985661,0.481127,279839,0.481127,0.816336,382425,1,382426,type,0,8,optk,1,dynamic
42,71,0.001,64,1,8961874,8961874,0.994271,578300,0.994271,1,0,0,0,iter,0,1,optk,1,dynamic
42,706,0.01,48,0,0,0,0,0,0,0,0,0,0,iter,0,1,optk,1,dynamic
42,706,0.01,50,0,0,0,0,0,0,0,0,0,0,iter,0,1,optk,1,dynamic
42,706,0.01,52,0,0,0,0,0,0,0,0,0,0,iter,0,1,optk,1,dynamic
42,706,0.01,54,0,0,0,0,0,0,0,0,0,0,iter,0,1,optk,1,dynamic
42,706,0.01,56,0,176,176,2.12672e-05,123,2.12672e-05,3.04307e-05,0,0,0,iter,0,1,optk,1,dynamic
42,706,0.01,56,1,0,0,0,0,0,0,0,0,0,iter,0,1,optk,1,dynamic
42,706,0.01,58,0,8836,8836,0.000986937,5708,0.000986937,0.00152661,0,0,0,iter,0,1,optk,1,dynamic
42,706,0.01,58,1,3,3,3.45808e-07,2,3.45808e-07,5.18712e-07,0,2,2,iter,0,1,optk,1,dynamic
42,706,0.01,60,0,119112,119112,0.0114667,66318,0.0114667,0.0203843,0,0,0,iter,0,1,optk,1,dynamic
42,706,0.01,60,1,586,586,6.29371e-05,364,6.29371e-05,0.000101317,0,369,369,iter,0,1,optk,1,dynamic
42,706,0.01,62,0,1048124,1048124,0.0838028,484678,0.0838028,0.165752,0,0,0,iter,0,1,optk,1,dynamic
42,706,0.01,62,1,69371,69371,0.00537265,31073,0.00537265,0.0119229,0,33068,33068,iter,0,1,optk,1,dynamic
42,706,0.01,64,0,763130,763130,0.049892,288553,0.049892,0.123614,357804,1,357805,type,0,2,optk,1,dynamic
42,706,0.01,64,0,7915516,7915516,0.411455,2379671,0.411455,0.745543,0,0,0,iter,0,1,optk,1,dynamic
42,706,0.01,64,1,3706395,3706395,0.192855,1115387,0.192855,0.473156,0,0,0,iter,0,1,optk,1,dynamic
42,7059,0.1,48,0,0,0,0,0,0,0,0,0,0,iter,0,1,optk,5,dynamic
42,7059,0.1,50,0,0,0,0,0,0,0,0,0,0,iter,0,1,optk,5,dynamic
42,7059,0.1,52,0,0,0,0,0,0,0,0,0,0,iter,0,1,optk,5,dynamic
42,7059,0.1,54,0,0,0,0,0,0,0,0,0,0,iter,0,1,optk,5,dynamic
42,7059,0.1,56,0,176,176,1.36054e-25,615,1.06351e-05,1.52176e-05,0,0,0,iter,0,1,optk,5,dynamic
42,7059,0.1,56,1,0,0,0,0,0,0,0,0,0,iter,0,1,optk,5,dynamic
42,7059,0.1,58,0,8836,8836,2.93028e-17,28544,0.000493607,0.000763707,0,0,0,iter,0,1,optk,5,dynamic
42,7059,0.1,58,1,0,0,0,0,0,0,0,0,0,iter,0,1,optk,5,dynamic
42,7059,0.1,60,0,119112,119112,6.27943e-12,332443,0.00574889,0.0102461,0,0,0,iter,0,1,optk,5,dynamic
42,7059,0.1,60,1,0,0,0,0,0,0,0,0,0,iter,0,1,optk,5,dynamic
42,7059,0.1,62,0,1048124,1048124,1.439e-07,2475971,0.0428166,0.0866401,0,0,0,iter,0,1,optk,5,dynamic
42,7059,0.1,62,1,0,0,0,0,0,0,0,0,0,iter,0,1,optk,5,dynamic
42,7059,0.1,64,0,7915516,7915516,0.000685043,13467180,0.232886,0.495612,0,0,0,iter,0,1,optk,5,dynamic
42,7059,0.1,64,1,6559,6559,1.99162e-19,10519,0.000181904,0.000566959,1,2104,2105,iter,0,1,optk,5,dynamic
42,35297,0.5,48,0,0,0,0,0,0,0,0,0,0,iter,0,1,optk,23,dynamic
42,35297,0.5,50,0,0,0,0,0,0,0,0,0,0,iter,0,1,optk,23,dynamic
42,35297,0.5,52,0,0,0,0,0,0,0,0,0,0,iter,0,1,optk,23,dynamic
42,35297,0.5,54,0,0,0,0,0,0,0,0,0,0,iter,0,1,optk,23,dynamic
42,35297,0.5,56,0,176,176,6.04811e-116,2829,9.78375e-06,1.39994e-05,0,0,0,iter,0,1,optk,23,dynamic
42,35297,0.5,56,1,0,0,0,0,0,0,0,0,0,iter,0,1,optk,23,dynamic
42,35297,0.5,58,0,8836,8836,1.30633e-77,131325,0.000454171,0.000702592,0,0,0,iter,0,1,optk,23,dynamic
42,35297,0.5,58,1,0,0,0,0,0,0,0,0,0,iter,0,1,optk,23,dynamic
42,35297,0.5,60,0,119112,119112,4.34472e-53,1529387,0.0052892,0.00942974,0,0,0,iter,0,1,optk,23,dynamic
42,35297,0.5,60,1,0,0,0,0,0,0,0,0,0,iter,0,1,optk,23,dynamic
42,35297,0.5,62,0,1048124,1048124,5.14612e-33,11409826,0.0394595,0.0799898,0,0,0,iter,0,1,optk,23,dynamic
42,35297,0.5,62,1,0,0,0,0,0,0,0,0,0,iter,0,1,optk,23,dynamic
42,35297,0.5,64,0,7915516,7915516,5.16414e-16,62585754,0.216445,0.467206,0,0,0,iter,0,1,optk,23,dynamic
42,35297,0.5,64,1,59,59,1.11899e-127,874,3.02262e-06,4.69301e-06,1,38,39,iter,0,1,optk,23,dynamic
43,26,0.001,32,0,0,0,0,0,0,0,0,0,0,iter,0,1,optk,1,dynamic
43,26,0.001,34,0,0,0,0,0,0,0,0,0,0,iter,0,1,optk,1,dynamic
43,26,0.001,36,0,4,4,9.39002e-06,2,9.39002e-06,1.87799e-05,0,0,0,iter,0,1,optk,1,dynamic
43,26,0.001,36,1,0,0,0,0,0,0,0,0,0,iter,0,1,optk,1,dynamic
43,26,0.001,38,0,268,268,0.00109863,234,0.00109863,0.00125747,0,0,0,iter,0,1,optk,1,dynamic
43,26,0.001,38,1,0,0,0,0,0,0,0,0,0,iter,0,1,optk,1,dynamic
43,26,0.001,40,0,1070,1070,0.00438514,934,0.00438514,0.00501107,0,0,0,iter,0,1,optk,1,dynamic
43,26,0.001,40,1,0,0,0,0,0,0,0,0,0,iter,0,1,optk,1,dynamic
43,26,0.001,42,0,3318,3318,0.0130474,2779,0.0130474,0.0154573,0,0,0,iter,0,1,optk,1,dynamic
43,26,0.001,42,1,0,0,0,0,0,0,0,0,0,iter,0,1,optk,1,dynamic
43,26,0.001,44,0,10346,10346,0.0389076,8287,0.0389076,0.0474137,0,0,0,iter,0,1,optk,1,dynamic
43,26,0.001,44,1,81,81,9.39002e-05,20,9.39002e-05,0.000380224,0,20,20,iter,0,1,optk,1,dynamic
43,26,0.001,46,0,28083,28083,0.0970036,20661,0.0970036,0.123528,0,0,0,iter,0,1,optk,1,dynamic
43,26,0.001,46,1,2588,2588,0.00241324,514,0.00241324,0.0120772,0,529,529,iter,0,1,optk,1,dynamic
43,26,0.001,48,0,75707,75707,0.229797,48945,0.229797,0.299139,0,0,0,iter,0,1,optk,1,dynamic
43,26,0.001,48,1,55365,55365,0.0312688,6660,0.0312688,0.228902,0,0,0,iter,0,1,optk,1,dynamic
43,26,0.001,48,2,2372,2372,0.00807073,1719,0.00807073,0.0110748,2150,0,2150,iter,0,1,optk,1,dynamic
43,26,0.001,50,0,16959,16959,0.053171,11325,0.053171,0.0765353,12769,1,12770,type,0,4,optk,1,dynamic
43,26,0.001,50,0,187478,187478,0.451684,96205,0.451684,0.585305,0,0,0,iter,0,1,optk,1,dynamic
43,26,0.001,50,1,1007616,1007616,0.358455,76348,0.358455,0.99118,0,0,0,iter,0,1,optk,1,dynamic
43,256,0.01,32,0,0,0,0,0,0,0,0,0,0,iter,0,1,optk,1,dynamic
43,256,0.01,34,0,0,0,0,0,0,0,0,0,0,iter,0,1,optk,1,dynamic
43,256,0.01,36,0,4,4,9.53674e-07,2,9.53674e-07,1.90735e-06,0,0,0,iter,0,1,optk,1,dynamic
43,256,0.01,36,1,0,0,0,0,0,0,0,0,0,iter,0,1,optk,1,dynamic
43,256,0.01,38,0,268,268,0.00011158,234,0.00011158,0.000127784,0,0,0,iter,0,1,optk,1,dynamic
43,256,0.01,38,1,0,0,0,0,0,0,0,0,0,iter,0,1,optk,1,dynamic
43,256,0.01,40,0,1070,1070,0.000446796,937,0.000446796,0.000510086,0,0,0,iter,0,1,optk,1,dynamic
43,256,0.01,40,1,0,0,0,0,0,0,0,0,0,iter,0,1,optk,1,dynamic
43,256,0.01,42,0,3318,3318,0.00133038,2790,0.00133038,0.00158089,0,0,0,iter,0,1,optk,1,dynamic
43,256,0.01,42,1,0,0,0,0,0,0,0,0,0,iter,0,1,optk,1,dynamic
43,256,0.01,44,0,10346,10346,0.00402164,8434,0.00402164,0.00492121,0,0,0,iter,0,1,optk,1,dynamic
43,256,0.01,44,1,0,0,0,0,0,0,0,0,0,iter,0,1,optk,1,dynamic
43,256,0.01,46,0,28083,28083,0.0103297,21663,0.0103297,0.0133018,0,0,0,iter,0,1,optk,1,dynamic
43,256,0.01,46,1,366,366,3.43323e-05,72,3.43323e-05,0.000174507,0,72,72,iter,0,1,optk,1,dynamic
43,256,0.01,48,0,75707,75707,0.0260892,54713,0.0260892,0.0354561,0,0,0,iter,0,1,optk,1,dynamic
43,256,0.01,48,1,4782,4782,0.000358105,751,0.000358105,0.00227764,0,760,760,iter,0,1,optk,1,dynamic
43,256,0.01,50,0,187478,187478,0.05931,124382,0.05931,0.0855171,0,0,0,iter,0,1,optk,1,dynamic
43,256,0.01,50,1,127737,127737,0.00585365,12276,0.00585365,0.0590918,0,0,0,iter,0,1,optk,1,dynamic
43,256,0.01,50,2,1153,1153,0.000374794,786,0.000374794,0.000549642,847,1,848,iter,0,1,optk,1,dynamic
43,2565,0.1,32,0,0,0,0,0,0,0,0,0,0,iter,0,1,optk,4,dynamic
43,2565,0.1,34,0,0,0,0,0,0,0,0,0,0,iter,0,1,optk,4,dynamic
43,2565,0.1,36,0,4,4,2.10112e-26,8,3.80726e-07,7.61452e-07,0,0,0,iter,0,1,optk,4,dynamic
43,2565,0.1,36,1,0,0,0,0,0,0,0,0,0,iter,0,1,optk,4,dynamic
43,2565,0.1,38,0,268,268,3.93726e-18,936,4.4545e-05,5.1016e-05,0,0,0,iter,0,1,optk,4,dynamic
43,2565,0.1,38,1,0,0,0,0,0,0,0,0,0,iter,0,1,optk,4,dynamic
43,2565,0.1,40,0,1070,1070,1.01225e-15,3748,0.00017837,0.000203668,0,0,0,iter,0,1,optk,4,dynamic
43,2565,0.1,40,1,0,0,0,0,0,0,0,0,0,iter,0,1,optk,4,dynamic
43,2565,0.1,42,0,3318,3318,7.96838e-14,11164,0.000531303,0.000631425,0,0,0,iter,0,1,optk,4,dynamic
43,2565,0.1,42,1,0,0,0,0,0,0,0,0,0,iter,0,1,optk,4,dynamic
43,2565,0.1,44,0,10346,10346,6.69194e-12,33796,0.00160838,0.00196756,0,0,0,iter,0,1,optk,4,dynamic
43,2565,0.1,44,1,0,0,0,0,0,0,0,0,0,iter,0,1,optk,4,dynamic
43,2565,0.1,46,0,28083,28083,2.93028e-10,86937,0.0041374,0.0053317,0,0,0,iter,0,1,optk,4,dynamic
43,2565,0.1,46,1,0,0,0,0,0,0,0,0,0,iter,0,1,optk,4,dynamic
43,2565,0.1,48,0,75707,75707,1.21436e-08,220579,0.0104975,0.0143085,0,0,0,iter,0,1,optk,4,dynamic
43,2565,0.1,48,1,0,0,0,0,0,0,0,0,0,iter,0,1,optk,4,dynamic
43,2565,0.1,50,0,187478,187478,3.36864e-07,506222,0.0240915,0.0350595,0,0,0,iter,0,1,optk,4,dynamic
43,2565,0.1,50,1,15,15,2.72305e-23,48,2.28436e-06,2.85544e-06,1,12,13,iter,0,1,optk,4,dynamic
43,12825,0.5,32,0,0,0,0,0,0,0,0,0,0,iter,0,1,optk,22,dynamic
43,12825,0.5,34,0,0,0,0,0,0,0,0,0,0,iter,0,1,optk,22,dynamic
43,12825,0.5,36,0,4,4,4.8319e-141,44,4.18799e-07,8.37597e-07,0,0,0,iter,0,1,optk,22,dynamic
43,12825,0.5,36,1,0,0,0,0,0,0,0,0,0,iter,0,1,optk,22,dynamic
43,12825,0.5,38,0,268,268,1.52829e-95,5148,4.89995e-05,5.61175e-05,0,0,0,iter,0,1,optk,22,dynamic
43,12825,0.5,38,1,0,0,0,0,0,0,0,0,0,iter,0,1,optk,22,dynamic
43,12825,0.5,40,0,1070,1070,2.74957e-82,20613,0.000196198,0.000224032,0,0,0,iter,0,1,optk,22,dynamic
43,12825,0.5,40,1,0,0,0,0,0,0,0,0,0,iter,0,1,optk,22,dynamic
43,12825,0.5,42,0,3318,3318,7.38994e-72,61405,0.000584462,0.000694546,0,0,0,iter,0,1,optk,22,dynamic
43,12825,0.5,42,1,0,0,0,0,0,0,0,0,0,iter,0,1,optk,22,dynamic
43,12825,0.5,44,0,10346,10346,2.82201e-61,185866,0.0017691,0.0021641,0,0,0,iter,0,1,optk,22,dynamic
43,12825,0.5,44,1,0,0,0,0,0,0,0,0,0,iter,0,1,optk,22,dynamic
43,12825,0.5,46,0,28083,28083,3.01821e-52,478209,0.00455167,0.00586331,0,0,0,iter,0,1,optk,22,dynamic
43,12825,0.5,46,1,0,0,0,0,0,0,0,0,0,iter,0,1,optk,22,dynamic
43,12825,0.5,48,0,75707,75707,2.33909e-43,1212486,0.0115406,0.015728,0,0,0,iter,0,1,optk,22,dynamic
43,12825,0.5,48,1,0,0,0,0,0,0,0,0,0,iter,0,1,optk,22,dynamic
43,12825,0.5,50,0,187478,187478,1.98448e-35,2780146,0.0264619,0.0384972,0,0,0,iter,0,1,optk,22,dynamic
43,12825,0.5,50,1,15,15,6.35983e-124,264,2.51279e-06,3.14099e-06,1,12,13,iter,0,1,optk,22,dynamic
44,3,0.001,39,0,0,0,0,0,0,0,0,0,0,iter,0,1,optk,1,dynamic
44,3,0.001,41,0,0,0,0,0,0,0,0,0,0,iter,0,1,optk,1,dynamic
44,3,0.001,43,0,49,49,0.00174967,43,0.00174967,0.00199183,0,0,0,iter,0,1,optk,1,dynamic
44,3,0.001,43,1,2,2,4.06901e-05,1,4.06901e-05,8.13769e-05,0,1,1,iter,0,1,optk,1,dynamic
44,3,0.001,45,0,2004,2004,0.0675863,1661,0.0675863,0.0783069,0,0,0,iter,0,1,optk,1,dynamic
44,3,0.001,45,1,21,21,0.000203451,5,0.000203451,0.000854127,0,5,5,iter,0,1,optk,1,dynamic
44,3,0.001,47,0,9635,9635,0.268311,6594,0.268311,0.324329,0,0,0,iter,0,1,optk,1,dynamic
44,3,0.001,47,1,436,436,0.0057373,141,0.0057373,0.0175844,0,144,144,iter,0,1,optk,1,dynamic
44,3,0.001,49,0,2636,2636,0.0766602,1884,0.0766602,0.101707,3067,0,3067,type,0,2,optk,1,dynamic
44,3,0.001,49,0,43222,43222,0.726481,17854,0.726481,0.827733,0,0,0,iter,0,1,optk,1,dynamic
44,3,0.001,49,1,15628,15628,0.118449,2911,0.118449,0.470544,0,0,0,iter,0,1,optk,1,dynamic
44,3,0.001,49,1,2520,2520,0.074056,1820,0.074056,0.0974571,2973,0,2973,type,1,2,optk,1,dynamic
44,3,0.001,51,0,12498,12498,0.287313,7061,0.287313,0.39863,9553,0,9553,type,0,8,optk,1,dynamic
44,3,0.001,51,0,154900,154900,0.984009,24183,0.984009,0.998169,0,0,0,iter,0,1,optk,1,dynamic
44,3,0.001,51,1,12924,12924,0.289347,7111,0.289347,0.408964,9691,1,9692,type,1,8,optk,1,dynamic
44,3,0.001,51,1,164528,164528,0.658122,16174,0.658122,0.998762,0,0,0,iter,0,1,optk,1,dynamic
44,26,0.01,39,0,0,0,0,0,0,0,0,0,0,iter,0,1,optk,1,dynamic
44,26,0.01,41,0,0,0,0,0,0,0,0,0,0,iter,0,1,optk,1,dynamic
44,26,0.01,43,0,49,49,0.000201886,43,0.000201886,0.000230029,0,0,0,iter,0,1,optk,1,dynamic
44,26,0.01,43,1,0,0,0,0,0,0,0,0,0,iter,0,1,optk,1,dynamic
44,26,0.01,45,0,2004,2004,0.00808481,1722,0.00808481,0.00936468,0,0,0,iter,0,1,optk,1,dynamic
44,26,0.01,45,1,1,1,4.69501e-06,1,4.69501e-06,4.695e-06,0,1,1,iter,0,1,optk,1,dynamic
44,26,0.01,47,0,9635,9635,0.0356633,7596,0.0356633,0.0442285,0,0,0,iter,0,1,optk,1,dynamic
44,26,0.01,47,1,100,100,0.00013146,28,0.00013146,0.000469391,0,28,28,iter,0,1,optk,1,dynamic
44,26,0.01,49,0,43222,43222,0.137836,29358,0.137836,0.183663,0,0,0,iter,0,1,optk,1,dynamic
44,26,0.01,49,1,3370,3370,0.00294847,628,0.00294847,0.0156977,0,639,639,iter,0,1,optk,1,dynamic
44,26,0.01,51,0,154900,154900,0.379629,80858,0.379629,0.516767,0,0,0,iter,0,1,optk,1,dynamic
44,26,0.01,51,1,63271,63271,0.0465088,9906,0.0465088,0.256999,0,0,0,iter,0,1,optk,1,dynamic
44,26,0.01,51,2,7257,7257,0.022198,4728,0.022198,0.0334978,0,0,0,iter,0,1,optk,1,dynamic
44,26,0.01,51,3,3826,3826,0.00288743,615,0.00288743,0.0178027,1,689,690,iter,0,1,optk,1,dynamic
44,258,0.1,39,0,0,0,0,0,0,0,0,0,0,iter,0,1,optk,2,dynamic
44,258,0.1,41,0,0,0,0,0,0,0,0,0,0,iter,0,1,optk,2,dynamic
44,258,0.1,43,0,49,49,1.65568e-09,86,4.06901e-05,4.63667e-05,0,0,0,iter,0,1,optk,2,dynamic
44,258,0.1,43,1,0,0,0,0,0,0,0,0,0,iter,0,1,optk,2,dynamic
44,258,0.1,45,0,2004,2004,2.67689e-06,3458,0.00163612,0.00189455,0,0,0,iter,0,1,optk,2,dynamic
44,258,0.1,45,1,0,0,0,0,0,0,0,0,0,iter,0,1,optk,2,dynamic
44,258,0.1,47,0,9635,9635,5.32982e-05,15430,0.00730056,0.00907598,0,0,0,iter,0,1,optk,2,dynamic
44,258,0.1,47,1,0,0,0,0,0,0,0,0,0,iter,0,1,optk,2,dynamic
44,258,0.1,49,0,43222,43222,0.000866533,62216,0.0294369,0.0400751,0,0,0,iter,0,1,optk,2,dynamic
44,258,0.1,49,1,13,13,3.58179e-12,4,1.89256e-06,1.23016e-05,0,2,2,iter,0,1,optk,2,dynamic
44,258,0.1,51,0,154900,154900,0.0084179,193915,0.0917491,0.136343,0,0,0,iter,0,1,optk,2,dynamic
44,258,0.1,51,1,1224,1224,4.1008e-08,428,0.000202504,0.00115758,1,214,215,iter,0,1,optk,2,dynamic
44,1290,0.5,39,0,0,0,0,0,0,0,0,0,0,iter,0,1,optk,9,dynamic
44,1290,0.5,41,0,0,0,0,0,0,0,0,0,0,iter,0,1,optk,9,dynamic
44,1290,0.5,43,0,49,49,1.18463e-40,387,3.66211e-05,4.17301e-05,0,0,0,iter,0,1,optk,9,dynamic
44,1290,0.5,43,1,0,0,0,0,0,0,0,0,0,iter,0,1,optk,9,dynamic
44,1290,0.5,45,0,2004,2004,3.24162e-26,15554,0.00147185,0.00170526,0,0,0,iter,0,1,optk,9,dynamic
44,1290,0.5,45,1,0,0,0,0,0,0,0,0,0,iter,0,1,optk,9,dynamic
44,1290,0.5,47,0,9635,9635,2.29217e-20,69468,0.00657363,0.00817211,0,0,0,iter,0,1,optk,9,dynamic
44,1290,0.5,47,1,0,0,0,0,0,0,0,0,0,iter,0,1,optk,9,dynamic
44,1290,0.5,49,0,43222,43222,6.51425e-15,280377,0.0265316,0.0361409,0,0,0,iter,0,1,optk,9,dynamic
44,1290,0.5,49,1,0,0,0,0,0,0,0,0,0,iter,0,1,optk,9,dynamic
44,1290,0.5,51,0,154900,154900,1.85916e-10,876582,0.0829493,0.12359,0,0,0,iter,0,1,optk,9,dynamic
44,1290,0.5,51,1,3,3,1.2068e-52,18,1.70331e-06,2.55496e-06,1,2,3,iter,0,1,optk,9,dynamic
45,3,0.001,35,0,0,0,0,0,0,0,0,0,0,iter,0,1,optk,1,dynamic
45,3,0.001,37,0,0,0,0,0,0,0,0,0,0,iter,0,1,optk,1,dynamic
45,3,0.001,39,0,34,34,0.00130208,32,0.00130208,0.00138251,0,0,0,iter,0,1,optk,1,dynamic
45,3,0.001,39,1,0,0,0,0,0,0,0,0,0,iter,0,1,optk,1,dynamic
45,3,0.001,41,0,140,140,0.00553385,136,0.00553385,0.00568042,0,0,0,iter,0,1,optk,1,dynamic
45,3,0.001,41,1,0,0,0,0,0,0,0,0,0,iter,0,1,optk,1,dynamic
45,3,0.001,43,0,388,388,0.0150146,369,0.0150146,0.0156638,0,0,0,iter,0,1,optk,1,dynamic
45,3,0.001,43,1,0,0,0,0,0,0,0,0,0,iter,0,1,optk,1,dynamic
45,3,0.001,45,0,962,962,0.0365397,898,0.0365397,0.0383877,0,0,0,iter,0,1,optk,1,dynamic
45,3,0.001,45,1,4,4,0.00012207,3,0.00012207,0.000162747,0,3,3,iter,0,1,optk,1,dynamic
45,3,0.001,47,0,2293,2293,0.083252,2046,0.083252,0.089082,0,0,0,iter,0,1,optk,1,dynamic
45,3,0.001,47,1,148,148,0.00260417,64,0.00260417,0.00600404,0,65,65,iter,0,1,optk,1,dynamic
45,3,0.001,49,0,5255,5255,0.176799,4345,0.176799,0.192512,0,0,0,iter,0,1,optk,1,dynamic
45,3,0.001,49,1,4407,4407,0.0358073,880,0.0358073,0.164163,0,0,0,iter,0,1,optk,1,dynamic
45,3,0.001,49,2,201,201,0.00752767,185,0.00752767,0.00814536,219,1,220,iter,0,1,optk,1,dynamic
45,34,0.01,35,0,0,0,0,0,0,0,0,0,0,iter,0,1,optk,1,dynamic
45,34,0.01,37,0,0,0,0,0,0,0,0,0,0,iter,0,1,optk,1,dynamic
45,34,0.01,39,0,34,34,0.00011489,32,0.00011489,0.000122063,0,0,0,iter,0,1,optk,1,dynamic
45,34,0.01,39,1,0,0,0,0,0,0,0,0,0,iter,0,1,optk,1,dynamic
45,34,0.01,41,0,140,140,0.000491872,137,0.000491872,0.000502516,0,0,0,iter,0,1,optk,1,dynamic
45,34,0.01,41,1,0,0,0,0,0,0,0,0,0,iter,0,1,optk,1,dynamic
45,34,0.01,43,0,388,388,0.00134995,376,0.00134995,0.00139207,0,0,0,iter,0,1,optk,1,dynamic
45,34,0.01,43,1,0,0,0,0,0,0,0,0,0,iter,0,1,optk,1,dynamic
45,34,0.01,45,0,962,962,0.00328513,915,0.00328513,0.00344791,0,0,0,iter,0,1,optk,1,dynamic
45,34,0.01,45,1,0,0,0,0,0,0,0,0,0,iter,0,1,optk,1,dynamic
45,34,0.01,47,0,2293,2293,0.00762221,2123,0.00762221,0.00819877,0,0,0,iter,0,1,optk,1,dynamic
45,34,0.01,47,1,15,15,2.15418e-05,6,2.15418e-05,5.38531e-05,0,6,6,iter,0,1,optk,1,dynamic
45,34,0.01,49,0,5255,5255,0.0169247,4714,0.0169247,0.0186902,0,0,0,iter,0,1,optk,1,dynamic
45,34,0.01,49,1,549,549,0.000366211,102,0.000366211,0.00196914,1,103,104,iter,0,1,optk,1,dynamic
45,339,0.1,35,0,0,0,0,0,0,0,0,0,0,iter,0,1,optk,1,dynamic
45,339,0.1,37,0,0,0,0,0,0,0,0,0,0,iter,0,1,optk,1,dynamic
45,339,0.1,39,0,34,34,1.15229e-05,32,1.15229e-05,1.2243e-05,0,0,0,iter,0,1,optk,1,dynamic
45,339,0.1,39,1,0,0,0,0,0,0,0,0,0,iter,0,1,optk,1,dynamic
45,339,0.1,41,0,140,140,4.93323e-05,137,4.93323e-05,5.04112e-05,0,0,0,iter,0,1,optk,1,dynamic
45,339,0.1,41,1,0,0,0,0,0,0,0,0,0,iter,0,1,optk,1,dynamic
45,339,0.1,43,0,388,388,0.000135394,376,0.000135394,0.000139705,0,0,0,iter,0,1,optk,1,dynamic
45,339,0.1,43,1,0,0,0,0,0,0,0,0,0,iter,0,1,optk,1,dynamic
45,339,0.1,45,0,962,962,0.000329482,915,0.000329482,0.000346346,0,0,0,iter,0,1,optk,1,dynamic
45,339,0.1,45,1,0,0,0,0,0,0,0,0,0,iter,0,1,optk,1,dynamic
45,339,0.1,47,0,2293,2293,0.00076591,2127,0.00076591,0.000825344,0,0,0,iter,0,1,optk,1,dynamic
45,339,0.1,47,1,1,1,3.60089e-07,1,3.60089e-07,3.60089e-07,0,1,1,iter,0,1,optk,1,dynamic
45,339,0.1,49,0,5255,5255,0.0017097,4748,0.0017097,0.00189048,0,0,0,iter,0,1,optk,1,dynamic
45,339,0.1,49,1,39,39,5.04125e-06,14,5.04125e-06,1.40434e-05,1,14,15,iter,0,1,optk,1,dynamic
45,1697,0.5,35,0,0,0,0,0,0,0,0,0,0,iter,0,1,optk,7,dynamic
45,1697,0.5,37,0,0,0,0,0,0,0,0,0,0,iter,0,1,optk,7,dynamic
45,1697,0.5,39,0,34,34,2.8199e-34,224,1.6113e-05,1.71199e-05,0,0,0,iter,0,1,optk,7,dynamic
45,1697,0.5,39,1,0,0,0,0,0,0,0,0,0,iter,0,1,optk,7,dynamic
45,1697,0.5,41,0,140,140,7.43409e-30,959,6.89838e-05,7.04919e-05,0,0,0,iter,0,1,optk,7,dynamic
45,1697,0.5,41,1,0,0,0,0,0,0,0,0,0,iter,0,1,optk,7,dynamic
45,1697,0.5,43,0,388,388,8.71964e-27,2632,0.000189328,0.000195351,0,0,0,iter,0,1,optk,7,dynamic
45,1697,0.5,43,1,0,0,0,0,0,0,0,0,0,iter,0,1,optk,7,dynamic
45,1697,0.5,45,0,962,962,4.40688e-24,6405,0.000460731,0.00048428,0,0,0,iter,0,1,optk,7,dynamic
45,1697,0.5,45,1,0,0,0,0,0,0,0,0,0,iter,0,1,optk,7,dynamic
45,1697,0.5,47,0,2293,2293,1.60582e-21,14875,0.00107,0.00115393,0,0,0,iter,0,1,optk,7,dynamic
45,1697,0.5,47,1,0,0,0,0,0,0,0,0,0,iter,0,1,optk,7,dynamic
45,1697,0.5,49,0,5255,5255,4.46812e-19,33240,0.00239105,0.00264256,0,0,0,iter,0,1,optk,7,dynamic
45,1697,0.5,49,1,32,32,1.59931e-37,77,5.53884e-06,1.61129e-05,1,11,12,iter,0,1,optk,7,dynamic
46,1,0.001,35,0,0,0,0,0,0,0,0,0,0,iter,0,1,optk,1,dynamic
46,1,0.001,37,0,0,0,0,0,0,0,0,0,0,iter,0,1,optk,1,dynamic
46,1,0.001,39,0,4,4,0.000488281,4,0.000488281,0.000488162,0,0,0,iter,0,1,optk,1,dynamic
46,1,0.001,39,1,0,0,0,0,0,0,0,0,0,iter,0,1,optk,1,dynamic
46,1,0.001,41,0,20,20,0.00244141,20,0.00244141,0.00243843,0,0,0,iter,0,1,optk,1,dynamic
46,1,0.001,41,1,0,0,0,0,0,0,0,0,0,iter,0,1,optk,1,dynamic
46,1,0.001,43,0,38,38,0.00463867,38,0.00463867,0.00462793,0,0,0,iter,0,1,optk,1,dynamic
46,1,0.001,43,1,0,0,0,0,0,0,0,0,0,iter,0,1,optk,1,dynamic
46,1,0.001,45,0,80,80,0.00964355,79,0.00964355,0.0097181,0,0,0,iter,0,1,optk,1,dynamic
46,1,0.001,45,1,0,0,0,0,0,0,0,0,0,iter,0,1,optk,1,dynamic
46,1,0.001,47,0,178,178,0.0212402,174,0.0212402,0.0214942,0,0,0,iter,0,1,optk,1,dynamic
46,1,0.001,47,1,18,18,0.000366211,3,0.000366211,0.00219485,1,3,4,iter,0,1,optk,1,dynamic
46,7,0.01,35,0,0,0,0,0,0,0,0,0,0,iter,0,1,optk,1,dynamic
46,7,0.01,37,0,0,0,0,0,0,0,0,0,0,iter,0,1,optk,1,dynamic
46,7,0.01,39,0,4,4,6.97545e-05,4,6.97545e-05,6.9752e-05,0,0,0,iter,0,1,optk,1,dynamic
46,7,0.01,39,1,0,0,0,0,0,0,0,0,0,iter,0,1,optk,1,dynamic
46,7,0.01,41,0,20,20,0.000348772,20,0.000348772,0.000348712,0,0,0,iter,0,1,optk,1,dynamic
46,7,0.01,41,1,0,0,0,0,0,0,0,0,0,iter,0,1,optk,1,dynamic
46,7,0.01,43,0,38,38,0.000662667,38,0.000662667,0.000662448,0,0,0,iter,0,1,optk,1,dynamic
46,7,0.01,43,1,0,0,0,0,0,0,0,0,0,iter,0,1,optk,1,dynamic
46,7,0.01,45,0,80,80,0.00139509,80,0.00139509,0.00139412,0,0,0,iter,0,1,optk,1,dynamic
46,7,0.01,45,1,0,0,0,0,0,0,0,0,0,iter,0,1,optk,1,dynamic
46,7,0.01,47,0,178,178,0.00299944,172,0.00299944,0.00309926,0,0,0,iter,0,1,optk,1,dynamic
46,7,0.01,47,1,2,2,3.48772e-05,2,3.48772e-05,3.48766e-05,1,2,3,iter,0,1,optk,1,dynamic
46,66,0.1,35,0,0,0,0,0,0,0,0,0,0,iter,0,1,optk,1,dynamic
46,66,0.1,37,0,0,0,0,0,0,0,0,0,0,iter,0,1,optk,1,dynamic
46,66,0.1,39,0,4,4,7.3982e-06,4,7.3982e-06,7.39817e-06,0,0,0,iter,0,1,optk,1,dynamic
46,66,0.1,39,1,0,0,0,0,0,0,0,0,0,iter,0,1,optk,1,dynamic
46,66,0.1,41,0,20,20,3.6991e-05,20,3.6991e-05,3.69903e-05,0,0,0,iter,0,1,optk,1,dynamic
46,66,0.1,41,1,0,0,0,0,0,0,0,0,0,iter,0,1,optk,1,dynamic
46,66,0.1,43,0,38,38,7.02829e-05,38,7.02829e-05,7.02804e-05,0,0,0,iter,0,1,optk,1,dynamic
46,66,0.1,43,1,0,0,0,0,0,0,0,0,0,iter,0,1,optk,1,dynamic
46,66,0.1,45,0,80,80,0.000147964,80,0.000147964,0.000147953,0,0,0,iter,0,1,optk,1,dynamic
46,66,0.1,45,1,0,0,0,0,0,0,0,0,0,iter,0,1,optk,1,dynamic
46,66,0.1,47,0,178,178,0.000321822,174,0.000321822,0.000329166,0,0,0,iter,0,1,optk,1,dynamic
46,66,0.1,47,1,2,2,3.6991e-06,2,3.6991e-06,3.69909e-06,1,2,3,iter,0,1,optk,1,dynamic
46,332,0.5,35,0,0,0,0,0,0,0,0,0,0,iter,0,1,optk,6,dynamic
46,332,0.5,37,0,0,0,0,0,0,0,0,0,0,iter,0,1,optk,6,dynamic
46,332,0.5,39,0,4,4,4.72171e-31,24,8.82436e-06,8.82432e-06,0,0,0,iter,0,1,optk,6,dynamic
46,332,0.5,39,1,0,0,0,0,0,0,0,0,0,iter,0,1,optk,6,dynamic
46,332,0.5,41,0,20,20,7.37767e-27,120,4.41218e-05,4.41208e-05,0,0,0,iter,0,1,optk,6,dynamic
46,332,0.5,41,1,0,0,0,0,0,0,0,0,0,iter,0,1,optk,6,dynamic
46,332,0.5,43,0,38,38,3.47089e-25,228,8.38314e-05,8.38279e-05,0,0,0,iter,0,1,optk,6,dynamic
46,332,0.5,43,1,0,0,0,0,0,0,0,0,0,iter,0,1,optk,6,dynamic
46,332,0.5,45,0,80,80,3.02189e-23,480,0.000176487,0.000176472,0,0,0,iter,0,1,optk,6,dynamic
46,332,0.5,45,1,0,0,0,0,0,0,0,0,0,iter,0,1,optk,6,dynamic
46,332,0.5,47,0,178,178,3.19915e-21,1044,0.00038386,0.000392607,0,0,0,iter,0,1,optk,6,dynamic
46,332,0.5,47,1,2,2,7.37767e-33,12,4.41218e-06,4.41217e-06,1,2,3,iter,0,1,optk,6,dynamic
47,1,0.001,39,0,0,0,0,0,0,0,0,0,0,iter,0,1,optk,1,dynamic
47,1,0.001,41,0,0,0,0,0,0,0,0,0,0,iter,0,1,optk,1,dynamic
47,1,0.001,43,0,76,76,0.00878906,72,0.00878906,0.00923444,0,0,0,iter,0,1,optk,1,dynamic
47,1,0.001,43,1,1,1,0.00012207,1,0.00012207,0.000122063,0,1,1,iter,0,1,optk,1,dynamic
47,1,0.001,45,0,2282,2282,0.196777,1612,0.196777,0.243131,0,0,0,iter,0,1,optk,1,dynamic
47,1,0.001,45,1,203,203,0.0183105,150,0.0183105,0.0244758,0,0,0,iter,0,1,optk,1,dynamic
47,1,0.001,45,2,39,39,0.00378418,31,0.00378418,0.00474943,41,0,41,iter,0,1,optk,1,dynamic
47,1,0.001,47,0,15337,15337,0.731567,5993,0.731567,0.846214,0,0,0,iter,0,1,optk,1,dynamic
47,1,0.001,47,0,2199,2199,0.169556,1389,0.169556,0.235423,1732,0,1732,type,0,4,optk,1,dynamic
47,1,0.001,47,1,12493,12493,0.570312,4672,0.570312,0.782384,0,0,0,iter,0,1,optk,1,dynamic
47,1,0.001,47,1,2245,2245,0.172974,1417,0.172974,0.239704,1753,0,1753,type,1,4,optk,1,dynamic
47,1,0.001,47,2,2078,2078,0.161499,1323,0.161499,0.224046,1576,0,1576,type,2,4,optk,1,dynamic
47,1,0.001,47,3,2195,2195,0.166138,1361,0.166138,0.23505,1687,0,1687,type,3,4,optk,1,dynamic
47,1,0.001,49,0,78129,78129,0.997437,8171,0.997437,0.999928,0,0,0,iter,0,1,optk,1,dynamic
47,1,0.001,49,0,9498,9498,0.516602,4232,0.516602,0.686333,5873,0,5873,type,0,8,optk,1,dynamic
47,1,0.001,49,1,127259,127259,0.999878,8191,0.999878,1,0,0,0,iter,0,1,optk,1,dynamic
47,1,0.001,49,1,9747,9747,0.514404,4214,0.514404,0.695724,5896,0,5896,type,1,8,optk,1,dynamic
47,1,0.001,49,2,9779,9779,0.515747,4225,0.515747,0.69691,5910,0,5910,type,2,8,optk,1,dynamic
47,1,0.001,49,3,9893,9893,0.515625,4224,0.515625,0.701099,5976,0,5976,type,3,8,optk,1,dynamic
47,1,0.001,49,4,9688,9688,0.513184,4204,0.513184,0.693524,5904,0,5904,type,4,8,optk,1,dynamic
47,1,0.001,49,5,10029,10029,0.512939,4202,0.512939,0.70602,5983,1,5984,type,5,8,optk,1,dynamic
47,13,0.01,39,0,0,0,0,0,0,0,0,0,0,iter,0,1,optk,1,dynamic
47,13,0.01,41,0,0,0,0,0,0,0,0,0,0,iter,0,1,optk,1,dynamic
47,13,0.01,43,0,76,76,0.000676082,72,0.000676082,0.000713387,0,0,0,iter,0,1,optk,1,dynamic
47,13,0.01,43,1,1,1,9.39002e-06,1,9.39002e-06,9.38998e-06,0,1,1,iter,0,1,optk,1,dynamic
47,13,0.01,45,0,2282,2282,0.0165546,1763,0.0165546,0.0212001,0,0,0,iter,0,1,optk,1,dynamic
47,13,0.01,45,1,23,23,0.0001878,20,0.0001878,0.000215947,0,20,20,iter,0,1,optk,1,dynamic
47,13,0.01,47,0,15337,15337,0.0946233,10077,0.0946233,0.134125,0,0,0,iter,0,1,optk,1,dynamic
47,13,0.01,47,1,1575,1575,0.00838529,893,0.00838529,0.0146805,0,965,965,iter,0,1,optk,1,dynamic
47,13,0.01,49,0,6863,6863,0.0379263,4039,0.0379263,0.0624111,4864,0,4864,type,0,2,optk,1,dynamic
47,13,0.01,49,0,78129,78129,0.359028,38235,0.359028,0.519839,0,0,0,iter,0,1,optk,1,dynamic
47,13,0.01,49,1,46261,46261,0.173265,18452,0.173265,0.352342,0,0,0,iter,0,1,optk,1,dynamic
47,13,0.01,49,1,6901,6901,0.0381892,4067,0.0381892,0.0627456,4942,1,4943,type,1,2,optk,1,dynamic
47,126,0.1,39,0,0,0,0,0,0,0,0,0,0,iter,0,1,optk,5,dynamic
47,126,0.1,41,0,0,0,0,0,0,0,0,0,0,iter,0,1,optk,5,dynamic
47,126,0.1,43,0,76,76,5.16072e-18,360,0.000348772,0.000368081,0,0,0,iter,0,1,optk,5,dynamic
47,126,0.1,43,1,0,0,0,0,0,0,0,0,0,iter,0,1,optk,5,dynamic
47,126,0.1,45,0,2282,2282,4.61786e-11,8844,0.00856817,0.0109933,0,0,0,iter,0,1,optk,5,dynamic
47,126,0.1,45,1,0,0,0,0,0,0,0,0,0,iter,0,1,optk,5,dynamic
47,126,0.1,47,0,15337,15337,3.14059e-07,51661,0.0500498,0.0716007,0,0,0,iter,0,1,optk,5,dynamic
47,126,0.1,47,1,0,0,0,0,0,0,0,0,0,iter,0,1,optk,5,dynamic
47,126,0.1,49,0,78129,78129,0.000360826,211456,0.204861,0.315086,0,0,0,iter,0,1,optk,5,dynamic
47,126,0.1,49,1,40,40,1.71667e-20,115,0.000111413,0.000193744,1,23,24,iter,0,1,optk,5,dynamic
47,628,0.5,39,0,0,0,0,0,0,0,0,0,0,iter,0,1,optk,23,dynamic
47,628,0.5,41,0,0,0,0,0,0,0,0,0,0,iter,0,1,optk,23,dynamic
47,628,0.5,43,0,76,76,4.75715e-81,1656,0.000321892,0.000339718,0,0,0,iter,0,1,optk,23,dynamic
47,628,0.5,43,1,0,0,0,0,0,0,0,0,0,iter,0,1,optk,23,dynamic
47,628,0.5,45,0,2282,2282,4.56442e-49,40699,0.00791105,0.0101503,0,0,0,iter,0,1,optk,23,dynamic
47,628,0.5,45,1,0,0,0,0,0,0,0,0,0,iter,0,1,optk,23,dynamic
47,628,0.5,47,0,15337,15337,1.98266e-31,237929,0.0462485,0.0662696,0,0,0,iter,0,1,optk,23,dynamic
47,628,0.5,47,1,0,0,0,0,0,0,0,0,0,iter,0,1,optk,23,dynamic
47,628,0.5,49,0,78129,78129,2.87544e-17,982116,0.190903,0.294814,0,0,0,iter,0,1,optk,23,dynamic
47,628,0.5,49,1,1,1,9.09284e-124,23,4.47073e-06,4.47072e-06,1,1,2,iter,0,1,optk,23,dynamic
48,686,0.001,33,0,0,0,0,0,0,0,0,0,0,iter,0,1,optk,1,dynamic
48,686,0.001,35,0,0,0,0,0,0,0,0,0,0,iter,0,1,optk,1,dynamic
48,686,0.001,37,0,0,0,0,0,0,0,0,0,0,iter,0,1,optk,1,dynamic
48,686,0.001,39,0,0,0,0,0,0,0,0,0,0,iter,0,1,optk,1,dynamic
48,686,0.001,41,0,0,0,0,0,0,0,0,0,0,iter,0,1,optk,1,dynamic
48,686,0.001,43,0,5,5,7.1178e-07,4,7.1178e-07,8.89725e-07,0,0,0,iter,0,1,optk,1,dynamic
48,686,0.001,43,1,0,0,0,0,0,0,0,0,0,iter,0,1,optk,1,dynamic
48,686,0.001,45,0,2,2,3.5589e-07,2,3.5589e-07,3.5589e-07,0,0,0,iter,0,1,optk,1,dynamic
48,686,0.001,45,1,0,0,0,0,0,0,0,0,0,iter,0,1,optk,1,dynamic
48,686,0.001,47,0,61,61,6.58397e-06,37,6.58397e-06,1.08546e-05,0,0,0,iter,0,1,optk,1,dynamic
48,686,0.001,47,1,0,0,0,0,0,0,0,0,0,iter,0,1,optk,1,dynamic
48,686,0.001,49,0,2745,2745,0.000192181,1080,0.000192181,0.00048834,0,0,0,iter,0,1,optk,1,dynamic
48,686,0.001,49,1,27,27,2.13534e-06,12,2.13534e-06,4.80451e-06,0,12,12,iter,0,1,optk,1,dynamic
48,686,0.001,51,0,64179,64179,0.00342562,19251,0.00342562,0.0113554,0,0,0,iter,0,1,optk,1,dynamic
48,686,0.001,51,1,1927,1927,0.000140221,788,0.000140221,0.000342841,0,824,824,iter,0,1,optk,1,dynamic
48,686,0.001,53,0,952456,952456,0.0373242,209751,0.0373242,0.1559,0,0,0,iter,0,1,optk,1,dynamic
48,686,0.001,53,1,95647,95647,0.00547857,30788,0.00547857,0.0168759,0,35163,35163,iter,0,1,optk,1,dynamic
48,686,0.001,55,0,488406,488406,0.0155351,87303,0.0155351,0.0832399,98428,0,98428,type,0,2,optk,1,dynamic
48,686,0.001,55,0,8743433,8743433,0.241705,1358312,0.241705,0.78899,0,0,0,iter,0,1,optk,1,dynamic
48,686,0.001,55,1,2740781,2740781,0.113486,637759,0.113486,0.385968,0,0,0,iter,0,1,optk,1,dynamic
48,686,0.001,55,1,492553,492553,0.0155398,87329,0.0155398,0.0839161,98687,0,98687,type,1,2,optk,1,dynamic
48,686,0.001,57,0,4703478,4703478,0.118133,663872,0.118133,0.566975,739812,0,739812,type,0,8,optk,1,dynamic
48,686,0.001,57,0,52996774,52996774,0.756569,4251700,0.756569,0.99992,0,0,0,iter,0,1,optk,1,dynamic
48,686,0.001,57,1,38453771,38453771,0.711304,3997321,0.711304,0.998933,0,0,0,iter,0,1,optk,1,dynamic
48,686,0.001,57,1,4727215,4727215,0.117909,662615,0.117909,0.568801,738571,0,738571,type,1,8,optk,1,dynamic
48,686,0.001,57,2,4745354,4745354,0.11797,662955,0.11797,0.57019,739657,0,739657,type,2,8,optk,1,dynamic
48,686,0.001,57,3,4740438,4740438,0.118101,663695,0.118101,0.569814,740313,0,740313,type,3,8,optk,1,dynamic
48,686,0.001,57,4,4719535,4719535,0.118088,663619,0.118088,0.568211,739963,0,739963,type,4,8,optk,1,dynamic
48,686,0.001,57,5,4703922,4703922,0.118011,663189,0.118011,0.56701,739234,0,739234,type,5,8,optk,1,dynamic
48,686,0.001,57,6,4673492,4673492,0.118157,664011,0.118157,0.564659,740925,0,740925,type,6,8,optk,1,dynamic
48,686,0.001,57,7,4701802,4701802,0.11816,664025,0.11816,0.566846,740849,0,740849,type,7,8,optk,1,dynamic
48,686,0.001,59,0,231417903,231417903,0.995189,5592678,0.995189,1,0,0,0,iter,0,1,optk,1,dynamic
48,686,0.001,59,0,28767917,28767917,0.484985,2725474,0.484985,0.994019,3738832,1,3738833,type,0,8,optk,1,dynamic
48,686,0.001,59,1,228632841,228632841,0.994446,5588502,0.994446,1,0,0,0,iter,0,1,optk,1,dynamic
48,6860,0.01,33,0,0,0,0,0,0,0,0,0,0,iter,0,1,optk,1,dynamic
48,6860,0.01,35,0,0,0,0,0,0,0,0,0,0,iter,0,1,optk,1,dynamic
48,6860,0.01,37,0,0,0,0,0,0,0,0,0,0,iter,0,1,optk,1,dynamic
48,6860,0.01,39,0,0,0,0,0,0,0,0,0,0,iter,0,1,optk,1,dynamic
48,6860,0.01,41,0,0,0,0,0,0,0,0,0,0,iter,0,1,optk,1,dynamic
48,6860,0.01,43,0,5,5,7.1178e-08,4,7.1178e-08,8.89725e-08,0,0,0,iter,0,1,optk,1,dynamic
48,6860,0.01,43,1,0,0,0,0,0,0,0,0,0,iter,0,1,optk,1,dynamic
48,6860,0.01,45,0,2,2,3.5589e-08,2,3.5589e-08,3.5589e-08,0,0,0,iter,0,1,optk,1,dynamic
48,6860,0.01,45,1,0,0,0,0,0,0,0,0,0,iter,0,1,optk,1,dynamic
48,6860,0.01,47,0,61,61,6.58397e-07,37,6.58397e-07,1.08546e-06,0,0,0,iter,0,1,optk,1,dynamic
48,6860,0.01,47,1,0,0,0,0,0,0,0,0,0,iter,0,1,optk,1,dynamic
48,6860,0.01,49,0,2745,2745,1.92359e-05,1081,1.92359e-05,4.88447e-05,0,0,0,iter,0,1,optk,1,dynamic
48,6860,0.01,49,1,1,1,1.77945e-08,1,1.77945e-08,1.77945e-08,0,1,1,iter,0,1,optk,1,dynamic
48,6860,0.01,51,0,64179,64179,0.00034322,19288,0.00034322,0.00114138,0,0,0,iter,0,1,optk,1,dynamic
48,6860,0.01,51,1,175,175,1.51253e-06,85,1.51253e-06,3.11403e-06,0,86,86,iter,0,1,optk,1,dynamic
48,6860,0.01,53,0,952456,952456,0.00379546,213294,0.00379546,0.0168057,0,0,0,iter,0,1,optk,1,dynamic
48,6860,0.01,53,1,9795,9795,5.71382e-05,3211,5.71382e-05,0.000174282,0,3257,3257,iter,0,1,optk,1,dynamic
48,6860,0.01,55,0,8743433,8743433,0.0272973,1534027,0.0272973,0.144086,0,0,0,iter,0,1,optk,1,dynamic
48,6860,0.01,55,1,309796,309796,0.00135906,76375,0.00135906,0.0054975,0,80084,80084,iter,0,1,optk,1,dynamic
48,6860,0.01,57,0,52996774,52996774,0.13176,7404537,0.13176,0.610562,0,0,0,iter,0,1,optk,1,dynamic
48,6860,0.01,57,1,6731420,6731420,0.0213942,1202291,0.0213942,0.112886,0,0,0,iter,0,1,optk,1,dynamic
48,6860,0.01,57,2,1123174,1123174,0.00301695,169544,0.00301695,0.0197879,193244,0,193244,iter,0,1,optk,1,dynamic
48,6860,0.01,59,0,231417903,231417903,0.413628,23244691,0.413628,0.983722,0,0,0,iter,0,1,optk,1,dynamic
48,6860,0.01,59,0,9019970,9019970,0.0205529,1155014,0.0205529,0.148287,1266152,1,1266153,type,0,5,optk,1,dynamic
48,6860,0.01,59,1,94992447,94992447,0.194541,10932649,0.194541,0.815544,0,0,0,iter,0,1,optk,1,dynamic
48,68605,0.1,33,0,0,0,0,0,0,0,0,0,0,iter,0,1,optk,6,dynamic
48,68605,0.1,35,0,0,0,0,0,0,0,0,0,0,iter,0,1,optk,6,dynamic
48,68605,0.1,37,0,0,0,0,0,0,0,0,0,0,iter,0,1,optk,6,dynamic
48,68605,0.1,39,0,0,0,0,0,0,0,0,0,0,iter,0,1,optk,6,dynamic
48,68605,0.1,41,0,0,0,0,0,0,0,0,0,0,iter,0,1,optk,6,dynamic
48,68605,0.1,43,0,5,5,6.06447e-45,24,4.27037e-08,5.33796e-08,0,0,0,iter,0,1,optk,6,dynamic
48,68605,0.1,43,1,0,0,0,0,0,0,0,0,0,iter,0,1,optk,6,dynamic
48,68605,0.1,45,0,2,2,9.47574e-47,12,2.13519e-08,2.13519e-08,0,0,0,iter,0,1,optk,6,dynamic
48,68605,0.1,45,1,0,0,0,0,0,0,0,0,0,iter,0,1,optk,6,dynamic
48,68605,0.1,47,0,61,61,3.79878e-39,222,3.95009e-07,6.51231e-07,0,0,0,iter,0,1,optk,6,dynamic
48,68605,0.1,47,1,0,0,0,0,0,0,0,0,0,iter,0,1,optk,6,dynamic
48,68605,0.1,49,0,2745,2745,2.36258e-30,6486,1.15407e-05,2.9305e-05,0,0,0,iter,0,1,optk,6,dynamic
48,68605,0.1,49,1,0,0,0,0,0,0,0,0,0,iter,0,1,optk,6,dynamic
48,68605,0.1,51,0,64179,64179,7.62986e-23,115744,0.000205946,0.000684936,0,0,0,iter,0,1,optk,6,dynamic
48,68605,0.1,51,1,0,0,0,0,0,0,0,0,0,iter,0,1,optk,6,dynamic
48,68605,0.1,53,0,952456,952456,1.40145e-16,1280880,0.0022791,0.0101168,0,0,0,iter,0,1,optk,6,dynamic
48,68605,0.1,53,1,0,0,0,0,0,0,0,0,0,iter,0,1,optk,6,dynamic
48,68605,0.1,55,0,8743433,8743433,1.99254e-11,9253664,0.0164652,0.0891201,0,0,0,iter,0,1,optk,6,dynamic
48,68605,0.1,55,1,0,0,0,0,0,0,0,0,0,iter,0,1,optk,6,dynamic
48,68605,0.1,57,0,52996774,52996774,2.88062e-07,45673065,0.081267,0.432088,0,0,0,iter,0,1,optk,6,dynamic
48,68605,0.1,57,1,10,10,9.47574e-47,12,2.13519e-08,1.06759e-07,0,2,2,iter,0,1,optk,6,dynamic
48,68605,0.1,59,0,231417903,231417903,0.000423309,154000454,0.274016,0.915466,0,0,0,iter,0,1,optk,6,dynamic
48,68605,0.1,59,1,93595,93595,5.19617e-24,73965,0.000131607,0.000998714,1,12328,12329,iter,0,1,optk,6,dynamic
48,343025,0.5,33,0,0,0,0,0,0,0,0,0,0,iter,0,1,optk,28,dynamic
48,343025,0.5,35,0,0,0,0,0,0,0,0,0,0,iter,0,1,optk,28,dynamic
48,343025,0.5,37,0,0,0,0,0,0,0,0,0,0,iter,0,1,optk,28,dynamic
48,343025,0.5,39,0,0,0,0,0,0,0,0,0,0,iter,0,1,optk,28,dynamic
48,343025,0.5,41,0,0,0,0,0,0,0,0,0,0,iter,0,1,optk,28,dynamic
48,343025,0.5,43,0,5,5,6.51725e-208,112,3.98568e-08,4.9821e-08,0,0,0,iter,0,1,optk,28,dynamic
48,343025,0.5,43,1,0,0,0,0,0,0,0,0,0,iter,0,1,optk,28,dynamic
48,343025,0.5,45,0,2,2,2.42787e-216,56,1.99284e-08,1.99284e-08,0,0,0,iter,0,1,optk,28,dynamic
48,343025,0.5,45,1,0,0,0,0,0,0,0,0,0,iter,0,1,optk,28,dynamic
48,343025,0.5,47,0,61,61,7.3457e-181,1036,3.68675e-07,6.07816e-07,0,0,0,iter,0,1,optk,28,dynamic
48,343025,0.5,47,1,0,0,0,0,0,0,0,0,0,iter,0,1,optk,28,dynamic
48,343025,0.5,49,0,2745,2745,8.00763e-140,30268,1.07713e-05,2.73513e-05,0,0,0,iter,0,1,optk,28,dynamic
48,343025,0.5,49,1,0,0,0,0,0,0,0,0,0,iter,0,1,optk,28,dynamic
48,343025,0.5,51,0,64179,64179,8.82719e-105,540126,0.000192211,0.000639288,0,0,0,iter,0,1,optk,28,dynamic
48,343025,0.5,51,1,0,0,0,0,0,0,0,0,0,iter,0,1,optk,28,dynamic
48,343025,0.5,53,0,952456,952456,1.50908e-75,5977600,0.00212721,0.00944557,0,0,0,iter,0,1,optk,28,dynamic
48,343025,0.5,53,1,0,0,0,0,0,0,0,0,0,iter,0,1,optk,28,dynamic
48,343025,0.5,55,0,8743433,8743433,1.70605e-51,43208833,0.0153765,0.0834341,0,0,0,iter,0,1,optk,28,dynamic
48,343025,0.5,55,1,0,0,0,0,0,0,0,0,0,iter,0,1,optk,28,dynamic
48,343025,0.5,57,0,52996774,52996774,4.70576e-32,213737671,0.0760616,0.410258,0,0,0,iter,0,1,optk,28,dynamic
48,343025,0.5,57,1,0,0,0,0,0,0,0,0,0,iter,0,1,optk,28,dynamic
48,343025,0.5,59,0,231417903,231417903,3.48261e-17,725983229,0.258351,0.90033,0,0,0,iter,0,1,optk,28,dynamic
48,343025,0.5,59,1,17,17,1.11679e-192,392,1.39499e-07,1.69391e-07,1,14,15,iter,0,1,optk,28,dynamic
49,10,0.001,39,0,0,0,0,0,0,0,0,0,0,iter,0,1,optk,1,dynamic
49,10,0.001,41,0,0,0,0,0,0,0,0,0,0,iter,0,1,optk,1,dynamic
49,10,0.001,43,0,30,30,0.000219727,18,0.000219727,0.000366144,0,0,0,iter,0,1,optk,1,dynamic
49,10,0.001,43,1,0,0,0,0,0,0,0,0,0,iter,0,1,optk,1,dynamic
49,10,0.001,45,0,288,288,0.00341797,280,0.00341797,0.00350945,0,0,0,iter,0,1,optk,1,dynamic
49,10,0.001,45,1,0,0,0,0,0,0,0,0,0,iter,0,1,optk,1,dynamic
49,10,0.001,47,0,718,718,0.0083374,683,0.0083374,0.00872635,0,0,0,iter,0,1,optk,1,dynamic
49,10,0.001,47,1,0,0,0,0,0,0,0,0,0,iter,0,1,optk,1,dynamic
49,10,0.001,49,0,1650,1650,0.0190796,1563,0.0190796,0.0199401,0,0,0,iter,0,1,optk,1,dynamic
49,10,0.001,49,1,0,0,0,0,0,0,0,0,0,iter,0,1,optk,1,dynamic
49,10,0.001,51,0,3593,3593,0.0392456,3215,0.0392456,0.0429119,0,0,0,iter,0,1,optk,1,dynamic
49,10,0.001,51,1,61,61,0.000109863,9,0.000109863,0.000744352,0,10,10,iter,0,1,optk,1,dynamic
49,10,0.001,53,0,7815,7815,0.0815796,6683,0.0815796,0.0909889,0,0,0,iter,0,1,optk,1,dynamic
49,10,0.001,53,1,1860,1860,0.00314941,258,0.00314941,0.0224493,0,0,0,iter,0,1,optk,1,dynamic
49,10,0.001,53,2,27,27,0.000317383,26,0.000317383,0.000329536,29,1,30,iter,0,1,optk,1,dynamic
49,96,0.01,39,0,0,0,0,0,0,0,0,0,0,iter,0,1,optk,1,dynamic
49,96,0.01,41,0,0,0,0,0,0,0,0,0,0,iter,0,1,optk,1,dynamic
49,96,0.01,43,0,30,30,2.28882e-05,18,2.28882e-05,3.81462e-05,0,0,0,iter,0,1,optk,1,dynamic
49,96,0.01,43,1,0,0,0,0,0,0,0,0,0,iter,0,1,optk,1,dynamic
49,96,0.01,45,0,288,288,0.00035731,281,0.00035731,0.000366144,0,0,0,iter,0,1,optk,1,dynamic
49,96,0.01,45,1,0,0,0,0,0,0,0,0,0,iter,0,1,optk,1,dynamic
49,96,0.01,47,0,718,718,0.000873566,687,0.000873566,0.000912568,0,0,0,iter,0,1,optk,1,dynamic
49,96,0.01,47,1,0,0,0,0,0,0,0,0,0,iter,0,1,optk,1,dynamic
49,96,0.01,49,0,1650,1650,0.00200272,1575,0.00200272,0.00209588,0,0,0,iter,0,1,optk,1,dynamic
49,96,0.01,49,1,0,0,0,0,0,0,0,0,0,iter,0,1,optk,1,dynamic
49,96,0.01,51,0,3593,3593,0.00416056,3272,0.00416056,0.00455831,0,0,0,iter,0,1,optk,1,dynamic
49,96,0.01,51,1,0,0,0,0,0,0,0,0,0,iter,0,1,optk,1,dynamic
49,96,0.01,53,0,7815,7815,0.00886281,6970,0.00886281,0.00988807,0,0,0,iter,0,1,optk,1,dynamic
49,96,0.01,53,1,222,222,4.45048e-05,35,4.45048e-05,0.000282248,1,35,36,iter,0,1,optk,1,dynamic
49,963,0.1,39,0,0,0,0,0,0,0,0,0,0,iter,0,1,optk,1,dynamic
49,963,0.1,41,0,0,0,0,0,0,0,0,0,0,iter,0,1,optk,1,dynamic
49,963,0.1,43,0,30,30,2.28169e-06,18,2.28169e-06,3.80281e-06,0,0,0,iter,0,1,optk,1,dynamic
49,963,0.1,43,1,0,0,0,0,0,0,0,0,0,iter,0,1,optk,1,dynamic
49,963,0.1,45,0,288,288,3.56197e-05,281,3.56197e-05,3.65063e-05,0,0,0,iter,0,1,optk,1,dynamic
49,963,0.1,45,1,0,0,0,0,0,0,0,0,0,iter,0,1,optk,1,dynamic
49,963,0.1,47,0,718,718,8.70844e-05,687,8.70844e-05,9.10099e-05,0,0,0,iter,0,1,optk,1,dynamic
49,963,0.1,47,1,0,0,0,0,0,0,0,0,0,iter,0,1,optk,1,dynamic
49,963,0.1,49,0,1650,1650,0.000199774,1576,0.000199774,0.000209133,0,0,0,iter,0,1,optk,1,dynamic
49,963,0.1,49,1,0,0,0,0,0,0,0,0,0,iter,0,1,optk,1,dynamic
49,963,0.1,51,0,3593,3593,0.000415648,3279,0.000415648,0.000455347,0,0,0,iter,0,1,optk,1,dynamic
49,963,0.1,51,1,0,0,0,0,0,0,0,0,0,iter,0,1,optk,1,dynamic
49,963,0.1,53,0,7815,7815,0.000887196,6999,0.000887196,0.000990142,0,0,0,iter,0,1,optk,1,dynamic
49,963,0.1,53,1,3,3,2.53521e-07,2,2.53521e-07,3.80281e-07,1,2,3,iter,0,1,optk,1,dynamic
49,4813,0.5,39,0,0,0,0,0,0,0,0,0,0,iter,0,1,optk,7,dynamic
49,4813,0.5,41,0,0,0,0,0,0,0,0,0,0,iter,0,1,optk,7,dynamic
49,4813,0.5,43,0,30,30,3.40371e-39,126,3.19569e-06,5.32614e-06,0,0,0,iter,0,1,optk,7,dynamic
49,4813,0.5,43,1,0,0,0,0,0,0,0,0,0,iter,0,1,optk,7,dynamic
49,4813,0.5,45,0,288,288,7.69113e-31,1967,4.98883e-05,5.11297e-05,0,0,0,iter,0,1,optk,7,dynamic
49,4813,0.5,45,1,0,0,0,0,0,0,0,0,0,iter,0,1,optk,7,dynamic
49,4813,0.5,47,0,718,718,4.00969e-28,4808,0.000121943,0.000127464,0,0,0,iter,0,1,optk,7,dynamic
49,4813,0.5,47,1,0,0,0,0,0,0,0,0,0,iter,0,1,optk,7,dynamic
49,4813,0.5,49,0,1650,1650,1.34258e-25,11032,0.0002798,0.000292895,0,0,0,iter,0,1,optk,7,dynamic
49,4813,0.5,49,1,0,0,0,0,0,0,0,0,0,iter,0,1,optk,7,dynamic
49,4813,0.5,51,0,3593,3593,2.2638e-23,22950,0.000582072,0.000637692,0,0,0,iter,0,1,optk,7,dynamic
49,4813,0.5,51,1,0,0,0,0,0,0,0,0,0,iter,0,1,optk,7,dynamic
49,4813,0.5,53,0,7815,7815,4.55119e-21,48958,0.0012417,0.0013865,0,0,0,iter,0,1,optk,7,dynamic
49,4813,0.5,53,1,1,1,5.55963e-48,7,1.77538e-07,1.77538e-07,1,1,2,iter,0,1,optk,7,dynamic
50,22,0.001,44,0,0,0,0,0,0,0,0,0,0,iter,0,1,optk,1,dynamic
50,22,0.001,46,0,15,15,7.21325e-05,13,7.21325e-05,8.32263e-05,0,0,0,iter,0,1,optk,1,dynamic
50,22,0.001,46,1,0,0,0,0,0,0,0,0,0,iter,0,1,optk,1,dynamic
50,22,0.001,48,0,1323,1323,0.00547097,986,0.00547097,0.00731399,0,0,0,iter,0,1,optk,1,dynamic
50,22,0.001,48,1,0,0,0,0,0,0,0,0,0,iter,0,1,optk,1,dynamic
50,22,0.001,50,0,7381,7381,0.0294855,5314,0.0294855,0.0401273,0,0,0,iter,0,1,optk,1,dynamic
50,22,0.001,50,1,12,12,4.43892e-05,8,4.43892e-05,6.65816e-05,0,8,8,iter,0,1,optk,1,dynamic
50,22,0.001,52,0,29779,29779,0.108265,19512,0.108265,0.152304,0,0,0,iter,0,1,optk,1,dynamic
50,22,0.001,52,1,1154,1154,0.00251909,454,0.00251909,0.00638269,0,462,462,iter,0,1,optk,1,dynamic
50,22,0.001,54,0,114620,114620,0.339344,61158,0.339344,0.470587,0,0,0,iter,0,1,optk,1,dynamic
50,22,0.001,54,1,44047,44047,0.0629328,11342,0.0629328,0.216827,0,0,0,iter,0,1,optk,1,dynamic
50,22,0.001,54,2,7223,7223,0.0256736,4627,0.0256736,0.0392854,0,0,0,iter,0,1,optk,1,dynamic
50,22,0.001,54,3,3238,3238,0.00497159,896,0.00497159,0.0178061,0,1074,1074,iter,0,1,optk,1,dynamic
50,22,0.001,56,0,33515,33515,0.105402,18996,0.105402,0.169696,21322,1,21323,type,0,7,optk,1,dynamic
50,22,0.001,56,0,369793,369793,0.709817,127926,0.709817,0.871503,0,0,0,iter,0,1,optk,1,dynamic
50,22,0.001,56,1,1059060,1059060,0.628956,113353,0.628956,0.997195,0,0,0,iter,0,1,optk,1,dynamic
50,223,0.01,44,0,0,0,0,0,0,0,0,0,0,iter,0,1,optk,1,dynamic
50,223,0.01,46,0,15,15,7.11621e-06,13,7.11621e-06,8.21097e-06,0,0,0,iter,0,1,optk,1,dynamic
50,223,0.01,46,1,0,0,0,0,0,0,0,0,0,iter,0,1,optk,1,dynamic
50,223,0.01,48,0,1323,1323,0.000540284,987,0.000540284,0.000723949,0,0,0,iter,0,1,optk,1,dynamic
50,223,0.01,48,1,0,0,0,0,0,0,0,0,0,iter,0,1,optk,1,dynamic
50,223,0.01,50,0,7381,7381,0.00295323,5395,0.00295323,0.00403221,0,0,0,iter,0,1,optk,1,dynamic
50,223,0.01,50,1,1,1,5.47401e-07,1,5.47401e-07,5.474e-07,0,1,1,iter,0,1,optk,1,dynamic
50,223,0.01,52,0,29779,29779,0.0112058,20471,0.0112058,0.0161689,0,0,0,iter,0,1,optk,1,dynamic
50,223,0.01,52,1,138,138,3.06544e-05,56,3.06544e-05,7.55384e-05,0,56,56,iter,0,1,optk,1,dynamic
50,223,0.01,54,0,114620,114620,0.0400007,73074,0.0400007,0.0608152,0,0,0,iter,0,1,optk,1,dynamic
50,223,0.01,54,1,5529,5529,0.00077074,1408,0.00077074,0.003022,0,1436,1436,iter,0,1,optk,1,dynamic
50,223,0.01,56,0,369793,369793,0.114415,209016,0.114415,0.183252,0,0,0,iter,0,1,optk,1,dynamic
50,223,0.01,56,1,166776,166776,0.0156327,28558,0.0156327,0.08725,0,0,0,iter,0,1,optk,1,dynamic
50,223,0.01,56,2,5889,5889,0.00195203,3566,0.00195203,0.00321845,3986,1,3987,iter,0,1,optk,1,dynamic
50,2226,0.1,44,0,0,0,0,0,0,0,0,0,0,iter,0,1,optk,4,dynamic
50,2226,0.1,46,0,15,15,6.61231e-23,52,2.8516e-06,3.2903e-06,0,0,0,iter,0,1,optk,4,dynamic
50,2226,0.1,46,1,0,0,0,0,0,0,0,0,0,iter,0,1,optk,4,dynamic
50,2226,0.1,48,0,1323,1323,2.19709e-15,3948,0.000216502,0.000290163,0,0,0,iter,0,1,optk,4,dynamic
50,2226,0.1,48,1,0,0,0,0,0,0,0,0,0,iter,0,1,optk,4,dynamic
50,2226,0.1,50,0,7381,7381,1.96203e-12,21582,0.00118352,0.00161774,0,0,0,iter,0,1,optk,4,dynamic
50,2226,0.1,50,1,0,0,0,0,0,0,0,0,0,iter,0,1,optk,4,dynamic
50,2226,0.1,52,0,29779,29779,4.11919e-10,82152,0.00450509,0.00651084,0,0,0,iter,0,1,optk,4,dynamic
50,2226,0.1,52,1,0,0,0,0,0,0,0,0,0,iter,0,1,optk,4,dynamic
50,2226,0.1,54,0,114620,114620,6.94535e-08,296032,0.0162339,0.0248289,0,0,0,iter,0,1,optk,4,dynamic
50,2226,0.1,54,1,0,0,0,0,0,0,0,0,0,iter,0,1,optk,4,dynamic
50,2226,0.1,56,0,369793,369793,5.11412e-06,867177,0.0475546,0.0779128,0,0,0,iter,0,1,optk,4,dynamic
50,2226,0.1,56,1,25,25,4.50253e-22,84,4.60643e-06,5.48383e-06,1,21,22,iter,0,1,optk,4,dynamic
50,11128,0.5,44,0,0,0,0,0,0,0,0,0,0,iter,0,1,optk,18,dynamic
50,11128,0.5,46,0,15,15,2.34077e-101,234,2.5669e-06,2.9618e-06,0,0,0,iter,0,1,optk,18,dynamic
50,11128,0.5,46,1,0,0,0,0,0,0,0,0,0,iter,0,1,optk,18,dynamic
50,11128,0.5,48,0,1323,1323,1.64303e-67,17765,0.000194876,0.000261197,0,0,0,iter,0,1,optk,18,dynamic
50,11128,0.5,48,1,0,0,0,0,0,0,0,0,0,iter,0,1,optk,18,dynamic
50,11128,0.5,50,0,7381,7381,3.15656e-54,97172,0.00106594,0.00145634,0,0,0,iter,0,1,optk,18,dynamic
50,11128,0.5,50,1,0,0,0,0,0,0,0,0,0,iter,0,1,optk,18,dynamic
50,11128,0.5,52,0,29779,29779,8.86806e-44,369845,0.00405707,0.00586272,0,0,0,iter,0,1,optk,18,dynamic
50,11128,0.5,52,1,0,0,0,0,0,0,0,0,0,iter,0,1,optk,18,dynamic
50,11128,0.5,54,0,114620,114620,9.36054e-34,1333151,0.0146242,0.022378,0,0,0,iter,0,1,optk,18,dynamic
50,11128,0.5,54,1,0,0,0,0,0,0,0,0,0,iter,0,1,optk,18,dynamic
50,11128,0.5,56,0,369793,369793,2.43506e-25,3911929,0.0429125,0.070415,0,0,0,iter,0,1,optk,18,dynamic
50,11128,0.5,56,1,24,24,5.45655e-98,360,3.94908e-06,4.73888e-06,1,20,21,iter,0,1,optk,18,dynamic
51,61,0.001,38,0,0,0,0,0,0,0,0,0,0,iter,0,1,optk,1,dynamic
51,61,0.001,40,0,0,0,0,0,0,0,0,0,0,iter,0,1,optk,1,dynamic
51,61,0.001,42,0,14,14,2.40138e-05,12,2.40138e-05,2.80157e-05,0,0,0,iter,0,1,optk,1,dynamic
51,61,0.001,42,1,0,0,0,0,0,0,0,0,0,iter,0,1,optk,1,dynamic
51,61,0.001,44,0,139,139,0.000272157,136,0.000272157,0.000278122,0,0,0,iter,0,1,optk,1,dynamic
51,61,0.001,44,1,0,0,0,0,0,0,0,0,0,iter,0,1,optk,1,dynamic
51,61,0.001,46,0,410,410,0.000790455,395,0.000790455,0.000820136,0,0,0,iter,0,1,optk,1,dynamic
51,61,0.001,46,1,0,0,0,0,0,0,0,0,0,iter,0,1,optk,1,dynamic
51,61,0.001,48,0,1019,1019,0.00195312,976,0.00195312,0.0020371,0,0,0,iter,0,1,optk,1,dynamic
51,61,0.001,48,1,0,0,0,0,0,0,0,0,0,iter,0,1,optk,1,dynamic
51,61,0.001,50,0,2455,2455,0.00456663,2282,0.00456663,0.00490078,0,0,0,iter,0,1,optk,1,dynamic
51,61,0.001,50,1,0,0,0,0,0,0,0,0,0,iter,0,1,optk,1,dynamic
51,61,0.001,52,0,5608,5608,0.0101218,5058,0.0101218,0.0111597,0,0,0,iter,0,1,optk,1,dynamic
51,61,0.001,52,1,13,13,4.00231e-06,2,4.00231e-06,2.60146e-05,0,2,2,iter,0,1,optk,1,dynamic
51,61,0.001,54,0,12361,12361,0.0211702,10579,0.0211702,0.0244328,0,0,0,iter,0,1,optk,1,dynamic
51,61,0.001,54,1,1075,1075,0.000142082,71,0.000142082,0.00214893,0,72,72,iter,0,1,optk,1,dynamic
51,61,0.001,56,0,26972,26972,0.0437412,21858,0.0437412,0.0525443,0,0,0,iter,0,1,optk,1,dynamic
51,61,0.001,56,1,28001,28001,0.0029557,1477,0.0029557,0.0544933,0,0,0,iter,0,1,optk,1,dynamic
51,61,0.001,56,2,94,94,0.000154089,77,0.000154089,0.000188091,80,1,81,iter,0,1,optk,1,dynamic
51,612,0.01,38,0,0,0,0,0,0,0,0,0,0,iter,0,1,optk,1,dynamic
51,612,0.01,40,0,0,0,0,0,0,0,0,0,0,iter,0,1,optk,1,dynamic
51,612,0.01,42,0,14,14,2.39354e-06,12,2.39354e-06,2.79245e-06,0,0,0,iter,0,1,optk,1,dynamic
51,612,0.01,42,1,0,0,0,0,0,0,0,0,0,iter,0,1,optk,1,dynamic
51,612,0.01,44,0,139,139,2.71267e-05,136,2.71267e-05,2.77247e-05,0,0,0,iter,0,1,optk,1,dynamic
51,612,0.01,44,1,0,0,0,0,0,0,0,0,0,iter,0,1,optk,1,dynamic
51,612,0.01,46,0,410,410,7.89867e-05,396,7.89867e-05,8.17758e-05,0,0,0,iter,0,1,optk,1,dynamic
51,612,0.01,46,1,0,0,0,0,0,0,0,0,0,iter,0,1,optk,1,dynamic
51,612,0.01,48,0,1019,1019,0.000194874,977,0.000194874,0.00020323,0,0,0,iter,0,1,optk,1,dynamic
51,612,0.01,48,1,0,0,0,0,0,0,0,0,0,iter,0,1,optk,1,dynamic
51,612,0.01,50,0,2455,2455,0.000455171,2282,0.000455171,0.000489558,0,0,0,iter,0,1,optk,1,dynamic
51,612,0.01,50,1,0,0,0,0,0,0,0,0,0,iter,0,1,optk,1,dynamic
51,612,0.01,52,0,5608,5608,0.00101266,5077,0.00101266,0.00111795,0,0,0,iter,0,1,optk,1,dynamic
51,612,0.01,52,1,0,0,0,0,0,0,0,0,0,iter,0,1,optk,1,dynamic
51,612,0.01,54,0,12361,12361,0.00212965,10677,0.00212965,0.0024625,0,0,0,iter,0,1,optk,1,dynamic
51,612,0.01,54,1,72,72,2.79246e-06,14,2.79246e-06,1.43611e-05,0,14,14,iter,0,1,optk,1,dynamic
51,612,0.01,56,0,26972,26972,0.00444719,22296,0.00444719,0.00536542,0,0,0,iter,0,1,optk,1,dynamic
51,612,0.01,56,1,2256,2256,2.93208e-05,147,2.93208e-05,0.000449883,1,147,148,iter,0,1,optk,1,dynamic
51,6122,0.1,38,0,0,0,0,0,0,0,0,0,0,iter,0,1,optk,3,dynamic
51,6122,0.1,40,0,0,0,0,0,0,0,0,0,0,iter,0,1,optk,3,dynamic
51,6122,0.1,42,0,14,14,3.69877e-19,36,7.17826e-07,8.37463e-07,0,0,0,iter,0,1,optk,3,dynamic
51,6122,0.1,42,1,0,0,0,0,0,0,0,0,0,iter,0,1,optk,3,dynamic
51,6122,0.1,44,0,139,139,5.38432e-16,408,8.13536e-06,8.31478e-06,0,0,0,iter,0,1,optk,3,dynamic
51,6122,0.1,44,1,0,0,0,0,0,0,0,0,0,iter,0,1,optk,3,dynamic
51,6122,0.1,46,0,410,410,1.32923e-14,1188,2.36883e-05,2.45254e-05,0,0,0,iter,0,1,optk,3,dynamic
51,6122,0.1,46,1,0,0,0,0,0,0,0,0,0,iter,0,1,optk,3,dynamic
51,6122,0.1,48,0,1019,1019,1.99617e-13,2931,5.8443e-05,6.09535e-05,0,0,0,iter,0,1,optk,3,dynamic
51,6122,0.1,48,1,0,0,0,0,0,0,0,0,0,iter,0,1,optk,3,dynamic
51,6122,0.1,50,0,2455,2455,2.54367e-12,6846,0.000136507,0.000146844,0,0,0,iter,0,1,optk,3,dynamic
51,6122,0.1,50,1,0,0,0,0,0,0,0,0,0,iter,0,1,optk,3,dynamic
51,6122,0.1,52,0,5608,5608,2.80722e-11,15242,0.00030392,0.000335408,0,0,0,iter,0,1,optk,3,dynamic
51,6122,0.1,52,1,0,0,0,0,0,0,0,0,0,iter,0,1,optk,3,dynamic
51,6122,0.1,54,0,12361,12361,2.60801e-10,32042,0.000638905,0.000739147,0,0,0,iter,0,1,optk,3,dynamic
51,6122,0.1,54,1,0,0,0,0,0,0,0,0,0,iter,0,1,optk,3,dynamic
51,6122,0.1,56,0,26972,26972,2.38512e-09,67007,0.00133609,0.00161213,0,0,0,iter,0,1,optk,3,dynamic
51,6122,0.1,56,1,10,10,5.77933e-21,9,1.79457e-07,5.98188e-07,1,3,4,iter,0,1,optk,3,dynamic
51,30612,0.5,38,0,0,0,0,0,0,0,0,0,0,iter,0,1,optk,15,dynamic
51,30612,0.5,40,0,0,0,0,0,0,0,0,0,0,iter,0,1,optk,15,dynamic
51,30612,0.5,42,0,14,14,6.91613e-93,180,7.17779e-07,8.37409e-07,0,0,0,iter,0,1,optk,15,dynamic
51,30612,0.5,42,1,0,0,0,0,0,0,0,0,0,iter,0,1,optk,15,dynamic
51,30612,0.5,44,0,139,139,4.52093e-77,2040,8.13483e-06,8.31424e-06,0,0,0,iter,0,1,optk,15,dynamic
51,30612,0.5,44,1,0,0,0,0,0,0,0,0,0,iter,0,1,optk,15,dynamic
51,30612,0.5,46,0,410,410,4.14545e-70,5940,2.36867e-05,2.45238e-05,0,0,0,iter,0,1,optk,15,dynamic
51,30612,0.5,46,1,0,0,0,0,0,0,0,0,0,iter,0,1,optk,15,dynamic
51,30612,0.5,48,0,1019,1019,3.16638e-64,14655,5.84392e-05,6.09496e-05,0,0,0,iter,0,1,optk,15,dynamic
51,30612,0.5,48,1,0,0,0,0,0,0,0,0,0,iter,0,1,optk,15,dynamic
51,30612,0.5,50,0,2455,2455,1.06338e-58,34229,0.000136494,0.000146835,0,0,0,iter,0,1,optk,15,dynamic
51,30612,0.5,50,1,0,0,0,0,0,0,0,0,0,iter,0,1,optk,15,dynamic
51,30612,0.5,52,0,5608,5608,1.73957e-53,76204,0.000303876,0.000335386,0,0,0,iter,0,1,optk,15,dynamic
51,30612,0.5,52,1,0,0,0,0,0,0,0,0,0,iter,0,1,optk,15,dynamic
51,30612,0.5,54,0,12361,12361,1.2039e-48,160197,0.000638812,0.000739099,0,0,0,iter,0,1,optk,15,dynamic
51,30612,0.5,54,1,0,0,0,0,0,0,0,0,0,iter,0,1,optk,15,dynamic
51,30612,0.5,56,0,26972,26972,7.70751e-44,335024,0.00133596,0.00161203,0,0,0,iter,0,1,optk,15,dynamic
51,30612,0.5,56,1,10,10,6.44114e-102,45,1.79445e-07,5.98149e-07,1,3,4,iter,0,1,optk,15,dynamic
52,123,0.001,50,0,1,1,9.92442e-07,1,9.92442e-07,9.92441e-07,0,0,0,iter,0,1,optk,1,dynamic
52,123,0.001,50,1,0,0,0,0,0,0,0,0,0,iter,0,1,optk,1,dynamic
52,123,0.001,52,0,1,1,9.92442e-07,1,9.92442e-07,9.92441e-07,0,0,0,iter,0,1,optk,1,dynamic
52,123,0.001,52,1,0,0,0,0,0,0,0,0,0,iter,0,1,optk,1,dynamic
52,123,0.001,54,0,3,3,2.97732e-06,3,2.97732e-06,2.97732e-06,0,0,0,iter,0,1,optk,1,dynamic
52,123,0.001,54,1,0,0,0,0,0,0,0,0,0,iter,0,1,optk,1,dynamic
52,123,0.001,56,0,6,6,5.95465e-06,6,5.95465e-06,5.95463e-06,0,0,0,iter,0,1,optk,1,dynamic
52,123,0.001,56,1,0,0,0,0,0,0,0,0,0,iter,0,1,optk,1,dynamic
52,123,0.001,58,0,14,14,1.38942e-05,14,1.38942e-05,1.38941e-05,0,0,0,iter,0,1,optk,1,dynamic
52,123,0.001,58,1,0,0,0,0,0,0,0,0,0,iter,0,1,optk,1,dynamic
52,123,0.001,60,0,32,32,3.17581e-05,32,3.17581e-05,3.17576e-05,0,0,0,iter,0,1,optk,1,dynamic
52,123,0.001,60,1,0,0,0,0,0,0,0,0,0,iter,0,1,optk,1,dynamic
52,123,0.001,62,0,66,66,6.55011e-05,66,6.55011e-05,6.5499e-05,0,0,0,iter,0,1,optk,1,dynamic
52,123,0.001,62,1,0,0,0,0,0,0,0,0,0,iter,0,1,optk,1,dynamic
52,123,0.001,64,0,136,136,0.000132987,134,0.000132987,0.000134963,0,0,0,iter,0,1,optk,1,dynamic
52,123,0.001,64,1,21,21,3.96977e-06,4,3.96977e-06,2.08411e-05,1,4,5,iter,0,1,optk,1,dynamic
52,1229,0.01,50,0,1,1,9.93249e-08,1,9.93249e-08,9.93249e-08,0,0,0,iter,0,1,optk,1,dynamic
52,1229,0.01,50,1,0,0,0,0,0,0,0,0,0,iter,0,1,optk,1,dynamic
52,1229,0.01,52,0,1,1,9.93249e-08,1,9.93249e-08,9.93249e-08,0,0,0,iter,0,1,optk,1,dynamic
52,1229,0.01,52,1,0,0,0,0,0,0,0,0,0,iter,0,1,optk,1,dynamic
52,1229,0.01,54,0,3,3,2.97975e-07,3,2.97975e-07,2.97975e-07,0,0,0,iter,0,1,optk,1,dynamic
52,1229,0.01,54,1,0,0,0,0,0,0,0,0,0,iter,0,1,optk,1,dynamic
52,1229,0.01,56,0,6,6,5.95949e-07,6,5.95949e-07,5.95949e-07,0,0,0,iter,0,1,optk,1,dynamic
52,1229,0.01,56,1,0,0,0,0,0,0,0,0,0,iter,0,1,optk,1,dynamic
52,1229,0.01,58,0,14,14,1.39055e-06,14,1.39055e-06,1.39055e-06,0,0,0,iter,0,1,optk,1,dynamic
52,1229,0.01,58,1,0,0,0,0,0,0,0,0,0,iter,0,1,optk,1,dynamic
52,1229,0.01,60,0,32,32,3.1784e-06,32,3.1784e-06,3.17839e-06,0,0,0,iter,0,1,optk,1,dynamic
52,1229,0.01,60,1,0,0,0,0,0,0,0,0,0,iter,0,1,optk,1,dynamic
52,1229,0.01,62,0,66,66,6.55544e-06,66,6.55544e-06,6.55542e-06,0,0,0,iter,0,1,optk,1,dynamic
52,1229,0.01,62,1,0,0,0,0,0,0,0,0,0,iter,0,1,optk,1,dynamic
52,1229,0.01,64,0,136,136,1.33095e-05,134,1.33095e-05,1.35081e-05,0,0,0,iter,0,1,optk,1,dynamic
52,1229,0.01,64,1,21,21,3.973e-07,4,3.973e-07,2.08582e-06,1,4,5,iter,0,1,optk,1,dynamic
52,12286,0.1,50,0,1,1,3.94874e-16,2,1.98714e-08,1.98714e-08,0,0,0,iter,0,1,optk,2,dynamic
52,12286,0.1,50,1,0,0,0,0,0,0,0,0,0,iter,0,1,optk,2,dynamic
52,12286,0.1,52,0,1,1,3.94874e-16,2,1.98714e-08,1.98714e-08,0,0,0,iter,0,1,optk,2,dynamic
52,12286,0.1,52,1,0,0,0,0,0,0,0,0,0,iter,0,1,optk,2,dynamic
52,12286,0.1,54,0,3,3,3.55387e-15,6,5.96143e-08,5.96143e-08,0,0,0,iter,0,1,optk,2,dynamic
52,12286,0.1,54,1,0,0,0,0,0,0,0,0,0,iter,0,1,optk,2,dynamic
52,12286,0.1,56,0,6,6,1.42155e-14,12,1.19229e-07,1.19229e-07,0,0,0,iter,0,1,optk,2,dynamic
52,12286,0.1,56,1,0,0,0,0,0,0,0,0,0,iter,0,1,optk,2,dynamic
52,12286,0.1,58,0,14,14,7.73954e-14,28,2.782e-07,2.782e-07,0,0,0,iter,0,1,optk,2,dynamic
52,12286,0.1,58,1,0,0,0,0,0,0,0,0,0,iter,0,1,optk,2,dynamic
52,12286,0.1,60,0,32,32,4.04351e-13,64,6.35886e-07,6.35886e-07,0,0,0,iter,0,1,optk,2,dynamic
52,12286,0.1,60,1,0,0,0,0,0,0,0,0,0,iter,0,1,optk,2,dynamic
52,12286,0.1,62,0,66,66,1.72007e-12,132,1.31152e-06,1.31151e-06,0,0,0,iter,0,1,optk,2,dynamic
52,12286,0.1,62,1,0,0,0,0,0,0,0,0,0,iter,0,1,optk,2,dynamic
52,12286,0.1,64,0,136,136,7.09037e-12,268,2.66277e-06,2.70251e-06,0,0,0,iter,0,1,optk,2,dynamic
52,12286,0.1,64,1,21,21,6.31799e-15,8,7.94858e-08,4.173e-07,1,4,5,iter,0,1,optk,2,dynamic
52,61432,0.5,50,0,1,1,9.59741e-78,10,1.98708e-08,1.98708e-08,0,0,0,iter,0,1,optk,10,dynamic
52,61432,0.5,50,1,0,0,0,0,0,0,0,0,0,iter,0,1,optk,10,dynamic
52,61432,0.5,52,0,1,1,9.59741e-78,10,1.98708e-08,1.98708e-08,0,0,0,iter,0,1,optk,10,dynamic
52,61432,0.5,52,1,0,0,0,0,0,0,0,0,0,iter,0,1,optk,10,dynamic
52,61432,0.5,54,0,3,3,5.66717e-73,30,5.96124e-08,5.96124e-08,0,0,0,iter,0,1,optk,10,dynamic
52,61432,0.5,54,1,0,0,0,0,0,0,0,0,0,iter,0,1,optk,10,dynamic
52,61432,0.5,56,0,6,6,5.80319e-70,60,1.19225e-07,1.19225e-07,0,0,0,iter,0,1,optk,10,dynamic
52,61432,0.5,56,1,0,0,0,0,0,0,0,0,0,iter,0,1,optk,10,dynamic
52,61432,0.5,58,0,14,14,2.7761e-66,140,2.78191e-07,2.78191e-07,0,0,0,iter,0,1,optk,10,dynamic
52,61432,0.5,58,1,0,0,0,0,0,0,0,0,0,iter,0,1,optk,10,dynamic
52,61432,0.5,60,0,32,32,1.08057e-62,320,6.35866e-07,6.35865e-07,0,0,0,iter,0,1,optk,10,dynamic
52,61432,0.5,60,1,0,0,0,0,0,0,0,0,0,iter,0,1,optk,10,dynamic
52,61432,0.5,62,0,66,66,1.5052e-59,660,1.31147e-06,1.31147e-06,0,0,0,iter,0,1,optk,10,dynamic
52,61432,0.5,62,1,0,0,0,0,0,0,0,0,0,iter,0,1,optk,10,dynamic
52,61432,0.5,64,0,136,136,1.79144e-56,1340,2.66269e-06,2.70243e-06,0,0,0,iter,0,1,optk,10,dynamic
52,61432,0.5,64,1,21,21,1.00636e-71,40,7.94832e-08,4.17287e-07,1,4,5,iter,0,1,optk,10,dynamic
53,71,0.001,40,0,0,0,0,0,0,0,0,0,0,iter,0,1,optk,1,dynamic
53,71,0.001,42,0,1,1,1.7193e-06,1,1.7193e-06,1.7193e-06,0,0,0,iter,0,1,optk,1,dynamic
53,71,0.001,42,1,0,0,0,0,0,0,0,0,0,iter,0,1,optk,1,dynamic
53,71,0.001,44,0,3,3,5.1579e-06,3,5.1579e-06,5.15789e-06,0,0,0,iter,0,1,optk,1,dynamic
53,71,0.001,44,1,0,0,0,0,0,0,0,0,0,iter,0,1,optk,1,dynamic
53,71,0.001,46,0,6,6,1.03158e-05,6,1.03158e-05,1.03157e-05,0,0,0,iter,0,1,optk,1,dynamic
53,71,0.001,46,1,0,0,0,0,0,0,0,0,0,iter,0,1,optk,1,dynamic
53,71,0.001,48,0,14,14,2.40702e-05,14,2.40702e-05,2.40699e-05,0,0,0,iter,0,1,optk,1,dynamic
53,71,0.001,48,1,0,0,0,0,0,0,0,0,0,iter,0,1,optk,1,dynamic
53,71,0.001,50,0,32,32,5.50176e-05,32,5.50176e-05,5.50161e-05,0,0,0,iter,0,1,optk,1,dynamic
53,71,0.001,50,1,0,0,0,0,0,0,0,0,0,iter,0,1,optk,1,dynamic
53,71,0.001,52,0,66,66,0.000113474,66,0.000113474,0.000113467,0,0,0,iter,0,1,optk,1,dynamic
53,71,0.001,52,1,0,0,0,0,0,0,0,0,0,iter,0,1,optk,1,dynamic
53,71,0.001,54,0,136,136,0.000230386,134,0.000230386,0.000233797,0,0,0,iter,0,1,optk,1,dynamic
53,71,0.001,54,1,0,0,0,0,0,0,0,0,0,iter,0,1,optk,1,dynamic
53,71,0.001,56,0,290,290,0.000488281,284,0.000488281,0.000498473,0,0,0,iter,0,1,optk,1,dynamic
53,71,0.001,56,1,5,5,5.1579e-06,3,5.1579e-06,8.59646e-06,1,3,4,iter,0,1,optk,1,dynamic
53,712,0.01,40,0,0,0,0,0,0,0,0,0,0,iter,0,1,optk,1,dynamic
53,712,0.01,42,0,1,1,1.71447e-07,1,1.71447e-07,1.71447e-07,0,0,0,iter,0,1,optk,1,dynamic
53,712,0.01,42,1,0,0,0,0,0,0,0,0,0,iter,0,1,optk,1,dynamic
53,712,0.01,44,0,3,3,5.14341e-07,3,5.14341e-07,5.14341e-07,0,0,0,iter,0,1,optk,1,dynamic
53,712,0.01,44,1,0,0,0,0,0,0,0,0,0,iter,0,1,optk,1,dynamic
53,712,0.01,46,0,6,6,1.02868e-06,6,1.02868e-06,1.02868e-06,0,0,0,iter,0,1,optk,1,dynamic
53,712,0.01,46,1,0,0,0,0,0,0,0,0,0,iter,0,1,optk,1,dynamic
53,712,0.01,48,0,14,14,2.40026e-06,14,2.40026e-06,2.40026e-06,0,0,0,iter,0,1,optk,1,dynamic
53,712,0.01,48,1,0,0,0,0,0,0,0,0,0,iter,0,1,optk,1,dynamic
53,712,0.01,50,0,32,32,5.48631e-06,32,5.48631e-06,5.48629e-06,0,0,0,iter,0,1,optk,1,dynamic
53,712,0.01,50,1,0,0,0,0,0,0,0,0,0,iter,0,1,optk,1,dynamic
53,712,0.01,52,0,66,66,1.13155e-05,66,1.13155e-05,1.13154e-05,0,0,0,iter,0,1,optk,1,dynamic
53,712,0.01,52,1,0,0,0,0,0,0,0,0,0,iter,0,1,optk,1,dynamic
53,712,0.01,54,0,136,136,2.29739e-05,134,2.29739e-05,2.33165e-05,0,0,0,iter,0,1,optk,1,dynamic
53,712,0.01,54,1,0,0,0,0,0,0,0,0,0,iter,0,1,optk,1,dynamic
53,712,0.01,56,0,290,290,4.8691e-05,284,4.8691e-05,4.97184e-05,0,0,0,iter,0,1,optk,1,dynamic
53,712,0.01,56,1,5,5,5.14341e-07,3,5.14341e-07,8.57235e-07,1,3,4,iter,0,1,optk,1,dynamic
53,7121,0.1,40,0,0,0,0,0,0,0,0,0,0,iter,0,1,optk,5,dynamic
53,7121,0.1,42,0,1,1,4.62589e-36,5,8.57115e-08,8.57115e-08,0,0,0,iter,0,1,optk,5,dynamic
53,7121,0.1,42,1,0,0,0,0,0,0,0,0,0,iter,0,1,optk,5,dynamic
53,7121,0.1,44,0,3,3,1.12409e-33,15,2.57134e-07,2.57134e-07,0,0,0,iter,0,1,optk,5,dynamic
53,7121,0.1,44,1,0,0,0,0,0,0,0,0,0,iter,0,1,optk,5,dynamic
53,7121,0.1,46,0,6,6,3.59709e-32,30,5.14269e-07,5.14269e-07,0,0,0,iter,0,1,optk,5,dynamic
53,7121,0.1,46,1,0,0,0,0,0,0,0,0,0,iter,0,1,optk,5,dynamic
53,7121,0.1,48,0,14,14,2.48792e-30,70,1.19996e-06,1.19996e-06,0,0,0,iter,0,1,optk,5,dynamic
53,7121,0.1,48,1,0,0,0,0,0,0,0,0,0,iter,0,1,optk,5,dynamic
53,7121,0.1,50,0,32,32,1.55219e-28,160,2.74277e-06,2.74276e-06,0,0,0,iter,0,1,optk,5,dynamic
53,7121,0.1,50,1,0,0,0,0,0,0,0,0,0,iter,0,1,optk,5,dynamic
53,7121,0.1,52,0,66,66,5.79315e-27,330,5.65696e-06,5.65694e-06,0,0,0,iter,0,1,optk,5,dynamic
53,7121,0.1,52,1,0,0,0,0,0,0,0,0,0,iter,0,1,optk,5,dynamic
53,7121,0.1,54,0,136,136,1.99857e-25,670,1.14853e-05,1.16567e-05,0,0,0,iter,0,1,optk,5,dynamic
53,7121,0.1,54,1,0,0,0,0,0,0,0,0,0,iter,0,1,optk,5,dynamic
53,7121,0.1,56,0,290,290,8.54648e-24,1420,2.43421e-05,2.4856e-05,0,0,0,iter,0,1,optk,5,dynamic
53,7121,0.1,56,1,5,5,1.12409e-33,15,2.57134e-07,4.28557e-07,1,3,4,iter,0,1,optk,5,dynamic
53,35603,0.5,40,0,0,0,0,0,0,0,0,0,0,iter,0,1,optk,24,dynamic
53,35603,0.5,42,0,1,1,9.29037e-171,24,8.22877e-08,8.22877e-08,0,0,0,iter,0,1,optk,24,dynamic
53,35603,0.5,42,1,0,0,0,0,0,0,0,0,0,iter,0,1,optk,24,dynamic
53,35603,0.5,44,0,3,3,2.62387e-159,72,2.46863e-07,2.46863e-07,0,0,0,iter,0,1,optk,24,dynamic
53,35603,0.5,44,1,0,0,0,0,0,0,0,0,0,iter,0,1,optk,24,dynamic
53,35603,0.5,46,0,6,6,4.40213e-152,144,4.93726e-07,4.93726e-07,0,0,0,iter,0,1,optk,24,dynamic
53,35603,0.5,46,1,0,0,0,0,0,0,0,0,0,iter,0,1,optk,24,dynamic
53,35603,0.5,48,0,14,14,2.98611e-143,336,1.15203e-06,1.15203e-06,0,0,0,iter,0,1,optk,24,dynamic
53,35603,0.5,48,1,0,0,0,0,0,0,0,0,0,iter,0,1,optk,24,dynamic
53,35603,0.5,50,0,32,32,1.2349e-134,768,2.63321e-06,2.6332e-06,0,0,0,iter,0,1,optk,24,dynamic
53,35603,0.5,50,1,0,0,0,0,0,0,0,0,0,iter,0,1,optk,24,dynamic
53,35603,0.5,52,0,66,66,4.33598e-127,1584,5.43099e-06,5.43097e-06,0,0,0,iter,0,1,optk,24,dynamic
53,35603,0.5,52,1,0,0,0,0,0,0,0,0,0,iter,0,1,optk,24,dynamic
53,35603,0.5,54,0,136,136,1.04363e-119,3216,1.10265e-05,1.11911e-05,0,0,0,iter,0,1,optk,24,dynamic
53,35603,0.5,54,1,0,0,0,0,0,0,0,0,0,iter,0,1,optk,24,dynamic
53,35603,0.5,56,0,290,290,7.04163e-112,6816,2.33697e-05,2.38631e-05,0,0,0,iter,0,1,optk,24,dynamic
53,35603,0.5,56,1,5,5,2.62387e-159,72,2.46863e-07,4.11438e-07,1,3,4,iter,0,1,optk,24,dynamic
54,1,0.001,29,0,0,0,0,0,0,0,0,0,0,iter,0,1,optk,1,dynamic
54,1,0.001,31,0,1,1,0.00012207,1,0.00012207,0.000122063,0,0,0,iter,0,1,optk,1,dynamic
54,1,0.001,31,1,0,0,0,0,0,0,0,0,0,iter,0,1,optk,1,dynamic
54,1,0.001,33,0,27,27,0.0032959,27,0.0032959,0.00329047,0,0,0,iter,0,1,optk,1,dynamic
54,1,0.001,33,1,0,0,0,0,0,0,0,0,0,iter,0,1,optk,1,dynamic
54,1,0.001,35,0,62,62,0.00756836,62,0.00756836,0.00753979,0,0,0,iter,0,1,optk,1,dynamic
54,1,0.001,35,1,0,0,0,0,0,0,0,0,0,iter,0,1,optk,1,dynamic
54,1,0.001,37,0,147,147,0.0175781,144,0.0175781,0.0177843,0,0,0,iter,0,1,optk,1,dynamic
54,1,0.001,37,1,0,0,0,0,0,0,0,0,0,iter,0,1,optk,1,dynamic
54,1,0.001,39,0,356,356,0.0406494,333,0.0406494,0.0425263,0,0,0,iter,0,1,optk,1,dynamic
54,1,0.001,39,1,3,3,0.00012207,1,0.00012207,0.000366144,0,1,1,iter,0,1,optk,1,dynamic
54,1,0.001,41,0,783,783,0.0875244,717,0.0875244,0.0911553,0,0,0,iter,0,1,optk,1,dynamic
54,1,0.001,41,1,30,30,0.000976562,8,0.000976562,0.00365541,1,9,10,iter,0,1,optk,1,dynamic
54,2,0.01,29,0,0,0,0,0,0,0,0,0,0,iter,0,1,optk,1,dynamic
54,2,0.01,31,0,1,1,6.10352e-05,1,6.10352e-05,6.10333e-05,0,0,0,iter,0,1,optk,1,dynamic
54,2,0.01,31,1,0,0,0,0,0,0,0,0,0,iter,0,1,optk,1,dynamic
54,2,0.01,33,0,27,27,0.00164795,27,0.00164795,0.00164659,0,0,0,iter,0,1,optk,1,dynamic
54,2,0.01,33,1,0,0,0,0,0,0,0,0,0,iter,0,1,optk,1,dynamic
54,2,0.01,35,0,62,62,0.00378418,62,0.00378418,0.00377703,0,0,0,iter,0,1,optk,1,dynamic
54,2,0.01,35,1,0,0,0,0,0,0,0,0,0,iter,0,1,optk,1,dynamic
54,2,0.01,37,0,147,147,0.00872803,143,0.00872803,0.00893204,0,0,0,iter,0,1,optk,1,dynamic
54,2,0.01,37,1,0,0,0,0,0,0,0,0,0,iter,0,1,optk,1,dynamic
54,2,0.01,39,0,356,356,0.020874,342,0.020874,0.0214942,0,0,0,iter,0,1,optk,1,dynamic
54,2,0.01,39,1,0,0,0,0,0,0,0,0,0,iter,0,1,optk,1,dynamic
54,2,0.01,41,0,783,783,0.0446777,732,0.0446777,0.0466665,0,0,0,iter,0,1,optk,1,dynamic
54,2,0.01,41,1,45,45,0.000610352,10,0.000610352,0.00274281,1,10,11,iter,0,1,optk,1,dynamic
54,22,0.1,29,0,0,0,0,0,0,0,0,0,0,iter,0,1,optk,1,dynamic
54,22,0.1,31,0,1,1,5.54865e-06,1,5.54865e-06,5.54864e-06,0,0,0,iter,0,1,optk,1,dynamic
54,22,0.1,31,1,0,0,0,0,0,0,0,0,0,iter,0,1,optk,1,dynamic
54,22,0.1,33,0,27,27,0.000149814,27,0.000149814,0.000149802,0,0,0,iter,0,1,optk,1,dynamic
54,22,0.1,33,1,0,0,0,0,0,0,0,0,0,iter,0,1,optk,1,dynamic
54,22,0.1,35,0,62,62,0.000344016,62,0.000344016,0.000343957,0,0,0,iter,0,1,optk,1,dynamic
54,22,0.1,35,1,0,0,0,0,0,0,0,0,0,iter,0,1,optk,1,dynamic
54,22,0.1,37,0,147,147,0.000799006,144,0.000799006,0.000815319,0,0,0,iter,0,1,optk,1,dynamic
54,22,0.1,37,1,0,0,0,0,0,0,0,0,0,iter,0,1,optk,1,dynamic
54,22,0.1,39,0,356,356,0.00193093,348,0.00193093,0.00197337,0,0,0,iter,0,1,optk,1,dynamic
54,22,0.1,39,1,0,0,0,0,0,0,0,0,0,iter,0,1,optk,1,dynamic
54,22,0.1,41,0,783,783,0.00415594,749,0.00415594,0.00433517,0,0,0,iter,0,1,optk,1,dynamic
54,22,0.1,41,1,6,6,1.10973e-05,2,1.10973e-05,3.32913e-05,1,2,3,iter,0,1,optk,1,dynamic
54,112,0.5,29,0,0,0,0,0,0,0,0,0,0,iter,0,1,optk,4,dynamic
54,112,0.5,31,0,1,1,3.6125e-22,4,4.35965e-06,4.35964e-06,0,0,0,iter,0,1,optk,4,dynamic
54,112,0.5,31,1,0,0,0,0,0,0,0,0,0,iter,0,1,optk,4,dynamic
54,112,0.5,33,0,27,27,1.91983e-16,108,0.000117711,0.000117704,0,0,0,iter,0,1,optk,4,dynamic
54,112,0.5,33,1,0,0,0,0,0,0,0,0,0,iter,0,1,optk,4,dynamic
54,112,0.5,35,0,62,62,5.33795e-15,248,0.000270299,0.000270262,0,0,0,iter,0,1,optk,4,dynamic
54,112,0.5,35,1,0,0,0,0,0,0,0,0,0,iter,0,1,optk,4,dynamic
54,112,0.5,37,0,147,147,1.55331e-13,576,0.00062779,0.000640664,0,0,0,iter,0,1,optk,4,dynamic
54,112,0.5,37,1,0,0,0,0,0,0,0,0,0,iter,0,1,optk,4,dynamic
54,112,0.5,39,0,356,356,5.28295e-12,1391,0.00151607,0.00155083,0,0,0,iter,0,1,optk,4,dynamic
54,112,0.5,39,1,0,0,0,0,0,0,0,0,0,iter,0,1,optk,4,dynamic
54,112,0.5,41,0,783,783,1.14607e-10,3002,0.00327192,0.00340779,0,0,0,iter,0,1,optk,4,dynamic
54,112,0.5,41,1,2,2,3.6125e-22,4,4.35965e-06,8.71927e-06,1,1,2,iter,0,1,optk,4,dynamic
55,234,0.001,29,0,0,0,0,0,0,0,0,0,0,iter,0,1,optk,1,dynamic
55,234,0.001,31,0,0,0,0,0,0,0,0,0,0,iter,0,1,optk,1,dynamic
55,234,0.001,33,0,0,0,0,0,0,0,0,0,0,iter,0,1,optk,1,dynamic
55,234,0.001,35,0,0,0,0,0,0,0,0,0,0,iter,0,1,optk,1,dynamic
55,234,0.001,37,0,17,17,7.30335e-06,14,7.30335e-06,8.86832e-06,0,0,0,iter,0,1,optk,1,dynamic
55,234,0.001,37,1,0,0,0,0,0,0,0,0,0,iter,0,1,optk,1,dynamic
55,234,0.001,39,0,354,354,0.000135112,259,0.000135112,0.000184653,0,0,0,iter,0,1,optk,1,dynamic
55,234,0.001,39,1,0,0,0,0,0,0,0,0,0,iter,0,1,optk,1,dynamic
55,234,0.001,41,0,2648,2648,0.00101621,1948,0.00101621,0.00138042,0,0,0,iter,0,1,optk,1,dynamic
55,234,0.001,41,1,0,0,0,0,0,0,0,0,0,iter,0,1,optk,1,dynamic
55,234,0.001,43,0,14393,14393,0.00530641,10172,0.00530641,0.00748025,0,0,0,iter,0,1,optk,1,dynamic
55,234,0.001,43,1,0,0,0,0,0,0,0,0,0,iter,0,1,optk,1,dynamic
55,234,0.001,45,0,60552,60552,0.0200169,38371,0.0200169,0.0310944,0,0,0,iter,0,1,optk,1,dynamic
55,234,0.001,45,1,139,139,1.51284e-05,29,1.51284e-05,7.25092e-05,0,29,29,iter,0,1,optk,1,dynamic
55,234,0.001,47,0,239957,239957,0.0682785,130885,0.0682785,0.11766,0,0,0,iter,0,1,optk,1,dynamic
55,234,0.001,47,1,3011,3011,0.000411074,788,0.000411074,0.00156951,0,791,791,iter,0,1,optk,1,dynamic
55,234,0.001,49,0,851864,851864,0.196081,375873,0.196081,0.358785,0,0,0,iter,0,1,optk,1,dynamic
55,234,0.001,49,1,63178,63178,0.00726005,13917,0.00726005,0.0324207,0,0,0,iter,0,1,optk,1,dynamic
55,234,0.001,49,2,6146,6146,0.00160726,3081,0.00160726,0.00320104,3759,0,3759,iter,0,1,optk,1,dynamic
55,234,0.001,51,0,122975,122975,0.0268278,51427,0.0268278,0.0621377,66749,0,66749,type,0,2,optk,1,dynamic
55,234,0.001,51,0,2802269,2802269,0.462994,887526,0.462994,0.768194,0,0,0,iter,0,1,optk,1,dynamic
55,234,0.001,51,1,1025656,1025656,0.0864576,165733,0.0864576,0.414361,0,0,0,iter,0,1,optk,1,dynamic
55,234,0.001,51,1,122973,122973,0.0267605,51298,0.0267605,0.0621367,66496,0,66496,type,1,2,optk,1,dynamic
55,234,0.001,53,0,536763,536763,0.0963709,184736,0.0963709,0.244225,213097,0,213097,type,0,8,optk,1,dynamic
55,234,0.001,53,0,8511476,8511476,0.802509,1538352,0.802509,0.988206,0,0,0,iter,0,1,optk,1,dynamic
55,234,0.001,53,1,10659240,10659240,0.501026,960430,0.501026,0.996153,0,0,0,iter,0,1,optk,1,dynamic
55,234,0.001,53,1,532725,532725,0.0965221,185026,0.0965221,0.242632,213410,0,213410,type,1,8,optk,1,dynamic
55,234,0.001,53,2,533234,533234,0.0965394,185059,0.0965394,0.242833,213427,0,213427,type,2,8,optk,1,dynamic
55,234,0.001,53,3,531164,531164,0.0963876,184768,0.0963876,0.242015,213073,0,213073,type,3,8,optk,1,dynamic
55,234,0.001,53,4,535793,535793,0.0963552,184706,0.0963552,0.243843,213050,0,213050,type,4,8,optk,1,dynamic
55,234,0.001,53,5,531197,531197,0.0967809,185522,0.0967809,0.242028,213867,0,213867,type,5,8,optk,1,dynamic
55,234,0.001,53,6,525648,525648,0.0961768,184364,0.0961768,0.23983,212311,0,212311,type,6,8,optk,1,dynamic
55,234,0.001,53,7,536421,536421,0.0962817,184565,0.0962817,0.244091,212709,0,212709,type,7,8,optk,1,dynamic
55,234,0.001,55,0,23982029,23982029,0.980962,1880433,0.980962,0.999996,0,0,0,iter,0,1,optk,1,dynamic
55,234,0.001,55,0,2909025,2909025,0.381983,732233,0.381983,0.780751,932547,1,932548,type,0,8,optk,1,dynamic
55,234,0.001,55,1,71415651,71415651,0.969539,1858537,0.969539,1,0,0,0,iter,0,1,optk,1,dynamic
55,2339,0.01,29,0,0,0,0,0,0,0,0,0,0,iter,0,1,optk,1,dynamic
55,2339,0.01,31,0,0,0,0,0,0,0,0,0,0,iter,0,1,optk,1,dynamic
55,2339,0.01,33,0,0,0,0,0,0,0,0,0,0,iter,0,1,optk,1,dynamic
55,2339,0.01,35,0,0,0,0,0,0,0,0,0,0,iter,0,1,optk,1,dynamic
55,2339,0.01,37,0,17,17,7.30647e-07,14,7.30647e-07,8.87214e-07,0,0,0,iter,0,1,optk,1,dynamic
55,2339,0.01,37,1,0,0,0,0,0,0,0,0,0,iter,0,1,optk,1,dynamic
55,2339,0.01,39,0,354,354,1.3517e-05,259,1.3517e-05,1.84748e-05,0,0,0,iter,0,1,optk,1,dynamic
55,2339,0.01,39,1,0,0,0,0,0,0,0,0,0,iter,0,1,optk,1,dynamic
55,2339,0.01,41,0,2648,2648,0.000101664,1948,0.000101664,0.000138187,0,0,0,iter,0,1,optk,1,dynamic
55,2339,0.01,41,1,0,0,0,0,0,0,0,0,0,iter,0,1,optk,1,dynamic
55,2339,0.01,43,0,14393,14393,0.00053259,10205,0.00053259,0.000750876,0,0,0,iter,0,1,optk,1,dynamic
55,2339,0.01,43,1,1,1,5.21891e-08,1,5.21891e-08,5.21891e-08,0,1,1,iter,0,1,optk,1,dynamic
55,2339,0.01,45,0,60552,60552,0.00202181,38740,0.00202181,0.00315517,0,0,0,iter,0,1,optk,1,dynamic
55,2339,0.01,45,1,9,9,2.08756e-07,4,2.08756e-07,4.69702e-07,0,4,4,iter,0,1,optk,1,dynamic
55,2339,0.01,47,0,239957,239957,0.00705315,135146,0.00705315,0.0124451,0,0,0,iter,0,1,optk,1,dynamic
55,2339,0.01,47,1,237,237,3.65324e-06,70,3.65324e-06,1.23687e-05,0,70,70,iter,0,1,optk,1,dynamic
55,2339,0.01,49,0,851864,851864,0.0216008,413895,0.0216008,0.0434842,0,0,0,iter,0,1,optk,1,dynamic
55,2339,0.01,49,1,7249,7249,8.18325e-05,1568,8.18325e-05,0.000378247,0,1576,1576,iter,0,1,optk,1,dynamic
55,2339,0.01,51,0,2802269,2802269,0.0603485,1156342,0.0603485,0.136057,0,0,0,iter,0,1,optk,1,dynamic
55,2339,0.01,51,1,131312,131312,0.001192,22840,0.001192,0.00682963,0,23250,23250,iter,0,1,optk,1,dynamic
55,2339,0.01,53,0,8511476,8511476,0.149655,2867545,0.149655,0.358667,0,0,0,iter,0,1,optk,1,dynamic
55,2339,0.01,53,1,1979798,1979798,0.0128605,246421,0.0128605,0.0981652,0,0,0,iter,0,1,optk,1,dynamic
55,2339,0.01,53,2,111789,111789,0.00209153,40076,0.00209153,0.00581718,46565,0,46565,iter,0,1,optk,1,dynamic
55,2339,0.01,55,0,23982029,23982029,0.327301,6271444,0.327301,0.713953,0,0,0,iter,0,1,optk,1,dynamic
55,2339,0.01,55,0,882504,882504,0.01439,275729,0.01439,0.0450126,310210,1,310211,type,0,3,optk,1,dynamic
55,2339,0.01,55,1,23765481,23765481,0.109863,2105089,0.109863,0.710702,0,0,0,iter,0,1,optk,1,dynamic
55,23387,0.1,29,0,0,0,0,0,0,0,0,0,0,iter,0,1,optk,3,dynamic
55,23387,0.1,31,0,0,0,0,0,0,0,0,0,0,iter,0,1,optk,3,dynamic
55,23387,0.1,33,0,0,0,0,0,0,0,0,0,0,iter,0,1,optk,3,dynamic
55,23387,0.1,35,0,0,0,0,0,0,0,0,0,0,iter,0,1,optk,3,dynamic
55,23387,0.1,37,0,17,17,1.05355e-20,42,2.19222e-07,2.66199e-07,0,0,0,iter,0,1,optk,3,dynamic
55,23387,0.1,37,1,0,0,0,0,0,0,0,0,0,iter,0,1,optk,3,dynamic
55,23387,0.1,39,0,354,354,6.67067e-17,777,4.05561e-06,5.54318e-06,0,0,0,iter,0,1,optk,3,dynamic
55,23387,0.1,39,1,0,0,0,0,0,0,0,0,0,iter,0,1,optk,3,dynamic
55,23387,0.1,41,0,2648,2648,2.83671e-14,5843,3.0498e-05,4.14635e-05,0,0,0,iter,0,1,optk,3,dynamic
55,23387,0.1,41,1,0,0,0,0,0,0,0,0,0,iter,0,1,optk,3,dynamic
55,23387,0.1,43,0,14393,14393,4.08326e-12,30622,0.000159834,0.000225351,0,0,0,iter,0,1,optk,3,dynamic
55,23387,0.1,43,1,0,0,0,0,0,0,0,0,0,iter,0,1,optk,3,dynamic
55,23387,0.1,45,0,60552,60552,2.23528e-10,116272,0.000606891,0.000947719,0,0,0,iter,0,1,optk,3,dynamic
55,23387,0.1,45,1,0,0,0,0,0,0,0,0,0,iter,0,1,optk,3,dynamic
55,23387,0.1,47,0,239957,239957,9.55074e-09,406484,0.00212168,0.00375037,0,0,0,iter,0,1,optk,3,dynamic
55,23387,0.1,47,1,0,0,0,0,0,0,0,0,0,iter,0,1,optk,3,dynamic
55,23387,0.1,49,0,851864,851864,2.78395e-07,1250984,0.00652961,0.0132505,0,0,0,iter,0,1,optk,3,dynamic
55,23387,0.1,49,1,0,0,0,0,0,0,0,0,0,iter,0,1,optk,3,dynamic
55,23387,0.1,51,0,2802269,2802269,6.33787e-06,3545511,0.0185061,0.0429312,0,0,0,iter,0,1,optk,3,dynamic
55,23387,0.1,51,1,21,21,1.03665e-22,9,4.69762e-08,3.28833e-07,0,3,3,iter,0,1,optk,3,dynamic
55,23387,0.1,53,0,8511476,8511476,0.000107018,9096001,0.0474773,0.124779,0,0,0,iter,0,1,optk,3,dynamic
55,23387,0.1,53,1,1297,1297,2.98034e-17,594,3.10043e-06,2.03092e-05,0,198,198,iter,0,1,optk,3,dynamic
55,23387,0.1,55,0,23982029,23982029,0.00141098,21488444,0.112161,0.313074,0,0,0,iter,0,1,optk,3,dynamic
55,23387,0.1,55,1,96286,96286,3.2333e-12,28330,0.000147871,0.00150658,1,9444,9445,iter,0,1,optk,3,dynamic
55,116935,0.5,29,0,0,0,0,0,0,0,0,0,0,iter,0,1,optk,17,dynamic
55,116935,0.5,31,0,0,0,0,0,0,0,0,0,0,iter,0,1,optk,17,dynamic
55,116935,0.5,33,0,0,0,0,0,0,0,0,0,0,iter,0,1,optk,17,dynamic
55,116935,0.5,35,0,0,0,0,0,0,0,0,0,0,iter,0,1,optk,17,dynamic
55,116935,0.5,37,0,17,17,5.23748e-113,238,2.48452e-07,3.01692e-07,0,0,0,iter,0,1,optk,17,dynamic
55,116935,0.5,37,1,0,0,0,0,0,0,0,0,0,iter,0,1,optk,17,dynamic
55,116935,0.5,39,0,354,354,1.82407e-91,4403,4.59636e-06,6.28227e-06,0,0,0,iter,0,1,optk,17,dynamic
55,116935,0.5,39,1,0,0,0,0,0,0,0,0,0,iter,0,1,optk,17,dynamic
55,116935,0.5,41,0,2648,2648,1.43866e-76,33116,3.45703e-05,4.69918e-05,0,0,0,iter,0,1,optk,17,dynamic
55,116935,0.5,41,1,0,0,0,0,0,0,0,0,0,iter,0,1,optk,17,dynamic
55,116935,0.5,43,0,14393,14393,2.43412e-64,173522,0.000181142,0.000255394,0,0,0,iter,0,1,optk,17,dynamic
55,116935,0.5,43,1,0,0,0,0,0,0,0,0,0,iter,0,1,optk,17,dynamic
55,116935,0.5,45,0,60552,60552,1.72664e-54,658896,0.000687832,0.00107401,0,0,0,iter,0,1,optk,17,dynamic
55,116935,0.5,45,1,0,0,0,0,0,0,0,0,0,iter,0,1,optk,17,dynamic
55,116935,0.5,47,0,239957,239957,2.99509e-45,2303031,0.00240417,0.00424936,0,0,0,iter,0,1,optk,17,dynamic
55,116935,0.5,47,1,0,0,0,0,0,0,0,0,0,iter,0,1,optk,17,dynamic
55,116935,0.5,49,0,851864,851864,5.93774e-37,7085508,0.00739667,0.015004,0,0,0,iter,0,1,optk,17,dynamic
55,116935,0.5,49,1,0,0,0,0,0,0,0,0,0,iter,0,1,optk,17,dynamic
55,116935,0.5,51,0,2802269,2802269,2.87691e-29,20065396,0.0209466,0.0485143,0,0,0,iter,0,1,optk,17,dynamic
55,116935,0.5,51,1,0,0,0,0,0,0,0,0,0,iter,0,1,optk,17,dynamic
55,116935,0.5,53,0,8511476,8511476,2.51506e-22,51378148,0.0536345,0.140195,0,0,0,iter,0,1,optk,17,dynamic
55,116935,0.5,53,1,0,0,0,0,0,0,0,0,0,iter,0,1,optk,17,dynamic
55,116935,0.5,55,0,23982029,23982029,5.18479e-16,120837303,0.126144,0.346622,0,0,0,iter,0,1,optk,17,dynamic
55,116935,0.5,55,1,47,47,1.94757e-108,442,4.61411e-07,8.34089e-07,1,26,27,iter,0,1,optk,17,dynamic
56,5,0.001,36,0,0,0,0,0,0,0,0,0,0,iter,0,1,optk,1,dynamic
56,5,0.001,38,0,0,0,0,0,0,0,0,0,0,iter,0,1,optk,1,dynamic
56,5,0.001,40,0,6,6,0.000146484,6,0.000146484,0.000146474,0,0,0,iter,0,1,optk,1,dynamic
56,5,0.001,40,1,0,0,0,0,0,0,0,0,0,iter,0,1,optk,1,dynamic
56,5,0.001,42,0,7,7,7.32422e-05,3,7.32422e-05,0.000170884,0,0,0,iter,0,1,optk,1,dynamic
56,5,0.001,42,1,0,0,0,0,0,0,0,0,0,iter,0,1,optk,1,dynamic
56,5,0.001,44,0,100,100,0.00117187,48,0.00117187,0.00243843,0,0,0,iter,0,1,optk,1,dynamic
56,5,0.001,44,1,5,5,0.00012207,5,0.00012207,0.000122063,0,6,6,iter,0,1,optk,1,dynamic
56,5,0.001,46,0,2283,2283,0.0232178,951,0.0232178,0.0542124,0,0,0,iter,0,1,optk,1,dynamic
56,5,0.001,46,1,361,361,0.0067627,277,0.0067627,0.00877475,0,355,355,iter,0,1,optk,1,dynamic
56,5,0.001,48,0,35404,35404,0.252271,10333,0.252271,0.578677,0,0,0,iter,0,1,optk,1,dynamic
56,5,0.001,48,0,4939,4939,0.0401123,1643,0.0401123,0.113595,1828,0,1828,type,0,2,optk,1,dynamic
56,5,0.001,48,1,20587,20587,0.272827,11175,0.272827,0.395052,0,0,0,iter,0,1,optk,1,dynamic
56,5,0.001,48,1,4961,4961,0.0389893,1597,0.0389893,0.114071,1815,0,1815,type,1,2,optk,1,dynamic
56,5,0.001,50,0,379031,379031,0.912427,37373,0.912427,0.999904,0,0,0,iter,0,1,optk,1,dynamic
56,5,0.001,50,0,45412,45412,0.259277,10620,0.259277,0.670009,12280,0,12280,type,0,8,optk,1,dynamic
56,5,0.001,50,1,353304,353304,0.989014,40510,0.989014,0.999821,0,0,0,iter,0,1,optk,1,dynamic
56,5,0.001,50,1,45226,45226,0.257935,10565,0.257935,0.668508,12267,0,12267,type,1,8,optk,1,dynamic
56,5,0.001,50,2,47172,47172,0.260425,10667,0.260425,0.683888,12353,1,12354,type,2,8,optk,1,dynamic
56,49,0.01,36,0,0,0,0,0,0,0,0,0,0,iter,0,1,optk,1,dynamic
56,49,0.01,38,0,0,0,0,0,0,0,0,0,0,iter,0,1,optk,1,dynamic
56,49,0.01,40,0,6,6,1.49474e-05,6,1.49474e-05,1.49473e-05,0,0,0,iter,0,1,optk,1,dynamic
56,49,0.01,40,1,0,0,0,0,0,0,0,0,0,iter,0,1,optk,1,dynamic
56,49,0.01,42,0,7,7,7.47369e-06,3,7.47369e-06,1.74385e-05,0,0,0,iter,0,1,optk,1,dynamic
56,49,0.01,42,1,0,0,0,0,0,0,0,0,0,iter,0,1,optk,1,dynamic
56,49,0.01,44,0,100,100,0.00012207,49,0.00012207,0.000249092,0,0,0,iter,0,1,optk,1,dynamic
56,49,0.01,44,1,0,0,0,0,0,0,0,0,0,iter,0,1,optk,1,dynamic
56,49,0.01,46,0,2283,2283,0.00239407,961,0.00239407,0.00567134,0,0,0,iter,0,1,optk,1,dynamic
56,49,0.01,46,1,43,43,5.97895e-05,24,5.97895e-05,0.000107117,0,25,25,iter,0,1,optk,1,dynamic
56,49,0.01,48,0,35404,35404,0.0292794,11753,0.0292794,0.0844218,0,0,0,iter,0,1,optk,1,dynamic
56,49,0.01,48,1,2437,2437,0.00375179,1506,0.00375179,0.00605274,0,1680,1680,iter,0,1,optk,1,dynamic
56,49,0.01,50,0,379031,379031,0.220265,88416,0.220265,0.61103,0,0,0,iter,0,1,optk,1,dynamic
56,49,0.01,50,1,85618,85618,0.105519,42356,0.105519,0.192082,0,0,0,iter,0,1,optk,1,dynamic
56,49,0.01,50,2,39688,39688,0.025991,10433,0.025991,0.0941413,0,0,0,iter,0,1,optk,1,dynamic
56,49,0.01,50,3,9826,9826,0.0127177,5105,0.0127177,0.0241817,0,0,0,iter,0,1,optk,1,dynamic
56,49,0.01,50,4,4708,4708,0.00324857,1304,0.00324857,0.0116602,1630,1,1631,iter,0,1,optk,1,dynamic
56,488,0.1,36,0,0,0,0,0,0,0,0,0,0,iter,0,1,optk,4,dynamic
56,488,0.1,38,0,0,0,0,0,0,0,0,0,0,iter,0,1,optk,4,dynamic
56,488,0.1,40,0,6,6,1.29899e-21,24,6.00346e-06,6.00344e-06,0,0,0,iter,0,1,optk,4,dynamic
56,488,0.1,40,1,0,0,0,0,0,0,0,0,0,iter,0,1,optk,4,dynamic
56,488,0.1,42,0,7,7,8.11869e-23,12,3.00173e-06,7.00401e-06,0,0,0,iter,0,1,optk,4,dynamic
56,488,0.1,42,1,0,0,0,0,0,0,0,0,0,iter,0,1,optk,4,dynamic
56,488,0.1,44,0,100,100,5.7781e-18,196,4.90282e-05,0.000100053,0,0,0,iter,0,1,optk,4,dynamic
56,488,0.1,44,1,0,0,0,0,0,0,0,0,0,iter,0,1,optk,4,dynamic
56,488,0.1,46,0,2283,2283,8.59315e-13,3849,0.000962805,0.00228171,0,0,0,iter,0,1,optk,4,dynamic
56,488,0.1,46,1,0,0,0,0,0,0,0,0,0,iter,0,1,optk,4,dynamic
56,488,0.1,48,0,35404,35404,1.97356e-08,47383,0.0118526,0.0348043,0,0,0,iter,0,1,optk,4,dynamic
56,488,0.1,48,1,0,0,0,0,0,0,0,0,0,iter,0,1,optk,4,dynamic
56,488,0.1,50,0,379031,379031,8.19122e-05,380318,0.0951343,0.315625,0,0,0,iter,0,1,optk,4,dynamic
56,488,0.1,50,1,22,22,1.05218e-19,72,1.80104e-05,2.20124e-05,1,18,19,iter,0,1,optk,4,dynamic
56,2439,0.5,36,0,0,0,0,0,0,0,0,0,0,iter,0,1,optk,21,dynamic
56,2439,0.5,38,0,0,0,0,0,0,0,0,0,0,iter,0,1,optk,21,dynamic
56,2439,0.5,40,0,6,6,6.23943e-110,126,6.30622e-06,6.3062e-06,0,0,0,iter,0,1,optk,21,dynamic
56,2439,0.5,40,1,0,0,0,0,0,0,0,0,0,iter,0,1,optk,21,dynamic
56,2439,0.5,42,0,7,7,2.97519e-116,63,3.15311e-06,7.35722e-06,0,0,0,iter,0,1,optk,21,dynamic
56,2439,0.5,42,1,0,0,0,0,0,0,0,0,0,iter,0,1,optk,21,dynamic
56,2439,0.5,44,0,100,100,8.87332e-91,1029,5.15008e-05,0.000105098,0,0,0,iter,0,1,optk,21,dynamic
56,2439,0.5,44,1,0,0,0,0,0,0,0,0,0,iter,0,1,optk,21,dynamic
56,2439,0.5,46,0,2283,2283,1.27794e-63,20215,0.00101175,0.00239664,0,0,0,iter,0,1,optk,21,dynamic
56,2439,0.5,46,1,0,0,0,0,0,0,0,0,0,iter,0,1,optk,21,dynamic
56,2439,0.5,48,0,35404,35404,9.76716e-41,248515,0.012438,0.0365271,0,0,0,iter,0,1,optk,21,dynamic
56,2439,0.5,48,1,0,0,0,0,0,0,0,0,0,iter,0,1,optk,21,dynamic
56,2439,0.5,50,0,379031,379031,9.28236e-22,1990956,0.099646,0.32859,0,0,0,iter,0,1,optk,21,dynamic
56,2439,0.5,50,1,3,3,2.97519e-116,63,3.15311e-06,3.1531e-06,1,3,4,iter,0,1,optk,21,dynamic
57,2,0.001,37,0,0,0,0,0,0,0,0,0,0,iter,0,1,optk,1,dynamic
57,2,0.001,39,0,0,0,0,0,0,0,0,0,0,iter,0,1,optk,1,dynamic
57,2,0.001,41,0,10,10,0.000549316,9,0.000549316,0.000610165,0,0,0,iter,0,1,optk,1,dynamic
57,2,0.001,41,1,0,0,0,0,0,0,0,0,0,iter,0,1,optk,1,dynamic
57,2,0.001,43,0,75,75,0.0045166,74,0.0045166,0.00456718,0,0,0,iter,0,1,optk,1,dynamic
57,2,0.001,43,1,0,0,0,0,0,0,0,0,0,iter,0,1,optk,1,dynamic
57,2,0.001,45,0,193,193,0.0114136,187,0.0114136,0.0117107,0,0,0,iter,0,1,optk,1,dynamic
57,2,0.001,45,1,0,0,0,0,0,0,0,0,0,iter,0,1,optk,1,dynamic
57,2,0.001,47,0,490,490,0.0283813,465,0.0283813,0.0294644,0,0,0,iter,0,1,optk,1,dynamic
57,2,0.001,47,1,0,0,0,0,0,0,0,0,0,iter,0,1,optk,1,dynamic
57,2,0.001,49,0,1143,1143,0.0644531,1056,0.0644531,0.0673853,0,0,0,iter,0,1,optk,1,dynamic
57,2,0.001,49,1,0,0,0,0,0,0,0,0,0,iter,0,1,optk,1,dynamic
57,2,0.001,51,0,2629,2629,0.138794,2274,0.138794,0.148249,0,0,0,iter,0,1,optk,1,dynamic
57,2,0.001,51,1,329,329,0.00622559,102,0.00622559,0.0198803,1,109,110,iter,0,1,optk,1,dynamic
57,24,0.01,37,0,0,0,0,0,0,0,0,0,0,iter,0,1,optk,1,dynamic
57,24,0.01,39,0,0,0,0,0,0,0,0,0,0,iter,0,1,optk,1,dynamic
57,24,0.01,41,0,10,10,4.57764e-05,9,4.57764e-05,5.08613e-05,0,0,0,iter,0,1,optk,1,dynamic
57,24,0.01,41,1,0,0,0,0,0,0,0,0,0,iter,0,1,optk,1,dynamic
57,24,0.01,43,0,75,75,0.000376383,74,0.000376383,0.000381397,0,0,0,iter,0,1,optk,1,dynamic
57,24,0.01,43,1,0,0,0,0,0,0,0,0,0,iter,0,1,optk,1,dynamic
57,24,0.01,45,0,193,193,0.000961304,189,0.000961304,0.000981167,0,0,0,iter,0,1,optk,1,dynamic
57,24,0.01,45,1,0,0,0,0,0,0,0,0,0,iter,0,1,optk,1,dynamic
57,24,0.01,47,0,490,490,0.00238546,469,0.00238546,0.00248917,0,0,0,iter,0,1,optk,1,dynamic
57,24,0.01,47,1,0,0,0,0,0,0,0,0,0,iter,0,1,optk,1,dynamic
57,24,0.01,49,0,1143,1143,0.00553385,1088,0.00553385,0.00579673,0,0,0,iter,0,1,optk,1,dynamic
57,24,0.01,49,1,0,0,0,0,0,0,0,0,0,iter,0,1,optk,1,dynamic
57,24,0.01,51,0,2629,2629,0.0122884,2416,0.0122884,0.0132828,0,0,0,iter,0,1,optk,1,dynamic
57,24,0.01,51,1,74,74,7.62939e-05,15,7.62939e-05,0.000376313,1,15,16,iter,0,1,optk,1,dynamic
57,243,0.1,37,0,0,0,0,0,0,0,0,0,0,iter,0,1,optk,2,dynamic
57,243,0.1,39,0,0,0,0,0,0,0,0,0,0,iter,0,1,optk,2,dynamic
57,243,0.1,41,0,10,10,8.17622e-11,18,9.04225e-06,1.00469e-05,0,0,0,iter,0,1,optk,2,dynamic
57,243,0.1,41,1,0,0,0,0,0,0,0,0,0,iter,0,1,optk,2,dynamic
57,243,0.1,43,0,75,75,5.52753e-09,148,7.43474e-05,7.53492e-05,0,0,0,iter,0,1,optk,2,dynamic
57,243,0.1,43,1,0,0,0,0,0,0,0,0,0,iter,0,1,optk,2,dynamic
57,243,0.1,45,0,193,193,3.58666e-08,377,0.000189385,0.000193887,0,0,0,iter,0,1,optk,2,dynamic
57,243,0.1,45,1,0,0,0,0,0,0,0,0,0,iter,0,1,optk,2,dynamic
57,243,0.1,47,0,490,490,2.23453e-07,941,0.000472708,0.000492179,0,0,0,iter,0,1,optk,2,dynamic
57,243,0.1,47,1,0,0,0,0,0,0,0,0,0,iter,0,1,optk,2,dynamic
57,243,0.1,49,0,1143,1143,1.19598e-06,2177,0.00109361,0.00114771,0,0,0,iter,0,1,optk,2,dynamic
57,243,0.1,49,1,0,0,0,0,0,0,0,0,0,iter,0,1,optk,2,dynamic
57,243,0.1,51,0,2629,2629,5.97519e-06,4866,0.00244442,0.00263786,0,0,0,iter,0,1,optk,2,dynamic
57,243,0.1,51,1,12,12,9.08469e-12,6,3.01408e-06,1.20563e-05,1,3,4,iter,0,1,optk,2,dynamic
57,1214,0.5,37,0,0,0,0,0,0,0,0,0,0,iter,0,1,optk,12,dynamic
57,1214,0.5,39,0,0,0,0,0,0,0,0,0,0,iter,0,1,optk,12,dynamic
57,1214,0.5,41,0,10,10,2.69018e-60,108,1.08596e-05,1.20662e-05,0,0,0,iter,0,1,optk,12,dynamic
57,1214,0.5,41,1,0,0,0,0,0,0,0,0,0,iter,0,1,optk,12,dynamic
57,1214,0.5,43,0,75,75,2.56834e-49,888,8.92903e-05,9.04928e-05,0,0,0,iter,0,1,optk,12,dynamic
57,1214,0.5,43,1,0,0,0,0,0,0,0,0,0,iter,0,1,optk,12,dynamic
57,1214,0.5,45,0,193,193,1.97885e-44,2268,0.000228052,0.000232852,0,0,0,iter,0,1,optk,12,dynamic
57,1214,0.5,45,1,0,0,0,0,0,0,0,0,0,iter,0,1,optk,12,dynamic
57,1214,0.5,47,0,490,490,1.13292e-39,5651,0.00056822,0.000591072,0,0,0,iter,0,1,optk,12,dynamic
57,1214,0.5,47,1,0,0,0,0,0,0,0,0,0,iter,0,1,optk,12,dynamic
57,1214,0.5,49,0,1143,1143,2.62553e-35,13058,0.00131301,0.00137822,0,0,0,iter,0,1,optk,12,dynamic
57,1214,0.5,49,1,0,0,0,0,0,0,0,0,0,iter,0,1,optk,12,dynamic
57,1214,0.5,51,0,2629,2629,4.05613e-31,29171,0.00293321,0.00316719,0,0,0,iter,0,1,optk,12,dynamic
57,1214,0.5,51,1,12,12,5.06205e-66,36,3.61988e-06,1.44794e-05,1,3,4,iter,0,1,optk,12,dynamic
58,212,0.001,35,0,0,0,0,0,0,0,0,0,0,iter,0,1,optk,1,dynamic
58,212,0.001,37,0,0,0,0,0,0,0,0,0,0,iter,0,1,optk,1,dynamic
58,212,0.001,39,0,0,0,0,0,0,0,0,0,0,iter,0,1,optk,1,dynamic
58,212,0.001,41,0,17,17,8.06125e-06,14,8.06125e-06,9.78861e-06,0,0,0,iter,0,1,optk,1,dynamic
58,212,0.001,41,1,0,0,0,0,0,0,0,0,0,iter,0,1,optk,1,dynamic
58,212,0.001,43,0,662,662,0.000365059,634,0.000365059,0.000381109,0,0,0,iter,0,1,optk,1,dynamic
58,212,0.001,43,1,0,0,0,0,0,0,0,0,0,iter,0,1,optk,1,dynamic
58,212,0.001,45,0,1879,1879,0.000992109,1723,0.000992109,0.00108135,0,0,0,iter,0,1,optk,1,dynamic
58,212,0.001,45,1,0,0,0,0,0,0,0,0,0,iter,0,1,optk,1,dynamic
58,212,0.001,47,0,4900,4900,0.00251396,4366,0.00251396,0.00281746,0,0,0,iter,0,1,optk,1,dynamic
58,212,0.001,47,1,0,0,0,0,0,0,0,0,0,iter,0,1,optk,1,dynamic
58,212,0.001,49,0,12355,12355,0.00596244,10355,0.00596244,0.00708881,0,0,0,iter,0,1,optk,1,dynamic
58,212,0.001,49,1,5,5,1.15161e-06,2,1.15161e-06,2.87901e-06,0,2,2,iter,0,1,optk,1,dynamic
58,212,0.001,51,0,28925,28925,0.0133799,23237,0.0133799,0.0165172,0,0,0,iter,0,1,optk,1,dynamic
58,212,0.001,51,1,76,76,5.75803e-06,10,5.75803e-06,4.37601e-05,0,10,10,iter,0,1,optk,1,dynamic
58,212,0.001,53,0,66885,66885,0.0288696,50138,0.0288696,0.0377804,0,0,0,iter,0,1,optk,1,dynamic
58,212,0.001,53,1,1794,1794,0.00017562,305,0.00017562,0.00103246,0,308,308,iter,0,1,optk,1,dynamic
58,212,0.001,55,0,149225,149225,0.0594851,103308,0.0594851,0.0823363,0,0,0,iter,0,1,optk,1,dynamic
58,212,0.001,55,1,52815,52815,0.00276846,4808,0.00276846,0.0299533,0,0,0,iter,0,1,optk,1,dynamic
58,212,0.001,55,2,488,488,0.000192318,334,0.000192318,0.000280953,355,0,355,iter,0,1,optk,1,dynamic
58,212,0.001,57,0,329487,329487,0.118109,205121,0.118109,0.172809,0,0,0,iter,0,1,optk,1,dynamic
58,212,0.001,57,1,1033637,1033637,0.0326273,56664,0.0326273,0.448532,0,0,0,iter,0,1,optk,1,dynamic
58,212,0.001,57,2,10606,10606,0.00404963,7033,0.00404963,0.00608836,7871,1,7872,iter,0,1,optk,1,dynamic
58,2115,0.01,35,0,0,0,0,0,0,0,0,0,0,iter,0,1,optk,1,dynamic
58,2115,0.01,37,0,0,0,0,0,0,0,0,0,0,iter,0,1,optk,1,dynamic
58,2115,0.01,39,0,0,0,0,0,0,0,0,0,0,iter,0,1,optk,1,dynamic
58,2115,0.01,41,0,17,17,8.0803e-07,14,8.0803e-07,9.81179e-07,0,0,0,iter,0,1,optk,1,dynamic
58,2115,0.01,41,1,0,0,0,0,0,0,0,0,0,iter,0,1,optk,1,dynamic
58,2115,0.01,43,0,662,662,3.65922e-05,634,3.65922e-05,3.82076e-05,0,0,0,iter,0,1,optk,1,dynamic
58,2115,0.01,43,1,0,0,0,0,0,0,0,0,0,iter,0,1,optk,1,dynamic
58,2115,0.01,45,0,1879,1879,9.95032e-05,1724,9.95032e-05,0.000108443,0,0,0,iter,0,1,optk,1,dynamic
58,2115,0.01,45,1,0,0,0,0,0,0,0,0,0,iter,0,1,optk,1,dynamic
58,2115,0.01,47,0,4900,4900,0.000252279,4371,0.000252279,0.000282771,0,0,0,iter,0,1,optk,1,dynamic
58,2115,0.01,47,1,0,0,0,0,0,0,0,0,0,iter,0,1,optk,1,dynamic
58,2115,0.01,49,0,12355,12355,0.000599328,10384,0.000599328,0.000712833,0,0,0,iter,0,1,optk,1,dynamic
58,2115,0.01,49,1,0,0,0,0,0,0,0,0,0,iter,0,1,optk,1,dynamic
58,2115,0.01,51,0,28925,28925,0.00134976,23386,0.00134976,0.00166806,0,0,0,iter,0,1,optk,1,dynamic
58,2115,0.01,51,1,3,3,1.15433e-07,2,1.15433e-07,1.73149e-07,0,2,2,iter,0,1,optk,1,dynamic
58,2115,0.01,53,0,66885,66885,0.002932,50800,0.002932,0.00385292,0,0,0,iter,0,1,optk,1,dynamic
58,2115,0.01,53,1,282,282,2.02008e-06,35,2.02008e-06,1.62759e-05,0,35,35,iter,0,1,optk,1,dynamic
58,2115,0.01,55,0,149225,149225,0.00612903,106192,0.00612903,0.00857576,0,0,0,iter,0,1,optk,1,dynamic
58,2115,0.01,55,1,5614,5614,2.81079e-05,487,2.81079e-05,0.000323968,0,489,489,iter,0,1,optk,1,dynamic
58,2115,0.01,57,0,329487,329487,0.0125225,216966,0.0125225,0.0188371,0,0,0,iter,0,1,optk,1,dynamic
58,2115,0.01,57,1,117580,117580,0.000353802,6130,0.000353802,0.00676333,1,6311,6312,iter,0,1,optk,1,dynamic
58,21155,0.1,35,0,0,0,0,0,0,0,0,0,0,iter,0,1,optk,3,dynamic
58,21155,0.1,37,0,0,0,0,0,0,0,0,0,0,iter,0,1,optk,3,dynamic
58,21155,0.1,39,0,0,0,0,0,0,0,0,0,0,iter,0,1,optk,3,dynamic
58,21155,0.1,41,0,17,17,1.42344e-20,42,2.42352e-07,2.94284e-07,0,0,0,iter,0,1,optk,3,dynamic
58,21155,0.1,41,1,0,0,0,0,0,0,0,0,0,iter,0,1,optk,3,dynamic
58,21155,0.1,43,0,662,662,1.32197e-15,1902,1.09751e-05,1.14597e-05,0,0,0,iter,0,1,optk,3,dynamic
58,21155,0.1,43,1,0,0,0,0,0,0,0,0,0,iter,0,1,optk,3,dynamic
58,21155,0.1,45,0,1879,1879,2.65653e-14,5171,2.98381e-05,3.25265e-05,0,0,0,iter,0,1,optk,3,dynamic
58,21155,0.1,45,1,0,0,0,0,0,0,0,0,0,iter,0,1,optk,3,dynamic
58,21155,0.1,47,0,4900,4900,4.3311e-13,13112,7.56599e-05,8.48195e-05,0,0,0,iter,0,1,optk,3,dynamic
58,21155,0.1,47,1,0,0,0,0,0,0,0,0,0,iter,0,1,optk,3,dynamic
58,21155,0.1,49,0,12355,12355,5.80774e-12,31151,0.00017975,0.000213853,0,0,0,iter,0,1,optk,3,dynamic
58,21155,0.1,49,1,0,0,0,0,0,0,0,0,0,iter,0,1,optk,3,dynamic
58,21155,0.1,51,0,28925,28925,6.64238e-11,70185,0.000404987,0.000500591,0,0,0,iter,0,1,optk,3,dynamic
58,21155,0.1,51,1,0,0,0,0,0,0,0,0,0,iter,0,1,optk,3,dynamic
58,21155,0.1,53,0,66885,66885,6.82511e-10,152583,0.000880447,0.00115717,0,0,0,iter,0,1,optk,3,dynamic
58,21155,0.1,53,1,0,0,0,0,0,0,0,0,0,iter,0,1,optk,3,dynamic
58,21155,0.1,55,0,149225,149225,6.25578e-09,319323,0.00184258,0.00257988,0,0,0,iter,0,1,optk,3,dynamic
58,21155,0.1,55,1,0,0,0,0,0,0,0,0,0,iter,0,1,optk,3,dynamic
58,21155,0.1,57,0,329487,329487,5.36758e-08,653726,0.00377218,0.00568746,0,0,0,iter,0,1,optk,3,dynamic
58,21155,0.1,57,1,35,35,1.02105e-19,81,4.67393e-07,6.05879e-07,1,27,28,iter,0,1,optk,3,dynamic
58,105774,0.5,35,0,0,0,0,0,0,0,0,0,0,iter,0,1,optk,14,dynamic
58,105774,0.5,37,0,0,0,0,0,0,0,0,0,0,iter,0,1,optk,14,dynamic
58,105774,0.5,39,0,0,0,0,0,0,0,0,0,0,iter,0,1,optk,14,dynamic
58,105774,0.5,41,0,17,17,9.17954e-94,196,2.26197e-07,2.74668e-07,0,0,0,iter,0,1,optk,14,dynamic
58,105774,0.5,41,1,0,0,0,0,0,0,0,0,0,iter,0,1,optk,14,dynamic
58,105774,0.5,43,0,662,662,1.40048e-70,8876,1.02435e-05,1.06958e-05,0,0,0,iter,0,1,optk,14,dynamic
58,105774,0.5,43,1,0,0,0,0,0,0,0,0,0,iter,0,1,optk,14,dynamic
58,105774,0.5,45,0,1879,1879,1.6916e-64,24135,2.78534e-05,3.03584e-05,0,0,0,iter,0,1,optk,14,dynamic
58,105774,0.5,45,1,0,0,0,0,0,0,0,0,0,iter,0,1,optk,14,dynamic
58,105774,0.5,47,0,4900,4900,7.67468e-59,61193,7.06208e-05,7.91659e-05,0,0,0,iter,0,1,optk,14,dynamic
58,105774,0.5,47,1,0,0,0,0,0,0,0,0,0,iter,0,1,optk,14,dynamic
58,105774,0.5,49,0,12355,12355,1.39759e-53,145358,0.000167753,0.000199599,0,0,0,iter,0,1,optk,14,dynamic
58,105774,0.5,49,1,0,0,0,0,0,0,0,0,0,iter,0,1,optk,14,dynamic
58,105774,0.5,51,0,28925,28925,1.21726e-48,327564,0.000378031,0.00046723,0,0,0,iter,0,1,optk,14,dynamic
58,105774,0.5,51,1,0,0,0,0,0,0,0,0,0,iter,0,1,optk,14,dynamic
58,105774,0.5,53,0,66885,66885,6.41042e-44,712109,0.000821822,0.00108007,0,0,0,iter,0,1,optk,14,dynamic
58,105774,0.5,53,1,0,0,0,0,0,0,0,0,0,iter,0,1,optk,14,dynamic
58,105774,0.5,55,0,149225,149225,1.97873e-39,1490133,0.00171971,0.00240812,0,0,0,iter,0,1,optk,14,dynamic
58,105774,0.5,55,1,0,0,0,0,0,0,0,0,0,iter,0,1,optk,14,dynamic
58,105774,0.5,57,0,329487,329487,4.50681e-35,3051222,0.00352132,0.00530936,0,0,0,iter,0,1,optk,14,dynamic
58,105774,0.5,57,1,35,35,9.03901e-90,378,4.36237e-07,5.65493e-07,1,27,28,iter,0,1,optk,14,dynamic
60,3,0.001,31,0,0,0,0,0,0,0,0,0,0,iter,0,1,optk,1,dynamic
60,3,0.001,33,0,0,0,0,0,0,0,0,0,0,iter,0,1,optk,1,dynamic
60,3,0.001,35,0,31,31,0.000854492,21,0.000854492,0.0012606,0,0,0,iter,0,1,optk,1,dynamic
60,3,0.001,35,1,0,0,0,0,0,0,0,0,0,iter,0,1,optk,1,dynamic
60,3,0.001,37,0,630,630,0.0224609,552,0.0224609,0.025309,0,0,0,iter,0,1,optk,1,dynamic
60,3,0.001,37,1,0,0,0,0,0,0,0,0,0,iter,0,1,optk,1,dynamic
60,3,0.001,39,0,2217,2217,0.0727132,1787,0.0727132,0.0862607,0,0,0,iter,0,1,optk,1,dynamic
60,3,0.001,39,1,8,8,0.00016276,4,0.00016276,0.000325468,0,4,4,iter,0,1,optk,1,dynamic
60,3,0.001,41,0,7349,7349,0.215495,5296,0.215495,0.258464,0,0,0,iter,0,1,optk,1,dynamic
60,3,0.001,41,1,267,267,0.00642904,158,0.00642904,0.0108055,0,160,160,iter,0,1,optk,1,dynamic
60,3,0.001,43,0,21666,21666,0.488851,12014,0.488851,0.585877,0,0,0,iter,0,1,optk,1,dynamic
60,3,0.001,43,1,7612,7612,0.119792,2944,0.119792,0.266357,0,0,0,iter,0,1,optk,1,dynamic
60,3,0.001,43,2,2672,2672,0.0789388,1940,0.0789388,0.103022,0,0,0,iter,0,1,optk,1,dynamic
60,3,0.001,43,3,1150,1150,0.0209554,515,0.0209554,0.0457157,0,0,0,iter,0,1,optk,1,dynamic
60,3,0.001,43,4,481,481,0.014445,355,0.014445,0.0193817,608,0,608,iter,0,1,optk,1,dynamic
60,3,0.001,45,0,60247,60247,0.832886,20469,0.832886,0.913832,0,0,0,iter,0,1,optk,1,dynamic
60,3,0.001,45,0,7033,7033,0.190389,4679,0.190389,0.248868,5530,0,5530,type,0,6,optk,1,dynamic
60,3,0.001,45,1,105229,105229,0.71346,17534,0.71346,0.986182,0,0,0,iter,0,1,optk,1,dynamic
60,3,0.001,45,1,7101,7101,0.187826,4616,0.187826,0.250943,5530,1,5531,type,1,6,optk,1,dynamic
60,30,0.01,31,0,0,0,0,0,0,0,0,0,0,iter,0,1,optk,1,dynamic
60,30,0.01,33,0,0,0,0,0,0,0,0,0,0,iter,0,1,optk,1,dynamic
60,30,0.01,35,0,31,31,8.54492e-05,21,8.54492e-05,0.000126131,0,0,0,iter,0,1,optk,1,dynamic
60,30,0.01,35,1,0,0,0,0,0,0,0,0,0,iter,0,1,optk,1,dynamic
60,30,0.01,37,0,630,630,0.00227051,558,0.00227051,0.00256019,0,0,0,iter,0,1,optk,1,dynamic
60,30,0.01,37,1,0,0,0,0,0,0,0,0,0,iter,0,1,optk,1,dynamic
60,30,0.01,39,0,2217,2217,0.00752767,1850,0.00752767,0.00898043,0,0,0,iter,0,1,optk,1,dynamic
60,30,0.01,39,1,0,0,0,0,0,0,0,0,0,iter,0,1,optk,1,dynamic
60,30,0.01,41,0,7349,7349,0.0237793,5844,0.0237793,0.0294605,0,0,0,iter,0,1,optk,1,dynamic
60,30,0.01,41,1,25,25,6.51042e-05,16,6.51042e-05,0.00010172,0,16,16,iter,0,1,optk,1,dynamic
60,30,0.01,43,0,21666,21666,0.0652995,16048,0.0652995,0.0843849,0,0,0,iter,0,1,optk,1,dynamic
60,30,0.01,43,1,899,899,0.00169271,416,0.00169271,0.00365136,0,426,426,iter,0,1,optk,1,dynamic
60,30,0.01,45,0,60247,60247,0.163468,40174,0.163468,0.217409,0,0,0,iter,0,1,optk,1,dynamic
60,30,0.01,45,1,20659,20659,0.0246948,6069,0.0246948,0.0806255,0,0,0,iter,0,1,optk,1,dynamic
60,30,0.01,45,2,1526,1526,0.00445557,1095,0.00445557,0.00619007,1273,1,1274,iter,0,1,optk,1,dynamic
60,298,0.1,31,0,0,0,0,0,0,0,0,0,0,iter,0,1,optk,3,dynamic
60,298,0.1,33,0,0,0,0,0,0,0,0,0,0,iter,0,1,optk,3,dynamic
60,298,0.1,35,0,31,31,1.71871e-14,63,2.58068e-05,3.8095e-05,0,0,0,iter,0,1,optk,3,dynamic
60,298,0.1,35,1,0,0,0,0,0,0,0,0,0,iter,0,1,optk,3,dynamic
60,298,0.1,37,0,630,630,3.22439e-10,1674,0.000685724,0.000773905,0,0,0,iter,0,1,optk,3,dynamic
60,298,0.1,37,1,0,0,0,0,0,0,0,0,0,iter,0,1,optk,3,dynamic
60,298,0.1,39,0,2217,2217,1.18525e-08,5566,0.00228001,0.00272075,0,0,0,iter,0,1,optk,3,dynamic
60,298,0.1,39,1,0,0,0,0,0,0,0,0,0,iter,0,1,optk,3,dynamic
60,298,0.1,41,0,7349,7349,3.81284e-07,17702,0.0072513,0.0089905,0,0,0,iter,0,1,optk,3,dynamic
60,298,0.1,41,1,0,0,0,0,0,0,0,0,0,iter,0,1,optk,3,dynamic
60,298,0.1,43,0,21666,21666,8.26923e-06,49366,0.0202219,0.0262739,0,0,0,iter,0,1,optk,3,dynamic
60,298,0.1,43,1,0,0,0,0,0,0,0,0,0,iter,0,1,optk,3,dynamic
60,298,0.1,45,0,60247,60247,0.000144342,128057,0.0524562,0.0713629,0,0,0,iter,0,1,optk,3,dynamic
60,298,0.1,45,1,18,18,4.07732e-15,39,1.59756e-05,2.21199e-05,1,13,14,iter,0,1,optk,3,dynamic
60,1490,0.5,31,0,0,0,0,0,0,0,0,0,0,iter,0,1,optk,16,dynamic
60,1490,0.5,33,0,0,0,0,0,0,0,0,0,0,iter,0,1,optk,16,dynamic
60,1490,0.5,35,0,31,31,1.08695e-73,336,2.75273e-05,4.06347e-05,0,0,0,iter,0,1,optk,16,dynamic
60,1490,0.5,35,1,0,0,0,0,0,0,0,0,0,iter,0,1,optk,16,dynamic
60,1490,0.5,37,0,630,630,6.67594e-51,8925,0.000731193,0.000825477,0,0,0,iter,0,1,optk,16,dynamic
60,1490,0.5,37,1,0,0,0,0,0,0,0,0,0,iter,0,1,optk,16,dynamic
60,1490,0.5,39,0,2217,2217,1.48867e-42,29674,0.00243108,0.00290187,0,0,0,iter,0,1,optk,16,dynamic
60,1490,0.5,39,1,0,0,0,0,0,0,0,0,0,iter,0,1,optk,16,dynamic
60,1490,0.5,41,0,7349,7349,1.65257e-34,94452,0.00773811,0.00958698,0,0,0,iter,0,1,optk,16,dynamic
60,1490,0.5,41,1,0,0,0,0,0,0,0,0,0,iter,0,1,optk,16,dynamic
60,1490,0.5,43,0,21666,21666,2.15391e-27,262968,0.021544,0.0280008,0,0,0,iter,0,1,optk,16,dynamic
60,1490,0.5,43,1,0,0,0,0,0,0,0,0,0,iter,0,1,optk,16,dynamic
60,1490,0.5,45,0,60247,60247,8.94059e-21,681611,0.0558419,0.0759352,0,0,0,iter,0,1,optk,16,dynamic
60,1490,0.5,45,1,11,11,2.14348e-82,96,7.86493e-06,1.44189e-05,1,6,7,iter,0,1,optk,16,dynamic
61,18,0.001,43,0,0,0,0,0,0,0,0,0,0,iter,0,1,optk,1,dynamic
61,18,0.001,45,0,0,0,0,0,0,0,0,0,0,iter,0,1,optk,1,dynamic
61,18,0.001,47,0,4,4,2.71267e-05,4,2.71267e-05,2.71264e-05,0,0,0,iter,0,1,optk,1,dynamic
61,18,0.001,47,1,0,0,0,0,0,0,0,0,0,iter,0,1,optk,1,dynamic
61,18,0.001,49,0,0,0,0,0,0,0,0,0,0,iter,0,1,optk,1,dynamic
61,18,0.001,51,0,3512,3512,0.0132989,1961,0.0132989,0.0235359,0,0,0,iter,0,1,optk,1,dynamic
61,18,0.001,51,1,368,368,0.00119358,176,0.00119358,0.00249255,0,185,185,iter,0,1,optk,1,dynamic
61,18,0.001,53,0,36084,36084,0.11103,16372,0.11103,0.217069,0,0,0,iter,0,1,optk,1,dynamic
61,18,0.001,53,1,17768,17768,0.0507745,7487,0.0507745,0.11352,0,0,0,iter,0,1,optk,1,dynamic
61,18,0.001,53,2,1858,1858,0.0062188,917,0.0062188,0.0125213,1036,0,1036,iter,0,1,optk,1,dynamic
61,18,0.001,55,0,371391,371391,0.627272,92495,0.627272,0.919432,0,0,0,iter,0,1,optk,1,dynamic
61,18,0.001,55,0,45530,45530,0.114136,16830,0.114136,0.26565,18217,0,18217,type,0,7,optk,1,dynamic
61,18,0.001,55,1,45247,45247,0.114441,16875,0.114441,0.26424,18302,0,18302,type,1,7,optk,1,dynamic
61,18,0.001,55,1,799924,799924,0.857937,126508,0.857937,0.995594,0,0,0,iter,0,1,optk,1,dynamic
61,18,0.001,55,2,45350,45350,0.114509,16885,0.114509,0.264753,18320,0,18320,type,2,7,optk,1,dynamic
61,18,0.001,55,3,45012,45012,0.113085,16675,0.113085,0.263066,17996,0,17996,type,3,7,optk,1,dynamic
61,18,0.001,55,4,46876,46876,0.115811,17077,0.115811,0.272323,18535,0,18535,type,4,7,optk,1,dynamic
61,18,0.001,55,5,45105,45105,0.114936,16948,0.114936,0.263531,18347,0,18347,type,5,7,optk,1,dynamic
61,18,0.001,55,6,45477,45477,0.113559,16745,0.113559,0.265386,18113,0,18113,type,6,7,optk,1,dynamic
61,18,0.001,57,0,2392909,2392909,0.995015,146721,0.995015,1,0,0,0,iter,0,1,optk,1,dynamic
61,18,0.001,57,0,298202,298202,0.484199,71398,0.484199,0.867651,97672,0,97672,type,0,8,optk,1,dynamic
61,18,0.001,57,1,298061,298061,0.483568,71305,0.483568,0.867524,97329,1,97330,type,1,8,optk,1,dynamic
61,18,0.001,57,1,6358831,6358831,0.999993,147455,0.999993,1,0,0,0,iter,0,1,optk,1,dynamic
61,184,0.01,43,0,0,0,0,0,0,0,0,0,0,iter,0,1,optk,1,dynamic
61,184,0.01,45,0,0,0,0,0,0,0,0,0,0,iter,0,1,optk,1,dynamic
61,184,0.01,47,0,4,4,2.6537e-06,4,2.6537e-06,2.6537e-06,0,0,0,iter,0,1,optk,1,dynamic
61,184,0.01,47,1,0,0,0,0,0,0,0,0,0,iter,0,1,optk,1,dynamic
61,184,0.01,49,0,0,0,0,0,0,0,0,0,0,iter,0,1,optk,1,dynamic
61,184,0.01,51,0,3512,3512,0.00131159,1977,0.00131159,0.00232724,0,0,0,iter,0,1,optk,1,dynamic
61,184,0.01,51,1,19,19,1.19417e-05,18,1.19417e-05,1.2605e-05,0,18,18,iter,0,1,optk,1,dynamic
61,184,0.01,53,0,36084,36084,0.0114799,17304,0.0114799,0.0236548,0,0,0,iter,0,1,optk,1,dynamic
61,184,0.01,53,1,1956,1956,0.000515482,777,0.000515482,0.00129682,0,810,810,iter,0,1,optk,1,dynamic
61,184,0.01,55,0,371391,371391,0.0923289,139170,0.0923289,0.218383,0,0,0,iter,0,1,optk,1,dynamic
61,184,0.01,55,1,115392,115392,0.0276317,41650,0.0276317,0.0736971,0,0,0,iter,0,1,optk,1,dynamic
61,184,0.01,55,2,10294,10294,0.00270744,4081,0.00270744,0.00680604,4473,0,4473,iter,0,1,optk,1,dynamic
61,184,0.01,57,0,2392909,2392909,0.405354,611002,0.405354,0.795567,0,0,0,iter,0,1,optk,1,dynamic
61,184,0.01,57,0,317948,317948,0.0672515,101370,0.0672515,0.190173,115527,1,115528,type,0,3,optk,1,dynamic
61,184,0.01,57,1,2596112,2596112,0.401526,605232,0.401526,0.82135,0,0,0,iter,0,1,optk,1,dynamic
61,1845,0.1,43,0,0,0,0,0,0,0,0,0,0,iter,0,1,optk,4,dynamic
61,1845,0.1,45,0,0,0,0,0,0,0,0,0,0,iter,0,1,optk,4,dynamic
61,1845,0.1,47,0,4,4,1.25584e-24,16,1.0586e-06,1.0586e-06,0,0,0,iter,0,1,optk,4,dynamic
61,1845,0.1,47,1,0,0,0,0,0,0,0,0,0,iter,0,1,optk,4,dynamic
61,1845,0.1,49,0,0,0,0,0,0,0,0,0,0,iter,0,1,optk,4,dynamic
61,1845,0.1,51,0,3512,3512,7.5207e-14,7915,0.000523678,0.000929023,0,0,0,iter,0,1,optk,4,dynamic
61,1845,0.1,51,1,0,0,0,0,0,0,0,0,0,iter,0,1,optk,4,dynamic
61,1845,0.1,53,0,36084,36084,4.45162e-10,69425,0.00459335,0.00950422,0,0,0,iter,0,1,optk,4,dynamic
61,1845,0.1,53,1,0,0,0,0,0,0,0,0,0,iter,0,1,optk,4,dynamic
61,1845,0.1,55,0,371391,371391,2.06185e-06,572731,0.0378935,0.0936131,0,0,0,iter,0,1,optk,4,dynamic
61,1845,0.1,55,1,4,4,4.90563e-27,4,2.64651e-07,1.0586e-06,0,1,1,iter,0,1,optk,4,dynamic
61,1845,0.1,57,0,2392909,2392909,0.00122801,2829351,0.187198,0.469155,0,0,0,iter,0,1,optk,4,dynamic
61,1845,0.1,57,1,7786,7786,1.51788e-13,9434,0.00062418,0.00205845,1,2359,2360,iter,0,1,optk,4,dynamic
61,9225,0.5,43,0,0,0,0,0,0,0,0,0,0,iter,0,1,optk,22,dynamic
61,9225,0.5,45,0,0,0,0,0,0,0,0,0,0,iter,0,1,optk,22,dynamic
61,9225,0.5,47,0,4,4,2.84957e-131,88,1.16446e-06,1.16446e-06,0,0,0,iter,0,1,optk,22,dynamic
61,9225,0.5,47,1,0,0,0,0,0,0,0,0,0,iter,0,1,optk,22,dynamic
61,9225,0.5,49,0,0,0,0,0,0,0,0,0,0,iter,0,1,optk,22,dynamic
61,9225,0.5,51,0,3512,3512,5.42151e-72,43551,0.000576291,0.00102188,0,0,0,iter,0,1,optk,22,dynamic
61,9225,0.5,51,1,0,0,0,0,0,0,0,0,0,iter,0,1,optk,22,dynamic
61,9225,0.5,53,0,36084,36084,2.99227e-51,381778,0.0050519,0.0104497,0,0,0,iter,0,1,optk,22,dynamic
61,9225,0.5,53,1,0,0,0,0,0,0,0,0,0,iter,0,1,optk,22,dynamic
61,9225,0.5,55,0,371391,371391,4.15113e-31,3143141,0.0415918,0.102478,0,0,0,iter,0,1,optk,22,dynamic
61,9225,0.5,55,1,0,0,0,0,0,0,0,0,0,iter,0,1,optk,22,dynamic
61,9225,0.5,57,0,2392909,2392909,6.41785e-16,15409307,0.203904,0.501731,0,0,0,iter,0,1,optk,22,dynamic
61,9225,0.5,57,1,2,2,1.61979e-144,22,2.91116e-07,5.82232e-07,1,1,2,iter,0,1,optk,22,dynamic
62,63,0.001,40,0,21,21,3.29396e-05,17,3.29396e-05,4.06893e-05,0,0,0,iter,0,1,optk,1,dynamic
62,63,0.001,40,1,0,0,0,0,0,0,0,0,0,iter,0,1,optk,1,dynamic
62,63,0.001,42,0,1,1,1.93762e-06,1,1.93762e-06,1.93762e-06,0,0,0,iter,0,1,optk,1,dynamic
62,63,0.001,42,1,0,0,0,0,0,0,0,0,0,iter,0,1,optk,1,dynamic
62,63,0.001,44,0,4,4,7.7505e-06,4,7.7505e-06,7.75047e-06,0,0,0,iter,0,1,optk,1,dynamic
62,63,0.001,44,1,0,0,0,0,0,0,0,0,0,iter,0,1,optk,1,dynamic
62,63,0.001,46,0,10,10,1.93762e-05,10,1.93762e-05,1.93761e-05,0,0,0,iter,0,1,optk,1,dynamic
62,63,0.001,46,1,0,0,0,0,0,0,0,0,0,iter,0,1,optk,1,dynamic
62,63,0.001,48,0,20,20,3.87525e-05,20,3.87525e-05,3.87517e-05,0,0,0,iter,0,1,optk,1,dynamic
62,63,0.001,48,1,0,0,0,0,0,0,0,0,0,iter,0,1,optk,1,dynamic
62,63,0.001,50,0,38,38,7.36297e-05,38,7.36297e-05,7.3627e-05,0,0,0,iter,0,1,optk,1,dynamic
62,63,0.001,50,1,0,0,0,0,0,0,0,0,0,iter,0,1,optk,1,dynamic
62,63,0.001,52,0,80,80,0.00015501,80,0.00015501,0.000154998,0,0,0,iter,0,1,optk,1,dynamic
62,63,0.001,52,1,0,0,0,0,0,0,0,0,0,iter,0,1,optk,1,dynamic
62,63,0.001,54,0,178,178,0.000337147,174,0.000337147,0.000344838,0,0,0,iter,0,1,optk,1,dynamic
62,63,0.001,54,1,0,0,0,0,0,0,0,0,0,iter,0,1,optk,1,dynamic
62,63,0.001,56,0,388,388,0.000734359,379,0.000734359,0.000751516,0,0,0,iter,0,1,optk,1,dynamic
62,63,0.001,56,1,16,16,9.68812e-06,5,9.68812e-06,3.10015e-05,1,5,6,iter,0,1,optk,1,dynamic
62,632,0.01,40,0,21,21,3.28354e-06,17,3.28354e-06,4.05613e-06,0,0,0,iter,0,1,optk,1,dynamic
62,632,0.01,40,1,0,0,0,0,0,0,0,0,0,iter,0,1,optk,1,dynamic
62,632,0.01,42,0,1,1,1.93149e-07,1,1.93149e-07,1.93149e-07,0,0,0,iter,0,1,optk,1,dynamic
62,632,0.01,42,1,0,0,0,0,0,0,0,0,0,iter,0,1,optk,1,dynamic
62,632,0.01,44,0,4,4,7.72597e-07,4,7.72597e-07,7.72597e-07,0,0,0,iter,0,1,optk,1,dynamic
62,632,0.01,44,1,0,0,0,0,0,0,0,0,0,iter,0,1,optk,1,dynamic
62,632,0.01,46,0,10,10,1.93149e-06,10,1.93149e-06,1.93149e-06,0,0,0,iter,0,1,optk,1,dynamic
62,632,0.01,46,1,0,0,0,0,0,0,0,0,0,iter,0,1,optk,1,dynamic
62,632,0.01,48,0,20,20,3.86298e-06,20,3.86298e-06,3.86298e-06,0,0,0,iter,0,1,optk,1,dynamic
62,632,0.01,48,1,0,0,0,0,0,0,0,0,0,iter,0,1,optk,1,dynamic
62,632,0.01,50,0,38,38,7.33967e-06,38,7.33967e-06,7.33964e-06,0,0,0,iter,0,1,optk,1,dynamic
62,632,0.01,50,1,0,0,0,0,0,0,0,0,0,iter,0,1,optk,1,dynamic
62,632,0.01,52,0,80,80,1.54519e-05,80,1.54519e-05,1.54518e-05,0,0,0,iter,0,1,optk,1,dynamic
62,632,0.01,52,1,0,0,0,0,0,0,0,0,0,iter,0,1,optk,1,dynamic
62,632,0.01,54,0,178,178,3.3608e-05,174,3.3608e-05,3.438e-05,0,0,0,iter,0,1,optk,1,dynamic
62,632,0.01,54,1,0,0,0,0,0,0,0,0,0,iter,0,1,optk,1,dynamic
62,632,0.01,56,0,388,388,7.33967e-05,380,7.33967e-05,7.49391e-05,0,0,0,iter,0,1,optk,1,dynamic
62,632,0.01,56,1,16,16,9.65746e-07,5,9.65746e-07,3.09038e-06,1,5,6,iter,0,1,optk,1,dynamic
62,6321,0.1,40,0,21,21,4.31128e-13,34,6.56603e-07,8.11098e-07,0,0,0,iter,0,1,optk,2,dynamic
62,6321,0.1,40,1,0,0,0,0,0,0,0,0,0,iter,0,1,optk,2,dynamic
62,6321,0.1,42,0,1,1,1.49179e-15,2,3.86237e-08,3.86237e-08,0,0,0,iter,0,1,optk,2,dynamic
62,6321,0.1,42,1,0,0,0,0,0,0,0,0,0,iter,0,1,optk,2,dynamic
62,6321,0.1,44,0,4,4,2.38687e-14,8,1.54495e-07,1.54495e-07,0,0,0,iter,0,1,optk,2,dynamic
62,6321,0.1,44,1,0,0,0,0,0,0,0,0,0,iter,0,1,optk,2,dynamic
62,6321,0.1,46,0,10,10,1.49179e-13,20,3.86237e-07,3.86237e-07,0,0,0,iter,0,1,optk,2,dynamic
62,6321,0.1,46,1,0,0,0,0,0,0,0,0,0,iter,0,1,optk,2,dynamic
62,6321,0.1,48,0,20,20,5.96717e-13,40,7.72475e-07,7.72474e-07,0,0,0,iter,0,1,optk,2,dynamic
62,6321,0.1,48,1,0,0,0,0,0,0,0,0,0,iter,0,1,optk,2,dynamic
62,6321,0.1,50,0,38,38,2.15415e-12,76,1.4677e-06,1.4677e-06,0,0,0,iter,0,1,optk,2,dynamic
62,6321,0.1,50,1,0,0,0,0,0,0,0,0,0,iter,0,1,optk,2,dynamic
62,6321,0.1,52,0,80,80,9.54747e-12,160,3.0899e-06,3.08989e-06,0,0,0,iter,0,1,optk,2,dynamic
62,6321,0.1,52,1,0,0,0,0,0,0,0,0,0,iter,0,1,optk,2,dynamic
62,6321,0.1,54,0,178,178,4.51655e-11,348,6.72053e-06,6.875e-06,0,0,0,iter,0,1,optk,2,dynamic
62,6321,0.1,54,1,0,0,0,0,0,0,0,0,0,iter,0,1,optk,2,dynamic
62,6321,0.1,56,0,388,388,2.15415e-10,760,1.4677e-05,1.49859e-05,0,0,0,iter,0,1,optk,2,dynamic
62,6321,0.1,56,1,16,16,3.72948e-14,10,1.93119e-07,6.1798e-07,1,5,6,iter,0,1,optk,2,dynamic
62,31603,0.5,40,0,21,21,1.49041e-62,170,6.56645e-07,8.11149e-07,0,0,0,iter,0,1,optk,10,dynamic
62,31603,0.5,40,1,0,0,0,0,0,0,0,0,0,iter,0,1,optk,10,dynamic
62,31603,0.5,42,0,1,1,7.39294e-75,10,3.86262e-08,3.86262e-08,0,0,0,iter,0,1,optk,10,dynamic
62,31603,0.5,42,1,0,0,0,0,0,0,0,0,0,iter,0,1,optk,10,dynamic
62,31603,0.5,44,0,4,4,7.75206e-69,40,1.54505e-07,1.54505e-07,0,0,0,iter,0,1,optk,10,dynamic
62,31603,0.5,44,1,0,0,0,0,0,0,0,0,0,iter,0,1,optk,10,dynamic
62,31603,0.5,46,0,10,10,7.39294e-65,100,3.86262e-07,3.86262e-07,0,0,0,iter,0,1,optk,10,dynamic
62,31603,0.5,46,1,0,0,0,0,0,0,0,0,0,iter,0,1,optk,10,dynamic
62,31603,0.5,48,0,20,20,7.57038e-62,200,7.72524e-07,7.72523e-07,0,0,0,iter,0,1,optk,10,dynamic
62,31603,0.5,48,1,0,0,0,0,0,0,0,0,0,iter,0,1,optk,10,dynamic
62,31603,0.5,50,0,38,38,4.64145e-59,380,1.46779e-06,1.46779e-06,0,0,0,iter,0,1,optk,10,dynamic
62,31603,0.5,50,1,0,0,0,0,0,0,0,0,0,iter,0,1,optk,10,dynamic
62,31603,0.5,52,0,80,80,7.93811e-56,800,3.09009e-06,3.09009e-06,0,0,0,iter,0,1,optk,10,dynamic
62,31603,0.5,52,1,0,0,0,0,0,0,0,0,0,iter,0,1,optk,10,dynamic
62,31603,0.5,54,0,178,178,1.88066e-52,1740,6.72096e-06,6.87544e-06,0,0,0,iter,0,1,optk,10,dynamic
62,31603,0.5,54,1,0,0,0,0,0,0,0,0,0,iter,0,1,optk,10,dynamic
62,31603,0.5,56,0,388,388,4.64145e-49,3800,1.46779e-05,1.49868e-05,0,0,0,iter,0,1,optk,10,dynamic
62,31603,0.5,56,1,16,16,7.21967e-68,50,1.93131e-07,6.18019e-07,1,5,6,iter,0,1,optk,10,dynamic
63,44,0.001,31,0,0,0,0,0,0,0,0,0,0,iter,0,1,optk,1,dynamic
63,44,0.001,33,0,0,0,0,0,0,0,0,0,0,iter,0,1,optk,1,dynamic
63,44,0.001,35,0,0,0,0,0,0,0,0,0,0,iter,0,1,optk,1,dynamic
63,44,0.001,37,0,3,3,8.32298e-06,3,8.32298e-06,8.32294e-06,0,0,0,iter,0,1,optk,1,dynamic
63,44,0.001,37,1,0,0,0,0,0,0,0,0,0,iter,0,1,optk,1,dynamic
63,44,0.001,39,0,448,448,0.00098766,356,0.00098766,0.00124213,0,0,0,iter,0,1,optk,1,dynamic
63,44,0.001,39,1,0,0,0,0,0,0,0,0,0,iter,0,1,optk,1,dynamic
63,44,0.001,41,0,3469,3469,0.00703846,2537,0.00703846,0.00957797,0,0,0,iter,0,1,optk,1,dynamic
63,44,0.001,41,1,0,0,0,0,0,0,0,0,0,iter,0,1,optk,1,dynamic
63,44,0.001,43,0,17159,17159,0.0320268,11544,0.0320268,0.0464893,0,0,0,iter,0,1,optk,1,dynamic
63,44,0.001,43,1,63,63,9.43271e-05,34,9.43271e-05,0.000174767,0,34,34,iter,0,1,optk,1,dynamic
63,44,0.001,45,0,63926,63926,0.103,37126,0.103,0.162515,0,0,0,iter,0,1,optk,1,dynamic
63,44,0.001,45,1,1595,1595,0.00196422,708,0.00196422,0.00441527,0,722,722,iter,0,1,optk,1,dynamic
63,44,0.001,47,0,238250,238250,0.307306,110768,0.307306,0.483656,0,0,0,iter,0,1,optk,1,dynamic
63,44,0.001,47,1,39736,39736,0.0380388,13711,0.0380388,0.104381,0,0,0,iter,0,1,optk,1,dynamic
63,44,0.001,47,2,9091,9091,0.0138328,4986,0.0138328,0.024906,0,0,0,iter,0,1,optk,1,dynamic
63,44,0.001,47,3,1803,1803,0.00174505,629,0.00174505,0.00498962,0,712,712,iter,0,1,optk,1,dynamic
63,44,0.001,49,0,71266,71266,0.0934393,33680,0.0934393,0.179396,40753,0,40753,type,0,4,optk,1,dynamic
63,44,0.001,49,0,753203,753203,0.644881,232446,0.644881,0.876267,0,0,0,iter,0,1,optk,1,dynamic
63,44,0.001,49,1,654995,654995,0.381295,137437,0.381295,0.837515,0,0,0,iter,0,1,optk,1,dynamic
63,44,0.001,49,1,72393,72393,0.0935724,33728,0.0935724,0.181958,40719,0,40719,type,1,4,optk,1,dynamic
63,44,0.001,49,2,71097,71097,0.0937583,33795,0.0937583,0.179012,40942,0,40942,type,2,4,optk,1,dynamic
63,44,0.001,49,3,71636,71636,0.0937445,33790,0.0937445,0.180238,40923,0,40923,type,3,4,optk,1,dynamic
63,44,0.001,51,0,2340860,2340860,0.943656,340139,0.943656,0.998488,0,0,0,iter,0,1,optk,1,dynamic
63,44,0.001,51,0,279434,279434,0.290278,104630,0.290278,0.539407,124834,1,124835,type,0,8,optk,1,dynamic
63,44,0.001,51,1,5948189,5948189,0.95942,345821,0.95942,1,0,0,0,iter,0,1,optk,1,dynamic
63,441,0.01,31,0,0,0,0,0,0,0,0,0,0,iter,0,1,optk,1,dynamic
63,441,0.01,33,0,0,0,0,0,0,0,0,0,0,iter,0,1,optk,1,dynamic
63,441,0.01,35,0,0,0,0,0,0,0,0,0,0,iter,0,1,optk,1,dynamic
63,441,0.01,37,0,3,3,8.3041e-07,3,8.3041e-07,8.3041e-07,0,0,0,iter,0,1,optk,1,dynamic
63,441,0.01,37,1,0,0,0,0,0,0,0,0,0,iter,0,1,optk,1,dynamic
63,441,0.01,39,0,448,448,9.8542e-05,356,9.8542e-05,0.000124,0,0,0,iter,0,1,optk,1,dynamic
63,441,0.01,39,1,0,0,0,0,0,0,0,0,0,iter,0,1,optk,1,dynamic
63,441,0.01,41,0,3469,3469,0.000704465,2545,0.000704465,0.00095977,0,0,0,iter,0,1,optk,1,dynamic
63,441,0.01,41,1,0,0,0,0,0,0,0,0,0,iter,0,1,optk,1,dynamic
63,441,0.01,43,0,17159,17159,0.0032386,11700,0.0032386,0.00473841,0,0,0,iter,0,1,optk,1,dynamic
63,441,0.01,43,1,4,4,2.76803e-07,1,2.76803e-07,1.10721e-06,0,1,1,iter,0,1,optk,1,dynamic
63,441,0.01,45,0,63926,63926,0.0107942,38996,0.0107942,0.0175393,0,0,0,iter,0,1,optk,1,dynamic
63,441,0.01,45,1,267,267,2.62963e-05,95,2.62963e-05,7.39038e-05,0,95,95,iter,0,1,optk,1,dynamic
63,441,0.01,47,0,238250,238250,0.0359363,129826,0.0359363,0.0638208,0,0,0,iter,0,1,optk,1,dynamic
63,441,0.01,47,1,4491,4491,0.000451466,1631,0.000451466,0.00124235,0,1652,1652,iter,0,1,optk,1,dynamic
63,441,0.01,49,0,753203,753203,0.0980645,354275,0.0980645,0.18819,0,0,0,iter,0,1,optk,1,dynamic
63,441,0.01,49,1,99967,99967,0.00725889,26224,0.00725889,0.0272919,0,0,0,iter,0,1,optk,1,dynamic
63,441,0.01,49,2,5428,5428,0.000746262,2696,0.000746262,0.00150136,2961,0,2961,iter,0,1,optk,1,dynamic
63,441,0.01,51,0,2340860,2340860,0.249203,900290,0.249203,0.476887,0,0,0,iter,0,1,optk,1,dynamic
63,441,0.01,51,1,1569453,1569453,0.0807148,291596,0.0807148,0.352366,0,0,0,iter,0,1,optk,1,dynamic
63,441,0.01,51,2,189751,189751,0.0228498,82549,0.0228498,0.0511682,0,0,0,iter,0,1,optk,1,dynamic
63,441,0.01,51,3,144381,144381,0.00765721,27663,0.00765721,0.0391771,0,0,0,iter,0,1,optk,1,dynamic
63,441,0.01,51,4,17869,17869,0.00218038,7877,0.00218038,0.00493399,10068,1,10069,iter,0,1,optk,1,dynamic
63,4413,0.1,31,0,0,0,0,0,0,0,0,0,0,iter,0,1,optk,5,dynamic
63,4413,0.1,33,0,0,0,0,0,0,0,0,0,0,iter,0,1,optk,5,dynamic
63,4413,0.1,35,0,0,0,0,0,0,0,0,0,0,iter,0,1,optk,5,dynamic
63,4413,0.1,37,0,3,3,1.22981e-32,15,4.14923e-07,4.14923e-07,0,0,0,iter,0,1,optk,5,dynamic
63,4413,0.1,37,1,0,0,0,0,0,0,0,0,0,iter,0,1,optk,5,dynamic
63,4413,0.1,39,0,448,448,2.89388e-22,1780,4.92375e-05,6.19599e-05,0,0,0,iter,0,1,optk,5,dynamic
63,4413,0.1,39,1,0,0,0,0,0,0,0,0,0,iter,0,1,optk,5,dynamic
63,4413,0.1,41,0,3469,3469,5.41618e-18,12731,0.000352159,0.000479674,0,0,0,iter,0,1,optk,5,dynamic
63,4413,0.1,41,1,0,0,0,0,0,0,0,0,0,iter,0,1,optk,5,dynamic
63,4413,0.1,43,0,17159,17159,1.11757e-14,58584,0.00162052,0.00237041,0,0,0,iter,0,1,optk,5,dynamic
63,4413,0.1,43,1,0,0,0,0,0,0,0,0,0,iter,0,1,optk,5,dynamic
63,4413,0.1,45,0,63926,63926,4.64055e-12,195631,0.00541145,0.00880248,0,0,0,iter,0,1,optk,5,dynamic
63,4413,0.1,45,1,0,0,0,0,0,0,0,0,0,iter,0,1,optk,5,dynamic
63,4413,0.1,47,0,238250,238250,1.95582e-09,655224,0.0181245,0.0324148,0,0,0,iter,0,1,optk,5,dynamic
63,4413,0.1,47,1,0,0,0,0,0,0,0,0,0,iter,0,1,optk,5,dynamic
63,4413,0.1,49,0,753203,753203,3.20805e-07,1817072,0.050263,0.0989313,0,0,0,iter,0,1,optk,5,dynamic
63,4413,0.1,49,1,0,0,0,0,0,0,0,0,0,iter,0,1,optk,5,dynamic
63,4413,0.1,51,0,2340860,2340860,4.22328e-05,4822295,0.133392,0.276575,0,0,0,iter,0,1,optk,5,dynamic
63,4413,0.1,51,1,292,292,3.04512e-26,285,7.88353e-06,4.0385e-05,1,57,58,iter,0,1,optk,5,dynamic
63,22067,0.5,31,0,0,0,0,0,0,0,0,0,0,iter,0,1,optk,26,dynamic
63,22067,0.5,33,0,0,0,0,0,0,0,0,0,0,iter,0,1,optk,26,dynamic
63,22067,0.5,35,0,0,0,0,0,0,0,0,0,0,iter,0,1,optk,26,dynamic
63,22067,0.5,37,0,3,3,3.22846e-166,78,4.31481e-07,4.31481e-07,0,0,0,iter,0,1,optk,26,dynamic
63,22067,0.5,37,1,0,0,0,0,0,0,0,0,0,iter,0,1,optk,26,dynamic
63,22067,0.5,39,0,448,448,2.75628e-112,9255,5.11968e-05,6.44324e-05,0,0,0,iter,0,1,optk,26,dynamic
63,22067,0.5,39,1,0,0,0,0,0,0,0,0,0,iter,0,1,optk,26,dynamic
63,22067,0.5,41,0,3469,3469,4.55564e-90,66210,0.000366261,0.000498811,0,0,0,iter,0,1,optk,26,dynamic
63,22067,0.5,41,1,0,0,0,0,0,0,0,0,0,iter,0,1,optk,26,dynamic
63,22067,0.5,43,0,17159,17159,7.77031e-73,304571,0.00168483,0.00246488,0,0,0,iter,0,1,optk,26,dynamic
63,22067,0.5,43,1,0,0,0,0,0,0,0,0,0,iter,0,1,optk,26,dynamic
63,22067,0.5,45,0,63926,63926,3.20186e-59,1017047,0.0056261,0.00915214,0,0,0,iter,0,1,optk,26,dynamic
63,22067,0.5,45,1,0,0,0,0,0,0,0,0,0,iter,0,1,optk,26,dynamic
63,22067,0.5,47,0,238250,238250,1.41703e-45,3405542,0.0188388,0.0336863,0,0,0,iter,0,1,optk,26,dynamic
63,22067,0.5,47,1,0,0,0,0,0,0,0,0,0,iter,0,1,optk,26,dynamic
63,22067,0.5,49,0,753203,753203,4.59322e-34,9438587,0.0522124,0.102669,0,0,0,iter,0,1,optk,26,dynamic
63,22067,0.5,49,1,0,0,0,0,0,0,0,0,0,iter,0,1,optk,26,dynamic
63,22067,0.5,51,0,2340860,2340860,4.59752e-23,25003427,0.138314,0.285862,0,0,0,iter,0,1,optk,26,dynamic
63,22067,0.5,51,1,3,3,3.22846e-166,78,4.31481e-07,4.31481e-07,1,3,4,iter,0,1,optk,26,dynamic
64,5,0.001,31,0,0,0,0,0,0,0,0,0,0,iter,0,1,optk,1,dynamic
64,5,0.001,33,0,0,0,0,0,0,0,0,0,0,iter,0,1,optk,1,dynamic
64,5,0.001,35,0,6,6,0.000146484,6,0.000146484,0.000146474,0,0,0,iter,0,1,optk,1,dynamic
64,5,0.001,35,1,0,0,0,0,0,0,0,0,0,iter,0,1,optk,1,dynamic
64,5,0.001,37,0,46,46,0.00109863,45,0.00109863,0.00112242,0,0,0,iter,0,1,optk,1,dynamic
64,5,0.001,37,1,0,0,0,0,0,0,0,0,0,iter,0,1,optk,1,dynamic
64,5,0.001,39,0,99,99,0.00239258,98,0.00239258,0.00241407,0,0,0,iter,0,1,optk,1,dynamic
64,5,0.001,39,1,0,0,0,0,0,0,0,0,0,iter,0,1,optk,1,dynamic
64,5,0.001,41,0,208,208,0.00498047,204,0.00498047,0.00506525,0,0,0,iter,0,1,optk,1,dynamic
64,5,0.001,41,1,0,0,0,0,0,0,0,0,0,iter,0,1,optk,1,dynamic
64,5,0.001,43,0,463,463,0.010791,442,0.010791,0.0112401,0,0,0,iter,0,1,optk,1,dynamic
64,5,0.001,43,1,0,0,0,0,0,0,0,0,0,iter,0,1,optk,1,dynamic
64,5,0.001,45,0,1026,1026,0.0236816,970,0.0236816,0.0247377,0,0,0,iter,0,1,optk,1,dynamic
64,5,0.001,45,1,16,16,0.000219727,9,0.000219727,0.000390549,0,10,10,iter,0,1,optk,1,dynamic
64,5,0.001,47,0,2200,2200,0.048877,2002,0.048877,0.052294,0,0,0,iter,0,1,optk,1,dynamic
64,5,0.001,47,1,1256,1256,0.0041748,171,0.0041748,0.0301987,0,0,0,iter,0,1,optk,1,dynamic
64,5,0.001,47,2,11,11,0.000219727,9,0.000219727,0.000268519,9,1,10,iter,0,1,optk,1,dynamic
64,45,0.01,31,0,0,0,0,0,0,0,0,0,0,iter,0,1,optk,1,dynamic
64,45,0.01,33,0,0,0,0,0,0,0,0,0,0,iter,0,1,optk,1,dynamic
64,45,0.01,35,0,6,6,1.6276e-05,6,1.6276e-05,1.62759e-05,0,0,0,iter,0,1,optk,1,dynamic
64,45,0.01,35,1,0,0,0,0,0,0,0,0,0,iter,0,1,optk,1,dynamic
64,45,0.01,37,0,46,46,0.000124783,46,0.000124783,0.000124775,0,0,0,iter,0,1,optk,1,dynamic
64,45,0.01,37,1,0,0,0,0,0,0,0,0,0,iter,0,1,optk,1,dynamic
64,45,0.01,39,0,99,99,0.000265842,98,0.000265842,0.000268519,0,0,0,iter,0,1,optk,1,dynamic
64,45,0.01,39,1,0,0,0,0,0,0,0,0,0,iter,0,1,optk,1,dynamic
64,45,0.01,41,0,208,208,0.000553385,204,0.000553385,0.000564077,0,0,0,iter,0,1,optk,1,dynamic
64,45,0.01,41,1,0,0,0,0,0,0,0,0,0,iter,0,1,optk,1,dynamic
64,45,0.01,43,0,463,463,0.00120714,445,0.00120714,0.00125518,0,0,0,iter,0,1,optk,1,dynamic
64,45,0.01,43,1,0,0,0,0,0,0,0,0,0,iter,0,1,optk,1,dynamic
64,45,0.01,45,0,1026,1026,0.00263672,972,0.00263672,0.00277933,0,0,0,iter,0,1,optk,1,dynamic
64,45,0.01,45,1,0,0,0,0,0,0,0,0,0,iter,0,1,optk,1,dynamic
64,45,0.01,47,0,2200,2200,0.00555013,2046,0.00555013,0.00595011,0,0,0,iter,0,1,optk,1,dynamic
64,45,0.01,47,1,73,73,5.69661e-05,21,5.69661e-05,0.000198006,1,21,22,iter,0,1,optk,1,dynamic
64,450,0.1,31,0,0,0,0,0,0,0,0,0,0,iter,0,1,optk,2,dynamic
64,450,0.1,33,0,0,0,0,0,0,0,0,0,0,iter,0,1,optk,2,dynamic
64,450,0.1,35,0,6,6,1.05964e-11,12,3.25521e-06,3.2552e-06,0,0,0,iter,0,1,optk,2,dynamic
64,450,0.1,35,1,0,0,0,0,0,0,0,0,0,iter,0,1,optk,2,dynamic
64,450,0.1,37,0,46,46,6.22832e-10,92,2.49566e-05,2.49563e-05,0,0,0,iter,0,1,optk,2,dynamic
64,450,0.1,37,1,0,0,0,0,0,0,0,0,0,iter,0,1,optk,2,dynamic
64,450,0.1,39,0,99,99,2.82688e-09,196,5.31684e-05,5.37095e-05,0,0,0,iter,0,1,optk,2,dynamic
64,450,0.1,39,1,0,0,0,0,0,0,0,0,0,iter,0,1,optk,2,dynamic
64,450,0.1,41,0,208,208,1.22494e-08,408,0.000110677,0.000112841,0,0,0,iter,0,1,optk,2,dynamic
64,450,0.1,41,1,0,0,0,0,0,0,0,0,0,iter,0,1,optk,2,dynamic
64,450,0.1,43,0,463,463,5.82875e-08,890,0.000241428,0.000251162,0,0,0,iter,0,1,optk,2,dynamic
64,450,0.1,43,1,0,0,0,0,0,0,0,0,0,iter,0,1,optk,2,dynamic
64,450,0.1,45,0,1026,1026,2.79237e-07,1948,0.000528429,0.000556486,0,0,0,iter,0,1,optk,2,dynamic
64,450,0.1,45,1,0,0,0,0,0,0,0,0,0,iter,0,1,optk,2,dynamic
64,450,0.1,47,0,2200,2200,1.23457e-06,4096,0.00111111,0.00119286,0,0,0,iter,0,1,optk,2,dynamic
64,450,0.1,47,1,5,5,4.7095e-12,8,2.17014e-06,2.71267e-06,1,4,5,iter,0,1,optk,2,dynamic
64,2251,0.5,31,0,0,0,0,0,0,0,0,0,0,iter,0,1,optk,12,dynamic
64,2251,0.5,33,0,0,0,0,0,0,0,0,0,0,iter,0,1,optk,12,dynamic
64,2251,0.5,35,0,6,6,1.25547e-65,72,3.90451e-06,3.90451e-06,0,0,0,iter,0,1,optk,12,dynamic
64,2251,0.5,35,1,0,0,0,0,0,0,0,0,0,iter,0,1,optk,12,dynamic
64,2251,0.5,37,0,46,46,5.17707e-55,552,2.99346e-05,2.99342e-05,0,0,0,iter,0,1,optk,12,dynamic
64,2251,0.5,37,1,0,0,0,0,0,0,0,0,0,iter,0,1,optk,12,dynamic
64,2251,0.5,39,0,99,99,4.47991e-51,1175,6.37195e-05,6.44224e-05,0,0,0,iter,0,1,optk,12,dynamic
64,2251,0.5,39,1,0,0,0,0,0,0,0,0,0,iter,0,1,optk,12,dynamic
64,2251,0.5,41,0,208,208,2.99607e-47,2448,0.000132753,0.000135347,0,0,0,iter,0,1,optk,12,dynamic
64,2251,0.5,41,1,0,0,0,0,0,0,0,0,0,iter,0,1,optk,12,dynamic
64,2251,0.5,43,0,463,463,3.47784e-43,5340,0.000289585,0.000301253,0,0,0,iter,0,1,optk,12,dynamic
64,2251,0.5,43,1,0,0,0,0,0,0,0,0,0,iter,0,1,optk,12,dynamic
64,2251,0.5,45,0,1026,1026,4.1871e-39,11684,0.000633616,0.000667449,0,0,0,iter,0,1,optk,12,dynamic
64,2251,0.5,45,1,0,0,0,0,0,0,0,0,0,iter,0,1,optk,12,dynamic
64,2251,0.5,47,0,2200,2200,3.14782e-35,24581,0.00133301,0.00143063,0,0,0,iter,0,1,optk,12,dynamic
64,2251,0.5,47,1,5,5,9.67631e-68,48,2.60301e-06,3.25376e-06,1,4,5,iter,0,1,optk,12,dynamic
65,215,0.001,41,0,0,0,0,0,0,0,0,0,0,iter,0,1,optk,1,dynamic
65,215,0.001,43,0,0,0,0,0,0,0,0,0,0,iter,0,1,optk,1,dynamic
65,215,0.001,45,0,0,0,0,0,0,0,0,0,0,iter,0,1,optk,1,dynamic
65,215,0.001,47,0,0,0,0,0,0,0,0,0,0,iter,0,1,optk,1,dynamic
65,215,0.001,49,0,222,222,8.06232e-05,142,8.06232e-05,0.000126037,0,0,0,iter,0,1,optk,1,dynamic
65,215,0.001,49,1,0,0,0,0,0,0,0,0,0,iter,0,1,optk,1,dynamic
65,215,0.001,51,0,80,80,4.54215e-05,80,4.54215e-05,4.54205e-05,0,0,0,iter,0,1,optk,1,dynamic
65,215,0.001,51,1,0,0,0,0,0,0,0,0,0,iter,0,1,optk,1,dynamic
65,215,0.001,53,0,178,178,9.87918e-05,174,9.87918e-05,0.000101058,0,0,0,iter,0,1,optk,1,dynamic
65,215,0.001,53,1,0,0,0,0,0,0,0,0,0,iter,0,1,optk,1,dynamic
65,215,0.001,55,0,388,388,0.000215752,380,0.000215752,0.00022027,0,0,0,iter,0,1,optk,1,dynamic
65,215,0.001,55,1,0,0,0,0,0,0,0,0,0,iter,0,1,optk,1,dynamic
65,215,0.001,57,0,822,822,0.000448537,790,0.000448537,0.000466597,0,0,0,iter,0,1,optk,1,dynamic
65,215,0.001,57,1,0,0,0,0,0,0,0,0,0,iter,0,1,optk,1,dynamic
65,215,0.001,59,0,1728,1728,0.00093909,1654,0.00093909,0.000980624,0,0,0,iter,0,1,optk,1,dynamic
65,215,0.001,59,1,0,0,0,0,0,0,0,0,0,iter,0,1,optk,1,dynamic
65,215,0.001,61,0,3666,3666,0.00189805,3343,0.00189805,0.00207928,0,0,0,iter,0,1,optk,1,dynamic
65,215,0.001,61,1,559,559,1.93041e-05,34,1.93041e-05,0.000317332,1,35,36,iter,0,1,optk,1,dynamic
65,2154,0.01,41,0,0,0,0,0,0,0,0,0,0,iter,0,1,optk,1,dynamic
65,2154,0.01,43,0,0,0,0,0,0,0,0,0,0,iter,0,1,optk,1,dynamic
65,2154,0.01,45,0,0,0,0,0,0,0,0,0,0,iter,0,1,optk,1,dynamic
65,2154,0.01,47,0,0,0,0,0,0,0,0,0,0,iter,0,1,optk,1,dynamic
65,2154,0.01,49,0,222,222,8.04735e-06,142,8.04735e-06,1.2581e-05,0,0,0,iter,0,1,optk,1,dynamic
65,2154,0.01,49,1,0,0,0,0,0,0,0,0,0,iter,0,1,optk,1,dynamic
65,2154,0.01,51,0,80,80,4.53372e-06,80,4.53372e-06,4.53371e-06,0,0,0,iter,0,1,optk,1,dynamic
65,2154,0.01,51,1,0,0,0,0,0,0,0,0,0,iter,0,1,optk,1,dynamic
65,2154,0.01,53,0,178,178,9.86083e-06,174,9.86083e-06,1.00875e-05,0,0,0,iter,0,1,optk,1,dynamic
65,2154,0.01,53,1,0,0,0,0,0,0,0,0,0,iter,0,1,optk,1,dynamic
65,2154,0.01,55,0,388,388,2.15352e-05,380,2.15352e-05,2.19883e-05,0,0,0,iter,0,1,optk,1,dynamic
65,2154,0.01,55,1,0,0,0,0,0,0,0,0,0,iter,0,1,optk,1,dynamic
65,2154,0.01,57,0,822,822,4.47704e-05,790,4.47704e-05,4.65829e-05,0,0,0,iter,0,1,optk,1,dynamic
65,2154,0.01,57,1,0,0,0,0,0,0,0,0,0,iter,0,1,optk,1,dynamic
65,2154,0.01,59,0,1728,1728,9.37346e-05,1654,9.37346e-05,9.79235e-05,0,0,0,iter,0,1,optk,1,dynamic
65,2154,0.01,59,1,0,0,0,0,0,0,0,0,0,iter,0,1,optk,1,dynamic
65,2154,0.01,61,0,3666,3666,0.000189849,3350,0.000189849,0.000207736,0,0,0,iter,0,1,optk,1,dynamic
65,2154,0.01,61,1,51,51,8.50072e-07,15,8.50072e-07,2.89024e-06,1,15,16,iter,0,1,optk,1,dynamic
65,21537,0.1,41,0,0,0,0,0,0,0,0,0,0,iter,0,1,optk,2,dynamic
65,21537,0.1,43,0,0,0,0,0,0,0,0,0,0,iter,0,1,optk,2,dynamic
65,21537,0.1,45,0,0,0,0,0,0,0,0,0,0,iter,0,1,optk,2,dynamic
65,21537,0.1,47,0,0,0,0,0,0,0,0,0,0,iter,0,1,optk,2,dynamic
65,21537,0.1,49,0,222,222,2.59111e-12,284,1.60969e-06,2.51656e-06,0,0,0,iter,0,1,optk,2,dynamic
65,21537,0.1,49,1,0,0,0,0,0,0,0,0,0,iter,0,1,optk,2,dynamic
65,21537,0.1,51,0,80,80,8.22412e-13,160,9.0687e-07,9.06869e-07,0,0,0,iter,0,1,optk,2,dynamic
65,21537,0.1,51,1,0,0,0,0,0,0,0,0,0,iter,0,1,optk,2,dynamic
65,21537,0.1,53,0,178,178,3.89052e-12,348,1.97244e-06,2.01778e-06,0,0,0,iter,0,1,optk,2,dynamic
65,21537,0.1,53,1,0,0,0,0,0,0,0,0,0,iter,0,1,optk,2,dynamic
65,21537,0.1,55,0,388,388,1.85557e-11,760,4.30763e-06,4.39831e-06,0,0,0,iter,0,1,optk,2,dynamic
65,21537,0.1,55,1,0,0,0,0,0,0,0,0,0,iter,0,1,optk,2,dynamic
65,21537,0.1,57,0,822,822,8.01981e-11,1580,8.95534e-06,9.31804e-06,0,0,0,iter,0,1,optk,2,dynamic
65,21537,0.1,57,1,0,0,0,0,0,0,0,0,0,iter,0,1,optk,2,dynamic
65,21537,0.1,59,0,1728,1728,3.51545e-10,3308,1.87495e-05,1.95882e-05,0,0,0,iter,0,1,optk,2,dynamic
65,21537,0.1,59,1,0,0,0,0,0,0,0,0,0,iter,0,1,optk,2,dynamic
65,21537,0.1,61,0,3666,3666,1.44211e-09,6700,3.79752e-05,4.15564e-05,0,0,0,iter,0,1,optk,2,dynamic
65,21537,0.1,61,1,41,41,2.17168e-14,26,1.47366e-07,4.64771e-07,1,13,14,iter,0,1,optk,2,dynamic
65,107686,0.5,41,0,0,0,0,0,0,0,0,0,0,iter,0,1,optk,10,dynamic
65,107686,0.5,43,0,0,0,0,0,0,0,0,0,0,iter,0,1,optk,10,dynamic
65,107686,0.5,45,0,0,0,0,0,0,0,0,0,0,iter,0,1,optk,10,dynamic
65,107686,0.5,47,0,0,0,0,0,0,0,0,0,0,iter,0,1,optk,10,dynamic
65,107686,0.5,49,0,222,222,1.16786e-58,1420,1.60968e-06,2.51654e-06,0,0,0,iter,0,1,optk,10,dynamic
65,107686,0.5,49,1,0,0,0,0,0,0,0,0,0,iter,0,1,optk,10,dynamic
65,107686,0.5,51,0,80,80,3.76191e-61,800,9.06861e-07,9.06861e-07,0,0,0,iter,0,1,optk,10,dynamic
65,107686,0.5,51,1,0,0,0,0,0,0,0,0,0,iter,0,1,optk,10,dynamic
65,107686,0.5,53,0,178,178,8.91252e-58,1740,1.97242e-06,2.01776e-06,0,0,0,iter,0,1,optk,10,dynamic
65,107686,0.5,53,1,0,0,0,0,0,0,0,0,0,iter,0,1,optk,10,dynamic
65,107686,0.5,55,0,388,388,2.1996e-54,3800,4.30759e-06,4.39827e-06,0,0,0,iter,0,1,optk,10,dynamic
65,107686,0.5,55,1,0,0,0,0,0,0,0,0,0,iter,0,1,optk,10,dynamic
65,107686,0.5,57,0,822,822,3.31726e-51,7900,8.95525e-06,9.31795e-06,0,0,0,iter,0,1,optk,10,dynamic
65,107686,0.5,57,1,0,0,0,0,0,0,0,0,0,iter,0,1,optk,10,dynamic
65,107686,0.5,59,0,1728,1728,5.36863e-48,16540,1.87494e-05,1.9588e-05,0,0,0,iter,0,1,optk,10,dynamic
65,107686,0.5,59,1,0,0,0,0,0,0,0,0,0,iter,0,1,optk,10,dynamic
65,107686,0.5,61,0,3666,3666,6.233e-45,33498,3.79725e-05,4.1556e-05,0,0,0,iter,0,1,optk,10,dynamic
65,107686,0.5,61,1,41,41,4.82994e-69,130,1.47365e-07,4.64766e-07,1,13,14,iter,0,1,optk,10,dynamic
66,56,0.001,28,0,0,0,0,0,0,0,0,0,0,iter,0,1,optk,1,dynamic
66,56,0.001,30,0,0,0,0,0,0,0,0,0,0,iter,0,1,optk,1,dynamic
66,56,0.001,32,0,0,0,0,0,0,0,0,0,0,iter,0,1,optk,1,dynamic
66,56,0.001,34,0,8,8,1.08991e-05,5,1.08991e-05,1.74385e-05,0,0,0,iter,0,1,optk,1,dynamic
66,56,0.001,34,1,0,0,0,0,0,0,0,0,0,iter,0,1,optk,1,dynamic
66,56,0.001,36,0,349,349,0.000734602,337,0.000734602,0.00076047,0,0,0,iter,0,1,optk,1,dynamic
66,56,0.001,36,1,0,0,0,0,0,0,0,0,0,iter,0,1,optk,1,dynamic
66,56,0.001,38,0,975,975,0.00204032,936,0.00204032,0.00212307,0,0,0,iter,0,1,optk,1,dynamic
66,56,0.001,38,1,0,0,0,0,0,0,0,0,0,iter,0,1,optk,1,dynamic
66,56,0.001,40,0,2529,2529,0.00502014,2303,0.00502014,0.00549762,0,0,0,iter,0,1,optk,1,dynamic
66,56,0.001,40,1,0,0,0,0,0,0,0,0,0,iter,0,1,optk,1,dynamic
66,56,0.001,42,0,6189,6189,0.0119847,5498,0.0119847,0.0134004,0,0,0,iter,0,1,optk,1,dynamic
66,56,0.001,42,1,4,4,4.35965e-06,2,4.35965e-06,8.71927e-06,0,2,2,iter,0,1,optk,1,dynamic
66,56,0.001,44,0,14456,14456,0.0262844,12058,0.0262844,0.0310203,0,0,0,iter,0,1,optk,1,dynamic
66,56,0.001,44,1,106,106,4.57764e-05,21,4.57764e-05,0.000231035,0,21,21,iter,0,1,optk,1,dynamic
66,56,0.001,46,0,32795,32795,0.0563856,25867,0.0563856,0.068992,0,0,0,iter,0,1,optk,1,dynamic
66,56,0.001,46,1,2918,2918,0.00100054,459,0.00100054,0.00634055,0,465,465,iter,0,1,optk,1,dynamic
66,56,0.001,48,0,72156,72156,0.11315,51908,0.11315,0.145542,0,0,0,iter,0,1,optk,1,dynamic
66,56,0.001,48,1,44567,44567,0.0106092,4867,0.0106092,0.0925786,0,0,0,iter,0,1,optk,1,dynamic
66,56,0.001,48,2,770,770,0.0012752,585,0.0012752,0.00167706,653,0,653,iter,0,1,optk,1,dynamic
66,56,0.001,50,0,157455,157455,0.217994,100005,0.217994,0.290521,0,0,0,iter,0,1,optk,1,dynamic
66,56,0.001,50,0,8390,8390,0.0129351,5934,0.0129351,0.0181225,6680,1,6681,type,0,2,optk,1,dynamic
66,56,0.001,50,1,751618,751618,0.10451,47944,0.10451,0.805709,0,0,0,iter,0,1,optk,1,dynamic
66,556,0.01,28,0,0,0,0,0,0,0,0,0,0,iter,0,1,optk,1,dynamic
66,556,0.01,30,0,0,0,0,0,0,0,0,0,0,iter,0,1,optk,1,dynamic
66,556,0.01,32,0,0,0,0,0,0,0,0,0,0,iter,0,1,optk,1,dynamic
66,556,0.01,34,0,8,8,1.09775e-06,5,1.09775e-06,1.75641e-06,0,0,0,iter,0,1,optk,1,dynamic
66,556,0.01,34,1,0,0,0,0,0,0,0,0,0,iter,0,1,optk,1,dynamic
66,556,0.01,36,0,349,349,7.42082e-05,338,7.42082e-05,7.66203e-05,0,0,0,iter,0,1,optk,1,dynamic
66,556,0.01,36,1,0,0,0,0,0,0,0,0,0,iter,0,1,optk,1,dynamic
66,556,0.01,38,0,975,975,0.0002055,936,0.0002055,0.000214039,0,0,0,iter,0,1,optk,1,dynamic
66,556,0.01,38,1,0,0,0,0,0,0,0,0,0,iter,0,1,optk,1,dynamic
66,556,0.01,40,0,2529,2529,0.000506065,2305,0.000506065,0.00055509,0,0,0,iter,0,1,optk,1,dynamic
66,556,0.01,40,1,0,0,0,0,0,0,0,0,0,iter,0,1,optk,1,dynamic
66,556,0.01,42,0,6189,6189,0.00121324,5526,0.00121324,0.00135788,0,0,0,iter,0,1,optk,1,dynamic
66,556,0.01,42,1,0,0,0,0,0,0,0,0,0,iter,0,1,optk,1,dynamic
66,556,0.01,44,0,14456,14456,0.00267698,12193,0.00267698,0.0031688,0,0,0,iter,0,1,optk,1,dynamic
66,556,0.01,44,1,6,6,4.39102e-07,2,4.39102e-07,1.3173e-06,0,2,2,iter,0,1,optk,1,dynamic
66,556,0.01,46,0,32795,32795,0.00583237,26565,0.00583237,0.00717431,0,0,0,iter,0,1,optk,1,dynamic
66,556,0.01,46,1,409,409,1.20753e-05,55,1.20753e-05,8.97923e-05,0,55,55,iter,0,1,optk,1,dynamic
66,556,0.01,48,0,72156,72156,0.0120274,54782,0.0120274,0.0157171,0,0,0,iter,0,1,optk,1,dynamic
66,556,0.01,48,1,3861,3861,0.000110654,504,0.000110654,0.000847327,0,507,507,iter,0,1,optk,1,dynamic
66,556,0.01,50,0,157455,157455,0.024454,111382,0.024454,0.0339787,0,0,0,iter,0,1,optk,1,dynamic
66,556,0.01,50,1,92589,92589,0.00125627,5722,0.00125627,0.0201228,1,6011,6012,iter,0,1,optk,1,dynamic
66,5555,0.1,28,0,0,0,0,0,0,0,0,0,0,iter,0,1,optk,3,dynamic
66,5555,0.1,30,0,0,0,0,0,0,0,0,0,0,iter,0,1,optk,3,dynamic
66,5555,0.1,32,0,0,0,0,0,0,0,0,0,0,iter,0,1,optk,3,dynamic
66,5555,0.1,34,0,8,8,3.58139e-20,15,3.29623e-07,5.27396e-07,0,0,0,iter,0,1,optk,3,dynamic
66,5555,0.1,34,1,0,0,0,0,0,0,0,0,0,iter,0,1,optk,3,dynamic
66,5555,0.1,36,0,349,349,1.10635e-14,1014,2.22825e-05,2.30074e-05,0,0,0,iter,0,1,optk,3,dynamic
66,5555,0.1,36,1,0,0,0,0,0,0,0,0,0,iter,0,1,optk,3,dynamic
66,5555,0.1,38,0,975,975,2.34947e-13,2808,6.17054e-05,6.42744e-05,0,0,0,iter,0,1,optk,3,dynamic
66,5555,0.1,38,1,0,0,0,0,0,0,0,0,0,iter,0,1,optk,3,dynamic
66,5555,0.1,40,0,2529,2529,3.51638e-12,6920,0.000152066,0.000166709,0,0,0,iter,0,1,optk,3,dynamic
66,5555,0.1,40,1,0,0,0,0,0,0,0,0,0,iter,0,1,optk,3,dynamic
66,5555,0.1,42,0,6189,6189,4.84176e-11,16586,0.000364475,0.000407924,0,0,0,iter,0,1,optk,3,dynamic
66,5555,0.1,42,1,0,0,0,0,0,0,0,0,0,iter,0,1,optk,3,dynamic
66,5555,0.1,44,0,14456,14456,5.21157e-10,36621,0.000804741,0.000952551,0,0,0,iter,0,1,optk,3,dynamic
66,5555,0.1,44,1,0,0,0,0,0,0,0,0,0,iter,0,1,optk,3,dynamic
66,5555,0.1,46,0,32795,32795,5.39793e-09,79827,0.00175419,0.00215966,0,0,0,iter,0,1,optk,3,dynamic
66,5555,0.1,46,1,0,0,0,0,0,0,0,0,0,iter,0,1,optk,3,dynamic
66,5555,0.1,48,0,72156,72156,4.76571e-08,164987,0.00362557,0.00474556,0,0,0,iter,0,1,optk,3,dynamic
66,5555,0.1,48,1,0,0,0,0,0,0,0,0,0,iter,0,1,optk,3,dynamic
66,5555,0.1,50,0,157455,157455,4.0636e-07,337063,0.00740691,0.0103265,0,0,0,iter,0,1,optk,3,dynamic
66,5555,0.1,50,1,8,8,3.58139e-20,15,3.29623e-07,5.27396e-07,1,5,6,iter,0,1,optk,3,dynamic
66,27776,0.5,28,0,0,0,0,0,0,0,0,0,0,iter,0,1,optk,17,dynamic
66,27776,0.5,30,0,0,0,0,0,0,0,0,0,0,iter,0,1,optk,17,dynamic
66,27776,0.5,32,0,0,0,0,0,0,0,0,0,0,iter,0,1,optk,17,dynamic
66,27776,0.5,34,0,8,8,5.37165e-110,85,3.73559e-07,5.97694e-07,0,0,0,iter,0,1,optk,17,dynamic
66,27776,0.5,34,1,0,0,0,0,0,0,0,0,0,iter,0,1,optk,17,dynamic
66,27776,0.5,36,0,349,349,6.9056e-79,5746,2.52526e-05,2.60741e-05,0,0,0,iter,0,1,optk,17,dynamic
66,27776,0.5,36,1,0,0,0,0,0,0,0,0,0,iter,0,1,optk,17,dynamic
66,27776,0.5,38,0,975,975,2.28233e-71,15910,6.99215e-05,7.28414e-05,0,0,0,iter,0,1,optk,17,dynamic
66,27776,0.5,38,1,0,0,0,0,0,0,0,0,0,iter,0,1,optk,17,dynamic
66,27776,0.5,40,0,2529,2529,1.04348e-64,39214,0.000172338,0.000188928,0,0,0,iter,0,1,optk,17,dynamic
66,27776,0.5,40,1,0,0,0,0,0,0,0,0,0,iter,0,1,optk,17,dynamic
66,27776,0.5,42,0,6189,6189,2.97007e-58,93995,0.00041309,0.000462285,0,0,0,iter,0,1,optk,17,dynamic
66,27776,0.5,42,1,0,0,0,0,0,0,0,0,0,iter,0,1,optk,17,dynamic
66,27776,0.5,44,0,14456,14456,2.09206e-52,207536,0.000912082,0.00107945,0,0,0,iter,0,1,optk,17,dynamic
66,27776,0.5,44,1,0,0,0,0,0,0,0,0,0,iter,0,1,optk,17,dynamic
66,27776,0.5,46,0,32795,32795,1.17879e-46,452251,0.00198756,0.00244717,0,0,0,iter,0,1,optk,17,dynamic
66,27776,0.5,46,1,0,0,0,0,0,0,0,0,0,iter,0,1,optk,17,dynamic
66,27776,0.5,48,0,72156,72156,2.69845e-41,934662,0.00410766,0.0053764,0,0,0,iter,0,1,optk,17,dynamic
66,27776,0.5,48,1,0,0,0,0,0,0,0,0,0,iter,0,1,optk,17,dynamic
66,27776,0.5,50,0,157455,157455,5.06212e-36,1909167,0.00839043,0.0116948,0,0,0,iter,0,1,optk,17,dynamic
66,27776,0.5,50,1,8,8,5.37165e-110,85,3.73559e-07,5.97694e-07,1,5,6,iter,0,1,optk,17,dynamic
67,21,0.001,31,0,0,0,0,0,0,0,0,0,0,iter,0,1,optk,1,dynamic
67,21,0.001,33,0,0,0,0,0,0,0,0,0,0,iter,0,1,optk,1,dynamic
67,21,0.001,35,0,0,0,0,0,0,0,0,0,0,iter,0,1,optk,1,dynamic
67,21,0.001,37,0,0,0,0,0,0,0,0,0,0,iter,0,1,optk,1,dynamic
67,21,0.001,39,0,22,22,0.00012207,21,0.00012207,0.000127875,0,0,0,iter,0,1,optk,1,dynamic
67,21,0.001,39,1,0,0,0,0,0,0,0,0,0,iter,0,1,optk,1,dynamic
67,21,0.001,41,0,1067,1067,0.00589425,1014,0.00589425,0.00618314,0,0,0,iter,0,1,optk,1,dynamic
67,21,0.001,41,1,0,0,0,0,0,0,0,0,0,iter,0,1,optk,1,dynamic
67,21,0.001,43,0,2671,2671,0.0139974,2408,0.0139974,0.0154063,0,0,0,iter,0,1,optk,1,dynamic
67,21,0.001,43,1,0,0,0,0,0,0,0,0,0,iter,0,1,optk,1,dynamic
67,21,0.001,45,0,6448,6448,0.0329067,5661,0.0329067,0.0367877,0,0,0,iter,0,1,optk,1,dynamic
67,21,0.001,45,1,5,5,5.81287e-06,1,5.81287e-06,2.90639e-05,0,1,1,iter,0,1,optk,1,dynamic
67,21,0.001,47,0,14909,14909,0.0706845,12160,0.0706845,0.0830149,0,0,0,iter,0,1,optk,1,dynamic
67,21,0.001,47,1,176,176,0.000186012,32,0.000186012,0.00102254,0,32,32,iter,0,1,optk,1,dynamic
67,21,0.001,49,0,33525,33525,0.146426,25190,0.146426,0.177064,0,0,0,iter,0,1,optk,1,dynamic
67,21,0.001,49,1,6275,6275,0.00472586,813,0.00472586,0.0358185,0,0,0,iter,0,1,optk,1,dynamic
67,21,0.001,49,2,168,168,0.000784738,135,0.000784738,0.000976086,155,0,155,iter,0,1,optk,1,dynamic
67,21,0.001,51,0,2598,2598,0.0113584,1954,0.0113584,0.0149884,2238,1,2239,type,0,2,optk,1,dynamic
67,21,0.001,51,0,73545,73545,0.278297,47876,0.278297,0.347868,0,0,0,iter,0,1,optk,1,dynamic
67,21,0.001,51,1,166180,166180,0.0691557,11897,0.0691557,0.619391,0,0,0,iter,0,1,optk,1,dynamic
67,214,0.01,31,0,0,0,0,0,0,0,0,0,0,iter,0,1,optk,1,dynamic
67,214,0.01,33,0,0,0,0,0,0,0,0,0,0,iter,0,1,optk,1,dynamic
67,214,0.01,35,0,0,0,0,0,0,0,0,0,0,iter,0,1,optk,1,dynamic
67,214,0.01,37,0,0,0,0,0,0,0,0,0,0,iter,0,1,optk,1,dynamic
67,214,0.01,39,0,22,22,1.19789e-05,21,1.19789e-05,1.25492e-05,0,0,0,iter,0,1,optk,1,dynamic
67,214,0.01,39,1,0,0,0,0,0,0,0,0,0,iter,0,1,optk,1,dynamic
67,214,0.01,41,0,1067,1067,0.00058069,1018,0.00058069,0.000608455,0,0,0,iter,0,1,optk,1,dynamic
67,214,0.01,41,1,0,0,0,0,0,0,0,0,0,iter,0,1,optk,1,dynamic
67,214,0.01,43,0,2671,2671,0.00138613,2430,0.00138613,0.00152244,0,0,0,iter,0,1,optk,1,dynamic
67,214,0.01,43,1,0,0,0,0,0,0,0,0,0,iter,0,1,optk,1,dynamic
67,214,0.01,45,0,6448,6448,0.00328107,5752,0.00328107,0.00367133,0,0,0,iter,0,1,optk,1,dynamic
67,214,0.01,45,1,0,0,0,0,0,0,0,0,0,iter,0,1,optk,1,dynamic
67,214,0.01,47,0,14909,14909,0.00717078,12571,0.00717078,0.00846836,0,0,0,iter,0,1,optk,1,dynamic
67,214,0.01,47,1,8,8,1.71127e-06,3,1.71127e-06,4.56337e-06,0,3,3,iter,0,1,optk,1,dynamic
67,214,0.01,49,0,33525,33525,0.0154236,27039,0.0154236,0.0189417,0,0,0,iter,0,1,optk,1,dynamic
67,214,0.01,49,1,714,714,4.62042e-05,81,4.62042e-05,0.000407198,0,82,82,iter,0,1,optk,1,dynamic
67,214,0.01,51,0,73545,73545,0.0315403,55293,0.0315403,0.0410839,0,0,0,iter,0,1,optk,1,dynamic
67,214,0.01,51,1,15882,15882,0.00079688,1397,0.00079688,0.00901853,1,1441,1442,iter,0,1,optk,1,dynamic
67,2142,0.1,31,0,0,0,0,0,0,0,0,0,0,iter,0,1,optk,2,dynamic
67,2142,0.1,33,0,0,0,0,0,0,0,0,0,0,iter,0,1,optk,2,dynamic
67,2142,0.1,35,0,0,0,0,0,0,0,0,0,0,iter,0,1,optk,2,dynamic
67,2142,0.1,37,0,0,0,0,0,0,0,0,0,0,iter,0,1,optk,2,dynamic
67,2142,0.1,39,0,22,22,5.72901e-12,42,2.39354e-06,2.50751e-06,0,0,0,iter,0,1,optk,2,dynamic
67,2142,0.1,39,1,0,0,0,0,0,0,0,0,0,iter,0,1,optk,2,dynamic
67,2142,0.1,41,0,1067,1067,1.34496e-08,2035,0.000115972,0.000121607,0,0,0,iter,0,1,optk,2,dynamic
67,2142,0.1,41,1,0,0,0,0,0,0,0,0,0,iter,0,1,optk,2,dynamic
67,2142,0.1,43,0,2671,2671,7.67735e-08,4862,0.00027708,0.000304389,0,0,0,iter,0,1,optk,2,dynamic
67,2142,0.1,43,1,0,0,0,0,0,0,0,0,0,iter,0,1,optk,2,dynamic
67,2142,0.1,45,0,6448,6448,4.3071e-07,11516,0.000656285,0.000734659,0,0,0,iter,0,1,optk,2,dynamic
67,2142,0.1,45,1,0,0,0,0,0,0,0,0,0,iter,0,1,optk,2,dynamic
67,2142,0.1,47,0,14909,14909,2.06441e-06,25212,0.00143681,0.00169785,0,0,0,iter,0,1,optk,2,dynamic
67,2142,0.1,47,1,0,0,0,0,0,0,0,0,0,iter,0,1,optk,2,dynamic
67,2142,0.1,49,0,33525,33525,9.62007e-06,54425,0.00310162,0.00381382,0,0,0,iter,0,1,optk,2,dynamic
67,2142,0.1,49,1,0,0,0,0,0,0,0,0,0,iter,0,1,optk,2,dynamic
67,2142,0.1,51,0,73545,73545,4.07666e-05,112037,0.00638487,0.00834747,0,0,0,iter,0,1,optk,2,dynamic
67,2142,0.1,51,1,14,14,1.05227e-12,18,1.0258e-06,1.59569e-06,1,9,10,iter,0,1,optk,2,dynamic
67,10709,0.5,31,0,0,0,0,0,0,0,0,0,0,iter,0,1,optk,9,dynamic
67,10709,0.5,33,0,0,0,0,0,0,0,0,0,0,iter,0,1,optk,9,dynamic
67,10709,0.5,35,0,0,0,0,0,0,0,0,0,0,iter,0,1,optk,9,dynamic
67,10709,0.5,37,0,0,0,0,0,0,0,0,0,0,iter,0,1,optk,9,dynamic
67,10709,0.5,39,0,22,22,9.99785e-52,189,2.15438e-06,2.25697e-06,0,0,0,iter,0,1,optk,9,dynamic
67,10709,0.5,39,1,0,0,0,0,0,0,0,0,0,iter,0,1,optk,9,dynamic
67,10709,0.5,41,0,1067,1067,1.47651e-36,9161,0.000104425,0.000109457,0,0,0,iter,0,1,optk,9,dynamic
67,10709,0.5,41,1,0,0,0,0,0,0,0,0,0,iter,0,1,optk,9,dynamic
67,10709,0.5,43,0,2671,2671,3.72634e-33,21875,0.00024935,0.000273979,0,0,0,iter,0,1,optk,9,dynamic
67,10709,0.5,43,1,0,0,0,0,0,0,0,0,0,iter,0,1,optk,9,dynamic
67,10709,0.5,45,0,6448,6448,8.74529e-30,51814,0.00059062,0.000661279,0,0,0,iter,0,1,optk,9,dynamic
67,10709,0.5,45,1,0,0,0,0,0,0,0,0,0,iter,0,1,optk,9,dynamic
67,10709,0.5,47,0,14909,14909,1.0126e-26,113463,0.00129335,0.00152834,0,0,0,iter,0,1,optk,9,dynamic
67,10709,0.5,47,1,0,0,0,0,0,0,0,0,0,iter,0,1,optk,9,dynamic
67,10709,0.5,49,0,33525,33525,1.03312e-23,244994,0.00279265,0.00343341,0,0,0,iter,0,1,optk,9,dynamic
67,10709,0.5,49,1,0,0,0,0,0,0,0,0,0,iter,0,1,optk,9,dynamic
67,10709,0.5,51,0,73545,73545,6.84445e-21,504221,0.00574754,0.00751657,0,0,0,iter,0,1,optk,9,dynamic
67,10709,0.5,51,1,14,14,4.87658e-55,81,9.23307e-07,1.43625e-06,1,9,10,iter,0,1,optk,9,dynamic
68,45,0.001,37,0,0,0,0,0,0,0,0,0,0,iter,0,1,optk,1,dynamic
68,45,0.001,39,0,0,0,0,0,0,0,0,0,0,iter,0,1,optk,1,dynamic
68,45,0.001,41,0,43,43,9.49436e-05,35,9.49436e-05,0.000116638,0,0,0,iter,0,1,optk,1,dynamic
68,45,0.001,41,1,0,0,0,0,0,0,0,0,0,iter,0,1,optk,1,dynamic
68,45,0.001,43,0,148,148,0.000176324,65,0.000176324,0.000401395,0,0,0,iter,0,1,optk,1,dynamic
68,45,0.001,43,1,2,2,2.71267e-06,1,2.71267e-06,5.42533e-06,0,1,1,iter,0,1,optk,1,dynamic
68,45,0.001,45,0,1754,1754,0.00215658,795,0.00215658,0.00474673,0,0,0,iter,0,1,optk,1,dynamic
68,45,0.001,45,1,14,14,3.25521e-05,12,3.25521e-05,3.79767e-05,0,13,13,iter,0,1,optk,1,dynamic
68,45,0.001,47,0,22050,22050,0.0235324,8675,0.0235324,0.0580607,0,0,0,iter,0,1,optk,1,dynamic
68,45,0.001,47,1,1307,1307,0.0019477,718,0.0019477,0.00353919,0,789,789,iter,0,1,optk,1,dynamic
68,45,0.001,49,0,201052,201052,0.171064,63061,0.171064,0.420383,0,0,0,iter,0,1,optk,1,dynamic
68,45,0.001,49,1,43442,43442,0.0538249,19842,0.0538249,0.111165,0,0,0,iter,0,1,optk,1,dynamic
68,45,0.001,49,2,10990,10990,0.0100098,3690,0.0100098,0.0293723,0,0,0,iter,0,1,optk,1,dynamic
68,45,0.001,49,3,2429,2429,0.00329047,1213,0.00329047,0.00656742,0,1613,1613,iter,0,1,optk,1,dynamic
68,45,0.001,51,0,138297,138297,0.101142,37285,0.101142,0.312817,42190,0,42190,type,0,6,optk,1,dynamic
68,45,0.001,51,0,1441582,1441582,0.671978,247718,0.671978,0.97997,0,0,0,iter,0,1,optk,1,dynamic
68,45,0.001,51,1,139813,139813,0.102016,37607,0.102016,0.315637,42632,0,42632,type,1,6,optk,1,dynamic
68,45,0.001,51,1,839474,839474,0.577376,212844,0.577376,0.897431,0,0,0,iter,0,1,optk,1,dynamic
68,45,0.001,51,2,137390,137390,0.102645,37839,0.102645,0.311124,43013,0,43013,type,2,6,optk,1,dynamic
68,45,0.001,51,3,138298,138298,0.101698,37490,0.101698,0.312819,42609,0,42609,type,3,6,optk,1,dynamic
68,45,0.001,51,4,139305,139305,0.101188,37302,0.101188,0.314693,42467,0,42467,type,4,6,optk,1,dynamic
68,45,0.001,51,5,141079,141079,0.102208,37678,0.102208,0.317983,42654,0,42654,type,5,6,optk,1,dynamic
68,45,0.001,53,0,7652943,7652943,0.993641,366296,0.993641,1,0,0,0,iter,0,1,optk,1,dynamic
68,45,0.001,53,0,954025,954025,0.465872,171739,0.465872,0.924827,232281,0,232281,type,0,8,optk,1,dynamic
68,45,0.001,53,1,6027784,6027784,0.991642,365559,0.991642,1,0,0,0,iter,0,1,optk,1,dynamic
68,45,0.001,53,1,950020,950020,0.466064,171810,0.466064,0.924005,232203,1,232204,type,1,8,optk,1,dynamic
68,451,0.01,37,0,0,0,0,0,0,0,0,0,0,iter,0,1,optk,1,dynamic
68,451,0.01,39,0,0,0,0,0,0,0,0,0,0,iter,0,1,optk,1,dynamic
68,451,0.01,41,0,43,43,9.47331e-06,35,9.47331e-06,1.16386e-05,0,0,0,iter,0,1,optk,1,dynamic
68,451,0.01,41,1,0,0,0,0,0,0,0,0,0,iter,0,1,optk,1,dynamic
68,451,0.01,43,0,148,148,1.75933e-05,65,1.75933e-05,4.00577e-05,0,0,0,iter,0,1,optk,1,dynamic
68,451,0.01,43,1,0,0,0,0,0,0,0,0,0,iter,0,1,optk,1,dynamic
68,451,0.01,45,0,1754,1754,0.000215179,795,0.000215179,0.000474635,0,0,0,iter,0,1,optk,1,dynamic
68,451,0.01,45,1,0,0,0,0,0,0,0,0,0,iter,0,1,optk,1,dynamic
68,451,0.01,47,0,22050,22050,0.00237374,8770,0.00237374,0.00595041,0,0,0,iter,0,1,optk,1,dynamic
68,451,0.01,47,1,169,169,2.08413e-05,77,2.08413e-05,4.57415e-05,0,78,78,iter,0,1,optk,1,dynamic
68,451,0.01,49,0,201052,201052,0.0185181,68417,0.0185181,0.0529638,0,0,0,iter,0,1,optk,1,dynamic
68,451,0.01,49,1,4717,4717,0.00060142,2222,0.00060142,0.00127592,0,2287,2287,iter,0,1,optk,1,dynamic
68,451,0.01,51,0,1441582,1441582,0.10547,389668,0.10547,0.32307,0,0,0,iter,0,1,optk,1,dynamic
68,451,0.01,51,1,132948,132948,0.0133815,49439,0.0133815,0.0353447,0,0,0,iter,0,1,optk,1,dynamic
68,451,0.01,51,2,18243,18243,0.00147161,5437,0.00147161,0.00492559,6069,0,6069,iter,0,1,optk,1,dynamic
68,451,0.01,53,0,444688,444688,0.028892,106744,0.028892,0.1134,123035,1,123036,type,0,3,optk,1,dynamic
68,451,0.01,53,0,7652943,7652943,0.396656,1465483,0.396656,0.87399,0,0,0,iter,0,1,optk,1,dynamic
68,451,0.01,53,1,2408891,2408891,0.173789,642080,0.173789,0.479,0,0,0,iter,0,1,optk,1,dynamic
68,4511,0.1,37,0,0,0,0,0,0,0,0,0,0,iter,0,1,optk,5,dynamic
68,4511,0.1,39,0,0,0,0,0,0,0,0,0,0,iter,0,1,optk,5,dynamic
68,4511,0.1,41,0,43,43,2.38164e-27,175,4.7356e-06,5.81801e-06,0,0,0,iter,0,1,optk,5,dynamic
68,4511,0.1,41,1,0,0,0,0,0,0,0,0,0,iter,0,1,optk,5,dynamic
68,4511,0.1,43,0,148,148,5.26142e-26,325,8.79469e-06,2.00246e-05,0,0,0,iter,0,1,optk,5,dynamic
68,4511,0.1,43,1,0,0,0,0,0,0,0,0,0,iter,0,1,optk,5,dynamic
68,4511,0.1,45,0,1754,1754,1.44003e-20,3975,0.000107566,0.000237293,0,0,0,iter,0,1,optk,5,dynamic
68,4511,0.1,45,1,0,0,0,0,0,0,0,0,0,iter,0,1,optk,5,dynamic
68,4511,0.1,47,0,22050,22050,2.36193e-15,43885,0.00118755,0.00297898,0,0,0,iter,0,1,optk,5,dynamic
68,4511,0.1,47,1,0,0,0,0,0,0,0,0,0,iter,0,1,optk,5,dynamic
68,4511,0.1,49,0,201052,201052,7.00395e-11,344137,0.00931255,0.0268363,0,0,0,iter,0,1,optk,5,dynamic
68,4511,0.1,49,1,0,0,0,0,0,0,0,0,0,iter,0,1,optk,5,dynamic
68,4511,0.1,51,0,1441582,1441582,4.67445e-07,2002668,0.0541934,0.177207,0,0,0,iter,0,1,optk,5,dynamic
68,4511,0.1,51,1,0,0,0,0,0,0,0,0,0,iter,0,1,optk,5,dynamic
68,4511,0.1,53,0,7652943,7652943,0.000555786,8253616,0.223348,0.644939,0,0,0,iter,0,1,optk,5,dynamic
68,4511,0.1,53,1,3430,3430,3.36349e-20,4710,0.000127455,0.000463981,1,942,943,iter,0,1,optk,5,dynamic
68,22554,0.5,37,0,0,0,0,0,0,0,0,0,0,iter,0,1,optk,27,dynamic
68,22554,0.5,39,0,0,0,0,0,0,0,0,0,0,iter,0,1,optk,27,dynamic
68,22554,0.5,41,0,43,43,1.37434e-143,945,5.11468e-06,6.28373e-06,0,0,0,iter,0,1,optk,27,dynamic
68,22554,0.5,41,1,0,0,0,0,0,0,0,0,0,iter,0,1,optk,27,dynamic
68,22554,0.5,43,0,148,148,2.45603e-136,1754,9.49328e-06,2.16275e-05,0,0,0,iter,0,1,optk,27,dynamic
68,22554,0.5,43,1,0,0,0,0,0,0,0,0,0,iter,0,1,optk,27,dynamic
68,22554,0.5,45,0,1754,1754,5.72299e-107,21464,0.000116171,0.000256286,0,0,0,iter,0,1,optk,27,dynamic
68,22554,0.5,45,1,0,0,0,0,0,0,0,0,0,iter,0,1,optk,27,dynamic
68,22554,0.5,47,0,22050,22050,8.30223e-79,236991,0.00128268,0.00321706,0,0,0,iter,0,1,optk,27,dynamic
68,22554,0.5,47,1,0,0,0,0,0,0,0,0,0,iter,0,1,optk,27,dynamic
68,22554,0.5,49,0,201052,201052,1.15203e-54,1857334,0.0100526,0.0289531,0,0,0,iter,0,1,optk,27,dynamic
68,22554,0.5,49,1,0,0,0,0,0,0,0,0,0,iter,0,1,optk,27,dynamic
68,22554,0.5,51,0,1441582,1441582,4.932e-34,10790008,0.0583994,0.189954,0,0,0,iter,0,1,optk,27,dynamic
68,22554,0.5,51,1,0,0,0,0,0,0,0,0,0,iter,0,1,optk,27,dynamic
68,22554,0.5,53,0,7652943,7652943,1.62942e-17,44140468,0.238904,0.673182,0,0,0,iter,0,1,optk,27,dynamic
68,22554,0.5,53,1,2,2,3.76761e-177,54,2.92267e-07,2.92267e-07,1,2,3,iter,0,1,optk,27,dynamic
69,52,0.001,30,0,0,0,0,0,0,0,0,0,0,iter,0,1,optk,1,dynamic
69,52,0.001,32,0,0,0,0,0,0,0,0,0,0,iter,0,1,optk,1,dynamic
69,52,0.001,34,0,0,0,0,0,0,0,0,0,0,iter,0,1,optk,1,dynamic
69,52,0.001,36,0,0,0,0,0,0,0,0,0,0,iter,0,1,optk,1,dynamic
69,52,0.001,38,0,17,17,3.28651e-05,14,3.28651e-05,3.99068e-05,0,0,0,iter,0,1,optk,1,dynamic
69,52,0.001,38,1,0,0,0,0,0,0,0,0,0,iter,0,1,optk,1,dynamic
69,52,0.001,40,0,675,675,0.00152588,650,0.00152588,0.00158331,0,0,0,iter,0,1,optk,1,dynamic
69,52,0.001,40,1,0,0,0,0,0,0,0,0,0,iter,0,1,optk,1,dynamic
69,52,0.001,42,0,1849,1849,0.00399311,1701,0.00399311,0.00433113,0,0,0,iter,0,1,optk,1,dynamic
69,52,0.001,42,1,0,0,0,0,0,0,0,0,0,iter,0,1,optk,1,dynamic
69,52,0.001,44,0,4799,4799,0.0100872,4297,0.0100872,0.0112025,0,0,0,iter,0,1,optk,1,dynamic
69,52,0.001,44,1,0,0,0,0,0,0,0,0,0,iter,0,1,optk,1,dynamic
69,52,0.001,46,0,12026,12026,0.0236136,10059,0.0236136,0.0278363,0,0,0,iter,0,1,optk,1,dynamic
69,52,0.001,46,1,132,132,7.04252e-05,30,7.04252e-05,0.000309823,0,30,30,iter,0,1,optk,1,dynamic
69,52,0.001,48,0,28568,28568,0.0528635,22519,0.0528635,0.0648642,0,0,0,iter,0,1,optk,1,dynamic
69,52,0.001,48,1,2421,2421,0.00084745,361,0.00084745,0.00566719,0,371,371,iter,0,1,optk,1,dynamic
69,52,0.001,50,0,65940,65940,0.111366,47440,0.111366,0.143409,0,0,0,iter,0,1,optk,1,dynamic
69,52,0.001,50,1,59296,59296,0.0136813,5828,0.0136813,0.129944,0,0,0,iter,0,1,optk,1,dynamic
69,52,0.001,50,2,963,963,0.00172072,733,0.00172072,0.00225809,812,0,812,iter,0,1,optk,1,dynamic
69,52,0.001,52,0,10243,10243,0.0171603,7310,0.0171603,0.0237587,8173,1,8174,type,0,2,optk,1,dynamic
69,52,0.001,52,0,148377,148377,0.220276,93834,0.220276,0.294124,0,0,0,iter,0,1,optk,1,dynamic
69,52,0.001,52,1,908220,908220,0.140329,59778,0.140329,0.881406,0,0,0,iter,0,1,optk,1,dynamic
69,517,0.01,30,0,0,0,0,0,0,0,0,0,0,iter,0,1,optk,1,dynamic
69,517,0.01,32,0,0,0,0,0,0,0,0,0,0,iter,0,1,optk,1,dynamic
69,517,0.01,34,0,0,0,0,0,0,0,0,0,0,iter,0,1,optk,1,dynamic
69,517,0.01,36,0,0,0,0,0,0,0,0,0,0,iter,0,1,optk,1,dynamic
69,517,0.01,38,0,17,17,3.30558e-06,14,3.30558e-06,4.01391e-06,0,0,0,iter,0,1,optk,1,dynamic
69,517,0.01,38,1,0,0,0,0,0,0,0,0,0,iter,0,1,optk,1,dynamic
69,517,0.01,40,0,675,675,0.000153473,650,0.000153473,0.000159363,0,0,0,iter,0,1,optk,1,dynamic
69,517,0.01,40,1,0,0,0,0,0,0,0,0,0,iter,0,1,optk,1,dynamic
69,517,0.01,42,0,1849,1849,0.000402336,1704,0.000402336,0.000436477,0,0,0,iter,0,1,optk,1,dynamic
69,517,0.01,42,1,0,0,0,0,0,0,0,0,0,iter,0,1,optk,1,dynamic
69,517,0.01,44,0,4799,4799,0.00101977,4319,0.00101977,0.00113246,0,0,0,iter,0,1,optk,1,dynamic
69,517,0.01,44,1,0,0,0,0,0,0,0,0,0,iter,0,1,optk,1,dynamic
69,517,0.01,46,0,12026,12026,0.00239725,10153,0.00239725,0.00283546,0,0,0,iter,0,1,optk,1,dynamic
69,517,0.01,46,1,20,20,7.08338e-07,3,7.08338e-07,4.72224e-06,0,3,3,iter,0,1,optk,1,dynamic
69,517,0.01,48,0,28568,28568,0.00545397,23099,0.00545397,0.00672257,0,0,0,iter,0,1,optk,1,dynamic
69,517,0.01,48,1,226,226,9.44451e-06,40,9.44451e-06,5.33601e-05,0,40,40,iter,0,1,optk,1,dynamic
69,517,0.01,50,0,65940,65940,0.0117995,49974,0.0117995,0.0154487,0,0,0,iter,0,1,optk,1,dynamic
69,517,0.01,50,1,6022,6022,0.000144973,614,0.000144973,0.00142086,0,624,624,iter,0,1,optk,1,dynamic
69,517,0.01,52,0,148377,148377,0.0247149,104674,0.0247149,0.0344271,0,0,0,iter,0,1,optk,1,dynamic
69,517,0.01,52,1,97476,97476,0.00171418,7260,0.00171418,0.0227525,0,0,0,iter,0,1,optk,1,dynamic
69,517,0.01,52,2,264,264,4.55698e-05,193,4.55698e-05,6.23318e-05,198,1,199,iter,0,1,optk,1,dynamic
69,5169,0.1,30,0,0,0,0,0,0,0,0,0,0,iter,0,1,optk,4,dynamic
69,5169,0.1,32,0,0,0,0,0,0,0,0,0,0,iter,0,1,optk,4,dynamic
69,5169,0.1,34,0,0,0,0,0,0,0,0,0,0,iter,0,1,optk,4,dynamic
69,5169,0.1,36,0,0,0,0,0,0,0,0,0,0,iter,0,1,optk,4,dynamic
69,5169,0.1,38,0,17,17,3.05891e-24,56,1.32249e-06,1.60588e-06,0,0,0,iter,0,1,optk,4,dynamic
69,5169,0.1,38,1,0,0,0,0,0,0,0,0,0,iter,0,1,optk,4,dynamic
69,5169,0.1,40,0,675,675,1.42137e-17,2600,6.14012e-05,6.37608e-05,0,0,0,iter,0,1,optk,4,dynamic
69,5169,0.1,40,1,0,0,0,0,0,0,0,0,0,iter,0,1,optk,4,dynamic
69,5169,0.1,42,0,1849,1849,6.71324e-16,6816,0.000160966,0.000174648,0,0,0,iter,0,1,optk,4,dynamic
69,5169,0.1,42,1,0,0,0,0,0,0,0,0,0,iter,0,1,optk,4,dynamic
69,5169,0.1,44,0,4799,4799,2.76876e-14,17273,0.000407917,0.000453227,0,0,0,iter,0,1,optk,4,dynamic
69,5169,0.1,44,1,0,0,0,0,0,0,0,0,0,iter,0,1,optk,4,dynamic
69,5169,0.1,46,0,12026,12026,8.4737e-13,40627,0.000959441,0.00113537,0,0,0,iter,0,1,optk,4,dynamic
69,5169,0.1,46,1,0,0,0,0,0,0,0,0,0,iter,0,1,optk,4,dynamic
69,5169,0.1,48,0,28568,28568,2.27897e-11,92519,0.00218491,0.00269499,0,0,0,iter,0,1,optk,4,dynamic
69,5169,0.1,48,1,0,0,0,0,0,0,0,0,0,iter,0,1,optk,4,dynamic
69,5169,0.1,50,0,65940,65940,5.03329e-10,200567,0.00473656,0.00620956,0,0,0,iter,0,1,optk,4,dynamic
69,5169,0.1,50,1,0,0,0,0,0,0,0,0,0,iter,0,1,optk,4,dynamic
69,5169,0.1,52,0,148377,148377,9.86266e-09,421983,0.00996549,0.0139184,0,0,0,iter,0,1,optk,4,dynamic
69,5169,0.1,52,1,47,47,5.21836e-24,64,1.51141e-06,4.43977e-06,1,16,17,iter,0,1,optk,4,dynamic
69,25845,0.5,30,0,0,0,0,0,0,0,0,0,0,iter,0,1,optk,18,dynamic
69,25845,0.5,32,0,0,0,0,0,0,0,0,0,0,iter,0,1,optk,18,dynamic
69,25845,0.5,34,0,0,0,0,0,0,0,0,0,0,iter,0,1,optk,18,dynamic
69,25845,0.5,36,0,0,0,0,0,0,0,0,0,0,iter,0,1,optk,18,dynamic
69,25845,0.5,38,0,17,17,2.29833e-107,252,1.19024e-06,1.44529e-06,0,0,0,iter,0,1,optk,18,dynamic
69,25845,0.5,38,1,0,0,0,0,0,0,0,0,0,iter,0,1,optk,18,dynamic
69,25845,0.5,40,0,675,675,2.30966e-77,11700,5.52611e-05,5.73849e-05,0,0,0,iter,0,1,optk,18,dynamic
69,25845,0.5,40,1,0,0,0,0,0,0,0,0,0,iter,0,1,optk,18,dynamic
69,25845,0.5,42,0,1849,1849,7.89417e-70,30671,0.000144864,0.000157184,0,0,0,iter,0,1,optk,18,dynamic
69,25845,0.5,42,1,0,0,0,0,0,0,0,0,0,iter,0,1,optk,18,dynamic
69,25845,0.5,44,0,4799,4799,1.46825e-62,77730,0.000367132,0.000407914,0,0,0,iter,0,1,optk,18,dynamic
69,25845,0.5,44,1,0,0,0,0,0,0,0,0,0,iter,0,1,optk,18,dynamic
69,25845,0.5,46,0,12026,12026,7.15127e-56,182861,0.000863683,0.00102189,0,0,0,iter,0,1,optk,18,dynamic
69,25845,0.5,46,1,0,0,0,0,0,0,0,0,0,iter,0,1,optk,18,dynamic
69,25845,0.5,48,0,28568,28568,1.93878e-49,416407,0.00196676,0.00242582,0,0,0,iter,0,1,optk,18,dynamic
69,25845,0.5,48,1,0,0,0,0,0,0,0,0,0,iter,0,1,optk,18,dynamic
69,25845,0.5,50,0,65940,65940,2.16724e-43,902691,0.00426356,0.00559034,0,0,0,iter,0,1,optk,18,dynamic
69,25845,0.5,50,1,0,0,0,0,0,0,0,0,0,iter,0,1,optk,18,dynamic
69,25845,0.5,52,0,148377,148377,1.42008e-37,1899646,0.00897235,0.0125353,0,0,0,iter,0,1,optk,18,dynamic
69,25845,0.5,52,1,47,47,2.54254e-106,288,1.36027e-06,3.99579e-06,1,16,17,iter,0,1,optk,18,dynamic
70,2,0.001,30,0,0,0,0,0,0,0,0,0,0,iter,0,1,optk,1,dynamic
70,2,0.001,32,0,5,5,0.000305176,5,0.000305176,0.000305129,0,0,0,iter,0,1,optk,1,dynamic
70,2,0.001,32,1,0,0,0,0,0,0,0,0,0,iter,0,1,optk,1,dynamic
70,2,0.001,34,0,50,50,0.00299072,49,0.00299072,0.00304711,0,0,0,iter,0,1,optk,1,dynamic
70,2,0.001,34,1,0,0,0,0,0,0,0,0,0,iter,0,1,optk,1,dynamic
70,2,0.001,36,0,136,136,0.00799561,131,0.00799561,0.00826642,0,0,0,iter,0,1,optk,1,dynamic
70,2,0.001,36,1,0,0,0,0,0,0,0,0,0,iter,0,1,optk,1,dynamic
70,2,0.001,38,0,386,386,0.022522,369,0.022522,0.0232842,0,0,0,iter,0,1,optk,1,dynamic
70,2,0.001,38,1,0,0,0,0,0,0,0,0,0,iter,0,1,optk,1,dynamic
70,2,0.001,40,0,971,971,0.0552979,906,0.0552979,0.0575431,0,0,0,iter,0,1,optk,1,dynamic
70,2,0.001,40,1,7,7,0.000244141,4,0.000244141,0.000427155,0,4,4,iter,0,1,optk,1,dynamic
70,2,0.001,42,0,2301,2301,0.121521,1991,0.121521,0.131026,0,0,0,iter,0,1,optk,1,dynamic
70,2,0.001,42,1,203,203,0.00390625,64,0.00390625,0.0123137,0,68,68,iter,0,1,optk,1,dynamic
70,2,0.001,44,0,5271,5271,0.249451,4087,0.249451,0.275096,0,0,0,iter,0,1,optk,1,dynamic
70,2,0.001,44,1,3584,3584,0.0443115,726,0.0443115,0.196477,0,0,0,iter,0,1,optk,1,dynamic
70,2,0.001,44,2,252,252,0.0139771,229,0.0139771,0.0152632,300,1,301,iter,0,1,optk,1,dynamic
70,19,0.01,30,0,0,0,0,0,0,0,0,0,0,iter,0,1,optk,1,dynamic
70,19,0.01,32,0,5,5,3.21238e-05,5,3.21238e-05,3.21233e-05,0,0,0,iter,0,1,optk,1,dynamic
70,19,0.01,32,1,0,0,0,0,0,0,0,0,0,iter,0,1,optk,1,dynamic
70,19,0.01,34,0,50,50,0.000314813,49,0.000314813,0.000321186,0,0,0,iter,0,1,optk,1,dynamic
70,19,0.01,34,1,0,0,0,0,0,0,0,0,0,iter,0,1,optk,1,dynamic
70,19,0.01,36,0,136,136,0.000848067,132,0.000848067,0.000873385,0,0,0,iter,0,1,optk,1,dynamic
70,19,0.01,36,1,0,0,0,0,0,0,0,0,0,iter,0,1,optk,1,dynamic
70,19,0.01,38,0,386,386,0.00238358,371,0.00238358,0.00247688,0,0,0,iter,0,1,optk,1,dynamic
70,19,0.01,38,1,0,0,0,0,0,0,0,0,0,iter,0,1,optk,1,dynamic
70,19,0.01,40,0,971,971,0.00589792,918,0.00589792,0.00621902,0,0,0,iter,0,1,optk,1,dynamic
70,19,0.01,40,1,0,0,0,0,0,0,0,0,0,iter,0,1,optk,1,dynamic
70,19,0.01,42,0,2301,2301,0.0135434,2108,0.0135434,0.0146746,0,0,0,iter,0,1,optk,1,dynamic
70,19,0.01,42,1,20,20,4.49733e-05,7,4.49733e-05,0.000128487,0,7,7,iter,0,1,optk,1,dynamic
70,19,0.01,44,0,5271,5271,0.0299843,4667,0.0299843,0.0332979,0,0,0,iter,0,1,optk,1,dynamic
70,19,0.01,44,1,610,610,0.000578228,90,0.000578228,0.00391143,1,94,95,iter,0,1,optk,1,dynamic
70,187,0.1,30,0,0,0,0,0,0,0,0,0,0,iter,0,1,optk,2,dynamic
70,187,0.1,32,0,5,5,4.26125e-11,10,6.52782e-06,6.5278e-06,0,0,0,iter,0,1,optk,2,dynamic
70,187,0.1,32,1,0,0,0,0,0,0,0,0,0,iter,0,1,optk,2,dynamic
70,187,0.1,34,0,50,50,4.0925e-09,98,6.39727e-05,6.52761e-05,0,0,0,iter,0,1,optk,2,dynamic
70,187,0.1,34,1,0,0,0,0,0,0,0,0,0,iter,0,1,optk,2,dynamic
70,187,0.1,36,0,136,136,2.96992e-08,264,0.000172335,0.000177541,0,0,0,iter,0,1,optk,2,dynamic
70,187,0.1,36,1,0,0,0,0,0,0,0,0,0,iter,0,1,optk,2,dynamic
70,187,0.1,38,0,386,386,2.34609e-07,742,0.000484365,0.000503821,0,0,0,iter,0,1,optk,2,dynamic
70,187,0.1,38,1,0,0,0,0,0,0,0,0,0,iter,0,1,optk,2,dynamic
70,187,0.1,40,0,971,971,1.44269e-06,1840,0.00120112,0.0012669,0,0,0,iter,0,1,optk,2,dynamic
70,187,0.1,40,1,0,0,0,0,0,0,0,0,0,iter,0,1,optk,2,dynamic
70,187,0.1,42,0,2301,2301,7.6824e-06,4246,0.00277171,0.0029996,0,0,0,iter,0,1,optk,2,dynamic
70,187,0.1,42,1,0,0,0,0,0,0,0,0,0,iter,0,1,optk,2,dynamic
70,187,0.1,44,0,5271,5271,3.81749e-05,9465,0.00617859,0.00685801,0,0,0,iter,0,1,optk,2,dynamic
70,187,0.1,44,1,4,4,6.818e-12,4,2.61113e-06,5.22225e-06,1,2,3,iter,0,1,optk,2,dynamic
70,935,0.5,30,0,0,0,0,0,0,0,0,0,0,iter,0,1,optk,9,dynamic
70,935,0.5,32,0,5,5,8.33871e-48,45,5.87504e-06,5.87502e-06,0,0,0,iter,0,1,optk,9,dynamic
70,935,0.5,32,1,0,0,0,0,0,0,0,0,0,iter,0,1,optk,9,dynamic
70,935,0.5,34,0,50,50,6.95238e-39,441,5.75754e-05,5.87487e-05,0,0,0,iter,0,1,optk,9,dynamic
70,935,0.5,34,1,0,0,0,0,0,0,0,0,0,iter,0,1,optk,9,dynamic
70,935,0.5,36,0,136,136,5.19438e-35,1188,0.000155101,0.000159788,0,0,0,iter,0,1,optk,9,dynamic
70,935,0.5,36,1,0,0,0,0,0,0,0,0,0,iter,0,1,optk,9,dynamic
70,935,0.5,38,0,386,386,5.68504e-31,3339,0.000435928,0.00045345,0,0,0,iter,0,1,optk,9,dynamic
70,935,0.5,38,1,0,0,0,0,0,0,0,0,0,iter,0,1,optk,9,dynamic
70,935,0.5,40,0,971,971,2.00929e-27,8277,0.00108062,0.00114028,0,0,0,iter,0,1,optk,9,dynamic
70,935,0.5,40,1,0,0,0,0,0,0,0,0,0,iter,0,1,optk,9,dynamic
70,935,0.5,42,0,2301,2301,3.77401e-24,19126,0.00249702,0.00270004,0,0,0,iter,0,1,optk,9,dynamic
70,935,0.5,42,1,0,0,0,0,0,0,0,0,0,iter,0,1,optk,9,dynamic
70,935,0.5,44,0,5271,5271,5.06712e-21,42577,0.0055587,0.00617433,0,0,0,iter,0,1,optk,9,dynamic
70,935,0.5,44,1,4,4,2.18594e-51,18,2.35002e-06,4.70002e-06,1,2,3,iter,0,1,optk,9,dynamic
71,68,0.001,38,0,0,0,0,0,0,0,0,0,0,iter,0,1,optk,1,dynamic
71,68,0.001,40,0,14,14,2.15418e-05,12,2.15418e-05,2.51318e-05,0,0,0,iter,0,1,optk,1,dynamic
71,68,0.001,40,1,0,0,0,0,0,0,0,0,0,iter,0,1,optk,1,dynamic
71,68,0.001,42,0,1,1,1.79515e-06,1,1.79515e-06,1.79515e-06,0,0,0,iter,0,1,optk,1,dynamic
71,68,0.001,42,1,0,0,0,0,0,0,0,0,0,iter,0,1,optk,1,dynamic
71,68,0.001,44,0,3,3,5.38545e-06,3,5.38545e-06,5.38544e-06,0,0,0,iter,0,1,optk,1,dynamic
71,68,0.001,44,1,0,0,0,0,0,0,0,0,0,iter,0,1,optk,1,dynamic
71,68,0.001,46,0,6,6,1.07709e-05,6,1.07709e-05,1.07709e-05,0,0,0,iter,0,1,optk,1,dynamic
71,68,0.001,46,1,0,0,0,0,0,0,0,0,0,iter,0,1,optk,1,dynamic
71,68,0.001,48,0,14,14,2.51321e-05,14,2.51321e-05,2.51318e-05,0,0,0,iter,0,1,optk,1,dynamic
71,68,0.001,48,1,0,0,0,0,0,0,0,0,0,iter,0,1,optk,1,dynamic
71,68,0.001,50,0,32,32,5.74449e-05,32,5.74449e-05,5.74432e-05,0,0,0,iter,0,1,optk,1,dynamic
71,68,0.001,50,1,0,0,0,0,0,0,0,0,0,iter,0,1,optk,1,dynamic
71,68,0.001,52,0,66,66,0.00011848,66,0.00011848,0.000118473,0,0,0,iter,0,1,optk,1,dynamic
71,68,0.001,52,1,0,0,0,0,0,0,0,0,0,iter,0,1,optk,1,dynamic
71,68,0.001,54,0,136,136,0.00024055,134,0.00024055,0.000244111,0,0,0,iter,0,1,optk,1,dynamic
71,68,0.001,54,1,0,0,0,0,0,0,0,0,0,iter,0,1,optk,1,dynamic
71,68,0.001,56,0,290,290,0.000509823,284,0.000509823,0.000520458,0,0,0,iter,0,1,optk,1,dynamic
71,68,0.001,56,1,67,67,1.43612e-05,8,1.43612e-05,0.000120268,1,8,9,iter,0,1,optk,1,dynamic
71,683,0.01,38,0,0,0,0,0,0,0,0,0,0,iter,0,1,optk,1,dynamic
71,683,0.01,40,0,14,14,2.14472e-06,12,2.14472e-06,2.50217e-06,0,0,0,iter,0,1,optk,1,dynamic
71,683,0.01,40,1,0,0,0,0,0,0,0,0,0,iter,0,1,optk,1,dynamic
71,683,0.01,42,0,1,1,1.78727e-07,1,1.78727e-07,1.78727e-07,0,0,0,iter,0,1,optk,1,dynamic
71,683,0.01,42,1,0,0,0,0,0,0,0,0,0,iter,0,1,optk,1,dynamic
71,683,0.01,44,0,3,3,5.3618e-07,3,5.3618e-07,5.3618e-07,0,0,0,iter,0,1,optk,1,dynamic
71,683,0.01,44,1,0,0,0,0,0,0,0,0,0,iter,0,1,optk,1,dynamic
71,683,0.01,46,0,6,6,1.07236e-06,6,1.07236e-06,1.07236e-06,0,0,0,iter,0,1,optk,1,dynamic
71,683,0.01,46,1,0,0,0,0,0,0,0,0,0,iter,0,1,optk,1,dynamic
71,683,0.01,48,0,14,14,2.50217e-06,14,2.50217e-06,2.50217e-06,0,0,0,iter,0,1,optk,1,dynamic
71,683,0.01,48,1,0,0,0,0,0,0,0,0,0,iter,0,1,optk,1,dynamic
71,683,0.01,50,0,32,32,5.71925e-06,32,5.71925e-06,5.71924e-06,0,0,0,iter,0,1,optk,1,dynamic
71,683,0.01,50,1,0,0,0,0,0,0,0,0,0,iter,0,1,optk,1,dynamic
71,683,0.01,52,0,66,66,1.1796e-05,66,1.1796e-05,1.17959e-05,0,0,0,iter,0,1,optk,1,dynamic
71,683,0.01,52,1,0,0,0,0,0,0,0,0,0,iter,0,1,optk,1,dynamic
71,683,0.01,54,0,136,136,2.39494e-05,134,2.39494e-05,2.43065e-05,0,0,0,iter,0,1,optk,1,dynamic
71,683,0.01,54,1,0,0,0,0,0,0,0,0,0,iter,0,1,optk,1,dynamic
71,683,0.01,56,0,290,290,5.07584e-05,284,5.07584e-05,5.18294e-05,0,0,0,iter,0,1,optk,1,dynamic
71,683,0.01,56,1,67,67,1.42981e-06,8,1.42981e-06,1.19746e-05,1,8,9,iter,0,1,optk,1,dynamic
71,6832,0.1,38,0,0,0,0,0,0,0,0,0,0,iter,0,1,optk,1,dynamic
71,6832,0.1,40,0,14,14,2.14409e-07,12,2.14409e-07,2.50144e-07,0,0,0,iter,0,1,optk,1,dynamic
71,6832,0.1,40,1,0,0,0,0,0,0,0,0,0,iter,0,1,optk,1,dynamic
71,6832,0.1,42,0,1,1,1.78674e-08,1,1.78674e-08,1.78674e-08,0,0,0,iter,0,1,optk,1,dynamic
71,6832,0.1,42,1,0,0,0,0,0,0,0,0,0,iter,0,1,optk,1,dynamic
71,6832,0.1,44,0,3,3,5.36023e-08,3,5.36023e-08,5.36023e-08,0,0,0,iter,0,1,optk,1,dynamic
71,6832,0.1,44,1,0,0,0,0,0,0,0,0,0,iter,0,1,optk,1,dynamic
71,6832,0.1,46,0,6,6,1.07205e-07,6,1.07205e-07,1.07205e-07,0,0,0,iter,0,1,optk,1,dynamic
71,6832,0.1,46,1,0,0,0,0,0,0,0,0,0,iter,0,1,optk,1,dynamic
71,6832,0.1,48,0,14,14,2.50144e-07,14,2.50144e-07,2.50144e-07,0,0,0,iter,0,1,optk,1,dynamic
71,6832,0.1,48,1,0,0,0,0,0,0,0,0,0,iter,0,1,optk,1,dynamic
71,6832,0.1,50,0,32,32,5.71758e-07,32,5.71758e-07,5.71758e-07,0,0,0,iter,0,1,optk,1,dynamic
71,6832,0.1,50,1,0,0,0,0,0,0,0,0,0,iter,0,1,optk,1,dynamic
71,6832,0.1,52,0,66,66,1.17925e-06,66,1.17925e-06,1.17925e-06,0,0,0,iter,0,1,optk,1,dynamic
71,6832,0.1,52,1,0,0,0,0,0,0,0,0,0,iter,0,1,optk,1,dynamic
71,6832,0.1,54,0,136,136,2.39424e-06,134,2.39424e-06,2.42997e-06,0,0,0,iter,0,1,optk,1,dynamic
71,6832,0.1,54,1,0,0,0,0,0,0,0,0,0,iter,0,1,optk,1,dynamic
71,6832,0.1,56,0,290,290,5.07435e-06,284,5.07435e-06,5.18154e-06,0,0,0,iter,0,1,optk,1,dynamic
71,6832,0.1,56,1,67,67,1.42939e-07,8,1.42939e-07,1.19712e-06,1,8,9,iter,0,1,optk,1,dynamic
71,34162,0.5,38,0,0,0,0,0,0,0,0,0,0,iter,0,1,optk,7,dynamic
71,34162,0.5,40,0,14,14,2.19494e-46,84,3.00155e-07,3.50181e-07,0,0,0,iter,0,1,optk,7,dynamic
71,34162,0.5,40,1,0,0,0,0,0,0,0,0,0,iter,0,1,optk,7,dynamic
71,34162,0.5,42,0,1,1,6.12567e-54,7,2.50129e-08,2.50129e-08,0,0,0,iter,0,1,optk,7,dynamic
71,34162,0.5,42,1,0,0,0,0,0,0,0,0,0,iter,0,1,optk,7,dynamic
71,34162,0.5,44,0,3,3,1.33968e-50,21,7.50388e-08,7.50388e-08,0,0,0,iter,0,1,optk,7,dynamic
71,34162,0.5,44,1,0,0,0,0,0,0,0,0,0,iter,0,1,optk,7,dynamic
71,34162,0.5,46,0,6,6,1.7148e-48,42,1.50078e-07,1.50078e-07,0,0,0,iter,0,1,optk,7,dynamic
71,34162,0.5,46,1,0,0,0,0,0,0,0,0,0,iter,0,1,optk,7,dynamic
71,34162,0.5,48,0,14,14,6.45728e-46,98,3.50181e-07,3.50181e-07,0,0,0,iter,0,1,optk,7,dynamic
71,34162,0.5,48,1,0,0,0,0,0,0,0,0,0,iter,0,1,optk,7,dynamic
71,34162,0.5,50,0,32,32,2.10476e-43,224,8.00414e-07,8.00414e-07,0,0,0,iter,0,1,optk,7,dynamic
71,34162,0.5,50,1,0,0,0,0,0,0,0,0,0,iter,0,1,optk,7,dynamic
71,34162,0.5,52,0,66,66,3.34165e-41,462,1.65085e-06,1.65085e-06,0,0,0,iter,0,1,optk,7,dynamic
71,34162,0.5,52,1,0,0,0,0,0,0,0,0,0,iter,0,1,optk,7,dynamic
71,34162,0.5,54,0,136,136,4.75212e-39,938,3.35173e-06,3.40175e-06,0,0,0,iter,0,1,optk,7,dynamic
71,34162,0.5,54,1,0,0,0,0,0,0,0,0,0,iter,0,1,optk,7,dynamic
71,34162,0.5,56,0,290,290,9.12813e-37,1988,7.10368e-06,7.25373e-06,0,0,0,iter,0,1,optk,7,dynamic
71,34162,0.5,56,1,67,67,1.28465e-47,56,2.00104e-07,1.67587e-06,1,8,9,iter,0,1,optk,7,dynamic
72,1,0.001,37,0,0,0,0,0,0,0,0,0,0,iter,0,1,optk,1,dynamic
72,1,0.001,39,0,0,0,0,0,0,0,0,0,0,iter,0,1,optk,1,dynamic
72,1,0.001,41,0,0,0,0,0,0,0,0,0,0,iter,0,1,optk,1,dynamic
72,1,0.001,43,0,60,60,0.00512695,42,0.00512695,0.00729746,0,0,0,iter,0,1,optk,1,dynamic
72,1,0.001,43,1,1,1,0.00012207,1,0.00012207,0.000122063,0,1,1,iter,0,1,optk,1,dynamic
72,1,0.001,45,0,1377,1377,0.0863037,707,0.0863037,0.154723,0,0,0,iter,0,1,optk,1,dynamic
72,1,0.001,45,1,228,228,0.0170898,140,0.0170898,0.0274483,0,0,0,iter,0,1,optk,1,dynamic
72,1,0.001,45,2,23,23,0.00158691,13,0.00158691,0.00280368,14,0,14,iter,0,1,optk,1,dynamic
72,1,0.001,47,0,19743,19743,0.665161,5449,0.665161,0.910188,0,0,0,iter,0,1,optk,1,dynamic
72,1,0.001,47,0,2627,2627,0.137573,1127,0.137573,0.274344,1357,0,1357,type,0,4,optk,1,dynamic
72,1,0.001,47,1,12909,12909,0.542725,4446,0.542725,0.793159,0,0,0,iter,0,1,optk,1,dynamic
72,1,0.001,47,1,2721,2721,0.143555,1176,0.143555,0.282623,1416,0,1416,type,1,4,optk,1,dynamic
72,1,0.001,47,2,2695,2695,0.134521,1102,0.134521,0.280342,1332,0,1332,type,2,4,optk,1,dynamic
72,1,0.001,47,3,2735,2735,0.14502,1188,0.14502,0.283848,1402,0,1402,type,3,4,optk,1,dynamic
72,1,0.001,49,0,169160,169160,1,8192,1,1,0,0,0,iter,0,1,optk,1,dynamic
72,1,0.001,49,0,21177,21177,0.638062,5227,0.638062,0.92461,8419,1,8420,type,0,8,optk,1,dynamic
72,1,0.001,49,1,128385,128385,0.998169,8177,0.998169,1,0,0,0,iter,0,1,optk,1,dynamic
72,14,0.01,37,0,0,0,0,0,0,0,0,0,0,iter,0,1,optk,1,dynamic
72,14,0.01,39,0,0,0,0,0,0,0,0,0,0,iter,0,1,optk,1,dynamic
72,14,0.01,41,0,0,0,0,0,0,0,0,0,0,iter,0,1,optk,1,dynamic
72,14,0.01,43,0,60,60,0.000366211,42,0.000366211,0.000523022,0,0,0,iter,0,1,optk,1,dynamic
72,14,0.01,43,1,0,0,0,0,0,0,0,0,0,iter,0,1,optk,1,dynamic
72,14,0.01,45,0,1377,1377,0.00642613,737,0.00642613,0.0119347,0,0,0,iter,0,1,optk,1,dynamic
72,14,0.01,45,1,7,7,5.23158e-05,6,5.23158e-05,6.10333e-05,0,6,6,iter,0,1,optk,1,dynamic
72,14,0.01,47,0,19743,19743,0.0755179,8661,0.0755179,0.158143,0,0,0,iter,0,1,optk,1,dynamic
72,14,0.01,47,1,1466,1466,0.00618199,709,0.00618199,0.0127012,0,757,757,iter,0,1,optk,1,dynamic
72,14,0.01,49,0,15277,15277,0.052063,5971,0.052063,0.124714,7566,1,7567,type,0,2,optk,1,dynamic
72,14,0.01,49,0,169160,169160,0.445862,51135,0.445862,0.771212,0,0,0,iter,0,1,optk,1,dynamic
72,14,0.01,49,1,57173,57173,0.181527,20819,0.181527,0.392564,0,0,0,iter,0,1,optk,1,dynamic
72,139,0.1,37,0,0,0,0,0,0,0,0,0,0,iter,0,1,optk,4,dynamic
72,139,0.1,39,0,0,0,0,0,0,0,0,0,0,iter,0,1,optk,4,dynamic
72,139,0.1,41,0,0,0,0,0,0,0,0,0,0,iter,0,1,optk,4,dynamic
72,139,0.1,43,0,60,60,4.73825e-16,168,0.000147538,0.000210747,0,0,0,iter,0,1,optk,4,dynamic
72,139,0.1,43,1,0,0,0,0,0,0,0,0,0,iter,0,1,optk,4,dynamic
72,139,0.1,45,0,1377,1377,4.58467e-11,2963,0.00260212,0.00482547,0,0,0,iter,0,1,optk,4,dynamic
72,139,0.1,45,1,0,0,0,0,0,0,0,0,0,iter,0,1,optk,4,dynamic
72,139,0.1,47,0,19743,19743,9.30834e-07,35369,0.0310612,0.0670032,0,0,0,iter,0,1,optk,4,dynamic
72,139,0.1,47,1,0,0,0,0,0,0,0,0,0,iter,0,1,optk,4,dynamic
72,139,0.1,49,0,169160,169160,0.00200951,241089,0.211725,0.448011,0,0,0,iter,0,1,optk,4,dynamic
72,139,0.1,49,1,252,252,3.26409e-14,484,0.000425051,0.000884838,1,121,122,iter,0,1,optk,4,dynamic
72,694,0.5,37,0,0,0,0,0,0,0,0,0,0,iter,0,1,optk,19,dynamic
72,694,0.5,39,0,0,0,0,0,0,0,0,0,0,iter,0,1,optk,19,dynamic
72,694,0.5,41,0,0,0,0,0,0,0,0,0,0,iter,0,1,optk,19,dynamic
72,694,0.5,43,0,60,60,6.27792e-74,798,0.000140363,0.000200499,0,0,0,iter,0,1,optk,19,dynamic
72,694,0.5,43,1,0,0,0,0,0,0,0,0,0,iter,0,1,optk,19,dynamic
72,694,0.5,45,0,1377,1377,2.98944e-50,14067,0.0024743,0.00459134,0,0,0,iter,0,1,optk,19,dynamic
72,694,0.5,45,1,0,0,0,0,0,0,0,0,0,iter,0,1,optk,19,dynamic
72,694,0.5,47,0,19743,19743,8.90876e-30,168187,0.0295831,0.0638511,0,0,0,iter,0,1,optk,19,dynamic
72,694,0.5,47,1,0,0,0,0,0,0,0,0,0,iter,0,1,optk,19,dynamic
72,694,0.5,49,0,169160,169160,6.70157e-14,1151835,0.202601,0.431827,0,0,0,iter,0,1,optk,19,dynamic
72,694,0.5,49,1,5,5,1.72389e-91,95,1.67099e-05,1.67098e-05,1,5,6,iter,0,1,optk,19,dynamic
73,1,0.001,46,0,0,0,0,0,0,0,0,0,0,iter,0,1,optk,1,dynamic
73,1,0.001,48,0,0,0,0,0,0,0,0,0,0,iter,0,1,optk,1,dynamic
73,1,0.001,50,0,53,53,0.00512695,42,0.00512695,0.00644884,0,0,0,iter,0,1,optk,1,dynamic
73,1,0.001,50,1,0,0,0,0,0,0,0,0,0,iter,0,1,optk,1,dynamic
73,1,0.001,52,0,177,177,0.020752,170,0.020752,0.0213747,0,0,0,iter,0,1,optk,1,dynamic
73,1,0.001,52,1,0,0,0,0,0,0,0,0,0,iter,0,1,optk,1,dynamic
73,1,0.001,54,0,483,483,0.0557861,457,0.0557861,0.0572555,0,0,0,iter,0,1,optk,1,dynamic
73,1,0.001,54,1,0,0,0,0,0,0,0,0,0,iter,0,1,optk,1,dynamic
73,1,0.001,56,0,1157,1157,0.125488,1028,0.125488,0.131715,0,0,0,iter,0,1,optk,1,dynamic
73,1,0.001,56,1,9,9,0.000732422,6,0.000732422,0.00109803,1,6,7,iter,0,1,optk,1,dynamic
73,7,0.01,46,0,0,0,0,0,0,0,0,0,0,iter,0,1,optk,1,dynamic
73,7,0.01,48,0,0,0,0,0,0,0,0,0,0,iter,0,1,optk,1,dynamic
73,7,0.01,50,0,53,53,0.000732422,42,0.000732422,0.00092382,0,0,0,iter,0,1,optk,1,dynamic
73,7,0.01,50,1,0,0,0,0,0,0,0,0,0,iter,0,1,optk,1,dynamic
73,7,0.01,52,0,177,177,0.00301688,173,0.00301688,0.00308188,0,0,0,iter,0,1,optk,1,dynamic
73,7,0.01,52,1,0,0,0,0,0,0,0,0,0,iter,0,1,optk,1,dynamic
73,7,0.01,54,0,483,483,0.00805664,462,0.00805664,0.00838748,0,0,0,iter,0,1,optk,1,dynamic
73,7,0.01,54,1,0,0,0,0,0,0,0,0,0,iter,0,1,optk,1,dynamic
73,7,0.01,56,0,1157,1157,0.0190953,1095,0.0190953,0.0199743,0,0,0,iter,0,1,optk,1,dynamic
73,7,0.01,56,1,1,1,1.74386e-05,1,1.74386e-05,1.74385e-05,1,1,2,iter,0,1,optk,1,dynamic
73,73,0.1,46,0,0,0,0,0,0,0,0,0,0,iter,0,1,optk,1,dynamic
73,73,0.1,48,0,0,0,0,0,0,0,0,0,0,iter,0,1,optk,1,dynamic
73,73,0.1,50,0,53,53,7.02322e-05,42,7.02322e-05,8.86225e-05,0,0,0,iter,0,1,optk,1,dynamic
73,73,0.1,50,1,0,0,0,0,0,0,0,0,0,iter,0,1,optk,1,dynamic
73,73,0.1,52,0,177,177,0.00028929,173,0.00028929,0.000295935,0,0,0,iter,0,1,optk,1,dynamic
73,73,0.1,52,1,0,0,0,0,0,0,0,0,0,iter,0,1,optk,1,dynamic
73,73,0.1,54,0,483,483,0.000777571,465,0.000777571,0.000807345,0,0,0,iter,0,1,optk,1,dynamic
73,73,0.1,54,1,0,0,0,0,0,0,0,0,0,iter,0,1,optk,1,dynamic
73,73,0.1,56,0,1157,1157,0.00184778,1105,0.00184778,0.00193286,0,0,0,iter,0,1,optk,1,dynamic
73,73,0.1,56,1,1,1,1.6722e-06,1,1.6722e-06,1.67219e-06,1,1,2,iter,0,1,optk,1,dynamic
73,367,0.5,46,0,0,0,0,0,0,0,0,0,0,iter,0,1,optk,1,dynamic
73,367,0.5,48,0,0,0,0,0,0,0,0,0,0,iter,0,1,optk,1,dynamic
73,367,0.5,50,0,53,53,1.39699e-05,42,1.39699e-05,1.76285e-05,0,0,0,iter,0,1,optk,1,dynamic
73,367,0.5,50,1,0,0,0,0,0,0,0,0,0,iter,0,1,optk,1,dynamic
73,367,0.5,52,0,177,177,5.75427e-05,173,5.75427e-05,5.88714e-05,0,0,0,iter,0,1,optk,1,dynamic
73,367,0.5,52,1,0,0,0,0,0,0,0,0,0,iter,0,1,optk,1,dynamic
73,367,0.5,54,0,483,483,0.000154667,465,0.000154667,0.000160641,0,0,0,iter,0,1,optk,1,dynamic
73,367,0.5,54,1,0,0,0,0,0,0,0,0,0,iter,0,1,optk,1,dynamic
73,367,0.5,56,0,1157,1157,0.000367541,1105,0.000367541,0.000384763,0,0,0,iter,0,1,optk,1,dynamic
73,367,0.5,56,1,1,1,3.32617e-07,1,3.32617e-07,3.32617e-07,1,1,2,iter,0,1,optk,1,dynamic
74,25,0.001,30,0,0,0,0,0,0,0,0,0,0,iter,0,1,optk,1,dynamic
74,25,0.001,32,0,0,0,0,0,0,0,0,0,0,iter,0,1,optk,1,dynamic
74,25,0.001,34,0,12,12,4.39453e-05,9,4.39453e-05,5.8592e-05,0,0,0,iter,0,1,optk,1,dynamic
74,25,0.001,34,1,0,0,0,0,0,0,0,0,0,iter,0,1,optk,1,dynamic
74,25,0.001,36,0,225,225,0.00105957,217,0.00105957,0.00109803,0,0,0,iter,0,1,optk,1,dynamic
74,25,0.001,36,1,0,0,0,0,0,0,0,0,0,iter,0,1,optk,1,dynamic
74,25,0.001,38,0,854,854,0.00376953,772,0.00376953,0.00416124,0,0,0,iter,0,1,optk,1,dynamic
74,25,0.001,38,1,0,0,0,0,0,0,0,0,0,iter,0,1,optk,1,dynamic
74,25,0.001,40,0,2529,2529,0.0110205,2257,0.0110205,0.0122727,0,0,0,iter,0,1,optk,1,dynamic
74,25,0.001,40,1,0,0,0,0,0,0,0,0,0,iter,0,1,optk,1,dynamic
74,25,0.001,42,0,7230,7230,0.0296094,6064,0.0296094,0.0346869,0,0,0,iter,0,1,optk,1,dynamic
74,25,0.001,42,1,39,39,6.34766e-05,13,6.34766e-05,0.000190412,0,13,13,iter,0,1,optk,1,dynamic
74,25,0.001,44,0,18496,18496,0.0712158,14585,0.0712158,0.0863544,0,0,0,iter,0,1,optk,1,dynamic
74,25,0.001,44,1,1157,1157,0.00175293,359,0.00175293,0.00563349,0,368,368,iter,0,1,optk,1,dynamic
74,25,0.001,46,0,45048,45048,0.157373,32230,0.157373,0.19745,0,0,0,iter,0,1,optk,1,dynamic
74,25,0.001,46,1,30956,30956,0.0332764,6815,0.0332764,0.140283,0,0,0,iter,0,1,optk,1,dynamic
74,25,0.001,46,2,1479,1479,0.005625,1152,0.005625,0.00719567,1339,0,1339,iter,0,1,optk,1,dynamic
74,25,0.001,48,0,105148,105148,0.313623,64230,0.313623,0.401553,0,0,0,iter,0,1,optk,1,dynamic
74,25,0.001,48,0,14909,14909,0.0524316,10738,0.0524316,0.0702112,12473,1,12474,type,0,2,optk,1,dynamic
74,25,0.001,48,1,456935,456935,0.283008,57960,0.283008,0.892593,0,0,0,iter,0,1,optk,1,dynamic
74,254,0.01,30,0,0,0,0,0,0,0,0,0,0,iter,0,1,optk,1,dynamic
74,254,0.01,32,0,0,0,0,0,0,0,0,0,0,iter,0,1,optk,1,dynamic
74,254,0.01,34,0,12,12,4.32533e-06,9,4.32533e-06,5.76708e-06,0,0,0,iter,0,1,optk,1,dynamic
74,254,0.01,34,1,0,0,0,0,0,0,0,0,0,iter,0,1,optk,1,dynamic
74,254,0.01,36,0,225,225,0.000104288,217,0.000104288,0.000108127,0,0,0,iter,0,1,optk,1,dynamic
74,254,0.01,36,1,0,0,0,0,0,0,0,0,0,iter,0,1,optk,1,dynamic
74,254,0.01,38,0,854,854,0.000371978,774,0.000371978,0.000410341,0,0,0,iter,0,1,optk,1,dynamic
74,254,0.01,38,1,0,0,0,0,0,0,0,0,0,iter,0,1,optk,1,dynamic
74,254,0.01,40,0,2529,2529,0.00108854,2265,0.00108854,0.00121468,0,0,0,iter,0,1,optk,1,dynamic
74,254,0.01,40,1,0,0,0,0,0,0,0,0,0,iter,0,1,optk,1,dynamic
74,254,0.01,42,0,7230,7230,0.0029542,6147,0.0029542,0.00346865,0,0,0,iter,0,1,optk,1,dynamic
74,254,0.01,42,1,2,2,4.80592e-07,1,4.80592e-07,9.61183e-07,0,1,1,iter,0,1,optk,1,dynamic
74,254,0.01,44,0,18496,18496,0.00725405,15094,0.00725405,0.00884964,0,0,0,iter,0,1,optk,1,dynamic
74,254,0.01,44,1,101,101,1.58595e-05,33,1.58595e-05,4.85386e-05,0,33,33,iter,0,1,optk,1,dynamic
74,254,0.01,46,0,45048,45048,0.0166876,34723,0.0166876,0.021417,0,0,0,iter,0,1,optk,1,dynamic
74,254,0.01,46,1,3119,3119,0.000344584,717,0.000344584,0.00149784,0,726,726,iter,0,1,optk,1,dynamic
74,254,0.01,48,0,105148,105148,0.0364053,75751,0.0364053,0.0492777,0,0,0,iter,0,1,optk,1,dynamic
74,254,0.01,48,1,54268,54268,0.00382695,7963,0.00382695,0.0257436,0,0,0,iter,0,1,optk,1,dynamic
74,254,0.01,48,2,441,441,0.000152828,318,0.000152828,0.000211919,332,1,333,iter,0,1,optk,1,dynamic
74,2542,0.1,30,0,0,0,0,0,0,0,0,0,0,iter,0,1,optk,5,dynamic
74,2542,0.1,32,0,0,0,0,0,0,0,0,0,0,iter,0,1,optk,5,dynamic
74,2542,0.1,34,0,12,12,4.71232e-29,45,2.16096e-06,2.88128e-06,0,0,0,iter,0,1,optk,5,dynamic
74,2542,0.1,34,1,0,0,0,0,0,0,0,0,0,iter,0,1,optk,5,dynamic
74,2542,0.1,36,0,225,225,3.83991e-22,1085,5.21032e-05,5.40226e-05,0,0,0,iter,0,1,optk,5,dynamic
74,2542,0.1,36,1,0,0,0,0,0,0,0,0,0,iter,0,1,optk,5,dynamic
74,2542,0.1,38,0,854,854,2.2168e-19,3870,0.000185843,0.00020503,0,0,0,iter,0,1,optk,5,dynamic
74,2542,0.1,38,1,0,0,0,0,0,0,0,0,0,iter,0,1,optk,5,dynamic
74,2542,0.1,40,0,2529,2529,4.75313e-17,11323,0.000543746,0.000607046,0,0,0,iter,0,1,optk,5,dynamic
74,2542,0.1,40,1,0,0,0,0,0,0,0,0,0,iter,0,1,optk,5,dynamic
74,2542,0.1,42,0,7230,7230,7.0267e-15,30755,0.0014769,0.00173447,0,0,0,iter,0,1,optk,5,dynamic
74,2542,0.1,42,1,0,0,0,0,0,0,0,0,0,iter,0,1,optk,5,dynamic
74,2542,0.1,44,0,18496,18496,6.31308e-13,75616,0.00363118,0.00443117,0,0,0,iter,0,1,optk,5,dynamic
74,2542,0.1,44,1,0,0,0,0,0,0,0,0,0,iter,0,1,optk,5,dynamic
74,2542,0.1,46,0,45048,45048,4.10533e-11,174275,0.00836892,0.010758,0,0,0,iter,0,1,optk,5,dynamic
74,2542,0.1,46,1,0,0,0,0,0,0,0,0,0,iter,0,1,optk,5,dynamic
74,2542,0.1,48,0,105148,105148,2.08071e-09,382127,0.0183503,0.0249307,0,0,0,iter,0,1,optk,5,dynamic
74,2542,0.1,48,1,18,18,4.29203e-28,70,3.3615e-06,4.32191e-06,1,14,15,iter,0,1,optk,5,dynamic
74,12710,0.5,30,0,0,0,0,0,0,0,0,0,0,iter,0,1,optk,23,dynamic
74,12710,0.5,32,0,0,0,0,0,0,0,0,0,0,iter,0,1,optk,23,dynamic
74,12710,0.5,34,0,12,12,7.31142e-132,207,1.98808e-06,2.65078e-06,0,0,0,iter,0,1,optk,23,dynamic
74,12710,0.5,34,1,0,0,0,0,0,0,0,0,0,iter,0,1,optk,23,dynamic
74,12710,0.5,36,0,225,225,4.51854e-100,4991,4.79349e-05,4.97009e-05,0,0,0,iter,0,1,optk,23,dynamic
74,12710,0.5,36,1,0,0,0,0,0,0,0,0,0,iter,0,1,optk,23,dynamic
74,12710,0.5,38,0,854,854,2.27166e-87,17800,0.000170956,0.000188629,0,0,0,iter,0,1,optk,23,dynamic
74,12710,0.5,38,1,0,0,0,0,0,0,0,0,0,iter,0,1,optk,23,dynamic
74,12710,0.5,40,0,2529,2529,1.20312e-76,52081,0.0005002,0.000558496,0,0,0,iter,0,1,optk,23,dynamic
74,12710,0.5,40,1,0,0,0,0,0,0,0,0,0,iter,0,1,optk,23,dynamic
74,12710,0.5,42,0,7230,7230,1.15429e-66,141475,0.00135876,0.00159582,0,0,0,iter,0,1,optk,23,dynamic
74,12710,0.5,42,1,0,0,0,0,0,0,0,0,0,iter,0,1,optk,23,dynamic
74,12710,0.5,44,0,18496,18496,1.11674e-57,347824,0.0033406,0.0040774,0,0,0,iter,0,1,optk,23,dynamic
74,12710,0.5,44,1,0,0,0,0,0,0,0,0,0,iter,0,1,optk,23,dynamic
74,12710,0.5,46,0,45048,45048,2.4591e-49,801846,0.00770115,0.00990168,0,0,0,iter,0,1,optk,23,dynamic
74,12710,0.5,46,1,0,0,0,0,0,0,0,0,0,iter,0,1,optk,23,dynamic
74,12710,0.5,48,0,105148,105148,1.73424e-41,1759231,0.0168961,0.0229593,0,0,0,iter,0,1,optk,23,dynamic
74,12710,0.5,48,1,18,18,1.89395e-127,322,3.09258e-06,3.97616e-06,1,14,15,iter,0,1,optk,23,dynamic
75,52,0.001,41,0,0,0,0,0,0,0,0,0,0,iter,0,1,optk,1,dynamic
75,52,0.001,43,0,0,0,0,0,0,0,0,0,0,iter,0,1,optk,1,dynamic
75,52,0.001,45,0,73,73,0.00011268,48,0.00011268,0.000171353,0,0,0,iter,0,1,optk,1,dynamic
75,52,0.001,45,1,0,0,0,0,0,0,0,0,0,iter,0,1,optk,1,dynamic
75,52,0.001,47,0,894,894,0.0017888,762,0.0017888,0.00209647,0,0,0,iter,0,1,optk,1,dynamic
75,52,0.001,47,1,0,0,0,0,0,0,0,0,0,iter,0,1,optk,1,dynamic
75,52,0.001,49,0,5790,5790,0.0107398,4575,0.0107398,0.0135001,0,0,0,iter,0,1,optk,1,dynamic
75,52,0.001,49,1,0,0,0,0,0,0,0,0,0,iter,0,1,optk,1,dynamic
75,52,0.001,51,0,22715,22715,0.0383207,16324,0.0383207,0.0519268,0,0,0,iter,0,1,optk,1,dynamic
75,52,0.001,51,1,13,13,1.4085e-05,6,1.4085e-05,3.05171e-05,0,6,6,iter,0,1,optk,1,dynamic
75,52,0.001,53,0,93285,93285,0.137184,58438,0.137184,0.196668,0,0,0,iter,0,1,optk,1,dynamic
75,52,0.001,53,1,1532,1532,0.0011268,480,0.0011268,0.00358992,0,486,486,iter,0,1,optk,1,dynamic
75,52,0.001,55,0,291076,291076,0.343788,146448,0.343788,0.495053,0,0,0,iter,0,1,optk,1,dynamic
75,52,0.001,55,1,52276,52276,0.0294823,12559,0.0294823,0.115487,0,0,0,iter,0,1,optk,1,dynamic
75,52,0.001,55,2,8750,8750,0.0123831,5275,0.0123831,0.0203312,7531,0,7531,iter,0,1,optk,1,dynamic
75,52,0.001,57,0,72503,72503,0.0902381,38440,0.0902381,0.156505,44217,0,44217,type,0,6,optk,1,dynamic
75,52,0.001,57,0,916874,916874,0.697115,296960,0.697115,0.883791,0,0,0,iter,0,1,optk,1,dynamic
75,52,0.001,57,1,1750239,1750239,0.475978,202759,0.475978,0.983571,0,0,0,iter,0,1,optk,1,dynamic
75,52,0.001,57,1,72901,72901,0.0908485,38700,0.0908485,0.157293,44550,1,44551,type,1,6,optk,1,dynamic
75,522,0.01,41,0,0,0,0,0,0,0,0,0,0,iter,0,1,optk,1,dynamic
75,522,0.01,43,0,0,0,0,0,0,0,0,0,0,iter,0,1,optk,1,dynamic
75,522,0.01,45,0,73,73,1.12249e-05,48,1.12249e-05,1.7071e-05,0,0,0,iter,0,1,optk,1,dynamic
75,522,0.01,45,1,0,0,0,0,0,0,0,0,0,iter,0,1,optk,1,dynamic
75,522,0.01,47,0,894,894,0.000178896,765,0.000178896,0.000209041,0,0,0,iter,0,1,optk,1,dynamic
75,522,0.01,47,1,0,0,0,0,0,0,0,0,0,iter,0,1,optk,1,dynamic
75,522,0.01,49,0,5790,5790,0.00107595,4601,0.00107595,0.00135308,0,0,0,iter,0,1,optk,1,dynamic
75,522,0.01,49,1,0,0,0,0,0,0,0,0,0,iter,0,1,optk,1,dynamic
75,522,0.01,51,0,22715,22715,0.0038831,16605,0.0038831,0.00529785,0,0,0,iter,0,1,optk,1,dynamic
75,522,0.01,51,1,0,0,0,0,0,0,0,0,0,iter,0,1,optk,1,dynamic
75,522,0.01,53,0,93285,93285,0.014594,62407,0.014594,0.0215786,0,0,0,iter,0,1,optk,1,dynamic
75,522,0.01,53,1,249,249,1.52003e-05,65,1.52003e-05,5.82272e-05,0,65,65,iter,0,1,optk,1,dynamic
75,522,0.01,55,0,291076,291076,0.0410984,175746,0.0410984,0.0658035,0,0,0,iter,0,1,optk,1,dynamic
75,522,0.01,55,1,6524,6524,0.000359429,1537,0.000359429,0.00152448,0,1545,1545,iter,0,1,optk,1,dynamic
75,522,0.01,57,0,916874,916874,0.112336,480375,0.112336,0.192984,0,0,0,iter,0,1,optk,1,dynamic
75,522,0.01,57,1,278335,278335,0.0103358,44198,0.0103358,0.0630159,0,0,0,iter,0,1,optk,1,dynamic
75,522,0.01,57,2,9787,9787,0.00123403,5277,0.00123403,0.00228608,5922,1,5923,iter,0,1,optk,1,dynamic
75,5217,0.1,41,0,0,0,0,0,0,0,0,0,0,iter,0,1,optk,4,dynamic
75,5217,0.1,43,0,0,0,0,0,0,0,0,0,0,iter,0,1,optk,4,dynamic
75,5217,0.1,45,0,73,73,4.07344e-22,192,4.49252e-06,6.83236e-06,0,0,0,iter,0,1,optk,4,dynamic
75,5217,0.1,45,1,0,0,0,0,0,0,0,0,0,iter,0,1,optk,4,dynamic
75,5217,0.1,47,0,894,894,2.6281e-17,3060,7.15996e-05,8.36698e-05,0,0,0,iter,0,1,optk,4,dynamic
75,5217,0.1,47,1,0,0,0,0,0,0,0,0,0,iter,0,1,optk,4,dynamic
75,5217,0.1,49,0,5790,5790,3.43655e-14,18401,0.000430557,0.000541764,0,0,0,iter,0,1,optk,4,dynamic
75,5217,0.1,49,1,0,0,0,0,0,0,0,0,0,iter,0,1,optk,4,dynamic
75,5217,0.1,51,0,22715,22715,5.85316e-12,66475,0.00155542,0.00212374,0,0,0,iter,0,1,optk,4,dynamic
75,5217,0.1,51,1,0,0,0,0,0,0,0,0,0,iter,0,1,optk,4,dynamic
75,5217,0.1,53,0,93285,93285,1.18108e-09,250542,0.00586232,0.00869294,0,0,0,iter,0,1,optk,4,dynamic
75,5217,0.1,53,1,0,0,0,0,0,0,0,0,0,iter,0,1,optk,4,dynamic
75,5217,0.1,55,0,291076,291076,7.69651e-08,711843,0.0166561,0.0268753,0,0,0,iter,0,1,optk,4,dynamic
75,5217,0.1,55,1,0,0,0,0,0,0,0,0,0,iter,0,1,optk,4,dynamic
75,5217,0.1,57,0,916874,916874,4.70716e-06,1990676,0.046579,0.0822352,0,0,0,iter,0,1,optk,4,dynamic
75,5217,0.1,57,1,27,27,9.94493e-26,24,5.61566e-07,2.52704e-06,1,6,7,iter,0,1,optk,4,dynamic
75,26083,0.5,41,0,0,0,0,0,0,0,0,0,0,iter,0,1,optk,18,dynamic
75,26083,0.5,43,0,0,0,0,0,0,0,0,0,0,iter,0,1,optk,18,dynamic
75,26083,0.5,45,0,73,73,8.35204e-98,864,4.04358e-06,6.1496e-06,0,0,0,iter,0,1,optk,18,dynamic
75,26083,0.5,45,1,0,0,0,0,0,0,0,0,0,iter,0,1,optk,18,dynamic
75,26083,0.5,47,0,894,894,3.67103e-76,13769,6.44399e-05,7.53089e-05,0,0,0,iter,0,1,optk,18,dynamic
75,26083,0.5,47,1,0,0,0,0,0,0,0,0,0,iter,0,1,optk,18,dynamic
75,26083,0.5,49,0,5790,5790,3.88148e-62,82799,0.000387505,0.000487638,0,0,0,iter,0,1,optk,18,dynamic
75,26083,0.5,49,1,0,0,0,0,0,0,0,0,0,iter,0,1,optk,18,dynamic
75,26083,0.5,51,0,22715,22715,4.27143e-52,299151,0.00140005,0.00191171,0,0,0,iter,0,1,optk,18,dynamic
75,26083,0.5,51,1,0,0,0,0,0,0,0,0,0,iter,0,1,optk,18,dynamic
75,26083,0.5,53,0,93285,93285,1.01273e-41,1127911,0.0052787,0.00782765,0,0,0,iter,0,1,optk,18,dynamic
75,26083,0.5,53,1,0,0,0,0,0,0,0,0,0,iter,0,1,optk,18,dynamic
75,26083,0.5,55,0,291076,291076,1.4903e-33,3206568,0.015007,0.0242224,0,0,0,iter,0,1,optk,18,dynamic
75,26083,0.5,55,1,0,0,0,0,0,0,0,0,0,iter,0,1,optk,18,dynamic
75,26083,0.5,57,0,916874,916874,1.67144e-25,8979507,0.0420247,0.0743311,0,0,0,iter,0,1,optk,18,dynamic
75,26083,0.5,57,1,21,21,3.13711e-117,72,3.36965e-07,1.76907e-06,1,4,5,iter,0,1,optk,18,dynamic
76,21,0.001,34,0,0,0,0,0,0,0,0,0,0,iter,0,1,optk,1,dynamic
76,21,0.001,36,0,0,0,0,0,0,0,0,0,0,iter,0,1,optk,1,dynamic
76,21,0.001,38,0,0,0,0,0,0,0,0,0,0,iter,0,1,optk,1,dynamic
76,21,0.001,40,0,0,0,0,0,0,0,0,0,0,iter,0,1,optk,1,dynamic
76,21,0.001,42,0,0,0,0,0,0,0,0,0,0,iter,0,1,optk,1,dynamic
76,21,0.001,44,0,55,55,0.000261579,45,0.000261579,0.000319657,0,0,0,iter,0,1,optk,1,dynamic
76,21,0.001,44,1,0,0,0,0,0,0,0,0,0,iter,0,1,optk,1,dynamic
76,21,0.001,46,0,0,0,0,0,0,0,0,0,0,iter,0,1,optk,1,dynamic
76,21,0.001,48,0,8703,8703,0.0287679,4949,0.0287679,0.0493311,0,0,0,iter,0,1,optk,1,dynamic
76,21,0.001,48,1,1334,1334,0.00418527,720,0.00418527,0.00772438,0,822,822,iter,0,1,optk,1,dynamic
76,21,0.001,50,0,71225,71225,0.178194,30655,0.178194,0.339013,0,0,0,iter,0,1,optk,1,dynamic
76,21,0.001,50,1,60906,60906,0.138131,23763,0.138131,0.298152,0,0,0,iter,0,1,optk,1,dynamic
76,21,0.001,50,2,10132,10132,0.027117,4665,0.027117,0.0571952,0,0,0,iter,0,1,optk,1,dynamic
76,21,0.001,50,3,9165,9165,0.0220308,3790,0.0220308,0.0518807,0,0,0,iter,0,1,optk,1,dynamic
76,21,0.001,50,4,1551,1551,0.00420852,724,0.00420852,0.00897524,866,0,866,iter,0,1,optk,1,dynamic
76,21,0.001,52,0,492833,492833,0.675212,116158,0.675212,0.943004,0,0,0,iter,0,1,optk,1,dynamic
76,21,0.001,52,0,54781,54781,0.118577,20399,0.118577,0.272714,22026,0,22026,type,0,8,optk,1,dynamic
76,21,0.001,52,1,1167525,1167525,0.903931,155505,0.903931,0.998871,0,0,0,iter,0,1,optk,1,dynamic
76,21,0.001,52,1,55936,55936,0.119303,20524,0.119303,0.27758,22182,0,22182,type,1,8,optk,1,dynamic
76,21,0.001,52,2,56171,56171,0.118972,20467,0.118972,0.278566,22063,0,22063,type,2,8,optk,1,dynamic
76,21,0.001,52,3,55284,55284,0.119792,20608,0.119792,0.274837,22287,0,22287,type,3,8,optk,1,dynamic
76,21,0.001,52,4,55697,55697,0.119292,20522,0.119292,0.276576,22181,0,22181,type,4,8,optk,1,dynamic
76,21,0.001,52,5,55977,55977,0.120367,20707,0.120367,0.277752,22297,0,22297,type,5,8,optk,1,dynamic
76,21,0.001,52,6,56863,56863,0.118885,20452,0.118885,0.281462,22059,0,22059,type,6,8,optk,1,dynamic
76,21,0.001,52,7,55694,55694,0.118164,20328,0.118164,0.276563,21907,0,21907,type,7,8,optk,1,dynamic
76,21,0.001,54,0,2867087,2867087,0.994896,171154,0.994896,1,0,0,0,iter,0,1,optk,1,dynamic
76,21,0.001,54,0,357073,357073,0.481341,82806,0.481341,0.874521,112620,1,112621,type,0,8,optk,1,dynamic
76,21,0.001,54,1,8419893,8419893,1,172032,1,1,0,0,0,iter,0,1,optk,1,dynamic
76,215,0.01,34,0,0,0,0,0,0,0,0,0,0,iter,0,1,optk,1,dynamic
76,215,0.01,36,0,0,0,0,0,0,0,0,0,0,iter,0,1,optk,1,dynamic
76,215,0.01,38,0,0,0,0,0,0,0,0,0,0,iter,0,1,optk,1,dynamic
76,215,0.01,40,0,0,0,0,0,0,0,0,0,0,iter,0,1,optk,1,dynamic
76,215,0.01,42,0,0,0,0,0,0,0,0,0,0,iter,0,1,optk,1,dynamic
76,215,0.01,44,0,55,55,2.55496e-05,45,2.55496e-05,3.12268e-05,0,0,0,iter,0,1,optk,1,dynamic
76,215,0.01,44,1,0,0,0,0,0,0,0,0,0,iter,0,1,optk,1,dynamic
76,215,0.01,46,0,0,0,0,0,0,0,0,0,0,iter,0,1,optk,1,dynamic
76,215,0.01,48,0,8703,8703,0.00284509,5011,0.00284509,0.0049291,0,0,0,iter,0,1,optk,1,dynamic
76,215,0.01,48,1,104,104,3.29306e-05,58,3.29306e-05,5.90462e-05,0,60,60,iter,0,1,optk,1,dynamic
76,215,0.01,50,0,71225,71225,0.0189646,33402,0.0189646,0.0396326,0,0,0,iter,0,1,optk,1,dynamic
76,215,0.01,50,1,6319,6319,0.00150345,2648,0.00150345,0.0035813,0,2851,2851,iter,0,1,optk,1,dynamic
76,215,0.01,52,0,492833,492833,0.103839,182890,0.103839,0.244077,0,0,0,iter,0,1,optk,1,dynamic
76,215,0.01,52,1,182375,182375,0.0348786,61431,0.0348786,0.0983662,0,0,0,iter,0,1,optk,1,dynamic
76,215,0.01,52,2,16895,16895,0.00380292,6698,0.00380292,0.00954659,7422,0,7422,iter,0,1,optk,1,dynamic
76,215,0.01,54,0,2867087,2867087,0.400766,705862,0.400766,0.803647,0,0,0,iter,0,1,optk,1,dynamic
76,215,0.01,54,0,292742,292742,0.0512854,90328,0.0512854,0.153131,99294,1,99295,type,0,4,optk,1,dynamic
76,215,0.01,54,1,3395068,3395068,0.410222,722515,0.410222,0.854505,0,0,0,iter,0,1,optk,1,dynamic
76,2148,0.1,34,0,0,0,0,0,0,0,0,0,0,iter,0,1,optk,4,dynamic
76,2148,0.1,36,0,0,0,0,0,0,0,0,0,0,iter,0,1,optk,4,dynamic
76,2148,0.1,38,0,0,0,0,0,0,0,0,0,0,iter,0,1,optk,4,dynamic
76,2148,0.1,40,0,0,0,0,0,0,0,0,0,0,iter,0,1,optk,4,dynamic
76,2148,0.1,42,0,0,0,0,0,0,0,0,0,0,iter,0,1,optk,4,dynamic
76,2148,0.1,44,0,55,55,1.09495e-20,180,1.02294e-05,1.25025e-05,0,0,0,iter,0,1,optk,4,dynamic
76,2148,0.1,44,1,0,0,0,0,0,0,0,0,0,iter,0,1,optk,4,dynamic
76,2148,0.1,46,0,0,0,0,0,0,0,0,0,0,iter,0,1,optk,4,dynamic
76,2148,0.1,48,0,8703,8703,1.68596e-12,20051,0.00113949,0.0019764,0,0,0,iter,0,1,optk,4,dynamic
76,2148,0.1,48,1,0,0,0,0,0,0,0,0,0,iter,0,1,optk,4,dynamic
76,2148,0.1,50,0,71225,71225,3.41182e-09,134484,0.00764269,0.0160604,0,0,0,iter,0,1,optk,4,dynamic
76,2148,0.1,50,1,0,0,0,0,0,0,0,0,0,iter,0,1,optk,4,dynamic
76,2148,0.1,52,0,492833,492833,3.40835e-06,756067,0.0429671,0.105983,0,0,0,iter,0,1,optk,4,dynamic
76,2148,0.1,52,1,1,1,2.6702e-27,4,2.27319e-07,2.27319e-07,0,1,1,iter,0,1,optk,4,dynamic
76,2148,0.1,54,0,2867087,2867087,0.00118087,3261930,0.185375,0.478864,0,0,0,iter,0,1,optk,4,dynamic
76,2148,0.1,54,1,10556,10556,1.56977e-13,11076,0.000629446,0.0023967,1,2770,2771,iter,0,1,optk,4,dynamic
76,10739,0.5,34,0,0,0,0,0,0,0,0,0,0,iter,0,1,optk,22,dynamic
76,10739,0.5,36,0,0,0,0,0,0,0,0,0,0,iter,0,1,optk,22,dynamic
76,10739,0.5,38,0,0,0,0,0,0,0,0,0,0,iter,0,1,optk,22,dynamic
76,10739,0.5,40,0,0,0,0,0,0,0,0,0,0,iter,0,1,optk,22,dynamic
76,10739,0.5,42,0,0,0,0,0,0,0,0,0,0,iter,0,1,optk,22,dynamic
76,10739,0.5,44,0,55,55,1.34336e-109,990,1.12533e-05,1.3754e-05,0,0,0,iter,0,1,optk,22,dynamic
76,10739,0.5,44,1,0,0,0,0,0,0,0,0,0,iter,0,1,optk,22,dynamic
76,10739,0.5,46,0,0,0,0,0,0,0,0,0,0,iter,0,1,optk,22,dynamic
76,10739,0.5,48,0,8703,8703,1.43685e-64,110260,0.00125333,0.00217403,0,0,0,iter,0,1,optk,22,dynamic
76,10739,0.5,48,1,0,0,0,0,0,0,0,0,0,iter,0,1,optk,22,dynamic
76,10739,0.5,50,0,71225,71225,2.1772e-46,739271,0.0084033,0.0176538,0,0,0,iter,0,1,optk,22,dynamic
76,10739,0.5,50,1,0,0,0,0,0,0,0,0,0,iter,0,1,optk,22,dynamic
76,10739,0.5,52,0,492833,492833,6.63173e-30,4150153,0.0471748,0.115953,0,0,0,iter,0,1,optk,22,dynamic
76,10739,0.5,52,1,0,0,0,0,0,0,0,0,0,iter,0,1,optk,22,dynamic
76,10739,0.5,54,0,2867087,2867087,5.17724e-16,17763972,0.201923,0.511778,0,0,0,iter,0,1,optk,22,dynamic
76,10739,0.5,54,1,7,7,1.36413e-130,110,1.25037e-06,1.75052e-06,1,5,6,iter,0,1,optk,22,dynamic
77,3,0.001,41,0,0,0,0,0,0,0,0,0,0,iter,0,1,optk,1,dynamic
77,3,0.001,43,0,0,0,0,0,0,0,0,0,0,iter,0,1,optk,1,dynamic
77,3,0.001,45,0,31,31,0.00101725,25,0.00101725,0.0012606,0,0,0,iter,0,1,optk,1,dynamic
77,3,0.001,45,1,0,0,0,0,0,0,0,0,0,iter,0,1,optk,1,dynamic
77,3,0.001,47,0,953,953,0.0346273,851,0.0346273,0.0380354,0,0,0,iter,0,1,optk,1,dynamic
77,3,0.001,47,1,0,0,0,0,0,0,0,0,0,iter,0,1,optk,1,dynamic
77,3,0.001,49,0,4236,4236,0.137248,3373,0.137248,0.158327,0,0,0,iter,0,1,optk,1,dynamic
77,3,0.001,49,1,43,43,0.000895182,22,0.000895182,0.00174814,0,22,22,iter,0,1,optk,1,dynamic
77,3,0.001,51,0,15901,15901,0.409058,10053,0.409058,0.476393,0,0,0,iter,0,1,optk,1,dynamic
77,3,0.001,51,1,2536,2536,0.0369059,907,0.0369059,0.0980445,0,0,0,iter,0,1,optk,1,dynamic
77,3,0.001,51,2,605,605,0.0193278,475,0.0193278,0.024317,0,0,0,iter,0,1,optk,1,dynamic
77,3,0.001,51,3,135,135,0.00203451,50,0.00203451,0.0054781,0,54,54,iter,0,1,optk,1,dynamic
77,3,0.001,53,0,4599,4599,0.132161,3248,0.132161,0.170667,4259,0,4259,type,0,4,optk,1,dynamic
77,3,0.001,53,0,49353,49353,0.779297,19152,0.779297,0.865767,0,0,0,iter,0,1,optk,1,dynamic
77,3,0.001,53,1,43508,43508,0.371989,9142,0.371989,0.829726,0,0,0,iter,0,1,optk,1,dynamic
77,3,0.001,53,1,4619,4619,0.130412,3205,0.130412,0.171342,4246,0,4246,type,1,4,optk,1,dynamic
77,3,0.001,53,2,4711,4711,0.134237,3299,0.134237,0.174438,4294,1,4295,type,2,4,optk,1,dynamic
77,32,0.01,41,0,0,0,0,0,0,0,0,0,0,iter,0,1,optk,1,dynamic
77,32,0.01,43,0,0,0,0,0,0,0,0,0,0,iter,0,1,optk,1,dynamic
77,32,0.01,45,0,31,31,9.53674e-05,25,9.53674e-05,0.000118249,0,0,0,iter,0,1,optk,1,dynamic
77,32,0.01,45,1,0,0,0,0,0,0,0,0,0,iter,0,1,optk,1,dynamic
77,32,0.01,47,0,953,953,0.00330353,866,0.00330353,0.00362881,0,0,0,iter,0,1,optk,1,dynamic
77,32,0.01,47,1,0,0,0,0,0,0,0,0,0,iter,0,1,optk,1,dynamic
77,32,0.01,49,0,4236,4236,0.0138016,3618,0.0138016,0.0160292,0,0,0,iter,0,1,optk,1,dynamic
77,32,0.01,49,1,8,8,1.52588e-05,4,1.52588e-05,3.05171e-05,0,4,4,iter,0,1,optk,1,dynamic
77,32,0.01,51,0,15901,15901,0.0480003,12583,0.0480003,0.0588545,0,0,0,iter,0,1,optk,1,dynamic
77,32,0.01,51,1,254,254,0.000408173,107,0.000408173,0.000968464,0,107,107,iter,0,1,optk,1,dynamic
77,32,0.01,53,0,49353,49353,0.132385,34704,0.132385,0.171606,0,0,0,iter,0,1,optk,1,dynamic
77,32,0.01,53,1,7108,7108,0.00746918,1958,0.00746918,0.0267506,0,0,0,iter,0,1,optk,1,dynamic
77,32,0.01,53,2,379,379,0.00105286,276,0.00105286,0.00144473,312,1,313,iter,0,1,optk,1,dynamic
77,316,0.1,41,0,0,0,0,0,0,0,0,0,0,iter,0,1,optk,2,dynamic
77,316,0.1,43,0,0,0,0,0,0,0,0,0,0,iter,0,1,optk,2,dynamic
77,316,0.1,45,0,31,31,3.73066e-10,50,1.93149e-05,2.39502e-05,0,0,0,iter,0,1,optk,2,dynamic
77,316,0.1,45,1,0,0,0,0,0,0,0,0,0,iter,0,1,optk,2,dynamic
77,316,0.1,47,0,953,953,4.47653e-07,1732,0.000669069,0.000736014,0,0,0,iter,0,1,optk,2,dynamic
77,316,0.1,47,1,0,0,0,0,0,0,0,0,0,iter,0,1,optk,2,dynamic
77,316,0.1,49,0,4236,4236,7.91094e-06,7281,0.00281264,0.00326737,0,0,0,iter,0,1,optk,2,dynamic
77,316,0.1,49,1,0,0,0,0,0,0,0,0,0,iter,0,1,optk,2,dynamic
77,316,0.1,51,0,15901,15901,9.84169e-05,25681,0.00992053,0.0122099,0,0,0,iter,0,1,optk,2,dynamic
77,316,0.1,51,1,0,0,0,0,0,0,0,0,0,iter,0,1,optk,2,dynamic
77,316,0.1,53,0,49353,49353,0.000805172,73455,0.0283756,0.0374122,0,0,0,iter,0,1,optk,2,dynamic
77,316,0.1,53,1,23,23,5.96906e-11,20,7.72597e-06,1.77696e-05,1,10,11,iter,0,1,optk,2,dynamic
77,1581,0.5,41,0,0,0,0,0,0,0,0,0,0,iter,0,1,optk,12,dynamic
77,1581,0.5,43,0,0,0,0,0,0,0,0,0,0,iter,0,1,optk,12,dynamic
77,1581,0.5,45,0,31,31,2.38558e-56,300,2.31632e-05,2.8722e-05,0,0,0,iter,0,1,optk,12,dynamic
77,1581,0.5,45,1,0,0,0,0,0,0,0,0,0,iter,0,1,optk,12,dynamic
77,1581,0.5,47,0,953,953,7.06344e-38,10385,0.000801834,0.000882593,0,0,0,iter,0,1,optk,12,dynamic
77,1581,0.5,47,1,0,0,0,0,0,0,0,0,0,iter,0,1,optk,12,dynamic
77,1581,0.5,49,0,4236,4236,2.15231e-30,43658,0.00337087,0.00391709,0,0,0,iter,0,1,optk,12,dynamic
77,1581,0.5,49,1,0,0,0,0,0,0,0,0,0,iter,0,1,optk,12,dynamic
77,1581,0.5,51,0,15901,15901,7.92134e-24,153894,0.0118823,0.0146248,0,0,0,iter,0,1,optk,12,dynamic
77,1581,0.5,51,1,0,0,0,0,0,0,0,0,0,iter,0,1,optk,12,dynamic
77,1581,0.5,53,0,49353,49353,2.33901e-18,439617,0.0339432,0.0446973,0,0,0,iter,0,1,optk,12,dynamic
77,1581,0.5,53,1,6,6,1.63936e-69,24,1.85306e-06,5.55916e-06,1,2,3,iter,0,1,optk,12,dynamic
78,1,0.001,28,0,0,0,0,0,0,0,0,0,0,iter,0,1,optk,1,dynamic
78,1,0.001,30,0,0,0,0,0,0,0,0,0,0,iter,0,1,optk,1,dynamic
78,1,0.001,32,0,0,0,0,0,0,0,0,0,0,iter,0,1,optk,1,dynamic
78,1,0.001,34,0,5,5,0.000488281,4,0.000488281,0.000610165,0,0,0,iter,0,1,optk,1,dynamic
78,1,0.001,34,1,0,0,0,0,0,0,0,0,0,iter,0,1,optk,1,dynamic
78,1,0.001,36,0,38,38,0.00402832,33,0.00402832,0.00462793,0,0,0,iter,0,1,optk,1,dynamic
78,1,0.001,36,1,1,1,0.00012207,1,0.00012207,0.000122063,0,1,1,iter,0,1,optk,1,dynamic
78,1,0.001,38,0,778,778,0.0695801,570,0.0695801,0.0906004,0,0,0,iter,0,1,optk,1,dynamic
78,1,0.001,38,1,141,141,0.0124512,102,0.0124512,0.0170646,0,113,113,iter,0,1,optk,1,dynamic
78,1,0.001,40,0,1065,1065,0.0855713,701,0.0855713,0.121909,851,0,851,type,0,2,optk,1,dynamic
78,1,0.001,40,0,6209,6209,0.405029,3318,0.405029,0.531367,0,0,0,iter,0,1,optk,1,dynamic
78,1,0.001,40,1,5009,5009,0.338623,2774,0.338623,0.457437,0,0,0,iter,0,1,optk,1,dynamic
78,1,0.001,40,1,971,971,0.0780029,639,0.0780029,0.111775,780,0,780,type,1,2,optk,1,dynamic
78,1,0.001,42,0,41753,41753,0.947388,7761,0.947388,0.993884,0,0,0,iter,0,1,optk,1,dynamic
78,1,0.001,42,0,5088,5088,0.311646,2553,0.311646,0.462644,3011,0,3011,type,0,8,optk,1,dynamic
78,1,0.001,42,1,5070,5070,0.302612,2479,0.302612,0.461462,2987,0,2987,type,1,8,optk,1,dynamic
78,1,0.001,42,1,59894,59894,0.984131,8062,0.984131,0.999332,0,0,0,iter,0,1,optk,1,dynamic
78,1,0.001,42,2,5297,5297,0.31604,2589,0.31604,0.47618,3116,0,3116,type,2,8,optk,1,dynamic
78,1,0.001,42,3,5151,5151,0.313477,2568,0.313477,0.46676,3090,1,3091,type,3,8,optk,1,dynamic
78,7,0.01,28,0,0,0,0,0,0,0,0,0,0,iter,0,1,optk,1,dynamic
78,7,0.01,30,0,0,0,0,0,0,0,0,0,0,iter,0,1,optk,1,dynamic
78,7,0.01,32,0,0,0,0,0,0,0,0,0,0,iter,0,1,optk,1,dynamic
78,7,0.01,34,0,5,5,6.97545e-05,4,6.97545e-05,8.71893e-05,0,0,0,iter,0,1,optk,1,dynamic
78,7,0.01,34,1,0,0,0,0,0,0,0,0,0,iter,0,1,optk,1,dynamic
78,7,0.01,36,0,38,38,0.000575474,33,0.000575474,0.000662448,0,0,0,iter,0,1,optk,1,dynamic
78,7,0.01,36,1,0,0,0,0,0,0,0,0,0,iter,0,1,optk,1,dynamic
78,7,0.01,38,0,778,778,0.0102539,588,0.0102539,0.0134756,0,0,0,iter,0,1,optk,1,dynamic
78,7,0.01,38,1,22,22,0.000296456,17,0.000296456,0.000383576,0,17,17,iter,0,1,optk,1,dynamic
78,7,0.01,40,0,6209,6209,0.0709577,4069,0.0709577,0.10262,0,0,0,iter,0,1,optk,1,dynamic
78,7,0.01,40,1,927,927,0.0104632,600,0.0104632,0.0160356,0,692,692,iter,0,1,optk,1,dynamic
78,7,0.01,42,0,41753,41753,0.347395,19921,0.347395,0.517182,0,0,0,iter,0,1,optk,1,dynamic
78,7,0.01,42,1,22343,22343,0.198626,11390,0.198626,0.322693,0,0,0,iter,0,1,optk,1,dynamic
78,7,0.01,42,2,8483,8483,0.0824672,4729,0.0824672,0.13751,0,0,0,iter,0,1,optk,1,dynamic
78,7,0.01,42,3,5084,5084,0.0510951,2930,0.0510951,0.0848414,0,0,0,iter,0,1,optk,1,dynamic
78,7,0.01,42,4,2305,2305,0.0225133,1291,0.0225133,0.0393989,0,0,0,iter,0,1,optk,1,dynamic
78,7,0.01,42,5,1535,1535,0.0141253,810,0.0141253,0.0264132,0,0,0,iter,0,1,optk,1,dynamic
78,7,0.01,42,6,597,597,0.00619071,355,0.00619071,0.0103568,515,1,516,iter,0,1,optk,1,dynamic
78,72,0.1,28,0,0,0,0,0,0,0,0,0,0,iter,0,1,optk,4,dynamic
78,72,0.1,30,0,0,0,0,0,0,0,0,0,0,iter,0,1,optk,4,dynamic
78,72,0.1,32,0,0,0,0,0,0,0,0,0,0,iter,0,1,optk,4,dynamic
78,72,0.1,34,0,5,5,5.4149e-19,16,2.71267e-05,3.39078e-05,0,0,0,iter,0,1,optk,4,dynamic
78,72,0.1,34,1,0,0,0,0,0,0,0,0,0,iter,0,1,optk,4,dynamic
78,72,0.1,36,0,38,38,2.50845e-15,132,0.000223796,0.000257671,0,0,0,iter,0,1,optk,4,dynamic
78,72,0.1,36,1,0,0,0,0,0,0,0,0,0,iter,0,1,optk,4,dynamic
78,72,0.1,38,0,778,778,2.52848e-10,2352,0.00398763,0.00526226,0,0,0,iter,0,1,optk,4,dynamic
78,72,0.1,38,1,0,0,0,0,0,0,0,0,0,iter,0,1,optk,4,dynamic
78,72,0.1,40,0,6209,6209,6.43114e-07,16703,0.0283186,0.0412333,0,0,0,iter,0,1,optk,4,dynamic
78,72,0.1,40,1,0,0,0,0,0,0,0,0,0,iter,0,1,optk,4,dynamic
78,72,0.1,42,0,41753,41753,0.000550851,90361,0.1532,0.246597,0,0,0,iter,0,1,optk,4,dynamic
78,72,0.1,42,1,30,30,3.38431e-16,80,0.000135634,0.00020343,1,20,21,iter,0,1,optk,4,dynamic
78,362,0.5,28,0,0,0,0,0,0,0,0,0,0,iter,0,1,optk,22,dynamic
78,362,0.5,30,0,0,0,0,0,0,0,0,0,0,iter,0,1,optk,22,dynamic
78,362,0.5,32,0,0,0,0,0,0,0,0,0,0,iter,0,1,optk,22,dynamic
78,362,0.5,34,0,5,5,2.4686e-100,88,2.96746e-05,3.70925e-05,0,0,0,iter,0,1,optk,22,dynamic
78,362,0.5,34,1,0,0,0,0,0,0,0,0,0,iter,0,1,optk,22,dynamic
78,362,0.5,36,0,38,38,3.58458e-80,726,0.000244815,0.000281869,0,0,0,iter,0,1,optk,22,dynamic
78,362,0.5,36,1,0,0,0,0,0,0,0,0,0,iter,0,1,optk,22,dynamic
78,362,0.5,38,0,778,778,1.1722e-52,12930,0.00436014,0.00575508,0,0,0,iter,0,1,optk,22,dynamic
78,362,0.5,38,1,0,0,0,0,0,0,0,0,0,iter,0,1,optk,22,dynamic
78,362,0.5,40,0,6209,6209,6.20183e-34,91763,0.0309435,0.0450176,0,0,0,iter,0,1,optk,22,dynamic
78,362,0.5,40,1,0,0,0,0,0,0,0,0,0,iter,0,1,optk,22,dynamic
78,362,0.5,42,0,41753,41753,7.6122e-18,494294,0.166681,0.26637,0,0,0,iter,0,1,optk,22,dynamic
78,362,0.5,42,1,1,1,1.40324e-113,22,7.41864e-06,7.41861e-06,1,1,2,iter,0,1,optk,22,dynamic
79,34,0.001,43,0,0,0,0,0,0,0,0,0,0,iter,0,1,optk,1,dynamic
79,34,0.001,45,0,0,0,0,0,0,0,0,0,0,iter,0,1,optk,1,dynamic
79,34,0.001,47,0,31,31,8.61673e-05,24,8.61673e-05,0.000111293,0,0,0,iter,0,1,optk,1,dynamic
79,34,0.001,47,1,0,0,0,0,0,0,0,0,0,iter,0,1,optk,1,dynamic
79,34,0.001,49,0,125,125,0.000272863,76,0.000272863,0.000448687,0,0,0,iter,0,1,optk,1,dynamic
79,34,0.001,49,1,0,0,0,0,0,0,0,0,0,iter,0,1,optk,1,dynamic
79,34,0.001,51,0,3762,3762,0.00541059,1507,0.00541059,0.0134159,0,0,0,iter,0,1,optk,1,dynamic
79,34,0.001,51,1,51,51,0.000136432,38,0.000136432,0.000183089,0,38,38,iter,0,1,optk,1,dynamic
79,34,0.001,53,0,65268,65268,0.0758703,21132,0.0758703,0.208901,0,0,0,iter,0,1,optk,1,dynamic
79,34,0.001,53,1,4770,4770,0.0106201,2958,0.0106201,0.0169799,0,3336,3336,iter,0,1,optk,1,dynamic
79,34,0.001,55,0,728591,728591,0.53181,148124,0.53181,0.926895,0,0,0,iter,0,1,optk,1,dynamic
79,34,0.001,55,0,80957,80957,0.0812665,22635,0.0812665,0.25223,27362,0,27362,type,0,3,optk,1,dynamic
79,34,0.001,55,1,212104,212104,0.332695,92665,0.332695,0.533043,0,0,0,iter,0,1,optk,1,dynamic
79,34,0.001,55,1,80127,80127,0.0803905,22391,0.0803905,0.249999,27105,0,27105,type,1,3,optk,1,dynamic
79,34,0.001,55,2,79442,79442,0.081148,22602,0.081148,0.248152,27228,0,27228,type,2,3,optk,1,dynamic
79,34,0.001,57,0,5806462,5806462,0.994001,276857,0.994001,1,0,0,0,iter,0,1,optk,1,dynamic
79,34,0.001,57,0,707229,707229,0.464334,129330,0.464334,0.921068,175916,0,175916,type,0,8,optk,1,dynamic
79,34,0.001,57,1,2467128,2467128,0.976588,272007,0.976588,0.999858,0,0,0,iter,0,1,optk,1,dynamic
79,34,0.001,57,1,709946,709946,0.464499,129376,0.464499,0.921834,175840,0,175840,type,1,8,optk,1,dynamic
79,34,0.001,57,2,707123,707123,0.46316,129003,0.46316,0.921038,175150,0,175150,type,2,8,optk,1,dynamic
79,34,0.001,57,3,708626,708626,0.464826,129467,0.464826,0.921463,176018,0,176018,type,3,8,optk,1,dynamic
79,34,0.001,57,4,709081,709081,0.464183,129288,0.464183,0.921591,176002,0,176002,type,4,8,optk,1,dynamic
79,34,0.001,57,5,708868,708868,0.465361,129616,0.465361,0.921531,176074,0,176074,type,5,8,optk,1,dynamic
79,34,0.001,57,6,709465,709465,0.46409,129262,0.46409,0.921699,175625,0,175625,type,6,8,optk,1,dynamic
79,34,0.001,57,7,710315,710315,0.465404,129628,0.465404,0.921938,176637,1,176638,type,7,8,optk,1,dynamic
79,343,0.01,43,0,0,0,0,0,0,0,0,0,0,iter,0,1,optk,1,dynamic
79,343,0.01,45,0,0,0,0,0,0,0,0,0,0,iter,0,1,optk,1,dynamic
79,343,0.01,47,0,31,31,8.54136e-06,24,8.54136e-06,1.10325e-05,0,0,0,iter,0,1,optk,1,dynamic
79,343,0.01,47,1,0,0,0,0,0,0,0,0,0,iter,0,1,optk,1,dynamic
79,343,0.01,49,0,125,125,2.70476e-05,76,2.70476e-05,4.44853e-05,0,0,0,iter,0,1,optk,1,dynamic
79,343,0.01,49,1,0,0,0,0,0,0,0,0,0,iter,0,1,optk,1,dynamic
79,343,0.01,51,0,3762,3762,0.000539529,1516,0.000539529,0.00133796,0,0,0,iter,0,1,optk,1,dynamic
79,343,0.01,51,1,1,1,3.5589e-07,1,3.5589e-07,3.5589e-07,0,1,1,iter,0,1,optk,1,dynamic
79,343,0.01,53,0,65268,65268,0.00778581,21877,0.00778581,0.0229605,0,0,0,iter,0,1,optk,1,dynamic
79,343,0.01,53,1,535,535,0.000121359,341,0.000121359,0.000190383,0,345,345,iter,0,1,optk,1,dynamic
79,343,0.01,55,0,728591,728591,0.0726521,204142,0.0726521,0.228407,0,0,0,iter,0,1,optk,1,dynamic
79,343,0.01,55,1,28754,28754,0.00542377,15240,0.00542377,0.0101811,0,16301,16301,iter,0,1,optk,1,dynamic
79,343,0.01,57,0,397065,397065,0.0343829,96611,0.0343829,0.131781,119516,0,119516,type,0,2,optk,1,dynamic
79,343,0.01,57,0,5806462,5806462,0.397926,1118115,0.397926,0.873367,0,0,0,iter,0,1,optk,1,dynamic
79,343,0.01,57,1,402049,402049,0.0346477,97355,0.0346477,0.13332,120149,1,120150,type,1,2,optk,1,dynamic
79,343,0.01,57,1,987312,987312,0.138186,388282,0.138186,0.29628,0,0,0,iter,0,1,optk,1,dynamic
79,3428,0.1,43,0,0,0,0,0,0,0,0,0,0,iter,0,1,optk,4,dynamic
79,3428,0.1,45,0,0,0,0,0,0,0,0,0,0,iter,0,1,optk,4,dynamic
79,3428,0.1,47,0,31,31,1.36572e-22,96,3.41854e-06,4.4156e-06,0,0,0,iter,0,1,optk,4,dynamic
79,3428,0.1,47,1,0,0,0,0,0,0,0,0,0,iter,0,1,optk,4,dynamic
79,3428,0.1,49,0,125,125,1.37332e-20,304,1.08254e-05,1.78047e-05,0,0,0,iter,0,1,optk,4,dynamic
79,3428,0.1,49,1,0,0,0,0,0,0,0,0,0,iter,0,1,optk,4,dynamic
79,3428,0.1,51,0,3762,3762,2.1714e-15,6062,0.000215866,0.000535712,0,0,0,iter,0,1,optk,4,dynamic
79,3428,0.1,51,1,0,0,0,0,0,0,0,0,0,iter,0,1,optk,4,dynamic
79,3428,0.1,53,0,65268,65268,9.50731e-11,87689,0.00312259,0.00925363,0,0,0,iter,0,1,optk,4,dynamic
79,3428,0.1,53,1,0,0,0,0,0,0,0,0,0,iter,0,1,optk,4,dynamic
79,3428,0.1,55,0,728591,728591,7.79735e-07,834483,0.0297158,0.0985763,0,0,0,iter,0,1,optk,4,dynamic
79,3428,0.1,55,1,0,0,0,0,0,0,0,0,0,iter,0,1,optk,4,dynamic
79,3428,0.1,57,0,5806462,5806462,0.00113875,5158676,0.183699,0.56267,0,0,0,iter,0,1,optk,4,dynamic
79,3428,0.1,57,1,3005,3005,8.53575e-16,4800,0.000170927,0.000427938,1,1200,1201,iter,0,1,optk,4,dynamic
79,17139,0.5,43,0,0,0,0,0,0,0,0,0,0,iter,0,1,optk,22,dynamic
79,17139,0.5,45,0,0,0,0,0,0,0,0,0,0,iter,0,1,optk,22,dynamic
79,17139,0.5,47,0,31,31,4.52571e-120,528,3.76061e-06,4.85745e-06,0,0,0,iter,0,1,optk,22,dynamic
79,17139,0.5,47,1,0,0,0,0,0,0,0,0,0,iter,0,1,optk,22,dynamic
79,17139,0.5,49,0,125,125,4.66594e-109,1672,1.19086e-05,1.95863e-05,0,0,0,iter,0,1,optk,22,dynamic
79,17139,0.5,49,1,0,0,0,0,0,0,0,0,0,iter,0,1,optk,22,dynamic
79,17139,0.5,51,0,3762,3762,1.84316e-80,33349,0.000237524,0.000589302,0,0,0,iter,0,1,optk,22,dynamic
79,17139,0.5,51,1,0,0,0,0,0,0,0,0,0,iter,0,1,optk,22,dynamic
79,17139,0.5,53,0,65268,65268,6.16577e-55,482263,0.00343486,0.0101749,0,0,0,iter,0,1,optk,22,dynamic
79,17139,0.5,53,1,0,0,0,0,0,0,0,0,0,iter,0,1,optk,22,dynamic
79,17139,0.5,55,0,728591,728591,2.0107e-33,4583149,0.0326429,0.107889,0,0,0,iter,0,1,optk,22,dynamic
79,17139,0.5,55,1,0,0,0,0,0,0,0,0,0,iter,0,1,optk,22,dynamic
79,17139,0.5,57,0,5806462,5806462,4.23409e-16,28092590,0.200086,0.597406,0,0,0,iter,0,1,optk,22,dynamic
79,17139,0.5,57,1,1,1,1.95452e-150,22,1.56692e-07,1.56692e-07,1,1,2,iter,0,1,optk,22,dynamic
80,1,0.001,39,0,0,0,0,0,0,0,0,0,0,iter,0,1,optk,1,dynamic
80,1,0.001,41,0,0,0,0,0,0,0,0,0,0,iter,0,1,optk,1,dynamic
80,1,0.001,43,0,0,0,0,0,0,0,0,0,0,iter,0,1,optk,1,dynamic
80,1,0.001,45,0,68,68,0.00732422,60,0.00732422,0.00826642,0,0,0,iter,0,1,optk,1,dynamic
80,1,0.001,45,1,0,0,0,0,0,0,0,0,0,iter,0,1,optk,1,dynamic
80,1,0.001,47,0,14,14,0.00170898,14,0.00170898,0.00170752,0,0,0,iter,0,1,optk,1,dynamic
80,1,0.001,47,1,0,0,0,0,0,0,0,0,0,iter,0,1,optk,1,dynamic
80,1,0.001,49,0,32,32,0.00390625,32,0.00390625,0.00389863,0,0,0,iter,0,1,optk,1,dynamic
80,1,0.001,49,1,0,0,0,0,0,0,0,0,0,iter,0,1,optk,1,dynamic
80,1,0.001,51,0,66,66,0.00805664,66,0.00805664,0.00802427,0,0,0,iter,0,1,optk,1,dynamic
80,1,0.001,51,1,0,0,0,0,0,0,0,0,0,iter,0,1,optk,1,dynamic
80,1,0.001,53,0,136,136,0.0163574,134,0.0163574,0.0164645,0,0,0,iter,0,1,optk,1,dynamic
80,1,0.001,53,1,3,3,0.000244141,2,0.000244141,0.000366144,1,2,3,iter,0,1,optk,1,dynamic
80,14,0.01,39,0,0,0,0,0,0,0,0,0,0,iter,0,1,optk,1,dynamic
80,14,0.01,41,0,0,0,0,0,0,0,0,0,0,iter,0,1,optk,1,dynamic
80,14,0.01,43,0,0,0,0,0,0,0,0,0,0,iter,0,1,optk,1,dynamic
80,14,0.01,45,0,68,68,0.000523158,60,0.000523158,0.000592737,0,0,0,iter,0,1,optk,1,dynamic
80,14,0.01,45,1,0,0,0,0,0,0,0,0,0,iter,0,1,optk,1,dynamic
80,14,0.01,47,0,14,14,0.00012207,14,0.00012207,0.000122063,0,0,0,iter,0,1,optk,1,dynamic
80,14,0.01,47,1,0,0,0,0,0,0,0,0,0,iter,0,1,optk,1,dynamic
80,14,0.01,49,0,32,32,0.000279018,32,0.000279018,0.000278979,0,0,0,iter,0,1,optk,1,dynamic
80,14,0.01,49,1,0,0,0,0,0,0,0,0,0,iter,0,1,optk,1,dynamic
80,14,0.01,51,0,66,66,0.000575474,66,0.000575474,0.000575309,0,0,0,iter,0,1,optk,1,dynamic
80,14,0.01,51,1,0,0,0,0,0,0,0,0,0,iter,0,1,optk,1,dynamic
80,14,0.01,53,0,136,136,0.00116839,134,0.00116839,0.00118512,0,0,0,iter,0,1,optk,1,dynamic
80,14,0.01,53,1,2,2,8.71931e-06,1,8.71931e-06,1.74385e-05,1,1,2,iter,0,1,optk,1,dynamic
80,141,0.1,39,0,0,0,0,0,0,0,0,0,0,iter,0,1,optk,1,dynamic
80,141,0.1,41,0,0,0,0,0,0,0,0,0,0,iter,0,1,optk,1,dynamic
80,141,0.1,43,0,0,0,0,0,0,0,0,0,0,iter,0,1,optk,1,dynamic
80,141,0.1,45,0,68,68,5.19448e-05,60,5.19448e-05,5.88691e-05,0,0,0,iter,0,1,optk,1,dynamic
80,141,0.1,45,1,0,0,0,0,0,0,0,0,0,iter,0,1,optk,1,dynamic
80,141,0.1,47,0,14,14,1.21205e-05,14,1.21205e-05,1.21204e-05,0,0,0,iter,0,1,optk,1,dynamic
80,141,0.1,47,1,0,0,0,0,0,0,0,0,0,iter,0,1,optk,1,dynamic
80,141,0.1,49,0,32,32,2.77039e-05,32,2.77039e-05,2.77035e-05,0,0,0,iter,0,1,optk,1,dynamic
80,141,0.1,49,1,0,0,0,0,0,0,0,0,0,iter,0,1,optk,1,dynamic
80,141,0.1,51,0,66,66,5.71393e-05,66,5.71393e-05,5.71377e-05,0,0,0,iter,0,1,optk,1,dynamic
80,141,0.1,51,1,0,0,0,0,0,0,0,0,0,iter,0,1,optk,1,dynamic
80,141,0.1,53,0,136,136,0.00011601,134,0.00011601,0.000117735,0,0,0,iter,0,1,optk,1,dynamic
80,141,0.1,53,1,2,2,8.65747e-07,1,8.65747e-07,1.73149e-06,1,1,2,iter,0,1,optk,1,dynamic
80,707,0.5,39,0,0,0,0,0,0,0,0,0,0,iter,0,1,optk,4,dynamic
80,707,0.5,41,0,0,0,0,0,0,0,0,0,0,iter,0,1,optk,4,dynamic
80,707,0.5,43,0,0,0,0,0,0,0,0,0,0,iter,0,1,optk,4,dynamic
80,707,0.5,45,0,68,68,2.94854e-18,240,4.14383e-05,4.69623e-05,0,0,0,iter,0,1,optk,4,dynamic
80,707,0.5,45,1,0,0,0,0,0,0,0,0,0,iter,0,1,optk,4,dynamic
80,707,0.5,47,0,14,14,8.74007e-21,56,9.66894e-06,9.66889e-06,0,0,0,iter,0,1,optk,4,dynamic
80,707,0.5,47,1,0,0,0,0,0,0,0,0,0,iter,0,1,optk,4,dynamic
80,707,0.5,49,0,32,32,2.38563e-19,128,2.21004e-05,2.21002e-05,0,0,0,iter,0,1,optk,4,dynamic
80,707,0.5,49,1,0,0,0,0,0,0,0,0,0,iter,0,1,optk,4,dynamic
80,707,0.5,51,0,66,66,4.31696e-18,264,4.55821e-05,4.55811e-05,0,0,0,iter,0,1,optk,4,dynamic
80,707,0.5,51,1,0,0,0,0,0,0,0,0,0,iter,0,1,optk,4,dynamic
80,707,0.5,53,0,136,136,7.33537e-17,536,9.25455e-05,9.39224e-05,0,0,0,iter,0,1,optk,4,dynamic
80,707,0.5,53,1,2,2,2.27511e-25,4,6.90638e-07,1.38128e-06,1,1,2,iter,0,1,optk,4,dynamic
82,19,0.001,31,0,0,0,0,0,0,0,0,0,0,iter,0,1,optk,1,dynamic
82,19,0.001,33,0,0,0,0,0,0,0,0,0,0,iter,0,1,optk,1,dynamic
82,19,0.001,35,0,1,1,6.42475e-06,1,6.42475e-06,6.42473e-06,0,0,0,iter,0,1,optk,1,dynamic
82,19,0.001,35,1,0,0,0,0,0,0,0,0,0,iter,0,1,optk,1,dynamic
82,19,0.001,37,0,14,14,8.99465e-05,14,8.99465e-05,8.99425e-05,0,0,0,iter,0,1,optk,1,dynamic
82,19,0.001,37,1,0,0,0,0,0,0,0,0,0,iter,0,1,optk,1,dynamic
82,19,0.001,39,0,32,32,0.000205592,32,0.000205592,0.000205571,0,0,0,iter,0,1,optk,1,dynamic
82,19,0.001,39,1,0,0,0,0,0,0,0,0,0,iter,0,1,optk,1,dynamic
82,19,0.001,41,0,66,66,0.000424034,66,0.000424034,0.000423944,0,0,0,iter,0,1,optk,1,dynamic
82,19,0.001,41,1,0,0,0,0,0,0,0,0,0,iter,0,1,optk,1,dynamic
82,19,0.001,43,0,136,136,0.000860917,134,0.000860917,0.000873385,0,0,0,iter,0,1,optk,1,dynamic
82,19,0.001,43,1,0,0,0,0,0,0,0,0,0,iter,0,1,optk,1,dynamic
82,19,0.001,45,0,290,290,0.00182463,284,0.00182463,0.00186144,0,0,0,iter,0,1,optk,1,dynamic
82,19,0.001,45,1,0,0,0,0,0,0,0,0,0,iter,0,1,optk,1,dynamic
82,19,0.001,47,0,624,624,0.00384843,599,0.00384843,0.00400102,0,0,0,iter,0,1,optk,1,dynamic
82,19,0.001,47,1,4,4,6.42475e-06,1,6.42475e-06,2.56987e-05,0,1,1,iter,0,1,optk,1,dynamic
82,19,0.001,49,0,1338,1338,0.00814659,1268,0.00814659,0.00855948,0,0,0,iter,0,1,optk,1,dynamic
82,19,0.001,49,1,83,83,0.000115646,18,0.000115646,0.000533112,1,18,19,iter,0,1,optk,1,dynamic
82,192,0.01,31,0,0,0,0,0,0,0,0,0,0,iter,0,1,optk,1,dynamic
82,192,0.01,33,0,0,0,0,0,0,0,0,0,0,iter,0,1,optk,1,dynamic
82,192,0.01,35,0,1,1,6.35783e-07,1,6.35783e-07,6.35783e-07,0,0,0,iter,0,1,optk,1,dynamic
82,192,0.01,35,1,0,0,0,0,0,0,0,0,0,iter,0,1,optk,1,dynamic
82,192,0.01,37,0,14,14,8.90096e-06,14,8.90096e-06,8.90092e-06,0,0,0,iter,0,1,optk,1,dynamic
82,192,0.01,37,1,0,0,0,0,0,0,0,0,0,iter,0,1,optk,1,dynamic
82,192,0.01,39,0,32,32,2.03451e-05,32,2.03451e-05,2.03448e-05,0,0,0,iter,0,1,optk,1,dynamic
82,192,0.01,39,1,0,0,0,0,0,0,0,0,0,iter,0,1,optk,1,dynamic
82,192,0.01,41,0,66,66,4.19617e-05,66,4.19617e-05,4.19608e-05,0,0,0,iter,0,1,optk,1,dynamic
82,192,0.01,41,1,0,0,0,0,0,0,0,0,0,iter,0,1,optk,1,dynamic
82,192,0.01,43,0,136,136,8.51949e-05,134,8.51949e-05,8.64627e-05,0,0,0,iter,0,1,optk,1,dynamic
82,192,0.01,43,1,0,0,0,0,0,0,0,0,0,iter,0,1,optk,1,dynamic
82,192,0.01,45,0,290,290,0.000180562,284,0.000180562,0.00018436,0,0,0,iter,0,1,optk,1,dynamic
82,192,0.01,45,1,0,0,0,0,0,0,0,0,0,iter,0,1,optk,1,dynamic
82,192,0.01,47,0,624,624,0.000380834,599,0.000380834,0.00039665,0,0,0,iter,0,1,optk,1,dynamic
82,192,0.01,47,1,0,0,0,0,0,0,0,0,0,iter,0,1,optk,1,dynamic
82,192,0.01,49,0,1338,1338,0.000809352,1273,0.000809352,0.000850316,0,0,0,iter,0,1,optk,1,dynamic
82,192,0.01,49,1,5,5,1.27157e-06,2,1.27157e-06,3.17891e-06,1,2,3,iter,0,1,optk,1,dynamic
82,1916,0.1,31,0,0,0,0,0,0,0,0,0,0,iter,0,1,optk,2,dynamic
82,1916,0.1,33,0,0,0,0,0,0,0,0,0,0,iter,0,1,optk,2,dynamic
82,1916,0.1,35,0,1,1,1.62364e-14,2,1.27422e-07,1.27422e-07,0,0,0,iter,0,1,optk,2,dynamic
82,1916,0.1,35,1,0,0,0,0,0,0,0,0,0,iter,0,1,optk,2,dynamic
82,1916,0.1,37,0,14,14,3.18233e-12,28,1.78391e-06,1.78391e-06,0,0,0,iter,0,1,optk,2,dynamic
82,1916,0.1,37,1,0,0,0,0,0,0,0,0,0,iter,0,1,optk,2,dynamic
82,1916,0.1,39,0,32,32,1.6626e-11,64,4.07751e-06,4.0775e-06,0,0,0,iter,0,1,optk,2,dynamic
82,1916,0.1,39,1,0,0,0,0,0,0,0,0,0,iter,0,1,optk,2,dynamic
82,1916,0.1,41,0,66,66,7.07257e-11,132,8.40985e-06,8.40982e-06,0,0,0,iter,0,1,optk,2,dynamic
82,1916,0.1,41,1,0,0,0,0,0,0,0,0,0,iter,0,1,optk,2,dynamic
82,1916,0.1,43,0,136,136,2.9154e-10,268,1.70746e-05,1.73292e-05,0,0,0,iter,0,1,optk,2,dynamic
82,1916,0.1,43,1,0,0,0,0,0,0,0,0,0,iter,0,1,optk,2,dynamic
82,1916,0.1,45,0,290,290,1.30956e-09,568,3.61879e-05,3.69517e-05,0,0,0,iter,0,1,optk,2,dynamic
82,1916,0.1,45,1,0,0,0,0,0,0,0,0,0,iter,0,1,optk,2,dynamic
82,1916,0.1,47,0,624,624,5.8451e-09,1200,7.64532e-05,7.95082e-05,0,0,0,iter,0,1,optk,2,dynamic
82,1916,0.1,47,1,0,0,0,0,0,0,0,0,0,iter,0,1,optk,2,dynamic
82,1916,0.1,49,0,1338,1338,2.63736e-08,2549,0.000162399,0.000170476,0,0,0,iter,0,1,optk,2,dynamic
82,1916,0.1,49,1,3,3,1.62364e-14,2,1.27422e-07,3.82266e-07,1,1,2,iter,0,1,optk,2,dynamic
82,9579,0.5,31,0,0,0,0,0,0,0,0,0,0,iter,0,1,optk,9,dynamic
82,9579,0.5,33,0,0,0,0,0,0,0,0,0,0,iter,0,1,optk,9,dynamic
82,9579,0.5,35,0,1,1,3.43393e-63,9,1.14692e-07,1.14692e-07,0,0,0,iter,0,1,optk,9,dynamic
82,9579,0.5,35,1,0,0,0,0,0,0,0,0,0,iter,0,1,optk,9,dynamic
82,9579,0.5,37,0,14,14,7.09486e-53,126,1.60569e-06,1.60568e-06,0,0,0,iter,0,1,optk,9,dynamic
82,9579,0.5,37,1,0,0,0,0,0,0,0,0,0,iter,0,1,optk,9,dynamic
82,9579,0.5,39,0,32,32,1.20821e-49,288,3.67014e-06,3.67013e-06,0,0,0,iter,0,1,optk,9,dynamic
82,9579,0.5,39,1,0,0,0,0,0,0,0,0,0,iter,0,1,optk,9,dynamic
82,9579,0.5,41,0,66,66,8.15994e-47,594,7.56966e-06,7.56963e-06,0,0,0,iter,0,1,optk,9,dynamic
82,9579,0.5,41,1,0,0,0,0,0,0,0,0,0,iter,0,1,optk,9,dynamic
82,9579,0.5,43,0,136,136,4.78338e-44,1206,1.53687e-05,1.5598e-05,0,0,0,iter,0,1,optk,9,dynamic
82,9579,0.5,43,1,0,0,0,0,0,0,0,0,0,iter,0,1,optk,9,dynamic
82,9579,0.5,45,0,290,290,4.12721e-41,2556,3.25725e-05,3.32601e-05,0,0,0,iter,0,1,optk,9,dynamic
82,9579,0.5,45,1,0,0,0,0,0,0,0,0,0,iter,0,1,optk,9,dynamic
82,9579,0.5,47,0,624,624,3.46061e-38,5400,6.88151e-05,7.15651e-05,0,0,0,iter,0,1,optk,9,dynamic
82,9579,0.5,47,1,0,0,0,0,0,0,0,0,0,iter,0,1,optk,9,dynamic
82,9579,0.5,49,0,1338,1338,3.05522e-35,11474,0.000146219,0.000153446,0,0,0,iter,0,1,optk,9,dynamic
82,9579,0.5,49,1,3,3,3.43393e-63,9,1.14692e-07,3.44075e-07,1,1,2,iter,0,1,optk,9,dynamic
83,31,0.001,37,0,0,0,0,0,0,0,0,0,0,iter,0,1,optk,1,dynamic
83,31,0.001,39,0,0,0,0,0,0,0,0,0,0,iter,0,1,optk,1,dynamic
83,31,0.001,41,0,0,0,0,0,0,0,0,0,0,iter,0,1,optk,1,dynamic
83,31,0.001,43,0,2,2,7.8755e-06,2,7.8755e-06,7.87547e-06,0,0,0,iter,0,1,optk,1,dynamic
83,31,0.001,43,1,0,0,0,0,0,0,0,0,0,iter,0,1,optk,1,dynamic
83,31,0.001,45,0,270,270,0.00103957,264,0.00103957,0.00106263,0,0,0,iter,0,1,optk,1,dynamic
83,31,0.001,45,1,0,0,0,0,0,0,0,0,0,iter,0,1,optk,1,dynamic
83,31,0.001,47,0,600,600,0.00226421,575,0.00226421,0.00235986,0,0,0,iter,0,1,optk,1,dynamic
83,31,0.001,47,1,0,0,0,0,0,0,0,0,0,iter,0,1,optk,1,dynamic
83,31,0.001,49,0,1309,1309,0.00489856,1244,0.00489856,0.00514126,0,0,0,iter,0,1,optk,1,dynamic
83,31,0.001,49,1,0,0,0,0,0,0,0,0,0,iter,0,1,optk,1,dynamic
83,31,0.001,51,0,2818,2818,0.0102263,2597,0.0102263,0.0110352,0,0,0,iter,0,1,optk,1,dynamic
83,31,0.001,51,1,0,0,0,0,0,0,0,0,0,iter,0,1,optk,1,dynamic
83,31,0.001,53,0,6015,6015,0.0212363,5393,0.0212363,0.0234073,0,0,0,iter,0,1,optk,1,dynamic
83,31,0.001,53,1,159,159,9.4506e-05,24,9.4506e-05,0.000625907,0,24,24,iter,0,1,optk,1,dynamic
83,31,0.001,55,0,12841,12841,0.0428073,10871,0.0428073,0.0493076,0,0,0,iter,0,1,optk,1,dynamic
83,31,0.001,55,1,6424,6424,0.00251622,639,0.00251622,0.0249789,0,0,0,iter,0,1,optk,1,dynamic
83,31,0.001,55,2,40,40,0.000133884,34,0.000133884,0.000157498,34,1,35,iter,0,1,optk,1,dynamic
83,309,0.01,37,0,0,0,0,0,0,0,0,0,0,iter,0,1,optk,1,dynamic
83,309,0.01,39,0,0,0,0,0,0,0,0,0,0,iter,0,1,optk,1,dynamic
83,309,0.01,41,0,0,0,0,0,0,0,0,0,0,iter,0,1,optk,1,dynamic
83,309,0.01,43,0,2,2,7.90099e-07,2,7.90099e-07,7.90099e-07,0,0,0,iter,0,1,optk,1,dynamic
83,309,0.01,43,1,0,0,0,0,0,0,0,0,0,iter,0,1,optk,1,dynamic
83,309,0.01,45,0,270,270,0.000104293,264,0.000104293,0.000106658,0,0,0,iter,0,1,optk,1,dynamic
83,309,0.01,45,1,0,0,0,0,0,0,0,0,0,iter,0,1,optk,1,dynamic
83,309,0.01,47,0,600,600,0.000227549,576,0.000227549,0.000237002,0,0,0,iter,0,1,optk,1,dynamic
83,309,0.01,47,1,0,0,0,0,0,0,0,0,0,iter,0,1,optk,1,dynamic
83,309,0.01,49,0,1309,1309,0.000492232,1246,0.000492232,0.000516986,0,0,0,iter,0,1,optk,1,dynamic
83,309,0.01,49,1,0,0,0,0,0,0,0,0,0,iter,0,1,optk,1,dynamic
83,309,0.01,51,0,2818,2818,0.00103029,2608,0.00103029,0.00111263,0,0,0,iter,0,1,optk,1,dynamic
83,309,0.01,51,1,0,0,0,0,0,0,0,0,0,iter,0,1,optk,1,dynamic
83,309,0.01,53,0,6015,6015,0.00214709,5435,0.00214709,0.0023734,0,0,0,iter,0,1,optk,1,dynamic
83,309,0.01,53,1,27,27,1.5802e-06,4,1.5802e-06,1.06663e-05,0,4,4,iter,0,1,optk,1,dynamic
83,309,0.01,55,0,12841,12841,0.00437478,11074,0.00437478,0.00505999,0,0,0,iter,0,1,optk,1,dynamic
83,309,0.01,55,1,1039,1039,2.64683e-05,67,2.64683e-05,0.000410372,1,68,69,iter,0,1,optk,1,dynamic
83,3092,0.1,37,0,0,0,0,0,0,0,0,0,0,iter,0,1,optk,1,dynamic
83,3092,0.1,39,0,0,0,0,0,0,0,0,0,0,iter,0,1,optk,1,dynamic
83,3092,0.1,41,0,0,0,0,0,0,0,0,0,0,iter,0,1,optk,1,dynamic
83,3092,0.1,43,0,2,2,7.89588e-08,2,7.89588e-08,7.89588e-08,0,0,0,iter,0,1,optk,1,dynamic
83,3092,0.1,43,1,0,0,0,0,0,0,0,0,0,iter,0,1,optk,1,dynamic
83,3092,0.1,45,0,270,270,1.04226e-05,264,1.04226e-05,1.06594e-05,0,0,0,iter,0,1,optk,1,dynamic
83,3092,0.1,45,1,0,0,0,0,0,0,0,0,0,iter,0,1,optk,1,dynamic
83,3092,0.1,47,0,600,600,2.27401e-05,576,2.27401e-05,2.36874e-05,0,0,0,iter,0,1,optk,1,dynamic
83,3092,0.1,47,1,0,0,0,0,0,0,0,0,0,iter,0,1,optk,1,dynamic
83,3092,0.1,49,0,1309,1309,4.91913e-05,1246,4.91913e-05,5.16772e-05,0,0,0,iter,0,1,optk,1,dynamic
83,3092,0.1,49,1,0,0,0,0,0,0,0,0,0,iter,0,1,optk,1,dynamic
83,3092,0.1,51,0,2818,2818,0.000103002,2609,0.000103002,0.000111247,0,0,0,iter,0,1,optk,1,dynamic
83,3092,0.1,51,1,0,0,0,0,0,0,0,0,0,iter,0,1,optk,1,dynamic
83,3092,0.1,53,0,6015,6015,0.000214807,5441,0.000214807,0.00023744,0,0,0,iter,0,1,optk,1,dynamic
83,3092,0.1,53,1,2,2,3.94794e-08,1,3.94794e-08,7.89588e-08,0,1,1,iter,0,1,optk,1,dynamic
83,3092,0.1,55,0,12841,12841,0.000438063,11096,0.000438063,0.000506827,0,0,0,iter,0,1,optk,1,dynamic
83,3092,0.1,55,1,13,13,1.57918e-07,4,1.57918e-07,5.13232e-07,1,4,5,iter,0,1,optk,1,dynamic
83,15460,0.5,37,0,0,0,0,0,0,0,0,0,0,iter,0,1,optk,7,dynamic
83,15460,0.5,39,0,0,0,0,0,0,0,0,0,0,iter,0,1,optk,7,dynamic
83,15460,0.5,41,0,0,0,0,0,0,0,0,0,0,iter,0,1,optk,7,dynamic
83,15460,0.5,43,0,2,2,2.01697e-49,14,1.10542e-07,1.10542e-07,0,0,0,iter,0,1,optk,7,dynamic
83,15460,0.5,43,1,0,0,0,0,0,0,0,0,0,iter,0,1,optk,7,dynamic
83,15460,0.5,45,0,270,270,1.40837e-34,1848,1.45916e-05,1.49231e-05,0,0,0,iter,0,1,optk,7,dynamic
83,15460,0.5,45,1,0,0,0,0,0,0,0,0,0,iter,0,1,optk,7,dynamic
83,15460,0.5,47,0,600,600,3.31473e-32,4032,3.18362e-05,3.31621e-05,0,0,0,iter,0,1,optk,7,dynamic
83,15460,0.5,47,1,0,0,0,0,0,0,0,0,0,iter,0,1,optk,7,dynamic
83,15460,0.5,49,0,1309,1309,7.34711e-30,8722,6.88679e-05,7.23473e-05,0,0,0,iter,0,1,optk,7,dynamic
83,15460,0.5,49,1,0,0,0,0,0,0,0,0,0,iter,0,1,optk,7,dynamic
83,15460,0.5,51,0,2818,2818,1.29561e-27,18261,0.000144187,0.000155742,0,0,0,iter,0,1,optk,7,dynamic
83,15460,0.5,51,1,0,0,0,0,0,0,0,0,0,iter,0,1,optk,7,dynamic
83,15460,0.5,53,0,6015,6015,2.22618e-25,38091,0.000300762,0.000332401,0,0,0,iter,0,1,optk,7,dynamic
83,15460,0.5,53,1,0,0,0,0,0,0,0,0,0,iter,0,1,optk,7,dynamic
83,15460,0.5,55,0,12841,12841,3.26064e-23,77663,0.000613218,0.000709485,0,0,0,iter,0,1,optk,7,dynamic
83,15460,0.5,55,1,3,3,2.01697e-49,14,1.10542e-07,1.65813e-07,1,2,3,iter,0,1,optk,7,dynamic
84,2,0.001,32,0,0,0,0,0,0,0,0,0,0,iter,0,1,optk,1,dynamic
84,2,0.001,34,0,2,2,0.00012207,2,0.00012207,0.000122063,0,0,0,iter,0,1,optk,1,dynamic
84,2,0.001,34,1,0,0,0,0,0,0,0,0,0,iter,0,1,optk,1,dynamic
84,2,0.001,36,0,3,3,0.000183105,3,0.000183105,0.000183089,0,0,0,iter,0,1,optk,1,dynamic
84,2,0.001,36,1,0,0,0,0,0,0,0,0,0,iter,0,1,optk,1,dynamic
84,2,0.001,38,0,220,220,0.00946045,155,0.00946045,0.013338,0,0,0,iter,0,1,optk,1,dynamic
84,2,0.001,38,1,12,12,0.000671387,11,0.000671387,0.000732154,0,11,11,iter,0,1,optk,1,dynamic
84,2,0.001,40,0,2652,2652,0.0986938,1617,0.0986938,0.149444,0,0,0,iter,0,1,optk,1,dynamic
84,2,0.001,40,1,506,506,0.0234985,385,0.0234985,0.0304118,0,0,0,iter,0,1,optk,1,dynamic
84,2,0.001,40,2,43,43,0.00183105,30,0.00183105,0.00262107,34,0,34,iter,0,1,optk,1,dynamic
84,2,0.001,42,0,21438,21438,0.503296,8246,0.503296,0.729767,0,0,0,iter,0,1,optk,1,dynamic
84,2,0.001,42,0,4473,4473,0.134155,2198,0.134155,0.238915,2821,0,2821,type,0,2,optk,1,dynamic
84,2,0.001,42,1,13114,13114,0.404297,6624,0.404297,0.550857,0,0,0,iter,0,1,optk,1,dynamic
84,2,0.001,42,1,4358,4358,0.132202,2166,0.132202,0.233554,2776,0,2776,type,1,2,optk,1,dynamic
84,2,0.001,44,0,125377,125377,0.97229,15930,0.97229,0.999525,0,0,0,iter,0,1,optk,1,dynamic
84,2,0.001,44,0,15951,15951,0.359558,5891,0.359558,0.622269,7309,0,7309,type,0,8,optk,1,dynamic
84,2,0.001,44,1,121490,121490,0.980896,16071,0.980896,0.999398,0,0,0,iter,0,1,optk,1,dynamic
84,2,0.001,44,1,15332,15332,0.349426,5725,0.349426,0.607725,7115,0,7115,type,1,8,optk,1,dynamic
84,2,0.001,44,2,14962,14962,0.349243,5722,0.349243,0.598765,7120,1,7121,type,2,8,optk,1,dynamic
84,17,0.01,32,0,0,0,0,0,0,0,0,0,0,iter,0,1,optk,1,dynamic
84,17,0.01,34,0,2,2,1.43612e-05,2,1.43612e-05,1.43611e-05,0,0,0,iter,0,1,optk,1,dynamic
84,17,0.01,34,1,0,0,0,0,0,0,0,0,0,iter,0,1,optk,1,dynamic
84,17,0.01,36,0,3,3,2.15418e-05,3,2.15418e-05,2.15416e-05,0,0,0,iter,0,1,optk,1,dynamic
84,17,0.01,36,1,0,0,0,0,0,0,0,0,0,iter,0,1,optk,1,dynamic
84,17,0.01,38,0,220,220,0.00111299,155,0.00111299,0.00157849,0,0,0,iter,0,1,optk,1,dynamic
84,17,0.01,38,1,0,0,0,0,0,0,0,0,0,iter,0,1,optk,1,dynamic
84,17,0.01,40,0,2652,2652,0.0122501,1706,0.0122501,0.0188628,0,0,0,iter,0,1,optk,1,dynamic
84,17,0.01,40,1,84,84,0.000394933,55,0.000394933,0.000602989,0,55,55,iter,0,1,optk,1,dynamic
84,17,0.01,42,0,21438,21438,0.0796688,11095,0.0796688,0.142675,0,0,0,iter,0,1,optk,1,dynamic
84,17,0.01,42,1,2082,2082,0.00967228,1347,0.00967228,0.0148388,0,1494,1494,iter,0,1,optk,1,dynamic
84,17,0.01,44,0,125377,125377,0.341309,47532,0.341309,0.593545,0,0,0,iter,0,1,optk,1,dynamic
84,17,0.01,44,1,42223,42223,0.149005,20751,0.149005,0.261539,0,0,0,iter,0,1,optk,1,dynamic
84,17,0.01,44,2,18666,18666,0.0613296,8541,0.0613296,0.125439,0,0,0,iter,0,1,optk,1,dynamic
84,17,0.01,44,3,7701,7701,0.028823,4014,0.028823,0.0537967,0,0,0,iter,0,1,optk,1,dynamic
84,17,0.01,44,4,3602,3602,0.0121568,1693,0.0121568,0.0255329,0,0,0,iter,0,1,optk,1,dynamic
84,17,0.01,44,5,1476,1476,0.00582347,811,0.00582347,0.0105426,1,1208,1209,iter,0,1,optk,1,dynamic
84,171,0.1,32,0,0,0,0,0,0,0,0,0,0,iter,0,1,optk,6,dynamic
84,171,0.1,34,0,2,2,3.95158e-31,12,8.56634e-06,8.5663e-06,0,0,0,iter,0,1,optk,6,dynamic
84,171,0.1,34,1,0,0,0,0,0,0,0,0,0,iter,0,1,optk,6,dynamic
84,171,0.1,36,0,3,3,4.5011e-30,18,1.28495e-05,1.28494e-05,0,0,0,iter,0,1,optk,6,dynamic
84,171,0.1,36,1,0,0,0,0,0,0,0,0,0,iter,0,1,optk,6,dynamic
84,171,0.1,38,0,220,220,8.50703e-20,929,0.000663177,0.000941853,0,0,0,iter,0,1,optk,6,dynamic
84,171,0.1,38,1,0,0,0,0,0,0,0,0,0,iter,0,1,optk,6,dynamic
84,171,0.1,40,0,2652,2652,1.52039e-13,10234,0.00730566,0.0112947,0,0,0,iter,0,1,optk,6,dynamic
84,171,0.1,40,1,0,0,0,0,0,0,0,0,0,iter,0,1,optk,6,dynamic
84,171,0.1,42,0,21438,21438,1.26132e-08,67586,0.048247,0.087733,0,0,0,iter,0,1,optk,6,dynamic
84,171,0.1,42,1,0,0,0,0,0,0,0,0,0,iter,0,1,optk,6,dynamic
84,171,0.1,44,0,125377,125377,0.000114526,308700,0.220369,0.415507,0,0,0,iter,0,1,optk,6,dynamic
84,171,0.1,44,1,15,15,1.84365e-26,72,5.1398e-05,6.42455e-05,1,12,13,iter,0,1,optk,6,dynamic
84,857,0.5,32,0,0,0,0,0,0,0,0,0,0,iter,0,1,optk,29,dynamic
84,857,0.5,34,0,2,2,3.93242e-148,58,8.26147e-06,8.26143e-06,0,0,0,iter,0,1,optk,29,dynamic
84,857,0.5,34,1,0,0,0,0,0,0,0,0,0,iter,0,1,optk,29,dynamic
84,857,0.5,36,0,3,3,5.02697e-143,87,1.23922e-05,1.23921e-05,0,0,0,iter,0,1,optk,29,dynamic
84,857,0.5,36,1,0,0,0,0,0,0,0,0,0,iter,0,1,optk,29,dynamic
84,857,0.5,38,0,220,220,2.37684e-93,4492,0.000639836,0.000908349,0,0,0,iter,0,1,optk,29,dynamic
84,857,0.5,38,1,0,0,0,0,0,0,0,0,0,iter,0,1,optk,29,dynamic
84,857,0.5,40,0,2652,2652,3.91234e-63,49475,0.00704717,0.0108949,0,0,0,iter,0,1,optk,29,dynamic
84,857,0.5,40,1,0,0,0,0,0,0,0,0,0,iter,0,1,optk,29,dynamic
84,857,0.5,42,0,21438,21438,2.41367e-39,327144,0.0465981,0.0847469,0,0,0,iter,0,1,optk,29,dynamic
84,857,0.5,42,1,0,0,0,0,0,0,0,0,0,iter,0,1,optk,29,dynamic
84,857,0.5,44,0,125377,125377,3.56106e-20,1498772,0.213484,0.404229,0,0,0,iter,0,1,optk,29,dynamic
84,857,0.5,44,1,2,2,3.93242e-148,58,8.26147e-06,8.26143e-06,1,2,3,iter,0,1,optk,29,dynamic
85,2,0.001,35,0,0,0,0,0,0,0,0,0,0,iter,0,1,optk,1,dynamic
85,2,0.001,37,0,24,24,0.0010376,17,0.0010376,0.00146377,0,0,0,iter,0,1,optk,1,dynamic
85,2,0.001,37,1,0,0,0,0,0,0,0,0,0,iter,0,1,optk,1,dynamic
85,2,0.001,39,0,97,97,0.00238037,39,0.00238037,0.00590292,0,0,0,iter,0,1,optk,1,dynamic
85,2,0.001,39,1,0,0,0,0,0,0,0,0,0,iter,0,1,optk,1,dynamic
85,2,0.001,41,0,1977,1977,0.0406494,666,0.0406494,0.113671,0,0,0,iter,0,1,optk,1,dynamic
85,2,0.001,41,1,97,97,0.00500488,82,0.00500488,0.00590292,0,94,94,iter,0,1,optk,1,dynamic
85,2,0.001,43,0,1992,1992,0.0410767,673,0.0410767,0.114482,814,0,814,type,0,2,optk,1,dynamic
85,2,0.001,43,0,21565,21565,0.357666,5860,0.357666,0.731854,0,0,0,iter,0,1,optk,1,dynamic
85,2,0.001,43,1,2262,2262,0.0446167,731,0.0446167,0.128955,874,0,874,type,1,2,optk,1,dynamic
85,2,0.001,43,1,5108,5108,0.200073,3278,0.200073,0.267848,0,0,0,iter,0,1,optk,1,dynamic
85,2,0.001,45,0,174330,174330,0.960632,15739,0.960632,0.999976,0,0,0,iter,0,1,optk,1,dynamic
85,2,0.001,45,0,19923,19923,0.311218,5099,0.311218,0.703588,6272,1,6273,type,0,8,optk,1,dynamic
85,2,0.001,45,1,66729,66729,0.920105,15075,0.920105,0.982971,0,0,0,iter,0,1,optk,1,dynamic
85,20,0.01,35,0,0,0,0,0,0,0,0,0,0,iter,0,1,optk,1,dynamic
85,20,0.01,37,0,24,24,0.00010376,17,0.00010376,0.000146474,0,0,0,iter,0,1,optk,1,dynamic
85,20,0.01,37,1,0,0,0,0,0,0,0,0,0,iter,0,1,optk,1,dynamic
85,20,0.01,39,0,97,97,0.000238037,39,0.000238037,0.000591866,0,0,0,iter,0,1,optk,1,dynamic
85,20,0.01,39,1,0,0,0,0,0,0,0,0,0,iter,0,1,optk,1,dynamic
85,20,0.01,41,0,1977,1977,0.00413818,678,0.00413818,0.0119941,0,0,0,iter,0,1,optk,1,dynamic
85,20,0.01,41,1,16,16,7.32422e-05,12,7.32422e-05,9.76515e-05,0,12,12,iter,0,1,optk,1,dynamic
85,20,0.01,43,0,21565,21565,0.0431519,7070,0.0431519,0.123328,0,0,0,iter,0,1,optk,1,dynamic
85,20,0.01,43,1,624,624,0.00269775,442,0.00269775,0.00380135,0,468,468,iter,0,1,optk,1,dynamic
85,20,0.01,45,0,174330,174330,0.27674,45341,0.27674,0.654936,0,0,0,iter,0,1,optk,1,dynamic
85,20,0.01,45,1,19326,19326,0.0698914,11451,0.0698914,0.111265,0,0,0,iter,0,1,optk,1,dynamic
85,20,0.01,45,2,11902,11902,0.0220825,3618,0.0220825,0.0700682,0,0,0,iter,0,1,optk,1,dynamic
85,20,0.01,45,3,1552,1552,0.00574341,941,0.00574341,0.00942793,1,1187,1188,iter,0,1,optk,1,dynamic
85,203,0.1,35,0,0,0,0,0,0,0,0,0,0,iter,0,1,optk,5,dynamic
85,203,0.1,37,0,24,24,3.48871e-22,85,5.11132e-05,7.21572e-05,0,0,0,iter,0,1,optk,5,dynamic
85,203,0.1,37,1,0,0,0,0,0,0,0,0,0,iter,0,1,optk,5,dynamic
85,203,0.1,39,0,97,97,2.21688e-20,195,0.00011726,0.000291603,0,0,0,iter,0,1,optk,5,dynamic
85,203,0.1,39,1,0,0,0,0,0,0,0,0,0,iter,0,1,optk,5,dynamic
85,203,0.1,41,0,1977,1977,3.47887e-14,3382,0.0020337,0.00592653,0,0,0,iter,0,1,optk,5,dynamic
85,203,0.1,41,1,0,0,0,0,0,0,0,0,0,iter,0,1,optk,5,dynamic
85,203,0.1,43,0,21565,21565,4.59659e-09,35758,0.0215024,0.0627813,0,0,0,iter,0,1,optk,5,dynamic
85,203,0.1,43,1,0,0,0,0,0,0,0,0,0,iter,0,1,optk,5,dynamic
85,203,0.1,45,0,174330,174330,6.9476e-05,245049,0.147356,0.407942,0,0,0,iter,0,1,optk,5,dynamic
85,203,0.1,45,1,16,16,6.11401e-23,60,3.60799e-05,4.81054e-05,1,12,13,iter,0,1,optk,5,dynamic
85,1016,0.5,35,0,0,0,0,0,0,0,0,0,0,iter,0,1,optk,25,dynamic
85,1016,0.5,37,0,24,24,5.04234e-108,425,5.10629e-05,7.20862e-05,0,0,0,iter,0,1,optk,25,dynamic
85,1016,0.5,37,1,0,0,0,0,0,0,0,0,0,iter,0,1,optk,25,dynamic
85,1016,0.5,39,0,97,97,5.22425e-99,975,0.000117144,0.000291316,0,0,0,iter,0,1,optk,25,dynamic
85,1016,0.5,39,1,0,0,0,0,0,0,0,0,0,iter,0,1,optk,25,dynamic
85,1016,0.5,41,0,1977,1977,5.15107e-68,16934,0.00203459,0.00592072,0,0,0,iter,0,1,optk,25,dynamic
85,1016,0.5,41,1,0,0,0,0,0,0,0,0,0,iter,0,1,optk,25,dynamic
85,1016,0.5,43,0,21565,21565,1.94878e-42,178597,0.0214581,0.0627214,0,0,0,iter,0,1,optk,25,dynamic
85,1016,0.5,43,1,0,0,0,0,0,0,0,0,0,iter,0,1,optk,25,dynamic
85,1016,0.5,45,0,174330,174330,1.57008e-21,1224956,0.147176,0.407636,0,0,0,iter,0,1,optk,25,dynamic
85,1016,0.5,45,1,12,12,8.73794e-114,250,3.0037e-05,3.60437e-05,1,10,11,iter,0,1,optk,25,dynamic
86,36,0.001,34,0,0,0,0,0,0,0,0,0,0,iter,0,1,optk,1,dynamic
86,36,0.001,36,0,0,0,0,0,0,0,0,0,0,iter,0,1,optk,1,dynamic
86,36,0.001,38,0,0,0,0,0,0,0,0,0,0,iter,0,1,optk,1,dynamic
86,36,0.001,40,0,6,6,1.69542e-05,5,1.69542e-05,2.03448e-05,0,0,0,iter,0,1,optk,1,dynamic
86,36,0.001,40,1,0,0,0,0,0,0,0,0,0,iter,0,1,optk,1,dynamic
86,36,0.001,42,0,1660,1660,0.00343153,1012,0.00343153,0.00561299,0,0,0,iter,0,1,optk,1,dynamic
86,36,0.001,42,1,0,0,0,0,0,0,0,0,0,iter,0,1,optk,1,dynamic
86,36,0.001,44,0,10853,10853,0.0195685,5771,0.0195685,0.0361319,0,0,0,iter,0,1,optk,1,dynamic
86,36,0.001,44,1,21,21,3.39084e-05,10,3.39084e-05,7.12051e-05,0,10,10,iter,0,1,optk,1,dynamic
86,36,0.001,46,0,55266,55266,0.0923564,27237,0.0923564,0.170887,0,0,0,iter,0,1,optk,1,dynamic
86,36,0.001,46,1,1024,1024,0.00131904,389,0.00131904,0.0034662,0,395,395,iter,0,1,optk,1,dynamic
86,36,0.001,48,0,239494,239494,0.326352,96245,0.326352,0.556069,0,0,0,iter,0,1,optk,1,dynamic
86,36,0.001,48,1,40482,40482,0.0361159,10651,0.0361159,0.128263,0,0,0,iter,0,1,optk,1,dynamic
86,36,0.001,48,2,8564,8564,0.0143026,4218,0.0143026,0.0286216,0,0,0,iter,0,1,optk,1,dynamic
86,36,0.001,48,3,1796,1796,0.00154283,455,0.00154283,0.00607145,0,509,509,iter,0,1,optk,1,dynamic
86,36,0.001,50,0,68448,68448,0.0977071,28815,0.0977071,0.20713,35298,0,35298,type,0,5,optk,1,dynamic
86,36,0.001,50,0,927148,927148,0.750712,221394,0.750712,0.956882,0,0,0,iter,0,1,optk,1,dynamic
86,36,0.001,50,1,661788,661788,0.372121,109743,0.372121,0.893968,0,0,0,iter,0,1,optk,1,dynamic
86,36,0.001,50,1,68403,68403,0.0979445,28885,0.0979445,0.207009,35416,0,35416,type,1,5,optk,1,dynamic
86,36,0.001,50,2,68501,68501,0.0968696,28568,0.0968696,0.207273,35154,0,35154,type,2,5,optk,1,dynamic
86,36,0.001,50,3,68750,68750,0.0984429,29032,0.0984429,0.207942,35612,0,35612,type,3,5,optk,1,dynamic
86,36,0.001,50,4,67716,67716,0.0975444,28767,0.0975444,0.20516,35333,0,35333,type,4,5,optk,1,dynamic
86,36,0.001,52,0,3220090,3220090,0.986376,290894,0.986376,0.999982,0,0,0,iter,0,1,optk,1,dynamic
86,36,0.001,52,0,386888,386888,0.404724,119358,0.404724,0.730686,155306,0,155306,type,0,8,optk,1,dynamic
86,36,0.001,52,1,385032,385032,0.405111,119472,0.405111,0.728985,155791,1,155792,type,1,8,optk,1,dynamic
86,36,0.001,52,1,6066411,6066411,0.961511,283561,0.961511,1,0,0,0,iter,0,1,optk,1,dynamic
86,355,0.01,34,0,0,0,0,0,0,0,0,0,0,iter,0,1,optk,1,dynamic
86,355,0.01,36,0,0,0,0,0,0,0,0,0,0,iter,0,1,optk,1,dynamic
86,355,0.01,38,0,0,0,0,0,0,0,0,0,0,iter,0,1,optk,1,dynamic
86,355,0.01,40,0,6,6,1.7193e-06,5,1.7193e-06,2.06316e-06,0,0,0,iter,0,1,optk,1,dynamic
86,355,0.01,40,1,0,0,0,0,0,0,0,0,0,iter,0,1,optk,1,dynamic
86,355,0.01,42,0,1660,1660,0.000347986,1012,0.000347986,0.000570645,0,0,0,iter,0,1,optk,1,dynamic
86,355,0.01,42,1,0,0,0,0,0,0,0,0,0,iter,0,1,optk,1,dynamic
86,355,0.01,44,0,10853,10853,0.00200161,5821,0.00200161,0.00372496,0,0,0,iter,0,1,optk,1,dynamic
86,355,0.01,44,1,0,0,0,0,0,0,0,0,0,iter,0,1,optk,1,dynamic
86,355,0.01,46,0,55266,55266,0.00977353,28423,0.00977353,0.0188243,0,0,0,iter,0,1,optk,1,dynamic
86,355,0.01,46,1,67,67,1.10035e-05,32,1.10035e-05,2.30384e-05,0,32,32,iter,0,1,optk,1,dynamic
86,355,0.01,48,0,239494,239494,0.0392613,114178,0.0392613,0.0790527,0,0,0,iter,0,1,optk,1,dynamic
86,355,0.01,48,1,5073,5073,0.000467994,1361,0.000467994,0.00174288,0,1374,1374,iter,0,1,optk,1,dynamic
86,355,0.01,50,0,927148,927148,0.131313,381880,0.131313,0.272986,0,0,0,iter,0,1,optk,1,dynamic
86,355,0.01,50,1,114900,114900,0.00818318,23798,0.00818318,0.0387392,0,0,0,iter,0,1,optk,1,dynamic
86,355,0.01,50,2,7742,7742,0.00114987,3344,0.00114987,0.00265862,3803,0,3803,iter,0,1,optk,1,dynamic
86,355,0.01,52,0,180483,180483,0.0241073,70108,0.0241073,0.0601743,84846,1,84847,type,0,2,optk,1,dynamic
86,355,0.01,52,0,3220090,3220090,0.354417,1030702,0.354417,0.669537,0,0,0,iter,0,1,optk,1,dynamic
86,355,0.01,52,1,2181112,2181112,0.111808,325156,0.111808,0.527632,0,0,0,iter,0,1,optk,1,dynamic
86,3552,0.1,34,0,0,0,0,0,0,0,0,0,0,iter,0,1,optk,4,dynamic
86,3552,0.1,36,0,0,0,0,0,0,0,0,0,0,iter,0,1,optk,4,dynamic
86,3552,0.1,38,0,0,0,0,0,0,0,0,0,0,iter,0,1,optk,4,dynamic
86,3552,0.1,40,0,6,6,2.23187e-25,20,6.87333e-07,8.24799e-07,0,0,0,iter,0,1,optk,4,dynamic
86,3552,0.1,40,1,0,0,0,0,0,0,0,0,0,iter,0,1,optk,4,dynamic
86,3552,0.1,42,0,1660,1660,3.7752e-16,4056,0.000139391,0.000228168,0,0,0,iter,0,1,optk,4,dynamic
86,3552,0.1,42,1,0,0,0,0,0,0,0,0,0,iter,0,1,optk,4,dynamic
86,3552,0.1,44,0,10853,10853,4.12183e-13,23315,0.000801258,0.00149081,0,0,0,iter,0,1,optk,4,dynamic
86,3552,0.1,44,1,0,0,0,0,0,0,0,0,0,iter,0,1,optk,4,dynamic
86,3552,0.1,46,0,55266,55266,2.35894e-10,114036,0.00391903,0.00756844,0,0,0,iter,0,1,optk,4,dynamic
86,3552,0.1,46,1,0,0,0,0,0,0,0,0,0,iter,0,1,optk,4,dynamic
86,3552,0.1,48,0,239494,239494,6.37368e-08,462339,0.015889,0.0323864,0,0,0,iter,0,1,optk,4,dynamic
86,3552,0.1,48,1,0,0,0,0,0,0,0,0,0,iter,0,1,optk,4,dynamic
86,3552,0.1,50,0,927148,927148,8.95497e-06,1591765,0.0547036,0.119664,0,0,0,iter,0,1,optk,4,dynamic
86,3552,0.1,50,1,0,0,0,0,0,0,0,0,0,iter,0,1,optk,4,dynamic
86,3552,0.1,52,0,3220090,3220090,0.00066403,4670999,0.160527,0.357671,0,0,0,iter,0,1,optk,4,dynamic
86,3552,0.1,52,1,3652,3652,6.2479e-17,2587,8.89065e-05,0.000501902,1,647,648,iter,0,1,optk,4,dynamic
86,17762,0.5,34,0,0,0,0,0,0,0,0,0,0,iter,0,1,optk,18,dynamic
86,17762,0.5,36,0,0,0,0,0,0,0,0,0,0,iter,0,1,optk,18,dynamic
86,17762,0.5,38,0,0,0,0,0,0,0,0,0,0,iter,0,1,optk,18,dynamic
86,17762,0.5,40,0,6,6,1.75587e-112,90,6.1853e-07,7.42236e-07,0,0,0,iter,0,1,optk,18,dynamic
86,17762,0.5,40,1,0,0,0,0,0,0,0,0,0,iter,0,1,optk,18,dynamic
86,17762,0.5,42,0,1660,1660,5.90592e-71,18251,0.000125431,0.000205331,0,0,0,iter,0,1,optk,18,dynamic
86,17762,0.5,42,1,0,0,0,0,0,0,0,0,0,iter,0,1,optk,18,dynamic
86,17762,0.5,44,0,10853,10853,2.76892e-57,104903,0.000720952,0.00134168,0,0,0,iter,0,1,optk,18,dynamic
86,17762,0.5,44,1,0,0,0,0,0,0,0,0,0,iter,0,1,optk,18,dynamic
86,17762,0.5,46,0,55266,55266,7.12099e-45,513151,0.00352666,0.00681342,0,0,0,iter,0,1,optk,18,dynamic
86,17762,0.5,46,1,0,0,0,0,0,0,0,0,0,iter,0,1,optk,18,dynamic
86,17762,0.5,48,0,239494,239494,6.32251e-34,2082029,0.0143089,0.0291923,0,0,0,iter,0,1,optk,18,dynamic
86,17762,0.5,48,1,0,0,0,0,0,0,0,0,0,iter,0,1,optk,18,dynamic
86,17762,0.5,50,0,927148,927148,3.0395e-24,7184074,0.0493729,0.108361,0,0,0,iter,0,1,optk,18,dynamic
86,17762,0.5,50,1,0,0,0,0,0,0,0,0,0,iter,0,1,optk,18,dynamic
86,17762,0.5,52,0,3220090,3220090,8.77144e-16,21202436,0.145715,0.328569,0,0,0,iter,0,1,optk,18,dynamic
86,17762,0.5,52,1,26,26,2.17366e-103,288,1.9793e-06,3.21635e-06,1,16,17,iter,0,1,optk,18,dynamic
88,35,0.001,38,0,0,0,0,0,0,0,0,0,0,iter,0,1,optk,1,dynamic
88,35,0.001,40,0,1,1,3.48772e-06,1,3.48772e-06,3.48772e-06,0,0,0,iter,0,1,optk,1,dynamic
88,35,0.001,40,1,0,0,0,0,0,0,0,0,0,iter,0,1,optk,1,dynamic
88,35,0.001,42,0,201,201,0.000523158,150,0.000523158,0.000700787,0,0,0,iter,0,1,optk,1,dynamic
88,35,0.001,42,1,0,0,0,0,0,0,0,0,0,iter,0,1,optk,1,dynamic
88,35,0.001,44,0,1137,1137,0.00270299,775,0.00270299,0.00395769,0,0,0,iter,0,1,optk,1,dynamic
88,35,0.001,44,1,0,0,0,0,0,0,0,0,0,iter,0,1,optk,1,dynamic
88,35,0.001,46,0,5829,5829,0.0126639,3631,0.0126639,0.0201247,0,0,0,iter,0,1,optk,1,dynamic
88,35,0.001,46,1,13,13,1.74386e-05,5,1.74386e-05,4.53394e-05,0,5,5,iter,0,1,optk,1,dynamic
88,35,0.001,48,0,28559,28559,0.0576172,16520,0.0576172,0.0948059,0,0,0,iter,0,1,optk,1,dynamic
88,35,0.001,48,1,1020,1020,0.00090332,259,0.00090332,0.00355116,0,261,261,iter,0,1,optk,1,dynamic
88,35,0.001,50,0,128744,128744,0.213588,61240,0.213588,0.361749,0,0,0,iter,0,1,optk,1,dynamic
88,35,0.001,50,1,27172,27172,0.0243896,6993,0.0243896,0.0904164,0,0,0,iter,0,1,optk,1,dynamic
88,35,0.001,50,2,3060,3060,0.00589425,1690,0.00589425,0.0106157,2047,0,2047,iter,0,1,optk,1,dynamic
88,35,0.001,52,0,43339,43339,0.0692522,19856,0.0692522,0.140285,23738,0,23738,type,0,4,optk,1,dynamic
88,35,0.001,52,0,566579,566579,0.606979,174033,0.606979,0.861387,0,0,0,iter,0,1,optk,1,dynamic
88,35,0.001,52,1,44316,44316,0.0701974,20127,0.0701974,0.14321,24042,0,24042,type,1,4,optk,1,dynamic
88,35,0.001,52,1,540984,540984,0.311279,89250,0.311279,0.848444,0,0,0,iter,0,1,optk,1,dynamic
88,35,0.001,52,2,44664,44664,0.0704381,20196,0.0704381,0.144249,24254,0,24254,type,2,4,optk,1,dynamic
88,35,0.001,52,3,44115,44115,0.0704102,20188,0.0704102,0.142609,24194,0,24194,type,3,4,optk,1,dynamic
88,35,0.001,54,0,2214509,2214509,0.955713,274022,0.955713,0.999558,0,0,0,iter,0,1,optk,1,dynamic
88,35,0.001,54,0,266616,266616,0.310275,88962,0.310275,0.6054,107880,1,107881,type,0,8,optk,1,dynamic
88,35,0.001,54,1,5774293,5774293,0.958092,274704,0.958092,1,0,0,0,iter,0,1,optk,1,dynamic
88,353,0.01,38,0,0,0,0,0,0,0,0,0,0,iter,0,1,optk,1,dynamic
88,353,0.01,40,0,1,1,3.45808e-07,1,3.45808e-07,3.45808e-07,0,0,0,iter,0,1,optk,1,dynamic
88,353,0.01,40,1,0,0,0,0,0,0,0,0,0,iter,0,1,optk,1,dynamic
88,353,0.01,42,0,201,201,5.18712e-05,150,5.18712e-05,6.9505e-05,0,0,0,iter,0,1,optk,1,dynamic
88,353,0.01,42,1,0,0,0,0,0,0,0,0,0,iter,0,1,optk,1,dynamic
88,353,0.01,44,0,1137,1137,0.000268001,775,0.000268001,0.000393107,0,0,0,iter,0,1,optk,1,dynamic
88,353,0.01,44,1,0,0,0,0,0,0,0,0,0,iter,0,1,optk,1,dynamic
88,353,0.01,46,0,5829,5829,0.00126151,3648,0.00126151,0.00201369,0,0,0,iter,0,1,optk,1,dynamic
88,353,0.01,46,1,0,0,0,0,0,0,0,0,0,iter,0,1,optk,1,dynamic
88,353,0.01,48,0,28559,28559,0.0058611,16949,0.0058611,0.00982733,0,0,0,iter,0,1,optk,1,dynamic
88,353,0.01,48,1,192,192,9.68263e-06,28,9.68263e-06,6.6393e-05,0,29,29,iter,0,1,optk,1,dynamic
88,353,0.01,50,0,128744,128744,0.023562,68136,0.023562,0.0435442,0,0,0,iter,0,1,optk,1,dynamic
88,353,0.01,50,1,3295,3295,0.000288058,833,0.000288058,0.00113879,0,845,845,iter,0,1,optk,1,dynamic
88,353,0.01,52,0,566579,566579,0.0882734,255267,0.0882734,0.177928,0,0,0,iter,0,1,optk,1,dynamic
88,353,0.01,52,1,80109,80109,0.00543161,15707,0.00543161,0.0273222,0,0,0,iter,0,1,optk,1,dynamic
88,353,0.01,52,2,2933,2933,0.000481711,1393,0.000481711,0.00101374,1518,0,1518,iter,0,1,optk,1,dynamic
88,353,0.01,54,0,2214509,2214509,0.265676,768275,0.265676,0.535036,0,0,0,iter,0,1,optk,1,dynamic
88,353,0.01,54,0,91533,91533,0.0127123,36761,0.0127123,0.0311572,42370,1,42371,type,0,2,optk,1,dynamic
88,353,0.01,54,1,1597207,1597207,0.0836095,241780,0.0836095,0.424391,0,0,0,iter,0,1,optk,1,dynamic
88,3526,0.1,38,0,0,0,0,0,0,0,0,0,0,iter,0,1,optk,5,dynamic
88,3526,0.1,40,0,1,1,1.55414e-34,5,1.731e-07,1.731e-07,0,0,0,iter,0,1,optk,5,dynamic
88,3526,0.1,40,1,0,0,0,0,0,0,0,0,0,iter,0,1,optk,5,dynamic
88,3526,0.1,42,0,201,201,1.18017e-23,750,2.5965e-05,3.47925e-05,0,0,0,iter,0,1,optk,5,dynamic
88,3526,0.1,42,1,0,0,0,0,0,0,0,0,0,iter,0,1,optk,5,dynamic
88,3526,0.1,44,0,1137,1137,4.33947e-20,3874,0.000134118,0.000196796,0,0,0,iter,0,1,optk,5,dynamic
88,3526,0.1,44,1,0,0,0,0,0,0,0,0,0,iter,0,1,optk,5,dynamic
88,3526,0.1,46,0,5829,5829,1.00352e-16,18238,0.000631401,0.00100849,0,0,0,iter,0,1,optk,5,dynamic
88,3526,0.1,46,1,0,0,0,0,0,0,0,0,0,iter,0,1,optk,5,dynamic
88,3526,0.1,48,0,28559,28559,2.18326e-13,84819,0.00293644,0.00493137,0,0,0,iter,0,1,optk,5,dynamic
88,3526,0.1,48,1,0,0,0,0,0,0,0,0,0,iter,0,1,optk,5,dynamic
88,3526,0.1,50,0,128744,128744,2.34778e-10,342613,0.0118613,0.0220391,0,0,0,iter,0,1,optk,5,dynamic
88,3526,0.1,50,1,0,0,0,0,0,0,0,0,0,iter,0,1,optk,5,dynamic
88,3526,0.1,52,0,566579,566579,1.89237e-07,1306392,0.0452274,0.0934191,0,0,0,iter,0,1,optk,5,dynamic
88,3526,0.1,52,1,0,0,0,0,0,0,0,0,0,iter,0,1,optk,5,dynamic
88,3526,0.1,54,0,2214509,2214509,6.00772e-05,4134416,0.143134,0.318414,0,0,0,iter,0,1,optk,5,dynamic
88,3526,0.1,54,1,279,279,3.00712e-25,360,1.24632e-05,4.82938e-05,1,72,73,iter,0,1,optk,5,dynamic
88,17632,0.5,38,0,0,0,0,0,0,0,0,0,0,iter,0,1,optk,25,dynamic
88,17632,0.5,40,0,1,1,9.04091e-170,25,1.73081e-07,1.73081e-07,0,0,0,iter,0,1,optk,25,dynamic
88,17632,0.5,40,1,0,0,0,0,0,0,0,0,0,iter,0,1,optk,25,dynamic
88,17632,0.5,42,0,201,201,2.28294e-115,3750,2.59621e-05,3.47886e-05,0,0,0,iter,0,1,optk,25,dynamic
88,17632,0.5,42,1,0,0,0,0,0,0,0,0,0,iter,0,1,optk,25,dynamic
88,17632,0.5,44,0,1137,1137,1.5404e-97,19373,0.000134124,0.000196773,0,0,0,iter,0,1,optk,25,dynamic
88,17632,0.5,44,1,0,0,0,0,0,0,0,0,0,iter,0,1,optk,25,dynamic
88,17632,0.5,46,0,5829,5829,1.01817e-80,91202,0.000631412,0.00100838,0,0,0,iter,0,1,optk,25,dynamic
88,17632,0.5,46,1,0,0,0,0,0,0,0,0,0,iter,0,1,optk,25,dynamic
88,17632,0.5,48,0,28559,28559,4.98211e-64,424217,0.00293695,0.00493081,0,0,0,iter,0,1,optk,25,dynamic
88,17632,0.5,48,1,0,0,0,0,0,0,0,0,0,iter,0,1,optk,25,dynamic
88,17632,0.5,50,0,128744,128744,7.10935e-49,1713029,0.0118597,0.0220367,0,0,0,iter,0,1,optk,25,dynamic
88,17632,0.5,50,1,0,0,0,0,0,0,0,0,0,iter,0,1,optk,25,dynamic
88,17632,0.5,52,0,566579,566579,2.41173e-34,6531075,0.0452161,0.093409,0,0,0,iter,0,1,optk,25,dynamic
88,17632,0.5,52,1,0,0,0,0,0,0,0,0,0,iter,0,1,optk,25,dynamic
88,17632,0.5,54,0,2214509,2214509,7.76774e-22,20668231,0.143091,0.318384,0,0,0,iter,0,1,optk,25,dynamic
88,17632,0.5,54,1,10,10,2.57036e-150,150,1.03848e-06,1.7308e-06,1,6,7,iter,0,1,optk,25,dynamic
89,6,0.001,36,0,0,0,0,0,0,0,0,0,0,iter,0,1,optk,1,dynamic
89,6,0.001,38,0,0,0,0,0,0,0,0,0,0,iter,0,1,optk,1,dynamic
89,6,0.001,40,0,6,6,0.000101725,5,0.000101725,0.000122063,0,0,0,iter,0,1,optk,1,dynamic
89,6,0.001,40,1,0,0,0,0,0,0,0,0,0,iter,0,1,optk,1,dynamic
89,6,0.001,42,0,758,758,0.0131022,644,0.0131022,0.0153032,0,0,0,iter,0,1,optk,1,dynamic
89,6,0.001,42,1,0,0,0,0,0,0,0,0,0,iter,0,1,optk,1,dynamic
89,6,0.001,44,0,4107,4107,0.0659587,3242,0.0659587,0.0801615,0,0,0,iter,0,1,optk,1,dynamic
89,6,0.001,44,1,8,8,0.00012207,6,0.00012207,0.000162747,0,6,6,iter,0,1,optk,1,dynamic
89,6,0.001,46,0,15255,15255,0.213582,10498,0.213582,0.26682,0,0,0,iter,0,1,optk,1,dynamic
89,6,0.001,46,1,378,378,0.00303141,149,0.00303141,0.00766093,0,152,152,iter,0,1,optk,1,dynamic
89,6,0.001,48,0,49820,49820,0.525492,25829,0.525492,0.637086,0,0,0,iter,0,1,optk,1,dynamic
89,6,0.001,48,1,12111,12111,0.0741374,3644,0.0741374,0.21839,0,0,0,iter,0,1,optk,1,dynamic
89,6,0.001,48,2,3783,3783,0.0547892,2693,0.0547892,0.074078,0,0,0,iter,0,1,optk,1,dynamic
89,6,0.001,48,3,1389,1389,0.00787354,387,0.00787354,0.0278637,0,0,0,iter,0,1,optk,1,dynamic
89,6,0.001,48,4,348,348,0.00567627,279,0.00567627,0.00705507,487,0,487,iter,0,1,optk,1,dynamic
89,6,0.001,50,0,13799,13799,0.17334,8520,0.17334,0.244776,10539,1,10540,type,0,6,optk,1,dynamic
89,6,0.001,50,0,141040,141040,0.859416,42242,0.859416,0.943271,0,0,0,iter,0,1,optk,1,dynamic
89,6,0.001,50,1,187998,187998,0.584127,28711,0.584127,0.978178,0,0,0,iter,0,1,optk,1,dynamic
89,61,0.01,36,0,0,0,0,0,0,0,0,0,0,iter,0,1,optk,1,dynamic
89,61,0.01,38,0,0,0,0,0,0,0,0,0,0,iter,0,1,optk,1,dynamic
89,61,0.01,40,0,6,6,1.00058e-05,5,1.00058e-05,1.20068e-05,0,0,0,iter,0,1,optk,1,dynamic
89,61,0.01,40,1,0,0,0,0,0,0,0,0,0,iter,0,1,optk,1,dynamic
89,61,0.01,42,0,758,758,0.00129475,647,0.00129475,0.00151572,0,0,0,iter,0,1,optk,1,dynamic
89,61,0.01,42,1,0,0,0,0,0,0,0,0,0,iter,0,1,optk,1,dynamic
89,61,0.01,44,0,4107,4107,0.00670186,3349,0.00670186,0.00818505,0,0,0,iter,0,1,optk,1,dynamic
89,61,0.01,44,1,0,0,0,0,0,0,0,0,0,iter,0,1,optk,1,dynamic
89,61,0.01,46,0,15255,15255,0.0233575,11672,0.0233575,0.0300663,0,0,0,iter,0,1,optk,1,dynamic
89,61,0.01,46,1,12,12,2.00115e-05,10,2.00115e-05,2.40135e-05,0,10,10,iter,0,1,optk,1,dynamic
89,61,0.01,48,0,49820,49820,0.0702765,35118,0.0702765,0.0948888,0,0,0,iter,0,1,optk,1,dynamic
89,61,0.01,48,1,1618,1618,0.000982566,491,0.000982566,0.00323263,0,494,494,iter,0,1,optk,1,dynamic
89,61,0.01,50,0,141040,141040,0.174499,87199,0.174499,0.245909,0,0,0,iter,0,1,optk,1,dynamic
89,61,0.01,50,1,39765,39765,0.017404,8697,0.017404,0.076492,0,0,0,iter,0,1,optk,1,dynamic
89,61,0.01,50,2,2472,2472,0.00336394,1681,0.00336394,0.00493463,2022,1,2023,iter,0,1,optk,1,dynamic
89,608,0.1,36,0,0,0,0,0,0,0,0,0,0,iter,0,1,optk,3,dynamic
89,608,0.1,38,0,0,0,0,0,0,0,0,0,0,iter,0,1,optk,3,dynamic
89,608,0.1,40,0,6,6,2.73145e-17,15,3.0116e-06,3.61392e-06,0,0,0,iter,0,1,optk,3,dynamic
89,608,0.1,40,1,0,0,0,0,0,0,0,0,0,iter,0,1,optk,3,dynamic
89,608,0.1,42,0,758,758,5.91829e-11,1941,0.000389701,0.000456455,0,0,0,iter,0,1,optk,3,dynamic
89,608,0.1,42,1,0,0,0,0,0,0,0,0,0,iter,0,1,optk,3,dynamic
89,608,0.1,44,0,4107,4107,8.25203e-09,10065,0.00202079,0.00247067,0,0,0,iter,0,1,optk,3,dynamic
89,608,0.1,44,1,0,0,0,0,0,0,0,0,0,iter,0,1,optk,3,dynamic
89,608,0.1,46,0,15255,15255,3.54695e-07,35257,0.00707867,0.00914632,0,0,0,iter,0,1,optk,3,dynamic
89,608,0.1,46,1,0,0,0,0,0,0,0,0,0,iter,0,1,optk,3,dynamic
89,608,0.1,48,0,49820,49820,1.02393e-05,108156,0.0217149,0.0295619,0,0,0,iter,0,1,optk,3,dynamic
89,608,0.1,48,1,0,0,0,0,0,0,0,0,0,iter,0,1,optk,3,dynamic
89,608,0.1,50,0,141040,141040,0.000176628,279456,0.0561074,0.081443,0,0,0,iter,0,1,optk,3,dynamic
89,608,0.1,50,1,21,21,3.77596e-16,36,7.22785e-06,1.26487e-05,1,12,13,iter,0,1,optk,3,dynamic
89,3040,0.5,36,0,0,0,0,0,0,0,0,0,0,iter,0,1,optk,16,dynamic
89,3040,0.5,38,0,0,0,0,0,0,0,0,0,0,iter,0,1,optk,16,dynamic
89,3040,0.5,40,0,6,6,1.28595e-88,80,3.21238e-06,3.85484e-06,0,0,0,iter,0,1,optk,16,dynamic
89,3040,0.5,40,1,0,0,0,0,0,0,0,0,0,iter,0,1,optk,16,dynamic
89,3040,0.5,42,0,758,758,7.9219e-55,10350,0.000415601,0.000486878,0,0,0,iter,0,1,optk,16,dynamic
89,3040,0.5,42,1,0,0,0,0,0,0,0,0,0,iter,0,1,optk,16,dynamic
89,3040,0.5,44,0,4107,4107,2.15485e-43,53654,0.00215446,0.00263517,0,0,0,iter,0,1,optk,16,dynamic
89,3040,0.5,44,1,0,0,0,0,0,0,0,0,0,iter,0,1,optk,16,dynamic
89,3040,0.5,46,0,15255,15255,1.10893e-34,187962,0.00754756,0.00975309,0,0,0,iter,0,1,optk,16,dynamic
89,3040,0.5,46,1,0,0,0,0,0,0,0,0,0,iter,0,1,optk,16,dynamic
89,3040,0.5,48,0,49820,49820,6.75002e-27,576229,0.0231383,0.0315013,0,0,0,iter,0,1,optk,16,dynamic
89,3040,0.5,48,1,0,0,0,0,0,0,0,0,0,iter,0,1,optk,16,dynamic
89,3040,0.5,50,0,141040,141040,2.63625e-20,1487905,0.0597464,0.0866305,0,0,0,iter,0,1,optk,16,dynamic
89,3040,0.5,50,1,4,4,3.6278e-92,48,1.92743e-06,2.5699e-06,1,3,4,iter,0,1,optk,16,dynamic
90,21,0.001,41,0,0,0,0,0,0,0,0,0,0,iter,0,1,optk,1,dynamic
90,21,0.001,43,0,2,2,5.81287e-06,1,5.81287e-06,1.16257e-05,0,0,0,iter,0,1,optk,1,dynamic
90,21,0.001,43,1,0,0,0,0,0,0,0,0,0,iter,0,1,optk,1,dynamic
90,21,0.001,45,0,3,3,1.74386e-05,3,1.74386e-05,1.74385e-05,0,0,0,iter,0,1,optk,1,dynamic
90,21,0.001,45,1,0,0,0,0,0,0,0,0,0,iter,0,1,optk,1,dynamic
90,21,0.001,47,0,6,6,3.48772e-05,6,3.48772e-05,3.48766e-05,0,0,0,iter,0,1,optk,1,dynamic
90,21,0.001,47,1,0,0,0,0,0,0,0,0,0,iter,0,1,optk,1,dynamic
90,21,0.001,49,0,14,14,8.13802e-05,14,8.13802e-05,8.13769e-05,0,0,0,iter,0,1,optk,1,dynamic
90,21,0.001,49,1,0,0,0,0,0,0,0,0,0,iter,0,1,optk,1,dynamic
90,21,0.001,51,0,32,32,0.000186012,32,0.000186012,0.000185995,0,0,0,iter,0,1,optk,1,dynamic
90,21,0.001,51,1,0,0,0,0,0,0,0,0,0,iter,0,1,optk,1,dynamic
90,21,0.001,53,0,66,66,0.00038365,66,0.00038365,0.000383576,0,0,0,iter,0,1,optk,1,dynamic
90,21,0.001,53,1,0,0,0,0,0,0,0,0,0,iter,0,1,optk,1,dynamic
90,21,0.001,55,0,136,136,0.000778925,134,0.000778925,0.000790238,0,0,0,iter,0,1,optk,1,dynamic
90,21,0.001,55,1,2,2,5.81287e-06,1,5.81287e-06,1.16257e-05,0,1,1,iter,0,1,optk,1,dynamic
90,21,0.001,57,0,290,290,0.00165086,284,0.00165086,0.00168431,0,0,0,iter,0,1,optk,1,dynamic
90,21,0.001,57,1,12,12,1.74386e-05,3,1.74386e-05,6.9752e-05,1,3,4,iter,0,1,optk,1,dynamic
90,209,0.01,41,0,0,0,0,0,0,0,0,0,0,iter,0,1,optk,1,dynamic
90,209,0.01,43,0,2,2,5.84068e-07,1,5.84068e-07,1.16814e-06,0,0,0,iter,0,1,optk,1,dynamic
90,209,0.01,43,1,0,0,0,0,0,0,0,0,0,iter,0,1,optk,1,dynamic
90,209,0.01,45,0,3,3,1.75221e-06,3,1.75221e-06,1.7522e-06,0,0,0,iter,0,1,optk,1,dynamic
90,209,0.01,45,1,0,0,0,0,0,0,0,0,0,iter,0,1,optk,1,dynamic
90,209,0.01,47,0,6,6,3.50441e-06,6,3.50441e-06,3.5044e-06,0,0,0,iter,0,1,optk,1,dynamic
90,209,0.01,47,1,0,0,0,0,0,0,0,0,0,iter,0,1,optk,1,dynamic
90,209,0.01,49,0,14,14,8.17696e-06,14,8.17696e-06,8.17693e-06,0,0,0,iter,0,1,optk,1,dynamic
90,209,0.01,49,1,0,0,0,0,0,0,0,0,0,iter,0,1,optk,1,dynamic
90,209,0.01,51,0,32,32,1.86902e-05,32,1.86902e-05,1.869e-05,0,0,0,iter,0,1,optk,1,dynamic
90,209,0.01,51,1,0,0,0,0,0,0,0,0,0,iter,0,1,optk,1,dynamic
90,209,0.01,53,0,66,66,3.85485e-05,66,3.85485e-05,3.85478e-05,0,0,0,iter,0,1,optk,1,dynamic
90,209,0.01,53,1,0,0,0,0,0,0,0,0,0,iter,0,1,optk,1,dynamic
90,209,0.01,55,0,136,136,7.82652e-05,134,7.82652e-05,7.94302e-05,0,0,0,iter,0,1,optk,1,dynamic
90,209,0.01,55,1,0,0,0,0,0,0,0,0,0,iter,0,1,optk,1,dynamic
90,209,0.01,57,0,290,290,0.000165875,284,0.000165875,0.000169366,0,0,0,iter,0,1,optk,1,dynamic
90,209,0.01,57,1,5,5,1.16814e-06,2,1.16814e-06,2.92034e-06,1,2,3,iter,0,1,optk,1,dynamic
90,2091,0.1,41,0,0,0,0,0,0,0,0,0,0,iter,0,1,optk,1,dynamic
90,2091,0.1,43,0,2,2,5.83789e-08,1,5.83789e-08,1.16758e-07,0,0,0,iter,0,1,optk,1,dynamic
90,2091,0.1,43,1,0,0,0,0,0,0,0,0,0,iter,0,1,optk,1,dynamic
90,2091,0.1,45,0,3,3,1.75137e-07,3,1.75137e-07,1.75137e-07,0,0,0,iter,0,1,optk,1,dynamic
90,2091,0.1,45,1,0,0,0,0,0,0,0,0,0,iter,0,1,optk,1,dynamic
90,2091,0.1,47,0,6,6,3.50273e-07,6,3.50273e-07,3.50273e-07,0,0,0,iter,0,1,optk,1,dynamic
90,2091,0.1,47,1,0,0,0,0,0,0,0,0,0,iter,0,1,optk,1,dynamic
90,2091,0.1,49,0,14,14,8.17305e-07,14,8.17305e-07,8.17304e-07,0,0,0,iter,0,1,optk,1,dynamic
90,2091,0.1,49,1,0,0,0,0,0,0,0,0,0,iter,0,1,optk,1,dynamic
90,2091,0.1,51,0,32,32,1.86813e-06,32,1.86813e-06,1.86812e-06,0,0,0,iter,0,1,optk,1,dynamic
90,2091,0.1,51,1,0,0,0,0,0,0,0,0,0,iter,0,1,optk,1,dynamic
90,2091,0.1,53,0,66,66,3.85301e-06,66,3.85301e-06,3.853e-06,0,0,0,iter,0,1,optk,1,dynamic
90,2091,0.1,53,1,0,0,0,0,0,0,0,0,0,iter,0,1,optk,1,dynamic
90,2091,0.1,55,0,136,136,7.82277e-06,134,7.82277e-06,7.9395e-06,0,0,0,iter,0,1,optk,1,dynamic
90,2091,0.1,55,1,0,0,0,0,0,0,0,0,0,iter,0,1,optk,1,dynamic
90,2091,0.1,57,0,290,290,1.65796e-05,284,1.65796e-05,1.69297e-05,0,0,0,iter,0,1,optk,1,dynamic
90,2091,0.1,57,1,5,5,1.16758e-07,2,1.16758e-07,2.91895e-07,1,2,3,iter,0,1,optk,1,dynamic
90,10455,0.5,41,0,0,0,0,0,0,0,0,0,0,iter,0,1,optk,4,dynamic
90,10455,0.5,43,0,2,2,4.75756e-30,4,4.67031e-08,9.34063e-08,0,0,0,iter,0,1,optk,4,dynamic
90,10455,0.5,43,1,0,0,0,0,0,0,0,0,0,iter,0,1,optk,4,dynamic
90,10455,0.5,45,0,3,3,3.85362e-28,12,1.40109e-07,1.40109e-07,0,0,0,iter,0,1,optk,4,dynamic
90,10455,0.5,45,1,0,0,0,0,0,0,0,0,0,iter,0,1,optk,4,dynamic
90,10455,0.5,47,0,6,6,6.16579e-27,24,2.80219e-07,2.80219e-07,0,0,0,iter,0,1,optk,4,dynamic
90,10455,0.5,47,1,0,0,0,0,0,0,0,0,0,iter,0,1,optk,4,dynamic
90,10455,0.5,49,0,14,14,1.82766e-25,56,6.53844e-07,6.53844e-07,0,0,0,iter,0,1,optk,4,dynamic
90,10455,0.5,49,1,0,0,0,0,0,0,0,0,0,iter,0,1,optk,4,dynamic
90,10455,0.5,51,0,32,32,4.98866e-24,128,1.4945e-06,1.4945e-06,0,0,0,iter,0,1,optk,4,dynamic
90,10455,0.5,51,1,0,0,0,0,0,0,0,0,0,iter,0,1,optk,4,dynamic
90,10455,0.5,53,0,66,66,9.02734e-23,264,3.08241e-06,3.0824e-06,0,0,0,iter,0,1,optk,4,dynamic
90,10455,0.5,53,1,0,0,0,0,0,0,0,0,0,iter,0,1,optk,4,dynamic
90,10455,0.5,55,0,136,136,1.53392e-21,536,6.25822e-06,6.35161e-06,0,0,0,iter,0,1,optk,4,dynamic
90,10455,0.5,55,1,0,0,0,0,0,0,0,0,0,iter,0,1,optk,4,dynamic
90,10455,0.5,57,0,290,290,3.09498e-20,1136,1.32637e-05,1.35438e-05,0,0,0,iter,0,1,optk,4,dynamic
90,10455,0.5,57,1,5,5,7.61209e-29,8,9.34063e-08,2.33516e-07,1,2,3,iter,0,1,optk,4,dynamic
91,162,0.001,37,0,0,0,0,0,0,0,0,0,0,iter,0,1,optk,1,dynamic
91,162,0.001,39,0,0,0,0,0,0,0,0,0,0,iter,0,1,optk,1,dynamic
91,162,0.001,41,0,0,0,0,0,0,0,0,0,0,iter,0,1,optk,1,dynamic
91,162,0.001,43,0,145,145,6.78168e-05,90,6.78168e-05,0.000109254,0,0,0,iter,0,1,optk,1,dynamic
91,162,0.001,43,1,0,0,0,0,0,0,0,0,0,iter,0,1,optk,1,dynamic
91,162,0.001,45,0,32,32,2.41127e-05,32,2.41127e-05,2.41124e-05,0,0,0,iter,0,1,optk,1,dynamic
91,162,0.001,45,1,0,0,0,0,0,0,0,0,0,iter,0,1,optk,1,dynamic
91,162,0.001,47,0,66,66,4.97323e-05,66,4.97323e-05,4.97311e-05,0,0,0,iter,0,1,optk,1,dynamic
91,162,0.001,47,1,0,0,0,0,0,0,0,0,0,iter,0,1,optk,1,dynamic
91,162,0.001,49,0,136,136,0.000100972,134,0.000100972,0.000102474,0,0,0,iter,0,1,optk,1,dynamic
91,162,0.001,49,1,0,0,0,0,0,0,0,0,0,iter,0,1,optk,1,dynamic
91,162,0.001,51,0,290,290,0.000214,284,0.000214,0.000218497,0,0,0,iter,0,1,optk,1,dynamic
91,162,0.001,51,1,0,0,0,0,0,0,0,0,0,iter,0,1,optk,1,dynamic
91,162,0.001,53,0,624,624,0.000452112,600,0.000452112,0.000470086,0,0,0,iter,0,1,optk,1,dynamic
91,162,0.001,53,1,0,0,0,0,0,0,0,0,0,iter,0,1,optk,1,dynamic
91,162,0.001,55,0,1338,1338,0.000960739,1275,0.000960739,0.0010077,0,0,0,iter,0,1,optk,1,dynamic
91,162,0.001,55,1,41,41,2.26056e-06,3,2.26056e-06,3.08939e-05,0,3,3,iter,0,1,optk,1,dynamic
91,162,0.001,57,0,2848,2848,0.00198628,2636,0.00198628,0.00214373,0,0,0,iter,0,1,optk,1,dynamic
91,162,0.001,57,1,5253,5253,4.97323e-05,66,4.97323e-05,0.00395042,21,1,22,iter,0,1,optk,1,dynamic
91,1620,0.01,37,0,0,0,0,0,0,0,0,0,0,iter,0,1,optk,1,dynamic
91,1620,0.01,39,0,0,0,0,0,0,0,0,0,0,iter,0,1,optk,1,dynamic
91,1620,0.01,41,0,0,0,0,0,0,0,0,0,0,iter,0,1,optk,1,dynamic
91,1620,0.01,43,0,145,145,6.78168e-06,90,6.78168e-06,1.0926e-05,0,0,0,iter,0,1,optk,1,dynamic
91,1620,0.01,43,1,0,0,0,0,0,0,0,0,0,iter,0,1,optk,1,dynamic
91,1620,0.01,45,0,32,32,2.41127e-06,32,2.41127e-06,2.41126e-06,0,0,0,iter,0,1,optk,1,dynamic
91,1620,0.01,45,1,0,0,0,0,0,0,0,0,0,iter,0,1,optk,1,dynamic
91,1620,0.01,47,0,66,66,4.97323e-06,66,4.97323e-06,4.97322e-06,0,0,0,iter,0,1,optk,1,dynamic
91,1620,0.01,47,1,0,0,0,0,0,0,0,0,0,iter,0,1,optk,1,dynamic
91,1620,0.01,49,0,136,136,1.00972e-05,134,1.00972e-05,1.02478e-05,0,0,0,iter,0,1,optk,1,dynamic
91,1620,0.01,49,1,0,0,0,0,0,0,0,0,0,iter,0,1,optk,1,dynamic
91,1620,0.01,51,0,290,290,2.14e-05,284,2.14e-05,2.18519e-05,0,0,0,iter,0,1,optk,1,dynamic
91,1620,0.01,51,1,0,0,0,0,0,0,0,0,0,iter,0,1,optk,1,dynamic
91,1620,0.01,53,0,624,624,4.52112e-05,600,4.52112e-05,4.70186e-05,0,0,0,iter,0,1,optk,1,dynamic
91,1620,0.01,53,1,0,0,0,0,0,0,0,0,0,iter,0,1,optk,1,dynamic
91,1620,0.01,55,0,1338,1338,9.60739e-05,1275,9.60739e-05,0.000100816,0,0,0,iter,0,1,optk,1,dynamic
91,1620,0.01,55,1,0,0,0,0,0,0,0,0,0,iter,0,1,optk,1,dynamic
91,1620,0.01,57,0,2848,2848,0.000198854,2639,0.000198854,0.00021458,0,0,0,iter,0,1,optk,1,dynamic
91,1620,0.01,57,1,122,122,1.65774e-06,22,1.65774e-06,9.19291e-06,1,22,23,iter,0,1,optk,1,dynamic
91,16200,0.1,37,0,0,0,0,0,0,0,0,0,0,iter,0,1,optk,3,dynamic
91,16200,0.1,39,0,0,0,0,0,0,0,0,0,0,iter,0,1,optk,3,dynamic
91,16200,0.1,41,0,0,0,0,0,0,0,0,0,0,iter,0,1,optk,3,dynamic
91,16200,0.1,43,0,145,145,8.42125e-18,270,2.03451e-06,3.27781e-06,0,0,0,iter,0,1,optk,3,dynamic
91,16200,0.1,43,1,0,0,0,0,0,0,0,0,0,iter,0,1,optk,3,dynamic
91,16200,0.1,45,0,32,32,3.78529e-19,96,7.2338e-07,7.23379e-07,0,0,0,iter,0,1,optk,3,dynamic
91,16200,0.1,45,1,0,0,0,0,0,0,0,0,0,iter,0,1,optk,3,dynamic
91,16200,0.1,47,0,66,66,3.32109e-18,198,1.49197e-06,1.49197e-06,0,0,0,iter,0,1,optk,3,dynamic
91,16200,0.1,47,1,0,0,0,0,0,0,0,0,0,iter,0,1,optk,3,dynamic
91,16200,0.1,49,0,136,136,2.77948e-17,402,3.02915e-06,3.07436e-06,0,0,0,iter,0,1,optk,3,dynamic
91,16200,0.1,49,1,0,0,0,0,0,0,0,0,0,iter,0,1,optk,3,dynamic
91,16200,0.1,51,0,290,290,2.64609e-16,852,6.41999e-06,6.55561e-06,0,0,0,iter,0,1,optk,3,dynamic
91,16200,0.1,51,1,0,0,0,0,0,0,0,0,0,iter,0,1,optk,3,dynamic
91,16200,0.1,53,0,624,624,2.49518e-15,1800,1.35634e-05,1.41058e-05,0,0,0,iter,0,1,optk,3,dynamic
91,16200,0.1,53,1,0,0,0,0,0,0,0,0,0,iter,0,1,optk,3,dynamic
91,16200,0.1,55,0,1338,1338,2.3943e-14,3825,2.88222e-05,3.02459e-05,0,0,0,iter,0,1,optk,3,dynamic
91,16200,0.1,55,1,0,0,0,0,0,0,0,0,0,iter,0,1,optk,3,dynamic
91,16200,0.1,57,0,2848,2848,2.12308e-13,7917,5.96562e-05,6.43787e-05,0,0,0,iter,0,1,optk,3,dynamic
91,16200,0.1,57,1,120,120,1.06981e-19,63,4.74718e-07,2.71267e-06,1,21,22,iter,0,1,optk,3,dynamic
91,81000,0.5,37,0,0,0,0,0,0,0,0,0,0,iter,0,1,optk,14,dynamic
91,81000,0.5,39,0,0,0,0,0,0,0,0,0,0,iter,0,1,optk,14,dynamic
91,81000,0.5,41,0,0,0,0,0,0,0,0,0,0,iter,0,1,optk,14,dynamic
91,81000,0.5,43,0,145,145,7.92388e-81,1260,1.89887e-06,3.05929e-06,0,0,0,iter,0,1,optk,14,dynamic
91,81000,0.5,43,1,0,0,0,0,0,0,0,0,0,iter,0,1,optk,14,dynamic
91,81000,0.5,45,0,32,32,4.08924e-87,448,6.75154e-07,6.75154e-07,0,0,0,iter,0,1,optk,14,dynamic
91,81000,0.5,45,1,0,0,0,0,0,0,0,0,0,iter,0,1,optk,14,dynamic
91,81000,0.5,47,0,66,66,1.03076e-82,924,1.39251e-06,1.3925e-06,0,0,0,iter,0,1,optk,14,dynamic
91,81000,0.5,47,1,0,0,0,0,0,0,0,0,0,iter,0,1,optk,14,dynamic
91,81000,0.5,49,0,136,136,2.08454e-78,1876,2.82721e-06,2.8694e-06,0,0,0,iter,0,1,optk,14,dynamic
91,81000,0.5,49,1,0,0,0,0,0,0,0,0,0,iter,0,1,optk,14,dynamic
91,81000,0.5,51,0,290,290,7.6913e-74,3976,5.99199e-06,6.11857e-06,0,0,0,iter,0,1,optk,14,dynamic
91,81000,0.5,51,1,0,0,0,0,0,0,0,0,0,iter,0,1,optk,14,dynamic
91,81000,0.5,53,0,624,624,2.71432e-69,8400,1.26591e-05,1.31654e-05,0,0,0,iter,0,1,optk,14,dynamic
91,81000,0.5,53,1,0,0,0,0,0,0,0,0,0,iter,0,1,optk,14,dynamic
91,81000,0.5,55,0,1338,1338,1.03917e-64,17850,2.69007e-05,2.82295e-05,0,0,0,iter,0,1,optk,14,dynamic
91,81000,0.5,55,1,0,0,0,0,0,0,0,0,0,iter,0,1,optk,14,dynamic
91,81000,0.5,57,0,2848,2848,2.75125e-60,36945,5.56776e-05,6.00869e-05,0,0,0,iter,0,1,optk,14,dynamic
91,81000,0.5,57,1,120,120,1.1236e-89,294,4.4307e-07,2.53183e-06,1,21,22,iter,0,1,optk,14,dynamic
92,1,0.001,34,0,0,0,0,0,0,0,0,0,0,iter,0,1,optk,1,dynamic
92,1,0.001,36,0,4,4,0.000488281,4,0.000488281,0.000488162,0,0,0,iter,0,1,optk,1,dynamic
92,1,0.001,36,1,0,0,0,0,0,0,0,0,0,iter,0,1,optk,1,dynamic
92,1,0.001,38,0,83,83,0.0098877,81,0.0098877,0.0100807,0,0,0,iter,0,1,optk,1,dynamic
92,1,0.001,38,1,0,0,0,0,0,0,0,0,0,iter,0,1,optk,1,dynamic
92,1,0.001,40,0,306,306,0.0354004,290,0.0354004,0.0366645,0,0,0,iter,0,1,optk,1,dynamic
92,1,0.001,40,1,0,0,0,0,0,0,0,0,0,iter,0,1,optk,1,dynamic
92,1,0.001,42,0,912,912,0.100098,820,0.100098,0.105355,0,0,0,iter,0,1,optk,1,dynamic
92,1,0.001,42,1,48,48,0.000732422,6,0.000732422,0.00584224,0,6,6,iter,0,1,optk,1,dynamic
92,1,0.001,44,0,2365,2365,0.233643,1914,0.233643,0.25076,0,0,0,iter,0,1,optk,1,dynamic
92,1,0.001,44,1,267,267,0.00842285,69,0.00842285,0.0320674,0,0,0,iter,0,1,optk,1,dynamic
92,1,0.001,44,2,12,12,0.00146484,12,0.00146484,0.00146377,14,0,14,iter,0,1,optk,1,dynamic
92,1,0.001,46,0,297,297,0.0314941,258,0.0314941,0.0356055,330,0,330,type,0,2,optk,1,dynamic
92,1,0.001,46,0,5938,5938,0.470459,3854,0.470459,0.515604,0,0,0,iter,0,1,optk,1,dynamic
92,1,0.001,46,1,291,291,0.0317383,260,0.0317383,0.0348989,347,1,348,type,1,2,optk,1,dynamic
92,1,0.001,46,1,5381,5381,0.102905,843,0.102905,0.481523,0,0,0,iter,0,1,optk,1,dynamic
92,12,0.01,34,0,0,0,0,0,0,0,0,0,0,iter,0,1,optk,1,dynamic
92,12,0.01,36,0,4,4,4.06901e-05,4,4.06901e-05,4.06893e-05,0,0,0,iter,0,1,optk,1,dynamic
92,12,0.01,36,1,0,0,0,0,0,0,0,0,0,iter,0,1,optk,1,dynamic
92,12,0.01,38,0,83,83,0.000823975,81,0.000823975,0.000843963,0,0,0,iter,0,1,optk,1,dynamic
92,12,0.01,38,1,0,0,0,0,0,0,0,0,0,iter,0,1,optk,1,dynamic
92,12,0.01,40,0,306,306,0.0030009,295,0.0030009,0.00310795,0,0,0,iter,0,1,optk,1,dynamic
92,12,0.01,40,1,0,0,0,0,0,0,0,0,0,iter,0,1,optk,1,dynamic
92,12,0.01,42,0,912,912,0.00889079,874,0.00889079,0.00923444,0,0,0,iter,0,1,optk,1,dynamic
92,12,0.01,42,1,8,8,1.01725e-05,1,1.01725e-05,8.13769e-05,0,1,1,iter,0,1,optk,1,dynamic
92,12,0.01,44,0,2365,2365,0.0219014,2153,0.0219014,0.0237709,0,0,0,iter,0,1,optk,1,dynamic
92,12,0.01,44,1,38,38,8.13802e-05,8,8.13802e-05,0.000386481,0,8,8,iter,0,1,optk,1,dynamic
92,12,0.01,46,0,5938,5938,0.0526123,5172,0.0526123,0.0586163,0,0,0,iter,0,1,optk,1,dynamic
92,12,0.01,46,1,743,743,0.000956217,94,0.000956217,0.0075297,1,94,95,iter,0,1,optk,1,dynamic
92,125,0.1,34,0,0,0,0,0,0,0,0,0,0,iter,0,1,optk,2,dynamic
92,125,0.1,36,0,4,4,6.10352e-11,8,7.8125e-06,7.81247e-06,0,0,0,iter,0,1,optk,2,dynamic
92,125,0.1,36,1,0,0,0,0,0,0,0,0,0,iter,0,1,optk,2,dynamic
92,125,0.1,38,0,83,83,2.50282e-08,162,0.000158203,0.000162096,0,0,0,iter,0,1,optk,2,dynamic
92,125,0.1,38,1,0,0,0,0,0,0,0,0,0,iter,0,1,optk,2,dynamic
92,125,0.1,40,0,306,306,3.331e-07,591,0.000577148,0.000597478,0,0,0,iter,0,1,optk,2,dynamic
92,125,0.1,40,1,0,0,0,0,0,0,0,0,0,iter,0,1,optk,2,dynamic
92,125,0.1,42,0,912,912,2.92731e-06,1752,0.00171094,0.00177966,0,0,0,iter,0,1,optk,2,dynamic
92,125,0.1,42,1,0,0,0,0,0,0,0,0,0,iter,0,1,optk,2,dynamic
92,125,0.1,44,0,2365,2365,1.79796e-05,4342,0.00424023,0.00460849,0,0,0,iter,0,1,optk,2,dynamic
92,125,0.1,44,1,0,0,0,0,0,0,0,0,0,iter,0,1,optk,2,dynamic
92,125,0.1,46,0,5938,5938,0.00010663,10574,0.0103262,0.0115307,0,0,0,iter,0,1,optk,2,dynamic
92,125,0.1,46,1,1,1,3.8147e-12,2,1.95313e-06,1.95312e-06,1,1,2,iter,0,1,optk,2,dynamic
92,623,0.5,34,0,0,0,0,0,0,0,0,0,0,iter,0,1,optk,10,dynamic
92,623,0.5,36,0,4,4,8.74621e-52,40,7.83758e-06,7.83755e-06,0,0,0,iter,0,1,optk,10,dynamic
92,623,0.5,36,1,0,0,0,0,0,0,0,0,0,iter,0,1,optk,10,dynamic
92,623,0.5,38,0,83,83,1.01408e-38,810,0.000158711,0.000162617,0,0,0,iter,0,1,optk,10,dynamic
92,623,0.5,38,1,0,0,0,0,0,0,0,0,0,iter,0,1,optk,10,dynamic
92,623,0.5,40,0,306,306,4.30663e-33,2960,0.000579981,0.000599395,0,0,0,iter,0,1,optk,10,dynamic
92,623,0.5,40,1,0,0,0,0,0,0,0,0,0,iter,0,1,optk,10,dynamic
92,623,0.5,42,0,912,912,2.21194e-28,8757,0.00171584,0.00178537,0,0,0,iter,0,1,optk,10,dynamic
92,623,0.5,42,1,0,0,0,0,0,0,0,0,0,iter,0,1,optk,10,dynamic
92,623,0.5,44,0,2365,2365,1.93294e-24,21702,0.00425228,0.00462325,0,0,0,iter,0,1,optk,10,dynamic
92,623,0.5,44,1,0,0,0,0,0,0,0,0,0,iter,0,1,optk,10,dynamic
92,623,0.5,46,0,5938,5938,1.41583e-20,52842,0.0103538,0.0115675,0,0,0,iter,0,1,optk,10,dynamic
92,623,0.5,46,1,1,1,8.34104e-58,10,1.9594e-06,1.95939e-06,1,1,2,iter,0,1,optk,10,dynamic
93,1,0.001,45,0,0,0,0,0,0,0,0,0,0,iter,0,1,optk,1,dynamic
93,1,0.001,47,0,2,2,0.000244141,2,0.000244141,0.000244111,0,0,0,iter,0,1,optk,1,dynamic
93,1,0.001,47,1,0,0,0,0,0,0,0,0,0,iter,0,1,optk,1,dynamic
93,1,0.001,49,0,57,57,0.00415039,34,0.00415039,0.00693386,0,0,0,iter,0,1,optk,1,dynamic
93,1,0.001,49,1,3,3,0.000366211,3,0.000366211,0.000366144,0,3,3,iter,0,1,optk,1,dynamic
93,1,0.001,51,0,1355,1355,0.0787354,645,0.0787354,0.15245,0,0,0,iter,0,1,optk,1,dynamic
93,1,0.001,51,1,930,930,0.0612793,502,0.0612793,0.107318,0,0,0,iter,0,1,optk,1,dynamic
93,1,0.001,51,2,61,61,0.0045166,37,0.0045166,0.00741863,39,0,39,iter,0,1,optk,1,dynamic
93,1,0.001,53,0,29290,29290,0.781128,6399,0.781128,0.971997,0,0,0,iter,0,1,optk,1,dynamic
93,1,0.001,53,0,3852,3852,0.18042,1478,0.18042,0.375132,1615,0,1615,type,0,8,optk,1,dynamic
93,1,0.001,53,1,3852,3852,0.177734,1456,0.177734,0.375132,1602,0,1602,type,1,8,optk,1,dynamic
93,1,0.001,53,1,85450,85450,0.993286,8137,0.993286,0.99997,0,0,0,iter,0,1,optk,1,dynamic
93,1,0.001,53,2,3592,3592,0.171753,1407,0.171753,0.354982,1541,1,1542,type,2,8,optk,1,dynamic
93,11,0.01,45,0,0,0,0,0,0,0,0,0,0,iter,0,1,optk,1,dynamic
93,11,0.01,47,0,2,2,2.21946e-05,2,2.21946e-05,2.21944e-05,0,0,0,iter,0,1,optk,1,dynamic
93,11,0.01,47,1,0,0,0,0,0,0,0,0,0,iter,0,1,optk,1,dynamic
93,11,0.01,49,0,57,57,0.000377308,34,0.000377308,0.000632346,0,0,0,iter,0,1,optk,1,dynamic
93,11,0.01,49,1,0,0,0,0,0,0,0,0,0,iter,0,1,optk,1,dynamic
93,11,0.01,51,0,1355,1355,0.00744629,671,0.00744629,0.0149244,0,0,0,iter,0,1,optk,1,dynamic
93,11,0.01,51,1,87,87,0.000521573,47,0.000521573,0.000964999,0,49,49,iter,0,1,optk,1,dynamic
93,11,0.01,53,0,29290,29290,0.130937,11799,0.130937,0.277502,0,0,0,iter,0,1,optk,1,dynamic
93,11,0.01,53,1,14558,14558,0.0746626,6728,0.0746626,0.14918,0,0,0,iter,0,1,optk,1,dynamic
93,11,0.01,53,2,2150,2150,0.0106201,957,0.0106201,0.0235768,0,0,0,iter,0,1,optk,1,dynamic
93,11,0.01,53,3,1094,1094,0.00623668,562,0.00623668,0.012067,1,881,882,iter,0,1,optk,1,dynamic
93,107,0.1,45,0,0,0,0,0,0,0,0,0,0,iter,0,1,optk,2,dynamic
93,107,0.1,47,0,2,2,2.08244e-11,4,4.56338e-06,4.56337e-06,0,0,0,iter,0,1,optk,2,dynamic
93,107,0.1,47,1,0,0,0,0,0,0,0,0,0,iter,0,1,optk,2,dynamic
93,107,0.1,49,0,57,57,6.01825e-09,68,7.75774e-05,0.000130048,0,0,0,iter,0,1,optk,2,dynamic
93,107,0.1,49,1,0,0,0,0,0,0,0,0,0,iter,0,1,optk,2,dynamic
93,107,0.1,51,0,1355,1355,2.3615e-06,1347,0.00153672,0.00308691,0,0,0,iter,0,1,optk,2,dynamic
93,107,0.1,51,1,0,0,0,0,0,0,0,0,0,iter,0,1,optk,2,dynamic
93,107,0.1,53,0,29290,29290,0.000799909,24791,0.0282827,0.0646464,0,0,0,iter,0,1,optk,2,dynamic
93,107,0.1,53,1,75,75,1.05424e-08,90,0.000102676,0.000171112,1,45,46,iter,0,1,optk,2,dynamic
93,537,0.5,45,0,0,0,0,0,0,0,0,0,0,iter,0,1,optk,10,dynamic
93,537,0.5,47,0,2,2,3.77275e-54,20,4.54638e-06,4.54637e-06,0,0,0,iter,0,1,optk,10,dynamic
93,537,0.5,47,1,0,0,0,0,0,0,0,0,0,iter,0,1,optk,10,dynamic
93,537,0.5,49,0,57,57,7.60583e-42,340,7.72885e-05,0.000129563,0,0,0,iter,0,1,optk,10,dynamic
93,537,0.5,49,1,0,0,0,0,0,0,0,0,0,iter,0,1,optk,10,dynamic
93,537,0.5,51,0,1355,1355,7.15961e-29,6743,0.00153281,0.00307543,0,0,0,iter,0,1,optk,10,dynamic
93,537,0.5,51,1,0,0,0,0,0,0,0,0,0,iter,0,1,optk,10,dynamic
93,537,0.5,53,0,29290,29290,3.14305e-16,123908,0.0281666,0.0644136,0,0,0,iter,0,1,optk,10,dynamic
93,537,0.5,53,1,4,4,3.86329e-51,40,9.09276e-06,9.09272e-06,1,4,5,iter,0,1,optk,10,dynamic
94,7,0.001,34,0,0,0,0,0,0,0,0,0,0,iter,0,1,optk,1,dynamic
94,7,0.001,36,0,0,0,0,0,0,0,0,0,0,iter,0,1,optk,1,dynamic
94,7,0.001,38,0,0,0,0,0,0,0,0,0,0,iter,0,1,optk,1,dynamic
94,7,0.001,40,0,2,2,1.74386e-05,1,1.74386e-05,3.48766e-05,0,0,0,iter,0,1,optk,1,dynamic
94,7,0.001,40,1,0,0,0,0,0,0,0,0,0,iter,0,1,optk,1,dynamic
94,7,0.001,42,0,47,47,0.000680106,39,0.000680106,0.000819279,0,0,0,iter,0,1,optk,1,dynamic
94,7,0.001,42,1,1,1,1.74386e-05,1,1.74386e-05,1.74385e-05,0,1,1,iter,0,1,optk,1,dynamic
94,7,0.001,44,0,1261,1261,0.0140555,806,0.0140555,0.0217501,0,0,0,iter,0,1,optk,1,dynamic
94,7,0.001,44,1,45,45,0.000488281,28,0.000488281,0.00078443,0,28,28,iter,0,1,optk,1,dynamic
94,7,0.001,46,0,17021,17021,0.150565,8634,0.150565,0.256824,0,0,0,iter,0,1,optk,1,dynamic
94,7,0.001,46,1,3426,3426,0.0322789,1851,0.0322789,0.057995,0,0,0,iter,0,1,optk,1,dynamic
94,7,0.001,46,2,555,555,0.00526646,302,0.00526646,0.00963175,354,0,354,iter,0,1,optk,1,dynamic
94,7,0.001,48,0,132687,132687,0.675119,38714,0.675119,0.901123,0,0,0,iter,0,1,optk,1,dynamic
94,7,0.001,48,0,17455,17455,0.137713,7897,0.137713,0.262428,9568,0,9568,type,0,4,optk,1,dynamic
94,7,0.001,48,1,17190,17190,0.134417,7708,0.134417,0.259011,9335,0,9335,type,1,4,optk,1,dynamic
94,7,0.001,48,1,95938,95938,0.514457,29501,0.514457,0.812322,0,0,0,iter,0,1,optk,1,dynamic
94,7,0.001,48,2,16475,16475,0.133824,7674,0.133824,0.249714,9294,0,9294,type,2,4,optk,1,dynamic
94,7,0.001,48,3,16869,16869,0.134452,7710,0.134452,0.254852,9396,0,9396,type,3,4,optk,1,dynamic
94,7,0.001,50,0,775923,775923,0.995919,57110,0.995919,0.999999,0,0,0,iter,0,1,optk,1,dynamic
94,7,0.001,50,0,96254,96254,0.494176,28338,0.494176,0.813353,39399,0,39399,type,0,8,optk,1,dynamic
94,7,0.001,50,1,709704,709704,0.987898,56650,0.987898,0.999996,0,0,0,iter,0,1,optk,1,dynamic
94,7,0.001,50,1,96770,96770,0.497035,28502,0.497035,0.815025,39538,1,39539,type,1,8,optk,1,dynamic
94,69,0.01,34,0,0,0,0,0,0,0,0,0,0,iter,0,1,optk,1,dynamic
94,69,0.01,36,0,0,0,0,0,0,0,0,0,0,iter,0,1,optk,1,dynamic
94,69,0.01,38,0,0,0,0,0,0,0,0,0,0,iter,0,1,optk,1,dynamic
94,69,0.01,40,0,2,2,1.76913e-06,1,1.76913e-06,3.53826e-06,0,0,0,iter,0,1,optk,1,dynamic
94,69,0.01,40,1,0,0,0,0,0,0,0,0,0,iter,0,1,optk,1,dynamic
94,69,0.01,42,0,47,47,6.89963e-05,39,6.89963e-05,8.31459e-05,0,0,0,iter,0,1,optk,1,dynamic
94,69,0.01,42,1,0,0,0,0,0,0,0,0,0,iter,0,1,optk,1,dynamic
94,69,0.01,44,0,1261,1261,0.00143477,811,0.00143477,0.00222839,0,0,0,iter,0,1,optk,1,dynamic
94,69,0.01,44,1,7,7,1.06148e-05,6,1.06148e-05,1.23839e-05,0,6,6,iter,0,1,optk,1,dynamic
94,69,0.01,46,0,17021,17021,0.0163433,9238,0.0163433,0.0296636,0,0,0,iter,0,1,optk,1,dynamic
94,69,0.01,46,1,445,445,0.000392748,222,0.000392748,0.000786955,0,224,224,iter,0,1,optk,1,dynamic
94,69,0.01,48,0,132687,132687,0.108211,61166,0.108211,0.209225,0,0,0,iter,0,1,optk,1,dynamic
94,69,0.01,48,1,15432,15432,0.0116728,6598,0.0116728,0.026932,0,0,0,iter,0,1,optk,1,dynamic
94,69,0.01,48,2,1596,1596,0.00132508,749,0.00132508,0.00281956,833,0,833,iter,0,1,optk,1,dynamic
94,69,0.01,50,0,68455,68455,0.047519,26860,0.047519,0.11406,33749,0,33749,type,0,2,optk,1,dynamic
94,69,0.01,50,0,775923,775923,0.426554,241109,0.426554,0.746581,0,0,0,iter,0,1,optk,1,dynamic
94,69,0.01,50,1,304755,304755,0.174492,98631,0.174492,0.416758,0,0,0,iter,0,1,optk,1,dynamic
94,69,0.01,50,1,67705,67705,0.047634,26925,0.047634,0.112884,33820,1,33821,type,1,2,optk,1,dynamic
94,691,0.1,34,0,0,0,0,0,0,0,0,0,0,iter,0,1,optk,4,dynamic
94,691,0.1,36,0,0,0,0,0,0,0,0,0,0,iter,0,1,optk,4,dynamic
94,691,0.1,38,0,0,0,0,0,0,0,0,0,0,iter,0,1,optk,4,dynamic
94,691,0.1,40,0,2,2,2.49326e-25,4,7.0663e-07,1.41326e-06,0,0,0,iter,0,1,optk,4,dynamic
94,691,0.1,40,1,0,0,0,0,0,0,0,0,0,iter,0,1,optk,4,dynamic
94,691,0.1,42,0,47,47,5.76802e-19,156,2.75586e-05,3.32111e-05,0,0,0,iter,0,1,optk,4,dynamic
94,691,0.1,42,1,0,0,0,0,0,0,0,0,0,iter,0,1,optk,4,dynamic
94,691,0.1,44,0,1261,1261,1.08124e-13,3246,0.00057343,0.000890663,0,0,0,iter,0,1,optk,4,dynamic
94,691,0.1,44,1,0,0,0,0,0,0,0,0,0,iter,0,1,optk,4,dynamic
94,691,0.1,46,0,17021,17021,1.85149e-09,37132,0.00655965,0.0119555,0,0,0,iter,0,1,optk,4,dynamic
94,691,0.1,46,1,0,0,0,0,0,0,0,0,0,iter,0,1,optk,4,dynamic
94,691,0.1,48,0,132687,132687,3.99249e-06,253034,0.0447003,0.0894993,0,0,0,iter,0,1,optk,4,dynamic
94,691,0.1,48,1,3,3,2.49326e-25,4,7.0663e-07,2.11989e-06,0,1,1,iter,0,1,optk,4,dynamic
94,691,0.1,50,0,775923,775923,0.00157808,1128236,0.199311,0.422063,0,0,0,iter,0,1,optk,4,dynamic
94,691,0.1,50,1,1257,1257,7.04536e-15,1640,0.000289718,0.000887839,1,410,411,iter,0,1,optk,4,dynamic
94,3455,0.5,34,0,0,0,0,0,0,0,0,0,0,iter,0,1,optk,21,dynamic
94,3455,0.5,36,0,0,0,0,0,0,0,0,0,0,iter,0,1,optk,21,dynamic
94,3455,0.5,38,0,0,0,0,0,0,0,0,0,0,iter,0,1,optk,21,dynamic
94,3455,0.5,40,0,2,2,1.89674e-129,21,7.41961e-07,1.48392e-06,0,0,0,iter,0,1,optk,21,dynamic
94,3455,0.5,40,1,0,0,0,0,0,0,0,0,0,iter,0,1,optk,21,dynamic
94,3455,0.5,42,0,47,47,4.9019e-96,819,2.89365e-05,3.48716e-05,0,0,0,iter,0,1,optk,21,dynamic
94,3455,0.5,42,1,0,0,0,0,0,0,0,0,0,iter,0,1,optk,21,dynamic
94,3455,0.5,44,0,1261,1261,2.38863e-68,17051,0.000602437,0.000935176,0,0,0,iter,0,1,optk,21,dynamic
94,3455,0.5,44,1,0,0,0,0,0,0,0,0,0,iter,0,1,optk,21,dynamic
94,3455,0.5,46,0,17021,17021,3.99074e-46,194977,0.00688883,0.0125495,0,0,0,iter,0,1,optk,21,dynamic
94,3455,0.5,46,1,0,0,0,0,0,0,0,0,0,iter,0,1,optk,21,dynamic
94,3455,0.5,48,0,132687,132687,1.24486e-28,1327499,0.0469025,0.0937578,0,0,0,iter,0,1,optk,21,dynamic
94,3455,0.5,48,1,0,0,0,0,0,0,0,0,0,iter,0,1,optk,21,dynamic
94,3455,0.5,50,0,775923,775923,4.88488e-15,5893250,0.208217,0.437692,0,0,0,iter,0,1,optk,21,dynamic
94,3455,0.5,50,1,2,2,1.89674e-129,21,7.41961e-07,1.48392e-06,1,1,2,iter,0,1,optk,21,dynamic
95,8,0.001,35,0,0,0,0,0,0,0,0,0,0,iter,0,1,optk,1,dynamic
95,8,0.001,37,0,7,7,0.000106812,7,0.000106812,0.000106806,0,0,0,iter,0,1,optk,1,dynamic
95,8,0.001,37,1,0,0,0,0,0,0,0,0,0,iter,0,1,optk,1,dynamic
95,8,0.001,39,0,66,66,0.000991821,65,0.000991821,0.00100657,0,0,0,iter,0,1,optk,1,dynamic
95,8,0.001,39,1,0,0,0,0,0,0,0,0,0,iter,0,1,optk,1,dynamic
95,8,0.001,41,0,211,211,0.00312805,205,0.00312805,0.00321443,0,0,0,iter,0,1,optk,1,dynamic
95,8,0.001,41,1,0,0,0,0,0,0,0,0,0,iter,0,1,optk,1,dynamic
95,8,0.001,43,0,667,667,0.00956726,627,0.00956726,0.010126,0,0,0,iter,0,1,optk,1,dynamic
95,8,0.001,43,1,2,2,1.52588e-05,1,1.52588e-05,3.05171e-05,0,1,1,iter,0,1,optk,1,dynamic
95,8,0.001,45,0,1675,1675,0.0233612,1531,0.0233612,0.0252346,0,0,0,iter,0,1,optk,1,dynamic
95,8,0.001,45,1,13,13,0.000137329,9,0.000137329,0.000198345,0,9,9,iter,0,1,optk,1,dynamic
95,8,0.001,47,0,3998,3998,0.0545197,3573,0.0545197,0.0591811,0,0,0,iter,0,1,optk,1,dynamic
95,8,0.001,47,1,457,457,0.00190735,125,0.00190735,0.00694901,0,129,129,iter,0,1,optk,1,dynamic
95,8,0.001,49,0,8974,8974,0.112595,7379,0.112595,0.127971,0,0,0,iter,0,1,optk,1,dynamic
95,8,0.001,49,1,13592,13592,0.036026,2361,0.036026,0.187303,0,0,0,iter,0,1,optk,1,dynamic
95,8,0.001,49,2,354,354,0.004776,313,0.004776,0.00538705,341,1,342,iter,0,1,optk,1,dynamic
95,82,0.01,35,0,0,0,0,0,0,0,0,0,0,iter,0,1,optk,1,dynamic
95,82,0.01,37,0,7,7,1.04206e-05,7,1.04206e-05,1.04206e-05,0,0,0,iter,0,1,optk,1,dynamic
95,82,0.01,37,1,0,0,0,0,0,0,0,0,0,iter,0,1,optk,1,dynamic
95,82,0.01,39,0,66,66,9.67631e-05,65,9.67631e-05,9.82469e-05,0,0,0,iter,0,1,optk,1,dynamic
95,82,0.01,39,1,0,0,0,0,0,0,0,0,0,iter,0,1,optk,1,dynamic
95,82,0.01,41,0,211,211,0.000306664,206,0.000306664,0.000314058,0,0,0,iter,0,1,optk,1,dynamic
95,82,0.01,41,1,0,0,0,0,0,0,0,0,0,iter,0,1,optk,1,dynamic
95,82,0.01,43,0,667,667,0.00093488,628,0.00093488,0.000992445,0,0,0,iter,0,1,optk,1,dynamic
95,82,0.01,43,1,0,0,0,0,0,0,0,0,0,iter,0,1,optk,1,dynamic
95,82,0.01,45,0,1675,1675,0.00230594,1549,0.00230594,0.0024904,0,0,0,iter,0,1,optk,1,dynamic
95,82,0.01,45,1,0,0,0,0,0,0,0,0,0,iter,0,1,optk,1,dynamic
95,82,0.01,47,0,3998,3998,0.00544702,3659,0.00544702,0.005934,0,0,0,iter,0,1,optk,1,dynamic
95,82,0.01,47,1,56,56,2.67959e-05,18,2.67959e-05,8.33616e-05,0,18,18,iter,0,1,optk,1,dynamic
95,82,0.01,49,0,8974,8974,0.0116399,7819,0.0116399,0.0132704,0,0,0,iter,0,1,optk,1,dynamic
95,82,0.01,49,1,1459,1459,0.000388541,261,0.000388541,0.0021696,1,264,265,iter,0,1,optk,1,dynamic
95,825,0.1,35,0,0,0,0,0,0,0,0,0,0,iter,0,1,optk,4,dynamic
95,825,0.1,37,0,7,7,2.94616e-22,28,4.14299e-06,4.14298e-06,0,0,0,iter,0,1,optk,4,dynamic
95,825,0.1,37,1,0,0,0,0,0,0,0,0,0,iter,0,1,optk,4,dynamic
95,825,0.1,39,0,66,66,2.19037e-18,260,3.84706e-05,3.90617e-05,0,0,0,iter,0,1,optk,4,dynamic
95,825,0.1,39,1,0,0,0,0,0,0,0,0,0,iter,0,1,optk,4,dynamic
95,825,0.1,41,0,211,211,2.19899e-16,823,0.000121774,0.000124874,0,0,0,iter,0,1,optk,4,dynamic
95,825,0.1,41,1,0,0,0,0,0,0,0,0,0,iter,0,1,optk,4,dynamic
95,825,0.1,43,0,667,667,1.90551e-14,2511,0.000371538,0.00039469,0,0,0,iter,0,1,optk,4,dynamic
95,825,0.1,43,1,0,0,0,0,0,0,0,0,0,iter,0,1,optk,4,dynamic
95,825,0.1,45,0,1675,1675,7.1192e-13,6208,0.000918561,0.000990868,0,0,0,iter,0,1,optk,4,dynamic
95,825,0.1,45,1,0,0,0,0,0,0,0,0,0,iter,0,1,optk,4,dynamic
95,825,0.1,47,0,3998,3998,2.21452e-11,14661,0.0021693,0.00236344,0,0,0,iter,0,1,optk,4,dynamic
95,825,0.1,47,1,0,0,0,0,0,0,0,0,0,iter,0,1,optk,4,dynamic
95,825,0.1,49,0,8974,8974,4.6631e-10,31406,0.00464696,0.00529724,0,0,0,iter,0,1,optk,4,dynamic
95,825,0.1,49,1,7,7,2.94616e-22,28,4.14299e-06,4.14298e-06,1,7,8,iter,0,1,optk,4,dynamic
95,4123,0.5,35,0,0,0,0,0,0,0,0,0,0,iter,0,1,optk,18,dynamic
95,4123,0.5,37,0,7,7,1.95799e-98,126,3.7305e-06,3.73049e-06,0,0,0,iter,0,1,optk,18,dynamic
95,4123,0.5,37,1,0,0,0,0,0,0,0,0,0,iter,0,1,optk,18,dynamic
95,4123,0.5,39,0,66,66,5.15806e-81,1170,3.46404e-05,3.51727e-05,0,0,0,iter,0,1,optk,18,dynamic
95,4123,0.5,39,1,0,0,0,0,0,0,0,0,0,iter,0,1,optk,18,dynamic
95,4123,0.5,41,0,211,211,5.36607e-72,3708,0.000109783,0.000112442,0,0,0,iter,0,1,optk,18,dynamic
95,4123,0.5,41,1,0,0,0,0,0,0,0,0,0,iter,0,1,optk,18,dynamic
95,4123,0.5,43,0,667,667,2.76213e-63,11301,0.00033459,0.0003554,0,0,0,iter,0,1,optk,18,dynamic
95,4123,0.5,43,1,0,0,0,0,0,0,0,0,0,iter,0,1,optk,18,dynamic
95,4123,0.5,45,0,1675,1675,3.25011e-56,27921,0.000826661,0.000892258,0,0,0,iter,0,1,optk,18,dynamic
95,4123,0.5,45,1,0,0,0,0,0,0,0,0,0,iter,0,1,optk,18,dynamic
95,4123,0.5,47,0,3998,3998,1.7101e-49,65967,0.0019531,0.00212838,0,0,0,iter,0,1,optk,18,dynamic
95,4123,0.5,47,1,0,0,0,0,0,0,0,0,0,iter,0,1,optk,18,dynamic
95,4123,0.5,49,0,8974,8974,1.55324e-43,141364,0.00418539,0.00477109,0,0,0,iter,0,1,optk,18,dynamic
95,4123,0.5,49,1,7,7,1.95799e-98,126,3.7305e-06,3.73049e-06,1,7,8,iter,0,1,optk,18,dynamic
96,2,0.001,32,0,0,0,0,0,0,0,0,0,0,iter,0,1,optk,1,dynamic
96,2,0.001,34,0,2,2,0.00012207,2,0.00012207,0.000122063,0,0,0,iter,0,1,optk,1,dynamic
96,2,0.001,34,1,0,0,0,0,0,0,0,0,0,iter,0,1,optk,1,dynamic
96,2,0.001,36,0,64,64,0.00323486,53,0.00323486,0.00389863,0,0,0,iter,0,1,optk,1,dynamic
96,2,0.001,36,1,0,0,0,0,0,0,0,0,0,iter,0,1,optk,1,dynamic
96,2,0.001,38,0,732,732,0.036377,596,0.036377,0.0436944,0,0,0,iter,0,1,optk,1,dynamic
96,2,0.001,38,1,11,11,0.000427246,7,0.000427246,0.000671161,0,7,7,iter,0,1,optk,1,dynamic
96,2,0.001,40,0,4429,4429,0.184387,3021,0.184387,0.236868,0,0,0,iter,0,1,optk,1,dynamic
96,2,0.001,40,1,603,603,0.0273438,448,0.0273438,0.0361352,0,0,0,iter,0,1,optk,1,dynamic
96,2,0.001,40,2,130,130,0.00592041,97,0.00592041,0.00790317,119,0,119,iter,0,1,optk,1,dynamic
96,2,0.001,42,0,28220,28220,0.679565,11134,0.679565,0.821365,0,0,0,iter,0,1,optk,1,dynamic
96,2,0.001,42,0,4579,4579,0.168274,2757,0.168274,0.243823,3560,0,3560,type,0,3,optk,1,dynamic
96,2,0.001,42,1,17902,17902,0.502625,8235,0.502625,0.664674,0,0,0,iter,0,1,optk,1,dynamic
96,2,0.001,42,1,4897,4897,0.178345,2922,0.178345,0.258358,3787,0,3787,type,1,3,optk,1,dynamic
96,2,0.001,42,2,4800,4800,0.17804,2917,0.17804,0.253955,3753,0,3753,type,2,3,optk,1,dynamic
96,2,0.001,44,0,127628,127628,0.988464,16195,0.988464,0.999586,0,0,0,iter,0,1,optk,1,dynamic
96,2,0.001,44,0,15505,15505,0.416199,6819,0.416199,0.611845,8974,1,8975,type,0,8,optk,1,dynamic
96,2,0.001,44,1,123040,123040,0.981628,16083,0.981628,0.999452,0,0,0,iter,0,1,optk,1,dynamic
96,17,0.01,32,0,0,0,0,0,0,0,0,0,0,iter,0,1,optk,1,dynamic
96,17,0.01,34,0,2,2,1.43612e-05,2,1.43612e-05,1.43611e-05,0,0,0,iter,0,1,optk,1,dynamic
96,17,0.01,34,1,0,0,0,0,0,0,0,0,0,iter,0,1,optk,1,dynamic
96,17,0.01,36,0,64,64,0.000380572,53,0.000380572,0.000459453,0,0,0,iter,0,1,optk,1,dynamic
96,17,0.01,36,1,0,0,0,0,0,0,0,0,0,iter,0,1,optk,1,dynamic
96,17,0.01,38,0,732,732,0.00436581,608,0.00436581,0.00524241,0,0,0,iter,0,1,optk,1,dynamic
96,17,0.01,38,1,0,0,0,0,0,0,0,0,0,iter,0,1,optk,1,dynamic
96,17,0.01,40,0,4429,4429,0.0236386,3292,0.0236386,0.0313025,0,0,0,iter,0,1,optk,1,dynamic
96,17,0.01,40,1,82,82,0.000423656,59,0.000423656,0.000588636,0,59,59,iter,0,1,optk,1,dynamic
96,17,0.01,42,0,28220,28220,0.125546,17484,0.125546,0.183425,0,0,0,iter,0,1,optk,1,dynamic
96,17,0.01,42,1,3187,3187,0.0147777,2058,0.0147777,0.0226247,0,0,0,iter,0,1,optk,1,dynamic
96,17,0.01,42,2,436,436,0.00201057,280,0.00201057,0.00312585,307,0,307,iter,0,1,optk,1,dynamic
96,17,0.01,44,0,11223,11223,0.0450727,6277,0.0450727,0.0774262,7778,1,7779,type,0,2,optk,1,dynamic
96,17,0.01,44,0,127628,127628,0.408038,56825,0.408038,0.600062,0,0,0,iter,0,1,optk,1,dynamic
96,17,0.01,44,1,50766,50766,0.174675,24326,0.174675,0.305477,0,0,0,iter,0,1,optk,1,dynamic
96,174,0.1,32,0,0,0,0,0,0,0,0,0,0,iter,0,1,optk,5,dynamic
96,174,0.1,34,0,2,2,1.69943e-26,10,7.01554e-06,7.01551e-06,0,0,0,iter,0,1,optk,5,dynamic
96,174,0.1,34,1,0,0,0,0,0,0,0,0,0,iter,0,1,optk,5,dynamic
96,174,0.1,36,0,64,64,2.22092e-19,265,0.000185912,0.000224472,0,0,0,iter,0,1,optk,5,dynamic
96,174,0.1,36,1,0,0,0,0,0,0,0,0,0,iter,0,1,optk,5,dynamic
96,174,0.1,38,0,732,732,4.39064e-14,3037,0.00213062,0.00256439,0,0,0,iter,0,1,optk,5,dynamic
96,174,0.1,38,1,0,0,0,0,0,0,0,0,0,iter,0,1,optk,5,dynamic
96,174,0.1,40,0,4429,4429,2.09797e-10,16531,0.0115974,0.0154158,0,0,0,iter,0,1,optk,5,dynamic
96,174,0.1,40,1,0,0,0,0,0,0,0,0,0,iter,0,1,optk,5,dynamic
96,174,0.1,42,0,28220,28220,1.0362e-06,90579,0.063546,0.0942475,0,0,0,iter,0,1,optk,5,dynamic
96,174,0.1,42,1,0,0,0,0,0,0,0,0,0,iter,0,1,optk,5,dynamic
96,174,0.1,44,0,127628,127628,0.000584362,321570,0.225599,0.360897,0,0,0,iter,0,1,optk,5,dynamic
96,174,0.1,44,1,90,90,7.80722e-20,215,0.000150834,0.000315649,1,43,44,iter,0,1,optk,5,dynamic
96,872,0.5,32,0,0,0,0,0,0,0,0,0,0,iter,0,1,optk,23,dynamic
96,872,0.5,34,0,2,2,4.01405e-120,46,6.43949e-06,6.43947e-06,0,0,0,iter,0,1,optk,23,dynamic
96,872,0.5,34,1,0,0,0,0,0,0,0,0,0,iter,0,1,optk,23,dynamic
96,872,0.5,36,0,64,64,2.1789e-87,1219,0.000170646,0.000206042,0,0,0,iter,0,1,optk,23,dynamic
96,872,0.5,36,1,0,0,0,0,0,0,0,0,0,iter,0,1,optk,23,dynamic
96,872,0.5,38,0,732,732,5.05777e-63,13976,0.00195648,0.00235408,0,0,0,iter,0,1,optk,23,dynamic
96,872,0.5,38,1,0,0,0,0,0,0,0,0,0,iter,0,1,optk,23,dynamic
96,872,0.5,40,0,4429,4429,4.23525e-46,76061,0.0106477,0.0141591,0,0,0,iter,0,1,optk,23,dynamic
96,872,0.5,40,1,0,0,0,0,0,0,0,0,0,iter,0,1,optk,23,dynamic
96,872,0.5,42,0,28220,28220,4.51452e-29,418310,0.0585588,0.0868555,0,0,0,iter,0,1,optk,23,dynamic
96,872,0.5,42,1,0,0,0,0,0,0,0,0,0,iter,0,1,optk,23,dynamic
96,872,0.5,44,0,127628,127628,2.36512e-16,1494544,0.20922,0.336966,0,0,0,iter,0,1,optk,23,dynamic
96,872,0.5,44,1,1,1,4.78511e-127,23,3.21974e-06,3.21974e-06,1,1,2,iter,0,1,optk,23,dynamic
97,94,0.001,34,0,0,0,0,0,0,0,0,0,0,iter,0,1,optk,1,dynamic
97,94,0.001,36,0,0,0,0,0,0,0,0,0,0,iter,0,1,optk,1,dynamic
97,94,0.001,38,0,0,0,0,0,0,0,0,0,0,iter,0,1,optk,1,dynamic
97,94,0.001,40,0,47,47,3.89586e-05,30,3.89586e-05,6.10333e-05,0,0,0,iter,0,1,optk,1,dynamic
97,94,0.001,40,1,0,0,0,0,0,0,0,0,0,iter,0,1,optk,1,dynamic
97,94,0.001,42,0,23,23,9.09034e-06,7,9.09034e-06,2.98678e-05,0,0,0,iter,0,1,optk,1,dynamic
97,94,0.001,42,1,0,0,0,0,0,0,0,0,0,iter,0,1,optk,1,dynamic
97,94,0.001,44,0,721,721,0.000412961,318,0.000412961,0.000935867,0,0,0,iter,0,1,optk,1,dynamic
97,94,0.001,44,1,2,2,2.59724e-06,2,2.59724e-06,2.59724e-06,0,2,2,iter,0,1,optk,1,dynamic
97,94,0.001,46,0,13737,13737,0.00719695,5542,0.00719695,0.017681,0,0,0,iter,0,1,optk,1,dynamic
97,94,0.001,46,1,275,275,0.000196092,151,0.000196092,0.000357057,0,154,154,iter,0,1,optk,1,dynamic
97,94,0.001,48,0,130479,130479,0.0618091,47596,0.0618091,0.155865,0,0,0,iter,0,1,optk,1,dynamic
97,94,0.001,48,1,12483,12483,0.00702683,5411,0.00702683,0.01608,0,6033,6033,iter,0,1,optk,1,dynamic
97,94,0.001,50,0,52541,52541,0.0229025,17636,0.0229025,0.0659551,20550,0,20550,type,0,2,optk,1,dynamic
97,94,0.001,50,0,798826,798826,0.301888,232468,0.301888,0.645615,0,0,0,iter,0,1,optk,1,dynamic
97,94,0.001,50,1,288630,288630,0.12818,98705,0.12818,0.312588,0,0,0,iter,0,1,optk,1,dynamic
97,94,0.001,50,1,51210,51210,0.0228246,17576,0.0228246,0.0643393,20526,0,20526,type,1,2,optk,1,dynamic
97,94,0.001,52,0,319168,319168,0.122579,94392,0.122579,0.339315,105575,0,105575,type,0,8,optk,1,dynamic
97,94,0.001,52,0,3536173,3536173,0.765093,589158,0.765093,0.989869,0,0,0,iter,0,1,optk,1,dynamic
97,94,0.001,52,1,325766,325766,0.124251,95679,0.124251,0.344952,106923,0,106923,type,1,8,optk,1,dynamic
97,94,0.001,52,1,3601886,3601886,0.730306,562371,0.730306,0.990698,0,0,0,iter,0,1,optk,1,dynamic
97,94,0.001,52,2,321245,321245,0.123382,95010,0.123382,0.341095,105974,0,105974,type,2,8,optk,1,dynamic
97,94,0.001,52,3,324840,324840,0.123612,95187,0.123612,0.344164,106235,0,106235,type,3,8,optk,1,dynamic
97,94,0.001,52,4,321737,321737,0.123596,95175,0.123596,0.341515,106217,0,106217,type,4,8,optk,1,dynamic
97,94,0.001,52,5,320876,320876,0.124146,95598,0.124146,0.340779,106906,0,106906,type,5,8,optk,1,dynamic
97,94,0.001,52,6,326132,326132,0.123492,95095,0.123492,0.345263,106275,0,106275,type,6,8,optk,1,dynamic
97,94,0.001,52,7,320591,320591,0.123821,95348,0.123821,0.340535,106334,0,106334,type,7,8,optk,1,dynamic
97,94,0.001,54,0,14730554,14730554,0.992493,764267,0.992493,1,0,0,0,iter,0,1,optk,1,dynamic
97,94,0.001,54,0,1840953,1840953,0.455495,350753,0.455495,0.908434,469338,1,469339,type,0,8,optk,1,dynamic
97,94,0.001,54,1,19384093,19384093,0.997235,767919,0.997235,1,0,0,0,iter,0,1,optk,1,dynamic
97,943,0.01,34,0,0,0,0,0,0,0,0,0,0,iter,0,1,optk,1,dynamic
97,943,0.01,36,0,0,0,0,0,0,0,0,0,0,iter,0,1,optk,1,dynamic
97,943,0.01,38,0,0,0,0,0,0,0,0,0,0,iter,0,1,optk,1,dynamic
97,943,0.01,40,0,47,47,3.88347e-06,30,3.88347e-06,6.08408e-06,0,0,0,iter,0,1,optk,1,dynamic
97,943,0.01,40,1,0,0,0,0,0,0,0,0,0,iter,0,1,optk,1,dynamic
97,943,0.01,42,0,23,23,9.06142e-07,7,9.06142e-07,2.97732e-06,0,0,0,iter,0,1,optk,1,dynamic
97,943,0.01,42,1,0,0,0,0,0,0,0,0,0,iter,0,1,optk,1,dynamic
97,943,0.01,44,0,721,721,4.11648e-05,318,4.11648e-05,9.33283e-05,0,0,0,iter,0,1,optk,1,dynamic
97,943,0.01,44,1,0,0,0,0,0,0,0,0,0,iter,0,1,optk,1,dynamic
97,943,0.01,46,0,13737,13737,0.000719477,5558,0.000719477,0.00177666,0,0,0,iter,0,1,optk,1,dynamic
97,943,0.01,46,1,27,27,2.20063e-06,17,2.20063e-06,3.49511e-06,0,17,17,iter,0,1,optk,1,dynamic
97,943,0.01,48,0,130479,130479,0.00633601,48946,0.00633601,0.0167485,0,0,0,iter,0,1,optk,1,dynamic
97,943,0.01,48,1,1100,1100,7.0938e-05,548,7.0938e-05,0.000142384,0,556,556,iter,0,1,optk,1,dynamic
97,943,0.01,50,0,798826,798826,0.0351913,271855,0.0351913,0.0982402,0,0,0,iter,0,1,optk,1,dynamic
97,943,0.01,50,1,33355,33355,0.001575,12167,0.001575,0.00430846,0,12691,12691,iter,0,1,optk,1,dynamic
97,943,0.01,52,0,3536173,3536173,0.134343,1037811,0.134343,0.367297,0,0,0,iter,0,1,optk,1,dynamic
97,943,0.01,52,1,634909,634909,0.0226362,174866,0.0226362,0.0789015,0,0,0,iter,0,1,optk,1,dynamic
97,943,0.01,52,2,78683,78683,0.00323079,24958,0.00323079,0.0101337,28571,0,28571,iter,0,1,optk,1,dynamic
97,943,0.01,54,0,14730554,14730554,0.385111,2975004,0.385111,0.851453,0,0,0,iter,0,1,optk,1,dynamic
97,943,0.01,54,0,988038,988038,0.0324092,250363,0.0324092,0.120059,286375,1,286376,type,0,3,optk,1,dynamic
97,943,0.01,54,1,7510326,7510326,0.203119,1569108,0.203119,0.621751,0,0,0,iter,0,1,optk,1,dynamic
97,9432,0.1,34,0,0,0,0,0,0,0,0,0,0,iter,0,1,optk,6,dynamic
97,9432,0.1,36,0,0,0,0,0,0,0,0,0,0,iter,0,1,optk,6,dynamic
97,9432,0.1,38,0,0,0,0,0,0,0,0,0,0,iter,0,1,optk,6,dynamic
97,9432,0.1,40,0,47,47,1.59835e-34,180,2.32959e-06,3.64968e-06,0,0,0,iter,0,1,optk,6,dynamic
97,9432,0.1,40,1,0,0,0,0,0,0,0,0,0,iter,0,1,optk,6,dynamic
97,9432,0.1,42,0,23,23,2.57949e-38,42,5.4357e-07,1.78601e-06,0,0,0,iter,0,1,optk,6,dynamic
97,9432,0.1,42,1,0,0,0,0,0,0,0,0,0,iter,0,1,optk,6,dynamic
97,9432,0.1,44,0,721,721,2.26729e-28,1908,2.46936e-05,5.59862e-05,0,0,0,iter,0,1,optk,6,dynamic
97,9432,0.1,44,1,0,0,0,0,0,0,0,0,0,iter,0,1,optk,6,dynamic
97,9432,0.1,46,0,13737,13737,6.45403e-21,33340,0.000431491,0.00106615,0,0,0,iter,0,1,optk,6,dynamic
97,9432,0.1,46,1,0,0,0,0,0,0,0,0,0,iter,0,1,optk,6,dynamic
97,9432,0.1,48,0,130479,130479,3.03325e-15,293976,0.00380468,0.0100809,0,0,0,iter,0,1,optk,6,dynamic
97,9432,0.1,48,1,0,0,0,0,0,0,0,0,0,iter,0,1,optk,6,dynamic
97,9432,0.1,50,0,798826,798826,9.25156e-11,1643222,0.0212668,0.0601464,0,0,0,iter,0,1,optk,6,dynamic
97,9432,0.1,50,1,0,0,0,0,0,0,0,0,0,iter,0,1,optk,6,dynamic
97,9432,0.1,52,0,3536173,3536173,3.24571e-07,6405387,0.0828994,0.240119,0,0,0,iter,0,1,optk,6,dynamic
97,9432,0.1,52,1,3,3,2.19253e-43,6,7.76529e-08,2.32959e-07,0,1,1,iter,0,1,optk,6,dynamic
97,9432,0.1,54,0,14730554,14730554,0.000262428,19550686,0.253028,0.681416,0,0,0,iter,0,1,optk,6,dynamic
97,9432,0.1,54,1,4856,4856,7.70413e-25,7398,9.5746e-05,0.000377011,1,1233,1234,iter,0,1,optk,6,dynamic
97,47160,0.5,34,0,0,0,0,0,0,0,0,0,0,iter,0,1,optk,30,dynamic
97,47160,0.5,36,0,0,0,0,0,0,0,0,0,0,iter,0,1,optk,30,dynamic
97,47160,0.5,38,0,0,0,0,0,0,0,0,0,0,iter,0,1,optk,30,dynamic
97,47160,0.5,40,0,47,47,1.04319e-169,900,2.32959e-06,3.64968e-06,0,0,0,iter,0,1,optk,30,dynamic
97,47160,0.5,40,1,0,0,0,0,0,0,0,0,0,iter,0,1,optk,30,dynamic
97,47160,0.5,42,0,23,23,1.142e-188,210,5.4357e-07,1.78601e-06,0,0,0,iter,0,1,optk,30,dynamic
97,47160,0.5,42,1,0,0,0,0,0,0,0,0,0,iter,0,1,optk,30,dynamic
97,47160,0.5,44,0,721,721,5.99155e-139,9540,2.46936e-05,5.59862e-05,0,0,0,iter,0,1,optk,30,dynamic
97,47160,0.5,44,1,0,0,0,0,0,0,0,0,0,iter,0,1,optk,30,dynamic
97,47160,0.5,46,0,13737,13737,1.12125e-101,166707,0.000431509,0.00106615,0,0,0,iter,0,1,optk,30,dynamic
97,47160,0.5,46,1,0,0,0,0,0,0,0,0,0,iter,0,1,optk,30,dynamic
97,47160,0.5,48,0,130479,130479,2.57263e-73,1469974,0.00380492,0.0100809,0,0,0,iter,0,1,optk,30,dynamic
97,47160,0.5,48,1,0,0,0,0,0,0,0,0,0,iter,0,1,optk,30,dynamic
97,47160,0.5,50,0,798826,798826,6.77553e-51,8216027,0.0212666,0.0601464,0,0,0,iter,0,1,optk,30,dynamic
97,47160,0.5,50,1,0,0,0,0,0,0,0,0,0,iter,0,1,optk,30,dynamic
97,47160,0.5,52,0,3536173,3536173,3.60492e-33,32027788,0.0829017,0.240119,0,0,0,iter,0,1,optk,30,dynamic
97,47160,0.5,52,1,0,0,0,0,0,0,0,0,0,iter,0,1,optk,30,dynamic
97,47160,0.5,54,0,14730554,14730554,1.24216e-18,97746893,0.253011,0.681416,0,0,0,iter,0,1,optk,30,dynamic
97,47160,0.5,54,1,9,9,5.84151e-196,120,3.10611e-07,6.98876e-07,1,4,5,iter,0,1,optk,30,dynamic
98,52,0.001,39,0,0,0,0,0,0,0,0,0,0,iter,0,1,optk,1,dynamic
98,52,0.001,41,0,0,0,0,0,0,0,0,0,0,iter,0,1,optk,1,dynamic
98,52,0.001,43,0,0,0,0,0,0,0,0,0,0,iter,0,1,optk,1,dynamic
98,52,0.001,45,0,1,1,2.34751e-06,1,2.34751e-06,2.3475e-06,0,0,0,iter,0,1,optk,1,dynamic
98,52,0.001,45,1,0,0,0,0,0,0,0,0,0,iter,0,1,optk,1,dynamic
98,52,0.001,47,0,0,0,0,0,0,0,0,0,0,iter,0,1,optk,1,dynamic
98,52,0.001,49,0,1249,1249,0.00206815,881,0.00206815,0.00292774,0,0,0,iter,0,1,optk,1,dynamic
98,52,0.001,49,1,2,2,4.69501e-06,2,4.69501e-06,4.695e-06,0,2,2,iter,0,1,optk,1,dynamic
98,52,0.001,51,0,15206,15206,0.0208271,8872,0.0208271,0.0350666,0,0,0,iter,0,1,optk,1,dynamic
98,52,0.001,51,1,1197,1197,0.00128643,548,0.00128643,0.00280602,0,580,580,iter,0,1,optk,1,dynamic
98,52,0.001,53,0,160889,160889,0.16457,70104,0.16457,0.314556,0,0,0,iter,0,1,optk,1,dynamic
98,52,0.001,53,1,71286,71286,0.0617582,26308,0.0617582,0.154092,0,0,0,iter,0,1,optk,1,dynamic
98,52,0.001,53,2,9750,9750,0.0109511,4665,0.0109511,0.0226282,0,0,0,iter,0,1,optk,1,dynamic
98,52,0.001,53,3,4862,4862,0.00441096,1879,0.00441096,0.0113487,0,2569,2569,iter,0,1,optk,1,dynamic
98,52,0.001,55,0,1118087,1118087,0.627383,267255,0.627383,0.92754,0,0,0,iter,0,1,optk,1,dynamic
98,52,0.001,55,0,131307,131307,0.108354,46157,0.108354,0.265264,51126,0,51126,type,0,6,optk,1,dynamic
98,52,0.001,55,1,128676,128676,0.107401,45751,0.107401,0.260712,50800,0,50800,type,1,6,optk,1,dynamic
98,52,0.001,55,1,1661406,1661406,0.695,296059,0.695,0.979761,0,0,0,iter,0,1,optk,1,dynamic
98,52,0.001,55,2,131184,131184,0.108004,46008,0.108004,0.265052,51029,0,51029,type,2,6,optk,1,dynamic
98,52,0.001,55,3,129712,129712,0.109021,46441,0.109021,0.262508,51546,0,51546,type,3,6,optk,1,dynamic
98,52,0.001,55,4,129765,129765,0.107734,45893,0.107734,0.2626,50849,0,50849,type,4,6,optk,1,dynamic
98,52,0.001,55,5,128698,128698,0.107349,45729,0.107349,0.26075,50569,0,50569,type,5,6,optk,1,dynamic
98,52,0.001,57,0,7669822,7669822,0.994422,423608,0.994422,1,0,0,0,iter,0,1,optk,1,dynamic
98,52,0.001,57,0,960140,960140,0.476438,202955,0.476438,0.895015,275898,1,275899,type,0,8,optk,1,dynamic
98,52,0.001,57,1,14737143,14737143,0.999803,425900,0.999803,1,0,0,0,iter,0,1,optk,1,dynamic
98,520,0.01,39,0,0,0,0,0,0,0,0,0,0,iter,0,1,optk,1,dynamic
98,520,0.01,41,0,0,0,0,0,0,0,0,0,0,iter,0,1,optk,1,dynamic
98,520,0.01,43,0,0,0,0,0,0,0,0,0,0,iter,0,1,optk,1,dynamic
98,520,0.01,45,0,1,1,2.34751e-07,1,2.34751e-07,2.34751e-07,0,0,0,iter,0,1,optk,1,dynamic
98,520,0.01,45,1,0,0,0,0,0,0,0,0,0,iter,0,1,optk,1,dynamic
98,520,0.01,47,0,0,0,0,0,0,0,0,0,0,iter,0,1,optk,1,dynamic
98,520,0.01,49,0,1249,1249,0.000206815,881,0.000206815,0.000293161,0,0,0,iter,0,1,optk,1,dynamic
98,520,0.01,49,1,1,1,2.34751e-07,1,2.34751e-07,2.34751e-07,0,1,1,iter,0,1,optk,1,dynamic
98,520,0.01,51,0,15206,15206,0.00210313,8959,0.00210313,0.00356325,0,0,0,iter,0,1,optk,1,dynamic
98,520,0.01,51,1,147,147,1.36155e-05,58,1.36155e-05,3.45077e-05,0,58,58,iter,0,1,optk,1,dynamic
98,520,0.01,53,0,160889,160889,0.0178312,75958,0.0178312,0.0370644,0,0,0,iter,0,1,optk,1,dynamic
98,520,0.01,53,1,8089,8089,0.000688054,2931,0.000688054,0.0018971,0,3023,3023,iter,0,1,optk,1,dynamic
98,520,0.01,55,0,1118087,1118087,0.0939669,400284,0.0939669,0.230852,0,0,0,iter,0,1,optk,1,dynamic
98,520,0.01,55,1,248357,248357,0.0176969,75386,0.0176969,0.0566349,0,0,0,iter,0,1,optk,1,dynamic
98,520,0.01,55,2,20110,20110,0.0017665,7525,0.0017665,0.00470971,8273,0,8273,iter,0,1,optk,1,dynamic
98,520,0.01,57,0,739652,739652,0.0489051,208328,0.0489051,0.159395,239164,0,239164,type,0,3,optk,1,dynamic
98,520,0.01,57,0,7669822,7669822,0.404182,1721750,0.404182,0.834783,0,0,0,iter,0,1,optk,1,dynamic
98,520,0.01,57,1,5977504,5977504,0.289933,1235069,0.289933,0.754196,0,0,0,iter,0,1,optk,1,dynamic
98,520,0.01,57,1,743831,743831,0.0488326,208019,0.0488326,0.16022,238537,0,238537,type,1,3,optk,1,dynamic
98,520,0.01,57,2,738755,738755,0.048649,207237,0.048649,0.159218,237684,1,237685,type,2,3,optk,1,dynamic
98,5196,0.1,39,0,0,0,0,0,0,0,0,0,0,iter,0,1,optk,5,dynamic
98,5196,0.1,41,0,0,0,0,0,0,0,0,0,0,iter,0,1,optk,5,dynamic
98,5196,0.1,43,0,0,0,0,0,0,0,0,0,0,iter,0,1,optk,5,dynamic
98,5196,0.1,45,0,1,1,2.23643e-35,5,1.17466e-07,1.17466e-07,0,0,0,iter,0,1,optk,5,dynamic
98,5196,0.1,45,1,0,0,0,0,0,0,0,0,0,iter,0,1,optk,5,dynamic
98,5196,0.1,47,0,0,0,0,0,0,0,0,0,0,iter,0,1,optk,5,dynamic
98,5196,0.1,49,0,1249,1249,1.18695e-20,4405,0.000103487,0.000146704,0,0,0,iter,0,1,optk,5,dynamic
98,5196,0.1,49,1,0,0,0,0,0,0,0,0,0,iter,0,1,optk,5,dynamic
98,5196,0.1,51,0,15206,15206,1.28992e-15,44789,0.00105223,0.00178459,0,0,0,iter,0,1,optk,5,dynamic
98,5196,0.1,51,1,0,0,0,0,0,0,0,0,0,iter,0,1,optk,5,dynamic
98,5196,0.1,53,0,160889,160889,5.77983e-11,381454,0.00896155,0.0187215,0,0,0,iter,0,1,optk,5,dynamic
98,5196,0.1,53,1,0,0,0,0,0,0,0,0,0,iter,0,1,optk,5,dynamic
98,5196,0.1,55,0,1118087,1118087,2.58447e-07,2048959,0.0481365,0.123078,0,0,0,iter,0,1,optk,5,dynamic
98,5196,0.1,55,1,0,0,0,0,0,0,0,0,0,iter,0,1,optk,5,dynamic
98,5196,0.1,57,0,7669822,7669822,0.000619035,9714091,0.228214,0.593813,0,0,0,iter,0,1,optk,5,dynamic
98,5196,0.1,57,1,9428,9428,1.24109e-18,11164,0.000262277,0.00110685,1,2233,2234,iter,0,1,optk,5,dynamic
98,25978,0.5,39,0,0,0,0,0,0,0,0,0,0,iter,0,1,optk,23,dynamic
98,25978,0.5,41,0,0,0,0,0,0,0,0,0,0,iter,0,1,optk,23,dynamic
98,25978,0.5,43,0,0,0,0,0,0,0,0,0,0,iter,0,1,optk,23,dynamic
98,25978,0.5,45,0,1,1,5.96816e-161,23,1.08077e-07,1.08077e-07,0,0,0,iter,0,1,optk,23,dynamic
98,25978,0.5,45,1,0,0,0,0,0,0,0,0,0,iter,0,1,optk,23,dynamic
98,25978,0.5,47,0,0,0,0,0,0,0,0,0,0,iter,0,1,optk,23,dynamic
98,25978,0.5,49,0,1249,1249,3.23807e-93,20263,9.52156e-05,0.000134979,0,0,0,iter,0,1,optk,23,dynamic
98,25978,0.5,49,1,0,0,0,0,0,0,0,0,0,iter,0,1,optk,23,dynamic
98,25978,0.5,51,0,15206,15206,4.77446e-70,206080,0.000968367,0.00164207,0,0,0,iter,0,1,optk,23,dynamic
98,25978,0.5,51,1,0,0,0,0,0,0,0,0,0,iter,0,1,optk,23,dynamic
98,25978,0.5,53,0,160889,160889,1.1948e-48,1755496,0.00824905,0.0172381,0,0,0,iter,0,1,optk,23,dynamic
98,25978,0.5,53,1,0,0,0,0,0,0,0,0,0,iter,0,1,optk,23,dynamic
98,25978,0.5,55,0,1118087,1118087,7.67719e-32,9444487,0.0443795,0.113824,0,0,0,iter,0,1,optk,23,dynamic
98,25978,0.5,55,1,0,0,0,0,0,0,0,0,0,iter,0,1,optk,23,dynamic
98,25978,0.5,57,0,7669822,7669822,3.21481e-16,45122558,0.21203,0.563484,0,0,0,iter,0,1,optk,23,dynamic
98,25978,0.5,57,1,2,2,5.00645e-154,46,2.16153e-07,2.16153e-07,1,2,3,iter,0,1,optk,23,dynamic
99,46,0.001,38,0,0,0,0,0,0,0,0,0,0,iter,0,1,optk,1,dynamic
99,46,0.001,40,0,0,0,0,0,0,0,0,0,0,iter,0,1,optk,1,dynamic
99,46,0.001,42,0,8,8,2.12296e-05,8,2.12296e-05,2.12294e-05,0,0,0,iter,0,1,optk,1,dynamic
99,46,0.001,42,1,0,0,0,0,0,0,0,0,0,iter,0,1,optk,1,dynamic
99,46,0.001,44,0,18,18,3.44981e-05,13,3.44981e-05,4.77655e-05,0,0,0,iter,0,1,optk,1,dynamic
99,46,0.001,44,1,0,0,0,0,0,0,0,0,0,iter,0,1,optk,1,dynamic
99,46,0.001,46,0,825,825,0.00108006,407,0.00108006,0.00218691,0,0,0,iter,0,1,optk,1,dynamic
99,46,0.001,46,1,7,7,7.96111e-06,3,7.96111e-06,1.85757e-05,0,3,3,iter,0,1,optk,1,dynamic
99,46,0.001,48,0,14428,14428,0.0155109,5845,0.0155109,0.0375639,0,0,0,iter,0,1,optk,1,dynamic
99,46,0.001,48,1,528,528,0.0008598,324,0.0008598,0.00140017,0,342,342,iter,0,1,optk,1,dynamic
99,46,0.001,50,0,157817,157817,0.137297,51738,0.137297,0.342164,0,0,0,iter,0,1,optk,1,dynamic
99,46,0.001,50,1,27794,27794,0.0369289,13916,0.0369289,0.0711026,0,0,0,iter,0,1,optk,1,dynamic
99,46,0.001,50,2,5612,5612,0.00543478,2048,0.00543478,0.0147822,2377,0,2377,iter,0,1,optk,1,dynamic
99,46,0.001,52,0,1169776,1169776,0.610134,229918,0.610134,0.955141,0,0,0,iter,0,1,optk,1,dynamic
99,46,0.001,52,0,129090,129090,0.0983436,37059,0.0983436,0.290054,42263,0,42263,type,0,5,optk,1,dynamic
99,46,0.001,52,1,127842,127842,0.0984895,37114,0.0984895,0.287699,42182,0,42182,type,1,5,optk,1,dynamic
99,46,0.001,52,1,729828,729828,0.548618,206737,0.548618,0.855828,0,0,0,iter,0,1,optk,1,dynamic
99,46,0.001,52,2,126299,126299,0.0972953,36664,0.0972953,0.284776,41654,0,41654,type,2,5,optk,1,dynamic
99,46,0.001,52,3,130476,130476,0.0990362,37320,0.0990362,0.29266,42392,0,42392,type,3,5,optk,1,dynamic
99,46,0.001,52,4,129104,129104,0.0986938,37191,0.0986938,0.29008,42213,0,42213,type,4,5,optk,1,dynamic
99,46,0.001,54,0,6435746,6435746,0.987904,372274,0.987904,1,0,0,0,iter,0,1,optk,1,dynamic
99,46,0.001,54,0,802594,802594,0.425447,160322,0.425447,0.881144,209058,0,209058,type,0,8,optk,1,dynamic
99,46,0.001,54,1,6494812,6494812,0.995632,375186,0.995632,1,0,0,0,iter,0,1,optk,1,dynamic
99,46,0.001,54,1,797587,797587,0.423406,159553,0.423406,0.879555,208081,1,208082,type,1,8,optk,1,dynamic
99,463,0.01,38,0,0,0,0,0,0,0,0,0,0,iter,0,1,optk,1,dynamic
99,463,0.01,40,0,0,0,0,0,0,0,0,0,0,iter,0,1,optk,1,dynamic
99,463,0.01,42,0,8,8,2.10921e-06,8,2.10921e-06,2.1092e-06,0,0,0,iter,0,1,optk,1,dynamic
99,463,0.01,42,1,0,0,0,0,0,0,0,0,0,iter,0,1,optk,1,dynamic
99,463,0.01,44,0,18,18,3.42746e-06,13,3.42746e-06,4.7457e-06,0,0,0,iter,0,1,optk,1,dynamic
99,463,0.01,44,1,0,0,0,0,0,0,0,0,0,iter,0,1,optk,1,dynamic
99,463,0.01,46,0,825,825,0.000107306,407,0.000107306,0.000217488,0,0,0,iter,0,1,optk,1,dynamic
99,463,0.01,46,1,0,0,0,0,0,0,0,0,0,iter,0,1,optk,1,dynamic
99,463,0.01,48,0,14428,14428,0.00155238,5888,0.00155238,0.00379673,0,0,0,iter,0,1,optk,1,dynamic
99,463,0.01,48,1,56,56,9.75508e-06,37,9.75508e-06,1.47643e-05,0,37,37,iter,0,1,optk,1,dynamic
99,463,0.01,50,0,157817,157817,0.0145443,55165,0.0145443,0.0407548,0,0,0,iter,0,1,optk,1,dynamic
99,463,0.01,50,1,2869,2869,0.000403386,1530,0.000403386,0.000756128,0,1569,1569,iter,0,1,optk,1,dynamic
99,463,0.01,52,0,1169776,1169776,0.0893043,338722,0.0893043,0.265388,0,0,0,iter,0,1,optk,1,dynamic
99,463,0.01,52,1,106688,106688,0.0114949,43599,0.0114949,0.0277365,0,0,0,iter,0,1,optk,1,dynamic
99,463,0.01,52,2,13796,13796,0.00109652,4159,0.00109652,0.00363072,4558,0,4558,iter,0,1,optk,1,dynamic
99,463,0.01,54,0,568989,568989,0.0383235,145357,0.0383235,0.139304,174667,1,174668,type,0,2,optk,1,dynamic
99,463,0.01,54,0,6435746,6435746,0.356375,1351695,0.356375,0.816729,0,0,0,iter,0,1,optk,1,dynamic
99,463,0.01,54,1,2345350,2345350,0.17686,670810,0.17686,0.461169,0,0,0,iter,0,1,optk,1,dynamic
99,4631,0.1,38,0,0,0,0,0,0,0,0,0,0,iter,0,1,optk,6,dynamic
99,4631,0.1,40,0,0,0,0,0,0,0,0,0,0,iter,0,1,optk,6,dynamic
99,4631,0.1,42,0,8,8,4.1026e-36,48,1.26525e-06,1.26525e-06,0,0,0,iter,0,1,optk,6,dynamic
99,4631,0.1,42,1,0,0,0,0,0,0,0,0,0,iter,0,1,optk,6,dynamic
99,4631,0.1,44,0,18,18,7.55404e-35,78,2.05603e-06,2.84681e-06,0,0,0,iter,0,1,optk,6,dynamic
99,4631,0.1,44,1,0,0,0,0,0,0,0,0,0,iter,0,1,optk,6,dynamic
99,4631,0.1,46,0,825,825,7.11354e-26,2442,6.43696e-05,0.00013047,0,0,0,iter,0,1,optk,6,dynamic
99,4631,0.1,46,1,0,0,0,0,0,0,0,0,0,iter,0,1,optk,6,dynamic
99,4631,0.1,48,0,14428,14428,6.53448e-19,35340,0.000931541,0.00227928,0,0,0,iter,0,1,optk,6,dynamic
99,4631,0.1,48,1,0,0,0,0,0,0,0,0,0,iter,0,1,optk,6,dynamic
99,4631,0.1,50,0,157817,157817,4.47887e-13,331838,0.00874705,0.0246508,0,0,0,iter,0,1,optk,6,dynamic
99,4631,0.1,50,1,0,0,0,0,0,0,0,0,0,iter,0,1,optk,6,dynamic
99,4631,0.1,52,0,1169776,1169776,2.63816e-08,2069895,0.0545612,0.168902,0,0,0,iter,0,1,optk,6,dynamic
99,4631,0.1,52,1,0,0,0,0,0,0,0,0,0,iter,0,1,optk,6,dynamic
99,4631,0.1,54,0,6435746,6435746,0.000157209,8813413,0.232316,0.63863,0,0,0,iter,0,1,optk,6,dynamic
99,4631,0.1,54,1,799,799,1.05261e-26,1776,4.68143e-05,0.000126359,1,296,297,iter,0,1,optk,6,dynamic
99,23153,0.5,38,0,0,0,0,0,0,0,0,0,0,iter,0,1,optk,30,dynamic
99,23153,0.5,40,0,0,0,0,0,0,0,0,0,0,iter,0,1,optk,30,dynamic
99,23153,0.5,42,0,8,8,1.16525e-177,240,1.26536e-06,1.26536e-06,0,0,0,iter,0,1,optk,30,dynamic
99,23153,0.5,42,1,0,0,0,0,0,0,0,0,0,iter,0,1,optk,30,dynamic
99,23153,0.5,44,0,18,18,2.46616e-171,390,2.05621e-06,2.84706e-06,0,0,0,iter,0,1,optk,30,dynamic
99,23153,0.5,44,1,0,0,0,0,0,0,0,0,0,iter,0,1,optk,30,dynamic
99,23153,0.5,46,0,825,825,1.82622e-126,12210,6.43752e-05,0.000130482,0,0,0,iter,0,1,optk,30,dynamic
99,23153,0.5,46,1,0,0,0,0,0,0,0,0,0,iter,0,1,optk,30,dynamic
99,23153,0.5,48,0,14428,14428,1.19733e-91,176714,0.000931695,0.00227947,0,0,0,iter,0,1,optk,30,dynamic
99,23153,0.5,48,1,0,0,0,0,0,0,0,0,0,iter,0,1,optk,30,dynamic
99,23153,0.5,50,0,157817,157817,1.8075e-62,1659204,0.00874788,0.0246529,0,0,0,iter,0,1,optk,30,dynamic
99,23153,0.5,50,1,0,0,0,0,0,0,0,0,0,iter,0,1,optk,30,dynamic
99,23153,0.5,52,0,1169776,1169776,1.28314e-38,10349984,0.0545686,0.168915,0,0,0,iter,0,1,optk,30,dynamic
99,23153,0.5,52,1,0,0,0,0,0,0,0,0,0,iter,0,1,optk,30,dynamic
99,23153,0.5,54,0,6435746,6435746,9.65351e-20,44071049,0.232357,0.638662,0,0,0,iter,0,1,optk,30,dynamic
99,23153,0.5,54,1,5,5,8.7664e-184,150,7.9085e-07,7.9085e-07,1,5,6,iter,0,1,optk,30,dynamic
