instance,ratio,k_mode,split_mode,total_depth,m_bits,m_states,F_fwd,F_bwd,min_frontier,max_frontier,min_over_m,max_over_m,prod_over_m2,converged,cond_min,cond_max,cond_prod
0,0.01,k1,dynamic,57,1564672,34770.48888888889,178,1,1,178,2.8760021269633508e-05,0.005119283785994765,1.4723071057049936e-07,True,True,True,True
0,0.01,k1,fixed,57,1564672,34770.48888888889,24607730,1061863,1061863,24607730,30.539202465436844,707.7188381973986,21613.168888314092,True,False,False,False
0,0.01,optk,dynamic,57,1564672,34770.48888888889,178,1,1,178,2.8760021269633508e-05,0.005119283785994765,1.4723071057049936e-07,True,True,True,True
0,0.01,optk,fixed,57,1564672,34770.48888888889,24607730,1061863,1061863,24607730,30.539202465436844,707.7188381973986,21613.168888314092,True,False,False,False
0,0.1,k1,dynamic,57,15613952,346976.7111111111,178,1,1,178,2.882037808237146e-06,0.000513002729866212,1.4784932632032902e-09,True,True,True,True
0,0.1,k1,fixed,57,15613952,346976.7111111111,24607730,308752,308752,24607730,0.8898349373688352,70.92040823489147,63.10745701986688,True,True,False,False
0,0.1,optk,dynamic,57,15613952,346976.7111111111,178,1,1,178,2.882037808237146e-06,0.000513002729866212,1.4784932632032902e-09,True,True,True,True
0,0.1,optk,fixed,57,15613952,346976.7111111111,24607730,308752,308752,24607730,0.8898349373688352,70.92040823489147,63.10745701986688,True,True,False,False
0,0.5,k1,dynamic,57,78069760,1734883.5555555555,178,1,1,178,5.764075616474292e-07,0.00010260054597324239,5.913973052813161e-11,True,True,True,True
0,0.5,k1,fixed,57,78069760,1734883.5555555555,24607730,72168,72168,24607730,0.04159818090897167,14.184081646978292,0.5900319943786279,True,True,False,True
0,0.5,optk,dynamic,57,78069760,1734883.5555555555,178,1,1,178,5.764075616474292e-07,0.00010260054597324239,5.913973052813161e-11,True,True,True,True
0,0.5,optk,fixed,57,78069760,1734883.5555555555,24607730,3144,3144,24607730,0.0018122253738195174,14.184081646978292,0.02570475266498179,True,True,False,True
1,0.01,k1,dynamic,55,2105344,46785.42222222222,2484110,1081980,1081980,2484110,23.126434444917315,53.09581237080496,1227.9168240930505,True,False,False,False
1,0.01,k1,fixed,55,2105344,46785.42222222222,2319912,1333544,1333544,2319912,28.503408469114785,49.58621488934825,1413.3761374283945,True,False,False,False
1,0.01,optk,dynamic,55,2105344,46785.42222222222,2484110,1081980,1081980,2484110,23.126434444917315,53.09581237080496,1227.9168240930505,True,False,False,False
1,0.01,optk,fixed,55,2105344,46785.42222222222,2319912,1333544,1333544,2319912,28.503408469114785,49.58621488934825,1413.3761374283945,True,False,False,False
1,0.1,k1,dynamic,55,21045248,467672.1777777778,2484110,127254,127254,2484110,0.2721008562122908,5.311648026195748,1.4453039758261872,True,True,False,False
1,0.1,k1,fixed,55,21045248,467672.1777777778,2319912,160221,160221,2319912,0.3425925415561746,4.960551664679836,1.6994480023233778,True,True,False,False
1,0.1,optk,dynamic,55,21045248,467672.1777777778,2484110,141,141,2484110,0.00030149323970903074,5.311648026195748,0.0016014259716118345,True,True,False,True
1,0.1,optk,fixed,55,21045248,467672.1777777778,2319912,138,138,2319912,0.00029507848992798755,4.960551664679836,0.001463752094423491,True,True,False,True
1,0.5,k1,dynamic,55,105209856,2337996.8,2484110,26510,26510,2484110,0.011338766588559916,1.062495038487649,0.012047383242914437,True,True,False,True
1,0.5,k1,fixed,55,105209856,2337996.8,2319912,32423,32423,2319912,0.013867854737867906,0.9922648311580239,0.0137605845399945,True,True,True,True
1,0.5,optk,dynamic,55,105209856,2337996.8,2484110,7,7,2484110,2.994016073931325e-06,1.062495038487649,3.1811272237043025e-06,True,True,False,True
1,0.5,optk,fixed,55,105209856,2337996.8,2319912,9,9,2319912,3.849449237911703e-06,0.9922648311580239,3.81967309810784e-06,True,True,True,True
2,0.01,k1,dynamic,59,8216576,182590.57777777777,47808853,39586276,39586276,47808853,216.8034981968158,261.8363640767152,56767.03968696693,True,False,False,False
2,0.01,k1,fixed,59,8216576,182590.57777777777,57069307,35827345,35827345,57069307,196.21683350826427,312.55340606598173,61328.23964048966,True,False,False,False
2,0.01,optk,dynamic,59,8216576,182590.57777777777,47808853,39586276,39586276,47808853,216.8034981968158,261.8363640767152,56767.03968696693,True,False,False,False
2,0.01,optk,fixed,59,8216576,182590.57777777777,57069307,35827345,35827345,57069307,196.21683350826427,312.55340606598173,61328.23964048966,True,False,False,False
2,0.1,k1,dynamic,59,82173952,1826087.822222222,47808853,6706725,6706725,47808853,3.6727286159974395,26.181026135873324,96.15580388539883,True,False,False,False
2,0.1,k1,fixed,59,82173952,1826087.822222222,57069307,6285739,6285739,57069307,3.4421887729094496,31.252224731749546,107.57605710007132,True,False,False,False
2,0.1,optk,dynamic,59,82173952,1826087.822222222,47808853,2940547,2940547,47808853,1.6102987842181427,26.181026135873324,42.15927455618023,True,False,False,False
2,0.1,optk,fixed,59,82173952,1826087.822222222,57069307,2963516,2963516,57069307,1.6228770401598795,31.252224731749546,50.71851797107309,True,False,False,False
2,0.5,k1,dynamic,59,410886144,9130803.2,47808853,1408705,1408705,47808853,0.15428051280307958,5.235996434574343,0.8078122149612261,True,True,False,True
2,0.5,k1,fixed,59,410886144,9130803.2,57069307,1343129,1343129,57069307,0.14709866926055312,6.250195711150582,0.9193954717282671,True,True,False,True
2,0.5,optk,dynamic,59,410886144,9130803.2,47808853,77,77,47808853,8.432993058047732e-06,5.235996434574343,4.415512158472811e-05,True,True,False,True
2,0.5,optk,fixed,59,410886144,9130803.2,57069307,80,80,57069307,8.7615512291405e-06,6.250195711150582,5.476140991540006e-05,True,True,False,True
3,0.01,k1,dynamic,56,1654784,36772.97777777778,621419,349722,349722,621419,9.510298625077352,16.898794646310336,160.71258349026968,True,False,False,False
3,0.01,k1,fixed,56,1654784,36772.97777777778,6760766,1695335,1695335,6760766,46.10273908860613,183.85146943649443,8476.056326487547,True,False,False,False
3,0.01,optk,dynamic,56,1654784,36772.97777777778,621419,349722,349722,621419,9.510298625077352,16.898794646310336,160.71258349026968,True,False,False,False
3,0.01,optk,fixed,56,1654784,36772.97777777778,6760766,1695335,1695335,6760766,46.10273908860613,183.85146943649443,8476.056326487547,True,False,False,False
3,0.1,k1,dynamic,56,16515072,367001.6,621419,35222,35222,621419,0.09597233363560269,1.69323240007673,0.16250346482277622,True,True,False,True
3,0.1,k1,fixed,56,16515072,367001.6,6760766,282897,282897,6760766,0.7708331516810827,18.42162540980748,14.199999573730215,True,True,False,False
3,0.1,optk,dynamic,56,16515072,367001.6,621419,2694,2694,621419,0.007340567452566965,1.69323240007673,0.01242928664563509,True,True,False,True
3,0.1,optk,fixed,56,16515072,367001.6,6760766,120067,120067,6760766,0.32715661185128353,18.42162540980748,6.026756553866127,True,True,False,False
3,0.5,k1,dynamic,56,82583552,1835190.0444444444,621419,6831,6831,621419,0.0037222303056182425,0.3386128874669862,0.0012603951516025156,True,True,True,True
3,0.5,k1,fixed,56,82583552,1835190.0444444444,6760766,59652,59652,6760766,0.03250453552784942,3.683959609777986,0.11974539601919085,True,True,False,True
3,0.5,optk,dynamic,56,82583552,1835190.0444444444,621419,5,5,621419,2.7245134721257815e-06,0.3386128874669862,9.22555373739215e-07,True,True,True,True
3,0.5,optk,fixed,56,82583552,1835190.0444444444,6760766,11,11,6760766,5.993929638676719e-06,3.683959609777986,2.208139469273619e-05,True,True,False,True
4,0.01,k1,dynamic,56,1654784,36772.97777777778,2146844,833111,833111,2146844,22.655521808284345,58.38102132967203,1322.6525019242981,True,False,False,False
4,0.01,k1,fixed,56,1654784,36772.97777777778,2146844,834184,834184,2146844,22.68470084313119,58.38102132967203,1324.356003780071,True,False,False,False
4,0.01,optk,dynamic,56,1654784,36772.97777777778,2146844,833111,833111,2146844,22.655521808284345,58.38102132967203,1322.6525019242981,True,False,False,False
4,0.01,optk,fixed,56,1654784,36772.97777777778,2146844,834184,834184,2146844,22.68470084313119,58.38102132967203,1324.356003780071,True,False,False,False
4,0.1,k1,dynamic,56,16564224,368093.86666666664,2146844,102338,102338,2146844,0.2780214756815653,5.832327551233309,1.621512312452135,True,True,False,False
4,0.1,k1,fixed,56,16564224,368093.86666666664,2146844,101586,101586,2146844,0.2759785185228116,5.832327551233309,1.6095971171291463,True,True,False,False
4,0.1,optk,dynamic,56,16564224,368093.86666666664,2146844,1021,1021,2146844,0.0027737490147440656,5.832327551233309,0.01617741279889806,True,True,False,True
4,0.1,optk,fixed,56,16564224,368093.86666666664,2146844,1003,1003,2146844,0.002724848444454748,5.832327551233309,0.015892208655528654,True,True,False,True
4,0.5,k1,dynamic,56,82821120,1840469.3333333333,2146844,20406,20406,2146844,0.011087389303597924,1.1664655102466617,0.01293305722132473,True,True,False,True
4,0.5,k1,fixed,56,82821120,1840469.3333333333,2146844,21034,21034,2146844,0.011428606616283383,1.1664655102466617,0.013331075448071371,True,True,False,True
4,0.5,optk,dynamic,56,82821120,1840469.3333333333,2146844,15,15,2146844,8.150095048219585e-06,1.1664655102466617,9.50680477898025e-06,True,True,False,True
4,0.5,optk,fixed,56,82821120,1840469.3333333333,2146844,15,15,2146844,8.150095048219585e-06,1.1664655102466617,9.50680477898025e-06,True,True,False,True
5,0.01,k1,dynamic,52,802816,17840.355555555554,71948,6462,6462,71948,0.3622125119579082,4.032879264987245,1.4607593289939926,True,True,False,False
5,0.01,k1,fixed,52,802816,17840.355555555554,1247395,256201,256201,1247395,14.360756387515945,69.91985087492029,1004.1019450661738,True,False,False,False
5,0.01,optk,dynamic,52,802816,17840.355555555554,71948,6462,6462,71948,0.3622125119579082,4.032879264987245,1.4607593289939926,True,True,False,False
5,0.01,optk,fixed,52,802816,17840.355555555554,1247395,256201,256201,1247395,14.360756387515945,69.91985087492029,1004.1019450661738,True,False,False,False
5,0.1,k1,dynamic,52,8060928,179131.73333333334,71948,791,791,71948,0.004415744688452744,0.401648544683689,0.0017735774278117744,True,True,True,True
5,0.1,k1,fixed,52,8060928,179131.73333333334,1247395,33165,33165,1247395,0.18514307533822408,6.963562383884336,1.289255355061921,True,True,False,False
5,0.1,optk,dynamic,52,8060928,179131.73333333334,71948,2,2,71948,1.1164967606707317e-05,0.401648544683689,4.4843929906745245e-06,True,True,True,True
5,0.1,optk,fixed,52,8060928,179131.73333333334,1247395,962,962,1247395,0.005370349418826219,6.963562383884336,0.037396763201253375,True,True,False,True
5,0.5,k1,dynamic,52,40288256,895294.5777777778,71948,51,51,71948,5.696449109139894e-05,0.08036237656948962,4.577801884176339e-06,True,True,True,True
5,0.5,k1,fixed,52,40288256,895294.5777777778,1247395,6551,6551,1247395,0.00731714472823048,1.3932788502932467,0.010194822994378254,True,True,False,True
5,0.5,optk,dynamic,52,40288256,895294.5777777778,71948,2,2,71948,2.2339016114274094e-06,0.08036237656948962,1.7952164251671917e-07,True,True,True,True
5,0.5,optk,fixed,52,40288256,895294.5777777778,1247395,2,2,1247395,2.2339016114274094e-06,1.3932788502932467,3.112447868837812e-06,True,True,False,True
6,0.01,k1,dynamic,52,4751360,105585.77777777778,4840717,2359175,2359175,4840717,22.343681598531788,45.8462976916083,1024.3750780927987,True,False,False,False
6,0.01,k1,fixed,52,4751360,105585.77777777778,10113808,3179844,3179844,10113808,30.11621514682112,95.78759765625,2884.7598994127634,True,False,False,False
6,0.01,optk,dynamic,52,4751360,105585.77777777778,4840717,2359175,2359175,4840717,22.343681598531788,45.8462976916083,1024.3750780927987,True,False,False,False
6,0.01,optk,fixed,52,4751360,105585.77777777778,10113808,3179844,3179844,10113808,30.11621514682112,95.78759765625,2884.7598994127634,True,False,False,False
6,0.1,k1,dynamic,52,47538176,1056403.911111111,4840717,281893,281893,4840717,0.26684206394456533,4.582259634866933,1.2227396184977628,True,True,False,False
6,0.1,k1,fixed,52,47538176,1056403.911111111,10113808,397244,397244,10113808,0.37603420038665347,9.573807796075306,3.6000791592526866,True,True,False,False
6,0.1,optk,dynamic,52,47538176,1056403.911111111,4840717,1358,1358,4840717,0.001285493158172497,4.582259634866933,0.005890463409591447,True,True,False,True
6,0.1,optk,fixed,52,47538176,1056403.911111111,10113808,6185,6185,10113808,0.005854768176212735,9.573807796075306,0.05605242520963908,True,True,False,True
6,0.5,k1,dynamic,52,237690880,5282019.555555556,4840717,54685,54685,4840717,0.010353047622188954,0.9164519269733865,0.009488070443402304,True,True,True,True
6,0.5,k1,fixed,52,237690880,5282019.555555556,10113808,83416,83416,10113808,0.015792444371445804,1.914761559215061,0.03023876540848668,True,True,False,True
6,0.5,optk,dynamic,52,237690880,5282019.555555556,4840717,2,2,4840717,3.7864305100809923e-07,0.9164519269733865,3.4700815373145483e-07,True,True,True,True
6,0.5,optk,fixed,52,237690880,5282019.555555556,10113808,2,2,10113808,3.7864305100809923e-07,1.914761559215061,7.25011158734216e-07,True,True,False,True
7,0.01,k1,dynamic,50,819200,18204.444444444445,16658,615,615,16658,0.033782958984375,0.9150512695312499,0.03091313950717449,True,True,True,True
7,0.01,k1,fixed,50,819200,18204.444444444445,3260002,669532,669532,3260002,36.778491210937496,179.07725830078124,6586.191370494067,True,False,False,False
7,0.01,optk,dynamic,50,819200,18204.444444444445,16658,615,615,16658,0.033782958984375,0.9150512695312499,0.03091313950717449,True,True,True,True
7,0.01,optk,fixed,50,819200,18204.444444444445,3260002,669532,669532,3260002,36.778491210937496,179.07725830078124,6586.191370494067,True,False,False,False
7,0.1,k1,dynamic,50,8175616,181680.35555555555,16658,68,68,16658,0.0003742837236973948,0.0916885039610471,3.431751468278404e-05,True,True,True,True
7,0.1,k1,fixed,50,8175616,181680.35555555555,3260002,106832,106832,3260002,0.5880217466182365,17.943613056190507,10.551234689942934,True,True,False,False
7,0.1,optk,dynamic,50,8175616,181680.35555555555,16658,2,2,16658,1.100834481462926e-05,0.0916885039610471,1.0093386671407072e-06,True,True,True,True
7,0.1,optk,fixed,50,8175616,181680.35555555555,3260002,40814,40814,3260002,0.22464729263213928,17.943613056190507,4.030984093111904,True,True,False,False
7,0.5,k1,dynamic,50,40869888,908219.7333333333,16658,48,48,16658,5.2850646422128686e-05,0.018341376418746242,9.693536000023266e-07,True,True,True,True
7,0.5,k1,fixed,50,40869888,908219.7333333333,3260002,22269,22269,3260002,0.024519396774466327,3.589441938279841,0.08801095108359289,True,True,False,True
7,0.5,optk,dynamic,50,40869888,908219.7333333333,16658,2,2,16658,2.2021102675886952e-06,0.018341376418746242,4.0389733333430275e-08,True,True,True,True
7,0.5,optk,fixed,50,40869888,908219.7333333333,3260002,2,2,3260002,2.2021102675886952e-06,3.589441938279841,7.904346947199505e-06,True,True,False,True
8,0.01,k1,dynamic,46,212992,4733.155555555555,258364,99883,99883,258364,21.102834848257213,54.58599384014423,1151.9192130365493,True,False,False,False
8,0.01,k1,fixed,46,212992,4733.155555555555,248825,122910,122910,248825,25.967876727764427,52.57063645582933,1365.1478069850946,True,False,False,False
8,0.01,optk,dynamic,46,212992,4733.155555555555,258364,99883,99883,258364,21.102834848257213,54.58599384014423,1151.9192130365493,True,False,False,False
8,0.01,optk,fixed,46,212992,4733.155555555555,248825,122910,122910,248825,25.967876727764427,52.57063645582933,1365.1478069850946,True,False,False,False
8,0.1,k1,dynamic,46,2162688,48059.73333333333,258364,12391,12391,258364,0.25782498446377844,5.3758933327414775,1.3860396149930014,True,True,False,False
8,0.1,k1,fixed,46,2162688,48059.73333333333,248825,15189,15189,248825,0.31604420055042615,5.177411166104404,1.636290772912316,True,True,False,False
8,0.1,optk,dynamic,46,2162688,48059.73333333333,258364,141,141,258364,0.0029338489879261365,5.3758933327414775,0.01577205921346245,True,True,False,True
8,0.1,optk,fixed,46,2162688,48059.73333333333,248825,230,230,248825,0.004785711115056819,5.177411166104404,0.02477759416484513,True,True,False,True
8,0.5,k1,dynamic,46,10797056,239934.57777777777,258364,2366,2366,258364,0.009861021374715478,1.076810197150038,0.010618448370608113,True,True,False,True
8,0.5,k1,fixed,46,10797056,239934.57777777777,248825,3037,3037,248825,0.012657617039311456,1.0370535264427636,0.01312662638697996,True,True,False,True
8,0.5,optk,dynamic,46,10797056,239934.57777777777,258364,3,3,258364,1.2503408336494689e-05,1.076810197150038,1.3463797595868274e-05,True,True,False,True
8,0.5,optk,fixed,46,10797056,239934.57777777777,248825,3,3,248825,1.2503408336494689e-05,1.0370535264427636,1.2966703707915667e-05,True,True,False,True
9,0.01,k1,dynamic,59,5685248,126338.84444444445,2848,98,98,2848,0.000775691755223343,0.022542552233429394,1.7486071909162735e-05,True,True,True,True
9,0.01,k1,fixed,59,5685248,126338.84444444445,26334840,6626824,6626824,26334840,52.45278306240994,208.4461047257745,10933.578311385434,True,False,False,False
9,0.01,optk,dynamic,59,5685248,126338.84444444445,2848,98,98,2848,0.000775691755223343,0.022542552233429394,1.7486071909162735e-05,True,True,True,True
9,0.01,optk,fixed,59,5685248,126338.84444444445,26334840,6626824,6626824,26334840,52.45278306240994,208.4461047257745,10933.578311385434,True,False,False,False
9,0.1,k1,dynamic,59,56877056,1263934.5777777778,2848,46,46,2848,3.639428876206251e-05,0.002253281182485957,8.200656601751558e-08,True,True,True,True
9,0.1,k1,fixed,59,56877056,1263934.5777777778,26334840,1071228,1071228,26334840,0.8475343730871021,20.83560372745031,17.658890343035885,True,True,False,False
9,0.1,optk,dynamic,59,56877056,1263934.5777777778,2848,46,46,2848,3.639428876206251e-05,0.002253281182485957,8.200656601751558e-08,True,True,True,True
9,0.1,optk,fixed,59,56877056,1263934.5777777778,26334840,263856,263856,26334840,0.20875764033919056,20.83560372745031,4.349591469184969,True,True,False,False
9,0.5,k1,dynamic,59,284385280,6319672.888888889,2848,46,46,2848,7.278857752412502e-06,0.0004506562364971914,3.2802626407006234e-09,True,True,True,True
9,0.5,k1,fixed,59,284385280,6319672.888888889,26334840,223998,223998,26334840,0.035444556061410774,4.167120745490062,0.14770174487819035,True,True,False,True
9,0.5,optk,dynamic,59,284385280,6319672.888888889,2848,46,46,2848,7.278857752412502e-06,0.0004506562364971914,3.2802626407006234e-09,True,True,True,True
9,0.5,optk,fixed,59,284385280,6319672.888888889,26334840,36,36,26334840,5.696497371453262e-06,4.167120745490062,2.3737992373212498e-05,True,True,False,True
10,0.01,k1,dynamic,57,1024000,22755.555555555555,22562,1496,1496,22562,0.06574218750000001,0.9914941406250001,0.06518299369812013,True,True,True,True
10,0.01,k1,fixed,57,1024000,22755.555555555555,5399073,1094174,1094174,5399073,48.083818359375,237.2639501953125,11408.556684419204,True,False,False,False
10,0.01,optk,dynamic,57,1024000,22755.555555555555,22562,1496,1496,22562,0.06574218750000001,0.9914941406250001,0.06518299369812013,True,True,True,True
10,0.01,optk,fixed,57,1024000,22755.555555555555,5399073,1094174,1094174,5399073,48.083818359375,237.2639501953125,11408.556684419204,True,False,False,False
10,0.1,k1,dynamic,57,10207232,226827.3777777778,22562,196,196,22562,0.0008640932233146067,0.09946771073685794,8.59493747863365e-05,True,True,True,True
10,0.1,k1,fixed,57,10207232,226827.3777777778,5399073,199370,199370,5399073,0.8789503363889446,23.80256322184114,20.921270950756394,True,True,False,False
10,0.1,optk,dynamic,57,10207232,226827.3777777778,22562,1,1,22562,4.4086388944622795e-06,0.09946771073685794,4.385172182976352e-07,True,True,True,True
10,0.1,optk,fixed,57,10207232,226827.3777777778,5399073,93898,93898,5399073,0.4139623749122191,23.80256322184114,9.8533656003116,True,True,False,False
10,0.5,k1,dynamic,57,51052544,1134500.9777777777,22562,24,24,22562,2.115467546534018e-05,0.019887157827041882,4.207063697590709e-07,True,True,True,True
10,0.5,k1,fixed,57,51052544,1134500.9777777777,5399073,41142,41142,5399073,0.0362644024164594,4.758984880361692,0.17258174279528232,True,True,False,True
10,0.5,optk,dynamic,57,51052544,1134500.9777777777,22562,1,1,22562,8.814448110558409e-07,0.019887157827041882,1.7529432073294618e-08,True,True,True,True
10,0.5,optk,fixed,57,51052544,1134500.9777777777,5399073,1,1,5399073,8.814448110558409e-07,4.758984880361692,4.194782528688015e-06,True,True,False,True
11,0.01,k1,dynamic,45,24576,546.1333333333333,21558,9574,9574,21558,17.530517578125,39.473876953125,691.9974938035011,True,False,False,False
11,0.01,k1,fixed,45,24576,546.1333333333333,15649,9115,9115,15649,16.6900634765625,28.6541748046875,478.23999635875225,True,False,False,False
11,0.01,optk,dynamic,45,24576,546.1333333333333,21558,9574,9574,21558,17.530517578125,39.473876953125,691.9974938035011,True,False,False,False
11,0.01,optk,fixed,45,24576,546.1333333333333,15649,9115,9115,15649,16.6900634765625,28.6541748046875,478.23999635875225,True,False,False,False
11,0.1,k1,dynamic,45,278528,6189.511111111111,21558,973,973,21558,0.15720143037683823,3.4829891429227944,0.5475308752544611,True,True,False,True
11,0.1,k1,fixed,45,278528,6189.511111111111,15649,928,928,15649,0.1499310661764706,2.528309541590074,0.37907214519474336,True,True,False,True
11,0.1,optk,dynamic,45,278528,6189.511111111111,21558,55,55,21558,0.008886000689338236,3.4829891429227944,0.03094984392496954,True,True,False,True
11,0.1,optk,fixed,45,278528,6189.511111111111,15649,26,26,15649,0.00420065487132353,2.528309541590074,0.010620555792094102,True,True,False,True
11,0.5,k1,dynamic,45,1409024,31311.644444444446,21558,190,190,21558,0.006068030069040697,0.6884978538335755,0.004177825679532124,True,True,True,True
11,0.5,k1,fixed,45,1409024,31311.644444444446,15649,187,187,15649,0.005972219067950581,0.49978211868640987,0.0029848082990397177,True,True,True,True
11,0.5,optk,dynamic,45,1409024,31311.644444444446,21558,1,1,21558,3.193700036337209e-05,0.6884978538335755,2.198855620806381e-05,True,True,True,True
11,0.5,optk,fixed,45,1409024,31311.644444444446,15649,1,1,15649,3.193700036337209e-05,0.49978211868640987,1.5961541706094747e-05,True,True,True,True
12,0.01,k1,dynamic,46,147456,3276.8,19177,1959,1959,19177,0.59783935546875,5.85235595703125,3.498768713325261,True,True,False,False
12,0.01,k1,fixed,46,147456,3276.8,549852,131831,131831,549852,40.23162841796875,167.801513671875,6750.928146019577,True,False,False,False
12,0.01,optk,dynamic,46,147456,3276.8,19177,1959,1959,19177,0.59783935546875,5.85235595703125,3.498768713325261,True,True,False,False
12,0.01,optk,fixed,46,147456,3276.8,549852,131831,131831,549852,40.23162841796875,167.801513671875,6750.928146019577,True,False,False,False
12,0.1,k1,dynamic,46,1441792,32039.82222222222,19177,282,282,19177,0.00880154696377841,0.5985364046963778,0.00526804627546625,True,True,True,True
12,0.1,k1,fixed,46,1441792,32039.82222222222,549852,24507,24507,549852,0.764891884543679,17.16151844371449,13.126706184043881,True,True,False,False
12,0.1,optk,dynamic,46,1441792,32039.82222222222,19177,33,33,19177,0.00102996826171875,0.5985364046963778,0.0006164735003205186,True,True,True,True
12,0.1,optk,fixed,46,1441792,32039.82222222222,549852,12397,12397,549852,0.38692474365234375,17.16151844371449,6.640216124519198,True,True,False,False
12,0.5,k1,dynamic,46,7217152,160381.15555555557,19177,38,38,19177,0.00023693556682746877,0.11957140434343075,2.8330718464467226e-05,True,True,True,True
12,0.5,k1,fixed,46,7217152,160381.15555555557,549852,5291,5291,549852,0.032990160107477295,3.4284077708215093,0.11310372127312092,True,True,False,True
12,0.5,optk,dynamic,46,7217152,160381.15555555557,19177,1,1,19177,6.235146495459705e-06,0.11957140434343075,7.455452227491376e-07,True,True,True,True
12,0.5,optk,fixed,46,7217152,160381.15555555557,549852,1,1,549852,6.235146495459705e-06,3.4284077708215093,2.1376624697244553e-05,True,True,False,True
13,0.01,k1,dynamic,59,8118272,180406.04444444444,2696832,641968,641968,2696832,3.558461702194753,14.948678733602422,53.19430077193738,True,False,False,False
13,0.01,k1,fixed,59,8118272,180406.04444444444,49324435,10717272,10717272,49324435,59.40639091668769,273.4078847074845,16242.175678637506,True,False,False,False
13,0.01,optk,dynamic,59,8118272,180406.04444444444,2696832,641968,641968,2696832,3.558461702194753,14.948678733602422,53.19430077193738,True,False,False,False
13,0.01,optk,fixed,59,8118272,180406.04444444444,49324435,10717272,10717272,49324435,59.40639091668769,273.4078847074845,16242.175678637506,True,False,False,False
13,0.1,k1,dynamic,59,81182720,1804060.4444444445,2696832,72474,72474,2696832,0.04017271163124369,1.494867873360242,0.060052896003311526,True,True,False,True
13,0.1,k1,fixed,59,81182720,1804060.4444444445,49324435,1767879,1767879,49324435,0.9799444389150794,27.340788470748453,26.79245361746347,True,True,False,False
13,0.1,optk,dynamic,59,81182720,1804060.4444444445,2696832,4401,4401,2696832,0.0024394969766965186,1.494867873360242,0.0036467256576230653,True,True,False,True
13,0.1,optk,fixed,59,81182720,1804060.4444444445,49324435,754186,754186,49324435,0.41804918583659184,27.340788470748453,11.429794360326868,True,True,False,False
13,0.5,k1,dynamic,59,405929984,9020666.311111111,2696832,13605,13605,2696832,0.0015082034442668812,0.2989615076081692,0.0004508947754778602,True,True,True,True
13,0.5,k1,fixed,59,405929984,9020666.311111111,49324435,376473,376473,49324435,0.04173450020385781,5.467936990335752,0.22820161743784914,True,True,False,True
13,0.5,optk,dynamic,59,405929984,9020666.311111111,2696832,1,1,2696832,1.108565559916855e-07,0.2989615076081692,3.314184310752372e-08,True,True,True,True
13,0.5,optk,fixed,59,405929984,9020666.311111111,49324435,1,1,49324435,1.108565559916855e-07,5.467936990335752,6.061566631281636e-07,True,True,False,True
14,0.01,k1,dynamic,62,8060928,179131.73333333334,47555225,127405962,47555225,127405962,265.47627332733896,711.2417193156916,188817.80107885908,True,False,False,False
14,0.01,k1,fixed,62,8060928,179131.73333333334,47555225,127395371,47555225,127395371,265.47627332733896,711.1825952297304,188802.1050368542,True,False,False,False
14,0.01,optk,dynamic,62,8060928,179131.73333333334,47555225,127405962,47555225,127405962,265.47627332733896,711.2417193156916,188817.80107885908,True,False,False,False
14,0.01,optk,fixed,62,8060928,179131.73333333334,47555225,127395371,47555225,127395371,265.47627332733896,711.1825952297304,188802.1050368542,True,False,False,False
14,0.1,k1,dynamic,62,80584704,1790771.2,47555225,22088621,22088621,47555225,12.334697475590405,26.55572358992595,327.55681672713615,True,False,False,False
14,0.1,k1,fixed,62,80584704,1790771.2,47555225,22107998,22107998,47555225,12.34551795338232,26.55572358992595,327.8441623444892,True,False,False,False
14,0.1,optk,dynamic,62,80584704,1790771.2,47555225,10049637,10049637,47555225,5.611904524709801,26.55572358992595,149.02818537124824,True,False,False,False
14,0.1,optk,fixed,62,80584704,1790771.2,47555225,10104065,10104065,47555225,5.64229813389896,26.55572358992595,149.83530965577575,True,False,False,False
14,0.5,k1,dynamic,62,402923520,8953856.0,47555225,4681072,4681072,47555225,0.5227995625571821,5.31114471798519,2.7766641352405452,True,True,False,False
14,0.5,k1,fixed,62,402923520,8953856.0,47555225,4671472,4671472,47555225,0.5217273987877402,5.31114471798519,2.770969718299659,True,True,False,False
14,0.5,optk,dynamic,62,402923520,8953856.0,47555225,160,160,47555225,1.786939615736505e-05,5.31114471798519,9.490694901477424e-05,True,True,False,True
14,0.5,optk,fixed,62,402923520,8953856.0,47555225,289,289,47555225,3.2276596809240625e-05,5.31114471798519,0.00017142567665793596,True,True,False,True
15,0.01,k1,dynamic,42,548864,12196.977777777778,394860,233039,233039,394860,19.10629044717817,32.373593458488806,618.5392794367544,True,False,False,False
15,0.01,k1,fixed,42,548864,12196.977777777778,631681,221665,221665,631681,18.173764356926306,51.7899607188666,941.2185421591514,True,False,False,False
15,0.01,optk,dynamic,42,548864,12196.977777777778,394860,233039,233039,394860,19.10629044717817,32.373593458488806,618.5392794367544,True,False,False,False
15,0.01,optk,fixed,42,548864,12196.977777777778,631681,221665,221665,631681,18.173764356926306,51.7899607188666,941.2185421591514,True,False,False,False
15,0.1,k1,dynamic,42,5464064,121423.64444444445,394860,27858,27858,394860,0.2294281326133808,3.2519201824868813,0.7460819748757297,True,True,False,True
15,0.1,k1,fixed,42,5464064,121423.64444444445,631681,27057,27057,631681,0.22283139436141303,5.202289907292447,1.1592335139142822,True,True,False,False
15,0.1,optk,dynamic,42,5464064,121423.64444444445,394860,17,17,394860,0.0001400056807533733,3.2519201824868813,0.00045528729890470976,True,True,False,True
15,0.1,optk,fixed,42,5464064,121423.64444444445,631681,188,188,631681,0.0015482981165667166,5.202289907292447,0.008054695665294934,True,True,False,True
15,0.5,k1,dynamic,42,27320320,607118.2222222222,394860,5780,5780,394860,0.009520386291229385,0.6503840364973763,0.006191907265104053,True,True,True,True
15,0.5,k1,fixed,42,27320320,607118.2222222222,631681,5540,5540,631681,0.009125076133808096,1.0404579814584896,0.00949425829483701,True,True,False,True
15,0.5,optk,dynamic,42,27320320,607118.2222222222,394860,1,1,394860,1.6471256559220388e-06,0.6503840364973763,1.0712642327169643e-06,True,True,True,True
15,0.5,optk,fixed,42,27320320,607118.2222222222,631681,1,1,631681,1.6471256559220388e-06,1.0404579814584896,1.7137650351691352e-06,True,True,False,True
16,0.01,k1,dynamic,66,7782400,172942.22222222222,2086947,406095,406095,2086947,2.348154168379934,12.067307642886513,28.335898742767007,True,False,False,False
16,0.01,k1,fixed,66,7782400,172942.22222222222,87645209,61993291,61993291,87645209,358.46244024979444,506.7889603464227,181664.807417435,True,False,False,False
16,0.01,optk,dynamic,66,7782400,172942.22222222222,2086947,406095,406095,2086947,2.348154168379934,12.067307642886513,28.335898742767007,True,False,False,False
16,0.01,optk,fixed,66,7782400,172942.22222222222,87645209,61993291,61993291,87645209,358.46244024979444,506.7889603464227,181664.807417435,True,False,False,False
16,0.1,k1,dynamic,66,77799424,1728876.088888889,2086947,41675,41675,2086947,0.024105255586468095,1.2071119575384002,0.029097742257944963,True,True,False,True
16,0.1,k1,fixed,66,77799424,1728876.088888889,87645209,14790719,14790719,87645209,8.555106461970722,50.69490495199553,433.70030894380847,True,False,False,False
16,0.1,optk,dynamic,66,77799424,1728876.088888889,2086947,41675,41675,2086947,0.024105255586468095,1.2071119575384002,0.029097742257944963,True,True,False,True
16,0.1,optk,fixed,66,77799424,1728876.088888889,87645209,14790719,14790719,87645209,8.555106461970722,50.69490495199553,433.70030894380847,True,False,False,False
16,0.5,k1,dynamic,66,388980736,8644016.355555555,2086947,9225,9225,2086947,0.001067212233358518,0.24143256030036409,0.0002576597818836166,True,True,True,True
16,0.5,k1,fixed,66,388980736,8644016.355555555,87645209,3243668,3243668,87645209,0.3752500997890035,10.139408047703423,3.8048138817021337,True,True,False,False
16,0.5,optk,dynamic,66,388980736,8644016.355555555,2086947,5,5,2086947,5.784348148284649e-07,0.24143256030036409,1.3965299831090332e-07,True,True,True,True
16,0.5,optk,fixed,66,388980736,8644016.355555555,87645209,70524,70524,87645209,0.008158707376192533,10.139408047703423,0.08272446322902384,True,True,False,True
17,0.01,k1,dynamic,55,434176,9648.355555555556,232600,40515,40515,232600,4.199161169663915,24.1077351120283,101.23226517097258,True,False,False,False
17,0.01,k1,fixed,55,434176,9648.355555555556,1338975,320657,320657,1338975,33.234368090359666,138.7775349167158,4612.183678094874,True,False,False,False
17,0.01,optk,dynamic,55,434176,9648.355555555556,232600,40515,40515,232600,4.199161169663915,24.1077351120283,101.23226517097258,True,False,False,False
17,0.01,optk,fixed,55,434176,9648.355555555556,1338975,320657,320657,1338975,33.234368090359666,138.7775349167158,4612.183678094874,True,False,False,False
17,0.1,k1,dynamic,55,4349952,96665.6,232600,5125,5125,232600,0.05301782640360169,2.40623344809322,0.12757326723754628,True,True,False,True
17,0.1,k1,fixed,55,4349952,96665.6,1338975,51113,51113,1338975,0.5287610070180084,13.85161836268538,7.3241956742826595,True,True,False,False
17,0.1,optk,dynamic,55,4349952,96665.6,232600,546,546,232600,0.005648338188559322,2.40623344809322,0.013591220275453711,True,True,False,True
17,0.1,optk,fixed,55,4349952,96665.6,1338975,20041,20041,1338975,0.2073229773569915,13.85161836268538,2.871758760164709,True,True,False,False
17,0.5,k1,dynamic,55,21741568,483145.9555555555,232600,937,937,232600,0.0019393725420356067,0.4814280184391485,0.0009336682799274963,True,True,True,True
17,0.5,k1,fixed,55,21741568,483145.9555555555,1338975,10830,10830,1338975,0.022415586585107387,2.771367502104724,0.06212182820258123,True,True,False,True
17,0.5,optk,dynamic,55,21741568,483145.9555555555,232600,1,1,232600,2.069767921062547e-06,0.4814280184391485,9.964442688660581e-07,True,True,True,True
17,0.5,optk,fixed,55,21741568,483145.9555555555,1338975,1,1,1338975,2.069767921062547e-06,2.771367502104724,5.7360875533316e-06,True,True,False,True
18,0.01,k1,dynamic,46,24576,546.1333333333333,80,2,2,80,0.003662109375,0.146484375,0.0005364418029785156,True,True,True,True
18,0.01,k1,fixed,46,24576,546.1333333333333,136032,9989,9989,136032,18.2904052734375,249.08203125,4555.811297893524,True,False,False,False
18,0.01,optk,dynamic,46,24576,546.1333333333333,80,2,2,80,0.003662109375,0.146484375,0.0005364418029785156,True,True,True,True
18,0.01,optk,fixed,46,24576,546.1333333333333,136032,9989,9989,136032,18.2904052734375,249.08203125,4555.811297893524,True,False,False,False
18,0.1,k1,dynamic,46,286720,6371.555555555556,80,2,2,80,0.00031389508928571425,0.012555803571428572,3.941205083107462e-06,True,True,True,True
18,0.1,k1,fixed,46,286720,6371.555555555556,136032,2108,2108,136032,0.33084542410714285,21.349888392857142,7.063512879974988,True,True,False,False
18,0.1,optk,dynamic,46,286720,6371.555555555556,80,2,2,80,0.00031389508928571425,0.012555803571428572,3.941205083107462e-06,True,True,True,True
18,0.1,optk,fixed,46,286720,6371.555555555556,136032,2108,2108,136032,0.33084542410714285,21.349888392857142,7.063512879974988,True,True,False,False
18,0.5,k1,dynamic,46,1417216,31493.68888888889,80,2,2,80,6.350478684971098e-05,0.0025401914739884394,1.6131431811308898e-07,True,True,True,True
18,0.5,k1,fixed,46,1417216,31493.68888888889,136032,461,461,136032,0.01463785336885838,4.319341582369942,0.06322588873274394,True,True,False,True
18,0.5,optk,dynamic,46,1417216,31493.68888888889,80,2,2,80,6.350478684971098e-05,0.0025401914739884394,1.6131431811308898e-07,True,True,True,True
18,0.5,optk,fixed,46,1417216,31493.68888888889,136032,75,75,136032,0.0023814295068641618,4.319341582369942,0.01028620749448112,True,True,False,True
19,0.01,k1,dynamic,52,1712128,38047.28888888889,2156267,1619956,1619956,2156267,42.57743579919258,56.673341595955435,2413.0055633275033,True,False,False,False
19,0.01,k1,fixed,52,1712128,38047.28888888889,2156267,1617855,1617855,2156267,42.52221504466955,56.673341595955435,2409.8760186432332,True,False,False,False
19,0.01,optk,dynamic,52,1712128,38047.28888888889,2156267,1619956,1619956,2156267,42.57743579919258,56.673341595955435,2413.0055633275033,True,False,False,False
19,0.01,optk,fixed,52,1712128,38047.28888888889,2156267,1617855,1617855,2156267,42.52221504466955,56.673341595955435,2409.8760186432332,True,False,False,False
19,0.1,k1,dynamic,52,17113088,380290.84444444446,2156267,198113,198113,2156267,0.5209512742527824,5.670047100792095,2.9538182622309366,True,True,False,False
19,0.1,k1,fixed,52,17113088,380290.84444444446,2156267,201450,201450,2156267,0.5297261370946027,5.670047100792095,3.003572147847048,True,True,False,False
19,0.1,optk,dynamic,52,17113088,380290.84444444446,2156267,1004,1004,2156267,0.002640084594901867,5.670047100792095,0.014969404003169205,True,True,False,True
19,0.1,optk,fixed,52,17113088,380290.84444444446,2156267,1230,1230,2156267,0.003234366585387745,5.670047100792095,0.018339010880376615,True,True,False,True
19,0.5,k1,dynamic,52,85581824,1901818.3111111112,2156267,40416,40416,2156267,0.021251241385086626,1.1337923225380193,0.02409449432681344,True,True,False,True
19,0.5,k1,fixed,52,85581824,1901818.3111111112,2156267,39421,39421,2156267,0.020728057864249305,1.1337923225380193,0.02350131286760967,True,True,False,True
19,0.5,optk,dynamic,52,85581824,1901818.3111111112,2156267,3,3,2156267,1.5774377512683065e-06,1.1337923225380193,1.7884868116696435e-06,True,True,False,True
19,0.5,optk,fixed,52,85581824,1901818.3111111112,2156267,3,3,2156267,1.5774377512683065e-06,1.1337923225380193,1.7884868116696435e-06,True,True,False,True
20,0.01,k1,dynamic,54,4153344,92296.53333333334,704312,438495,438495,704312,4.750936835475222,7.630969166050296,36.25425250136398,True,False,False,False
20,0.01,k1,fixed,54,4153344,92296.53333333334,9417667,3364167,3364167,9417667,36.44954884546043,102.03706098026072,3719.204838247237,True,False,False,False
20,0.01,optk,dynamic,54,4153344,92296.53333333334,704312,438495,438495,704312,4.750936835475222,7.630969166050296,36.25425250136398,True,False,False,False
20,0.01,optk,fixed,54,4153344,92296.53333333334,9417667,3364167,3364167,9417667,36.44954884546043,102.03706098026072,3719.204838247237,True,False,False,False
20,0.1,k1,dynamic,54,41508864,922419.2,704312,47341,47341,704312,0.0513226524339476,0.7635487205817052,0.03918734560280023,True,True,True,True
20,0.1,k1,fixed,54,41508864,922419.2,9417667,415689,415689,9417667,0.4506508537549956,10.209747368658416,4.6010313683087345,True,True,False,False
20,0.1,optk,dynamic,54,41508864,922419.2,704312,1,1,704312,1.0841057948490232e-06,0.7635487205817052,8.277675926321842e-07,True,True,True,True
20,0.1,optk,fixed,54,41508864,922419.2,9417667,5586,5586,9417667,0.006055814970026644,10.209747368658416,0.06182834095531176,True,True,False,True
20,0.5,k1,dynamic,54,207552512,4612278.044444445,704312,8434,8434,704312,0.0018285974780204058,0.15270371673458713,0.00027923363130520846,True,True,True,True
20,0.5,k1,fixed,54,207552512,4612278.044444445,9417667,86979,86979,9417667,0.018858143234614284,2.0418688789466444,0.03850585578547712,True,True,False,True
20,0.5,optk,dynamic,54,207552512,4612278.044444445,704312,1,1,704312,2.168126011406694e-07,0.15270371673458713,3.310809002907381e-08,True,True,True,True
20,0.5,optk,fixed,54,207552512,4612278.044444445,9417667,1,1,9417667,2.168126011406694e-07,2.0418688789466444,4.427029028326046e-07,True,True,False,True
21,0.01,k1,dynamic,59,8159232,181316.26666666666,20505,828,828,20505,0.004566606268825301,0.1130896878529744,0.0005164360774888894,True,True,True,True
21,0.01,k1,fixed,59,8159232,181316.26666666666,23948668,5101487,5101487,23948668,28.13584844750094,132.08229156861822,3716.247338173274,True,False,False,False
21,0.01,optk,dynamic,59,8159232,181316.26666666666,20505,828,828,20505,0.004566606268825301,0.1130896878529744,0.0005164360774888894,True,True,True,True
21,0.01,optk,fixed,59,8159232,181316.26666666666,23948668,5101487,5101487,23948668,28.13584844750094,132.08229156861822,3716.247338173274,True,False,False,False
21,0.1,k1,dynamic,59,81575936,1812798.5777777778,20505,71,71,20505,3.916596188366138e-05,0.011311240118654598,4.4301559934416746e-07,True,True,True,True
21,0.1,k1,fixed,59,81575936,1812798.5777777778,23948668,663294,663294,23948668,0.3658950355163562,13.210881944400859,4.833796118248941,True,True,False,False
21,0.1,optk,dynamic,59,81575936,1812798.5777777778,20505,2,2,20505,1.1032665319341233e-06,0.011311240118654598,1.247931265758218e-08,True,True,True,True
21,0.1,optk,fixed,59,81575936,1812798.5777777778,23948668,28613,28613,23948668,0.015783882639115534,13.210881944400859,0.2085190101696336,True,True,False,True
21,0.5,k1,dynamic,59,407887872,9064174.933333334,20505,3,3,20505,3.3097331219497497e-07,0.002262202588852654,7.487286836886101e-10,True,True,True,True
21,0.5,k1,fixed,59,407887872,9064174.933333334,23948668,136521,136521,23948668,0.015061602518056726,2.642123323539269,0.03979461130283546,True,True,False,True
21,0.5,optk,dynamic,59,407887872,9064174.933333334,20505,2,2,20505,2.2064887479665e-07,0.002262202588852654,4.991524557924067e-10,True,True,True,True
21,0.5,optk,fixed,59,407887872,9064174.933333334,23948668,2,2,23948668,2.2064887479665e-07,2.642123323539269,5.82981538412925e-07,True,True,False,True
22,0.01,k1,dynamic,49,737280,16384.0,771531,407138,407138,771531,24.8497314453125,47.09051513671875,1170.1866547688842,True,False,False,False
22,0.01,k1,fixed,49,737280,16384.0,1703023,568357,568357,1703023,34.68975830078125,103.94427490234375,3605.8017731122673,True,False,False,False
22,0.01,optk,dynamic,49,737280,16384.0,771531,407138,407138,771531,24.8497314453125,47.09051513671875,1170.1866547688842,True,False,False,False
22,0.01,optk,fixed,49,737280,16384.0,1703023,568357,568357,1703023,34.68975830078125,103.94427490234375,3605.8017731122673,True,False,False,False
22,0.1,k1,dynamic,49,7389184,164204.0888888889,771531,51099,51099,771531,0.3111920071282567,4.698610157765729,1.4621699257083318,True,True,False,False
22,0.1,k1,fixed,49,7389184,164204.0888888889,1703023,80125,80125,1703023,0.48795983426586753,10.371379979169554,5.060816855743912,True,True,False,False
22,0.1,optk,dynamic,49,7389184,164204.0888888889,771531,3414,3414,771531,0.020791199677799334,4.698610157765729,0.0976897419982435,True,True,False,True
22,0.1,optk,fixed,49,7389184,164204.0888888889,1703023,10684,10684,1703023,0.06506537122366962,10.371379979169554,0.6748176884464019,True,True,False,True
22,0.5,k1,dynamic,49,36962304,821384.5333333333,771531,11011,11011,771531,0.013405414337807514,0.9393054880994431,0.01259177925774956,True,True,True,True
22,0.5,k1,fixed,49,36962304,821384.5333333333,1703023,16006,16006,1703023,0.019486609925615028,2.073356547254197,0.040402690273062536,True,True,False,True
22,0.5,optk,dynamic,49,36962304,821384.5333333333,771531,3,3,771531,3.652369722406915e-06,0.9393054880994431,3.4306909248250547e-06,True,True,True,True
22,0.5,optk,fixed,49,36962304,821384.5333333333,1703023,3,3,1703023,3.652369722406915e-06,2.073356547254197,7.5726646769453715e-06,True,True,False,True
23,0.01,k1,dynamic,54,3801088,84468.62222222223,5181446,3503699,3503699,5181446,41.479296190985316,61.341665859880116,2544.409127050419,True,False,False,False
23,0.01,k1,fixed,54,3801088,84468.62222222223,6572958,3474251,3474251,6572958,41.130669692466995,77.81538075414197,3200.5987227921664,True,False,False,False
23,0.01,optk,dynamic,54,3801088,84468.62222222223,5181446,3503699,3503699,5181446,41.479296190985316,61.341665859880116,2544.409127050419,True,False,False,False
23,0.01,optk,fixed,54,3801088,84468.62222222223,6572958,3474251,3474251,6572958,41.130669692466995,77.81538075414197,3200.5987227921664,True,False,False,False
23,0.1,k1,dynamic,54,38035456,845232.3555555556,5181446,425439,425439,5181446,0.5033396996739042,6.13020309260917,3.0855745835739388,True,True,False,False
23,0.1,k1,fixed,54,38035456,845232.3555555556,6572958,431315,431315,6572958,0.5102916342057263,7.776510159362885,3.96828807763872,True,True,False,False
23,0.1,optk,dynamic,54,38035456,845232.3555555556,5181446,2939,2939,5181446,0.0034771503725366144,6.13020309260917,0.02131563796719108,True,True,False,True
23,0.1,optk,fixed,54,38035456,845232.3555555556,6572958,4208,4208,6572958,0.004978512680379066,7.776510159362885,0.03871545443748475,True,True,False,True
23,0.5,k1,dynamic,54,190185472,4226343.822222223,5181446,85187,85187,5181446,0.02015619258236507,1.2259878083642477,0.02471124636902146,True,True,False,True
23,0.5,k1,fixed,54,190185472,4226343.822222223,6572958,87379,87379,6572958,0.020674844185785125,1.5552350391937402,0.032154242107604,True,True,False,True
23,0.5,optk,dynamic,54,190185472,4226343.822222223,5181446,18,18,5181446,4.2590003930478974e-06,1.2259878083642477,5.221482557695262e-06,True,True,False,True
23,0.5,optk,fixed,54,190185472,4226343.822222223,6572958,18,18,6572958,4.2590003930478974e-06,1.5552350391937402,6.623746643208002e-06,True,True,False,True
24,0.01,k1,dynamic,52,2809856,62441.24444444444,454421,135632,135632,454421,2.172154017857143,7.277577569811407,15.80801935853287,True,False,False,False
24,0.01,k1,fixed,52,2809856,62441.24444444444,11000318,2752129,2752129,11000318,44.0754988867757,176.17070412149235,7764.811673389328,True,False,False,False
24,0.01,optk,dynamic,52,2809856,62441.24444444444,454421,135632,135632,454421,2.172154017857143,7.277577569811407,15.80801935853287,True,False,False,False
24,0.01,optk,fixed,52,2809856,62441.24444444444,11000318,2752129,2752129,11000318,44.0754988867757,176.17070412149235,7764.811673389328,True,False,False,False
24,0.1,k1,dynamic,52,28073984,623866.3111111111,454421,14233,14233,454421,0.022814182696691714,0.728394837013514,0.016617732886953295,True,True,True,True
24,0.1,k1,fixed,52,28073984,623866.3111111111,11000318,392543,392543,11000318,0.6292101256451526,17.632492417178838,11.094542769250296,True,True,False,False
24,0.1,optk,dynamic,52,28073984,623866.3111111111,454421,359,359,454421,0.0005754437987853809,0.728394837013514,0.00041915029202671485,True,True,True,True
24,0.1,optk,fixed,52,28073984,623866.3111111111,11000318,56153,56153,11000318,0.0900080658306281,17.632492417178838,1.5870665382434839,True,True,False,False
24,0.5,k1,dynamic,52,140386304,3119695.644444444,454421,3012,3012,454421,0.0009654787977037988,0.1456619657142623,0.0001406335395289779,True,True,True,True
24,0.5,k1,fixed,52,140386304,3119695.644444444,11000318,81405,81405,11000318,0.02609389160925556,3.526086917994508,0.09200932984296267,True,True,False,True
24,0.5,optk,dynamic,52,140386304,3119695.644444444,454421,44,44,454421,1.4103939939896133e-05,0.1456619657142623,2.0544076159611647e-06,True,True,True,True
24,0.5,optk,fixed,52,140386304,3119695.644444444,11000318,39,39,11000318,1.2501219492180663e-05,3.526086917994508,4.4080386510356176e-05,True,True,False,True
25,0.01,k1,dynamic,58,8093696,179859.9111111111,24040462,13644209,13644209,24040462,75.86020095145653,133.66214767641384,10139.637382336014,True,False,False,False
25,0.01,k1,fixed,58,8093696,179859.9111111111,31858608,12729779,12729779,31858608,70.77607745583724,177.13012201100707,12536.575235212937,True,False,False,False
25,0.01,optk,dynamic,58,8093696,179859.9111111111,24040462,13644209,13644209,24040462,75.86020095145653,133.66214767641384,10139.637382336014,True,False,False,False
25,0.01,optk,fixed,58,8093696,179859.9111111111,31858608,12729779,12729779,31858608,70.77607745583724,177.13012201100707,12536.575235212937,True,False,False,False
25,0.1,k1,dynamic,58,80977920,1799509.3333333333,24040462,1911923,1911923,24040462,1.0624690656415972,13.35945391039928,14.194006513663904,True,False,False,False
25,0.1,k1,fixed,58,80977920,1799509.3333333333,31858608,1860866,1860866,31858608,1.0340963314444234,17.70405266028073,18.307695907695187,True,False,False,False
25,0.1,optk,dynamic,58,80977920,1799509.3333333333,24040462,246483,246483,24040462,0.13697233764463201,13.35945391039928,1.82987563176311,True,True,False,False
25,0.1,optk,fixed,58,80977920,1799509.3333333333,31858608,307361,307361,31858608,0.1708026706539264,17.70405266028073,3.023899475773699,True,True,False,False
25,0.5,k1,dynamic,58,404873216,8997182.577777777,24040462,402161,402161,24040462,0.04469854829814181,2.6719989054548874,0.11943447212805731,True,True,False,True
25,0.5,k1,fixed,58,404873216,8997182.577777777,31858608,390474,390474,31858608,0.0433995861064813,3.540953817997188,0.15367593012324265,True,True,False,True
25,0.5,optk,dynamic,58,404873216,8997182.577777777,24040462,58,58,24040462,6.446462489630335e-06,2.6719989054548874,1.722494071634824e-05,True,True,False,True
25,0.5,optk,fixed,58,404873216,8997182.577777777,31858608,54,54,31858608,6.001878869655829e-06,3.540953817997188,2.1252375898664452e-05,True,True,False,True
26,0.01,k1,dynamic,53,5292032,117600.71111111112,295950,200198,200198,295950,1.702353651678599,2.51656641532024,4.2840860268121315,True,False,False,False
26,0.01,k1,fixed,53,5292032,117600.71111111112,25874809,5754877,5754877,25874809,48.93573300388206,220.02255560812935,10766.965036071211,True,False,False,False
26,0.01,optk,dynamic,53,5292032,117600.71111111112,295950,200198,200198,295950,1.702353651678599,2.51656641532024,4.2840860268121315,True,False,False,False
26,0.01,optk,fixed,53,5292032,117600.71111111112,25874809,5754877,5754877,25874809,48.93573300388206,220.02255560812935,10766.965036071211,True,False,False,False
26,0.1,k1,dynamic,53,52887552,1175278.9333333333,295950,25933,25933,295950,0.022065400190956087,0.2518125626234317,0.005556344967396211,True,True,True,True
26,0.1,k1,fixed,53,52887552,1175278.9333333333,25874809,853439,853439,25874809,0.7261586809690114,22.01588768941319,15.98702796490618,True,True,False,False
26,0.1,optk,dynamic,53,52887552,1175278.9333333333,295950,26,26,295950,2.2122407934479554e-05,0.2518125626234317,5.570700233382235e-06,True,True,True,True
26,0.1,optk,fixed,53,52887552,1175278.9333333333,25874809,140468,140468,25874809,0.11951886145155668,22.01588768941319,2.631313830484008,True,True,False,False
26,0.5,k1,dynamic,53,264445952,5876576.711111112,295950,3030,3030,295950,0.0005156063043082618,0.05036095239604953,2.59664245463714e-05,True,True,True,True
26,0.5,k1,fixed,53,264445952,5876576.711111112,25874809,176625,176625,25874809,0.030055763530840506,4.403041136360446,0.13233676321101284,True,True,False,True
26,0.5,optk,dynamic,53,264445952,5876576.711111112,295950,26,26,295950,4.424344525417428e-06,0.05036095239604953,2.2281420402826943e-07,True,True,True,True
26,0.5,optk,fixed,53,264445952,5876576.711111112,25874809,16,16,25874809,2.7226735541030324e-06,4.403041136360446,1.198804365959635e-05,True,True,False,True
27,0.01,k1,dynamic,52,417792,9284.266666666666,79973,21513,21513,79973,2.3171458524816178,8.613819795496324,19.959476813158364,True,False,False,False
27,0.01,k1,fixed,52,417792,9284.266666666666,1093736,299423,299423,1093736,32.25058162913603,117.80531939338236,3799.29006944272,True,False,False,False
27,0.01,optk,dynamic,52,417792,9284.266666666666,79973,21513,21513,79973,2.3171458524816178,8.613819795496324,19.959476813158364,True,False,False,False
27,0.01,optk,fixed,52,417792,9284.266666666666,1093736,299423,299423,1093736,32.25058162913603,117.80531939338236,3799.29006944272,True,False,False,False
27,0.1,k1,dynamic,52,4186112,93024.71111111112,79973,1981,1981,79973,0.021295416845034245,0.8596963005289873,0.01830759107989862,True,True,True,True
27,0.1,k1,fixed,52,4186112,93024.71111111112,1093736,42304,42304,1093736,0.45476088551859095,11.75747806078767,5.346841134389207,True,True,False,False
27,0.1,optk,dynamic,52,4186112,93024.71111111112,79973,118,118,79973,0.001268480155332681,0.8596963005289873,0.001090507696833941,True,True,True,True
27,0.1,optk,fixed,52,4186112,93024.71111111112,1093736,13247,13247,1093736,0.14240302218383072,11.75747806078767,1.6743004091162497,True,True,False,False
27,0.5,k1,dynamic,52,20914176,464759.4666666667,79973,446,446,79973,0.0009596361816980024,0.1720739559617362,0.0001651283940687907,True,True,True,True
27,0.5,k1,fixed,52,20914176,464759.4666666667,1093736,9149,9149,1093736,0.019685451628598707,2.3533377552144534,0.04632651654602919,True,True,False,True
27,0.5,optk,dynamic,52,20914176,464759.4666666667,79973,22,22,79973,4.7336313895417155e-05,0.1720739559617362,8.145346792630932e-06,True,True,True,True
27,0.5,optk,fixed,52,20914176,464759.4666666667,1093736,15,15,1093736,3.2274759474148064e-05,2.3533377552144534,7.595341001097802e-05,True,True,False,True
28,0.01,k1,dynamic,54,1884160,41870.22222222222,995307,572219,572219,995307,13.666490637737773,23.771237580672555,324.8693958437018,True,False,False,False
28,0.01,k1,fixed,54,1884160,41870.22222222222,6898714,1915448,1915448,6898714,45.74726137907609,164.76420792289403,7537.511285765073,True,False,False,False
28,0.01,optk,dynamic,54,1884160,41870.22222222222,995307,572219,572219,995307,13.666490637737773,23.771237580672555,324.8693958437018,True,False,False,False
28,0.01,optk,fixed,54,1884160,41870.22222222222,6898714,1915448,1915448,6898714,45.74726137907609,164.76420792289403,7537.511285765073,True,False,False,False
28,0.1,k1,dynamic,54,18857984,419066.31111111114,995307,68135,68135,995307,0.1625876339697817,2.3750584898152423,0.38615514039890303,True,True,False,True
28,0.1,k1,fixed,54,18857984,419066.31111111114,6898714,273833,273833,6898714,0.6534359664320427,16.462105917578462,10.756932089759532,True,True,False,False
28,0.1,optk,dynamic,54,18857984,419066.31111111114,995307,894,894,995307,0.0021333139321785405,2.3750584898152423,0.005066745366061779,True,True,False,True
28,0.1,optk,fixed,54,18857984,419066.31111111114,6898714,40374,40374,6898714,0.09634274798408991,16.462105917578462,1.586004521704657,True,True,False,False
28,0.5,k1,dynamic,54,94306304,2095695.6444444444,995307,11960,11960,995307,0.005706935561805073,0.4749291733456122,0.00271039018870476,True,True,True,True
28,0.5,k1,fixed,54,94306304,2095695.6444444444,6898714,56696,56696,6898714,0.027053546706697358,3.2918491853948595,0.08905619568848348,True,True,False,True
28,0.5,optk,dynamic,54,94306304,2095695.6444444444,995307,12,12,995307,5.726022302814454e-06,0.4749291733456122,2.7194550388342073e-06,True,True,True,True
28,0.5,optk,fixed,54,94306304,2095695.6444444444,6898714,12,12,6898714,5.726022302814454e-06,3.2918491853948595,1.8849201853072558e-05,True,True,False,True
29,0.01,k1,dynamic,47,90112,2002.4888888888888,2748,239,239,2748,0.11935147372159091,1.3722922585227273,0.16378510343141794,True,True,False,True
29,0.01,k1,fixed,47,90112,2002.4888888888888,219141,57097,57097,219141,28.513017134232957,109.43431507457387,3120.3025007943725,True,False,False,False
29,0.01,optk,dynamic,47,90112,2002.4888888888888,2748,239,239,2748,0.11935147372159091,1.3722922585227273,0.16378510343141794,True,True,False,True
29,0.01,optk,fixed,47,90112,2002.4888888888888,219141,57097,57097,219141,28.513017134232957,109.43431507457387,3120.3025007943725,True,False,False,False
29,0.1,k1,dynamic,47,909312,20206.933333333334,2748,12,12,2748,0.0005938555743243243,0.13599292652027026,8.076015748274072e-05,True,True,True,True
29,0.1,k1,fixed,47,909312,20206.933333333334,219141,8190,8190,219141,0.4053064294763513,10.84484203441723,4.395484203204697,True,True,False,False
29,0.1,optk,dynamic,47,909312,20206.933333333334,2748,3,3,2748,0.00014846389358108108,0.13599292652027026,2.019003937068518e-05,True,True,True,True
29,0.1,optk,fixed,47,909312,20206.933333333334,219141,2941,2941,219141,0.14554410367398649,10.84484203441723,1.5784028133852277,True,True,False,False
29,0.5,k1,dynamic,47,4562944,101398.75555555556,2748,19,19,2748,0.0001873790254712747,0.02710092431552962,5.078144787614713e-06,True,True,True,True
29,0.5,k1,fixed,47,4562944,101398.75555555556,219141,1848,1848,219141,0.018225075740574505,2.1611803695158214,0.03938767592346864,True,True,False,True
29,0.5,optk,dynamic,47,4562944,101398.75555555556,2748,3,3,2748,2.9586161916517054e-05,0.02710092431552962,8.018123348865335e-07,True,True,True,True
29,0.5,optk,fixed,47,4562944,101398.75555555556,219141,2,2,219141,1.9724107944344702e-05,2.1611803695158214,4.2627354895528835e-05,True,True,False,True
30,0.01,k1,dynamic,50,40960,910.2222222222222,822,3,3,822,0.0032958984375,0.903076171875,0.002976447343826294,True,True,True,True
30,0.01,k1,fixed,50,40960,910.2222222222222,163550,22806,22806,163550,25.055419921875,179.681396484375,4501.99284106493,True,False,False,False
30,0.01,optk,dynamic,50,40960,910.2222222222222,822,3,3,822,0.0032958984375,0.903076171875,0.002976447343826294,True,True,True,True
30,0.01,optk,fixed,50,40960,910.2222222222222,163550,22806,22806,163550,25.055419921875,179.681396484375,4501.99284106493,True,False,False,False
30,0.1,k1,dynamic,50,401408,8920.177777777777,822,3,3,822,0.00033631616709183676,0.09215062978316327,3.0991746603772324e-05,True,True,True,True
30,0.1,k1,fixed,50,401408,8920.177777777777,163550,4669,4669,163550,0.5234200613839286,18.334836375956634,9.596821181367508,True,True,False,False
30,0.1,optk,dynamic,50,401408,8920.177777777777,822,3,3,822,0.00033631616709183676,0.09215062978316327,3.0991746603772324e-05,True,True,True,True
30,0.1,optk,fixed,50,401408,8920.177777777777,163550,4669,4669,163550,0.5234200613839286,18.334836375956634,9.596821181367508,True,True,False,False
30,0.5,k1,dynamic,50,1998848,44418.84444444445,822,3,3,822,6.753890240778689e-05,0.018505659259733607,1.2498519147349056e-06,True,True,True,True
30,0.5,k1,fixed,50,1998848,44418.84444444445,163550,936,936,163550,0.021072137551229508,3.6819958295978483,0.07758752258433926,True,True,False,True
30,0.5,optk,dynamic,50,1998848,44418.84444444445,822,3,3,822,6.753890240778689e-05,0.018505659259733607,1.2498519147349056e-06,True,True,True,True
30,0.5,optk,fixed,50,1998848,44418.84444444445,163550,8,8,163550,0.00018010373975409834,3.6819958295978483,0.0006631412186695663,True,True,False,True
31,0.01,k1,dynamic,59,8159232,181316.26666666666,29980874,26421350,26421350,29980874,145.71968905897026,165.35126467785204,24094.93487436409,True,False,False,False
31,0.01,k1,fixed,59,8159232,181316.26666666666,29980874,26401169,26401169,29980874,145.60838630400508,165.35126467785204,24076.53082306847,True,False,False,False
31,0.01,optk,dynamic,59,8159232,181316.26666666666,29980874,26421350,26421350,29980874,145.71968905897026,165.35126467785204,24094.93487436409,True,False,False,False
31,0.01,optk,fixed,59,8159232,181316.26666666666,29980874,26401169,26401169,29980874,145.60838630400508,165.35126467785204,24076.53082306847,True,False,False,False
31,0.1,k1,dynamic,59,81559552,1812434.4888888889,29980874,3821567,3821567,29980874,2.1085269693487283,16.54176974880882,34.87876763612034,True,False,False,False
31,0.1,k1,fixed,59,81559552,1812434.4888888889,29980874,3835568,3835568,29980874,2.116251938215649,16.54176974880882,35.00655229243365,True,False,False,False
31,0.1,optk,dynamic,59,81559552,1812434.4888888889,29980874,586431,586431,29980874,0.3235598326974626,16.54176974880882,5.35225225244453,True,True,False,False
31,0.1,optk,fixed,59,81559552,1812434.4888888889,29980874,589435,589435,29980874,0.3252172719143921,16.54176974880882,5.379669230343624,True,True,False,False
31,0.5,k1,dynamic,59,407805952,9062354.48888889,29980874,793920,793920,29980874,0.08760637216006106,3.3082874915960025,0.2898270652012343,True,True,False,True
31,0.5,k1,fixed,59,407805952,9062354.48888889,29980874,794987,794987,29980874,0.08772411198157304,3.3082874915960025,0.2902165823800051,True,True,False,True
31,0.5,optk,dynamic,59,407805952,9062354.48888889,29980874,20,20,29980874,2.206931987103513e-06,3.3082874915960025,7.3011654877376636e-06,True,True,False,True
31,0.5,optk,fixed,59,407805952,9062354.48888889,29980874,20,20,29980874,2.206931987103513e-06,3.3082874915960025,7.3011654877376636e-06,True,True,False,True
32,0.01,k1,dynamic,60,8110080,180224.0,12340725,12629114,12340725,12629114,68.47437078302556,70.07454057173295,4798.310073559011,True,False,False,False
32,0.01,k1,fixed,60,8110080,180224.0,36184111,17489609,17489609,36184111,97.04372891512784,200.77298805930397,19483.759426707293,True,False,False,False
32,0.01,optk,dynamic,60,8110080,180224.0,12340725,12629114,12340725,12629114,68.47437078302556,70.07454057173295,4798.310073559011,True,False,False,False
32,0.01,optk,fixed,60,8110080,180224.0,36184111,17489609,17489609,36184111,97.04372891512784,200.77298805930397,19483.759426707293,True,False,False,False
32,0.1,k1,dynamic,60,81100800,1802240.0,12340725,1610695,1610695,12340725,0.8937183726917614,6.847437078302557,6.11968032272979,True,True,False,False
32,0.1,k1,fixed,60,81100800,1802240.0,36184111,2597510,2597510,36184111,1.4412675337357954,20.077298805930397,28.936758934099934,True,False,False,False
32,0.1,optk,dynamic,60,81100800,1802240.0,12340725,97596,97596,12340725,0.054152610085227273,6.847437078302557,0.3708065901844462,True,True,False,True
32,0.1,optk,fixed,60,81100800,1802240.0,36184111,463400,463400,36184111,0.25712446732954547,20.077298805930397,5.162364760890973,True,True,False,False
32,0.5,k1,dynamic,60,405487616,9010835.91111111,12340725,338634,338634,12340725,0.0375807531443821,1.3695427507211466,0.051468448035529434,True,True,False,True
32,0.5,k1,fixed,60,405487616,9010835.91111111,36184111,547700,547700,36184111,0.060782374177365754,4.01562200853996,0.24407903947794085,True,True,False,True
32,0.5,optk,dynamic,60,405487616,9010835.91111111,12340725,14,14,12340725,1.5536849342397673e-06,1.3695427507211466,2.1278379385927346e-06,True,True,False,True
32,0.5,optk,fixed,60,405487616,9010835.91111111,36184111,12,12,36184111,1.3317299436340863e-06,4.01562200853996,5.347724071088717e-06,True,True,False,True
33,0.01,k1,dynamic,52,1703936,37865.24444444444,2520786,1592883,1592883,2520786,42.06715217003456,66.57255319448619,2800.5177255801705,True,False,False,False
33,0.01,k1,fixed,52,1703936,37865.24444444444,2520786,1590974,1590974,2520786,42.01673654409556,66.57255319448619,2797.161428640513,True,False,False,False
33,0.01,optk,dynamic,52,1703936,37865.24444444444,2520786,1592883,1592883,2520786,42.06715217003456,66.57255319448619,2800.5177255801705,True,False,False,False
33,0.01,optk,fixed,52,1703936,37865.24444444444,2520786,1590974,1590974,2520786,42.01673654409556,66.57255319448619,2797.161428640513,True,False,False,False
33,0.1,k1,dynamic,52,17072128,379380.6222222222,2520786,198883,198883,2520786,0.524230781306232,6.644477478144494,3.4832396197393503,True,True,False,False
33,0.1,k1,fixed,52,17072128,379380.6222222222,2520786,200342,200342,2520786,0.528076523325036,6.644477478144494,3.508792565970047,True,True,False,False
33,0.1,optk,dynamic,52,17072128,379380.6222222222,2520786,2596,2596,2520786,0.0068427322006957775,6.644477478144494,0.045466379996497205,True,True,False,True
33,0.1,optk,fixed,52,17072128,379380.6222222222,2520786,2848,2848,2520786,0.0075069727687140115,6.644477478144494,0.04987991149076426,True,True,False,True
33,0.5,k1,dynamic,52,85368832,1897085.1555555556,2520786,40959,40959,2520786,0.021590491011989014,1.3287679747100205,0.028688753014995544,True,True,False,True
33,0.5,k1,fixed,52,85368832,1897085.1555555556,2520786,41349,41349,2520786,0.021796069553815613,1.3287679747100205,0.028961919197662313,True,True,False,True
33,0.5,optk,dynamic,52,85368832,1897085.1555555556,2520786,13,13,2520786,6.852618060886671e-06,1.3287679747100205,9.10553942222569e-06,True,True,False,True
33,0.5,optk,fixed,52,85368832,1897085.1555555556,2520786,13,13,2520786,6.852618060886671e-06,1.3287679747100205,9.10553942222569e-06,True,True,False,True
34,0.01,k1,dynamic,55,3727360,82830.22222222222,6617801,4340499,4340499,6617801,52.40235850575206,79.8959706065419,4186.737294889038,True,False,False,False
34,0.01,k1,fixed,55,3727360,82830.22222222222,6617801,4344648,4344648,6617801,52.45244891826923,79.8959706065419,4190.739317015179,True,False,False,False
34,0.01,optk,dynamic,55,3727360,82830.22222222222,6617801,4340499,4340499,6617801,52.40235850575206,79.8959706065419,4186.737294889038,True,False,False,False
34,0.01,optk,fixed,55,3727360,82830.22222222222,6617801,4344648,4344648,6617801,52.45244891826923,79.8959706065419,4190.739317015179,True,False,False,False
34,0.1,k1,dynamic,55,37298176,828848.3555555556,6617801,554333,554333,6617801,0.6687990586992779,7.98433266549013,5.339914171021696,True,True,False,False
34,0.1,k1,fixed,55,37298176,828848.3555555556,6617801,550183,550183,6617801,0.6637921114426615,7.98433266549013,5.2999370384863065,True,True,False,False
34,0.1,optk,dynamic,55,37298176,828848.3555555556,6617801,9179,9179,6617801,0.011074402136983857,7.98433266549013,0.0884217107330939,True,True,False,True
34,0.1,optk,fixed,55,37298176,828848.3555555556,6617801,8767,8767,6617801,0.010577326891266748,7.98433266549013,0.08445289661150826,True,True,False,True
34,0.5,k1,dynamic,55,186507264,4144605.8666666667,6617801,109128,109128,6617801,0.026330127281262352,1.5967262540508877,0.042042005502493124,True,True,False,True
34,0.5,k1,fixed,55,186507264,4144605.8666666667,6617801,111424,111424,6617801,0.026884100342601133,1.5967262540508877,0.042926548833569694,True,True,False,True
34,0.5,optk,dynamic,55,186507264,4144605.8666666667,6617801,3,3,6617801,7.2383239721966e-07,1.5967262540508877,1.155762192173222e-06,True,True,False,True
34,0.5,optk,fixed,55,186507264,4144605.8666666667,6617801,3,3,6617801,7.2383239721966e-07,1.5967262540508877,1.155762192173222e-06,True,True,False,True
35,0.01,k1,dynamic,52,1433600,31857.777777777777,45906,7647,7647,45906,0.24003557477678572,1.440966796875,0.3458832933221545,True,True,False,True
35,0.01,k1,fixed,52,1433600,31857.777777777777,3673798,1133130,1133130,3673798,35.568394252232146,115.31871512276786,4101.701524147453,True,False,False,False
35,0.01,optk,dynamic,52,1433600,31857.777777777777,45906,7647,7647,45906,0.24003557477678572,1.440966796875,0.3458832933221545,True,True,False,True
35,0.01,optk,fixed,52,1433600,31857.777777777777,3673798,1133130,1133130,3673798,35.568394252232146,115.31871512276786,4101.701524147453,True,False,False,False
35,0.1,k1,dynamic,52,14344192,318759.8222222222,45906,688,688,45906,0.0021583648629354656,0.14401438575278414,0.00031083558996604317,True,True,True,True
35,0.1,k1,fixed,52,14344192,318759.8222222222,3673798,151774,151774,3673798,0.47613905335344087,11.525285634771203,5.487638591767971,True,True,False,False
35,0.1,optk,dynamic,52,14344192,318759.8222222222,45906,9,9,45906,2.823442407909766e-05,0.14401438575278414,4.066163240834867e-06,True,True,True,True
35,0.1,optk,fixed,52,14344192,318759.8222222222,3673798,8331,8331,3673798,0.0261356652225514,11.525285634771203,0.3012210069446609,True,True,False,True
35,0.5,k1,dynamic,52,71729152,1593981.1555555556,45906,94,94,45906,5.897183895328917e-05,0.02879958764882652,1.6983646447477336e-06,True,True,True,True
35,0.5,k1,fixed,52,71729152,1593981.1555555556,3673798,31576,31576,3673798,0.019809519008394245,2.3047938723714454,0.04565685802517273,True,True,False,True
35,0.5,optk,dynamic,52,71729152,1593981.1555555556,45906,9,9,45906,5.646239899783006e-06,0.02879958764882652,1.6260938088010214e-07,True,True,True,True
35,0.5,optk,fixed,52,71729152,1593981.1555555556,3673798,6,6,3673798,3.7641599331886704e-06,2.3047938723714454,8.675612748639357e-06,True,True,False,True
36,0.01,k1,dynamic,58,4325376,96119.46666666666,7822,701,701,7822,0.007293007590553978,0.0813778963955966,0.0005934896161164012,True,True,True,True
36,0.01,k1,fixed,58,4325376,96119.46666666666,41968650,7000666,7000666,41968650,72.83296758478339,436.63007562810725,31801.064144763455,True,False,False,False
36,0.01,optk,dynamic,58,4325376,96119.46666666666,7822,701,701,7822,0.007293007590553978,0.0813778963955966,0.0005934896161164012,True,True,True,True
36,0.01,optk,fixed,58,4325376,96119.46666666666,41968650,7000666,7000666,41968650,72.83296758478339,436.63007562810725,31801.064144763455,True,False,False,False
36,0.1,k1,dynamic,58,43286528,961922.8444444444,7822,36,36,7822,3.74250390329296e-05,0.008131629314321537,3.0432654448979806e-07,True,True,True,True
36,0.1,k1,fixed,58,43286528,961922.8444444444,41968650,1420065,1420065,41968650,1.4762774459526993,43.62995456692669,64.40991789509484,True,False,False,False
36,0.1,optk,dynamic,58,43286528,961922.8444444444,7822,36,36,7822,3.74250390329296e-05,0.008131629314321537,3.0432654448979806e-07,True,True,True,True
36,0.1,optk,fixed,58,43286528,961922.8444444444,41968650,1420065,1420065,41968650,1.4762774459526993,43.62995456692669,64.40991789509484,True,False,False,False
36,0.5,k1,dynamic,58,216440832,4809796.266666667,7822,36,36,7822,7.484724508913364e-06,0.001626264308575565,1.2172140328366576e-08,True,True,True,True
36,0.5,k1,fixed,58,216440832,4809796.266666667,41968650,308787,308787,41968650,0.06419960074816197,8.72566064613908,0.5601839297460779,True,True,False,True
36,0.5,optk,dynamic,58,216440832,4809796.266666667,7822,36,36,7822,7.484724508913364e-06,0.001626264308575565,1.2172140328366576e-08,True,True,True,True
36,0.5,optk,fixed,58,216440832,4809796.266666667,41968650,272,272,41968650,5.65512518451232e-05,8.72566064613908,0.0004934470327148915,True,True,False,True
37,0.01,k1,dynamic,53,131072,2912.711111111111,3547,35,35,3547,0.01201629638671875,1.2177658081054688,0.014633034879807383,True,True,False,True
37,0.01,k1,fixed,53,131072,2912.711111111111,1009059,160912,160912,1009059,55.2447509765625,346.4329147338867,19138.60010455828,True,False,False,False
37,0.01,optk,dynamic,53,131072,2912.711111111111,3547,35,35,3547,0.01201629638671875,1.2177658081054688,0.014633034879807383,True,True,False,True
37,0.01,optk,fixed,53,131072,2912.711111111111,1009059,160912,160912,1009059,55.2447509765625,346.4329147338867,19138.60010455828,True,False,False,False
37,0.1,k1,dynamic,53,1277952,28398.933333333334,3547,10,10,3547,0.0003521259014423077,0.12489905724158654,4.398019312048804e-05,True,True,True,True
37,0.1,k1,fixed,53,1277952,28398.933333333334,1009059,42181,42181,1009059,1.4853022648737981,35.53158099834735,52.77513773139213,True,False,False,False
37,0.1,optk,dynamic,53,1277952,28398.933333333334,3547,10,10,3547,0.0003521259014423077,0.12489905724158654,4.398019312048804e-05,True,True,True,True
37,0.1,optk,fixed,53,1277952,28398.933333333334,1009059,42181,42181,1009059,1.4853022648737981,35.53158099834735,52.77513773139213,True,False,False,False
37,0.5,k1,dynamic,53,6406144,142358.75555555554,3547,6,6,3547,4.2147038842711e-05,0.024915924462515986,1.0501324361237145e-06,True,True,True,True
37,0.5,k1,fixed,53,6406144,142358.75555555554,1009059,9048,9048,1009059,0.06355773457480819,7.088141477931186,0.45050621468303903,True,True,False,True
37,0.5,optk,dynamic,53,6406144,142358.75555555554,3547,6,6,3547,4.2147038842711e-05,0.024915924462515986,1.0501324361237145e-06,True,True,True,True
37,0.5,optk,fixed,53,6406144,142358.75555555554,1009059,248,248,1009059,0.0017420776054987213,7.088141477931186,0.01234809253331053,True,True,False,True
38,0.01,k1,dynamic,49,917504,20388.977777777778,42107,22547,22547,42107,1.1058425903320312,2.0651844569614957,2.2837689293997494,True,False,False,False
38,0.01,k1,fixed,49,917504,20388.977777777778,1804043,631763,631763,1804043,30.985516139439174,88.48128727504185,2741.6383548991635,True,False,False,False
38,0.01,optk,dynamic,49,917504,20388.977777777778,42107,22547,22547,42107,1.1058425903320312,2.0651844569614957,2.2837689293997494,True,False,False,False
38,0.01,optk,fixed,49,917504,20388.977777777778,1804043,631763,631763,1804043,30.985516139439174,88.48128727504185,2741.6383548991635,True,False,False,False
38,0.1,k1,dynamic,49,9142272,203161.6,42107,2733,2733,42107,0.013452345325100807,0.20725865517893144,0.002788115001082978,True,True,True,True
38,0.1,k1,fixed,49,9142272,203161.6,1804043,82368,82368,1804043,0.40543094758064513,8.879842450541835,3.600162939090014,True,True,False,False
38,0.1,optk,dynamic,49,9142272,203161.6,42107,9,9,42107,4.4299710181451614e-05,0.20725865517893144,9.181498357024077e-06,True,True,True,True
38,0.1,optk,fixed,49,9142272,203161.6,1804043,1307,1307,1804043,0.006433302356350807,8.879842450541835,0.0571267113610947,True,True,False,True
38,0.5,k1,dynamic,49,45719552,1015990.0444444445,42107,301,301,42107,0.00029626274553171475,0.04144430374120901,1.22784032130209e-05,True,True,True,True
38,0.5,k1,fixed,49,45719552,1015990.0444444445,1804043,16266,16266,1804043,0.016009999398069342,1.7756502732135258,0.02842815980533021,True,True,False,True
38,0.5,optk,dynamic,49,45719552,1015990.0444444445,42107,9,9,42107,8.858354517559576e-06,0.04144430374120901,3.6712833527305015e-07,True,True,True,True
38,0.5,optk,fixed,49,45719552,1015990.0444444445,1804043,4,4,1804043,3.937046452248701e-06,1.7756502732135258,6.990817608589748e-06,True,True,False,True
39,0.01,k1,dynamic,54,3645440,81009.77777777778,26962,4082,4082,26962,0.05038897910814606,0.3328240212429775,0.016770662653101558,True,True,True,True
39,0.01,k1,fixed,54,3645440,81009.77777777778,10179784,3137424,3137424,10179784,38.72895452949438,125.66117670294943,4866.725998651287,True,False,False,False
39,0.01,optk,dynamic,54,3645440,81009.77777777778,26962,4082,4082,26962,0.05038897910814606,0.3328240212429775,0.016770662653101558,True,True,True,True
39,0.01,optk,fixed,54,3645440,81009.77777777778,10179784,3137424,3137424,10179784,38.72895452949438,125.66117670294943,4866.725998651287,True,False,False,False
39,0.1,k1,dynamic,54,36438016,809733.6888888889,26962,1219,1219,26962,0.0015054332266608587,0.03329736723316659,5.012696299313754e-05,True,True,True,True
39,0.1,k1,fixed,54,36438016,809733.6888888889,10179784,430097,430097,10179784,0.5311585844849511,12.571767903060364,6.6776024438628845,True,True,False,False
39,0.1,optk,dynamic,54,36438016,809733.6888888889,26962,17,17,26962,2.099455689354766e-05,0.03329736723316659,6.990634707820657e-07,True,True,True,True
39,0.1,optk,fixed,54,36438016,809733.6888888889,10179784,49099,49099,10179784,0.060635985230370386,12.571767903060364,0.7623015328896128,True,True,False,True
39,0.5,k1,dynamic,54,182173696,4048304.355555556,26962,38,38,26962,9.38664602819498e-06,0.006660072374005081,6.251574189694591e-08,True,True,True,True
39,0.5,k1,fixed,54,182173696,4048304.355555556,10179784,89492,89492,10179784,0.022106045430400664,2.514579711881127,0.055587413349208,True,True,False,True
39,0.5,optk,dynamic,54,182173696,4048304.355555556,26962,17,17,26962,4.199289012613544e-06,0.006660072374005081,2.7967568743370538e-08,True,True,True,True
39,0.5,optk,fixed,54,182173696,4048304.355555556,10179784,10,10,10179784,2.4701700074197317e-06,2.514579711881127,6.21143938555491e-06,True,True,False,True
40,0.01,k1,dynamic,54,2244608,49880.177777777775,6040,144,144,6040,0.0028869183394160587,0.12109018590328467,0.0003495774784074924,True,True,True,True
40,0.01,k1,fixed,54,2244608,49880.177777777775,7222531,2234846,2234846,7222531,44.804290994240425,144.79761945070143,6487.554677142513,True,False,False,False
40,0.01,optk,dynamic,54,2244608,49880.177777777775,6040,144,144,6040,0.0028869183394160587,0.12109018590328467,0.0003495774784074924,True,True,True,True
40,0.01,optk,fixed,54,2244608,49880.177777777775,7222531,2234846,2234846,7222531,44.804290994240425,144.79761945070143,6487.554677142513,True,False,False,False
40,0.1,k1,dynamic,54,22470656,499347.9111111111,6040,18,18,6040,3.60470117116296e-05,0.012095775041013489,4.360165445646503e-07,True,True,True,True
40,0.1,k1,fixed,54,22470656,499347.9111111111,7222531,342878,342878,7222531,0.6866515156477853,14.463925530255992,9.931676387566974,True,True,False,False
40,0.1,optk,dynamic,54,22470656,499347.9111111111,6040,18,18,6040,3.60470117116296e-05,0.012095775041013489,4.360165445646503e-07,True,True,True,True
40,0.1,optk,fixed,54,22470656,499347.9111111111,7222531,66675,66675,7222531,0.13352413921516132,14.463925530255992,1.9312832060996272,True,True,False,False
40,0.5,k1,dynamic,54,112336896,2496375.466666667,6040,18,18,6040,7.210453812076132e-06,0.00241950783471888,1.7445749490196812e-08,True,True,True,True
40,0.5,k1,fixed,54,112336896,2496375.466666667,7222531,69056,69056,7222531,0.027662505469262744,2.8932070100993355,0.08003335474058217,True,True,False,True
40,0.5,optk,dynamic,54,112336896,2496375.466666667,6040,18,18,6040,7.210453812076132e-06,0.00241950783471888,1.7445749490196812e-08,True,True,True,True
40,0.5,optk,fixed,54,112336896,2496375.466666667,7222531,15,15,7222531,6.008711510063443e-06,2.8932070100993355,1.7384446262580117e-05,True,True,False,True
41,0.01,k1,dynamic,42,40960,910.2222222222222,40174,20358,20358,40174,22.365966796875,44.136474609375,987.1549256443977,True,False,False,False
41,0.01,k1,fixed,42,40960,910.2222222222222,36962,17136,17136,36962,18.826171875,40.607666015625,764.4868998527527,True,False,False,False
41,0.01,optk,dynamic,42,40960,910.2222222222222,40174,20358,20358,40174,22.365966796875,44.136474609375,987.1549256443977,True,False,False,False
41,0.01,optk,fixed,42,40960,910.2222222222222,36962,17136,17136,36962,18.826171875,40.607666015625,764.4868998527527,True,False,False,False
41,0.1,k1,dynamic,42,409600,9102.222222222223,40174,2779,2779,40174,0.30531005859375,4.4136474609375,1.347530964910984,True,True,False,False
41,0.1,k1,fixed,42,409600,9102.222222222223,36962,2107,2107,36962,0.23148193359375,4.0607666015624995,0.9399941048026084,True,True,False,True
41,0.1,optk,dynamic,42,409600,9102.222222222223,40174,68,68,40174,0.0074707031249999995,4.4136474609375,0.032973049879074096,True,True,False,True
41,0.1,optk,fixed,42,409600,9102.222222222223,36962,41,41,36962,0.00450439453125,4.0607666015624995,0.01829129487276077,True,True,False,True
41,0.5,k1,dynamic,42,2048000,45511.11111111111,40174,616,616,40174,0.013535156250000001,0.8827294921875001,0.011947881603240968,True,True,True,True
41,0.5,k1,fixed,42,2048000,45511.11111111111,36962,380,380,36962,0.008349609375,0.8121533203125,0.006781162977218628,True,True,True,True
41,0.5,optk,dynamic,42,2048000,45511.11111111111,40174,1,1,40174,2.197265625e-05,0.8827294921875001,1.9395911693573e-05,True,True,True,True
41,0.5,optk,fixed,42,2048000,45511.11111111111,36962,1,1,36962,2.197265625e-05,0.8121533203125,1.7845165729522705e-05,True,True,True,True
42,0.01,k1,dynamic,64,5783552,128523.37777777777,7915516,3707908,3707908,7915516,28.850066533507437,61.58814168179002,1776.8219851947247,True,False,False,False
42,0.01,k1,fixed,64,5783552,128523.37777777777,9490971,4096204,4096204,9490971,31.871275645139875,73.84626177822902,2353.574564497094,True,False,False,False
42,0.01,optk,dynamic,64,5783552,128523.37777777777,7915516,3707908,3707908,7915516,28.850066533507437,61.58814168179002,1776.8219851947247,True,False,False,False
42,0.01,optk,fixed,64,5783552,128523.37777777777,9490971,4096204,4096204,9490971,31.871275645139875,73.84626177822902,2353.574564497094,True,False,False,False
42,0.1,k1,dynamic,64,57827328,1285051.7333333334,7915516,467907,467907,7915516,0.3641153020246759,6.159686645040905,2.242836163136432,True,True,False,False
42,0.1,k1,fixed,64,57827328,1285051.7333333334,9490971,517497,517497,9490971,0.402705188107602,7.385672307044863,2.974248555709608,True,True,False,False
42,0.1,optk,dynamic,64,57827328,1285051.7333333334,7915516,6757,6757,7915516,0.005258154068609222,6.159686645040905,0.03238858139397972,True,True,False,True
42,0.1,optk,fixed,64,57827328,1285051.7333333334,9490971,7399,7399,9490971,0.005757744850324054,7.385672307044863,0.042524816692068534,True,True,False,True
42,0.5,k1,dynamic,64,289153024,6425622.755555555,7915516,96315,96315,7915516,0.014989208620553801,1.2318675249268707,0.018464719324014122,True,True,False,True
42,0.5,k1,fixed,64,289153024,6425622.755555555,9490971,107809,107809,9490971,0.016777984656318173,1.477050763958118,0.024781935054292336,True,True,False,True
42,0.5,optk,dynamic,64,289153024,6425622.755555555,7915516,59,59,7915516,9.181989395345214e-06,1.2318675249268707,1.1310994550348683e-05,True,True,False,True
42,0.5,optk,fixed,64,289153024,6425622.755555555,9490971,59,59,9490971,9.181989395345214e-06,1.477050763958118,1.3562264451049986e-05,True,True,False,True
43,0.01,k1,dynamic,50,2097152,46603.37777777778,187478,129059,129059,187478,2.76930570602417,4.022841453552246,11.1404777917528,True,False,False,False
43,0.01,k1,fixed,50,2097152,46603.37777777778,5257888,1637459,1637459,5257888,35.13605833053589,112.82203674316406,3964.121663977676,True,False,False,False
43,0.01,optk,dynamic,50,2097152,46603.37777777778,187478,129059,129059,187478,2.76930570602417,4.022841453552246,11.1404777917528,True,False,False,False
43,0.01,optk,fixed,50,2097152,46603.37777777778,5257888,1637459,1637459,5257888,35.13605833053589,112.82203674316406,3964.121663977676,True,False,False,False
43,0.1,k1,dynamic,50,21012480,466944.0,187478,12849,12849,187478,0.02751721833881579,0.40149996573464913,0.011048162220147397,True,True,True,True
43,0.1,k1,fixed,50,21012480,466944.0,5257888,212288,212288,5257888,0.4546326754385965,11.260211074561404,5.1192598868311645,True,True,False,False
43,0.1,optk,dynamic,50,21012480,466944.0,187478,15,15,187478,3.212376644736842e-05,0.40149996573464913,1.2897691127886292e-05,True,True,True,True
43,0.1,optk,fixed,50,21012480,466944.0,5257888,8015,8015,5257888,0.01716479920504386,11.260211074561404,0.19327926210125765,True,True,False,True
43,0.5,k1,dynamic,50,105062400,2334720.0,187478,3570,3570,187478,0.001529091282894737,0.08029999314692983,0.0001227860195374775,True,True,True,True
43,0.5,k1,fixed,50,105062400,2334720.0,5257888,42845,42845,5257888,0.018351236979166668,2.2520422149122807,0.041327760372942654,True,True,False,True
43,0.5,optk,dynamic,50,105062400,2334720.0,187478,15,15,187478,6.424753289473684e-06,0.08029999314692983,5.159076451154516e-07,True,True,True,True
43,0.5,optk,fixed,50,105062400,2334720.0,5257888,8,8,5257888,3.4265350877192983e-06,2.2520422149122807,7.716701668422015e-06,True,True,False,True
44,0.01,k1,dynamic,51,212992,4733.155555555555,154900,64348,64348,154900,13.59515850360577,32.72658128004808,444.92305978339107,True,False,False,False
44,0.01,k1,fixed,51,212992,4733.155555555555,524437,152693,152693,524437,32.26029616135818,110.80071082481972,3574.4637460976887,True,False,False,False
44,0.01,optk,dynamic,51,212992,4733.155555555555,154900,64348,64348,154900,13.59515850360577,32.72658128004808,444.92305978339107,True,False,False,False
44,0.01,optk,fixed,51,212992,4733.155555555555,524437,152693,152693,524437,32.26029616135818,110.80071082481972,3574.4637460976887,True,False,False,False
44,0.1,k1,dynamic,51,2113536,46967.46666666667,154900,8926,8926,154900,0.19004644349563954,3.298027570857558,0.6267784103920422,True,True,False,True
44,0.1,k1,fixed,51,2113536,46967.46666666667,524437,23166,23166,524437,0.4932350336119186,11.16596310637718,5.507444188083391,True,True,False,False
44,0.1,optk,dynamic,51,2113536,46967.46666666667,154900,1798,1798,154900,0.038281817768895346,3.298027570857558,0.12625449046436163,True,True,False,True
44,0.1,optk,fixed,51,2113536,46967.46666666667,524437,8297,8297,524437,0.17665419467659885,11.16596310637718,1.9725142203456747,True,True,False,False
44,0.5,k1,dynamic,51,10567680,234837.33333333334,154900,1702,1702,154900,0.007247569949127907,0.6596055141715116,0.004780537102788509,True,True,True,True
44,0.5,k1,fixed,51,10567680,234837.33333333334,524437,4964,4964,524437,0.021138035973837208,2.233192621275436,0.04720530596502798,True,True,False,True
44,0.5,optk,dynamic,51,10567680,234837.33333333334,154900,3,3,154900,1.2774800145348836e-05,0.6596055141715116,8.426328618311122e-06,True,True,True,True
44,0.5,optk,fixed,51,10567680,234837.33333333334,524437,3,3,524437,1.2774800145348836e-05,2.233192621275436,2.852858942286139e-05,True,True,False,True
45,0.01,k1,dynamic,49,278528,6189.511111111111,5255,361,361,5255,0.05832447725183824,0.8490169749540442,0.04951847124213166,True,True,True,True
45,0.01,k1,fixed,49,278528,6189.511111111111,1578279,215905,215905,1578279,34.88239961511949,254.9925142176011,8894.7507798024,True,False,False,False
45,0.01,optk,dynamic,49,278528,6189.511111111111,5255,361,361,5255,0.05832447725183824,0.8490169749540442,0.04951847124213166,True,True,True,True
45,0.01,optk,fixed,49,278528,6189.511111111111,1578279,215905,215905,1578279,34.88239961511949,254.9925142176011,8894.7507798024,True,False,False,False
45,0.1,k1,dynamic,49,2777088,61713.066666666666,5255,67,67,5255,0.0010856695934734514,0.0851521449806416,9.244709462452556e-05,True,True,True,True
45,0.1,k1,fixed,49,2777088,61713.066666666666,1578279,48133,48133,1578279,0.7799482767560841,25.574470452502766,19.946764158378922,True,True,False,False
45,0.1,optk,dynamic,49,2777088,61713.066666666666,5255,67,67,5255,0.0010856695934734514,0.0851521449806416,9.244709462452556e-05,True,True,True,True
45,0.1,optk,fixed,49,2777088,61713.066666666666,1578279,48133,48133,1578279,0.7799482767560841,25.574470452502766,19.946764158378922,True,True,False,False
45,0.5,k1,dynamic,49,13901824,308929.4222222222,5255,40,40,5255,0.00012947941219799646,0.017010357777511788,2.202491126309844e-06,True,True,True,True
45,0.5,k1,fixed,49,13901824,308929.4222222222,1578279,10570,10570,1578279,0.03421493467332057,5.108865930111042,0.17479951405350244,True,True,False,True
45,0.5,optk,dynamic,49,13901824,308929.4222222222,5255,32,32,5255,0.00010358352975839718,0.017010357777511788,1.7619929010478752e-06,True,True,True,True
45,0.5,optk,fixed,49,13901824,308929.4222222222,1578279,25,25,1578279,8.09246326237478e-05,5.108865930111042,0.00041343309851821767,True,True,False,True
46,0.01,k1,dynamic,47,57344,1274.3111111111111,178,2,2,178,0.0015694754464285715,0.13968331473214285,0.00021922953274785254,True,True,True,True
46,0.01,k1,fixed,47,57344,1274.3111111111111,155324,47886,47886,155324,37.577950613839285,121.88860212053571,4580.323870875397,True,False,False,False
46,0.01,optk,dynamic,47,57344,1274.3111111111111,178,2,2,178,0.0015694754464285715,0.13968331473214285,0.00021922953274785254,True,True,True,True
46,0.01,optk,fixed,47,57344,1274.3111111111111,155324,47886,47886,155324,37.577950613839285,121.88860212053571,4580.323870875397,True,False,False,False
46,0.1,k1,dynamic,47,540672,12014.933333333332,178,2,2,178,0.00016645951704545456,0.014814897017045456,2.466080602535532e-06,True,True,True,True
46,0.1,k1,fixed,47,540672,12014.933333333332,155324,7871,7871,155324,0.6551014293323865,12.927579012784092,8.468875489082219,True,True,False,False
46,0.1,optk,dynamic,47,540672,12014.933333333332,178,2,2,178,0.00016645951704545456,0.014814897017045456,2.466080602535532e-06,True,True,True,True
46,0.1,optk,fixed,47,540672,12014.933333333332,155324,7871,7871,155324,0.6551014293323865,12.927579012784092,8.468875489082219,True,True,False,False
46,0.5,k1,dynamic,47,2719744,60438.75555555556,178,2,2,178,3.3091349774096384e-05,0.002945130129894578,9.74583312585714e-08,True,True,True,True
46,0.5,k1,fixed,47,2719744,60438.75555555556,155324,1395,1395,155324,0.023081216467432226,2.5699404061558733,0.05931735082288441,True,True,False,True
46,0.5,optk,dynamic,47,2719744,60438.75555555556,178,2,2,178,3.3091349774096384e-05,0.002945130129894578,9.74583312585714e-08,True,True,True,True
46,0.5,optk,fixed,47,2719744,60438.75555555556,155324,1,1,155324,1.6545674887048192e-05,2.5699404061558733,4.252139843934366e-05,True,True,False,True
47,0.01,k1,dynamic,49,106496,2366.5777777777776,78129,45512,45512,78129,19.23114483173077,33.013493464543274,634.8872742180289,True,False,False,False
47,0.01,k1,fixed,49,106496,2366.5777777777776,111666,48185,48185,111666,20.360623873197117,47.18458909254808,960.7076711247307,True,False,False,False
47,0.01,optk,dynamic,49,106496,2366.5777777777776,78129,45512,45512,78129,19.23114483173077,33.013493464543274,634.8872742180289,True,False,False,False
47,0.01,optk,fixed,49,106496,2366.5777777777776,111666,48185,48185,111666,20.360623873197117,47.18458909254808,960.7076711247307,True,False,False,False
47,0.1,k1,dynamic,49,1032192,22937.6,78129,5865,5865,78129,0.25569370814732145,3.406154087611607,0.8709321691825683,True,True,False,True
47,0.1,k1,fixed,49,1032192,22937.6,111666,6293,6293,111666,0.27435302734375,4.868251255580358,1.3356194698384831,True,True,False,False
47,0.1,optk,dynamic,49,1032192,22937.6,78129,31,31,78129,0.0013514927455357145,3.406154087611607,0.0046033925395839075,True,True,False,True
47,0.1,optk,fixed,49,1032192,22937.6,111666,64,64,111666,0.0027901785714285715,4.868251255580358,0.013583290333650551,True,True,False,True
47,0.5,k1,dynamic,49,5144576,114323.91111111111,78129,1002,1002,78129,0.008764570685708599,0.6834003424188894,0.005989710607767816,True,True,True,True
47,0.5,k1,fixed,49,5144576,114323.91111111111,111666,1296,1296,111666,0.011336211186305732,0.976751048094148,0.011072656157640729,True,True,True,True
47,0.5,optk,dynamic,49,5144576,114323.91111111111,78129,1,1,78129,8.747076532643312e-06,0.6834003424188894,5.97775509757267e-06,True,True,True,True
47,0.5,optk,fixed,49,5144576,114323.91111111111,111666,1,1,111666,8.747076532643312e-06,0.976751048094148,8.54371617101908e-06,True,True,True,True
48,0.01,k1,dynamic,59,7970816,177129.24444444446,231417903,224414516,224414516,231417903,1266.9534988638552,1306.4917864118304,1655264.340031357,True,False,False,False
48,0.01,k1,fixed,59,7970816,177129.24444444446,231417903,224434781,224434781,231417903,1267.0679068491856,1306.4917864118304,1655413.8131244911,True,False,False,False
48,0.01,optk,dynamic,59,7970816,177129.24444444446,231417903,224414516,224414516,231417903,1266.9534988638552,1306.4917864118304,1655264.340031357,True,False,False,False
48,0.01,optk,fixed,59,7970816,177129.24444444446,231417903,224434781,224434781,231417903,1267.0679068491856,1306.4917864118304,1655413.8131244911,True,False,False,False
48,0.1,k1,dynamic,59,79708160,1771292.4444444445,231417903,71837790,71837790,231417903,40.55670774485322,130.64917864118303,5298.70055525558,True,False,False,False
48,0.1,k1,fixed,59,79708160,1771292.4444444445,231417903,71851150,71851150,231417903,40.56425025994829,130.64917864118303,5299.68597865764,True,False,False,False
48,0.1,optk,dynamic,59,79708160,1771292.4444444445,231417903,71837790,71837790,231417903,40.55670774485322,130.64917864118303,5298.70055525558,True,False,False,False
48,0.1,optk,fixed,59,79708160,1771292.4444444445,231417903,71851150,71851150,231417903,40.56425025994829,130.64917864118303,5299.68597865764,True,False,False,False
48,0.5,k1,dynamic,59,398524416,8856098.133333333,231417903,16609087,16609087,231417903,1.875440713273638,26.130909969139758,49.00697243101269,True,False,False,False
48,0.5,k1,fixed,59,398524416,8856098.133333333,231417903,16764828,16764828,231417903,1.8930264488487452,26.130909969139758,49.466503704066916,True,False,False,False
48,0.5,optk,dynamic,59,398524416,8856098.133333333,231417903,1062391,1062391,231417903,0.1199615207515918,26.130909969139758,3.134703698520936,True,True,False,False
48,0.5,optk,fixed,59,398524416,8856098.133333333,231417903,1050635,1050635,231417903,0.11863407385308107,26.130909969139758,3.1000163031271386,True,True,False,False
49,0.01,k1,dynamic,53,786432,17476.266666666666,7815,94,94,7815,0.00537872314453125,0.4471778869628906,0.002405246050329879,True,True,True,True
49,0.01,k1,fixed,53,786432,17476.266666666666,2119900,524290,524290,2119900,30.00011444091797,121.30165100097656,3639.0634119015886,True,False,False,False
49,0.01,optk,dynamic,53,786432,17476.266666666666,7815,94,94,7815,0.00537872314453125,0.4471778869628906,0.002405246050329879,True,True,True,True
49,0.01,optk,fixed,53,786432,17476.266666666666,2119900,524290,524290,2119900,30.00011444091797,121.30165100097656,3639.0634119015886,True,False,False,False
49,0.1,k1,dynamic,53,7888896,175308.8,7815,47,47,7815,0.0002680983498831776,0.044578480943341124,1.1951417181208434e-05,True,True,True,True
49,0.1,k1,fixed,53,7888896,175308.8,2119900,76589,76589,2119900,0.43688052168516356,12.092376423773365,5.282923720431481,True,True,False,False
49,0.1,optk,dynamic,53,7888896,175308.8,7815,47,47,7815,0.0002680983498831776,0.044578480943341124,1.1951417181208434e-05,True,True,True,True
49,0.1,optk,fixed,53,7888896,175308.8,2119900,76589,76589,2119900,0.43688052168516356,12.092376423773365,5.282923720431481,True,True,False,False
49,0.5,k1,dynamic,53,39428096,876179.911111111,7815,12,12,7815,1.369581731768128e-05,0.008919401028139934,1.2215848706454314e-07,True,True,True,True
49,0.5,k1,fixed,53,39428096,876179.911111111,2119900,15591,15591,2119900,0.017794290649997404,2.419480260979379,0.043052934985798645,True,True,False,True
49,0.5,optk,dynamic,53,39428096,876179.911111111,7815,1,1,7815,1.1413181098067734e-06,0.008919401028139934,1.0179873922045262e-08,True,True,True,True
49,0.5,optk,fixed,53,39428096,876179.911111111,2119900,1,1,2119900,1.1413181098067734e-06,2.419480260979379,2.7613966381757837e-06,True,True,False,True
50,0.01,k1,dynamic,56,1826816,40595.91111111111,369793,163597,163597,369793,4.029888614945348,9.109119363964405,36.708736417018365,True,False,False,False
50,0.01,k1,fixed,56,1826816,40595.91111111111,5175398,1365474,1365474,5175398,33.63575204070908,127.48569642481782,4288.077273682285,True,False,False,False
50,0.01,optk,dynamic,56,1826816,40595.91111111111,369793,163597,163597,369793,4.029888614945348,9.109119363964405,36.708736417018365,True,False,False,False
50,0.01,optk,fixed,56,1826816,40595.91111111111,5175398,1365474,1365474,5175398,33.63575204070908,127.48569642481782,4288.077273682285,True,False,False,False
50,0.1,k1,dynamic,56,18235392,405230.93333333335,369793,16811,16811,369793,0.041484986996714955,0.9125487952219508,0.03785707490365053,True,True,True,True
50,0.1,k1,fixed,56,18235392,405230.93333333335,5175398,183033,183033,5175398,0.4516757851983659,12.771478123420653,5.768567409539775,True,True,False,False
50,0.1,optk,dynamic,56,18235392,405230.93333333335,369793,31,31,369793,7.649958936994609e-05,0.9125487952219508,6.980960811451825e-05,True,True,True,True
50,0.1,optk,fixed,56,18235392,405230.93333333335,5175398,10953,10953,5175398,0.0270290323344845,12.771478123420653,0.3452006951570982,True,True,False,True
50,0.5,k1,dynamic,56,91160576,2025790.5777777778,369793,3707,3707,369793,0.0018299028738036935,0.18254256094213359,0.0003340351568594961,True,True,True,True
50,0.5,k1,fixed,56,91160576,2025790.5777777778,5175398,38305,38305,5175398,0.01890866727301065,2.5547547001019386,0.048307006588387665,True,True,False,True
50,0.5,optk,dynamic,56,91160576,2025790.5777777778,369793,24,24,369793,1.1847226590582315e-05,0.18254256094213359,2.162623081906638e-06,True,True,True,True
50,0.5,optk,fixed,56,91160576,2025790.5777777778,5175398,22,22,5175398,1.0859957708033789e-05,2.5547547001019386,2.77445279975076e-05,True,True,False,True
51,0.01,k1,dynamic,56,5013504,111411.2,26972,2438,2438,26972,0.021882898667279414,0.2420941521139706,0.005297721798650947,True,True,True,True
51,0.01,k1,fixed,56,5013504,111411.2,22373863,6438378,6438378,22373863,57.78932459214155,200.82238590016084,11605.390044152706,True,False,False,False
51,0.01,optk,dynamic,56,5013504,111411.2,26972,2438,2438,26972,0.021882898667279414,0.2420941521139706,0.005297721798650947,True,True,True,True
51,0.01,optk,fixed,56,5013504,111411.2,22373863,6438378,6438378,22373863,57.78932459214155,200.82238590016084,11605.390044152706,True,False,False,False
51,0.1,k1,dynamic,56,50151424,1114476.088888889,26972,243,243,26972,0.0002180396712165142,0.024201506222435477,5.276888459684254e-06,True,True,True,True
51,0.1,k1,fixed,56,50151424,1114476.088888889,22373863,954554,954554,22373863,0.8565046926683477,20.075677910960213,17.194912339235714,True,True,False,False
51,0.1,optk,dynamic,56,50151424,1114476.088888889,26972,10,10,26972,8.972825975988238e-06,0.024201506222435477,2.1715590369071003e-07,True,True,True,True
51,0.1,optk,fixed,56,50151424,1114476.088888889,22373863,163053,163053,22373863,0.14630461938628103,20.075677910960213,2.9371644156846037,True,True,False,False
51,0.5,k1,dynamic,56,250773504,5572744.533333333,26972,10,10,26972,1.7944479493335947e-06,0.004839985008942571,8.685101174102337e-09,True,True,True,True
51,0.5,k1,fixed,56,250773504,5572744.533333333,22373863,197135,197135,22373863,0.03537484964918782,4.014873257902079,0.1420255378588309,True,True,False,True
51,0.5,optk,dynamic,56,250773504,5572744.533333333,26972,10,10,26972,1.7944479493335947e-06,0.004839985008942571,8.685101174102337e-09,True,True,True,True
51,0.5,optk,fixed,56,250773504,5572744.533333333,22373863,10,10,22373863,1.7944479493335947e-06,4.014873257902079,7.2044810844766735e-06,True,True,False,True
52,0.01,k1,dynamic,64,8093696,179859.9111111111,136,21,21,136,0.00011675753574139676,0.0007561440409919028,8.828551489175627e-08,True,True,True,True
52,0.01,k1,fixed,64,8093696,179859.9111111111,65044349,14123540,14123540,65044349,78.52522506404985,361.6389477687326,28397.779765465897,True,False,False,False
52,0.01,optk,dynamic,64,8093696,179859.9111111111,136,21,21,136,0.00011675753574139676,0.0007561440409919028,8.828551489175627e-08,True,True,True,True
52,0.01,optk,fixed,64,8093696,179859.9111111111,65044349,14123540,14123540,65044349,78.52522506404985,361.6389477687326,28397.779765465897,True,False,False,False
52,0.1,k1,dynamic,64,80945152,1798781.1555555556,136,21,21,136,1.1674571937303916e-05,7.560675159396822e-05,8.826764604296495e-10,True,True,True,True
52,0.1,k1,fixed,64,80945152,1798781.1555555556,65044349,2806356,2806356,65044349,1.5601430954135462,36.16023483407629,56.41514070491652,True,False,False,False
52,0.1,optk,dynamic,64,80945152,1798781.1555555556,136,21,21,136,1.1674571937303916e-05,7.560675159396822e-05,8.826764604296495e-10,True,True,True,True
52,0.1,optk,fixed,64,80945152,1798781.1555555556,65044349,1560210,1560210,65044349,0.8673706610619497,36.16023483407629,31.36432679218809,True,True,False,False
52,0.5,k1,dynamic,64,404717568,8993723.733333332,136,21,21,136,2.33496164910736e-06,1.5121656394219092e-05,3.530848775148067e-11,True,True,True,True
52,0.5,k1,fixed,64,404717568,8993723.733333332,65044349,598917,598917,65044349,0.06659277266659204,7.232193352674031,0.48161180781545987,True,True,False,True
52,0.5,optk,dynamic,64,404717568,8993723.733333332,136,21,21,136,2.33496164910736e-06,1.5121656394219092e-05,3.530848775148067e-11,True,True,True,True
52,0.5,optk,fixed,64,404717568,8993723.733333332,65044349,209,209,65044349,2.3238427841116105e-05,7.232193352674031,0.00016806480335911507,True,True,False,True
53,0.01,k1,dynamic,56,5832704,129615.64444444445,290,5,5,290,3.857559032654494e-05,0.0022373842389396066,8.630841780440281e-08,True,True,True,True
53,0.01,k1,fixed,56,5832704,129615.64444444445,14542033,3983511,3983511,14542033,30.733257679457076,112.19350150461946,3448.0717917020247,True,False,False,False
53,0.01,optk,dynamic,56,5832704,129615.64444444445,290,5,5,290,3.857559032654494e-05,0.0022373842389396066,8.630841780440281e-08,True,True,True,True
53,0.01,optk,fixed,56,5832704,129615.64444444445,14542033,3983511,3983511,14542033,30.733257679457076,112.19350150461946,3448.0717917020247,True,False,False,False
53,0.1,k1,dynamic,56,58335232,1296338.4888888889,290,5,5,290,3.857017316739222e-06,0.00022370700437087488,8.628417897343213e-10,True,True,True,True
53,0.1,k1,fixed,56,58335232,1296338.4888888889,14542033,499732,499732,14542033,0.385494995545745,11.217774620318645,4.324395977292907,True,True,False,False
53,0.1,optk,dynamic,56,58335232,1296338.4888888889,290,5,5,290,3.857017316739222e-06,0.00022370700437087488,8.628417897343213e-10,True,True,True,True
53,0.1,optk,fixed,56,58335232,1296338.4888888889,14542033,6177,6177,14542033,0.004764959193099635,11.217774620318645,0.05345223830320709,True,True,False,True
53,0.5,k1,dynamic,56,291659776,6481328.355555556,290,5,5,290,7.714467969693565e-07,4.4743914224222674e-05,3.451754931214821e-11,True,True,True,True
53,0.5,k1,fixed,56,291659776,6481328.355555556,14542033,102269,102269,14542033,0.015779018495851824,2.2436809558545363,0.03540308330121923,True,True,False,True
53,0.5,optk,dynamic,56,291659776,6481328.355555556,290,5,5,290,7.714467969693565e-07,4.4743914224222674e-05,3.451754931214821e-11,True,True,True,True
53,0.5,optk,fixed,56,291659776,6481328.355555556,14542033,3,3,14542033,4.628680781816139e-07,2.2436809558545363,1.0385282920890757e-06,True,True,False,True
54,0.01,k1,dynamic,41,16384,364.0888888888889,783,13,13,783,0.03570556640625,2.15057373046875,0.07678745314478874,True,True,False,True
54,0.01,k1,fixed,41,16384,364.0888888888889,41568,5965,5965,41568,16.38336181640625,114.169921875,1870.4871386289597,True,False,False,False
54,0.01,optk,dynamic,41,16384,364.0888888888889,783,13,13,783,0.03570556640625,2.15057373046875,0.07678745314478874,True,True,False,True
54,0.01,optk,fixed,41,16384,364.0888888888889,41568,5965,5965,41568,16.38336181640625,114.169921875,1870.4871386289597,True,False,False,False
54,0.1,k1,dynamic,41,180224,4004.9777777777776,783,3,3,783,0.0007490678267045455,0.19550670276988638,0.00014644778095001032,True,True,True,True
54,0.1,k1,fixed,41,180224,4004.9777777777776,41568,934,934,41568,0.23320978338068182,10.379083806818182,2.4205038862780106,True,True,False,False
54,0.1,optk,dynamic,41,180224,4004.9777777777776,783,3,3,783,0.0007490678267045455,0.19550670276988638,0.00014644778095001032,True,True,True,True
54,0.1,optk,fixed,41,180224,4004.9777777777776,41568,934,934,41568,0.23320978338068182,10.379083806818182,2.4205038862780106,True,True,False,False
54,0.5,k1,dynamic,41,917504,20388.977777777778,783,2,2,783,9.809221540178572e-05,0.038403102329799106,3.767045385831473e-06,True,True,True,True
54,0.5,k1,fixed,41,917504,20388.977777777778,41568,223,223,41568,0.010937282017299106,2.0387486049107144,0.022298368454283596,True,True,False,True
54,0.5,optk,dynamic,41,917504,20388.977777777778,783,2,2,783,9.809221540178572e-05,0.038403102329799106,3.767045385831473e-06,True,True,True,True
54,0.5,optk,fixed,41,917504,20388.977777777778,41568,1,1,41568,4.904610770089286e-05,2.0387486049107144,9.999268365149596e-05,True,True,False,True
55,0.01,k1,dynamic,55,7979008,177311.2888888889,23982029,44738094,23982029,44738094,135.25381914644026,252.31385029316925,34126.41187569432,True,False,False,False
55,0.01,k1,fixed,55,7979008,177311.2888888889,115335999,45654969,45654969,115335999,257.4848408473835,650.4718324633839,167486.63625754032,True,False,False,False
55,0.01,optk,dynamic,55,7979008,177311.2888888889,23982029,44738094,23982029,44738094,135.25381914644026,252.31385029316925,34126.41187569432,True,False,False,False
55,0.01,optk,fixed,55,7979008,177311.2888888889,115335999,45654969,45654969,115335999,257.4848408473835,650.4718324633839,167486.63625754032,True,False,False,False
55,0.1,k1,dynamic,55,79790080,1773112.888888889,23982029,6620155,6620155,23982029,3.7336342437556147,13.525381914644026,50.498829076387814,True,False,False,False
55,0.1,k1,fixed,55,79790080,1773112.888888889,115335999,10385528,10385528,115335999,5.857228868551077,65.04718324633839,380.9962395283852,True,False,False,False
55,0.1,optk,dynamic,55,79790080,1773112.888888889,23982029,6620155,6620155,23982029,3.7336342437556147,13.525381914644026,50.498829076387814,True,False,False,False
55,0.1,optk,fixed,55,79790080,1773112.888888889,115335999,10385528,10385528,115335999,5.857228868551077,65.04718324633839,380.9962395283852,True,False,False,False
55,0.5,k1,dynamic,55,398950400,8865564.444444444,23982029,1364634,1364634,23982029,0.15392522478984857,2.705076382928805,0.4163794903160268,True,True,False,True
55,0.5,k1,fixed,55,398950400,8865564.444444444,115335999,2258234,2258234,115335999,0.2547197095177747,13.009436649267679,3.3137599242913547,True,True,False,False
55,0.5,optk,dynamic,55,398950400,8865564.444444444,23982029,58,58,23982029,6.5421666452772075e-06,2.705076382928805,1.7697060485323944e-05,True,True,False,True
55,0.5,optk,fixed,55,398950400,8865564.444444444,115335999,5640,5640,115335999,0.000636169308264887,13.009436649267679,0.00827620431408049,True,True,False,True
56,0.01,k1,dynamic,50,401408,8920.177777777777,379031,85752,85752,379031,9.613261320153063,42.491417709661995,408.4811023067604,True,False,False,False
56,0.01,k1,fixed,50,401408,8920.177777777777,560961,405875,405875,560961,45.50077477279975,62.88675113600128,2861.395899632303,True,False,False,False
56,0.01,optk,dynamic,50,401408,8920.177777777777,379031,85752,85752,379031,9.613261320153063,42.491417709661995,408.4811023067604,True,False,False,False
56,0.01,optk,fixed,50,401408,8920.177777777777,560961,405875,405875,560961,45.50077477279975,62.88675113600128,2861.395899632303,True,False,False,False
56,0.1,k1,dynamic,50,3997696,88837.6888888889,379031,9699,9699,379031,0.1091766357421875,4.266556286420978,0.4658082615561233,True,True,False,True
56,0.1,k1,fixed,50,3997696,88837.6888888889,560961,52890,52890,560961,0.5953554247246413,6.314448372262423,3.759341092570115,True,True,False,False
56,0.1,optk,dynamic,50,3997696,88837.6888888889,379031,27,27,379031,0.00030392506083504097,4.266556286420978,0.0012967133789066223,True,True,False,True
56,0.1,optk,fixed,50,3997696,88837.6888888889,560961,1234,1234,560961,0.013890500928534836,6.314448372262423,0.08771085097809647,True,True,False,True
56,0.5,k1,dynamic,50,19980288,444006.4,379031,1872,1872,379031,0.004216155442804428,0.8536611183982933,0.0035991679706454793,True,True,True,True
56,0.5,k1,fixed,50,19980288,444006.4,560961,10646,10646,560961,0.02397713186116236,1.2634074643969095,0.03029288736822149,True,True,False,True
56,0.5,optk,dynamic,50,19980288,444006.4,379031,3,3,379031,6.756659363468635e-06,0.8536611183982933,5.767897388854935e-06,True,True,True,True
56,0.5,optk,fixed,50,19980288,444006.4,560961,3,3,560961,6.756659363468635e-06,1.2634074643969095,8.536413874193544e-06,True,True,False,True
57,0.01,k1,dynamic,51,196608,4369.066666666667,2629,24,24,2629,0.0054931640625,0.6017303466796875,0.0033054035156965256,True,True,True,True
57,0.01,k1,fixed,51,196608,4369.066666666667,504109,110754,110754,504109,25.349578857421875,115.38139343261719,2924.869731499348,True,False,False,False
57,0.01,optk,dynamic,51,196608,4369.066666666667,2629,24,24,2629,0.0054931640625,0.6017303466796875,0.0033054035156965256,True,True,True,True
57,0.01,optk,fixed,51,196608,4369.066666666667,504109,110754,110754,504109,25.349578857421875,115.38139343261719,2924.869731499348,True,False,False,False
57,0.1,k1,dynamic,51,1990656,44236.8,2629,17,17,2629,0.0003842954282407407,0.05943015769675926,2.283873790249085e-05,True,True,True,True
57,0.1,k1,fixed,51,1990656,44236.8,504109,15542,15542,504109,0.3513364438657407,11.395693178530092,4.003722316729842,True,True,False,False
57,0.1,optk,dynamic,51,1990656,44236.8,2629,12,12,2629,0.00027126736111111107,0.05943015769675926,1.612146204881707e-05,True,True,True,True
57,0.1,optk,fixed,51,1990656,44236.8,504109,4877,4877,504109,0.11024757667824073,11.395693178530092,1.2563475575017011,True,True,False,False
57,0.5,k1,dynamic,51,9945088,221001.95555555556,2629,14,14,2629,6.334785574546952e-05,0.011895822339631384,7.535748375447026e-07,True,True,True,True
57,0.5,k1,fixed,51,9945088,221001.95555555556,504109,3146,3146,504109,0.014235168155374794,2.2810160151423498,0.032470646540654284,True,True,False,True
57,0.5,optk,dynamic,51,9945088,221001.95555555556,2629,12,12,2629,5.4298162067545305e-05,0.011895822339631384,6.459212893240308e-07,True,True,True,True
57,0.5,optk,fixed,51,9945088,221001.95555555556,504109,6,6,504109,2.7149081033772652e-05,2.2810160151423498,6.192748863443283e-05,True,True,False,True
58,0.01,k1,dynamic,57,8085504,179677.86666666667,329487,231495,231495,329487,1.2883890725921352,1.8337650936787613,2.3626029083966094,True,False,False,False
58,0.01,k1,fixed,57,8085504,179677.86666666667,143115836,37520611,37520611,143115836,208.8215521258786,796.5134418336816,166329.17321283513,True,False,False,False
58,0.01,optk,dynamic,57,8085504,179677.86666666667,329487,231495,231495,329487,1.2883890725921352,1.8337650936787613,2.3626029083966094,True,False,False,False
58,0.01,optk,fixed,57,8085504,179677.86666666667,143115836,37520611,37520611,143115836,208.8215521258786,796.5134418336816,166329.17321283513,True,False,False,False
58,0.1,k1,dynamic,57,80863232,1796960.711111111,329487,26271,26271,329487,0.01461968524829678,0.1833579320697941,0.0026806352546389716,True,True,True,True
58,0.1,k1,fixed,57,80863232,1796960.711111111,143115836,8953819,8953819,143115836,4.982757243737178,79.64327495591569,396.8431052015407,True,False,False,False
58,0.1,optk,dynamic,57,80863232,1796960.711111111,329487,26271,26271,329487,0.01461968524829678,0.1833579320697941,0.0026806352546389716,True,True,True,True
58,0.1,optk,fixed,57,80863232,1796960.711111111,143115836,8953819,8953819,143115836,4.982757243737178,79.64327495591569,396.8431052015407,True,False,False,False
58,0.5,k1,dynamic,57,404299776,8984439.466666667,329487,3784,3784,329487,0.0004211726300832776,0.03667307250746535,1.5445694401203922e-05,True,True,True,True
58,0.5,k1,fixed,57,404299776,8984439.466666667,143115836,1948387,1948387,143115836,0.2168623882690452,15.929300490139276,3.4544661477468757,True,True,False,False
58,0.5,optk,dynamic,57,404299776,8984439.466666667,329487,35,35,329487,3.895624221171966e-06,0.03667307250746535,1.428645095248777e-07,True,True,True,True
58,0.5,optk,fixed,57,404299776,8984439.466666667,143115836,6876,6876,143115836,0.0007653232041365266,15.929300490139276,0.012191063290766935,True,True,False,True
59,0.01,k1,dynamic,66,8232960,182954.66666666666,472,33,33,472,0.00018037255130597015,0.0025798740671641794,4.6533846754251286e-07,True,True,True,True
59,0.01,k1,fixed,66,8232960,182954.66666666666,369092281,195037886,195037886,369092281,1066.0448817922108,2017.397466403335,2150636.2435998493,True,False,False,False
59,0.01,optk,dynamic,66,8232960,182954.66666666666,472,33,33,472,0.00018037255130597015,0.0025798740671641794,4.6533846754251286e-07,True,True,True,True
59,0.01,optk,fixed,66,8232960,182954.66666666666,369092281,195037886,195037886,369092281,1066.0448817922108,2017.397466403335,2150636.2435998493,True,False,False,False
59,0.1,k1,dynamic,66,82296832,1828818.4888888889,472,37,37,472,2.0231641480439978e-05,0.0002580901291558829,5.221586962722272e-09,True,True,True,True
59,0.1,k1,fixed,66,82296832,1828818.4888888889,369092281,107668400,107668400,369092281,58.87320182628658,201.82007303756237,11881.793892536309,True,False,False,False
59,0.1,optk,dynamic,66,82296832,1828818.4888888889,472,33,33,472,1.8044436996068087e-05,0.0002580901291558829,4.6570910748604054e-09,True,True,True,True
59,0.1,optk,fixed,66,82296832,1828818.4888888889,369092281,147074257,147074257,369092281,80.42036861151594,201.82007303756237,16230.444666883834,True,False,False,False
59,0.5,k1,dynamic,66,411500544,9144456.533333333,472,33,33,472,3.6087437104335883e-06,5.1615970646201625e-05,1.8626880942740481e-10,True,True,True,True
59,0.5,k1,fixed,66,411500544,9144456.533333333,369092281,28926062,28926062,369092281,3.1632346760640004,40.36240750388899,127.67576702572745,True,False,False,False
59,0.5,optk,dynamic,66,411500544,9144456.533333333,472,33,33,472,3.6087437104335883e-06,5.1615970646201625e-05,1.8626880942740481e-10,True,True,True,True
59,0.5,optk,fixed,66,411500544,9144456.533333333,369092281,54574849,54574849,369092281,5.968080093230691,40.36240750388899,240.8860807388249,True,False,False,False
60,0.01,k1,dynamic,45,245760,5461.333333333333,60247,20290,20290,60247,3.7152099609375,11.03155517578125,40.984543673694134,True,False,False,False
60,0.01,k1,fixed,45,245760,5461.333333333333,550217,148969,148969,550217,27.27703857421875,100.74774169921875,2748.1000365950167,True,False,False,False
60,0.01,optk,dynamic,45,245760,5461.333333333333,60247,20290,20290,60247,3.7152099609375,11.03155517578125,40.984543673694134,True,False,False,False
60,0.01,optk,fixed,45,245760,5461.333333333333,550217,148969,148969,550217,27.27703857421875,100.74774169921875,2748.1000365950167,True,False,False,False
60,0.1,k1,dynamic,45,2441216,54249.24444444444,60247,2135,2135,60247,0.03935538682361577,1.1105592458840186,0.043706488712308575,True,True,False,True
60,0.1,k1,fixed,45,2441216,54249.24444444444,550217,21731,21731,550217,0.4005770075241192,10.142390103948197,4.062808276981809,True,True,False,False
60,0.1,optk,dynamic,45,2441216,54249.24444444444,60247,30,30,60247,0.0005530030935402685,1.1105592458840186,0.0006141426985336099,True,True,False,True
60,0.1,optk,fixed,45,2441216,54249.24444444444,550217,3452,3452,550217,0.06363222263003356,10.142390103948197,0.6453828250950809,True,True,False,True
60,0.5,k1,dynamic,45,12206080,271246.22222222225,60247,369,369,60247,0.0013603876101090603,0.22211184917680368,0.00030215820767853595,True,True,True,True
60,0.5,k1,fixed,45,12206080,271246.22222222225,550217,4576,4576,550217,0.016870281040268456,2.028478020789639,0.034220994294728725,True,True,False,True
60,0.5,optk,dynamic,45,12206080,271246.22222222225,60247,11,11,60247,4.0553560192953016e-05,0.22211184917680368,9.00742624515961e-06,True,True,True,True
60,0.5,optk,fixed,45,12206080,271246.22222222225,550217,11,11,550217,4.0553560192953016e-05,2.028478020789639,8.226200551617482e-05,True,True,False,True
61,0.01,k1,dynamic,57,1507328,33496.177777777775,2392909,2592191,2392909,2592191,71.43827023713486,77.3876654583475,5528.440958034415,True,False,False,False
61,0.01,k1,fixed,57,1507328,33496.177777777775,2392909,2594952,2392909,2594952,71.43827023713486,77.4700927734375,5534.329422844738,True,False,False,False
61,0.01,optk,dynamic,57,1507328,33496.177777777775,2392909,2592191,2392909,2592191,71.43827023713486,77.3876654583475,5528.440958034415,True,False,False,False
61,0.01,optk,fixed,57,1507328,33496.177777777775,2392909,2594952,2392909,2594952,71.43827023713486,77.4700927734375,5534.329422844738,True,False,False,False
61,0.1,k1,dynamic,57,15114240,335872.0,2392909,321710,321710,2392909,0.957835127667683,7.124467058879573,6.824064814906118,True,True,False,False
61,0.1,k1,fixed,57,15114240,335872.0,2392909,319670,319670,2392909,0.9517613852896342,7.124467058879573,6.780792637409588,True,True,False,False
61,0.1,optk,dynamic,57,15114240,335872.0,2392909,8401,8401,2392909,0.025012504763719513,7.124467058879573,0.17820076624918807,True,True,False,True
61,0.1,optk,fixed,57,15114240,335872.0,2392909,8109,8109,2392909,0.024143125952743903,7.124467058879573,0.17200690554870443,True,True,False,True
61,0.5,k1,dynamic,57,75571200,1679360.0,2392909,66076,66076,2392909,0.03934594131097561,1.4248934117759147,0.05606377255413094,True,True,False,True
61,0.5,k1,fixed,57,75571200,1679360.0,2392909,65788,65788,2392909,0.03917444740853659,1.4248934117759147,0.055819412022385835,True,True,False,True
61,0.5,optk,dynamic,57,75571200,1679360.0,2392909,2,2,2392909,1.1909298780487805e-06,1.4248934117759147,1.6969481371188008e-06,True,True,False,True
61,0.5,optk,fixed,57,75571200,1679360.0,2392909,2,2,2392909,1.1909298780487805e-06,1.4248934117759147,1.6969481371188008e-06,True,True,False,True
62,0.01,k1,dynamic,56,5177344,115052.08888888889,388,16,16,388,0.00013906744462025317,0.0033723855320411393,4.6898903821527414e-07,True,True,True,True
62,0.01,k1,fixed,56,5177344,115052.08888888889,38491857,7504065,7504065,38491857,65.2231964883925,334.56026197988774,21821.08970432229,True,False,False,False
62,0.01,optk,dynamic,56,5177344,115052.08888888889,388,16,16,388,0.00013906744462025317,0.0033723855320411393,4.6898903821527414e-07,True,True,True,True
62,0.01,optk,fixed,56,5177344,115052.08888888889,38491857,7504065,7504065,38491857,65.2231964883925,334.56026197988774,21821.08970432229,True,False,False,False
62,0.1,k1,dynamic,56,51781632,1150702.9333333333,388,16,16,388,1.390454437588989e-05,0.00033718520111532984,4.6884065918014615e-09,True,True,True,True
62,0.1,k1,fixed,56,51781632,1150702.9333333333,38491857,1366214,1366214,38491857,1.187286449372627,33.45073336043175,39.71560244041749,True,False,False,False
62,0.1,optk,dynamic,56,51781632,1150702.9333333333,388,16,16,388,1.390454437588989e-05,0.00033718520111532984,4.6884065918014615e-09,True,True,True,True
62,0.1,optk,fixed,56,51781632,1150702.9333333333,38491857,670336,670336,38491857,0.5825447911722829,33.45073336043175,19.48655048001243,True,True,False,False
62,0.5,k1,dynamic,56,258891776,5753150.577777778,388,16,16,388,2.7810848653608835e-06,6.744130798500143e-05,1.8756000093722957e-10,True,True,True,True
62,0.5,k1,fixed,56,258891776,5753150.577777778,38491857,287720,287720,38491857,0.050010858591352084,6.690570058895961,0.33460115311098015,True,True,False,True
62,0.5,optk,dynamic,56,258891776,5753150.577777778,388,16,16,388,2.7810848653608835e-06,6.744130798500143e-05,1.8756000093722957e-10,True,True,True,True
62,0.5,optk,fixed,56,258891776,5753150.577777778,38491857,109,109,38491857,1.8946140645271018e-05,6.690570058895961,0.0001267604813328821,True,True,False,True
63,0.01,k1,dynamic,51,3612672,80281.6,2340860,1562799,1562799,2340860,19.466465541294642,29.158113440688773,567.6054105423281,True,False,False,False
63,0.01,k1,fixed,51,3612672,80281.6,8901845,2945175,2945175,8901845,36.6855543486926,110.88275520169005,4067.7953422843766,True,False,False,False
63,0.01,optk,dynamic,51,3612672,80281.6,2340860,1562799,1562799,2340860,19.466465541294642,29.158113440688773,567.6054105423281,True,False,False,False
63,0.01,optk,fixed,51,3612672,80281.6,8901845,2945175,2945175,8901845,36.6855543486926,110.88275520169005,4067.7953422843766,True,False,False,False
63,0.1,k1,dynamic,51,36151296,803362.1333333333,2340860,178696,178696,2340860,0.22243517908735555,2.9138291473699867,0.6481381082251995,True,True,False,True
63,0.1,k1,fixed,51,36151296,803362.1333333333,8901845,381340,381340,8901845,0.4746800778594494,11.080737603431977,5.259805388337219,True,True,False,False
63,0.1,optk,dynamic,51,36151296,803362.1333333333,2340860,155,155,2340860,0.00019293914110299118,2.9138291473699867,0.0005621916930144263,True,True,False,True
63,0.1,optk,fixed,51,36151296,803362.1333333333,8901845,8200,8200,8901845,0.01020710294867437,11.080737603431977,0.11310222946547752,True,True,False,True
63,0.5,k1,dynamic,51,180772864,4017174.7555555557,2340860,37740,37740,2340860,0.009394662243111886,0.5827130116166107,0.005474391928804591,True,True,True,True
63,0.5,k1,fixed,51,180772864,4017174.7555555557,8901845,79162,79162,8901845,0.019705889043169663,2.2159466644285724,0.04366719909481138,True,True,False,True
63,0.5,optk,dynamic,51,180772864,4017174.7555555557,2340860,3,3,2340860,7.467935010422803e-07,0.5827130116166107,4.3516629004805974e-07,True,True,True,True
63,0.5,optk,fixed,51,180772864,4017174.7555555557,8901845,2,2,8901845,4.978623340281869e-07,2.2159466644285724,1.1032363784343847e-06,True,True,False,True
64,0.01,k1,dynamic,47,368640,8192.0,2200,96,96,2200,0.01171875,0.2685546875,0.003147125244140625,True,True,True,True
64,0.01,k1,fixed,47,368640,8192.0,1165794,244325,244325,1165794,29.8248291015625,142.308837890625,4244.336769729853,True,False,False,False
64,0.01,optk,dynamic,47,368640,8192.0,2200,96,96,2200,0.01171875,0.2685546875,0.003147125244140625,True,True,True,True
64,0.01,optk,fixed,47,368640,8192.0,1165794,244325,244325,1165794,29.8248291015625,142.308837890625,4244.336769729853,True,False,False,False
64,0.1,k1,dynamic,47,3686400,81920.0,2200,14,14,2200,0.0001708984375,0.02685546875,4.589557647705078e-06,True,True,True,True
64,0.1,k1,fixed,47,3686400,81920.0,1165794,38209,38209,1165794,0.46641845703125,14.2308837890625,6.6375468590855595,True,True,False,False
64,0.1,optk,dynamic,47,3686400,81920.0,2200,5,5,2200,6.103515625e-05,0.02685546875,1.6391277313232422e-06,True,True,True,True
64,0.1,optk,fixed,47,3686400,81920.0,1165794,13745,13745,1165794,0.16778564453125,14.2308837890625,2.387738008797169,True,True,False,False
64,0.5,k1,dynamic,47,18440192,409782.0444444445,2200,6,6,2200,1.4641929975566415e-05,0.0053687076577076855,7.860824158344311e-08,True,True,True,True
64,0.5,k1,fixed,47,18440192,409782.0444444445,1165794,7535,7535,1165794,0.01838782372764882,2.8449123523225786,0.052311746855118336,True,True,False,True
64,0.5,optk,dynamic,47,18440192,409782.0444444445,2200,5,5,2200,1.2201608312972012e-05,0.0053687076577076855,6.550686798620259e-08,True,True,True,True
64,0.5,optk,fixed,47,18440192,409782.0444444445,1165794,4,4,1165794,9.761286650377609e-06,2.8449123523225786,2.777000496622075e-05,True,True,False,True
65,0.01,k1,dynamic,61,8019968,178221.51111111112,3666,45,45,3666,0.000252494773046476,0.02056990751085291,5.193794128539807e-06,True,True,True,True
65,0.01,k1,fixed,61,8019968,178221.51111111112,182329246,36562042,36562042,182329246,205.14943326457163,1023.0484797445575,209877.81582177756,True,False,False,False
65,0.01,optk,dynamic,61,8019968,178221.51111111112,3666,45,45,3666,0.000252494773046476,0.02056990751085291,5.193794128539807e-06,True,True,True,True
65,0.01,optk,fixed,61,8019968,178221.51111111112,182329246,36562042,36562042,182329246,205.14943326457163,1023.0484797445575,209877.81582177756,True,False,False,False
65,0.1,k1,dynamic,61,80216064,1782579.2,3666,41,41,3666,2.3000380572150735e-05,0.002056570614085478,4.730190679746774e-08,True,True,True,True
65,0.1,k1,fixed,61,80216064,1782579.2,182329246,10944410,10944410,182329246,6.139648661893957,102.28395237642177,627.9875313411231,True,False,False,False
65,0.1,optk,dynamic,61,80216064,1782579.2,3666,41,41,3666,2.3000380572150735e-05,0.002056570614085478,4.730190679746774e-08,True,True,True,True
65,0.1,optk,fixed,61,80216064,1782579.2,182329246,10944410,10944410,182329246,6.139648661893957,102.28395237642177,627.9875313411231,True,False,False,False
65,0.5,k1,dynamic,61,401096704,8913260.08888889,3666,41,41,3666,4.59988821049998e-06,0.000411297321455925,1.8919216999753297e-09,True,True,True,True
65,0.5,k1,fixed,61,401096704,8913260.08888889,182329246,2487275,2487275,182329246,0.279053340213935,20.455954856213427,5.708302529891823,True,True,False,False
65,0.5,optk,dynamic,61,401096704,8913260.08888889,3666,41,41,3666,4.59988821049998e-06,0.000411297321455925,1.8919216999753297e-09,True,True,True,True
65,0.5,optk,fixed,61,401096704,8913260.08888889,182329246,76324,76324,182329246,0.008562972384834156,20.455954856213427,0.17516377653916976,True,True,False,True
66,0.01,k1,dynamic,50,4554752,101216.71111111112,157455,84140,84140,157455,0.8312856550696942,1.5556225673757869,1.2931667249621805,True,True,False,False
66,0.01,k1,fixed,50,4554752,101216.71111111112,16527892,4672245,4672245,16527892,46.160806340279336,163.29212655266412,7537.696230689914,True,False,False,False
66,0.01,optk,dynamic,50,4554752,101216.71111111112,157455,84140,84140,157455,0.8312856550696942,1.5556225673757869,1.2931667249621805,True,True,False,False
66,0.01,optk,fixed,50,4554752,101216.71111111112,16527892,4672245,4672245,16527892,46.160806340279336,163.29212655266412,7537.696230689914,True,False,False,False
66,0.1,k1,dynamic,50,45506560,1011256.8888888889,157455,9037,9037,157455,0.00893640389429568,0.15570227677064583,0.001391418432483903,True,True,True,True
66,0.1,k1,fixed,50,45506560,1011256.8888888889,16527892,651140,651140,16527892,0.6438917817563007,16.34391041643227,10.523709598901934,True,True,False,False
66,0.1,optk,dynamic,50,45506560,1011256.8888888889,157455,8,8,157455,7.910947344734474e-06,0.15570227677064583,1.2317525129878527e-06,True,True,True,True
66,0.1,optk,fixed,50,45506560,1011256.8888888889,16527892,84847,84847,16527892,0.08390251866983574,16.34391041643227,1.3712952488528312,True,True,False,False
66,0.5,k1,dynamic,50,227540992,5056466.488888889,157455,1693,1693,157455,0.00033481879168391777,0.031139334225984215,1.0426034259385701e-05,True,True,True,True
66,0.5,k1,fixed,50,227540992,5056466.488888889,16527892,133483,133483,16527892,0.026398474170315652,3.2686643995996993,0.08628775272426299,True,True,False,True
66,0.5,optk,dynamic,50,227540992,5056466.488888889,157455,8,8,157455,1.5821325064804149e-06,0.031139334225984215,4.9266552909087775e-08,True,True,True,True
66,0.5,optk,fixed,50,227540992,5056466.488888889,16527892,5,5,16527892,9.888328165502593e-07,3.2686643995996993,3.232162624613733e-06,True,True,False,True
67,0.01,k1,dynamic,51,1753088,38957.51111111111,73545,20488,20488,73545,0.5259062865070093,1.8878259391428154,0.9928195292262055,True,True,False,True
67,0.01,k1,fixed,51,1753088,38957.51111111111,9717134,2251401,2251401,9717134,57.7911918854045,249.42902466961158,14414.800626470815,True,False,False,False
67,0.01,optk,dynamic,51,1753088,38957.51111111111,73545,20488,20488,73545,0.5259062865070093,1.8878259391428154,0.9928195292262055,True,True,False,True
67,0.01,optk,fixed,51,1753088,38957.51111111111,9717134,2251401,2251401,9717134,57.7911918854045,249.42902466961158,14414.800626470815,True,False,False,False
67,0.1,k1,dynamic,51,17547264,389939.2,73545,1517,1517,73545,0.0038903500853466385,0.18860632631959032,0.0007337446376943342,True,True,True,True
67,0.1,k1,fixed,51,17547264,389939.2,9717134,380869,380869,9717134,0.9767394506630777,24.919613108915442,24.339969218738496,True,True,False,False
67,0.1,optk,dynamic,51,17547264,389939.2,73545,31,31,73545,7.949957326680672e-05,0.18860632631959032,1.4994122457827528e-05,True,True,True,True
67,0.1,optk,fixed,51,17547264,389939.2,9717134,163066,163066,9717134,0.41818314239758403,24.919613108915442,10.420962117218286,True,True,False,False
67,0.5,k1,dynamic,51,87728128,1949513.9555555556,73545,78,78,73545,4.000997262816323e-05,0.03772478765305467,1.5093677214019875e-06,True,True,True,True
67,0.5,k1,fixed,51,87728128,1949513.9555555556,9717134,79864,79864,9717134,0.040966108384302924,4.984388017489669,0.20419097975390257,True,True,False,True
67,0.5,optk,dynamic,51,87728128,1949513.9555555556,73545,14,14,73545,7.1812771383882715e-06,0.03772478765305467,2.7091215512343363e-07,True,True,True,True
67,0.5,optk,fixed,51,87728128,1949513.9555555556,9717134,6,6,9717134,3.0776902021664018e-06,4.984388017489669,1.5340402165223573e-05,True,True,False,True
68,0.01,k1,dynamic,53,3694592,82102.04444444444,7652943,2417589,2417589,7652943,29.446148586907565,93.2125752992482,2744.7513424299723,True,False,False,False
68,0.01,k1,fixed,53,3694592,82102.04444444444,7065695,2965108,2965108,7065695,36.11491065860588,86.05991541149875,3108.046156373456,True,False,False,False
68,0.01,optk,dynamic,53,3694592,82102.04444444444,7652943,2417589,2417589,7652943,29.446148586907565,93.2125752992482,2744.7513424299723,True,False,False,False
68,0.01,optk,fixed,53,3694592,82102.04444444444,7065695,2965108,2965108,7065695,36.11491065860588,86.05991541149875,3108.046156373456,True,False,False,False
68,0.1,k1,dynamic,53,36954112,821202.4888888889,7652943,299087,299087,7652943,0.3642061538374945,9.31919119041475,3.394106780337218,True,True,False,False
68,0.1,k1,fixed,53,36954112,821202.4888888889,7065695,371805,371805,7065695,0.4527567865789875,8.60408376204521,3.8955573155600343,True,True,False,False
68,0.1,optk,dynamic,53,36954112,821202.4888888889,7652943,3118,3118,7652943,0.003796871103275327,9.31919119041475,0.03538376773678376,True,True,False,True
68,0.1,optk,fixed,53,36954112,821202.4888888889,7065695,4293,4293,7065695,0.0052276996941504105,8.60408376204521,0.04497956605128825,True,True,False,True
68,0.5,k1,dynamic,53,184762368,4105830.4,7652943,60268,60268,7652943,0.014678638455207503,1.863920877004564,0.027359820662663285,True,True,False,True
68,0.5,k1,fixed,53,184762368,4105830.4,7065695,77556,77556,7065695,0.0188892361457502,1.7208930500392807,0.03250635520377229,True,True,False,True
68,0.5,optk,dynamic,53,184762368,4105830.4,7652943,2,2,7652943,4.871121807661612e-07,1.863920877004564,9.079385631732689e-07,True,True,False,True
68,0.5,optk,fixed,53,184762368,4105830.4,7065695,2,2,7065695,4.871121807661612e-07,1.7208930500392807,8.382679664699646e-07,True,True,False,True
69,0.01,k1,dynamic,52,4235264,94116.97777777778,148377,106204,106204,148377,1.1284255243592842,1.576516835786388,1.7789818370834942,True,False,False,False
69,0.01,k1,fixed,52,4235264,94116.97777777778,16199266,3972760,3972760,16199266,42.2108751662234,172.1184252032459,7265.269360061172,True,False,False,False
69,0.01,optk,dynamic,52,4235264,94116.97777777778,148377,106204,106204,148377,1.1284255243592842,1.576516835786388,1.7789818370834942,True,False,False,False
69,0.01,optk,fixed,52,4235264,94116.97777777778,16199266,3972760,3972760,16199266,42.2108751662234,172.1184252032459,7265.269360061172,True,False,False,False
69,0.1,k1,dynamic,52,42344448,940987.7333333333,148377,10742,10742,148377,0.011415664221198493,0.15768218303377105,0.001800046855179092,True,True,True,True
69,0.1,k1,fixed,52,42344448,940987.7333333333,16199266,553363,553363,16199266,0.5880661143581326,17.215172340893428,10.123659506514796,True,True,False,False
69,0.1,optk,dynamic,52,42344448,940987.7333333333,148377,47,47,148377,4.994751614190366e-05,0.15768218303377105,7.875833382369887e-06,True,True,True,True
69,0.1,optk,fixed,52,42344448,940987.7333333333,16199266,38437,38437,16199266,0.04084750378609257,17.215172340893428,0.7031968173728804,True,True,False,True
69,0.5,k1,dynamic,52,211722240,4704938.666666667,148377,1832,1832,148377,0.00038937808328496807,0.0315364366067542,1.2279597239575854e-05,True,True,True,True
69,0.5,k1,fixed,52,211722240,4704938.666666667,16199266,112363,112363,16199266,0.023881926622352,3.443034468178685,0.0822262965272721,True,True,False,True
69,0.5,optk,dynamic,52,211722240,4704938.666666667,148377,47,47,148377,9.989503228380731e-06,0.0315364366067542,3.1503333529479543e-07,True,True,True,True
69,0.5,optk,fixed,52,211722240,4704938.666666667,16199266,29,29,16199266,6.163736034532791e-06,3.443034468178685,2.122195561965141e-05,True,True,False,True
70,0.01,k1,dynamic,44,155648,3458.8444444444444,5271,427,427,5271,0.12345163445723684,1.5239193564967106,0.18813033534053952,True,True,False,True
70,0.01,k1,fixed,44,155648,3458.8444444444444,626141,126789,126789,626141,36.656462016858555,181.0260652240954,6635.7750839484115,True,False,False,False
70,0.01,optk,dynamic,44,155648,3458.8444444444444,5271,427,427,5271,0.12345163445723684,1.5239193564967106,0.18813033534053952,True,True,False,True
70,0.01,optk,fixed,44,155648,3458.8444444444444,626141,126789,126789,626141,36.656462016858555,181.0260652240954,6635.7750839484115,True,False,False,False
70,0.1,k1,dynamic,44,1531904,34042.311111111114,5271,95,95,5271,0.0027906448445855613,0.15483672606116308,0.0004320943113350916,True,True,True,True
70,0.1,k1,fixed,44,1531904,34042.311111111114,626141,23924,23924,626141,0.7027724974933155,18.39302266982787,12.926110478126104,True,True,False,False
70,0.1,optk,dynamic,44,1531904,34042.311111111114,5271,4,4,5271,0.00011750083556149732,0.15483672606116308,1.8193444687793333e-05,True,True,True,True
70,0.1,optk,fixed,44,1531904,34042.311111111114,626141,12368,12368,626141,0.3633125835561497,18.39302266982787,6.682416585581995,True,True,False,False
70,0.5,k1,dynamic,44,7659520,170211.55555555556,5271,6,6,5271,3.5250250668449196e-05,0.03096734521223262,1.0916066812675998e-06,True,True,True,True
70,0.5,k1,fixed,44,7659520,170211.55555555556,626141,4978,4978,626141,0.029245957971256682,3.678604533965575,0.10758431359323146,True,True,False,True
70,0.5,optk,dynamic,44,7659520,170211.55555555556,5271,4,4,5271,2.3500167112299464e-05,0.03096734521223262,7.277377875117333e-07,True,True,True,True
70,0.5,optk,fixed,44,7659520,170211.55555555556,626141,6,6,626141,3.5250250668449196e-05,3.678604533965575,0.00012967173193238025,True,True,False,True
71,0.01,k1,dynamic,56,5595136,124336.35555555555,290,67,67,290,0.0005388608963213763,0.002332382984077599,1.2568299853647813e-06,True,True,True,True
71,0.01,k1,fixed,56,5595136,124336.35555555555,73962706,9858386,9858386,73962706,79.28804054092699,594.85985148529,47165.27202073548,True,False,False,False
71,0.01,optk,dynamic,56,5595136,124336.35555555555,290,67,67,290,0.0005388608963213763,0.002332382984077599,1.2568299853647813e-06,True,True,True,True
71,0.01,optk,fixed,56,5595136,124336.35555555555,73962706,9858386,9858386,73962706,79.28804054092699,594.85985148529,47165.27202073548,True,False,False,False
71,0.1,k1,dynamic,56,55967744,1243727.6444444444,290,67,67,290,5.3870315015734775e-05,0.0002331700202173595,1.2560942441334403e-08,True,True,True,True
71,0.1,k1,fixed,56,55967744,1243727.6444444444,73962706,2205534,2205534,73962706,1.7733255426554266,59.4685712184504,105.45713632690145,True,False,False,False
71,0.1,optk,dynamic,56,55967744,1243727.6444444444,290,67,67,290,5.3870315015734775e-05,0.0002331700202173595,1.2560942441334403e-08,True,True,True,True
71,0.1,optk,fixed,56,55967744,1243727.6444444444,73962706,2205534,2205534,73962706,1.7733255426554266,59.4685712184504,105.45713632690145,True,False,False,False
71,0.5,k1,dynamic,56,279855104,6219002.311111111,290,67,67,290,1.0773432240135238e-05,4.6631273875212224e-05,5.023788693657874e-10,True,True,True,True
71,0.5,k1,fixed,56,279855104,6219002.311111111,73962706,482163,482163,73962706,0.07753060312239293,11.893017931164836,0.9220728531486435,True,True,False,True
71,0.5,optk,dynamic,56,279855104,6219002.311111111,290,67,67,290,1.0773432240135238e-05,4.6631273875212224e-05,5.023788693657874e-10,True,True,True,True
71,0.5,optk,fixed,56,279855104,6219002.311111111,73962706,964,964,73962706,0.0001550087862610503,11.893017931164836,0.0018435222744907684,True,True,False,True
72,0.01,k1,dynamic,49,114688,2548.6222222222223,169160,55973,55973,169160,21.962062290736608,66.37311662946428,1457.6905218466204,True,False,False,False
72,0.01,k1,fixed,49,114688,2548.6222222222223,187757,56792,56792,187757,22.283412388392858,73.67000034877232,1641.6189984247392,True,False,False,False
72,0.01,optk,dynamic,49,114688,2548.6222222222223,169160,55973,55973,169160,21.962062290736608,66.37311662946428,1457.6905218466204,True,False,False,False
72,0.01,optk,fixed,49,114688,2548.6222222222223,187757,56792,56792,187757,22.283412388392858,73.67000034877232,1641.6189984247392,True,False,False,False
72,0.1,k1,dynamic,49,1138688,25304.17777777778,169160,7595,7595,169160,0.30014806514163667,6.6850621065647475,2.006508456637083,True,True,False,False
72,0.1,k1,fixed,49,1138688,25304.17777777778,187757,7416,7416,187757,0.293074134442446,7.420000035128147,2.174610087858101,True,True,False,False
72,0.1,optk,dynamic,49,1138688,25304.17777777778,169160,238,238,169160,0.009405561488309353,6.6850621065647475,0.06287676269646159,True,True,False,True
72,0.1,optk,fixed,49,1138688,25304.17777777778,187757,283,283,187757,0.01118392395458633,7.420000035128147,0.08298471613590111,True,True,False,True
72,0.5,k1,dynamic,49,5685248,126338.84444444445,169160,1625,1625,169160,0.012862235737121757,1.3389389521793948,0.01722174844054617,True,True,False,True
72,0.5,k1,fixed,49,5685248,126338.84444444445,187757,1572,1572,187757,0.012442728971541786,1.4861383355660123,0.01849161652366611,True,True,False,True
72,0.5,optk,dynamic,49,5685248,126338.84444444445,169160,5,5,169160,3.9576109960374636e-05,1.3389389521793948,5.298999520168053e-05,True,True,False,True
72,0.5,optk,fixed,49,5685248,126338.84444444445,187757,4,4,187757,3.166088796829971e-05,1.4861383355660123,4.705245934775091e-05,True,True,False,True
73,0.01,k1,dynamic,56,57344,1274.3111111111111,1157,1,1,1157,0.0007847377232142857,0.9079415457589286,0.0007124959814305208,True,True,True,True
73,0.01,k1,fixed,56,57344,1274.3111111111111,291019,59762,59762,291019,46.89749581473214,228.37358747209822,10710.149362668091,True,False,False,False
73,0.01,optk,dynamic,56,57344,1274.3111111111111,1157,1,1,1157,0.0007847377232142857,0.9079415457589286,0.0007124959814305208,True,True,True,True
73,0.01,optk,fixed,56,57344,1274.3111111111111,291019,59762,59762,291019,46.89749581473214,228.37358747209822,10710.149362668091,True,False,False,False
73,0.1,k1,dynamic,56,598016,13289.244444444445,1157,1,1,1157,7.52488227739726e-05,0.0870628879494863,6.551379825501129e-06,True,True,True,True
73,0.1,k1,fixed,56,598016,13289.244444444445,291019,13301,13301,291019,1.0008845917166096,21.898837154858732,21.9182086848093,True,False,False,False
73,0.1,optk,dynamic,56,598016,13289.244444444445,1157,1,1,1157,7.52488227739726e-05,0.0870628879494863,6.551379825501129e-06,True,True,True,True
73,0.1,optk,fixed,56,598016,13289.244444444445,291019,13301,13301,291019,1.0008845917166096,21.898837154858732,21.9182086848093,True,False,False,False
73,0.5,k1,dynamic,56,3006464,66810.3111111111,1157,1,1,1157,1.4967749489100818e-05,0.017317686158889647,2.5920678815712885e-07,True,True,True,True
73,0.5,k1,fixed,56,3006464,66810.3111111111,291019,2828,2828,291019,0.042328795555177115,4.355899488568631,0.18437997891052213,True,True,False,True
73,0.5,optk,dynamic,56,3006464,66810.3111111111,1157,1,1,1157,1.4967749489100818e-05,0.017317686158889647,2.5920678815712885e-07,True,True,True,True
73,0.5,optk,fixed,56,3006464,66810.3111111111,291019,2828,2828,291019,0.042328795555177115,4.355899488568631,0.18437997891052213,True,True,False,True
74,0.01,k1,dynamic,48,2080768,46239.28888888889,105148,55711,55711,105148,1.2048411932517225,2.273996908833661,2.7398051490898765,True,False,False,False
74,0.01,k1,fixed,48,2080768,46239.28888888889,4952403,1524485,1524485,4952403,32.96947329063115,107.1037881205401,3531.1554817655647,True,False,False,False
74,0.01,optk,dynamic,48,2080768,46239.28888888889,105148,55711,55711,105148,1.2048411932517225,2.273996908833661,2.7398051490898765,True,False,False,False
74,0.01,optk,fixed,48,2080768,46239.28888888889,4952403,1524485,1524485,4952403,32.96947329063115,107.1037881205401,3531.1554817655647,True,False,False,False
74,0.1,k1,dynamic,48,20824064,462756.97777777776,105148,6048,6048,105148,0.013069494984264358,0.22722077688581827,0.0029696608038298528,True,True,True,True
74,0.1,k1,fixed,48,20824064,462756.97777777776,4952403,203249,203249,4952403,0.4392132582765785,10.701952078134221,4.700439242157131,True,True,False,False
74,0.1,optk,dynamic,48,20824064,462756.97777777776,105148,18,18,105148,3.8897306500786784e-05,0.22722077688581827,8.838276201874562e-06,True,True,True,True
74,0.1,optk,fixed,48,20824064,462756.97777777776,4952403,6763,6763,4952403,0.014614582436934502,10.701952078134221,0.15640456088201507,True,True,False,True
74,0.5,k1,dynamic,48,104120320,2313784.888888889,105148,1230,1230,105148,0.0005315965221774193,0.04544415537716365,2.4157954951790464e-05,True,True,True,True
74,0.5,k1,fixed,48,104120320,2313784.888888889,4952403,41699,41699,4952403,0.01802198648640342,2.140390415626844,0.038574087146054384,True,True,False,True
74,0.5,optk,dynamic,48,104120320,2313784.888888889,105148,18,18,105148,7.779461300157355e-06,0.04544415537716365,3.5353104807498243e-07,True,True,True,True
74,0.5,optk,fixed,48,104120320,2313784.888888889,4952403,11,11,4952403,4.7541152389850506e-06,2.140390415626844,1.0175662692309126e-05,True,True,False,True
75,0.01,k1,dynamic,57,4276224,95027.2,916874,281355,281355,916874,2.9607838597790948,9.648542733028018,28.56724959433823,True,False,False,False
75,0.01,k1,fixed,57,4276224,95027.2,15744494,4552116,4552116,15744494,47.90329505657328,165.6840778219289,7936.8132660801075,True,False,False,False
75,0.01,optk,dynamic,57,4276224,95027.2,916874,281355,281355,916874,2.9607838597790948,9.648542733028018,28.56724959433823,True,False,False,False
75,0.01,optk,fixed,57,4276224,95027.2,15744494,4552116,4552116,15744494,47.90329505657328,165.6840778219289,7936.8132660801075,True,False,False,False
75,0.1,k1,dynamic,57,42737664,949725.8666666667,916874,28330,28330,916874,0.02982966032022714,0.9654091061224123,0.028797825705685672,True,True,True,True
75,0.1,k1,fixed,57,42737664,949725.8666666667,15744494,629794,629794,15744494,0.6631324070496694,16.577935331233828,10.993366160114844,True,True,False,False
75,0.1,optk,dynamic,57,42737664,949725.8666666667,916874,21,21,916874,2.2111643724841863e-05,0.9654091061224123,2.134678220329683e-05,True,True,True,True
75,0.1,optk,fixed,57,42737664,949725.8666666667,15744494,41137,41137,15744494,0.043314604186134274,16.577935331233828,0.7180667070957238,True,True,False,True
75,0.5,k1,dynamic,57,213671936,4748265.244444445,916874,5648,5648,916874,0.0011894870461603342,0.19309662640956274,0.00022968593577143637,True,True,True,True
75,0.5,k1,fixed,57,213671936,4748265.244444445,15744494,129832,129832,15744494,0.02734303862908791,3.3158412998139353,0.09066517674873749,True,True,False,True
75,0.5,optk,dynamic,57,213671936,4748265.244444445,916874,21,21,916874,4.422667841601809e-06,0.19309662640956274,8.540022399433717e-07,True,True,True,True
75,0.5,optk,fixed,57,213671936,4748265.244444445,15744494,13,13,15744494,2.7378419971820723e-06,3.3158412998139353,9.078249566621384e-06,True,True,False,True
76,0.01,k1,dynamic,54,1761280,39139.555555555555,2867087,3393469,2867087,3393469,73.25292684865552,86.70177654887355,6351.158895183112,True,False,False,False
76,0.01,k1,fixed,54,1761280,39139.555555555555,2867087,3385391,2867087,3385391,73.25292684865552,86.4953868777253,6336.04024770017,True,False,False,False
76,0.01,optk,dynamic,54,1761280,39139.555555555555,2867087,3393469,2867087,3393469,73.25292684865552,86.70177654887355,6351.158895183112,True,False,False,False
76,0.01,optk,fixed,54,1761280,39139.555555555555,2867087,3385391,2867087,3385391,73.25292684865552,86.4953868777253,6336.04024770017,True,False,False,False
76,0.1,k1,dynamic,54,17596416,391031.4666666667,2867087,421761,421761,2867087,1.0785858324786137,7.332113255335631,7.908313479333662,True,False,False,False
76,0.1,k1,fixed,54,17596416,391031.4666666667,2867087,423139,423139,2867087,1.0821098455503666,7.332113255335631,7.934151942289037,True,False,False,False
76,0.1,optk,dynamic,54,17596416,391031.4666666667,2867087,9636,9636,2867087,0.02464251811277933,7.332113255335631,0.18068173369955773,True,True,False,True
76,0.1,optk,fixed,54,17596416,391031.4666666667,2867087,10602,10602,2867087,0.027112907537534914,7.332113255335631,0.19879490874664915,True,True,False,True
76,0.5,k1,dynamic,54,87973888,1954975.288888889,2867087,88206,88206,2867087,0.045118728866456376,1.4665592022032718,0.066169287010816,True,True,False,True
76,0.5,k1,fixed,54,87973888,1954975.288888889,2867087,82709,82709,2867087,0.04230692861954675,1.4665592022032718,0.062045615483953244,True,True,False,True
76,0.5,optk,dynamic,54,87973888,1954975.288888889,2867087,7,7,2867087,3.5806079185678367e-06,1.4665592022032718,5.2511734924575644e-06,True,True,False,True
76,0.5,optk,fixed,54,87973888,1954975.288888889,2867087,7,7,2867087,3.5806079185678367e-06,1.4665592022032718,5.2511734924575644e-06,True,True,False,True
77,0.01,k1,dynamic,53,262144,5825.422222222222,49353,7024,7024,49353,1.20574951171875,8.472003936767578,10.215114610036835,True,False,False,False
77,0.01,k1,fixed,53,262144,5825.422222222222,620109,146375,146375,620109,25.126934051513672,106.44876480102539,2674.731093020455,True,False,False,False
77,0.01,optk,dynamic,53,262144,5825.422222222222,49353,7024,7024,49353,1.20574951171875,8.472003936767578,10.215114610036835,True,False,False,False
77,0.01,optk,fixed,53,262144,5825.422222222222,620109,146375,146375,620109,25.126934051513672,106.44876480102539,2674.731093020455,True,False,False,False
77,0.1,k1,dynamic,53,2588672,57526.044444444444,49353,598,598,49353,0.010395291485363924,0.8579244492929193,0.008918374722820217,True,True,True,True
77,0.1,k1,fixed,53,2588672,57526.044444444444,620109,22178,22178,620109,0.38552972334849683,10.779621752002571,4.15586459185099,True,True,False,False
77,0.1,optk,dynamic,53,2588672,57526.044444444444,49353,42,42,49353,0.0007301040842563291,0.8579244492929193,0.0006263741444121223,True,True,True,True
77,0.1,optk,fixed,53,2588672,57526.044444444444,620109,7615,7615,620109,0.13237482384790347,10.779621752002571,1.426950530568369,True,True,False,False
77,0.5,k1,dynamic,53,12951552,287812.26666666666,49353,159,159,49353,0.0005524434446157495,0.17147636051648482,9.473099127389898e-05,True,True,True,True
77,0.5,k1,fixed,53,12951552,287812.26666666666,620109,4903,4903,620109,0.017035410119188805,2.1545607043850805,0.036703825225888165,True,True,False,True
77,0.5,optk,dynamic,53,12951552,287812.26666666666,49353,6,6,49353,2.084692243833017e-05,0.17147636051648482,3.5747543876943013e-06,True,True,True,True
77,0.5,optk,fixed,53,12951552,287812.26666666666,620109,3,3,620109,1.0423461219165085e-05,2.1545607043850805,2.2457979946494897e-05,True,True,False,True
78,0.01,k1,dynamic,42,57344,1274.3111111111111,41753,22288,22288,41753,17.490234375,32.76515415736607,573.0702255453382,True,False,False,False
78,0.01,k1,fixed,42,57344,1274.3111111111111,41753,21878,21878,41753,17.168491908482142,32.76515415736607,562.5282840309094,True,False,False,False
78,0.01,optk,dynamic,42,57344,1274.3111111111111,41753,22288,22288,41753,17.490234375,32.76515415736607,573.0702255453382,True,False,False,False
78,0.01,optk,fixed,42,57344,1274.3111111111111,41753,21878,21878,41753,17.168491908482142,32.76515415736607,562.5282840309094,True,False,False,False
78,0.1,k1,dynamic,42,589824,13107.2,41753,2511,2511,41753,0.1915740966796875,3.1855010986328125,0.6102594954427331,True,True,False,True
78,0.1,k1,fixed,42,589824,13107.2,41753,2593,2593,41753,0.1978302001953125,3.1855010986328125,0.6301883200649171,True,True,False,True
78,0.1,optk,dynamic,42,589824,13107.2,41753,46,46,41753,0.003509521484375,3.1855010986328125,0.01117958454415202,True,True,False,True
78,0.1,optk,fixed,42,589824,13107.2,41753,26,26,41753,0.001983642578125,3.1855010986328125,0.006318895611912011,True,True,False,True
78,0.5,k1,dynamic,42,2965504,65900.08888888889,41753,547,547,41753,0.008300444039191989,0.6335803290098412,0.005258998065279036,True,True,True,True
78,0.5,k1,fixed,42,2965504,65900.08888888889,41753,521,521,41753,0.007905907393819061,0.6335803290098412,0.005009027407697216,True,True,True,True
78,0.5,optk,dynamic,42,2965504,65900.08888888889,41753,1,1,41753,1.5174486360497238e-05,0.6335803290098412,9.614256060839187e-06,True,True,True,True
78,0.5,optk,fixed,42,2965504,65900.08888888889,41753,1,1,41753,1.5174486360497238e-05,0.6335803290098412,9.614256060839187e-06,True,True,True,True
79,0.01,k1,dynamic,57,2809856,62441.24444444444,5806462,986909,986909,5806462,15.805402483258929,92.99081162878099,1469.7572050377983,True,False,False,False
79,0.01,k1,fixed,57,2809856,62441.24444444444,5318051,1569763,1569763,5318051,25.139841685837283,85.16888231994807,2141.1322180832008,True,False,False,False
79,0.01,optk,dynamic,57,2809856,62441.24444444444,5806462,986909,986909,5806462,15.805402483258929,92.99081162878099,1469.7572050377983,True,False,False,False
79,0.01,optk,fixed,57,2809856,62441.24444444444,5318051,1569763,1569763,5318051,25.139841685837283,85.16888231994807,2141.1322180832008,True,False,False,False
79,0.1,k1,dynamic,57,28082176,624048.3555555556,5806462,121816,121816,5806462,0.19520282188958576,9.304506531117816,1.8162659311642786,True,True,False,False
79,0.1,k1,fixed,57,28082176,624048.3555555556,5318051,199625,199625,5318051,0.3198870700048315,8.521857244965632,2.7260319450915023,True,True,False,False
79,0.1,optk,dynamic,57,28082176,624048.3555555556,5806462,3204,3204,5806462,0.005134217519326138,9.304506531117816,0.04777136044074956,True,True,False,True
79,0.1,optk,fixed,57,28082176,624048.3555555556,5318051,5671,5671,5318051,0.009087436814013273,8.521857244965632,0.07744183925166642,True,True,False,True
79,0.5,k1,dynamic,57,140402688,3120059.7333333334,5806462,24420,24420,5806462,0.007826773231008227,1.861009883229586,0.014565702336703068,True,True,False,True
79,0.5,k1,fixed,57,140402688,3120059.7333333334,5318051,39619,39619,5318051,0.012698154325934272,1.704470893035894,0.02164363444383279,True,True,False,True
79,0.5,optk,dynamic,57,140402688,3120059.7333333334,5806462,1,1,5806462,3.205066843164712e-07,1.861009883229586,5.964661071540979e-07,True,True,False,True
79,0.5,optk,fixed,57,140402688,3120059.7333333334,5318051,1,1,5318051,3.205066843164712e-07,1.704470893035894,5.46294314440869e-07,True,True,False,True
80,0.01,k1,dynamic,53,114688,2548.6222222222223,136,2,2,136,0.0007847377232142857,0.053362165178571425,4.187530400801678e-05,True,True,True,True
80,0.01,k1,fixed,53,114688,2548.6222222222223,870757,91633,91633,870757,35.95393589564732,341.65793282645086,12283.947415081593,True,False,False,False
80,0.01,optk,dynamic,53,114688,2548.6222222222223,136,2,2,136,0.0007847377232142857,0.053362165178571425,4.187530400801678e-05,True,True,True,True
80,0.01,optk,fixed,53,114688,2548.6222222222223,870757,91633,91633,870757,35.95393589564732,341.65793282645086,12283.947415081593,True,False,False,False
80,0.1,k1,dynamic,53,1155072,25668.266666666666,136,2,2,136,7.791722074468086e-05,0.005298371010638298,4.12834343623122e-07,True,True,True,True
80,0.1,k1,fixed,53,1155072,25668.266666666666,870757,22897,22897,870757,0.8920353016954787,33.923482691988035,30.260944117708895,True,True,False,False
80,0.1,optk,dynamic,53,1155072,25668.266666666666,136,2,2,136,7.791722074468086e-05,0.005298371010638298,4.12834343623122e-07,True,True,True,True
80,0.1,optk,fixed,53,1155072,25668.266666666666,870757,22897,22897,870757,0.8920353016954787,33.923482691988035,30.260944117708895,True,True,False,False
80,0.5,k1,dynamic,53,5791744,128705.42222222222,136,2,2,136,1.553936085572843e-05,0.0010566765381895332,1.6420078034709063e-08,True,True,True,True
80,0.5,k1,fixed,53,5791744,128705.42222222222,870757,5046,5046,870757,0.03920580743900283,6.76550362032576,0.2652470321663683,True,True,False,True
80,0.5,optk,dynamic,53,5791744,128705.42222222222,136,2,2,136,1.553936085572843e-05,0.0010566765381895332,1.6420078034709063e-08,True,True,True,True
80,0.5,optk,fixed,53,5791744,128705.42222222222,870757,83,83,870757,0.0006448834755127298,6.76550362032576,0.004362961488269633,True,True,False,True
